stream_id,count,MAE,RMSE,R2
humid-1,10,18.341381581472906,28.96644357051855,-1.68650532916446
temp-1,18,3.469584955601181,8.125958029201307,-1.9890796479971944
