stream_id,count,MAE,RMSE,R2
humid-1,127,8.041147071947478,20.387314832060103,-0.32562329693292824
temp-1,252,3.194876383727634,8.38318071810505,-2.9973699650939527
