stream_id,count,MAE,RMSE,R2
humid-1,1,0.0,0.0,
temp-1,1,3.552713678800501e-15,3.552713678800501e-15,
