# Logger: PatternLogger | Started: Sun Apr 26 10:07:06 EDT 2026
fired_at,fired_offset_sec,pattern_name,pattern_type,subpatterns,subpattern_confidences,num_subpatterns,num_events,confidence,contributing_streams,nested_event_ids
2026-04-26 10:07:10.457,3.575,CrossSignalRelativeStable_GT,atomic,[CrossSignalRelativeStable_GT],[1.0000],1,6,1.0000,[dt-1;dt-2;dt-3],[[0cd0205a-fc90-4108-85c5-3eb3a7a59b6d;590f79c1-a4d7-466e-9aa0-ab72af46dcc6;ab2d5646-e9bd-4bef-bc48-075034e2ae3a;63503d23-0caf-42dc-83a9-f6fe3f3794e8;4d7c3090-db93-4bdd-a38e-bc5def157880;6228525b-790c-4ffe-814c-f96e0aa3586d]]
2026-04-26 10:07:10.473,3.591,CrossSignalAgreement_GT,atomic,[CrossSignalAgreement_GT],[1.0000],1,6,1.0000,[dt-1;dt-2;dt-3],[[0cd0205a-fc90-4108-85c5-3eb3a7a59b6d;590f79c1-a4d7-466e-9aa0-ab72af46dcc6;ab2d5646-e9bd-4bef-bc48-075034e2ae3a;63503d23-0caf-42dc-83a9-f6fe3f3794e8;4d7c3090-db93-4bdd-a38e-bc5def157880;6228525b-790c-4ffe-814c-f96e0aa3586d]]
2026-04-26 10:07:10.477,3.595,CrossSignalRelativeStable_SYS,atomic,[CrossSignalRelativeStable_SYS],[1.0000],1,6,1.0000,[dt-1;dt-2;dt-3],[[02f52ea1-a0f4-4e7e-b692-f139eebd53e5;3fd83162-8224-481f-9c4f-16c8c1a57371;a76c7d97-ea18-4b38-8e25-a0bb50dd3583;2134c5b8-2936-42b6-9159-982854b7663b;6b804cbd-da38-408d-ae4f-11df0ecc1913;4df82a73-5bc3-4c72-924a-b6ac135ed359]]
2026-04-26 10:07:10.478,3.596,CrossSignalRelativeStable_OBS,atomic,[CrossSignalRelativeStable_OBS],[1.0000],1,6,1.0000,[dt-1;dt-2;dt-3],[[02f52ea1-a0f4-4e7e-b692-f139eebd53e5;3fd83162-8224-481f-9c4f-16c8c1a57371;a76c7d97-ea18-4b38-8e25-a0bb50dd3583;2134c5b8-2936-42b6-9159-982854b7663b;6b804cbd-da38-408d-ae4f-11df0ecc1913;4df82a73-5bc3-4c72-924a-b6ac135ed359]]
2026-04-26 10:07:10.479,3.597,CrossSignalAgreement_SYS,atomic,[CrossSignalAgreement_SYS],[1.0000],1,6,1.0000,[dt-1;dt-2;dt-3],[[02f52ea1-a0f4-4e7e-b692-f139eebd53e5;3fd83162-8224-481f-9c4f-16c8c1a57371;a76c7d97-ea18-4b38-8e25-a0bb50dd3583;2134c5b8-2936-42b6-9159-982854b7663b;6b804cbd-da38-408d-ae4f-11df0ecc1913;4df82a73-5bc3-4c72-924a-b6ac135ed359]]
2026-04-26 10:07:10.480,3.598,CrossSignalAgreement_OBS,atomic,[CrossSignalAgreement_OBS],[1.0000],1,6,1.0000,[dt-1;dt-2;dt-3],[[02f52ea1-a0f4-4e7e-b692-f139eebd53e5;3fd83162-8224-481f-9c4f-16c8c1a57371;a76c7d97-ea18-4b38-8e25-a0bb50dd3583;2134c5b8-2936-42b6-9159-982854b7663b;6b804cbd-da38-408d-ae4f-11df0ecc1913;4df82a73-5bc3-4c72-924a-b6ac135ed359]]
2026-04-26 10:07:10.552,3.670,CrossSignalRelativeStable_GT,atomic,[CrossSignalRelativeStable_GT],[1.0000],1,6,1.0000,[dt-1;dt-2;dt-3],[[63503d23-0caf-42dc-83a9-f6fe3f3794e8;4d7c3090-db93-4bdd-a38e-bc5def157880;6228525b-790c-4ffe-814c-f96e0aa3586d;f6e820c7-0a65-4cad-ac54-23ea5ea02e7d;fda087a9-c951-4965-b6c2-a048b3d49d63;3393f8c2-21a4-40f8-a46d-2f29a824c17d]]
2026-04-26 10:07:10.554,3.672,CrossSignalAgreement_GT,atomic,[CrossSignalAgreement_GT],[1.0000],1,6,1.0000,[dt-1;dt-2;dt-3],[[63503d23-0caf-42dc-83a9-f6fe3f3794e8;4d7c3090-db93-4bdd-a38e-bc5def157880;6228525b-790c-4ffe-814c-f96e0aa3586d;f6e820c7-0a65-4cad-ac54-23ea5ea02e7d;fda087a9-c951-4965-b6c2-a048b3d49d63;3393f8c2-21a4-40f8-a46d-2f29a824c17d]]
2026-04-26 10:07:10.563,3.681,CrossSignalRelativeStable_SYS,atomic,[CrossSignalRelativeStable_SYS],[1.0000],1,6,1.0000,[dt-1;dt-2;dt-3],[[2134c5b8-2936-42b6-9159-982854b7663b;6b804cbd-da38-408d-ae4f-11df0ecc1913;4df82a73-5bc3-4c72-924a-b6ac135ed359;6d62f521-1bcd-4a8d-b0df-a82b68e865f3;b2e369de-75e4-4596-8134-8da4c7cfc3d3;9ae3688a-80bb-4cc9-aa94-2ef09be9c3c8]]
2026-04-26 10:07:10.564,3.682,CrossSignalRelativeStable_OBS,atomic,[CrossSignalRelativeStable_OBS],[1.0000],1,6,1.0000,[dt-1;dt-2;dt-3],[[2134c5b8-2936-42b6-9159-982854b7663b;6b804cbd-da38-408d-ae4f-11df0ecc1913;4df82a73-5bc3-4c72-924a-b6ac135ed359;6d62f521-1bcd-4a8d-b0df-a82b68e865f3;b2e369de-75e4-4596-8134-8da4c7cfc3d3;9ae3688a-80bb-4cc9-aa94-2ef09be9c3c8]]
2026-04-26 10:07:10.565,3.683,CrossSignalAgreement_SYS,atomic,[CrossSignalAgreement_SYS],[1.0000],1,6,1.0000,[dt-1;dt-2;dt-3],[[2134c5b8-2936-42b6-9159-982854b7663b;6b804cbd-da38-408d-ae4f-11df0ecc1913;4df82a73-5bc3-4c72-924a-b6ac135ed359;6d62f521-1bcd-4a8d-b0df-a82b68e865f3;b2e369de-75e4-4596-8134-8da4c7cfc3d3;9ae3688a-80bb-4cc9-aa94-2ef09be9c3c8]]
2026-04-26 10:07:10.567,3.685,CrossSignalAgreement_OBS,atomic,[CrossSignalAgreement_OBS],[1.0000],1,6,1.0000,[dt-1;dt-2;dt-3],[[2134c5b8-2936-42b6-9159-982854b7663b;6b804cbd-da38-408d-ae4f-11df0ecc1913;4df82a73-5bc3-4c72-924a-b6ac135ed359;6d62f521-1bcd-4a8d-b0df-a82b68e865f3;b2e369de-75e4-4596-8134-8da4c7cfc3d3;9ae3688a-80bb-4cc9-aa94-2ef09be9c3c8]]
2026-04-26 10:07:10.650,3.768,CrossSignalRelativeStable_GT,atomic,[CrossSignalRelativeStable_GT],[1.0000],1,6,1.0000,[dt-1;dt-2;dt-3],[[f6e820c7-0a65-4cad-ac54-23ea5ea02e7d;fda087a9-c951-4965-b6c2-a048b3d49d63;3393f8c2-21a4-40f8-a46d-2f29a824c17d;6554c3b4-281a-496c-a5f7-aea33e85f8d6;6b4595b6-33cf-4379-8a2e-2c03931de18e;78dd71fd-42d1-4899-90da-eab64d3606de]]
2026-04-26 10:07:10.651,3.769,CrossSignalAgreement_GT,atomic,[CrossSignalAgreement_GT],[1.0000],1,6,1.0000,[dt-1;dt-2;dt-3],[[f6e820c7-0a65-4cad-ac54-23ea5ea02e7d;fda087a9-c951-4965-b6c2-a048b3d49d63;3393f8c2-21a4-40f8-a46d-2f29a824c17d;6554c3b4-281a-496c-a5f7-aea33e85f8d6;6b4595b6-33cf-4379-8a2e-2c03931de18e;78dd71fd-42d1-4899-90da-eab64d3606de]]
2026-04-26 10:07:10.653,3.771,CrossSignalRelativeStable_SYS,atomic,[CrossSignalRelativeStable_SYS],[1.0000],1,6,1.0000,[dt-1;dt-2;dt-3],[[6d62f521-1bcd-4a8d-b0df-a82b68e865f3;b2e369de-75e4-4596-8134-8da4c7cfc3d3;9ae3688a-80bb-4cc9-aa94-2ef09be9c3c8;5076992b-d5fb-478e-8e4b-643ce7d63452;42aeecb5-ba05-4902-8283-678b3c4029c7;2a89de54-62dc-4f50-bfbf-5d5b5f493a63]]
2026-04-26 10:07:10.654,3.772,CrossSignalRelativeStable_OBS,atomic,[CrossSignalRelativeStable_OBS],[1.0000],1,6,1.0000,[dt-1;dt-2;dt-3],[[6d62f521-1bcd-4a8d-b0df-a82b68e865f3;b2e369de-75e4-4596-8134-8da4c7cfc3d3;9ae3688a-80bb-4cc9-aa94-2ef09be9c3c8;5076992b-d5fb-478e-8e4b-643ce7d63452;42aeecb5-ba05-4902-8283-678b3c4029c7;2a89de54-62dc-4f50-bfbf-5d5b5f493a63]]
2026-04-26 10:07:10.655,3.773,CrossSignalAgreement_SYS,atomic,[CrossSignalAgreement_SYS],[1.0000],1,6,1.0000,[dt-1;dt-2;dt-3],[[6d62f521-1bcd-4a8d-b0df-a82b68e865f3;b2e369de-75e4-4596-8134-8da4c7cfc3d3;9ae3688a-80bb-4cc9-aa94-2ef09be9c3c8;5076992b-d5fb-478e-8e4b-643ce7d63452;42aeecb5-ba05-4902-8283-678b3c4029c7;2a89de54-62dc-4f50-bfbf-5d5b5f493a63]]
2026-04-26 10:07:10.656,3.774,CrossSignalAgreement_OBS,atomic,[CrossSignalAgreement_OBS],[1.0000],1,6,1.0000,[dt-1;dt-2;dt-3],[[6d62f521-1bcd-4a8d-b0df-a82b68e865f3;b2e369de-75e4-4596-8134-8da4c7cfc3d3;9ae3688a-80bb-4cc9-aa94-2ef09be9c3c8;5076992b-d5fb-478e-8e4b-643ce7d63452;42aeecb5-ba05-4902-8283-678b3c4029c7;2a89de54-62dc-4f50-bfbf-5d5b5f493a63]]
2026-04-26 10:07:10.760,3.878,CrossSignalRelativeStable_GT,atomic,[CrossSignalRelativeStable_GT],[1.0000],1,6,1.0000,[dt-1;dt-2;dt-3],[[6554c3b4-281a-496c-a5f7-aea33e85f8d6;6b4595b6-33cf-4379-8a2e-2c03931de18e;78dd71fd-42d1-4899-90da-eab64d3606de;f937ca20-3088-4535-b775-d2c2e04dc2d1;21639a4b-9266-493b-a126-22e08f960543;4b32720a-9dd8-48c8-9795-73c1cfe2bd23]]
2026-04-26 10:07:10.761,3.879,CrossSignalAgreement_GT,atomic,[CrossSignalAgreement_GT],[1.0000],1,6,1.0000,[dt-1;dt-2;dt-3],[[6554c3b4-281a-496c-a5f7-aea33e85f8d6;6b4595b6-33cf-4379-8a2e-2c03931de18e;78dd71fd-42d1-4899-90da-eab64d3606de;f937ca20-3088-4535-b775-d2c2e04dc2d1;21639a4b-9266-493b-a126-22e08f960543;4b32720a-9dd8-48c8-9795-73c1cfe2bd23]]
2026-04-26 10:07:10.763,3.881,CrossSignalRelativeStable_SYS,atomic,[CrossSignalRelativeStable_SYS],[1.0000],1,6,1.0000,[dt-1;dt-2;dt-3],[[5076992b-d5fb-478e-8e4b-643ce7d63452;42aeecb5-ba05-4902-8283-678b3c4029c7;2a89de54-62dc-4f50-bfbf-5d5b5f493a63;0289a971-597a-4f29-947d-de5bef071d12;0c1d7c29-d0ff-48d8-a790-596cbe3c14bf;da87676b-396c-45d3-8e55-45dc5e7c98df]]
2026-04-26 10:07:10.764,3.882,CrossSignalRelativeStable_OBS,atomic,[CrossSignalRelativeStable_OBS],[1.0000],1,6,1.0000,[dt-1;dt-2;dt-3],[[5076992b-d5fb-478e-8e4b-643ce7d63452;42aeecb5-ba05-4902-8283-678b3c4029c7;2a89de54-62dc-4f50-bfbf-5d5b5f493a63;0289a971-597a-4f29-947d-de5bef071d12;0c1d7c29-d0ff-48d8-a790-596cbe3c14bf;da87676b-396c-45d3-8e55-45dc5e7c98df]]
2026-04-26 10:07:10.764,3.882,CrossSignalAgreement_SYS,atomic,[CrossSignalAgreement_SYS],[1.0000],1,6,1.0000,[dt-1;dt-2;dt-3],[[5076992b-d5fb-478e-8e4b-643ce7d63452;42aeecb5-ba05-4902-8283-678b3c4029c7;2a89de54-62dc-4f50-bfbf-5d5b5f493a63;0289a971-597a-4f29-947d-de5bef071d12;0c1d7c29-d0ff-48d8-a790-596cbe3c14bf;da87676b-396c-45d3-8e55-45dc5e7c98df]]
2026-04-26 10:07:10.764,3.882,CrossSignalAgreement_OBS,atomic,[CrossSignalAgreement_OBS],[1.0000],1,6,1.0000,[dt-1;dt-2;dt-3],[[5076992b-d5fb-478e-8e4b-643ce7d63452;42aeecb5-ba05-4902-8283-678b3c4029c7;2a89de54-62dc-4f50-bfbf-5d5b5f493a63;0289a971-597a-4f29-947d-de5bef071d12;0c1d7c29-d0ff-48d8-a790-596cbe3c14bf;da87676b-396c-45d3-8e55-45dc5e7c98df]]
2026-04-26 10:07:10.862,3.980,CrossSignalRelativeStable_SYS,atomic,[CrossSignalRelativeStable_SYS],[1.0000],1,6,1.0000,[dt-1;dt-2;dt-3],[[0289a971-597a-4f29-947d-de5bef071d12;0c1d7c29-d0ff-48d8-a790-596cbe3c14bf;da87676b-396c-45d3-8e55-45dc5e7c98df;1751b809-fa46-4a89-a290-cd8fb8d431d9;48a9c6c9-4213-41ce-a87a-d94b94a4d419;baa28f92-255f-4ee3-b1b8-8a394eb53c53]]
2026-04-26 10:07:10.862,3.980,CrossSignalRelativeStable_OBS,atomic,[CrossSignalRelativeStable_OBS],[1.0000],1,6,1.0000,[dt-1;dt-2;dt-3],[[0289a971-597a-4f29-947d-de5bef071d12;0c1d7c29-d0ff-48d8-a790-596cbe3c14bf;da87676b-396c-45d3-8e55-45dc5e7c98df;1751b809-fa46-4a89-a290-cd8fb8d431d9;48a9c6c9-4213-41ce-a87a-d94b94a4d419;baa28f92-255f-4ee3-b1b8-8a394eb53c53]]
2026-04-26 10:07:10.863,3.981,CrossSignalAgreement_SYS,atomic,[CrossSignalAgreement_SYS],[1.0000],1,6,1.0000,[dt-1;dt-2;dt-3],[[0289a971-597a-4f29-947d-de5bef071d12;0c1d7c29-d0ff-48d8-a790-596cbe3c14bf;da87676b-396c-45d3-8e55-45dc5e7c98df;1751b809-fa46-4a89-a290-cd8fb8d431d9;48a9c6c9-4213-41ce-a87a-d94b94a4d419;baa28f92-255f-4ee3-b1b8-8a394eb53c53]]
2026-04-26 10:07:10.864,3.982,CrossSignalAgreement_OBS,atomic,[CrossSignalAgreement_OBS],[1.0000],1,6,1.0000,[dt-1;dt-2;dt-3],[[0289a971-597a-4f29-947d-de5bef071d12;0c1d7c29-d0ff-48d8-a790-596cbe3c14bf;da87676b-396c-45d3-8e55-45dc5e7c98df;1751b809-fa46-4a89-a290-cd8fb8d431d9;48a9c6c9-4213-41ce-a87a-d94b94a4d419;baa28f92-255f-4ee3-b1b8-8a394eb53c53]]
2026-04-26 10:07:10.871,3.989,CrossSignalRelativeStable_GT,atomic,[CrossSignalRelativeStable_GT],[1.0000],1,6,1.0000,[dt-1;dt-2;dt-3],[[f937ca20-3088-4535-b775-d2c2e04dc2d1;21639a4b-9266-493b-a126-22e08f960543;4b32720a-9dd8-48c8-9795-73c1cfe2bd23;6064339d-f663-47a5-844f-9c94a0f6eefc;4ee50a02-b8c9-41c2-8e18-c8309dd6f0ac;74fb4a9f-007c-4f6c-9dfc-8d2b743491c6]]
2026-04-26 10:07:10.872,3.990,CrossSignalAgreement_GT,atomic,[CrossSignalAgreement_GT],[1.0000],1,6,1.0000,[dt-1;dt-2;dt-3],[[f937ca20-3088-4535-b775-d2c2e04dc2d1;21639a4b-9266-493b-a126-22e08f960543;4b32720a-9dd8-48c8-9795-73c1cfe2bd23;6064339d-f663-47a5-844f-9c94a0f6eefc;4ee50a02-b8c9-41c2-8e18-c8309dd6f0ac;74fb4a9f-007c-4f6c-9dfc-8d2b743491c6]]
2026-04-26 10:07:10.976,4.094,CrossSignalRelativeStable_GT,atomic,[CrossSignalRelativeStable_GT],[1.0000],1,6,1.0000,[dt-1;dt-2;dt-3],[[6064339d-f663-47a5-844f-9c94a0f6eefc;4ee50a02-b8c9-41c2-8e18-c8309dd6f0ac;74fb4a9f-007c-4f6c-9dfc-8d2b743491c6;b4db5b27-d928-4bc8-8b26-69e45d888b61;1bdf9d9d-d7d6-4d3f-bb5d-fd8b8a070550;5958ec8f-daee-4d8d-b0df-97b7356aa0f5]]
2026-04-26 10:07:10.976,4.094,CrossSignalAgreement_GT,atomic,[CrossSignalAgreement_GT],[1.0000],1,6,1.0000,[dt-1;dt-2;dt-3],[[6064339d-f663-47a5-844f-9c94a0f6eefc;4ee50a02-b8c9-41c2-8e18-c8309dd6f0ac;74fb4a9f-007c-4f6c-9dfc-8d2b743491c6;b4db5b27-d928-4bc8-8b26-69e45d888b61;1bdf9d9d-d7d6-4d3f-bb5d-fd8b8a070550;5958ec8f-daee-4d8d-b0df-97b7356aa0f5]]
2026-04-26 10:07:10.979,4.097,CrossSignalRelativeStable_SYS,atomic,[CrossSignalRelativeStable_SYS],[1.0000],1,6,1.0000,[dt-1;dt-2;dt-3],[[1751b809-fa46-4a89-a290-cd8fb8d431d9;48a9c6c9-4213-41ce-a87a-d94b94a4d419;baa28f92-255f-4ee3-b1b8-8a394eb53c53;b89759c8-35ff-4535-962b-cf6db7beab92;4180c0cb-952a-45e2-ad5e-c1ea54e97add;7fb43c4c-1fa3-4931-8653-c87dfe92f76c]]
2026-04-26 10:07:10.979,4.097,CrossSignalRelativeStable_OBS,atomic,[CrossSignalRelativeStable_OBS],[1.0000],1,6,1.0000,[dt-1;dt-2;dt-3],[[1751b809-fa46-4a89-a290-cd8fb8d431d9;48a9c6c9-4213-41ce-a87a-d94b94a4d419;baa28f92-255f-4ee3-b1b8-8a394eb53c53;b89759c8-35ff-4535-962b-cf6db7beab92;4180c0cb-952a-45e2-ad5e-c1ea54e97add;7fb43c4c-1fa3-4931-8653-c87dfe92f76c]]
2026-04-26 10:07:10.980,4.098,CrossSignalAgreement_SYS,atomic,[CrossSignalAgreement_SYS],[1.0000],1,6,1.0000,[dt-1;dt-2;dt-3],[[1751b809-fa46-4a89-a290-cd8fb8d431d9;48a9c6c9-4213-41ce-a87a-d94b94a4d419;baa28f92-255f-4ee3-b1b8-8a394eb53c53;b89759c8-35ff-4535-962b-cf6db7beab92;4180c0cb-952a-45e2-ad5e-c1ea54e97add;7fb43c4c-1fa3-4931-8653-c87dfe92f76c]]
2026-04-26 10:07:10.980,4.098,CrossSignalAgreement_OBS,atomic,[CrossSignalAgreement_OBS],[1.0000],1,6,1.0000,[dt-1;dt-2;dt-3],[[1751b809-fa46-4a89-a290-cd8fb8d431d9;48a9c6c9-4213-41ce-a87a-d94b94a4d419;baa28f92-255f-4ee3-b1b8-8a394eb53c53;b89759c8-35ff-4535-962b-cf6db7beab92;4180c0cb-952a-45e2-ad5e-c1ea54e97add;7fb43c4c-1fa3-4931-8653-c87dfe92f76c]]
2026-04-26 10:07:11.087,4.205,CrossSignalRelativeStable_GT,atomic,[CrossSignalRelativeStable_GT],[1.0000],1,6,1.0000,[dt-1;dt-2;dt-3],[[b4db5b27-d928-4bc8-8b26-69e45d888b61;1bdf9d9d-d7d6-4d3f-bb5d-fd8b8a070550;5958ec8f-daee-4d8d-b0df-97b7356aa0f5;7c519fb9-ed7d-4e0a-a347-270f218438ed;4d6ecf17-08f4-44ea-a821-bd98d48a79d3;958c0342-671d-4971-9c1a-ac08262f01e3]]
2026-04-26 10:07:11.089,4.207,CrossSignalAgreement_GT,atomic,[CrossSignalAgreement_GT],[1.0000],1,6,1.0000,[dt-1;dt-2;dt-3],[[b4db5b27-d928-4bc8-8b26-69e45d888b61;1bdf9d9d-d7d6-4d3f-bb5d-fd8b8a070550;5958ec8f-daee-4d8d-b0df-97b7356aa0f5;7c519fb9-ed7d-4e0a-a347-270f218438ed;4d6ecf17-08f4-44ea-a821-bd98d48a79d3;958c0342-671d-4971-9c1a-ac08262f01e3]]
2026-04-26 10:07:11.091,4.209,CrossSignalRelativeStable_SYS,atomic,[CrossSignalRelativeStable_SYS],[1.0000],1,6,1.0000,[dt-1;dt-2;dt-3],[[b89759c8-35ff-4535-962b-cf6db7beab92;4180c0cb-952a-45e2-ad5e-c1ea54e97add;7fb43c4c-1fa3-4931-8653-c87dfe92f76c;69f31e2f-5103-4e93-94ae-9127fd85dad8;e0ec2fc7-619c-4e28-8048-ed511a00fb8a;8e720067-efd8-4762-b1f9-4248f1000826]]
2026-04-26 10:07:11.092,4.210,CrossSignalRelativeStable_OBS,atomic,[CrossSignalRelativeStable_OBS],[1.0000],1,6,1.0000,[dt-1;dt-2;dt-3],[[b89759c8-35ff-4535-962b-cf6db7beab92;4180c0cb-952a-45e2-ad5e-c1ea54e97add;7fb43c4c-1fa3-4931-8653-c87dfe92f76c;69f31e2f-5103-4e93-94ae-9127fd85dad8;e0ec2fc7-619c-4e28-8048-ed511a00fb8a;8e720067-efd8-4762-b1f9-4248f1000826]]
2026-04-26 10:07:11.093,4.211,CrossSignalAgreement_SYS,atomic,[CrossSignalAgreement_SYS],[1.0000],1,6,1.0000,[dt-1;dt-2;dt-3],[[b89759c8-35ff-4535-962b-cf6db7beab92;4180c0cb-952a-45e2-ad5e-c1ea54e97add;7fb43c4c-1fa3-4931-8653-c87dfe92f76c;69f31e2f-5103-4e93-94ae-9127fd85dad8;e0ec2fc7-619c-4e28-8048-ed511a00fb8a;8e720067-efd8-4762-b1f9-4248f1000826]]
2026-04-26 10:07:11.093,4.211,CrossSignalAgreement_OBS,atomic,[CrossSignalAgreement_OBS],[1.0000],1,6,1.0000,[dt-1;dt-2;dt-3],[[b89759c8-35ff-4535-962b-cf6db7beab92;4180c0cb-952a-45e2-ad5e-c1ea54e97add;7fb43c4c-1fa3-4931-8653-c87dfe92f76c;69f31e2f-5103-4e93-94ae-9127fd85dad8;e0ec2fc7-619c-4e28-8048-ed511a00fb8a;8e720067-efd8-4762-b1f9-4248f1000826]]
2026-04-26 10:07:11.197,4.315,CrossSignalRelativeStable_GT,atomic,[CrossSignalRelativeStable_GT],[1.0000],1,6,1.0000,[dt-1;dt-2;dt-3],[[7c519fb9-ed7d-4e0a-a347-270f218438ed;4d6ecf17-08f4-44ea-a821-bd98d48a79d3;958c0342-671d-4971-9c1a-ac08262f01e3;3f342c70-beaf-4852-9c2a-d4f2efc1bfec;67acc96e-5942-4f6a-826b-34e0cd6654e6;eed5e66b-fa3e-408c-9dc2-b0998ffa912d]]
2026-04-26 10:07:11.198,4.316,CrossSignalAgreement_GT,atomic,[CrossSignalAgreement_GT],[1.0000],1,6,1.0000,[dt-1;dt-2;dt-3],[[7c519fb9-ed7d-4e0a-a347-270f218438ed;4d6ecf17-08f4-44ea-a821-bd98d48a79d3;958c0342-671d-4971-9c1a-ac08262f01e3;3f342c70-beaf-4852-9c2a-d4f2efc1bfec;67acc96e-5942-4f6a-826b-34e0cd6654e6;eed5e66b-fa3e-408c-9dc2-b0998ffa912d]]
2026-04-26 10:07:11.199,4.317,CrossSignalRelativeStable_SYS,atomic,[CrossSignalRelativeStable_SYS],[1.0000],1,6,1.0000,[dt-1;dt-2;dt-3],[[69f31e2f-5103-4e93-94ae-9127fd85dad8;e0ec2fc7-619c-4e28-8048-ed511a00fb8a;8e720067-efd8-4762-b1f9-4248f1000826;18476afc-b522-4056-8abe-77dfb1dcb78a;4344eeb5-c0dd-480a-bcac-dc6e2da312da;ad50caab-508c-4726-93ab-deeee448c71b]]
2026-04-26 10:07:11.200,4.318,CrossSignalRelativeStable_OBS,atomic,[CrossSignalRelativeStable_OBS],[1.0000],1,6,1.0000,[dt-1;dt-2;dt-3],[[69f31e2f-5103-4e93-94ae-9127fd85dad8;e0ec2fc7-619c-4e28-8048-ed511a00fb8a;8e720067-efd8-4762-b1f9-4248f1000826;18476afc-b522-4056-8abe-77dfb1dcb78a;4344eeb5-c0dd-480a-bcac-dc6e2da312da;ad50caab-508c-4726-93ab-deeee448c71b]]
2026-04-26 10:07:11.200,4.318,CrossSignalAgreement_SYS,atomic,[CrossSignalAgreement_SYS],[1.0000],1,6,1.0000,[dt-1;dt-2;dt-3],[[69f31e2f-5103-4e93-94ae-9127fd85dad8;e0ec2fc7-619c-4e28-8048-ed511a00fb8a;8e720067-efd8-4762-b1f9-4248f1000826;18476afc-b522-4056-8abe-77dfb1dcb78a;4344eeb5-c0dd-480a-bcac-dc6e2da312da;ad50caab-508c-4726-93ab-deeee448c71b]]
2026-04-26 10:07:11.200,4.318,CrossSignalAgreement_OBS,atomic,[CrossSignalAgreement_OBS],[1.0000],1,6,1.0000,[dt-1;dt-2;dt-3],[[69f31e2f-5103-4e93-94ae-9127fd85dad8;e0ec2fc7-619c-4e28-8048-ed511a00fb8a;8e720067-efd8-4762-b1f9-4248f1000826;18476afc-b522-4056-8abe-77dfb1dcb78a;4344eeb5-c0dd-480a-bcac-dc6e2da312da;ad50caab-508c-4726-93ab-deeee448c71b]]
2026-04-26 10:07:11.315,4.433,CrossSignalRelativeStable_GT,atomic,[CrossSignalRelativeStable_GT],[1.0000],1,6,1.0000,[dt-1;dt-2;dt-3],[[3f342c70-beaf-4852-9c2a-d4f2efc1bfec;67acc96e-5942-4f6a-826b-34e0cd6654e6;eed5e66b-fa3e-408c-9dc2-b0998ffa912d;a5d0b789-df34-45bc-9d0c-f393653c6b1b;334d771f-5324-4a3d-aedf-d74cfe9a8558;909728da-b17a-49e9-b6f0-9b5ab40c3522]]
2026-04-26 10:07:11.316,4.434,CrossSignalAgreement_GT,atomic,[CrossSignalAgreement_GT],[1.0000],1,6,1.0000,[dt-1;dt-2;dt-3],[[3f342c70-beaf-4852-9c2a-d4f2efc1bfec;67acc96e-5942-4f6a-826b-34e0cd6654e6;eed5e66b-fa3e-408c-9dc2-b0998ffa912d;a5d0b789-df34-45bc-9d0c-f393653c6b1b;334d771f-5324-4a3d-aedf-d74cfe9a8558;909728da-b17a-49e9-b6f0-9b5ab40c3522]]
2026-04-26 10:07:11.318,4.436,CrossSignalRelativeStable_SYS,atomic,[CrossSignalRelativeStable_SYS],[1.0000],1,6,1.0000,[dt-1;dt-2;dt-3],[[18476afc-b522-4056-8abe-77dfb1dcb78a;4344eeb5-c0dd-480a-bcac-dc6e2da312da;ad50caab-508c-4726-93ab-deeee448c71b;644871c9-ca49-415e-8b1a-c9896e0facae;1e8ba8bb-f046-42e8-8807-6b4918549dc7;2041c532-b9da-4cf4-9089-ce93a14c6293]]
2026-04-26 10:07:11.319,4.437,CrossSignalRelativeStable_OBS,atomic,[CrossSignalRelativeStable_OBS],[1.0000],1,6,1.0000,[dt-1;dt-2;dt-3],[[18476afc-b522-4056-8abe-77dfb1dcb78a;4344eeb5-c0dd-480a-bcac-dc6e2da312da;ad50caab-508c-4726-93ab-deeee448c71b;644871c9-ca49-415e-8b1a-c9896e0facae;1e8ba8bb-f046-42e8-8807-6b4918549dc7;2041c532-b9da-4cf4-9089-ce93a14c6293]]
2026-04-26 10:07:11.319,4.437,CrossSignalAgreement_SYS,atomic,[CrossSignalAgreement_SYS],[1.0000],1,6,1.0000,[dt-1;dt-2;dt-3],[[18476afc-b522-4056-8abe-77dfb1dcb78a;4344eeb5-c0dd-480a-bcac-dc6e2da312da;ad50caab-508c-4726-93ab-deeee448c71b;644871c9-ca49-415e-8b1a-c9896e0facae;1e8ba8bb-f046-42e8-8807-6b4918549dc7;2041c532-b9da-4cf4-9089-ce93a14c6293]]
2026-04-26 10:07:11.319,4.437,CrossSignalAgreement_OBS,atomic,[CrossSignalAgreement_OBS],[1.0000],1,6,1.0000,[dt-1;dt-2;dt-3],[[18476afc-b522-4056-8abe-77dfb1dcb78a;4344eeb5-c0dd-480a-bcac-dc6e2da312da;ad50caab-508c-4726-93ab-deeee448c71b;644871c9-ca49-415e-8b1a-c9896e0facae;1e8ba8bb-f046-42e8-8807-6b4918549dc7;2041c532-b9da-4cf4-9089-ce93a14c6293]]
2026-04-26 10:07:11.415,4.533,CrossSignalRelativeStable_GT,atomic,[CrossSignalRelativeStable_GT],[1.0000],1,6,1.0000,[dt-1;dt-2;dt-3],[[a5d0b789-df34-45bc-9d0c-f393653c6b1b;334d771f-5324-4a3d-aedf-d74cfe9a8558;909728da-b17a-49e9-b6f0-9b5ab40c3522;29bab1b0-5540-4a81-a6b5-8d4b065b3de2;61369bf1-f3f3-4486-9602-000652e78a07;76e1e10a-135e-45e5-b429-6dc2b881c807]]
2026-04-26 10:07:11.416,4.534,CrossSignalAgreement_GT,atomic,[CrossSignalAgreement_GT],[1.0000],1,6,1.0000,[dt-1;dt-2;dt-3],[[a5d0b789-df34-45bc-9d0c-f393653c6b1b;334d771f-5324-4a3d-aedf-d74cfe9a8558;909728da-b17a-49e9-b6f0-9b5ab40c3522;29bab1b0-5540-4a81-a6b5-8d4b065b3de2;61369bf1-f3f3-4486-9602-000652e78a07;76e1e10a-135e-45e5-b429-6dc2b881c807]]
2026-04-26 10:07:11.417,4.535,CrossSignalRelativeStable_SYS,atomic,[CrossSignalRelativeStable_SYS],[1.0000],1,6,1.0000,[dt-1;dt-2;dt-3],[[644871c9-ca49-415e-8b1a-c9896e0facae;1e8ba8bb-f046-42e8-8807-6b4918549dc7;2041c532-b9da-4cf4-9089-ce93a14c6293;39832838-dcca-4feb-a4b2-25efcf63b872;aaef22f0-9f1e-4203-8a33-1e6762390f26;11d08f0a-9728-46ca-97e0-f9e0702c1cb6]]
2026-04-26 10:07:11.417,4.535,CrossSignalRelativeStable_OBS,atomic,[CrossSignalRelativeStable_OBS],[1.0000],1,6,1.0000,[dt-1;dt-2;dt-3],[[644871c9-ca49-415e-8b1a-c9896e0facae;1e8ba8bb-f046-42e8-8807-6b4918549dc7;2041c532-b9da-4cf4-9089-ce93a14c6293;39832838-dcca-4feb-a4b2-25efcf63b872;aaef22f0-9f1e-4203-8a33-1e6762390f26;11d08f0a-9728-46ca-97e0-f9e0702c1cb6]]
2026-04-26 10:07:11.418,4.536,CrossSignalAgreement_SYS,atomic,[CrossSignalAgreement_SYS],[1.0000],1,6,1.0000,[dt-1;dt-2;dt-3],[[644871c9-ca49-415e-8b1a-c9896e0facae;1e8ba8bb-f046-42e8-8807-6b4918549dc7;2041c532-b9da-4cf4-9089-ce93a14c6293;39832838-dcca-4feb-a4b2-25efcf63b872;aaef22f0-9f1e-4203-8a33-1e6762390f26;11d08f0a-9728-46ca-97e0-f9e0702c1cb6]]
2026-04-26 10:07:11.418,4.536,CrossSignalAgreement_OBS,atomic,[CrossSignalAgreement_OBS],[1.0000],1,6,1.0000,[dt-1;dt-2;dt-3],[[644871c9-ca49-415e-8b1a-c9896e0facae;1e8ba8bb-f046-42e8-8807-6b4918549dc7;2041c532-b9da-4cf4-9089-ce93a14c6293;39832838-dcca-4feb-a4b2-25efcf63b872;aaef22f0-9f1e-4203-8a33-1e6762390f26;11d08f0a-9728-46ca-97e0-f9e0702c1cb6]]
2026-04-26 10:07:11.527,4.645,CrossSignalRelativeStable_GT,atomic,[CrossSignalRelativeStable_GT],[1.0000],1,6,1.0000,[dt-1;dt-2;dt-3],[[29bab1b0-5540-4a81-a6b5-8d4b065b3de2;61369bf1-f3f3-4486-9602-000652e78a07;76e1e10a-135e-45e5-b429-6dc2b881c807;486ee195-c0ea-4b3f-8ca7-5c5d2f9e1d81;86da13e0-3bee-4b20-9589-5da200ab59aa;98453439-b0e6-4895-b555-fbce1be7a55a]]
2026-04-26 10:07:11.529,4.647,CrossSignalAgreement_GT,atomic,[CrossSignalAgreement_GT],[1.0000],1,6,1.0000,[dt-1;dt-2;dt-3],[[29bab1b0-5540-4a81-a6b5-8d4b065b3de2;61369bf1-f3f3-4486-9602-000652e78a07;76e1e10a-135e-45e5-b429-6dc2b881c807;486ee195-c0ea-4b3f-8ca7-5c5d2f9e1d81;86da13e0-3bee-4b20-9589-5da200ab59aa;98453439-b0e6-4895-b555-fbce1be7a55a]]
2026-04-26 10:07:11.533,4.651,CrossSignalRelativeStable_SYS,atomic,[CrossSignalRelativeStable_SYS],[1.0000],1,6,1.0000,[dt-1;dt-2;dt-3],[[39832838-dcca-4feb-a4b2-25efcf63b872;aaef22f0-9f1e-4203-8a33-1e6762390f26;11d08f0a-9728-46ca-97e0-f9e0702c1cb6;c459aff2-75d1-406b-a255-b54e912d0cb2;0c919c5e-1a0f-4efc-b0ca-5205ed7f4c4f;14eabdbc-6b4e-4f31-8b40-dd9379402e12]]
2026-04-26 10:07:11.535,4.653,CrossSignalRelativeStable_OBS,atomic,[CrossSignalRelativeStable_OBS],[1.0000],1,6,1.0000,[dt-1;dt-2;dt-3],[[39832838-dcca-4feb-a4b2-25efcf63b872;aaef22f0-9f1e-4203-8a33-1e6762390f26;11d08f0a-9728-46ca-97e0-f9e0702c1cb6;c459aff2-75d1-406b-a255-b54e912d0cb2;0c919c5e-1a0f-4efc-b0ca-5205ed7f4c4f;14eabdbc-6b4e-4f31-8b40-dd9379402e12]]
2026-04-26 10:07:11.536,4.654,CrossSignalAgreement_SYS,atomic,[CrossSignalAgreement_SYS],[1.0000],1,6,1.0000,[dt-1;dt-2;dt-3],[[39832838-dcca-4feb-a4b2-25efcf63b872;aaef22f0-9f1e-4203-8a33-1e6762390f26;11d08f0a-9728-46ca-97e0-f9e0702c1cb6;c459aff2-75d1-406b-a255-b54e912d0cb2;0c919c5e-1a0f-4efc-b0ca-5205ed7f4c4f;14eabdbc-6b4e-4f31-8b40-dd9379402e12]]
2026-04-26 10:07:11.536,4.654,CrossSignalAgreement_OBS,atomic,[CrossSignalAgreement_OBS],[1.0000],1,6,1.0000,[dt-1;dt-2;dt-3],[[39832838-dcca-4feb-a4b2-25efcf63b872;aaef22f0-9f1e-4203-8a33-1e6762390f26;11d08f0a-9728-46ca-97e0-f9e0702c1cb6;c459aff2-75d1-406b-a255-b54e912d0cb2;0c919c5e-1a0f-4efc-b0ca-5205ed7f4c4f;14eabdbc-6b4e-4f31-8b40-dd9379402e12]]
2026-04-26 10:07:11.637,4.755,CrossSignalRelativeStable_SYS,atomic,[CrossSignalRelativeStable_SYS],[1.0000],1,6,1.0000,[dt-1;dt-2;dt-3],[[c459aff2-75d1-406b-a255-b54e912d0cb2;0c919c5e-1a0f-4efc-b0ca-5205ed7f4c4f;14eabdbc-6b4e-4f31-8b40-dd9379402e12;a11428c5-d002-464b-8af8-afa000e7dc78;26f55648-4e9a-4340-b698-0228cfe4cd25;89db4024-38e2-4cb7-b03c-faf232063bd3]]
2026-04-26 10:07:11.637,4.755,CrossSignalRelativeStable_OBS,atomic,[CrossSignalRelativeStable_OBS],[1.0000],1,6,1.0000,[dt-1;dt-2;dt-3],[[c459aff2-75d1-406b-a255-b54e912d0cb2;0c919c5e-1a0f-4efc-b0ca-5205ed7f4c4f;14eabdbc-6b4e-4f31-8b40-dd9379402e12;a11428c5-d002-464b-8af8-afa000e7dc78;26f55648-4e9a-4340-b698-0228cfe4cd25;89db4024-38e2-4cb7-b03c-faf232063bd3]]
2026-04-26 10:07:11.637,4.755,CrossSignalAgreement_SYS,atomic,[CrossSignalAgreement_SYS],[1.0000],1,6,1.0000,[dt-1;dt-2;dt-3],[[c459aff2-75d1-406b-a255-b54e912d0cb2;0c919c5e-1a0f-4efc-b0ca-5205ed7f4c4f;14eabdbc-6b4e-4f31-8b40-dd9379402e12;a11428c5-d002-464b-8af8-afa000e7dc78;26f55648-4e9a-4340-b698-0228cfe4cd25;89db4024-38e2-4cb7-b03c-faf232063bd3]]
2026-04-26 10:07:11.638,4.756,CrossSignalAgreement_OBS,atomic,[CrossSignalAgreement_OBS],[1.0000],1,6,1.0000,[dt-1;dt-2;dt-3],[[c459aff2-75d1-406b-a255-b54e912d0cb2;0c919c5e-1a0f-4efc-b0ca-5205ed7f4c4f;14eabdbc-6b4e-4f31-8b40-dd9379402e12;a11428c5-d002-464b-8af8-afa000e7dc78;26f55648-4e9a-4340-b698-0228cfe4cd25;89db4024-38e2-4cb7-b03c-faf232063bd3]]
2026-04-26 10:07:11.645,4.763,CrossSignalRelativeStable_GT,atomic,[CrossSignalRelativeStable_GT],[1.0000],1,6,1.0000,[dt-1;dt-2;dt-3],[[486ee195-c0ea-4b3f-8ca7-5c5d2f9e1d81;86da13e0-3bee-4b20-9589-5da200ab59aa;98453439-b0e6-4895-b555-fbce1be7a55a;766a4011-7863-4fa0-b775-7bb5062572b1;a054aa53-5d0c-4603-930e-1eb5a08284f7;5ad797f1-cefa-44d1-ba19-75564319fc9c]]
2026-04-26 10:07:11.645,4.763,CrossSignalAgreement_GT,atomic,[CrossSignalAgreement_GT],[1.0000],1,6,1.0000,[dt-1;dt-2;dt-3],[[486ee195-c0ea-4b3f-8ca7-5c5d2f9e1d81;86da13e0-3bee-4b20-9589-5da200ab59aa;98453439-b0e6-4895-b555-fbce1be7a55a;766a4011-7863-4fa0-b775-7bb5062572b1;a054aa53-5d0c-4603-930e-1eb5a08284f7;5ad797f1-cefa-44d1-ba19-75564319fc9c]]
2026-04-26 10:07:11.747,4.865,CrossSignalRelativeStable_SYS,atomic,[CrossSignalRelativeStable_SYS],[1.0000],1,6,1.0000,[dt-1;dt-2;dt-3],[[a11428c5-d002-464b-8af8-afa000e7dc78;26f55648-4e9a-4340-b698-0228cfe4cd25;89db4024-38e2-4cb7-b03c-faf232063bd3;55bcaf97-4f9e-4964-9f03-ab07dc3b9d88;a3a3e225-02fc-4c67-9fa8-2e33d2fdf949;2cab09af-6776-46cd-93d3-ff792a20a1b9]]
2026-04-26 10:07:11.748,4.866,CrossSignalRelativeStable_OBS,atomic,[CrossSignalRelativeStable_OBS],[1.0000],1,6,1.0000,[dt-1;dt-2;dt-3],[[a11428c5-d002-464b-8af8-afa000e7dc78;26f55648-4e9a-4340-b698-0228cfe4cd25;89db4024-38e2-4cb7-b03c-faf232063bd3;55bcaf97-4f9e-4964-9f03-ab07dc3b9d88;a3a3e225-02fc-4c67-9fa8-2e33d2fdf949;2cab09af-6776-46cd-93d3-ff792a20a1b9]]
2026-04-26 10:07:11.748,4.866,CrossSignalAgreement_SYS,atomic,[CrossSignalAgreement_SYS],[1.0000],1,6,1.0000,[dt-1;dt-2;dt-3],[[a11428c5-d002-464b-8af8-afa000e7dc78;26f55648-4e9a-4340-b698-0228cfe4cd25;89db4024-38e2-4cb7-b03c-faf232063bd3;55bcaf97-4f9e-4964-9f03-ab07dc3b9d88;a3a3e225-02fc-4c67-9fa8-2e33d2fdf949;2cab09af-6776-46cd-93d3-ff792a20a1b9]]
2026-04-26 10:07:11.749,4.867,CrossSignalAgreement_OBS,atomic,[CrossSignalAgreement_OBS],[1.0000],1,6,1.0000,[dt-1;dt-2;dt-3],[[a11428c5-d002-464b-8af8-afa000e7dc78;26f55648-4e9a-4340-b698-0228cfe4cd25;89db4024-38e2-4cb7-b03c-faf232063bd3;55bcaf97-4f9e-4964-9f03-ab07dc3b9d88;a3a3e225-02fc-4c67-9fa8-2e33d2fdf949;2cab09af-6776-46cd-93d3-ff792a20a1b9]]
2026-04-26 10:07:11.756,4.874,CrossSignalRelativeStable_GT,atomic,[CrossSignalRelativeStable_GT],[1.0000],1,6,1.0000,[dt-1;dt-2;dt-3],[[766a4011-7863-4fa0-b775-7bb5062572b1;a054aa53-5d0c-4603-930e-1eb5a08284f7;5ad797f1-cefa-44d1-ba19-75564319fc9c;ef87bfc1-00f0-4c3f-9289-98adbf95c868;5c37f67f-f24d-44b8-ab0c-5f8662fdd2f4;c2ede74d-605b-4c9e-a6c3-bb1a114ae53d]]
2026-04-26 10:07:11.756,4.874,CrossSignalAgreement_GT,atomic,[CrossSignalAgreement_GT],[1.0000],1,6,1.0000,[dt-1;dt-2;dt-3],[[766a4011-7863-4fa0-b775-7bb5062572b1;a054aa53-5d0c-4603-930e-1eb5a08284f7;5ad797f1-cefa-44d1-ba19-75564319fc9c;ef87bfc1-00f0-4c3f-9289-98adbf95c868;5c37f67f-f24d-44b8-ab0c-5f8662fdd2f4;c2ede74d-605b-4c9e-a6c3-bb1a114ae53d]]
2026-04-26 10:07:11.856,4.974,CrossSignalRelativeStable_GT,atomic,[CrossSignalRelativeStable_GT],[1.0000],1,6,1.0000,[dt-1;dt-2;dt-3],[[ef87bfc1-00f0-4c3f-9289-98adbf95c868;5c37f67f-f24d-44b8-ab0c-5f8662fdd2f4;c2ede74d-605b-4c9e-a6c3-bb1a114ae53d;ecd562c2-c10b-4bfc-ba60-1e1eea386247;f2640891-634c-4ea5-97b3-56e16932794c;d49e1797-7da7-439a-872b-63fd90739137]]
2026-04-26 10:07:11.857,4.975,CrossSignalAgreement_GT,atomic,[CrossSignalAgreement_GT],[1.0000],1,6,1.0000,[dt-1;dt-2;dt-3],[[ef87bfc1-00f0-4c3f-9289-98adbf95c868;5c37f67f-f24d-44b8-ab0c-5f8662fdd2f4;c2ede74d-605b-4c9e-a6c3-bb1a114ae53d;ecd562c2-c10b-4bfc-ba60-1e1eea386247;f2640891-634c-4ea5-97b3-56e16932794c;d49e1797-7da7-439a-872b-63fd90739137]]
2026-04-26 10:07:11.858,4.976,CrossSignalRelativeStable_SYS,atomic,[CrossSignalRelativeStable_SYS],[1.0000],1,6,1.0000,[dt-1;dt-2;dt-3],[[55bcaf97-4f9e-4964-9f03-ab07dc3b9d88;a3a3e225-02fc-4c67-9fa8-2e33d2fdf949;2cab09af-6776-46cd-93d3-ff792a20a1b9;f95021a9-4b21-442a-8ff9-12e9418e379a;24149ffb-b292-4044-835d-f8c0a104453c;a605a6ba-192b-4a66-9e97-551ff49b9d4c]]
2026-04-26 10:07:11.858,4.976,CrossSignalRelativeStable_OBS,atomic,[CrossSignalRelativeStable_OBS],[1.0000],1,6,1.0000,[dt-1;dt-2;dt-3],[[55bcaf97-4f9e-4964-9f03-ab07dc3b9d88;a3a3e225-02fc-4c67-9fa8-2e33d2fdf949;2cab09af-6776-46cd-93d3-ff792a20a1b9;f95021a9-4b21-442a-8ff9-12e9418e379a;24149ffb-b292-4044-835d-f8c0a104453c;a605a6ba-192b-4a66-9e97-551ff49b9d4c]]
2026-04-26 10:07:11.858,4.976,CrossSignalAgreement_SYS,atomic,[CrossSignalAgreement_SYS],[1.0000],1,6,1.0000,[dt-1;dt-2;dt-3],[[55bcaf97-4f9e-4964-9f03-ab07dc3b9d88;a3a3e225-02fc-4c67-9fa8-2e33d2fdf949;2cab09af-6776-46cd-93d3-ff792a20a1b9;f95021a9-4b21-442a-8ff9-12e9418e379a;24149ffb-b292-4044-835d-f8c0a104453c;a605a6ba-192b-4a66-9e97-551ff49b9d4c]]
2026-04-26 10:07:11.859,4.977,CrossSignalAgreement_OBS,atomic,[CrossSignalAgreement_OBS],[1.0000],1,6,1.0000,[dt-1;dt-2;dt-3],[[55bcaf97-4f9e-4964-9f03-ab07dc3b9d88;a3a3e225-02fc-4c67-9fa8-2e33d2fdf949;2cab09af-6776-46cd-93d3-ff792a20a1b9;f95021a9-4b21-442a-8ff9-12e9418e379a;24149ffb-b292-4044-835d-f8c0a104453c;a605a6ba-192b-4a66-9e97-551ff49b9d4c]]
2026-04-26 10:07:11.967,5.085,CrossSignalRelativeStable_GT,atomic,[CrossSignalRelativeStable_GT],[1.0000],1,6,1.0000,[dt-1;dt-2;dt-3],[[ecd562c2-c10b-4bfc-ba60-1e1eea386247;f2640891-634c-4ea5-97b3-56e16932794c;d49e1797-7da7-439a-872b-63fd90739137;12c4f23d-5b9b-4f4f-a1f7-736f14f31c55;8778b403-6caa-4bad-a535-dffe3d489b5c;f1542a95-bda3-4d7c-b009-394030bbc390]]
2026-04-26 10:07:11.968,5.086,CrossSignalAgreement_GT,atomic,[CrossSignalAgreement_GT],[1.0000],1,6,1.0000,[dt-1;dt-2;dt-3],[[ecd562c2-c10b-4bfc-ba60-1e1eea386247;f2640891-634c-4ea5-97b3-56e16932794c;d49e1797-7da7-439a-872b-63fd90739137;12c4f23d-5b9b-4f4f-a1f7-736f14f31c55;8778b403-6caa-4bad-a535-dffe3d489b5c;f1542a95-bda3-4d7c-b009-394030bbc390]]
2026-04-26 10:07:11.969,5.087,CrossSignalRelativeStable_SYS,atomic,[CrossSignalRelativeStable_SYS],[1.0000],1,6,1.0000,[dt-1;dt-2;dt-3],[[f95021a9-4b21-442a-8ff9-12e9418e379a;24149ffb-b292-4044-835d-f8c0a104453c;a605a6ba-192b-4a66-9e97-551ff49b9d4c;2d6f5459-774f-4b33-9c8d-3442df2c4606;0b84c588-cf02-4f09-b392-7345b8ac31e9;b36a4485-a1ea-4c76-b088-5c57121b2d9e]]
2026-04-26 10:07:11.969,5.087,CrossSignalRelativeStable_OBS,atomic,[CrossSignalRelativeStable_OBS],[1.0000],1,6,1.0000,[dt-1;dt-2;dt-3],[[f95021a9-4b21-442a-8ff9-12e9418e379a;24149ffb-b292-4044-835d-f8c0a104453c;a605a6ba-192b-4a66-9e97-551ff49b9d4c;2d6f5459-774f-4b33-9c8d-3442df2c4606;0b84c588-cf02-4f09-b392-7345b8ac31e9;b36a4485-a1ea-4c76-b088-5c57121b2d9e]]
2026-04-26 10:07:11.969,5.087,CrossSignalAgreement_SYS,atomic,[CrossSignalAgreement_SYS],[1.0000],1,6,1.0000,[dt-1;dt-2;dt-3],[[f95021a9-4b21-442a-8ff9-12e9418e379a;24149ffb-b292-4044-835d-f8c0a104453c;a605a6ba-192b-4a66-9e97-551ff49b9d4c;2d6f5459-774f-4b33-9c8d-3442df2c4606;0b84c588-cf02-4f09-b392-7345b8ac31e9;b36a4485-a1ea-4c76-b088-5c57121b2d9e]]
2026-04-26 10:07:11.970,5.088,CrossSignalAgreement_OBS,atomic,[CrossSignalAgreement_OBS],[1.0000],1,6,1.0000,[dt-1;dt-2;dt-3],[[f95021a9-4b21-442a-8ff9-12e9418e379a;24149ffb-b292-4044-835d-f8c0a104453c;a605a6ba-192b-4a66-9e97-551ff49b9d4c;2d6f5459-774f-4b33-9c8d-3442df2c4606;0b84c588-cf02-4f09-b392-7345b8ac31e9;b36a4485-a1ea-4c76-b088-5c57121b2d9e]]
2026-04-26 10:07:12.077,5.195,CrossSignalRelativeStable_GT,atomic,[CrossSignalRelativeStable_GT],[1.0000],1,6,1.0000,[dt-1;dt-2;dt-3],[[12c4f23d-5b9b-4f4f-a1f7-736f14f31c55;8778b403-6caa-4bad-a535-dffe3d489b5c;f1542a95-bda3-4d7c-b009-394030bbc390;2511d23a-c9fc-4518-b8af-6e1fa23a53b8;c3a72475-6f80-4ee8-b228-d29eeaf1aa8f;663c33c8-48d6-4ebf-929c-fc0aff6ce0c6]]
2026-04-26 10:07:12.078,5.196,CrossSignalAgreement_GT,atomic,[CrossSignalAgreement_GT],[1.0000],1,6,1.0000,[dt-1;dt-2;dt-3],[[12c4f23d-5b9b-4f4f-a1f7-736f14f31c55;8778b403-6caa-4bad-a535-dffe3d489b5c;f1542a95-bda3-4d7c-b009-394030bbc390;2511d23a-c9fc-4518-b8af-6e1fa23a53b8;c3a72475-6f80-4ee8-b228-d29eeaf1aa8f;663c33c8-48d6-4ebf-929c-fc0aff6ce0c6]]
2026-04-26 10:07:12.079,5.197,CrossSignalRelativeStable_SYS,atomic,[CrossSignalRelativeStable_SYS],[1.0000],1,6,1.0000,[dt-1;dt-2;dt-3],[[2d6f5459-774f-4b33-9c8d-3442df2c4606;0b84c588-cf02-4f09-b392-7345b8ac31e9;b36a4485-a1ea-4c76-b088-5c57121b2d9e;ae0f4e9b-2f55-4808-8f87-6f8ad57d6e54;54adc745-f94c-41a6-8d03-70db3b157f83;a9f3cb41-ed96-4983-ac9c-bf9293f21f0c]]
2026-04-26 10:07:12.080,5.198,CrossSignalRelativeStable_OBS,atomic,[CrossSignalRelativeStable_OBS],[1.0000],1,6,1.0000,[dt-1;dt-2;dt-3],[[2d6f5459-774f-4b33-9c8d-3442df2c4606;0b84c588-cf02-4f09-b392-7345b8ac31e9;b36a4485-a1ea-4c76-b088-5c57121b2d9e;ae0f4e9b-2f55-4808-8f87-6f8ad57d6e54;54adc745-f94c-41a6-8d03-70db3b157f83;a9f3cb41-ed96-4983-ac9c-bf9293f21f0c]]
2026-04-26 10:07:12.080,5.198,CrossSignalAgreement_SYS,atomic,[CrossSignalAgreement_SYS],[1.0000],1,6,1.0000,[dt-1;dt-2;dt-3],[[2d6f5459-774f-4b33-9c8d-3442df2c4606;0b84c588-cf02-4f09-b392-7345b8ac31e9;b36a4485-a1ea-4c76-b088-5c57121b2d9e;ae0f4e9b-2f55-4808-8f87-6f8ad57d6e54;54adc745-f94c-41a6-8d03-70db3b157f83;a9f3cb41-ed96-4983-ac9c-bf9293f21f0c]]
2026-04-26 10:07:12.080,5.198,CrossSignalAgreement_OBS,atomic,[CrossSignalAgreement_OBS],[1.0000],1,6,1.0000,[dt-1;dt-2;dt-3],[[2d6f5459-774f-4b33-9c8d-3442df2c4606;0b84c588-cf02-4f09-b392-7345b8ac31e9;b36a4485-a1ea-4c76-b088-5c57121b2d9e;ae0f4e9b-2f55-4808-8f87-6f8ad57d6e54;54adc745-f94c-41a6-8d03-70db3b157f83;a9f3cb41-ed96-4983-ac9c-bf9293f21f0c]]
2026-04-26 10:07:12.190,5.308,CrossSignalRelativeStable_GT,atomic,[CrossSignalRelativeStable_GT],[1.0000],1,6,1.0000,[dt-1;dt-2;dt-3],[[2511d23a-c9fc-4518-b8af-6e1fa23a53b8;c3a72475-6f80-4ee8-b228-d29eeaf1aa8f;663c33c8-48d6-4ebf-929c-fc0aff6ce0c6;be77453c-38c0-4b9a-bae5-fce7b4156a4b;af47382e-04b6-4d05-92dc-244a5887b266;07cfabe6-72b0-4fb3-8afe-bd21b10ab1ca]]
2026-04-26 10:07:12.190,5.308,CrossSignalAgreement_GT,atomic,[CrossSignalAgreement_GT],[1.0000],1,6,1.0000,[dt-1;dt-2;dt-3],[[2511d23a-c9fc-4518-b8af-6e1fa23a53b8;c3a72475-6f80-4ee8-b228-d29eeaf1aa8f;663c33c8-48d6-4ebf-929c-fc0aff6ce0c6;be77453c-38c0-4b9a-bae5-fce7b4156a4b;af47382e-04b6-4d05-92dc-244a5887b266;07cfabe6-72b0-4fb3-8afe-bd21b10ab1ca]]
2026-04-26 10:07:12.191,5.309,CrossSignalRelativeStable_SYS,atomic,[CrossSignalRelativeStable_SYS],[1.0000],1,6,1.0000,[dt-1;dt-2;dt-3],[[ae0f4e9b-2f55-4808-8f87-6f8ad57d6e54;54adc745-f94c-41a6-8d03-70db3b157f83;a9f3cb41-ed96-4983-ac9c-bf9293f21f0c;0ecb37c3-1253-4e93-9c64-9c07f710dd57;a17ee055-471f-4b09-bc8a-eb3e2f71ab86;085b6f10-606f-45dd-bcd4-c9c665c4a115]]
2026-04-26 10:07:12.192,5.310,CrossSignalRelativeStable_OBS,atomic,[CrossSignalRelativeStable_OBS],[1.0000],1,6,1.0000,[dt-1;dt-2;dt-3],[[ae0f4e9b-2f55-4808-8f87-6f8ad57d6e54;54adc745-f94c-41a6-8d03-70db3b157f83;a9f3cb41-ed96-4983-ac9c-bf9293f21f0c;0ecb37c3-1253-4e93-9c64-9c07f710dd57;a17ee055-471f-4b09-bc8a-eb3e2f71ab86;085b6f10-606f-45dd-bcd4-c9c665c4a115]]
2026-04-26 10:07:12.192,5.310,CrossSignalAgreement_SYS,atomic,[CrossSignalAgreement_SYS],[1.0000],1,6,1.0000,[dt-1;dt-2;dt-3],[[ae0f4e9b-2f55-4808-8f87-6f8ad57d6e54;54adc745-f94c-41a6-8d03-70db3b157f83;a9f3cb41-ed96-4983-ac9c-bf9293f21f0c;0ecb37c3-1253-4e93-9c64-9c07f710dd57;a17ee055-471f-4b09-bc8a-eb3e2f71ab86;085b6f10-606f-45dd-bcd4-c9c665c4a115]]
2026-04-26 10:07:12.193,5.311,CrossSignalAgreement_OBS,atomic,[CrossSignalAgreement_OBS],[1.0000],1,6,1.0000,[dt-1;dt-2;dt-3],[[ae0f4e9b-2f55-4808-8f87-6f8ad57d6e54;54adc745-f94c-41a6-8d03-70db3b157f83;a9f3cb41-ed96-4983-ac9c-bf9293f21f0c;0ecb37c3-1253-4e93-9c64-9c07f710dd57;a17ee055-471f-4b09-bc8a-eb3e2f71ab86;085b6f10-606f-45dd-bcd4-c9c665c4a115]]
2026-04-26 10:07:12.297,5.415,CrossSignalRelativeStable_GT,atomic,[CrossSignalRelativeStable_GT],[1.0000],1,6,1.0000,[dt-1;dt-2;dt-3],[[be77453c-38c0-4b9a-bae5-fce7b4156a4b;af47382e-04b6-4d05-92dc-244a5887b266;07cfabe6-72b0-4fb3-8afe-bd21b10ab1ca;0f64dbff-bc1a-4f73-aefe-a000f210e60a;c60d94fd-9688-4db7-b67f-2d28e38bc0b3;1ba88cf6-bc18-43cc-9740-93ed9f8e25d2]]
2026-04-26 10:07:12.298,5.416,CrossSignalAgreement_GT,atomic,[CrossSignalAgreement_GT],[1.0000],1,6,1.0000,[dt-1;dt-2;dt-3],[[be77453c-38c0-4b9a-bae5-fce7b4156a4b;af47382e-04b6-4d05-92dc-244a5887b266;07cfabe6-72b0-4fb3-8afe-bd21b10ab1ca;0f64dbff-bc1a-4f73-aefe-a000f210e60a;c60d94fd-9688-4db7-b67f-2d28e38bc0b3;1ba88cf6-bc18-43cc-9740-93ed9f8e25d2]]
2026-04-26 10:07:12.299,5.417,CrossSignalRelativeStable_SYS,atomic,[CrossSignalRelativeStable_SYS],[1.0000],1,6,1.0000,[dt-1;dt-2;dt-3],[[0ecb37c3-1253-4e93-9c64-9c07f710dd57;a17ee055-471f-4b09-bc8a-eb3e2f71ab86;085b6f10-606f-45dd-bcd4-c9c665c4a115;16ce8a8e-5200-48fb-8d71-faffbc43c882;e687d684-ba10-4db9-8180-dcd7615d66de;fdf32a39-6b21-44c6-bb34-1bb95cbdf4b1]]
2026-04-26 10:07:12.300,5.418,CrossSignalRelativeStable_OBS,atomic,[CrossSignalRelativeStable_OBS],[1.0000],1,6,1.0000,[dt-1;dt-2;dt-3],[[0ecb37c3-1253-4e93-9c64-9c07f710dd57;a17ee055-471f-4b09-bc8a-eb3e2f71ab86;085b6f10-606f-45dd-bcd4-c9c665c4a115;16ce8a8e-5200-48fb-8d71-faffbc43c882;e687d684-ba10-4db9-8180-dcd7615d66de;fdf32a39-6b21-44c6-bb34-1bb95cbdf4b1]]
2026-04-26 10:07:12.300,5.418,CrossSignalAgreement_SYS,atomic,[CrossSignalAgreement_SYS],[1.0000],1,6,1.0000,[dt-1;dt-2;dt-3],[[0ecb37c3-1253-4e93-9c64-9c07f710dd57;a17ee055-471f-4b09-bc8a-eb3e2f71ab86;085b6f10-606f-45dd-bcd4-c9c665c4a115;16ce8a8e-5200-48fb-8d71-faffbc43c882;e687d684-ba10-4db9-8180-dcd7615d66de;fdf32a39-6b21-44c6-bb34-1bb95cbdf4b1]]
2026-04-26 10:07:12.300,5.418,CrossSignalAgreement_OBS,atomic,[CrossSignalAgreement_OBS],[1.0000],1,6,1.0000,[dt-1;dt-2;dt-3],[[0ecb37c3-1253-4e93-9c64-9c07f710dd57;a17ee055-471f-4b09-bc8a-eb3e2f71ab86;085b6f10-606f-45dd-bcd4-c9c665c4a115;16ce8a8e-5200-48fb-8d71-faffbc43c882;e687d684-ba10-4db9-8180-dcd7615d66de;fdf32a39-6b21-44c6-bb34-1bb95cbdf4b1]]
2026-04-26 10:07:12.409,5.527,CrossSignalRelativeStable_GT,atomic,[CrossSignalRelativeStable_GT],[1.0000],1,6,1.0000,[dt-1;dt-2;dt-3],[[0f64dbff-bc1a-4f73-aefe-a000f210e60a;c60d94fd-9688-4db7-b67f-2d28e38bc0b3;1ba88cf6-bc18-43cc-9740-93ed9f8e25d2;bc38c144-9b28-4739-9724-d13279a3bc9f;b7af3ff6-b6f1-4a7f-b401-4dfd40c7e3f8;dba8faad-60c1-4316-ad3b-8cebce613b60]]
2026-04-26 10:07:12.410,5.528,CrossSignalAgreement_GT,atomic,[CrossSignalAgreement_GT],[1.0000],1,6,1.0000,[dt-1;dt-2;dt-3],[[0f64dbff-bc1a-4f73-aefe-a000f210e60a;c60d94fd-9688-4db7-b67f-2d28e38bc0b3;1ba88cf6-bc18-43cc-9740-93ed9f8e25d2;bc38c144-9b28-4739-9724-d13279a3bc9f;b7af3ff6-b6f1-4a7f-b401-4dfd40c7e3f8;dba8faad-60c1-4316-ad3b-8cebce613b60]]
2026-04-26 10:07:12.411,5.529,CrossSignalRelativeStable_SYS,atomic,[CrossSignalRelativeStable_SYS],[1.0000],1,6,1.0000,[dt-1;dt-2;dt-3],[[16ce8a8e-5200-48fb-8d71-faffbc43c882;e687d684-ba10-4db9-8180-dcd7615d66de;fdf32a39-6b21-44c6-bb34-1bb95cbdf4b1;6bbf2ad6-15c9-4ca5-8aa6-3d18c4f8eb43;ed160e08-0447-4330-bd91-d1b6101c0cc1;74b2f764-d7bf-4c80-8a4c-5e535c54a84a]]
2026-04-26 10:07:12.411,5.529,CrossSignalRelativeStable_OBS,atomic,[CrossSignalRelativeStable_OBS],[1.0000],1,6,1.0000,[dt-1;dt-2;dt-3],[[16ce8a8e-5200-48fb-8d71-faffbc43c882;e687d684-ba10-4db9-8180-dcd7615d66de;fdf32a39-6b21-44c6-bb34-1bb95cbdf4b1;6bbf2ad6-15c9-4ca5-8aa6-3d18c4f8eb43;ed160e08-0447-4330-bd91-d1b6101c0cc1;74b2f764-d7bf-4c80-8a4c-5e535c54a84a]]
2026-04-26 10:07:12.412,5.530,CrossSignalAgreement_SYS,atomic,[CrossSignalAgreement_SYS],[1.0000],1,6,1.0000,[dt-1;dt-2;dt-3],[[16ce8a8e-5200-48fb-8d71-faffbc43c882;e687d684-ba10-4db9-8180-dcd7615d66de;fdf32a39-6b21-44c6-bb34-1bb95cbdf4b1;6bbf2ad6-15c9-4ca5-8aa6-3d18c4f8eb43;ed160e08-0447-4330-bd91-d1b6101c0cc1;74b2f764-d7bf-4c80-8a4c-5e535c54a84a]]
2026-04-26 10:07:12.412,5.530,CrossSignalAgreement_OBS,atomic,[CrossSignalAgreement_OBS],[1.0000],1,6,1.0000,[dt-1;dt-2;dt-3],[[16ce8a8e-5200-48fb-8d71-faffbc43c882;e687d684-ba10-4db9-8180-dcd7615d66de;fdf32a39-6b21-44c6-bb34-1bb95cbdf4b1;6bbf2ad6-15c9-4ca5-8aa6-3d18c4f8eb43;ed160e08-0447-4330-bd91-d1b6101c0cc1;74b2f764-d7bf-4c80-8a4c-5e535c54a84a]]
2026-04-26 10:07:12.520,5.638,CrossSignalRelativeStable_GT,atomic,[CrossSignalRelativeStable_GT],[1.0000],1,6,1.0000,[dt-1;dt-2;dt-3],[[bc38c144-9b28-4739-9724-d13279a3bc9f;b7af3ff6-b6f1-4a7f-b401-4dfd40c7e3f8;dba8faad-60c1-4316-ad3b-8cebce613b60;8d8e86a4-bde4-42bc-afcd-9aa951eaed88;2d2025fc-dee5-4c79-baf4-ce50c81d018a;5ff92bde-b7b0-410e-b8ff-a9ec63cf444f]]
2026-04-26 10:07:12.520,5.638,CrossSignalAgreement_GT,atomic,[CrossSignalAgreement_GT],[1.0000],1,6,1.0000,[dt-1;dt-2;dt-3],[[bc38c144-9b28-4739-9724-d13279a3bc9f;b7af3ff6-b6f1-4a7f-b401-4dfd40c7e3f8;dba8faad-60c1-4316-ad3b-8cebce613b60;8d8e86a4-bde4-42bc-afcd-9aa951eaed88;2d2025fc-dee5-4c79-baf4-ce50c81d018a;5ff92bde-b7b0-410e-b8ff-a9ec63cf444f]]
2026-04-26 10:07:12.521,5.639,CrossSignalRelativeStable_SYS,atomic,[CrossSignalRelativeStable_SYS],[1.0000],1,6,1.0000,[dt-1;dt-2;dt-3],[[6bbf2ad6-15c9-4ca5-8aa6-3d18c4f8eb43;ed160e08-0447-4330-bd91-d1b6101c0cc1;74b2f764-d7bf-4c80-8a4c-5e535c54a84a;e7059ed6-8f38-484a-87ca-1c34c564d719;2b0d7037-1d28-4be1-8400-ed96b62a73d2;f3602f79-2089-46eb-a023-38c023def295]]
2026-04-26 10:07:12.522,5.640,CrossSignalRelativeStable_OBS,atomic,[CrossSignalRelativeStable_OBS],[1.0000],1,6,1.0000,[dt-1;dt-2;dt-3],[[6bbf2ad6-15c9-4ca5-8aa6-3d18c4f8eb43;ed160e08-0447-4330-bd91-d1b6101c0cc1;74b2f764-d7bf-4c80-8a4c-5e535c54a84a;e7059ed6-8f38-484a-87ca-1c34c564d719;2b0d7037-1d28-4be1-8400-ed96b62a73d2;f3602f79-2089-46eb-a023-38c023def295]]
2026-04-26 10:07:12.522,5.640,CrossSignalAgreement_SYS,atomic,[CrossSignalAgreement_SYS],[1.0000],1,6,1.0000,[dt-1;dt-2;dt-3],[[6bbf2ad6-15c9-4ca5-8aa6-3d18c4f8eb43;ed160e08-0447-4330-bd91-d1b6101c0cc1;74b2f764-d7bf-4c80-8a4c-5e535c54a84a;e7059ed6-8f38-484a-87ca-1c34c564d719;2b0d7037-1d28-4be1-8400-ed96b62a73d2;f3602f79-2089-46eb-a023-38c023def295]]
2026-04-26 10:07:12.523,5.641,CrossSignalAgreement_OBS,atomic,[CrossSignalAgreement_OBS],[1.0000],1,6,1.0000,[dt-1;dt-2;dt-3],[[6bbf2ad6-15c9-4ca5-8aa6-3d18c4f8eb43;ed160e08-0447-4330-bd91-d1b6101c0cc1;74b2f764-d7bf-4c80-8a4c-5e535c54a84a;e7059ed6-8f38-484a-87ca-1c34c564d719;2b0d7037-1d28-4be1-8400-ed96b62a73d2;f3602f79-2089-46eb-a023-38c023def295]]
2026-04-26 10:07:12.657,5.775,CrossSignalRelativeStable_GT,atomic,[CrossSignalRelativeStable_GT],[1.0000],1,6,1.0000,[dt-1;dt-2;dt-3],[[8d8e86a4-bde4-42bc-afcd-9aa951eaed88;2d2025fc-dee5-4c79-baf4-ce50c81d018a;5ff92bde-b7b0-410e-b8ff-a9ec63cf444f;4aec9a8e-c924-4024-8dd6-95c12edb63d3;598f3e0e-c5f4-410b-9fec-32e2824b1d05;68017bcc-eeac-4dd5-b681-c93a27041e80]]
2026-04-26 10:07:12.658,5.776,CrossSignalAgreement_GT,atomic,[CrossSignalAgreement_GT],[1.0000],1,6,1.0000,[dt-1;dt-2;dt-3],[[8d8e86a4-bde4-42bc-afcd-9aa951eaed88;2d2025fc-dee5-4c79-baf4-ce50c81d018a;5ff92bde-b7b0-410e-b8ff-a9ec63cf444f;4aec9a8e-c924-4024-8dd6-95c12edb63d3;598f3e0e-c5f4-410b-9fec-32e2824b1d05;68017bcc-eeac-4dd5-b681-c93a27041e80]]
2026-04-26 10:07:12.659,5.777,CrossSignalRelativeStable_SYS,atomic,[CrossSignalRelativeStable_SYS],[1.0000],1,6,1.0000,[dt-1;dt-2;dt-3],[[e7059ed6-8f38-484a-87ca-1c34c564d719;2b0d7037-1d28-4be1-8400-ed96b62a73d2;f3602f79-2089-46eb-a023-38c023def295;4ec9e922-fc10-43a5-9b8b-03b6ae9e17a1;44e5c90a-243a-421f-a2d2-353e31fc60db;9589e7d6-9240-40c5-9fb2-66d50edc5e9e]]
2026-04-26 10:07:12.659,5.777,CrossSignalRelativeStable_OBS,atomic,[CrossSignalRelativeStable_OBS],[1.0000],1,6,1.0000,[dt-1;dt-2;dt-3],[[e7059ed6-8f38-484a-87ca-1c34c564d719;2b0d7037-1d28-4be1-8400-ed96b62a73d2;f3602f79-2089-46eb-a023-38c023def295;4ec9e922-fc10-43a5-9b8b-03b6ae9e17a1;44e5c90a-243a-421f-a2d2-353e31fc60db;9589e7d6-9240-40c5-9fb2-66d50edc5e9e]]
2026-04-26 10:07:12.659,5.777,CrossSignalAgreement_SYS,atomic,[CrossSignalAgreement_SYS],[1.0000],1,6,1.0000,[dt-1;dt-2;dt-3],[[e7059ed6-8f38-484a-87ca-1c34c564d719;2b0d7037-1d28-4be1-8400-ed96b62a73d2;f3602f79-2089-46eb-a023-38c023def295;4ec9e922-fc10-43a5-9b8b-03b6ae9e17a1;44e5c90a-243a-421f-a2d2-353e31fc60db;9589e7d6-9240-40c5-9fb2-66d50edc5e9e]]
2026-04-26 10:07:12.660,5.778,CrossSignalAgreement_OBS,atomic,[CrossSignalAgreement_OBS],[1.0000],1,6,1.0000,[dt-1;dt-2;dt-3],[[e7059ed6-8f38-484a-87ca-1c34c564d719;2b0d7037-1d28-4be1-8400-ed96b62a73d2;f3602f79-2089-46eb-a023-38c023def295;4ec9e922-fc10-43a5-9b8b-03b6ae9e17a1;44e5c90a-243a-421f-a2d2-353e31fc60db;9589e7d6-9240-40c5-9fb2-66d50edc5e9e]]
2026-04-26 10:07:12.752,5.870,CrossSignalRelativeStable_GT,atomic,[CrossSignalRelativeStable_GT],[1.0000],1,6,1.0000,[dt-1;dt-2;dt-3],[[4aec9a8e-c924-4024-8dd6-95c12edb63d3;598f3e0e-c5f4-410b-9fec-32e2824b1d05;68017bcc-eeac-4dd5-b681-c93a27041e80;1b562336-0e49-4fd5-bf53-860ef0034743;1c31ab59-9db8-4cce-b5cb-4a66bdaf21aa;f402a015-b9e8-46eb-a4de-e98fc9a37a03]]
2026-04-26 10:07:12.753,5.871,CrossSignalAgreement_GT,atomic,[CrossSignalAgreement_GT],[1.0000],1,6,1.0000,[dt-1;dt-2;dt-3],[[4aec9a8e-c924-4024-8dd6-95c12edb63d3;598f3e0e-c5f4-410b-9fec-32e2824b1d05;68017bcc-eeac-4dd5-b681-c93a27041e80;1b562336-0e49-4fd5-bf53-860ef0034743;1c31ab59-9db8-4cce-b5cb-4a66bdaf21aa;f402a015-b9e8-46eb-a4de-e98fc9a37a03]]
2026-04-26 10:07:12.754,5.872,CrossSignalRelativeStable_SYS,atomic,[CrossSignalRelativeStable_SYS],[1.0000],1,6,1.0000,[dt-1;dt-2;dt-3],[[4ec9e922-fc10-43a5-9b8b-03b6ae9e17a1;44e5c90a-243a-421f-a2d2-353e31fc60db;9589e7d6-9240-40c5-9fb2-66d50edc5e9e;3d979520-1536-4348-8118-49e9188b1850;3c3c29d3-5847-48b4-84e0-391bbc980791;dfa907e2-9ac6-4393-aef7-b265c6f4d510]]
2026-04-26 10:07:12.755,5.873,CrossSignalRelativeStable_OBS,atomic,[CrossSignalRelativeStable_OBS],[1.0000],1,6,1.0000,[dt-1;dt-2;dt-3],[[4ec9e922-fc10-43a5-9b8b-03b6ae9e17a1;44e5c90a-243a-421f-a2d2-353e31fc60db;9589e7d6-9240-40c5-9fb2-66d50edc5e9e;3d979520-1536-4348-8118-49e9188b1850;3c3c29d3-5847-48b4-84e0-391bbc980791;dfa907e2-9ac6-4393-aef7-b265c6f4d510]]
2026-04-26 10:07:12.755,5.873,CrossSignalAgreement_SYS,atomic,[CrossSignalAgreement_SYS],[1.0000],1,6,1.0000,[dt-1;dt-2;dt-3],[[4ec9e922-fc10-43a5-9b8b-03b6ae9e17a1;44e5c90a-243a-421f-a2d2-353e31fc60db;9589e7d6-9240-40c5-9fb2-66d50edc5e9e;3d979520-1536-4348-8118-49e9188b1850;3c3c29d3-5847-48b4-84e0-391bbc980791;dfa907e2-9ac6-4393-aef7-b265c6f4d510]]
2026-04-26 10:07:12.756,5.874,CrossSignalAgreement_OBS,atomic,[CrossSignalAgreement_OBS],[1.0000],1,6,1.0000,[dt-1;dt-2;dt-3],[[4ec9e922-fc10-43a5-9b8b-03b6ae9e17a1;44e5c90a-243a-421f-a2d2-353e31fc60db;9589e7d6-9240-40c5-9fb2-66d50edc5e9e;3d979520-1536-4348-8118-49e9188b1850;3c3c29d3-5847-48b4-84e0-391bbc980791;dfa907e2-9ac6-4393-aef7-b265c6f4d510]]
2026-04-26 10:07:12.865,5.983,CrossSignalRelativeStable_GT,atomic,[CrossSignalRelativeStable_GT],[1.0000],1,6,1.0000,[dt-1;dt-2;dt-3],[[1b562336-0e49-4fd5-bf53-860ef0034743;1c31ab59-9db8-4cce-b5cb-4a66bdaf21aa;f402a015-b9e8-46eb-a4de-e98fc9a37a03;5e003178-e4a0-4ce9-aeac-6e117f389944;f2bf5d1e-4ac7-4628-9674-61ae1af2e96d;f3e0849a-5f14-4758-b873-9703c4d6e577]]
2026-04-26 10:07:12.866,5.984,CrossSignalAgreement_GT,atomic,[CrossSignalAgreement_GT],[1.0000],1,6,1.0000,[dt-1;dt-2;dt-3],[[1b562336-0e49-4fd5-bf53-860ef0034743;1c31ab59-9db8-4cce-b5cb-4a66bdaf21aa;f402a015-b9e8-46eb-a4de-e98fc9a37a03;5e003178-e4a0-4ce9-aeac-6e117f389944;f2bf5d1e-4ac7-4628-9674-61ae1af2e96d;f3e0849a-5f14-4758-b873-9703c4d6e577]]
2026-04-26 10:07:12.868,5.986,CrossSignalRelativeStable_SYS,atomic,[CrossSignalRelativeStable_SYS],[1.0000],1,6,1.0000,[dt-1;dt-2;dt-3],[[3d979520-1536-4348-8118-49e9188b1850;3c3c29d3-5847-48b4-84e0-391bbc980791;dfa907e2-9ac6-4393-aef7-b265c6f4d510;6c17be7a-3ede-499e-89ca-48dda0779605;d9e4f33e-6d5d-4066-b8be-89c7f50959ea;9bda9d00-089c-4b92-9e33-0260e318b27d]]
2026-04-26 10:07:12.868,5.986,CrossSignalRelativeStable_OBS,atomic,[CrossSignalRelativeStable_OBS],[1.0000],1,6,1.0000,[dt-1;dt-2;dt-3],[[3d979520-1536-4348-8118-49e9188b1850;3c3c29d3-5847-48b4-84e0-391bbc980791;dfa907e2-9ac6-4393-aef7-b265c6f4d510;6c17be7a-3ede-499e-89ca-48dda0779605;d9e4f33e-6d5d-4066-b8be-89c7f50959ea;9bda9d00-089c-4b92-9e33-0260e318b27d]]
2026-04-26 10:07:12.869,5.987,CrossSignalAgreement_SYS,atomic,[CrossSignalAgreement_SYS],[1.0000],1,6,1.0000,[dt-1;dt-2;dt-3],[[3d979520-1536-4348-8118-49e9188b1850;3c3c29d3-5847-48b4-84e0-391bbc980791;dfa907e2-9ac6-4393-aef7-b265c6f4d510;6c17be7a-3ede-499e-89ca-48dda0779605;d9e4f33e-6d5d-4066-b8be-89c7f50959ea;9bda9d00-089c-4b92-9e33-0260e318b27d]]
2026-04-26 10:07:12.869,5.987,CrossSignalAgreement_OBS,atomic,[CrossSignalAgreement_OBS],[1.0000],1,6,1.0000,[dt-1;dt-2;dt-3],[[3d979520-1536-4348-8118-49e9188b1850;3c3c29d3-5847-48b4-84e0-391bbc980791;dfa907e2-9ac6-4393-aef7-b265c6f4d510;6c17be7a-3ede-499e-89ca-48dda0779605;d9e4f33e-6d5d-4066-b8be-89c7f50959ea;9bda9d00-089c-4b92-9e33-0260e318b27d]]
2026-04-26 10:07:12.974,6.092,CrossSignalRelativeStable_GT,atomic,[CrossSignalRelativeStable_GT],[1.0000],1,6,1.0000,[dt-1;dt-2;dt-3],[[5e003178-e4a0-4ce9-aeac-6e117f389944;f2bf5d1e-4ac7-4628-9674-61ae1af2e96d;f3e0849a-5f14-4758-b873-9703c4d6e577;7beb598f-2432-4692-b3cf-bd92336a14f1;95b1c095-2d02-4d96-bd8f-a63665d016de;9afb624a-aa41-408d-9dae-5ac9d4e13a0a]]
2026-04-26 10:07:12.975,6.093,CrossSignalAgreement_GT,atomic,[CrossSignalAgreement_GT],[1.0000],1,6,1.0000,[dt-1;dt-2;dt-3],[[5e003178-e4a0-4ce9-aeac-6e117f389944;f2bf5d1e-4ac7-4628-9674-61ae1af2e96d;f3e0849a-5f14-4758-b873-9703c4d6e577;7beb598f-2432-4692-b3cf-bd92336a14f1;95b1c095-2d02-4d96-bd8f-a63665d016de;9afb624a-aa41-408d-9dae-5ac9d4e13a0a]]
2026-04-26 10:07:12.977,6.095,CrossSignalRelativeStable_SYS,atomic,[CrossSignalRelativeStable_SYS],[1.0000],1,6,1.0000,[dt-1;dt-2;dt-3],[[6c17be7a-3ede-499e-89ca-48dda0779605;d9e4f33e-6d5d-4066-b8be-89c7f50959ea;9bda9d00-089c-4b92-9e33-0260e318b27d;d98b52b2-1e4c-41e3-af21-bf8881fee885;886366c5-1ffd-4a6d-8f79-08daf8762ab7;82f641e2-506d-4ac7-b1e4-87213402e92f]]
2026-04-26 10:07:12.977,6.095,CrossSignalRelativeStable_OBS,atomic,[CrossSignalRelativeStable_OBS],[1.0000],1,6,1.0000,[dt-1;dt-2;dt-3],[[6c17be7a-3ede-499e-89ca-48dda0779605;d9e4f33e-6d5d-4066-b8be-89c7f50959ea;9bda9d00-089c-4b92-9e33-0260e318b27d;d98b52b2-1e4c-41e3-af21-bf8881fee885;886366c5-1ffd-4a6d-8f79-08daf8762ab7;82f641e2-506d-4ac7-b1e4-87213402e92f]]
2026-04-26 10:07:12.977,6.095,CrossSignalAgreement_SYS,atomic,[CrossSignalAgreement_SYS],[1.0000],1,6,1.0000,[dt-1;dt-2;dt-3],[[6c17be7a-3ede-499e-89ca-48dda0779605;d9e4f33e-6d5d-4066-b8be-89c7f50959ea;9bda9d00-089c-4b92-9e33-0260e318b27d;d98b52b2-1e4c-41e3-af21-bf8881fee885;886366c5-1ffd-4a6d-8f79-08daf8762ab7;82f641e2-506d-4ac7-b1e4-87213402e92f]]
2026-04-26 10:07:12.977,6.095,CrossSignalAgreement_OBS,atomic,[CrossSignalAgreement_OBS],[1.0000],1,6,1.0000,[dt-1;dt-2;dt-3],[[6c17be7a-3ede-499e-89ca-48dda0779605;d9e4f33e-6d5d-4066-b8be-89c7f50959ea;9bda9d00-089c-4b92-9e33-0260e318b27d;d98b52b2-1e4c-41e3-af21-bf8881fee885;886366c5-1ffd-4a6d-8f79-08daf8762ab7;82f641e2-506d-4ac7-b1e4-87213402e92f]]
2026-04-26 10:07:13.082,6.200,CrossSignalRelativeStable_GT,atomic,[CrossSignalRelativeStable_GT],[1.0000],1,6,1.0000,[dt-1;dt-2;dt-3],[[7beb598f-2432-4692-b3cf-bd92336a14f1;95b1c095-2d02-4d96-bd8f-a63665d016de;9afb624a-aa41-408d-9dae-5ac9d4e13a0a;280fc974-a0a5-48fc-ad31-c4c07d90436e;1eb675c7-afa8-48d8-b4f0-f9dba41c517f;f69f628a-5a00-4de7-95de-22591be645ff]]
2026-04-26 10:07:13.083,6.201,CrossSignalAgreement_GT,atomic,[CrossSignalAgreement_GT],[1.0000],1,6,1.0000,[dt-1;dt-2;dt-3],[[7beb598f-2432-4692-b3cf-bd92336a14f1;95b1c095-2d02-4d96-bd8f-a63665d016de;9afb624a-aa41-408d-9dae-5ac9d4e13a0a;280fc974-a0a5-48fc-ad31-c4c07d90436e;1eb675c7-afa8-48d8-b4f0-f9dba41c517f;f69f628a-5a00-4de7-95de-22591be645ff]]
2026-04-26 10:07:13.084,6.202,CrossSignalRelativeStable_SYS,atomic,[CrossSignalRelativeStable_SYS],[1.0000],1,6,1.0000,[dt-1;dt-2;dt-3],[[d98b52b2-1e4c-41e3-af21-bf8881fee885;886366c5-1ffd-4a6d-8f79-08daf8762ab7;82f641e2-506d-4ac7-b1e4-87213402e92f;13028521-c398-4579-877e-02eef80cb099;ba3f78ce-ea29-41cf-8988-603f822e5ed8;ad16f5e8-427b-45c2-b57c-55e879fc07c9]]
2026-04-26 10:07:13.084,6.202,CrossSignalRelativeStable_OBS,atomic,[CrossSignalRelativeStable_OBS],[1.0000],1,6,1.0000,[dt-1;dt-2;dt-3],[[d98b52b2-1e4c-41e3-af21-bf8881fee885;886366c5-1ffd-4a6d-8f79-08daf8762ab7;82f641e2-506d-4ac7-b1e4-87213402e92f;13028521-c398-4579-877e-02eef80cb099;ba3f78ce-ea29-41cf-8988-603f822e5ed8;ad16f5e8-427b-45c2-b57c-55e879fc07c9]]
2026-04-26 10:07:13.084,6.202,CrossSignalAgreement_SYS,atomic,[CrossSignalAgreement_SYS],[1.0000],1,6,1.0000,[dt-1;dt-2;dt-3],[[d98b52b2-1e4c-41e3-af21-bf8881fee885;886366c5-1ffd-4a6d-8f79-08daf8762ab7;82f641e2-506d-4ac7-b1e4-87213402e92f;13028521-c398-4579-877e-02eef80cb099;ba3f78ce-ea29-41cf-8988-603f822e5ed8;ad16f5e8-427b-45c2-b57c-55e879fc07c9]]
2026-04-26 10:07:13.084,6.202,CrossSignalAgreement_OBS,atomic,[CrossSignalAgreement_OBS],[1.0000],1,6,1.0000,[dt-1;dt-2;dt-3],[[d98b52b2-1e4c-41e3-af21-bf8881fee885;886366c5-1ffd-4a6d-8f79-08daf8762ab7;82f641e2-506d-4ac7-b1e4-87213402e92f;13028521-c398-4579-877e-02eef80cb099;ba3f78ce-ea29-41cf-8988-603f822e5ed8;ad16f5e8-427b-45c2-b57c-55e879fc07c9]]
2026-04-26 10:07:13.194,6.312,CrossSignalRelativeStable_GT,atomic,[CrossSignalRelativeStable_GT],[1.0000],1,6,1.0000,[dt-1;dt-2;dt-3],[[280fc974-a0a5-48fc-ad31-c4c07d90436e;1eb675c7-afa8-48d8-b4f0-f9dba41c517f;f69f628a-5a00-4de7-95de-22591be645ff;9f6832c6-084b-4a40-b9a6-cf4d9b227449;1fdc676a-f8fc-4995-9376-fe7a9996beab;17747e75-16b4-4296-97ba-bac962ba8e2e]]
2026-04-26 10:07:13.195,6.313,CrossSignalAgreement_GT,atomic,[CrossSignalAgreement_GT],[1.0000],1,6,1.0000,[dt-1;dt-2;dt-3],[[280fc974-a0a5-48fc-ad31-c4c07d90436e;1eb675c7-afa8-48d8-b4f0-f9dba41c517f;f69f628a-5a00-4de7-95de-22591be645ff;9f6832c6-084b-4a40-b9a6-cf4d9b227449;1fdc676a-f8fc-4995-9376-fe7a9996beab;17747e75-16b4-4296-97ba-bac962ba8e2e]]
2026-04-26 10:07:13.197,6.315,CrossSignalRelativeStable_SYS,atomic,[CrossSignalRelativeStable_SYS],[1.0000],1,6,1.0000,[dt-1;dt-2;dt-3],[[13028521-c398-4579-877e-02eef80cb099;ba3f78ce-ea29-41cf-8988-603f822e5ed8;ad16f5e8-427b-45c2-b57c-55e879fc07c9;21567411-331a-4ddb-a383-3fa1aee00f33;b10e9066-a388-4faa-a0ce-a9623ecea866;141d1b57-e27d-42e1-a893-88bf250e0da5]]
2026-04-26 10:07:13.197,6.315,CrossSignalRelativeStable_OBS,atomic,[CrossSignalRelativeStable_OBS],[1.0000],1,6,1.0000,[dt-1;dt-2;dt-3],[[13028521-c398-4579-877e-02eef80cb099;ba3f78ce-ea29-41cf-8988-603f822e5ed8;ad16f5e8-427b-45c2-b57c-55e879fc07c9;21567411-331a-4ddb-a383-3fa1aee00f33;b10e9066-a388-4faa-a0ce-a9623ecea866;141d1b57-e27d-42e1-a893-88bf250e0da5]]
2026-04-26 10:07:13.197,6.315,CrossSignalAgreement_SYS,atomic,[CrossSignalAgreement_SYS],[1.0000],1,6,1.0000,[dt-1;dt-2;dt-3],[[13028521-c398-4579-877e-02eef80cb099;ba3f78ce-ea29-41cf-8988-603f822e5ed8;ad16f5e8-427b-45c2-b57c-55e879fc07c9;21567411-331a-4ddb-a383-3fa1aee00f33;b10e9066-a388-4faa-a0ce-a9623ecea866;141d1b57-e27d-42e1-a893-88bf250e0da5]]
2026-04-26 10:07:13.198,6.316,CrossSignalAgreement_OBS,atomic,[CrossSignalAgreement_OBS],[1.0000],1,6,1.0000,[dt-1;dt-2;dt-3],[[13028521-c398-4579-877e-02eef80cb099;ba3f78ce-ea29-41cf-8988-603f822e5ed8;ad16f5e8-427b-45c2-b57c-55e879fc07c9;21567411-331a-4ddb-a383-3fa1aee00f33;b10e9066-a388-4faa-a0ce-a9623ecea866;141d1b57-e27d-42e1-a893-88bf250e0da5]]
2026-04-26 10:07:13.305,6.423,CrossSignalRelativeStable_GT,atomic,[CrossSignalRelativeStable_GT],[1.0000],1,6,1.0000,[dt-1;dt-2;dt-3],[[9f6832c6-084b-4a40-b9a6-cf4d9b227449;1fdc676a-f8fc-4995-9376-fe7a9996beab;17747e75-16b4-4296-97ba-bac962ba8e2e;a569a4d3-8812-47a0-bd02-7b6613582143;1096ec0c-efff-4eeb-969c-92571c7392e9;9697e6fd-a0b2-4a16-bade-32cf171b029f]]
2026-04-26 10:07:13.306,6.424,CrossSignalAgreement_GT,atomic,[CrossSignalAgreement_GT],[1.0000],1,6,1.0000,[dt-1;dt-2;dt-3],[[9f6832c6-084b-4a40-b9a6-cf4d9b227449;1fdc676a-f8fc-4995-9376-fe7a9996beab;17747e75-16b4-4296-97ba-bac962ba8e2e;a569a4d3-8812-47a0-bd02-7b6613582143;1096ec0c-efff-4eeb-969c-92571c7392e9;9697e6fd-a0b2-4a16-bade-32cf171b029f]]
2026-04-26 10:07:13.307,6.425,CrossSignalRelativeStable_SYS,atomic,[CrossSignalRelativeStable_SYS],[1.0000],1,6,1.0000,[dt-1;dt-2;dt-3],[[21567411-331a-4ddb-a383-3fa1aee00f33;b10e9066-a388-4faa-a0ce-a9623ecea866;141d1b57-e27d-42e1-a893-88bf250e0da5;df12681a-588a-442b-a566-d338ec22776c;32eedd13-6866-41eb-840f-c1e270659744;a5fdde7d-0fe2-4c05-878f-842e5a308ccb]]
2026-04-26 10:07:13.307,6.425,CrossSignalRelativeStable_OBS,atomic,[CrossSignalRelativeStable_OBS],[1.0000],1,6,1.0000,[dt-1;dt-2;dt-3],[[21567411-331a-4ddb-a383-3fa1aee00f33;b10e9066-a388-4faa-a0ce-a9623ecea866;141d1b57-e27d-42e1-a893-88bf250e0da5;df12681a-588a-442b-a566-d338ec22776c;32eedd13-6866-41eb-840f-c1e270659744;a5fdde7d-0fe2-4c05-878f-842e5a308ccb]]
2026-04-26 10:07:13.308,6.426,CrossSignalAgreement_SYS,atomic,[CrossSignalAgreement_SYS],[1.0000],1,6,1.0000,[dt-1;dt-2;dt-3],[[21567411-331a-4ddb-a383-3fa1aee00f33;b10e9066-a388-4faa-a0ce-a9623ecea866;141d1b57-e27d-42e1-a893-88bf250e0da5;df12681a-588a-442b-a566-d338ec22776c;32eedd13-6866-41eb-840f-c1e270659744;a5fdde7d-0fe2-4c05-878f-842e5a308ccb]]
2026-04-26 10:07:13.308,6.426,CrossSignalAgreement_OBS,atomic,[CrossSignalAgreement_OBS],[1.0000],1,6,1.0000,[dt-1;dt-2;dt-3],[[21567411-331a-4ddb-a383-3fa1aee00f33;b10e9066-a388-4faa-a0ce-a9623ecea866;141d1b57-e27d-42e1-a893-88bf250e0da5;df12681a-588a-442b-a566-d338ec22776c;32eedd13-6866-41eb-840f-c1e270659744;a5fdde7d-0fe2-4c05-878f-842e5a308ccb]]
2026-04-26 10:07:13.414,6.532,CrossSignalRelativeStable_GT,atomic,[CrossSignalRelativeStable_GT],[1.0000],1,6,1.0000,[dt-1;dt-2;dt-3],[[a569a4d3-8812-47a0-bd02-7b6613582143;1096ec0c-efff-4eeb-969c-92571c7392e9;9697e6fd-a0b2-4a16-bade-32cf171b029f;e30ae337-2d35-4733-8295-210ce86cd60d;0c2f9eba-6108-480c-880a-60d48137e93a;22ee6e9f-609c-496b-b89b-0a4ac238c5d4]]
2026-04-26 10:07:13.415,6.533,CrossSignalAgreement_GT,atomic,[CrossSignalAgreement_GT],[1.0000],1,6,1.0000,[dt-1;dt-2;dt-3],[[a569a4d3-8812-47a0-bd02-7b6613582143;1096ec0c-efff-4eeb-969c-92571c7392e9;9697e6fd-a0b2-4a16-bade-32cf171b029f;e30ae337-2d35-4733-8295-210ce86cd60d;0c2f9eba-6108-480c-880a-60d48137e93a;22ee6e9f-609c-496b-b89b-0a4ac238c5d4]]
2026-04-26 10:07:13.418,6.536,CrossSignalRelativeStable_SYS,atomic,[CrossSignalRelativeStable_SYS],[1.0000],1,6,1.0000,[dt-1;dt-2;dt-3],[[df12681a-588a-442b-a566-d338ec22776c;32eedd13-6866-41eb-840f-c1e270659744;a5fdde7d-0fe2-4c05-878f-842e5a308ccb;424e17f2-50bd-4104-a8cc-9b8760c32f1a;a9be0442-1781-4a88-b2a5-cdfa34dfe4ba;48c4090f-2bbb-4f47-bf56-761b100b9dd4]]
2026-04-26 10:07:13.419,6.537,CrossSignalRelativeStable_OBS,atomic,[CrossSignalRelativeStable_OBS],[1.0000],1,6,1.0000,[dt-1;dt-2;dt-3],[[df12681a-588a-442b-a566-d338ec22776c;32eedd13-6866-41eb-840f-c1e270659744;a5fdde7d-0fe2-4c05-878f-842e5a308ccb;424e17f2-50bd-4104-a8cc-9b8760c32f1a;a9be0442-1781-4a88-b2a5-cdfa34dfe4ba;48c4090f-2bbb-4f47-bf56-761b100b9dd4]]
2026-04-26 10:07:13.420,6.538,CrossSignalAgreement_SYS,atomic,[CrossSignalAgreement_SYS],[1.0000],1,6,1.0000,[dt-1;dt-2;dt-3],[[df12681a-588a-442b-a566-d338ec22776c;32eedd13-6866-41eb-840f-c1e270659744;a5fdde7d-0fe2-4c05-878f-842e5a308ccb;424e17f2-50bd-4104-a8cc-9b8760c32f1a;a9be0442-1781-4a88-b2a5-cdfa34dfe4ba;48c4090f-2bbb-4f47-bf56-761b100b9dd4]]
2026-04-26 10:07:13.420,6.538,CrossSignalAgreement_OBS,atomic,[CrossSignalAgreement_OBS],[1.0000],1,6,1.0000,[dt-1;dt-2;dt-3],[[df12681a-588a-442b-a566-d338ec22776c;32eedd13-6866-41eb-840f-c1e270659744;a5fdde7d-0fe2-4c05-878f-842e5a308ccb;424e17f2-50bd-4104-a8cc-9b8760c32f1a;a9be0442-1781-4a88-b2a5-cdfa34dfe4ba;48c4090f-2bbb-4f47-bf56-761b100b9dd4]]
2026-04-26 10:07:13.527,6.645,CrossSignalRelativeStable_GT,atomic,[CrossSignalRelativeStable_GT],[1.0000],1,6,1.0000,[dt-1;dt-2;dt-3],[[e30ae337-2d35-4733-8295-210ce86cd60d;0c2f9eba-6108-480c-880a-60d48137e93a;22ee6e9f-609c-496b-b89b-0a4ac238c5d4;1f1dc954-bef5-4e45-b261-2fd7e671c053;ac2d51b4-ad5c-4341-ac7e-d128ec16ae97;b5fbd47b-1b2c-4d32-a479-7822fe5bc097]]
2026-04-26 10:07:13.528,6.646,CrossSignalAgreement_GT,atomic,[CrossSignalAgreement_GT],[1.0000],1,6,1.0000,[dt-1;dt-2;dt-3],[[e30ae337-2d35-4733-8295-210ce86cd60d;0c2f9eba-6108-480c-880a-60d48137e93a;22ee6e9f-609c-496b-b89b-0a4ac238c5d4;1f1dc954-bef5-4e45-b261-2fd7e671c053;ac2d51b4-ad5c-4341-ac7e-d128ec16ae97;b5fbd47b-1b2c-4d32-a479-7822fe5bc097]]
2026-04-26 10:07:13.529,6.647,CrossSignalRelativeStable_SYS,atomic,[CrossSignalRelativeStable_SYS],[1.0000],1,6,1.0000,[dt-1;dt-2;dt-3],[[424e17f2-50bd-4104-a8cc-9b8760c32f1a;a9be0442-1781-4a88-b2a5-cdfa34dfe4ba;48c4090f-2bbb-4f47-bf56-761b100b9dd4;1babd97e-9c68-4d94-8da6-90a0c79f8412;fd8886ed-5aa7-41ec-a2d3-bb0e05137dca;eb996f63-6db2-4b52-97b3-a6b3fbf9480a]]
2026-04-26 10:07:13.529,6.647,CrossSignalRelativeStable_OBS,atomic,[CrossSignalRelativeStable_OBS],[1.0000],1,6,1.0000,[dt-1;dt-2;dt-3],[[424e17f2-50bd-4104-a8cc-9b8760c32f1a;a9be0442-1781-4a88-b2a5-cdfa34dfe4ba;48c4090f-2bbb-4f47-bf56-761b100b9dd4;1babd97e-9c68-4d94-8da6-90a0c79f8412;fd8886ed-5aa7-41ec-a2d3-bb0e05137dca;eb996f63-6db2-4b52-97b3-a6b3fbf9480a]]
2026-04-26 10:07:13.529,6.647,CrossSignalAgreement_SYS,atomic,[CrossSignalAgreement_SYS],[1.0000],1,6,1.0000,[dt-1;dt-2;dt-3],[[424e17f2-50bd-4104-a8cc-9b8760c32f1a;a9be0442-1781-4a88-b2a5-cdfa34dfe4ba;48c4090f-2bbb-4f47-bf56-761b100b9dd4;1babd97e-9c68-4d94-8da6-90a0c79f8412;fd8886ed-5aa7-41ec-a2d3-bb0e05137dca;eb996f63-6db2-4b52-97b3-a6b3fbf9480a]]
2026-04-26 10:07:13.529,6.647,CrossSignalAgreement_OBS,atomic,[CrossSignalAgreement_OBS],[1.0000],1,6,1.0000,[dt-1;dt-2;dt-3],[[424e17f2-50bd-4104-a8cc-9b8760c32f1a;a9be0442-1781-4a88-b2a5-cdfa34dfe4ba;48c4090f-2bbb-4f47-bf56-761b100b9dd4;1babd97e-9c68-4d94-8da6-90a0c79f8412;fd8886ed-5aa7-41ec-a2d3-bb0e05137dca;eb996f63-6db2-4b52-97b3-a6b3fbf9480a]]
2026-04-26 10:07:13.637,6.755,CrossSignalRelativeStable_GT,atomic,[CrossSignalRelativeStable_GT],[1.0000],1,6,1.0000,[dt-1;dt-2;dt-3],[[1f1dc954-bef5-4e45-b261-2fd7e671c053;ac2d51b4-ad5c-4341-ac7e-d128ec16ae97;b5fbd47b-1b2c-4d32-a479-7822fe5bc097;5e38c82c-25a0-42bf-99e7-4f5f6c5bc239;119f457e-2da2-4ca7-b796-d54f27399c05;68655110-59d3-4cab-8ac4-b6a3a245866e]]
2026-04-26 10:07:13.637,6.755,CrossSignalAgreement_GT,atomic,[CrossSignalAgreement_GT],[1.0000],1,6,1.0000,[dt-1;dt-2;dt-3],[[1f1dc954-bef5-4e45-b261-2fd7e671c053;ac2d51b4-ad5c-4341-ac7e-d128ec16ae97;b5fbd47b-1b2c-4d32-a479-7822fe5bc097;5e38c82c-25a0-42bf-99e7-4f5f6c5bc239;119f457e-2da2-4ca7-b796-d54f27399c05;68655110-59d3-4cab-8ac4-b6a3a245866e]]
2026-04-26 10:07:13.638,6.756,CrossSignalRelativeStable_SYS,atomic,[CrossSignalRelativeStable_SYS],[1.0000],1,6,1.0000,[dt-1;dt-2;dt-3],[[1babd97e-9c68-4d94-8da6-90a0c79f8412;fd8886ed-5aa7-41ec-a2d3-bb0e05137dca;eb996f63-6db2-4b52-97b3-a6b3fbf9480a;ea3346a1-1ae0-4b53-8511-1cd698888bd1;9e5b8224-aefe-4392-9887-30f8391981cc;73400db3-1660-4a8e-b363-b80771a306c1]]
2026-04-26 10:07:13.638,6.756,CrossSignalRelativeStable_OBS,atomic,[CrossSignalRelativeStable_OBS],[1.0000],1,6,1.0000,[dt-1;dt-2;dt-3],[[1babd97e-9c68-4d94-8da6-90a0c79f8412;fd8886ed-5aa7-41ec-a2d3-bb0e05137dca;eb996f63-6db2-4b52-97b3-a6b3fbf9480a;ea3346a1-1ae0-4b53-8511-1cd698888bd1;9e5b8224-aefe-4392-9887-30f8391981cc;73400db3-1660-4a8e-b363-b80771a306c1]]
2026-04-26 10:07:13.639,6.757,CrossSignalAgreement_SYS,atomic,[CrossSignalAgreement_SYS],[1.0000],1,6,1.0000,[dt-1;dt-2;dt-3],[[1babd97e-9c68-4d94-8da6-90a0c79f8412;fd8886ed-5aa7-41ec-a2d3-bb0e05137dca;eb996f63-6db2-4b52-97b3-a6b3fbf9480a;ea3346a1-1ae0-4b53-8511-1cd698888bd1;9e5b8224-aefe-4392-9887-30f8391981cc;73400db3-1660-4a8e-b363-b80771a306c1]]
2026-04-26 10:07:13.639,6.757,CrossSignalAgreement_OBS,atomic,[CrossSignalAgreement_OBS],[1.0000],1,6,1.0000,[dt-1;dt-2;dt-3],[[1babd97e-9c68-4d94-8da6-90a0c79f8412;fd8886ed-5aa7-41ec-a2d3-bb0e05137dca;eb996f63-6db2-4b52-97b3-a6b3fbf9480a;ea3346a1-1ae0-4b53-8511-1cd698888bd1;9e5b8224-aefe-4392-9887-30f8391981cc;73400db3-1660-4a8e-b363-b80771a306c1]]
2026-04-26 10:07:13.747,6.865,CrossSignalRelativeStable_GT,atomic,[CrossSignalRelativeStable_GT],[1.0000],1,6,1.0000,[dt-1;dt-2;dt-3],[[5e38c82c-25a0-42bf-99e7-4f5f6c5bc239;119f457e-2da2-4ca7-b796-d54f27399c05;68655110-59d3-4cab-8ac4-b6a3a245866e;f6d3f568-9f7e-4f51-bd60-9edcf62380a6;ef72ddd3-f7b6-4e25-8dea-824d78c304d6;6c8c650f-1e9a-4173-af25-1ff54b55383a]]
2026-04-26 10:07:13.747,6.865,CrossSignalAgreement_GT,atomic,[CrossSignalAgreement_GT],[1.0000],1,6,1.0000,[dt-1;dt-2;dt-3],[[5e38c82c-25a0-42bf-99e7-4f5f6c5bc239;119f457e-2da2-4ca7-b796-d54f27399c05;68655110-59d3-4cab-8ac4-b6a3a245866e;f6d3f568-9f7e-4f51-bd60-9edcf62380a6;ef72ddd3-f7b6-4e25-8dea-824d78c304d6;6c8c650f-1e9a-4173-af25-1ff54b55383a]]
2026-04-26 10:07:13.748,6.866,CrossSignalRelativeStable_SYS,atomic,[CrossSignalRelativeStable_SYS],[1.0000],1,6,1.0000,[dt-1;dt-2;dt-3],[[ea3346a1-1ae0-4b53-8511-1cd698888bd1;9e5b8224-aefe-4392-9887-30f8391981cc;73400db3-1660-4a8e-b363-b80771a306c1;7ecea3c0-f0d8-4000-80a5-02ad3edbb550;ad1c9908-71a1-48e1-9543-44cfa86f91a2;541023e9-0ae6-4a89-8e97-6f6ce017008e]]
2026-04-26 10:07:13.749,6.867,CrossSignalRelativeStable_OBS,atomic,[CrossSignalRelativeStable_OBS],[1.0000],1,6,1.0000,[dt-1;dt-2;dt-3],[[ea3346a1-1ae0-4b53-8511-1cd698888bd1;9e5b8224-aefe-4392-9887-30f8391981cc;73400db3-1660-4a8e-b363-b80771a306c1;7ecea3c0-f0d8-4000-80a5-02ad3edbb550;ad1c9908-71a1-48e1-9543-44cfa86f91a2;541023e9-0ae6-4a89-8e97-6f6ce017008e]]
2026-04-26 10:07:13.749,6.867,CrossSignalAgreement_SYS,atomic,[CrossSignalAgreement_SYS],[1.0000],1,6,1.0000,[dt-1;dt-2;dt-3],[[ea3346a1-1ae0-4b53-8511-1cd698888bd1;9e5b8224-aefe-4392-9887-30f8391981cc;73400db3-1660-4a8e-b363-b80771a306c1;7ecea3c0-f0d8-4000-80a5-02ad3edbb550;ad1c9908-71a1-48e1-9543-44cfa86f91a2;541023e9-0ae6-4a89-8e97-6f6ce017008e]]
2026-04-26 10:07:13.749,6.867,CrossSignalAgreement_OBS,atomic,[CrossSignalAgreement_OBS],[1.0000],1,6,1.0000,[dt-1;dt-2;dt-3],[[ea3346a1-1ae0-4b53-8511-1cd698888bd1;9e5b8224-aefe-4392-9887-30f8391981cc;73400db3-1660-4a8e-b363-b80771a306c1;7ecea3c0-f0d8-4000-80a5-02ad3edbb550;ad1c9908-71a1-48e1-9543-44cfa86f91a2;541023e9-0ae6-4a89-8e97-6f6ce017008e]]
2026-04-26 10:07:13.855,6.973,CrossSignalRelativeStable_GT,atomic,[CrossSignalRelativeStable_GT],[1.0000],1,6,1.0000,[dt-1;dt-2;dt-3],[[f6d3f568-9f7e-4f51-bd60-9edcf62380a6;ef72ddd3-f7b6-4e25-8dea-824d78c304d6;6c8c650f-1e9a-4173-af25-1ff54b55383a;b6d5542b-e8f3-4a2a-bf94-d7cc1bf597c1;9529807b-994c-484b-8d8b-8a09c53b56d9;0028ddd6-b7de-4aa5-9e2e-b635cf046425]]
2026-04-26 10:07:13.856,6.974,CrossSignalAgreement_GT,atomic,[CrossSignalAgreement_GT],[1.0000],1,6,1.0000,[dt-1;dt-2;dt-3],[[f6d3f568-9f7e-4f51-bd60-9edcf62380a6;ef72ddd3-f7b6-4e25-8dea-824d78c304d6;6c8c650f-1e9a-4173-af25-1ff54b55383a;b6d5542b-e8f3-4a2a-bf94-d7cc1bf597c1;9529807b-994c-484b-8d8b-8a09c53b56d9;0028ddd6-b7de-4aa5-9e2e-b635cf046425]]
2026-04-26 10:07:13.857,6.975,CrossSignalRelativeStable_SYS,atomic,[CrossSignalRelativeStable_SYS],[1.0000],1,6,1.0000,[dt-1;dt-2;dt-3],[[7ecea3c0-f0d8-4000-80a5-02ad3edbb550;ad1c9908-71a1-48e1-9543-44cfa86f91a2;541023e9-0ae6-4a89-8e97-6f6ce017008e;6339b5ae-fec7-45b4-892e-de37f78b5320;a157178c-97a8-47fa-a435-48dea27b7725;f0e57ac2-ef98-4456-a855-ebf56b1e17c8]]
2026-04-26 10:07:13.858,6.976,CrossSignalRelativeStable_OBS,atomic,[CrossSignalRelativeStable_OBS],[1.0000],1,6,1.0000,[dt-1;dt-2;dt-3],[[7ecea3c0-f0d8-4000-80a5-02ad3edbb550;ad1c9908-71a1-48e1-9543-44cfa86f91a2;541023e9-0ae6-4a89-8e97-6f6ce017008e;6339b5ae-fec7-45b4-892e-de37f78b5320;a157178c-97a8-47fa-a435-48dea27b7725;f0e57ac2-ef98-4456-a855-ebf56b1e17c8]]
2026-04-26 10:07:13.858,6.976,CrossSignalAgreement_SYS,atomic,[CrossSignalAgreement_SYS],[1.0000],1,6,1.0000,[dt-1;dt-2;dt-3],[[7ecea3c0-f0d8-4000-80a5-02ad3edbb550;ad1c9908-71a1-48e1-9543-44cfa86f91a2;541023e9-0ae6-4a89-8e97-6f6ce017008e;6339b5ae-fec7-45b4-892e-de37f78b5320;a157178c-97a8-47fa-a435-48dea27b7725;f0e57ac2-ef98-4456-a855-ebf56b1e17c8]]
2026-04-26 10:07:13.859,6.977,CrossSignalAgreement_OBS,atomic,[CrossSignalAgreement_OBS],[1.0000],1,6,1.0000,[dt-1;dt-2;dt-3],[[7ecea3c0-f0d8-4000-80a5-02ad3edbb550;ad1c9908-71a1-48e1-9543-44cfa86f91a2;541023e9-0ae6-4a89-8e97-6f6ce017008e;6339b5ae-fec7-45b4-892e-de37f78b5320;a157178c-97a8-47fa-a435-48dea27b7725;f0e57ac2-ef98-4456-a855-ebf56b1e17c8]]
2026-04-26 10:07:13.964,7.082,CrossSignalRelativeStable_GT,atomic,[CrossSignalRelativeStable_GT],[1.0000],1,6,1.0000,[dt-1;dt-2;dt-3],[[b6d5542b-e8f3-4a2a-bf94-d7cc1bf597c1;9529807b-994c-484b-8d8b-8a09c53b56d9;0028ddd6-b7de-4aa5-9e2e-b635cf046425;b150251a-f78d-43c6-987e-f76fb83e2f2d;1bd08a21-0406-4f5f-aa56-16a7d09f6ddf;16f833e6-b5fa-4ed3-8736-7f1c2f859a51]]
2026-04-26 10:07:13.965,7.083,CrossSignalAgreement_GT,atomic,[CrossSignalAgreement_GT],[1.0000],1,6,1.0000,[dt-1;dt-2;dt-3],[[b6d5542b-e8f3-4a2a-bf94-d7cc1bf597c1;9529807b-994c-484b-8d8b-8a09c53b56d9;0028ddd6-b7de-4aa5-9e2e-b635cf046425;b150251a-f78d-43c6-987e-f76fb83e2f2d;1bd08a21-0406-4f5f-aa56-16a7d09f6ddf;16f833e6-b5fa-4ed3-8736-7f1c2f859a51]]
2026-04-26 10:07:13.966,7.084,CrossSignalRelativeStable_SYS,atomic,[CrossSignalRelativeStable_SYS],[1.0000],1,6,1.0000,[dt-1;dt-2;dt-3],[[6339b5ae-fec7-45b4-892e-de37f78b5320;a157178c-97a8-47fa-a435-48dea27b7725;f0e57ac2-ef98-4456-a855-ebf56b1e17c8;ef367075-aca2-4460-9bfa-cfad16f182c9;375158a9-dd81-4d28-9af9-60a2b20f978d;dd159632-096b-42a6-9b91-cee895ac4c73]]
2026-04-26 10:07:13.967,7.085,CrossSignalRelativeStable_OBS,atomic,[CrossSignalRelativeStable_OBS],[1.0000],1,6,1.0000,[dt-1;dt-2;dt-3],[[6339b5ae-fec7-45b4-892e-de37f78b5320;a157178c-97a8-47fa-a435-48dea27b7725;f0e57ac2-ef98-4456-a855-ebf56b1e17c8;ef367075-aca2-4460-9bfa-cfad16f182c9;375158a9-dd81-4d28-9af9-60a2b20f978d;dd159632-096b-42a6-9b91-cee895ac4c73]]
2026-04-26 10:07:13.967,7.085,CrossSignalAgreement_SYS,atomic,[CrossSignalAgreement_SYS],[1.0000],1,6,1.0000,[dt-1;dt-2;dt-3],[[6339b5ae-fec7-45b4-892e-de37f78b5320;a157178c-97a8-47fa-a435-48dea27b7725;f0e57ac2-ef98-4456-a855-ebf56b1e17c8;ef367075-aca2-4460-9bfa-cfad16f182c9;375158a9-dd81-4d28-9af9-60a2b20f978d;dd159632-096b-42a6-9b91-cee895ac4c73]]
2026-04-26 10:07:13.967,7.085,CrossSignalAgreement_OBS,atomic,[CrossSignalAgreement_OBS],[1.0000],1,6,1.0000,[dt-1;dt-2;dt-3],[[6339b5ae-fec7-45b4-892e-de37f78b5320;a157178c-97a8-47fa-a435-48dea27b7725;f0e57ac2-ef98-4456-a855-ebf56b1e17c8;ef367075-aca2-4460-9bfa-cfad16f182c9;375158a9-dd81-4d28-9af9-60a2b20f978d;dd159632-096b-42a6-9b91-cee895ac4c73]]
2026-04-26 10:07:14.078,7.196,CrossSignalRelativeStable_GT,atomic,[CrossSignalRelativeStable_GT],[1.0000],1,6,1.0000,[dt-1;dt-2;dt-3],[[b150251a-f78d-43c6-987e-f76fb83e2f2d;1bd08a21-0406-4f5f-aa56-16a7d09f6ddf;16f833e6-b5fa-4ed3-8736-7f1c2f859a51;036e9fd4-1c58-40d1-a0aa-0698afed8a55;8d1aabff-ae88-42ed-bf1d-643f76e75c4b;4d4a6a51-f00b-45a3-8103-66af40cafb1c]]
2026-04-26 10:07:14.078,7.196,CrossSignalAgreement_GT,atomic,[CrossSignalAgreement_GT],[1.0000],1,6,1.0000,[dt-1;dt-2;dt-3],[[b150251a-f78d-43c6-987e-f76fb83e2f2d;1bd08a21-0406-4f5f-aa56-16a7d09f6ddf;16f833e6-b5fa-4ed3-8736-7f1c2f859a51;036e9fd4-1c58-40d1-a0aa-0698afed8a55;8d1aabff-ae88-42ed-bf1d-643f76e75c4b;4d4a6a51-f00b-45a3-8103-66af40cafb1c]]
2026-04-26 10:07:14.079,7.197,CrossSignalRelativeStable_SYS,atomic,[CrossSignalRelativeStable_SYS],[1.0000],1,6,1.0000,[dt-1;dt-2;dt-3],[[ef367075-aca2-4460-9bfa-cfad16f182c9;375158a9-dd81-4d28-9af9-60a2b20f978d;dd159632-096b-42a6-9b91-cee895ac4c73;7392474d-6c24-4115-ba0a-a7ba1d14b03e;8758db14-c739-4cb7-9d3b-0877bc223014;5a5b8f04-fdd6-4470-8b79-359c1155c16d]]
2026-04-26 10:07:14.079,7.197,CrossSignalRelativeStable_OBS,atomic,[CrossSignalRelativeStable_OBS],[1.0000],1,6,1.0000,[dt-1;dt-2;dt-3],[[ef367075-aca2-4460-9bfa-cfad16f182c9;375158a9-dd81-4d28-9af9-60a2b20f978d;dd159632-096b-42a6-9b91-cee895ac4c73;7392474d-6c24-4115-ba0a-a7ba1d14b03e;8758db14-c739-4cb7-9d3b-0877bc223014;5a5b8f04-fdd6-4470-8b79-359c1155c16d]]
2026-04-26 10:07:14.079,7.197,CrossSignalAgreement_SYS,atomic,[CrossSignalAgreement_SYS],[1.0000],1,6,1.0000,[dt-1;dt-2;dt-3],[[ef367075-aca2-4460-9bfa-cfad16f182c9;375158a9-dd81-4d28-9af9-60a2b20f978d;dd159632-096b-42a6-9b91-cee895ac4c73;7392474d-6c24-4115-ba0a-a7ba1d14b03e;8758db14-c739-4cb7-9d3b-0877bc223014;5a5b8f04-fdd6-4470-8b79-359c1155c16d]]
2026-04-26 10:07:14.079,7.197,CrossSignalAgreement_OBS,atomic,[CrossSignalAgreement_OBS],[1.0000],1,6,1.0000,[dt-1;dt-2;dt-3],[[ef367075-aca2-4460-9bfa-cfad16f182c9;375158a9-dd81-4d28-9af9-60a2b20f978d;dd159632-096b-42a6-9b91-cee895ac4c73;7392474d-6c24-4115-ba0a-a7ba1d14b03e;8758db14-c739-4cb7-9d3b-0877bc223014;5a5b8f04-fdd6-4470-8b79-359c1155c16d]]
2026-04-26 10:07:14.187,7.305,CrossSignalRelativeStable_GT,atomic,[CrossSignalRelativeStable_GT],[1.0000],1,6,1.0000,[dt-1;dt-2;dt-3],[[036e9fd4-1c58-40d1-a0aa-0698afed8a55;8d1aabff-ae88-42ed-bf1d-643f76e75c4b;4d4a6a51-f00b-45a3-8103-66af40cafb1c;e9039c79-fcc7-4da7-8d8e-3c18103a8ce9;4a0c925c-d084-44d4-93bb-fee55b6468f6;824e3e4d-7b72-41c5-8cf9-cbe40bf33eb0]]
2026-04-26 10:07:14.187,7.305,CrossSignalAgreement_GT,atomic,[CrossSignalAgreement_GT],[1.0000],1,6,1.0000,[dt-1;dt-2;dt-3],[[036e9fd4-1c58-40d1-a0aa-0698afed8a55;8d1aabff-ae88-42ed-bf1d-643f76e75c4b;4d4a6a51-f00b-45a3-8103-66af40cafb1c;e9039c79-fcc7-4da7-8d8e-3c18103a8ce9;4a0c925c-d084-44d4-93bb-fee55b6468f6;824e3e4d-7b72-41c5-8cf9-cbe40bf33eb0]]
2026-04-26 10:07:14.189,7.307,CrossSignalRelativeStable_SYS,atomic,[CrossSignalRelativeStable_SYS],[1.0000],1,6,1.0000,[dt-1;dt-2;dt-3],[[7392474d-6c24-4115-ba0a-a7ba1d14b03e;8758db14-c739-4cb7-9d3b-0877bc223014;5a5b8f04-fdd6-4470-8b79-359c1155c16d;3259b4e8-5900-43ff-9fd5-6413c94ceec9;a5ae0d87-8cc9-4e05-81e4-6a5cac6585dd;d36bb6b7-e329-4721-a307-6d547f3e85ca]]
2026-04-26 10:07:14.189,7.307,CrossSignalRelativeStable_OBS,atomic,[CrossSignalRelativeStable_OBS],[1.0000],1,6,1.0000,[dt-1;dt-2;dt-3],[[7392474d-6c24-4115-ba0a-a7ba1d14b03e;8758db14-c739-4cb7-9d3b-0877bc223014;5a5b8f04-fdd6-4470-8b79-359c1155c16d;3259b4e8-5900-43ff-9fd5-6413c94ceec9;a5ae0d87-8cc9-4e05-81e4-6a5cac6585dd;d36bb6b7-e329-4721-a307-6d547f3e85ca]]
2026-04-26 10:07:14.189,7.307,CrossSignalAgreement_SYS,atomic,[CrossSignalAgreement_SYS],[1.0000],1,6,1.0000,[dt-1;dt-2;dt-3],[[7392474d-6c24-4115-ba0a-a7ba1d14b03e;8758db14-c739-4cb7-9d3b-0877bc223014;5a5b8f04-fdd6-4470-8b79-359c1155c16d;3259b4e8-5900-43ff-9fd5-6413c94ceec9;a5ae0d87-8cc9-4e05-81e4-6a5cac6585dd;d36bb6b7-e329-4721-a307-6d547f3e85ca]]
2026-04-26 10:07:14.189,7.307,CrossSignalAgreement_OBS,atomic,[CrossSignalAgreement_OBS],[1.0000],1,6,1.0000,[dt-1;dt-2;dt-3],[[7392474d-6c24-4115-ba0a-a7ba1d14b03e;8758db14-c739-4cb7-9d3b-0877bc223014;5a5b8f04-fdd6-4470-8b79-359c1155c16d;3259b4e8-5900-43ff-9fd5-6413c94ceec9;a5ae0d87-8cc9-4e05-81e4-6a5cac6585dd;d36bb6b7-e329-4721-a307-6d547f3e85ca]]
2026-04-26 10:07:14.293,7.411,CrossSignalRelativeStable_GT,atomic,[CrossSignalRelativeStable_GT],[1.0000],1,6,1.0000,[dt-1;dt-2;dt-3],[[e9039c79-fcc7-4da7-8d8e-3c18103a8ce9;4a0c925c-d084-44d4-93bb-fee55b6468f6;824e3e4d-7b72-41c5-8cf9-cbe40bf33eb0;0a69cce7-6d1d-4343-8507-53f505873999;e0164395-de97-48ff-9426-ae0c5867d2ed;f58de872-5471-41d2-b083-ceeedd387603]]
2026-04-26 10:07:14.294,7.412,CrossSignalAgreement_GT,atomic,[CrossSignalAgreement_GT],[1.0000],1,6,1.0000,[dt-1;dt-2;dt-3],[[e9039c79-fcc7-4da7-8d8e-3c18103a8ce9;4a0c925c-d084-44d4-93bb-fee55b6468f6;824e3e4d-7b72-41c5-8cf9-cbe40bf33eb0;0a69cce7-6d1d-4343-8507-53f505873999;e0164395-de97-48ff-9426-ae0c5867d2ed;f58de872-5471-41d2-b083-ceeedd387603]]
2026-04-26 10:07:14.306,7.424,CrossSignalRelativeStable_SYS,atomic,[CrossSignalRelativeStable_SYS],[1.0000],1,6,1.0000,[dt-1;dt-2;dt-3],[[3259b4e8-5900-43ff-9fd5-6413c94ceec9;a5ae0d87-8cc9-4e05-81e4-6a5cac6585dd;d36bb6b7-e329-4721-a307-6d547f3e85ca;ce766f03-5fff-4d7d-8ee8-efbe909404ba;3b5fc15c-3933-481d-b45c-8df397d452ed;ec3ed1cf-6d70-4942-85b6-350c7dd0b858]]
2026-04-26 10:07:14.306,7.424,CrossSignalRelativeStable_OBS,atomic,[CrossSignalRelativeStable_OBS],[1.0000],1,6,1.0000,[dt-1;dt-2;dt-3],[[3259b4e8-5900-43ff-9fd5-6413c94ceec9;a5ae0d87-8cc9-4e05-81e4-6a5cac6585dd;d36bb6b7-e329-4721-a307-6d547f3e85ca;ce766f03-5fff-4d7d-8ee8-efbe909404ba;3b5fc15c-3933-481d-b45c-8df397d452ed;ec3ed1cf-6d70-4942-85b6-350c7dd0b858]]
2026-04-26 10:07:14.306,7.424,CrossSignalAgreement_SYS,atomic,[CrossSignalAgreement_SYS],[1.0000],1,6,1.0000,[dt-1;dt-2;dt-3],[[3259b4e8-5900-43ff-9fd5-6413c94ceec9;a5ae0d87-8cc9-4e05-81e4-6a5cac6585dd;d36bb6b7-e329-4721-a307-6d547f3e85ca;ce766f03-5fff-4d7d-8ee8-efbe909404ba;3b5fc15c-3933-481d-b45c-8df397d452ed;ec3ed1cf-6d70-4942-85b6-350c7dd0b858]]
2026-04-26 10:07:14.306,7.424,CrossSignalAgreement_OBS,atomic,[CrossSignalAgreement_OBS],[1.0000],1,6,1.0000,[dt-1;dt-2;dt-3],[[3259b4e8-5900-43ff-9fd5-6413c94ceec9;a5ae0d87-8cc9-4e05-81e4-6a5cac6585dd;d36bb6b7-e329-4721-a307-6d547f3e85ca;ce766f03-5fff-4d7d-8ee8-efbe909404ba;3b5fc15c-3933-481d-b45c-8df397d452ed;ec3ed1cf-6d70-4942-85b6-350c7dd0b858]]
2026-04-26 10:07:14.402,7.520,CrossSignalRelativeStable_SYS,atomic,[CrossSignalRelativeStable_SYS],[1.0000],1,6,1.0000,[dt-1;dt-2;dt-3],[[ce766f03-5fff-4d7d-8ee8-efbe909404ba;3b5fc15c-3933-481d-b45c-8df397d452ed;ec3ed1cf-6d70-4942-85b6-350c7dd0b858;572bd4dc-d32c-4498-8cbd-5f08b866bd8a;fd464c18-28ca-4e6c-bc34-dbd379a04eaa;75ab2362-44ed-4c93-845e-c401dda1119c]]
2026-04-26 10:07:14.403,7.521,CrossSignalRelativeStable_OBS,atomic,[CrossSignalRelativeStable_OBS],[1.0000],1,6,1.0000,[dt-1;dt-2;dt-3],[[ce766f03-5fff-4d7d-8ee8-efbe909404ba;3b5fc15c-3933-481d-b45c-8df397d452ed;ec3ed1cf-6d70-4942-85b6-350c7dd0b858;572bd4dc-d32c-4498-8cbd-5f08b866bd8a;fd464c18-28ca-4e6c-bc34-dbd379a04eaa;75ab2362-44ed-4c93-845e-c401dda1119c]]
2026-04-26 10:07:14.403,7.521,CrossSignalAgreement_SYS,atomic,[CrossSignalAgreement_SYS],[1.0000],1,6,1.0000,[dt-1;dt-2;dt-3],[[ce766f03-5fff-4d7d-8ee8-efbe909404ba;3b5fc15c-3933-481d-b45c-8df397d452ed;ec3ed1cf-6d70-4942-85b6-350c7dd0b858;572bd4dc-d32c-4498-8cbd-5f08b866bd8a;fd464c18-28ca-4e6c-bc34-dbd379a04eaa;75ab2362-44ed-4c93-845e-c401dda1119c]]
2026-04-26 10:07:14.403,7.521,CrossSignalAgreement_OBS,atomic,[CrossSignalAgreement_OBS],[1.0000],1,6,1.0000,[dt-1;dt-2;dt-3],[[ce766f03-5fff-4d7d-8ee8-efbe909404ba;3b5fc15c-3933-481d-b45c-8df397d452ed;ec3ed1cf-6d70-4942-85b6-350c7dd0b858;572bd4dc-d32c-4498-8cbd-5f08b866bd8a;fd464c18-28ca-4e6c-bc34-dbd379a04eaa;75ab2362-44ed-4c93-845e-c401dda1119c]]
2026-04-26 10:07:14.410,7.528,CrossSignalRelativeStable_GT,atomic,[CrossSignalRelativeStable_GT],[1.0000],1,6,1.0000,[dt-1;dt-2;dt-3],[[0a69cce7-6d1d-4343-8507-53f505873999;e0164395-de97-48ff-9426-ae0c5867d2ed;f58de872-5471-41d2-b083-ceeedd387603;58773fe2-caac-4711-a419-00ff48e09bfd;3b9a07c8-4112-409b-a34d-2ea9b02d1fb1;3253b85f-f9fe-48fe-889e-e73400737d06]]
2026-04-26 10:07:14.410,7.528,CrossSignalAgreement_GT,atomic,[CrossSignalAgreement_GT],[1.0000],1,6,1.0000,[dt-1;dt-2;dt-3],[[0a69cce7-6d1d-4343-8507-53f505873999;e0164395-de97-48ff-9426-ae0c5867d2ed;f58de872-5471-41d2-b083-ceeedd387603;58773fe2-caac-4711-a419-00ff48e09bfd;3b9a07c8-4112-409b-a34d-2ea9b02d1fb1;3253b85f-f9fe-48fe-889e-e73400737d06]]
2026-04-26 10:07:14.520,7.638,CrossSignalRelativeStable_GT,atomic,[CrossSignalRelativeStable_GT],[1.0000],1,6,1.0000,[dt-1;dt-2;dt-3],[[58773fe2-caac-4711-a419-00ff48e09bfd;3b9a07c8-4112-409b-a34d-2ea9b02d1fb1;3253b85f-f9fe-48fe-889e-e73400737d06;c781a540-aa67-4a12-ade8-f39fdd98fad6;ec0788c9-b8be-4ea2-b70c-3a5f5cd0075b;5cdd8f83-4fcf-4510-8f38-4aff215821c1]]
2026-04-26 10:07:14.521,7.639,CrossSignalAgreement_GT,atomic,[CrossSignalAgreement_GT],[1.0000],1,6,1.0000,[dt-1;dt-2;dt-3],[[58773fe2-caac-4711-a419-00ff48e09bfd;3b9a07c8-4112-409b-a34d-2ea9b02d1fb1;3253b85f-f9fe-48fe-889e-e73400737d06;c781a540-aa67-4a12-ade8-f39fdd98fad6;ec0788c9-b8be-4ea2-b70c-3a5f5cd0075b;5cdd8f83-4fcf-4510-8f38-4aff215821c1]]
2026-04-26 10:07:14.521,7.639,CrossSignalRelativeStable_SYS,atomic,[CrossSignalRelativeStable_SYS],[1.0000],1,6,1.0000,[dt-1;dt-2;dt-3],[[572bd4dc-d32c-4498-8cbd-5f08b866bd8a;fd464c18-28ca-4e6c-bc34-dbd379a04eaa;75ab2362-44ed-4c93-845e-c401dda1119c;15c2576e-c524-4228-81ee-6de941ac513c;27cf60f3-94dd-477c-98f8-d6ecbe72f9da;40f01818-9062-4caf-8d30-dd632e9f4e39]]
2026-04-26 10:07:14.522,7.640,CrossSignalRelativeStable_OBS,atomic,[CrossSignalRelativeStable_OBS],[1.0000],1,6,1.0000,[dt-1;dt-2;dt-3],[[572bd4dc-d32c-4498-8cbd-5f08b866bd8a;fd464c18-28ca-4e6c-bc34-dbd379a04eaa;75ab2362-44ed-4c93-845e-c401dda1119c;15c2576e-c524-4228-81ee-6de941ac513c;27cf60f3-94dd-477c-98f8-d6ecbe72f9da;40f01818-9062-4caf-8d30-dd632e9f4e39]]
2026-04-26 10:07:14.522,7.640,CrossSignalAgreement_SYS,atomic,[CrossSignalAgreement_SYS],[1.0000],1,6,1.0000,[dt-1;dt-2;dt-3],[[572bd4dc-d32c-4498-8cbd-5f08b866bd8a;fd464c18-28ca-4e6c-bc34-dbd379a04eaa;75ab2362-44ed-4c93-845e-c401dda1119c;15c2576e-c524-4228-81ee-6de941ac513c;27cf60f3-94dd-477c-98f8-d6ecbe72f9da;40f01818-9062-4caf-8d30-dd632e9f4e39]]
2026-04-26 10:07:14.522,7.640,CrossSignalAgreement_OBS,atomic,[CrossSignalAgreement_OBS],[1.0000],1,6,1.0000,[dt-1;dt-2;dt-3],[[572bd4dc-d32c-4498-8cbd-5f08b866bd8a;fd464c18-28ca-4e6c-bc34-dbd379a04eaa;75ab2362-44ed-4c93-845e-c401dda1119c;15c2576e-c524-4228-81ee-6de941ac513c;27cf60f3-94dd-477c-98f8-d6ecbe72f9da;40f01818-9062-4caf-8d30-dd632e9f4e39]]
2026-04-26 10:07:14.629,7.747,CrossSignalRelativeStable_GT,atomic,[CrossSignalRelativeStable_GT],[1.0000],1,6,1.0000,[dt-1;dt-2;dt-3],[[c781a540-aa67-4a12-ade8-f39fdd98fad6;ec0788c9-b8be-4ea2-b70c-3a5f5cd0075b;5cdd8f83-4fcf-4510-8f38-4aff215821c1;3e57b37b-9ee5-42b4-ba72-afadd2315cae;76c25e96-893a-4559-afdc-5d383dc83c48;e04455d9-cd90-4e64-a031-a9e2a5ca751c]]
2026-04-26 10:07:14.630,7.748,CrossSignalAgreement_GT,atomic,[CrossSignalAgreement_GT],[1.0000],1,6,1.0000,[dt-1;dt-2;dt-3],[[c781a540-aa67-4a12-ade8-f39fdd98fad6;ec0788c9-b8be-4ea2-b70c-3a5f5cd0075b;5cdd8f83-4fcf-4510-8f38-4aff215821c1;3e57b37b-9ee5-42b4-ba72-afadd2315cae;76c25e96-893a-4559-afdc-5d383dc83c48;e04455d9-cd90-4e64-a031-a9e2a5ca751c]]
2026-04-26 10:07:14.630,7.748,CrossSignalRelativeStable_SYS,atomic,[CrossSignalRelativeStable_SYS],[1.0000],1,6,1.0000,[dt-1;dt-2;dt-3],[[15c2576e-c524-4228-81ee-6de941ac513c;27cf60f3-94dd-477c-98f8-d6ecbe72f9da;40f01818-9062-4caf-8d30-dd632e9f4e39;7014eea5-ab8a-4355-b0f6-308801378250;45357582-19fb-494c-ac5d-03862cfb6d17;7e08b38a-f8c1-420f-877d-52dbf3163c95]]
2026-04-26 10:07:14.631,7.749,CrossSignalRelativeStable_OBS,atomic,[CrossSignalRelativeStable_OBS],[1.0000],1,6,1.0000,[dt-1;dt-2;dt-3],[[15c2576e-c524-4228-81ee-6de941ac513c;27cf60f3-94dd-477c-98f8-d6ecbe72f9da;40f01818-9062-4caf-8d30-dd632e9f4e39;7014eea5-ab8a-4355-b0f6-308801378250;45357582-19fb-494c-ac5d-03862cfb6d17;7e08b38a-f8c1-420f-877d-52dbf3163c95]]
2026-04-26 10:07:14.631,7.749,CrossSignalAgreement_SYS,atomic,[CrossSignalAgreement_SYS],[1.0000],1,6,1.0000,[dt-1;dt-2;dt-3],[[15c2576e-c524-4228-81ee-6de941ac513c;27cf60f3-94dd-477c-98f8-d6ecbe72f9da;40f01818-9062-4caf-8d30-dd632e9f4e39;7014eea5-ab8a-4355-b0f6-308801378250;45357582-19fb-494c-ac5d-03862cfb6d17;7e08b38a-f8c1-420f-877d-52dbf3163c95]]
2026-04-26 10:07:14.631,7.749,CrossSignalAgreement_OBS,atomic,[CrossSignalAgreement_OBS],[1.0000],1,6,1.0000,[dt-1;dt-2;dt-3],[[15c2576e-c524-4228-81ee-6de941ac513c;27cf60f3-94dd-477c-98f8-d6ecbe72f9da;40f01818-9062-4caf-8d30-dd632e9f4e39;7014eea5-ab8a-4355-b0f6-308801378250;45357582-19fb-494c-ac5d-03862cfb6d17;7e08b38a-f8c1-420f-877d-52dbf3163c95]]
2026-04-26 10:07:14.736,7.854,CrossSignalRelativeStable_GT,atomic,[CrossSignalRelativeStable_GT],[1.0000],1,6,1.0000,[dt-1;dt-2;dt-3],[[3e57b37b-9ee5-42b4-ba72-afadd2315cae;76c25e96-893a-4559-afdc-5d383dc83c48;e04455d9-cd90-4e64-a031-a9e2a5ca751c;fbb91c0e-8694-4632-92aa-b08cec390ee3;9d2c23e3-2a2f-4f45-b66d-6cbc1f1c0596;c26d983e-86f0-45a3-a1cc-f12d8e97120c]]
2026-04-26 10:07:14.737,7.855,CrossSignalAgreement_GT,atomic,[CrossSignalAgreement_GT],[1.0000],1,6,1.0000,[dt-1;dt-2;dt-3],[[3e57b37b-9ee5-42b4-ba72-afadd2315cae;76c25e96-893a-4559-afdc-5d383dc83c48;e04455d9-cd90-4e64-a031-a9e2a5ca751c;fbb91c0e-8694-4632-92aa-b08cec390ee3;9d2c23e3-2a2f-4f45-b66d-6cbc1f1c0596;c26d983e-86f0-45a3-a1cc-f12d8e97120c]]
2026-04-26 10:07:14.737,7.855,CrossSignalRelativeStable_SYS,atomic,[CrossSignalRelativeStable_SYS],[1.0000],1,6,1.0000,[dt-1;dt-2;dt-3],[[7014eea5-ab8a-4355-b0f6-308801378250;45357582-19fb-494c-ac5d-03862cfb6d17;7e08b38a-f8c1-420f-877d-52dbf3163c95;c8ecba79-1661-47bb-9f9e-f12a28744bd4;6490468b-750f-4884-ad06-efb1b66214c1;c4d03698-9bcd-45a3-bf5b-4d34b86d492a]]
2026-04-26 10:07:14.737,7.855,CrossSignalRelativeStable_OBS,atomic,[CrossSignalRelativeStable_OBS],[1.0000],1,6,1.0000,[dt-1;dt-2;dt-3],[[7014eea5-ab8a-4355-b0f6-308801378250;45357582-19fb-494c-ac5d-03862cfb6d17;7e08b38a-f8c1-420f-877d-52dbf3163c95;c8ecba79-1661-47bb-9f9e-f12a28744bd4;6490468b-750f-4884-ad06-efb1b66214c1;c4d03698-9bcd-45a3-bf5b-4d34b86d492a]]
2026-04-26 10:07:14.737,7.855,CrossSignalAgreement_SYS,atomic,[CrossSignalAgreement_SYS],[1.0000],1,6,1.0000,[dt-1;dt-2;dt-3],[[7014eea5-ab8a-4355-b0f6-308801378250;45357582-19fb-494c-ac5d-03862cfb6d17;7e08b38a-f8c1-420f-877d-52dbf3163c95;c8ecba79-1661-47bb-9f9e-f12a28744bd4;6490468b-750f-4884-ad06-efb1b66214c1;c4d03698-9bcd-45a3-bf5b-4d34b86d492a]]
2026-04-26 10:07:14.738,7.856,CrossSignalAgreement_OBS,atomic,[CrossSignalAgreement_OBS],[1.0000],1,6,1.0000,[dt-1;dt-2;dt-3],[[7014eea5-ab8a-4355-b0f6-308801378250;45357582-19fb-494c-ac5d-03862cfb6d17;7e08b38a-f8c1-420f-877d-52dbf3163c95;c8ecba79-1661-47bb-9f9e-f12a28744bd4;6490468b-750f-4884-ad06-efb1b66214c1;c4d03698-9bcd-45a3-bf5b-4d34b86d492a]]
2026-04-26 10:07:14.848,7.966,CrossSignalRelativeStable_SYS,atomic,[CrossSignalRelativeStable_SYS],[1.0000],1,6,1.0000,[dt-1;dt-2;dt-3],[[c8ecba79-1661-47bb-9f9e-f12a28744bd4;6490468b-750f-4884-ad06-efb1b66214c1;c4d03698-9bcd-45a3-bf5b-4d34b86d492a;7f84858d-ac87-4036-91c6-aa5bce67332d;b836f065-a8e3-48d2-876f-38575e68e130;425414b7-7cb6-49f5-9b28-8bac76dd1859]]
2026-04-26 10:07:14.849,7.967,CrossSignalRelativeStable_OBS,atomic,[CrossSignalRelativeStable_OBS],[1.0000],1,6,1.0000,[dt-1;dt-2;dt-3],[[c8ecba79-1661-47bb-9f9e-f12a28744bd4;6490468b-750f-4884-ad06-efb1b66214c1;c4d03698-9bcd-45a3-bf5b-4d34b86d492a;7f84858d-ac87-4036-91c6-aa5bce67332d;b836f065-a8e3-48d2-876f-38575e68e130;425414b7-7cb6-49f5-9b28-8bac76dd1859]]
2026-04-26 10:07:14.849,7.967,CrossSignalAgreement_SYS,atomic,[CrossSignalAgreement_SYS],[1.0000],1,6,1.0000,[dt-1;dt-2;dt-3],[[c8ecba79-1661-47bb-9f9e-f12a28744bd4;6490468b-750f-4884-ad06-efb1b66214c1;c4d03698-9bcd-45a3-bf5b-4d34b86d492a;7f84858d-ac87-4036-91c6-aa5bce67332d;b836f065-a8e3-48d2-876f-38575e68e130;425414b7-7cb6-49f5-9b28-8bac76dd1859]]
2026-04-26 10:07:14.849,7.967,CrossSignalAgreement_OBS,atomic,[CrossSignalAgreement_OBS],[1.0000],1,6,1.0000,[dt-1;dt-2;dt-3],[[c8ecba79-1661-47bb-9f9e-f12a28744bd4;6490468b-750f-4884-ad06-efb1b66214c1;c4d03698-9bcd-45a3-bf5b-4d34b86d492a;7f84858d-ac87-4036-91c6-aa5bce67332d;b836f065-a8e3-48d2-876f-38575e68e130;425414b7-7cb6-49f5-9b28-8bac76dd1859]]
2026-04-26 10:07:14.855,7.973,CrossSignalRelativeStable_GT,atomic,[CrossSignalRelativeStable_GT],[1.0000],1,6,1.0000,[dt-1;dt-2;dt-3],[[fbb91c0e-8694-4632-92aa-b08cec390ee3;9d2c23e3-2a2f-4f45-b66d-6cbc1f1c0596;c26d983e-86f0-45a3-a1cc-f12d8e97120c;bee44ad4-0710-420d-8930-50cc1acaedbf;11813863-debb-452a-9e16-486afd027a11;618722f9-ed2d-4dc2-964e-af0774102c45]]
2026-04-26 10:07:14.855,7.973,CrossSignalAgreement_GT,atomic,[CrossSignalAgreement_GT],[1.0000],1,6,1.0000,[dt-1;dt-2;dt-3],[[fbb91c0e-8694-4632-92aa-b08cec390ee3;9d2c23e3-2a2f-4f45-b66d-6cbc1f1c0596;c26d983e-86f0-45a3-a1cc-f12d8e97120c;bee44ad4-0710-420d-8930-50cc1acaedbf;11813863-debb-452a-9e16-486afd027a11;618722f9-ed2d-4dc2-964e-af0774102c45]]
2026-04-26 10:07:14.994,8.112,CrossSignalRelativeStable_GT,atomic,[CrossSignalRelativeStable_GT],[1.0000],1,6,1.0000,[dt-1;dt-2;dt-3],[[bee44ad4-0710-420d-8930-50cc1acaedbf;11813863-debb-452a-9e16-486afd027a11;618722f9-ed2d-4dc2-964e-af0774102c45;a5b9bb47-c3dc-420e-bbcf-de1df03e7d4d;b4519363-8427-4e32-943b-ecbb16b7cab8;def64553-57e4-46be-b7a4-e16559d6916a]]
2026-04-26 10:07:14.995,8.113,CrossSignalAgreement_GT,atomic,[CrossSignalAgreement_GT],[1.0000],1,6,1.0000,[dt-1;dt-2;dt-3],[[bee44ad4-0710-420d-8930-50cc1acaedbf;11813863-debb-452a-9e16-486afd027a11;618722f9-ed2d-4dc2-964e-af0774102c45;a5b9bb47-c3dc-420e-bbcf-de1df03e7d4d;b4519363-8427-4e32-943b-ecbb16b7cab8;def64553-57e4-46be-b7a4-e16559d6916a]]
2026-04-26 10:07:14.996,8.114,CrossSignalRelativeStable_SYS,atomic,[CrossSignalRelativeStable_SYS],[1.0000],1,6,1.0000,[dt-1;dt-2;dt-3],[[7f84858d-ac87-4036-91c6-aa5bce67332d;b836f065-a8e3-48d2-876f-38575e68e130;425414b7-7cb6-49f5-9b28-8bac76dd1859;58004f49-14ce-4ac8-abed-691b22cf8c48;3c24675e-cd0b-4e0f-924e-a61fb852231e;283ae4ef-9149-40b8-bf08-b58359d03a36]]
2026-04-26 10:07:14.996,8.114,CrossSignalRelativeStable_OBS,atomic,[CrossSignalRelativeStable_OBS],[1.0000],1,6,1.0000,[dt-1;dt-2;dt-3],[[7f84858d-ac87-4036-91c6-aa5bce67332d;b836f065-a8e3-48d2-876f-38575e68e130;425414b7-7cb6-49f5-9b28-8bac76dd1859;58004f49-14ce-4ac8-abed-691b22cf8c48;3c24675e-cd0b-4e0f-924e-a61fb852231e;283ae4ef-9149-40b8-bf08-b58359d03a36]]
2026-04-26 10:07:14.997,8.115,CrossSignalAgreement_SYS,atomic,[CrossSignalAgreement_SYS],[1.0000],1,6,1.0000,[dt-1;dt-2;dt-3],[[7f84858d-ac87-4036-91c6-aa5bce67332d;b836f065-a8e3-48d2-876f-38575e68e130;425414b7-7cb6-49f5-9b28-8bac76dd1859;58004f49-14ce-4ac8-abed-691b22cf8c48;3c24675e-cd0b-4e0f-924e-a61fb852231e;283ae4ef-9149-40b8-bf08-b58359d03a36]]
2026-04-26 10:07:14.997,8.115,CrossSignalAgreement_OBS,atomic,[CrossSignalAgreement_OBS],[1.0000],1,6,1.0000,[dt-1;dt-2;dt-3],[[7f84858d-ac87-4036-91c6-aa5bce67332d;b836f065-a8e3-48d2-876f-38575e68e130;425414b7-7cb6-49f5-9b28-8bac76dd1859;58004f49-14ce-4ac8-abed-691b22cf8c48;3c24675e-cd0b-4e0f-924e-a61fb852231e;283ae4ef-9149-40b8-bf08-b58359d03a36]]
2026-04-26 10:07:15.101,8.219,CrossSignalRelativeStable_GT,atomic,[CrossSignalRelativeStable_GT],[1.0000],1,6,1.0000,[dt-1;dt-2;dt-3],[[a5b9bb47-c3dc-420e-bbcf-de1df03e7d4d;b4519363-8427-4e32-943b-ecbb16b7cab8;def64553-57e4-46be-b7a4-e16559d6916a;a352f2a4-85ed-4634-bdec-064f9581e083;f2efaee0-be85-409e-b9e3-84eccc89ee55;d11a58a7-73b5-438e-b125-4a8479edf74a]]
2026-04-26 10:07:15.102,8.220,CrossSignalAgreement_GT,atomic,[CrossSignalAgreement_GT],[1.0000],1,6,1.0000,[dt-1;dt-2;dt-3],[[a5b9bb47-c3dc-420e-bbcf-de1df03e7d4d;b4519363-8427-4e32-943b-ecbb16b7cab8;def64553-57e4-46be-b7a4-e16559d6916a;a352f2a4-85ed-4634-bdec-064f9581e083;f2efaee0-be85-409e-b9e3-84eccc89ee55;d11a58a7-73b5-438e-b125-4a8479edf74a]]
2026-04-26 10:07:15.104,8.222,CrossSignalRelativeStable_SYS,atomic,[CrossSignalRelativeStable_SYS],[1.0000],1,6,1.0000,[dt-1;dt-2;dt-3],[[58004f49-14ce-4ac8-abed-691b22cf8c48;3c24675e-cd0b-4e0f-924e-a61fb852231e;283ae4ef-9149-40b8-bf08-b58359d03a36;85dbf9c9-97fc-4c1c-a425-f59edf8ab384;5ad27563-6154-4a27-8b81-a6769ff8524d;f441bda5-1bf5-44f4-a47f-68cf88339bc9]]
2026-04-26 10:07:15.104,8.222,CrossSignalRelativeStable_OBS,atomic,[CrossSignalRelativeStable_OBS],[1.0000],1,6,1.0000,[dt-1;dt-2;dt-3],[[58004f49-14ce-4ac8-abed-691b22cf8c48;3c24675e-cd0b-4e0f-924e-a61fb852231e;283ae4ef-9149-40b8-bf08-b58359d03a36;85dbf9c9-97fc-4c1c-a425-f59edf8ab384;5ad27563-6154-4a27-8b81-a6769ff8524d;f441bda5-1bf5-44f4-a47f-68cf88339bc9]]
2026-04-26 10:07:15.105,8.223,CrossSignalAgreement_SYS,atomic,[CrossSignalAgreement_SYS],[1.0000],1,6,1.0000,[dt-1;dt-2;dt-3],[[58004f49-14ce-4ac8-abed-691b22cf8c48;3c24675e-cd0b-4e0f-924e-a61fb852231e;283ae4ef-9149-40b8-bf08-b58359d03a36;85dbf9c9-97fc-4c1c-a425-f59edf8ab384;5ad27563-6154-4a27-8b81-a6769ff8524d;f441bda5-1bf5-44f4-a47f-68cf88339bc9]]
2026-04-26 10:07:15.107,8.225,CrossSignalAgreement_OBS,atomic,[CrossSignalAgreement_OBS],[1.0000],1,6,1.0000,[dt-1;dt-2;dt-3],[[58004f49-14ce-4ac8-abed-691b22cf8c48;3c24675e-cd0b-4e0f-924e-a61fb852231e;283ae4ef-9149-40b8-bf08-b58359d03a36;85dbf9c9-97fc-4c1c-a425-f59edf8ab384;5ad27563-6154-4a27-8b81-a6769ff8524d;f441bda5-1bf5-44f4-a47f-68cf88339bc9]]
2026-04-26 10:07:15.214,8.332,CrossSignalRelativeStable_GT,atomic,[CrossSignalRelativeStable_GT],[1.0000],1,6,1.0000,[dt-1;dt-2;dt-3],[[a352f2a4-85ed-4634-bdec-064f9581e083;f2efaee0-be85-409e-b9e3-84eccc89ee55;d11a58a7-73b5-438e-b125-4a8479edf74a;a667978a-b2d7-4146-a7fd-2c81ef906cde;12ce86ed-f212-4565-be38-382ca27ba7b0;ad41081a-0552-40a2-9a7e-3c7f033e83af]]
2026-04-26 10:07:15.214,8.332,CrossSignalAgreement_GT,atomic,[CrossSignalAgreement_GT],[1.0000],1,6,1.0000,[dt-1;dt-2;dt-3],[[a352f2a4-85ed-4634-bdec-064f9581e083;f2efaee0-be85-409e-b9e3-84eccc89ee55;d11a58a7-73b5-438e-b125-4a8479edf74a;a667978a-b2d7-4146-a7fd-2c81ef906cde;12ce86ed-f212-4565-be38-382ca27ba7b0;ad41081a-0552-40a2-9a7e-3c7f033e83af]]
2026-04-26 10:07:15.215,8.333,CrossSignalRelativeStable_SYS,atomic,[CrossSignalRelativeStable_SYS],[1.0000],1,6,1.0000,[dt-1;dt-2;dt-3],[[85dbf9c9-97fc-4c1c-a425-f59edf8ab384;5ad27563-6154-4a27-8b81-a6769ff8524d;f441bda5-1bf5-44f4-a47f-68cf88339bc9;75259027-7f3f-44e9-84db-51b78ea9daf3;51eb2532-5882-4901-b7f6-ed35466f2841;92748be8-b980-494c-aa59-80dc5251d660]]
2026-04-26 10:07:15.215,8.333,CrossSignalRelativeStable_OBS,atomic,[CrossSignalRelativeStable_OBS],[1.0000],1,6,1.0000,[dt-1;dt-2;dt-3],[[85dbf9c9-97fc-4c1c-a425-f59edf8ab384;5ad27563-6154-4a27-8b81-a6769ff8524d;f441bda5-1bf5-44f4-a47f-68cf88339bc9;75259027-7f3f-44e9-84db-51b78ea9daf3;51eb2532-5882-4901-b7f6-ed35466f2841;92748be8-b980-494c-aa59-80dc5251d660]]
2026-04-26 10:07:15.215,8.333,CrossSignalAgreement_SYS,atomic,[CrossSignalAgreement_SYS],[1.0000],1,6,1.0000,[dt-1;dt-2;dt-3],[[85dbf9c9-97fc-4c1c-a425-f59edf8ab384;5ad27563-6154-4a27-8b81-a6769ff8524d;f441bda5-1bf5-44f4-a47f-68cf88339bc9;75259027-7f3f-44e9-84db-51b78ea9daf3;51eb2532-5882-4901-b7f6-ed35466f2841;92748be8-b980-494c-aa59-80dc5251d660]]
2026-04-26 10:07:15.215,8.333,CrossSignalAgreement_OBS,atomic,[CrossSignalAgreement_OBS],[1.0000],1,6,1.0000,[dt-1;dt-2;dt-3],[[85dbf9c9-97fc-4c1c-a425-f59edf8ab384;5ad27563-6154-4a27-8b81-a6769ff8524d;f441bda5-1bf5-44f4-a47f-68cf88339bc9;75259027-7f3f-44e9-84db-51b78ea9daf3;51eb2532-5882-4901-b7f6-ed35466f2841;92748be8-b980-494c-aa59-80dc5251d660]]
2026-04-26 10:07:15.320,8.438,CrossSignalRelativeStable_GT,atomic,[CrossSignalRelativeStable_GT],[1.0000],1,6,1.0000,[dt-1;dt-2;dt-3],[[a667978a-b2d7-4146-a7fd-2c81ef906cde;12ce86ed-f212-4565-be38-382ca27ba7b0;ad41081a-0552-40a2-9a7e-3c7f033e83af;14ec524f-c168-49c7-b441-78044d1fcab5;b11ea8f2-5f5d-4210-8012-74068f3dcb88;723d4b65-8b69-455c-ae3f-4cbc924639bf]]
2026-04-26 10:07:15.320,8.438,CrossSignalAgreement_GT,atomic,[CrossSignalAgreement_GT],[1.0000],1,6,1.0000,[dt-1;dt-2;dt-3],[[a667978a-b2d7-4146-a7fd-2c81ef906cde;12ce86ed-f212-4565-be38-382ca27ba7b0;ad41081a-0552-40a2-9a7e-3c7f033e83af;14ec524f-c168-49c7-b441-78044d1fcab5;b11ea8f2-5f5d-4210-8012-74068f3dcb88;723d4b65-8b69-455c-ae3f-4cbc924639bf]]
2026-04-26 10:07:15.321,8.439,CrossSignalRelativeStable_SYS,atomic,[CrossSignalRelativeStable_SYS],[1.0000],1,6,1.0000,[dt-1;dt-2;dt-3],[[75259027-7f3f-44e9-84db-51b78ea9daf3;51eb2532-5882-4901-b7f6-ed35466f2841;92748be8-b980-494c-aa59-80dc5251d660;94deba35-eaa9-47d0-b7b3-676ac00b9c60;59afef02-e902-41fc-b794-7db9e3b15d2d;fc404563-067d-4c1b-a469-bed146bab6c4]]
2026-04-26 10:07:15.321,8.439,CrossSignalRelativeStable_OBS,atomic,[CrossSignalRelativeStable_OBS],[1.0000],1,6,1.0000,[dt-1;dt-2;dt-3],[[75259027-7f3f-44e9-84db-51b78ea9daf3;51eb2532-5882-4901-b7f6-ed35466f2841;92748be8-b980-494c-aa59-80dc5251d660;94deba35-eaa9-47d0-b7b3-676ac00b9c60;59afef02-e902-41fc-b794-7db9e3b15d2d;fc404563-067d-4c1b-a469-bed146bab6c4]]
2026-04-26 10:07:15.322,8.440,CrossSignalAgreement_SYS,atomic,[CrossSignalAgreement_SYS],[1.0000],1,6,1.0000,[dt-1;dt-2;dt-3],[[75259027-7f3f-44e9-84db-51b78ea9daf3;51eb2532-5882-4901-b7f6-ed35466f2841;92748be8-b980-494c-aa59-80dc5251d660;94deba35-eaa9-47d0-b7b3-676ac00b9c60;59afef02-e902-41fc-b794-7db9e3b15d2d;fc404563-067d-4c1b-a469-bed146bab6c4]]
2026-04-26 10:07:15.322,8.440,CrossSignalAgreement_OBS,atomic,[CrossSignalAgreement_OBS],[1.0000],1,6,1.0000,[dt-1;dt-2;dt-3],[[75259027-7f3f-44e9-84db-51b78ea9daf3;51eb2532-5882-4901-b7f6-ed35466f2841;92748be8-b980-494c-aa59-80dc5251d660;94deba35-eaa9-47d0-b7b3-676ac00b9c60;59afef02-e902-41fc-b794-7db9e3b15d2d;fc404563-067d-4c1b-a469-bed146bab6c4]]
2026-04-26 10:07:15.429,8.547,CrossSignalRelativeStable_GT,atomic,[CrossSignalRelativeStable_GT],[1.0000],1,6,1.0000,[dt-1;dt-2;dt-3],[[14ec524f-c168-49c7-b441-78044d1fcab5;b11ea8f2-5f5d-4210-8012-74068f3dcb88;723d4b65-8b69-455c-ae3f-4cbc924639bf;f9591cd0-2d92-4368-a645-4b99a34a25d5;0848376e-ea29-4520-b924-e1edb911f470;50a441da-f806-4d30-aa05-f372adde9ff8]]
2026-04-26 10:07:15.430,8.548,CrossSignalAgreement_GT,atomic,[CrossSignalAgreement_GT],[1.0000],1,6,1.0000,[dt-1;dt-2;dt-3],[[14ec524f-c168-49c7-b441-78044d1fcab5;b11ea8f2-5f5d-4210-8012-74068f3dcb88;723d4b65-8b69-455c-ae3f-4cbc924639bf;f9591cd0-2d92-4368-a645-4b99a34a25d5;0848376e-ea29-4520-b924-e1edb911f470;50a441da-f806-4d30-aa05-f372adde9ff8]]
2026-04-26 10:07:15.431,8.549,CrossSignalRelativeStable_SYS,atomic,[CrossSignalRelativeStable_SYS],[1.0000],1,6,1.0000,[dt-1;dt-2;dt-3],[[94deba35-eaa9-47d0-b7b3-676ac00b9c60;59afef02-e902-41fc-b794-7db9e3b15d2d;fc404563-067d-4c1b-a469-bed146bab6c4;e3993e79-9fa7-4876-8f30-87e5d0e42dd5;3c7968a6-a01c-43e8-be62-b48d71d33a35;b6a30019-4e83-4eac-a9b0-4ad096336171]]
2026-04-26 10:07:15.431,8.549,CrossSignalRelativeStable_OBS,atomic,[CrossSignalRelativeStable_OBS],[1.0000],1,6,1.0000,[dt-1;dt-2;dt-3],[[94deba35-eaa9-47d0-b7b3-676ac00b9c60;59afef02-e902-41fc-b794-7db9e3b15d2d;fc404563-067d-4c1b-a469-bed146bab6c4;e3993e79-9fa7-4876-8f30-87e5d0e42dd5;3c7968a6-a01c-43e8-be62-b48d71d33a35;b6a30019-4e83-4eac-a9b0-4ad096336171]]
2026-04-26 10:07:15.431,8.549,CrossSignalAgreement_SYS,atomic,[CrossSignalAgreement_SYS],[1.0000],1,6,1.0000,[dt-1;dt-2;dt-3],[[94deba35-eaa9-47d0-b7b3-676ac00b9c60;59afef02-e902-41fc-b794-7db9e3b15d2d;fc404563-067d-4c1b-a469-bed146bab6c4;e3993e79-9fa7-4876-8f30-87e5d0e42dd5;3c7968a6-a01c-43e8-be62-b48d71d33a35;b6a30019-4e83-4eac-a9b0-4ad096336171]]
2026-04-26 10:07:15.431,8.549,CrossSignalAgreement_OBS,atomic,[CrossSignalAgreement_OBS],[1.0000],1,6,1.0000,[dt-1;dt-2;dt-3],[[94deba35-eaa9-47d0-b7b3-676ac00b9c60;59afef02-e902-41fc-b794-7db9e3b15d2d;fc404563-067d-4c1b-a469-bed146bab6c4;e3993e79-9fa7-4876-8f30-87e5d0e42dd5;3c7968a6-a01c-43e8-be62-b48d71d33a35;b6a30019-4e83-4eac-a9b0-4ad096336171]]
2026-04-26 10:07:15.541,8.659,CrossSignalRelativeStable_GT,atomic,[CrossSignalRelativeStable_GT],[1.0000],1,6,1.0000,[dt-1;dt-2;dt-3],[[f9591cd0-2d92-4368-a645-4b99a34a25d5;0848376e-ea29-4520-b924-e1edb911f470;50a441da-f806-4d30-aa05-f372adde9ff8;13c9d930-4076-4f9c-9e49-164eaf4fb3b9;f584a9fa-4041-4160-a530-02058ea086b9;4e04c9ab-48db-49c1-ac34-effa74b82015]]
2026-04-26 10:07:15.541,8.659,CrossSignalAgreement_GT,atomic,[CrossSignalAgreement_GT],[1.0000],1,6,1.0000,[dt-1;dt-2;dt-3],[[f9591cd0-2d92-4368-a645-4b99a34a25d5;0848376e-ea29-4520-b924-e1edb911f470;50a441da-f806-4d30-aa05-f372adde9ff8;13c9d930-4076-4f9c-9e49-164eaf4fb3b9;f584a9fa-4041-4160-a530-02058ea086b9;4e04c9ab-48db-49c1-ac34-effa74b82015]]
2026-04-26 10:07:15.542,8.660,CrossSignalRelativeStable_SYS,atomic,[CrossSignalRelativeStable_SYS],[1.0000],1,6,1.0000,[dt-1;dt-2;dt-3],[[e3993e79-9fa7-4876-8f30-87e5d0e42dd5;3c7968a6-a01c-43e8-be62-b48d71d33a35;b6a30019-4e83-4eac-a9b0-4ad096336171;7727a96c-9086-4fd6-aba4-76c0b344c7e8;149412e3-728d-464c-9088-b530889fb40d;76baf333-5016-4b11-8c9f-9d7a1dedb989]]
2026-04-26 10:07:15.542,8.660,CrossSignalRelativeStable_OBS,atomic,[CrossSignalRelativeStable_OBS],[1.0000],1,6,1.0000,[dt-1;dt-2;dt-3],[[e3993e79-9fa7-4876-8f30-87e5d0e42dd5;3c7968a6-a01c-43e8-be62-b48d71d33a35;b6a30019-4e83-4eac-a9b0-4ad096336171;7727a96c-9086-4fd6-aba4-76c0b344c7e8;149412e3-728d-464c-9088-b530889fb40d;76baf333-5016-4b11-8c9f-9d7a1dedb989]]
2026-04-26 10:07:15.543,8.661,CrossSignalAgreement_SYS,atomic,[CrossSignalAgreement_SYS],[1.0000],1,6,1.0000,[dt-1;dt-2;dt-3],[[e3993e79-9fa7-4876-8f30-87e5d0e42dd5;3c7968a6-a01c-43e8-be62-b48d71d33a35;b6a30019-4e83-4eac-a9b0-4ad096336171;7727a96c-9086-4fd6-aba4-76c0b344c7e8;149412e3-728d-464c-9088-b530889fb40d;76baf333-5016-4b11-8c9f-9d7a1dedb989]]
2026-04-26 10:07:15.543,8.661,CrossSignalAgreement_OBS,atomic,[CrossSignalAgreement_OBS],[1.0000],1,6,1.0000,[dt-1;dt-2;dt-3],[[e3993e79-9fa7-4876-8f30-87e5d0e42dd5;3c7968a6-a01c-43e8-be62-b48d71d33a35;b6a30019-4e83-4eac-a9b0-4ad096336171;7727a96c-9086-4fd6-aba4-76c0b344c7e8;149412e3-728d-464c-9088-b530889fb40d;76baf333-5016-4b11-8c9f-9d7a1dedb989]]
2026-04-26 10:07:15.652,8.770,CrossSignalRelativeStable_GT,atomic,[CrossSignalRelativeStable_GT],[1.0000],1,6,1.0000,[dt-1;dt-2;dt-3],[[13c9d930-4076-4f9c-9e49-164eaf4fb3b9;f584a9fa-4041-4160-a530-02058ea086b9;4e04c9ab-48db-49c1-ac34-effa74b82015;dad61fdd-d14d-455c-b8ad-44ebcb783999;c72dfffb-a42c-4fce-ad6f-48bdc965ea25;f6352aa9-cce0-44d7-87b9-b571e7ac4061]]
2026-04-26 10:07:15.653,8.771,CrossSignalAgreement_GT,atomic,[CrossSignalAgreement_GT],[1.0000],1,6,1.0000,[dt-1;dt-2;dt-3],[[13c9d930-4076-4f9c-9e49-164eaf4fb3b9;f584a9fa-4041-4160-a530-02058ea086b9;4e04c9ab-48db-49c1-ac34-effa74b82015;dad61fdd-d14d-455c-b8ad-44ebcb783999;c72dfffb-a42c-4fce-ad6f-48bdc965ea25;f6352aa9-cce0-44d7-87b9-b571e7ac4061]]
2026-04-26 10:07:15.654,8.772,CrossSignalRelativeStable_SYS,atomic,[CrossSignalRelativeStable_SYS],[1.0000],1,6,1.0000,[dt-1;dt-2;dt-3],[[7727a96c-9086-4fd6-aba4-76c0b344c7e8;149412e3-728d-464c-9088-b530889fb40d;76baf333-5016-4b11-8c9f-9d7a1dedb989;3d41842b-63d6-4a43-a0b6-183fdfa89bfa;2f6941c3-f63e-4e25-9240-09360dfaaa7b;7b35b4ed-c4e9-40eb-9fb8-7c8de649e9f3]]
2026-04-26 10:07:15.654,8.772,CrossSignalRelativeStable_OBS,atomic,[CrossSignalRelativeStable_OBS],[1.0000],1,6,1.0000,[dt-1;dt-2;dt-3],[[7727a96c-9086-4fd6-aba4-76c0b344c7e8;149412e3-728d-464c-9088-b530889fb40d;76baf333-5016-4b11-8c9f-9d7a1dedb989;3d41842b-63d6-4a43-a0b6-183fdfa89bfa;2f6941c3-f63e-4e25-9240-09360dfaaa7b;7b35b4ed-c4e9-40eb-9fb8-7c8de649e9f3]]
2026-04-26 10:07:15.655,8.773,CrossSignalAgreement_SYS,atomic,[CrossSignalAgreement_SYS],[1.0000],1,6,1.0000,[dt-1;dt-2;dt-3],[[7727a96c-9086-4fd6-aba4-76c0b344c7e8;149412e3-728d-464c-9088-b530889fb40d;76baf333-5016-4b11-8c9f-9d7a1dedb989;3d41842b-63d6-4a43-a0b6-183fdfa89bfa;2f6941c3-f63e-4e25-9240-09360dfaaa7b;7b35b4ed-c4e9-40eb-9fb8-7c8de649e9f3]]
2026-04-26 10:07:15.655,8.773,CrossSignalAgreement_OBS,atomic,[CrossSignalAgreement_OBS],[1.0000],1,6,1.0000,[dt-1;dt-2;dt-3],[[7727a96c-9086-4fd6-aba4-76c0b344c7e8;149412e3-728d-464c-9088-b530889fb40d;76baf333-5016-4b11-8c9f-9d7a1dedb989;3d41842b-63d6-4a43-a0b6-183fdfa89bfa;2f6941c3-f63e-4e25-9240-09360dfaaa7b;7b35b4ed-c4e9-40eb-9fb8-7c8de649e9f3]]
2026-04-26 10:07:15.767,8.885,CrossSignalRelativeStable_GT,atomic,[CrossSignalRelativeStable_GT],[1.0000],1,6,1.0000,[dt-1;dt-2;dt-3],[[dad61fdd-d14d-455c-b8ad-44ebcb783999;c72dfffb-a42c-4fce-ad6f-48bdc965ea25;f6352aa9-cce0-44d7-87b9-b571e7ac4061;786f09ab-d1b3-436d-b4f5-bb3e4f885289;ac2dc84f-01ae-457f-8e16-2b23f18c8b02;3dd43b7d-36fd-418a-8fa7-82ed4ad21d4f]]
2026-04-26 10:07:15.767,8.885,CrossSignalAgreement_GT,atomic,[CrossSignalAgreement_GT],[1.0000],1,6,1.0000,[dt-1;dt-2;dt-3],[[dad61fdd-d14d-455c-b8ad-44ebcb783999;c72dfffb-a42c-4fce-ad6f-48bdc965ea25;f6352aa9-cce0-44d7-87b9-b571e7ac4061;786f09ab-d1b3-436d-b4f5-bb3e4f885289;ac2dc84f-01ae-457f-8e16-2b23f18c8b02;3dd43b7d-36fd-418a-8fa7-82ed4ad21d4f]]
2026-04-26 10:07:15.768,8.886,CrossSignalRelativeStable_SYS,atomic,[CrossSignalRelativeStable_SYS],[1.0000],1,6,1.0000,[dt-1;dt-2;dt-3],[[3d41842b-63d6-4a43-a0b6-183fdfa89bfa;2f6941c3-f63e-4e25-9240-09360dfaaa7b;7b35b4ed-c4e9-40eb-9fb8-7c8de649e9f3;298cfd7c-70c6-4d3b-b2e9-bf513b85370e;2b7581a5-a1aa-40f7-8e6d-8166f2f0c692;e003dbcc-f675-42ac-8f42-ce0b7eeceaa4]]
2026-04-26 10:07:15.768,8.886,CrossSignalRelativeStable_OBS,atomic,[CrossSignalRelativeStable_OBS],[1.0000],1,6,1.0000,[dt-1;dt-2;dt-3],[[3d41842b-63d6-4a43-a0b6-183fdfa89bfa;2f6941c3-f63e-4e25-9240-09360dfaaa7b;7b35b4ed-c4e9-40eb-9fb8-7c8de649e9f3;298cfd7c-70c6-4d3b-b2e9-bf513b85370e;2b7581a5-a1aa-40f7-8e6d-8166f2f0c692;e003dbcc-f675-42ac-8f42-ce0b7eeceaa4]]
2026-04-26 10:07:15.768,8.886,CrossSignalAgreement_SYS,atomic,[CrossSignalAgreement_SYS],[1.0000],1,6,1.0000,[dt-1;dt-2;dt-3],[[3d41842b-63d6-4a43-a0b6-183fdfa89bfa;2f6941c3-f63e-4e25-9240-09360dfaaa7b;7b35b4ed-c4e9-40eb-9fb8-7c8de649e9f3;298cfd7c-70c6-4d3b-b2e9-bf513b85370e;2b7581a5-a1aa-40f7-8e6d-8166f2f0c692;e003dbcc-f675-42ac-8f42-ce0b7eeceaa4]]
2026-04-26 10:07:15.769,8.887,CrossSignalAgreement_OBS,atomic,[CrossSignalAgreement_OBS],[1.0000],1,6,1.0000,[dt-1;dt-2;dt-3],[[3d41842b-63d6-4a43-a0b6-183fdfa89bfa;2f6941c3-f63e-4e25-9240-09360dfaaa7b;7b35b4ed-c4e9-40eb-9fb8-7c8de649e9f3;298cfd7c-70c6-4d3b-b2e9-bf513b85370e;2b7581a5-a1aa-40f7-8e6d-8166f2f0c692;e003dbcc-f675-42ac-8f42-ce0b7eeceaa4]]
2026-04-26 10:07:15.874,8.992,CrossSignalRelativeStable_GT,atomic,[CrossSignalRelativeStable_GT],[1.0000],1,6,1.0000,[dt-1;dt-2;dt-3],[[786f09ab-d1b3-436d-b4f5-bb3e4f885289;ac2dc84f-01ae-457f-8e16-2b23f18c8b02;3dd43b7d-36fd-418a-8fa7-82ed4ad21d4f;27cee607-52fd-4514-9045-780a292d6572;807f04ff-77d0-45cc-9767-a5b148d9e0f7;75f6ce27-957d-4a98-86b3-aaa63efcdf40]]
2026-04-26 10:07:15.874,8.992,CrossSignalAgreement_GT,atomic,[CrossSignalAgreement_GT],[1.0000],1,6,1.0000,[dt-1;dt-2;dt-3],[[786f09ab-d1b3-436d-b4f5-bb3e4f885289;ac2dc84f-01ae-457f-8e16-2b23f18c8b02;3dd43b7d-36fd-418a-8fa7-82ed4ad21d4f;27cee607-52fd-4514-9045-780a292d6572;807f04ff-77d0-45cc-9767-a5b148d9e0f7;75f6ce27-957d-4a98-86b3-aaa63efcdf40]]
2026-04-26 10:07:15.875,8.993,CrossSignalRelativeStable_SYS,atomic,[CrossSignalRelativeStable_SYS],[1.0000],1,6,1.0000,[dt-1;dt-2;dt-3],[[298cfd7c-70c6-4d3b-b2e9-bf513b85370e;2b7581a5-a1aa-40f7-8e6d-8166f2f0c692;e003dbcc-f675-42ac-8f42-ce0b7eeceaa4;6e6c67cc-9324-4eb6-bd38-8d8f2e6f0ae1;93fd90da-e8e1-4bcc-9faf-150f29e5f8c9;ac63b84b-16de-47cc-8935-be22093249cc]]
2026-04-26 10:07:15.875,8.993,CrossSignalRelativeStable_OBS,atomic,[CrossSignalRelativeStable_OBS],[1.0000],1,6,1.0000,[dt-1;dt-2;dt-3],[[298cfd7c-70c6-4d3b-b2e9-bf513b85370e;2b7581a5-a1aa-40f7-8e6d-8166f2f0c692;e003dbcc-f675-42ac-8f42-ce0b7eeceaa4;6e6c67cc-9324-4eb6-bd38-8d8f2e6f0ae1;93fd90da-e8e1-4bcc-9faf-150f29e5f8c9;ac63b84b-16de-47cc-8935-be22093249cc]]
2026-04-26 10:07:15.876,8.994,CrossSignalAgreement_SYS,atomic,[CrossSignalAgreement_SYS],[1.0000],1,6,1.0000,[dt-1;dt-2;dt-3],[[298cfd7c-70c6-4d3b-b2e9-bf513b85370e;2b7581a5-a1aa-40f7-8e6d-8166f2f0c692;e003dbcc-f675-42ac-8f42-ce0b7eeceaa4;6e6c67cc-9324-4eb6-bd38-8d8f2e6f0ae1;93fd90da-e8e1-4bcc-9faf-150f29e5f8c9;ac63b84b-16de-47cc-8935-be22093249cc]]
2026-04-26 10:07:15.876,8.994,CrossSignalAgreement_OBS,atomic,[CrossSignalAgreement_OBS],[1.0000],1,6,1.0000,[dt-1;dt-2;dt-3],[[298cfd7c-70c6-4d3b-b2e9-bf513b85370e;2b7581a5-a1aa-40f7-8e6d-8166f2f0c692;e003dbcc-f675-42ac-8f42-ce0b7eeceaa4;6e6c67cc-9324-4eb6-bd38-8d8f2e6f0ae1;93fd90da-e8e1-4bcc-9faf-150f29e5f8c9;ac63b84b-16de-47cc-8935-be22093249cc]]
2026-04-26 10:07:15.982,9.100,CrossSignalRelativeStable_GT,atomic,[CrossSignalRelativeStable_GT],[1.0000],1,6,1.0000,[dt-1;dt-2;dt-3],[[27cee607-52fd-4514-9045-780a292d6572;807f04ff-77d0-45cc-9767-a5b148d9e0f7;75f6ce27-957d-4a98-86b3-aaa63efcdf40;7a8f95ef-e0df-4aa2-971f-52f391fdc308;a7fed698-1c61-4810-af43-bc365f3ceca3;6296e52f-5fa2-4ace-9248-38b5dde6e350]]
2026-04-26 10:07:15.982,9.100,CrossSignalAgreement_GT,atomic,[CrossSignalAgreement_GT],[1.0000],1,6,1.0000,[dt-1;dt-2;dt-3],[[27cee607-52fd-4514-9045-780a292d6572;807f04ff-77d0-45cc-9767-a5b148d9e0f7;75f6ce27-957d-4a98-86b3-aaa63efcdf40;7a8f95ef-e0df-4aa2-971f-52f391fdc308;a7fed698-1c61-4810-af43-bc365f3ceca3;6296e52f-5fa2-4ace-9248-38b5dde6e350]]
2026-04-26 10:07:15.983,9.101,CrossSignalRelativeStable_SYS,atomic,[CrossSignalRelativeStable_SYS],[1.0000],1,6,1.0000,[dt-1;dt-2;dt-3],[[6e6c67cc-9324-4eb6-bd38-8d8f2e6f0ae1;93fd90da-e8e1-4bcc-9faf-150f29e5f8c9;ac63b84b-16de-47cc-8935-be22093249cc;7e53ef04-faf8-4f15-815b-073e197197f8;8500449b-23d6-4f8f-8760-3b7114a8314e;6b2199cb-818f-40df-b607-1fe6761941c4]]
2026-04-26 10:07:15.983,9.101,CrossSignalRelativeStable_OBS,atomic,[CrossSignalRelativeStable_OBS],[1.0000],1,6,1.0000,[dt-1;dt-2;dt-3],[[6e6c67cc-9324-4eb6-bd38-8d8f2e6f0ae1;93fd90da-e8e1-4bcc-9faf-150f29e5f8c9;ac63b84b-16de-47cc-8935-be22093249cc;7e53ef04-faf8-4f15-815b-073e197197f8;8500449b-23d6-4f8f-8760-3b7114a8314e;6b2199cb-818f-40df-b607-1fe6761941c4]]
2026-04-26 10:07:15.983,9.101,CrossSignalAgreement_SYS,atomic,[CrossSignalAgreement_SYS],[1.0000],1,6,1.0000,[dt-1;dt-2;dt-3],[[6e6c67cc-9324-4eb6-bd38-8d8f2e6f0ae1;93fd90da-e8e1-4bcc-9faf-150f29e5f8c9;ac63b84b-16de-47cc-8935-be22093249cc;7e53ef04-faf8-4f15-815b-073e197197f8;8500449b-23d6-4f8f-8760-3b7114a8314e;6b2199cb-818f-40df-b607-1fe6761941c4]]
2026-04-26 10:07:15.983,9.101,CrossSignalAgreement_OBS,atomic,[CrossSignalAgreement_OBS],[1.0000],1,6,1.0000,[dt-1;dt-2;dt-3],[[6e6c67cc-9324-4eb6-bd38-8d8f2e6f0ae1;93fd90da-e8e1-4bcc-9faf-150f29e5f8c9;ac63b84b-16de-47cc-8935-be22093249cc;7e53ef04-faf8-4f15-815b-073e197197f8;8500449b-23d6-4f8f-8760-3b7114a8314e;6b2199cb-818f-40df-b607-1fe6761941c4]]
2026-04-26 10:07:16.094,9.212,CrossSignalRelativeStable_SYS,atomic,[CrossSignalRelativeStable_SYS],[1.0000],1,6,1.0000,[dt-1;dt-2;dt-3],[[7e53ef04-faf8-4f15-815b-073e197197f8;8500449b-23d6-4f8f-8760-3b7114a8314e;6b2199cb-818f-40df-b607-1fe6761941c4;ee3a1591-da8c-4013-97fd-9bd69cc6b1b2;9372a183-a7d7-4a28-8921-ac0bbadd254c;399d93a5-24ca-45a9-be55-94ada345d888]]
2026-04-26 10:07:16.094,9.212,CrossSignalRelativeStable_OBS,atomic,[CrossSignalRelativeStable_OBS],[1.0000],1,6,1.0000,[dt-1;dt-2;dt-3],[[7e53ef04-faf8-4f15-815b-073e197197f8;8500449b-23d6-4f8f-8760-3b7114a8314e;6b2199cb-818f-40df-b607-1fe6761941c4;ee3a1591-da8c-4013-97fd-9bd69cc6b1b2;9372a183-a7d7-4a28-8921-ac0bbadd254c;399d93a5-24ca-45a9-be55-94ada345d888]]
2026-04-26 10:07:16.094,9.212,CrossSignalAgreement_SYS,atomic,[CrossSignalAgreement_SYS],[1.0000],1,6,1.0000,[dt-1;dt-2;dt-3],[[7e53ef04-faf8-4f15-815b-073e197197f8;8500449b-23d6-4f8f-8760-3b7114a8314e;6b2199cb-818f-40df-b607-1fe6761941c4;ee3a1591-da8c-4013-97fd-9bd69cc6b1b2;9372a183-a7d7-4a28-8921-ac0bbadd254c;399d93a5-24ca-45a9-be55-94ada345d888]]
2026-04-26 10:07:16.095,9.213,CrossSignalAgreement_OBS,atomic,[CrossSignalAgreement_OBS],[1.0000],1,6,1.0000,[dt-1;dt-2;dt-3],[[7e53ef04-faf8-4f15-815b-073e197197f8;8500449b-23d6-4f8f-8760-3b7114a8314e;6b2199cb-818f-40df-b607-1fe6761941c4;ee3a1591-da8c-4013-97fd-9bd69cc6b1b2;9372a183-a7d7-4a28-8921-ac0bbadd254c;399d93a5-24ca-45a9-be55-94ada345d888]]
2026-04-26 10:07:16.101,9.219,CrossSignalRelativeStable_GT,atomic,[CrossSignalRelativeStable_GT],[1.0000],1,6,1.0000,[dt-1;dt-2;dt-3],[[7a8f95ef-e0df-4aa2-971f-52f391fdc308;a7fed698-1c61-4810-af43-bc365f3ceca3;6296e52f-5fa2-4ace-9248-38b5dde6e350;c306c14a-2278-4b4d-af2d-5b65c774bce4;dff0037b-8c7d-4e8c-93aa-4422bcce4655;fe041650-b803-40f7-8c0c-06c3a4001f49]]
2026-04-26 10:07:16.101,9.219,CrossSignalAgreement_GT,atomic,[CrossSignalAgreement_GT],[1.0000],1,6,1.0000,[dt-1;dt-2;dt-3],[[7a8f95ef-e0df-4aa2-971f-52f391fdc308;a7fed698-1c61-4810-af43-bc365f3ceca3;6296e52f-5fa2-4ace-9248-38b5dde6e350;c306c14a-2278-4b4d-af2d-5b65c774bce4;dff0037b-8c7d-4e8c-93aa-4422bcce4655;fe041650-b803-40f7-8c0c-06c3a4001f49]]
2026-04-26 10:07:16.206,9.324,CrossSignalRelativeStable_SYS,atomic,[CrossSignalRelativeStable_SYS],[1.0000],1,6,1.0000,[dt-1;dt-2;dt-3],[[ee3a1591-da8c-4013-97fd-9bd69cc6b1b2;9372a183-a7d7-4a28-8921-ac0bbadd254c;399d93a5-24ca-45a9-be55-94ada345d888;618de231-c8fa-4d14-8dcb-cd698277f080;eb898ce7-0701-4d15-8a4f-dd7b9e77467d;a821a378-b0bc-4d8f-8c84-966a54ba1300]]
2026-04-26 10:07:16.207,9.325,CrossSignalRelativeStable_OBS,atomic,[CrossSignalRelativeStable_OBS],[1.0000],1,6,1.0000,[dt-1;dt-2;dt-3],[[ee3a1591-da8c-4013-97fd-9bd69cc6b1b2;9372a183-a7d7-4a28-8921-ac0bbadd254c;399d93a5-24ca-45a9-be55-94ada345d888;618de231-c8fa-4d14-8dcb-cd698277f080;eb898ce7-0701-4d15-8a4f-dd7b9e77467d;a821a378-b0bc-4d8f-8c84-966a54ba1300]]
2026-04-26 10:07:16.207,9.325,CrossSignalAgreement_SYS,atomic,[CrossSignalAgreement_SYS],[1.0000],1,6,1.0000,[dt-1;dt-2;dt-3],[[ee3a1591-da8c-4013-97fd-9bd69cc6b1b2;9372a183-a7d7-4a28-8921-ac0bbadd254c;399d93a5-24ca-45a9-be55-94ada345d888;618de231-c8fa-4d14-8dcb-cd698277f080;eb898ce7-0701-4d15-8a4f-dd7b9e77467d;a821a378-b0bc-4d8f-8c84-966a54ba1300]]
2026-04-26 10:07:16.207,9.325,CrossSignalAgreement_OBS,atomic,[CrossSignalAgreement_OBS],[1.0000],1,6,1.0000,[dt-1;dt-2;dt-3],[[ee3a1591-da8c-4013-97fd-9bd69cc6b1b2;9372a183-a7d7-4a28-8921-ac0bbadd254c;399d93a5-24ca-45a9-be55-94ada345d888;618de231-c8fa-4d14-8dcb-cd698277f080;eb898ce7-0701-4d15-8a4f-dd7b9e77467d;a821a378-b0bc-4d8f-8c84-966a54ba1300]]
2026-04-26 10:07:16.214,9.332,CrossSignalRelativeStable_GT,atomic,[CrossSignalRelativeStable_GT],[1.0000],1,6,1.0000,[dt-1;dt-2;dt-3],[[c306c14a-2278-4b4d-af2d-5b65c774bce4;dff0037b-8c7d-4e8c-93aa-4422bcce4655;fe041650-b803-40f7-8c0c-06c3a4001f49;696c4b4e-a6aa-401a-814c-0addff9506be;af0a8897-099a-43cb-a4ca-c5a5deb39d59;2b1b1c41-225c-4695-82a2-554d7f8f14e5]]
2026-04-26 10:07:16.214,9.332,CrossSignalAgreement_GT,atomic,[CrossSignalAgreement_GT],[1.0000],1,6,1.0000,[dt-1;dt-2;dt-3],[[c306c14a-2278-4b4d-af2d-5b65c774bce4;dff0037b-8c7d-4e8c-93aa-4422bcce4655;fe041650-b803-40f7-8c0c-06c3a4001f49;696c4b4e-a6aa-401a-814c-0addff9506be;af0a8897-099a-43cb-a4ca-c5a5deb39d59;2b1b1c41-225c-4695-82a2-554d7f8f14e5]]
2026-04-26 10:07:16.320,9.438,CrossSignalRelativeStable_SYS,atomic,[CrossSignalRelativeStable_SYS],[1.0000],1,6,1.0000,[dt-1;dt-2;dt-3],[[618de231-c8fa-4d14-8dcb-cd698277f080;eb898ce7-0701-4d15-8a4f-dd7b9e77467d;a821a378-b0bc-4d8f-8c84-966a54ba1300;1cf7b306-1a70-4113-b093-3cfe3926450b;ec6f656c-eb85-4f50-9fd0-7336d6badfa4;8d28b14a-986a-4434-b381-500b6b47a8df]]
2026-04-26 10:07:16.320,9.438,CrossSignalRelativeStable_OBS,atomic,[CrossSignalRelativeStable_OBS],[1.0000],1,6,1.0000,[dt-1;dt-2;dt-3],[[618de231-c8fa-4d14-8dcb-cd698277f080;eb898ce7-0701-4d15-8a4f-dd7b9e77467d;a821a378-b0bc-4d8f-8c84-966a54ba1300;1cf7b306-1a70-4113-b093-3cfe3926450b;ec6f656c-eb85-4f50-9fd0-7336d6badfa4;8d28b14a-986a-4434-b381-500b6b47a8df]]
2026-04-26 10:07:16.320,9.438,CrossSignalAgreement_SYS,atomic,[CrossSignalAgreement_SYS],[1.0000],1,6,1.0000,[dt-1;dt-2;dt-3],[[618de231-c8fa-4d14-8dcb-cd698277f080;eb898ce7-0701-4d15-8a4f-dd7b9e77467d;a821a378-b0bc-4d8f-8c84-966a54ba1300;1cf7b306-1a70-4113-b093-3cfe3926450b;ec6f656c-eb85-4f50-9fd0-7336d6badfa4;8d28b14a-986a-4434-b381-500b6b47a8df]]
2026-04-26 10:07:16.321,9.439,CrossSignalAgreement_OBS,atomic,[CrossSignalAgreement_OBS],[1.0000],1,6,1.0000,[dt-1;dt-2;dt-3],[[618de231-c8fa-4d14-8dcb-cd698277f080;eb898ce7-0701-4d15-8a4f-dd7b9e77467d;a821a378-b0bc-4d8f-8c84-966a54ba1300;1cf7b306-1a70-4113-b093-3cfe3926450b;ec6f656c-eb85-4f50-9fd0-7336d6badfa4;8d28b14a-986a-4434-b381-500b6b47a8df]]
2026-04-26 10:07:16.326,9.444,CrossSignalRelativeStable_GT,atomic,[CrossSignalRelativeStable_GT],[1.0000],1,6,1.0000,[dt-1;dt-2;dt-3],[[696c4b4e-a6aa-401a-814c-0addff9506be;af0a8897-099a-43cb-a4ca-c5a5deb39d59;2b1b1c41-225c-4695-82a2-554d7f8f14e5;c20d7af3-ee32-453a-8e51-c75d04d81d0b;f9c653ca-e864-45c2-b037-25019a1b2330;30108e38-b236-4ac0-ba95-762f1dcaf7fe]]
2026-04-26 10:07:16.326,9.444,CrossSignalAgreement_GT,atomic,[CrossSignalAgreement_GT],[1.0000],1,6,1.0000,[dt-1;dt-2;dt-3],[[696c4b4e-a6aa-401a-814c-0addff9506be;af0a8897-099a-43cb-a4ca-c5a5deb39d59;2b1b1c41-225c-4695-82a2-554d7f8f14e5;c20d7af3-ee32-453a-8e51-c75d04d81d0b;f9c653ca-e864-45c2-b037-25019a1b2330;30108e38-b236-4ac0-ba95-762f1dcaf7fe]]
2026-04-26 10:07:16.430,9.548,CrossSignalRelativeStable_SYS,atomic,[CrossSignalRelativeStable_SYS],[1.0000],1,6,1.0000,[dt-1;dt-2;dt-3],[[1cf7b306-1a70-4113-b093-3cfe3926450b;ec6f656c-eb85-4f50-9fd0-7336d6badfa4;8d28b14a-986a-4434-b381-500b6b47a8df;127d2394-707f-4aec-831f-1c6ea6b7db7b;a83dced0-3663-43ae-a45e-42b8c5c38c0d;fe854658-c890-448e-bd34-dc826cf7d187]]
2026-04-26 10:07:16.430,9.548,CrossSignalRelativeStable_OBS,atomic,[CrossSignalRelativeStable_OBS],[1.0000],1,6,1.0000,[dt-1;dt-2;dt-3],[[1cf7b306-1a70-4113-b093-3cfe3926450b;ec6f656c-eb85-4f50-9fd0-7336d6badfa4;8d28b14a-986a-4434-b381-500b6b47a8df;127d2394-707f-4aec-831f-1c6ea6b7db7b;a83dced0-3663-43ae-a45e-42b8c5c38c0d;fe854658-c890-448e-bd34-dc826cf7d187]]
2026-04-26 10:07:16.431,9.549,CrossSignalAgreement_SYS,atomic,[CrossSignalAgreement_SYS],[1.0000],1,6,1.0000,[dt-1;dt-2;dt-3],[[1cf7b306-1a70-4113-b093-3cfe3926450b;ec6f656c-eb85-4f50-9fd0-7336d6badfa4;8d28b14a-986a-4434-b381-500b6b47a8df;127d2394-707f-4aec-831f-1c6ea6b7db7b;a83dced0-3663-43ae-a45e-42b8c5c38c0d;fe854658-c890-448e-bd34-dc826cf7d187]]
2026-04-26 10:07:16.431,9.549,CrossSignalAgreement_OBS,atomic,[CrossSignalAgreement_OBS],[1.0000],1,6,1.0000,[dt-1;dt-2;dt-3],[[1cf7b306-1a70-4113-b093-3cfe3926450b;ec6f656c-eb85-4f50-9fd0-7336d6badfa4;8d28b14a-986a-4434-b381-500b6b47a8df;127d2394-707f-4aec-831f-1c6ea6b7db7b;a83dced0-3663-43ae-a45e-42b8c5c38c0d;fe854658-c890-448e-bd34-dc826cf7d187]]
2026-04-26 10:07:16.437,9.555,CrossSignalRelativeStable_GT,atomic,[CrossSignalRelativeStable_GT],[1.0000],1,6,1.0000,[dt-1;dt-2;dt-3],[[c20d7af3-ee32-453a-8e51-c75d04d81d0b;f9c653ca-e864-45c2-b037-25019a1b2330;30108e38-b236-4ac0-ba95-762f1dcaf7fe;2a82587e-8728-4325-a58f-1fc73a2018ec;caa33a6d-9733-4e77-ab1c-cab4909424ea;4553f07e-b920-4124-92a7-06c2f8959ea3]]
2026-04-26 10:07:16.437,9.555,CrossSignalAgreement_GT,atomic,[CrossSignalAgreement_GT],[1.0000],1,6,1.0000,[dt-1;dt-2;dt-3],[[c20d7af3-ee32-453a-8e51-c75d04d81d0b;f9c653ca-e864-45c2-b037-25019a1b2330;30108e38-b236-4ac0-ba95-762f1dcaf7fe;2a82587e-8728-4325-a58f-1fc73a2018ec;caa33a6d-9733-4e77-ab1c-cab4909424ea;4553f07e-b920-4124-92a7-06c2f8959ea3]]
2026-04-26 10:07:16.542,9.660,CrossSignalRelativeStable_SYS,atomic,[CrossSignalRelativeStable_SYS],[1.0000],1,6,1.0000,[dt-1;dt-2;dt-3],[[127d2394-707f-4aec-831f-1c6ea6b7db7b;a83dced0-3663-43ae-a45e-42b8c5c38c0d;fe854658-c890-448e-bd34-dc826cf7d187;e1cc3453-860f-4e2b-8a12-1a1e6c56e601;89c8519b-7213-41f6-801e-701093aae79c;3969f384-5ce7-48d5-a96f-bf53c1a57512]]
2026-04-26 10:07:16.543,9.661,CrossSignalRelativeStable_OBS,atomic,[CrossSignalRelativeStable_OBS],[1.0000],1,6,1.0000,[dt-1;dt-2;dt-3],[[127d2394-707f-4aec-831f-1c6ea6b7db7b;a83dced0-3663-43ae-a45e-42b8c5c38c0d;fe854658-c890-448e-bd34-dc826cf7d187;e1cc3453-860f-4e2b-8a12-1a1e6c56e601;89c8519b-7213-41f6-801e-701093aae79c;3969f384-5ce7-48d5-a96f-bf53c1a57512]]
2026-04-26 10:07:16.543,9.661,CrossSignalAgreement_SYS,atomic,[CrossSignalAgreement_SYS],[1.0000],1,6,1.0000,[dt-1;dt-2;dt-3],[[127d2394-707f-4aec-831f-1c6ea6b7db7b;a83dced0-3663-43ae-a45e-42b8c5c38c0d;fe854658-c890-448e-bd34-dc826cf7d187;e1cc3453-860f-4e2b-8a12-1a1e6c56e601;89c8519b-7213-41f6-801e-701093aae79c;3969f384-5ce7-48d5-a96f-bf53c1a57512]]
2026-04-26 10:07:16.543,9.661,CrossSignalAgreement_OBS,atomic,[CrossSignalAgreement_OBS],[1.0000],1,6,1.0000,[dt-1;dt-2;dt-3],[[127d2394-707f-4aec-831f-1c6ea6b7db7b;a83dced0-3663-43ae-a45e-42b8c5c38c0d;fe854658-c890-448e-bd34-dc826cf7d187;e1cc3453-860f-4e2b-8a12-1a1e6c56e601;89c8519b-7213-41f6-801e-701093aae79c;3969f384-5ce7-48d5-a96f-bf53c1a57512]]
2026-04-26 10:07:16.550,9.668,CrossSignalRelativeStable_GT,atomic,[CrossSignalRelativeStable_GT],[1.0000],1,6,1.0000,[dt-1;dt-2;dt-3],[[2a82587e-8728-4325-a58f-1fc73a2018ec;caa33a6d-9733-4e77-ab1c-cab4909424ea;4553f07e-b920-4124-92a7-06c2f8959ea3;43f346df-53c1-4ea7-ac12-8eae1af8b552;ffea594c-a2f7-47d2-aeae-e281214173da;974dbe7b-c38f-41bc-8036-c5e0ea8cb6b5]]
2026-04-26 10:07:16.550,9.668,CrossSignalAgreement_GT,atomic,[CrossSignalAgreement_GT],[1.0000],1,6,1.0000,[dt-1;dt-2;dt-3],[[2a82587e-8728-4325-a58f-1fc73a2018ec;caa33a6d-9733-4e77-ab1c-cab4909424ea;4553f07e-b920-4124-92a7-06c2f8959ea3;43f346df-53c1-4ea7-ac12-8eae1af8b552;ffea594c-a2f7-47d2-aeae-e281214173da;974dbe7b-c38f-41bc-8036-c5e0ea8cb6b5]]
2026-04-26 10:07:16.653,9.771,CrossSignalRelativeStable_SYS,atomic,[CrossSignalRelativeStable_SYS],[1.0000],1,6,1.0000,[dt-1;dt-2;dt-3],[[e1cc3453-860f-4e2b-8a12-1a1e6c56e601;89c8519b-7213-41f6-801e-701093aae79c;3969f384-5ce7-48d5-a96f-bf53c1a57512;5ce8e953-fcd3-4a90-b780-49476db534a1;018530a9-23b5-4e0e-a36b-93b3bc79f9d6;3d904881-f679-403c-adcf-e3d706ae94e3]]
2026-04-26 10:07:16.653,9.771,CrossSignalRelativeStable_OBS,atomic,[CrossSignalRelativeStable_OBS],[1.0000],1,6,1.0000,[dt-1;dt-2;dt-3],[[e1cc3453-860f-4e2b-8a12-1a1e6c56e601;89c8519b-7213-41f6-801e-701093aae79c;3969f384-5ce7-48d5-a96f-bf53c1a57512;5ce8e953-fcd3-4a90-b780-49476db534a1;018530a9-23b5-4e0e-a36b-93b3bc79f9d6;3d904881-f679-403c-adcf-e3d706ae94e3]]
2026-04-26 10:07:16.654,9.772,CrossSignalAgreement_SYS,atomic,[CrossSignalAgreement_SYS],[1.0000],1,6,1.0000,[dt-1;dt-2;dt-3],[[e1cc3453-860f-4e2b-8a12-1a1e6c56e601;89c8519b-7213-41f6-801e-701093aae79c;3969f384-5ce7-48d5-a96f-bf53c1a57512;5ce8e953-fcd3-4a90-b780-49476db534a1;018530a9-23b5-4e0e-a36b-93b3bc79f9d6;3d904881-f679-403c-adcf-e3d706ae94e3]]
2026-04-26 10:07:16.654,9.772,CrossSignalAgreement_OBS,atomic,[CrossSignalAgreement_OBS],[1.0000],1,6,1.0000,[dt-1;dt-2;dt-3],[[e1cc3453-860f-4e2b-8a12-1a1e6c56e601;89c8519b-7213-41f6-801e-701093aae79c;3969f384-5ce7-48d5-a96f-bf53c1a57512;5ce8e953-fcd3-4a90-b780-49476db534a1;018530a9-23b5-4e0e-a36b-93b3bc79f9d6;3d904881-f679-403c-adcf-e3d706ae94e3]]
2026-04-26 10:07:16.659,9.777,CrossSignalRelativeStable_GT,atomic,[CrossSignalRelativeStable_GT],[1.0000],1,6,1.0000,[dt-1;dt-2;dt-3],[[43f346df-53c1-4ea7-ac12-8eae1af8b552;ffea594c-a2f7-47d2-aeae-e281214173da;974dbe7b-c38f-41bc-8036-c5e0ea8cb6b5;3c1c641f-6e78-430e-a78d-80f9fb773965;86769bcd-a5fc-44c9-8ec6-ec839c520381;e29cb524-13e4-4d29-a8d9-ccf12c6e0e18]]
2026-04-26 10:07:16.660,9.778,CrossSignalAgreement_GT,atomic,[CrossSignalAgreement_GT],[1.0000],1,6,1.0000,[dt-1;dt-2;dt-3],[[43f346df-53c1-4ea7-ac12-8eae1af8b552;ffea594c-a2f7-47d2-aeae-e281214173da;974dbe7b-c38f-41bc-8036-c5e0ea8cb6b5;3c1c641f-6e78-430e-a78d-80f9fb773965;86769bcd-a5fc-44c9-8ec6-ec839c520381;e29cb524-13e4-4d29-a8d9-ccf12c6e0e18]]
2026-04-26 10:07:16.763,9.881,CrossSignalRelativeStable_SYS,atomic,[CrossSignalRelativeStable_SYS],[1.0000],1,6,1.0000,[dt-1;dt-2;dt-3],[[5ce8e953-fcd3-4a90-b780-49476db534a1;018530a9-23b5-4e0e-a36b-93b3bc79f9d6;3d904881-f679-403c-adcf-e3d706ae94e3;d6f56bd2-177b-4b82-b456-fb76169ce29c;f590dc60-7115-47f8-8a99-872f76463d47;c90fb2a5-585f-45e8-8364-17a6943f757c]]
2026-04-26 10:07:16.764,9.882,CrossSignalRelativeStable_OBS,atomic,[CrossSignalRelativeStable_OBS],[1.0000],1,6,1.0000,[dt-1;dt-2;dt-3],[[5ce8e953-fcd3-4a90-b780-49476db534a1;018530a9-23b5-4e0e-a36b-93b3bc79f9d6;3d904881-f679-403c-adcf-e3d706ae94e3;d6f56bd2-177b-4b82-b456-fb76169ce29c;f590dc60-7115-47f8-8a99-872f76463d47;c90fb2a5-585f-45e8-8364-17a6943f757c]]
2026-04-26 10:07:16.764,9.882,CrossSignalAgreement_SYS,atomic,[CrossSignalAgreement_SYS],[1.0000],1,6,1.0000,[dt-1;dt-2;dt-3],[[5ce8e953-fcd3-4a90-b780-49476db534a1;018530a9-23b5-4e0e-a36b-93b3bc79f9d6;3d904881-f679-403c-adcf-e3d706ae94e3;d6f56bd2-177b-4b82-b456-fb76169ce29c;f590dc60-7115-47f8-8a99-872f76463d47;c90fb2a5-585f-45e8-8364-17a6943f757c]]
2026-04-26 10:07:16.764,9.882,CrossSignalAgreement_OBS,atomic,[CrossSignalAgreement_OBS],[1.0000],1,6,1.0000,[dt-1;dt-2;dt-3],[[5ce8e953-fcd3-4a90-b780-49476db534a1;018530a9-23b5-4e0e-a36b-93b3bc79f9d6;3d904881-f679-403c-adcf-e3d706ae94e3;d6f56bd2-177b-4b82-b456-fb76169ce29c;f590dc60-7115-47f8-8a99-872f76463d47;c90fb2a5-585f-45e8-8364-17a6943f757c]]
2026-04-26 10:07:16.770,9.888,CrossSignalRelativeStable_GT,atomic,[CrossSignalRelativeStable_GT],[1.0000],1,6,1.0000,[dt-1;dt-2;dt-3],[[3c1c641f-6e78-430e-a78d-80f9fb773965;86769bcd-a5fc-44c9-8ec6-ec839c520381;e29cb524-13e4-4d29-a8d9-ccf12c6e0e18;379c8475-1b3f-491b-9ebd-92cec12d336a;ae32eb76-3b46-478a-989b-89adde24439d;de6a0025-6df1-45d7-ba65-65221e711c16]]
2026-04-26 10:07:16.771,9.889,CrossSignalAgreement_GT,atomic,[CrossSignalAgreement_GT],[1.0000],1,6,1.0000,[dt-1;dt-2;dt-3],[[3c1c641f-6e78-430e-a78d-80f9fb773965;86769bcd-a5fc-44c9-8ec6-ec839c520381;e29cb524-13e4-4d29-a8d9-ccf12c6e0e18;379c8475-1b3f-491b-9ebd-92cec12d336a;ae32eb76-3b46-478a-989b-89adde24439d;de6a0025-6df1-45d7-ba65-65221e711c16]]
2026-04-26 10:07:16.871,9.989,CrossSignalRelativeStable_GT,atomic,[CrossSignalRelativeStable_GT],[1.0000],1,6,1.0000,[dt-1;dt-2;dt-3],[[379c8475-1b3f-491b-9ebd-92cec12d336a;ae32eb76-3b46-478a-989b-89adde24439d;de6a0025-6df1-45d7-ba65-65221e711c16;2ecbf571-7bdf-4fe0-847c-17d6aaae377d;aaede261-ac1b-4708-b091-744321d747d0;f18a96b0-8d39-4240-8d63-d877d02889cc]]
2026-04-26 10:07:16.871,9.989,CrossSignalAgreement_GT,atomic,[CrossSignalAgreement_GT],[1.0000],1,6,1.0000,[dt-1;dt-2;dt-3],[[379c8475-1b3f-491b-9ebd-92cec12d336a;ae32eb76-3b46-478a-989b-89adde24439d;de6a0025-6df1-45d7-ba65-65221e711c16;2ecbf571-7bdf-4fe0-847c-17d6aaae377d;aaede261-ac1b-4708-b091-744321d747d0;f18a96b0-8d39-4240-8d63-d877d02889cc]]
2026-04-26 10:07:16.872,9.990,CrossSignalRelativeStable_SYS,atomic,[CrossSignalRelativeStable_SYS],[1.0000],1,6,1.0000,[dt-1;dt-2;dt-3],[[d6f56bd2-177b-4b82-b456-fb76169ce29c;f590dc60-7115-47f8-8a99-872f76463d47;c90fb2a5-585f-45e8-8364-17a6943f757c;b52f98f0-0c1f-4125-a31e-b50e25099938;1375b168-7654-4bf0-be54-42c3eeef6bbb;1f8eb0f3-ce65-4576-9014-c013586c96d0]]
2026-04-26 10:07:16.872,9.990,CrossSignalRelativeStable_OBS,atomic,[CrossSignalRelativeStable_OBS],[1.0000],1,6,1.0000,[dt-1;dt-2;dt-3],[[d6f56bd2-177b-4b82-b456-fb76169ce29c;f590dc60-7115-47f8-8a99-872f76463d47;c90fb2a5-585f-45e8-8364-17a6943f757c;b52f98f0-0c1f-4125-a31e-b50e25099938;1375b168-7654-4bf0-be54-42c3eeef6bbb;1f8eb0f3-ce65-4576-9014-c013586c96d0]]
2026-04-26 10:07:16.872,9.990,CrossSignalAgreement_SYS,atomic,[CrossSignalAgreement_SYS],[1.0000],1,6,1.0000,[dt-1;dt-2;dt-3],[[d6f56bd2-177b-4b82-b456-fb76169ce29c;f590dc60-7115-47f8-8a99-872f76463d47;c90fb2a5-585f-45e8-8364-17a6943f757c;b52f98f0-0c1f-4125-a31e-b50e25099938;1375b168-7654-4bf0-be54-42c3eeef6bbb;1f8eb0f3-ce65-4576-9014-c013586c96d0]]
2026-04-26 10:07:16.872,9.990,CrossSignalAgreement_OBS,atomic,[CrossSignalAgreement_OBS],[1.0000],1,6,1.0000,[dt-1;dt-2;dt-3],[[d6f56bd2-177b-4b82-b456-fb76169ce29c;f590dc60-7115-47f8-8a99-872f76463d47;c90fb2a5-585f-45e8-8364-17a6943f757c;b52f98f0-0c1f-4125-a31e-b50e25099938;1375b168-7654-4bf0-be54-42c3eeef6bbb;1f8eb0f3-ce65-4576-9014-c013586c96d0]]
2026-04-26 10:07:16.980,10.098,CrossSignalRelativeStable_GT,atomic,[CrossSignalRelativeStable_GT],[1.0000],1,6,1.0000,[dt-1;dt-2;dt-3],[[2ecbf571-7bdf-4fe0-847c-17d6aaae377d;aaede261-ac1b-4708-b091-744321d747d0;f18a96b0-8d39-4240-8d63-d877d02889cc;c10916d6-1c82-4fe1-b3c2-d32f287ea699;a114ecdd-a606-4c54-b6cb-c335fb80a107;e689be95-6426-4592-bb89-641b799a86c1]]
2026-04-26 10:07:16.980,10.098,CrossSignalAgreement_GT,atomic,[CrossSignalAgreement_GT],[1.0000],1,6,1.0000,[dt-1;dt-2;dt-3],[[2ecbf571-7bdf-4fe0-847c-17d6aaae377d;aaede261-ac1b-4708-b091-744321d747d0;f18a96b0-8d39-4240-8d63-d877d02889cc;c10916d6-1c82-4fe1-b3c2-d32f287ea699;a114ecdd-a606-4c54-b6cb-c335fb80a107;e689be95-6426-4592-bb89-641b799a86c1]]
2026-04-26 10:07:16.981,10.099,CrossSignalRelativeStable_SYS,atomic,[CrossSignalRelativeStable_SYS],[1.0000],1,6,1.0000,[dt-1;dt-2;dt-3],[[b52f98f0-0c1f-4125-a31e-b50e25099938;1375b168-7654-4bf0-be54-42c3eeef6bbb;1f8eb0f3-ce65-4576-9014-c013586c96d0;c8ef6c69-90ea-46b6-b07c-6712c192f6a9;1cf8613e-c469-4325-88f0-beec53a3fac7;c790dfea-ff7d-46d8-b4d3-f07295f29125]]
2026-04-26 10:07:16.981,10.099,CrossSignalRelativeStable_OBS,atomic,[CrossSignalRelativeStable_OBS],[1.0000],1,6,1.0000,[dt-1;dt-2;dt-3],[[b52f98f0-0c1f-4125-a31e-b50e25099938;1375b168-7654-4bf0-be54-42c3eeef6bbb;1f8eb0f3-ce65-4576-9014-c013586c96d0;c8ef6c69-90ea-46b6-b07c-6712c192f6a9;1cf8613e-c469-4325-88f0-beec53a3fac7;c790dfea-ff7d-46d8-b4d3-f07295f29125]]
2026-04-26 10:07:16.981,10.099,CrossSignalAgreement_SYS,atomic,[CrossSignalAgreement_SYS],[1.0000],1,6,1.0000,[dt-1;dt-2;dt-3],[[b52f98f0-0c1f-4125-a31e-b50e25099938;1375b168-7654-4bf0-be54-42c3eeef6bbb;1f8eb0f3-ce65-4576-9014-c013586c96d0;c8ef6c69-90ea-46b6-b07c-6712c192f6a9;1cf8613e-c469-4325-88f0-beec53a3fac7;c790dfea-ff7d-46d8-b4d3-f07295f29125]]
2026-04-26 10:07:16.981,10.099,CrossSignalAgreement_OBS,atomic,[CrossSignalAgreement_OBS],[1.0000],1,6,1.0000,[dt-1;dt-2;dt-3],[[b52f98f0-0c1f-4125-a31e-b50e25099938;1375b168-7654-4bf0-be54-42c3eeef6bbb;1f8eb0f3-ce65-4576-9014-c013586c96d0;c8ef6c69-90ea-46b6-b07c-6712c192f6a9;1cf8613e-c469-4325-88f0-beec53a3fac7;c790dfea-ff7d-46d8-b4d3-f07295f29125]]
2026-04-26 10:07:17.091,10.209,CrossSignalRelativeStable_GT,atomic,[CrossSignalRelativeStable_GT],[1.0000],1,6,1.0000,[dt-1;dt-2;dt-3],[[c10916d6-1c82-4fe1-b3c2-d32f287ea699;a114ecdd-a606-4c54-b6cb-c335fb80a107;e689be95-6426-4592-bb89-641b799a86c1;a66fb334-9ae3-4656-b699-31e3ead5e616;edc6453f-5460-435c-ab35-6fc05c2f9f81;debd9e2c-33fe-45ca-a010-33e0a13969ad]]
2026-04-26 10:07:17.092,10.210,CrossSignalAgreement_GT,atomic,[CrossSignalAgreement_GT],[1.0000],1,6,1.0000,[dt-1;dt-2;dt-3],[[c10916d6-1c82-4fe1-b3c2-d32f287ea699;a114ecdd-a606-4c54-b6cb-c335fb80a107;e689be95-6426-4592-bb89-641b799a86c1;a66fb334-9ae3-4656-b699-31e3ead5e616;edc6453f-5460-435c-ab35-6fc05c2f9f81;debd9e2c-33fe-45ca-a010-33e0a13969ad]]
2026-04-26 10:07:17.092,10.210,CrossSignalRelativeStable_SYS,atomic,[CrossSignalRelativeStable_SYS],[1.0000],1,6,1.0000,[dt-1;dt-2;dt-3],[[c8ef6c69-90ea-46b6-b07c-6712c192f6a9;1cf8613e-c469-4325-88f0-beec53a3fac7;c790dfea-ff7d-46d8-b4d3-f07295f29125;c0d8d248-21bf-4c61-9716-d4d773f8d8cb;f188f4b8-3823-412e-a4d3-26619ce9692c;a5dfd584-adfb-4c77-9df3-033fe0cac5b5]]
2026-04-26 10:07:17.092,10.210,CrossSignalRelativeStable_OBS,atomic,[CrossSignalRelativeStable_OBS],[1.0000],1,6,1.0000,[dt-1;dt-2;dt-3],[[c8ef6c69-90ea-46b6-b07c-6712c192f6a9;1cf8613e-c469-4325-88f0-beec53a3fac7;c790dfea-ff7d-46d8-b4d3-f07295f29125;c0d8d248-21bf-4c61-9716-d4d773f8d8cb;f188f4b8-3823-412e-a4d3-26619ce9692c;a5dfd584-adfb-4c77-9df3-033fe0cac5b5]]
2026-04-26 10:07:17.092,10.210,CrossSignalAgreement_SYS,atomic,[CrossSignalAgreement_SYS],[1.0000],1,6,1.0000,[dt-1;dt-2;dt-3],[[c8ef6c69-90ea-46b6-b07c-6712c192f6a9;1cf8613e-c469-4325-88f0-beec53a3fac7;c790dfea-ff7d-46d8-b4d3-f07295f29125;c0d8d248-21bf-4c61-9716-d4d773f8d8cb;f188f4b8-3823-412e-a4d3-26619ce9692c;a5dfd584-adfb-4c77-9df3-033fe0cac5b5]]
2026-04-26 10:07:17.093,10.211,CrossSignalAgreement_OBS,atomic,[CrossSignalAgreement_OBS],[1.0000],1,6,1.0000,[dt-1;dt-2;dt-3],[[c8ef6c69-90ea-46b6-b07c-6712c192f6a9;1cf8613e-c469-4325-88f0-beec53a3fac7;c790dfea-ff7d-46d8-b4d3-f07295f29125;c0d8d248-21bf-4c61-9716-d4d773f8d8cb;f188f4b8-3823-412e-a4d3-26619ce9692c;a5dfd584-adfb-4c77-9df3-033fe0cac5b5]]
2026-04-26 10:07:17.203,10.321,CrossSignalRelativeStable_SYS,atomic,[CrossSignalRelativeStable_SYS],[1.0000],1,6,1.0000,[dt-1;dt-2;dt-3],[[c0d8d248-21bf-4c61-9716-d4d773f8d8cb;f188f4b8-3823-412e-a4d3-26619ce9692c;a5dfd584-adfb-4c77-9df3-033fe0cac5b5;6c6879e1-db6a-402c-bef1-9695cae3c0d6;b53a8873-0643-414a-b7e4-673ebe212c3f;a7905ce5-bf2f-4a03-9900-963b96fa2b1d]]
2026-04-26 10:07:17.203,10.321,CrossSignalRelativeStable_OBS,atomic,[CrossSignalRelativeStable_OBS],[1.0000],1,6,1.0000,[dt-1;dt-2;dt-3],[[c0d8d248-21bf-4c61-9716-d4d773f8d8cb;f188f4b8-3823-412e-a4d3-26619ce9692c;a5dfd584-adfb-4c77-9df3-033fe0cac5b5;6c6879e1-db6a-402c-bef1-9695cae3c0d6;b53a8873-0643-414a-b7e4-673ebe212c3f;a7905ce5-bf2f-4a03-9900-963b96fa2b1d]]
2026-04-26 10:07:17.204,10.322,CrossSignalAgreement_SYS,atomic,[CrossSignalAgreement_SYS],[1.0000],1,6,1.0000,[dt-1;dt-2;dt-3],[[c0d8d248-21bf-4c61-9716-d4d773f8d8cb;f188f4b8-3823-412e-a4d3-26619ce9692c;a5dfd584-adfb-4c77-9df3-033fe0cac5b5;6c6879e1-db6a-402c-bef1-9695cae3c0d6;b53a8873-0643-414a-b7e4-673ebe212c3f;a7905ce5-bf2f-4a03-9900-963b96fa2b1d]]
2026-04-26 10:07:17.204,10.322,CrossSignalAgreement_OBS,atomic,[CrossSignalAgreement_OBS],[1.0000],1,6,1.0000,[dt-1;dt-2;dt-3],[[c0d8d248-21bf-4c61-9716-d4d773f8d8cb;f188f4b8-3823-412e-a4d3-26619ce9692c;a5dfd584-adfb-4c77-9df3-033fe0cac5b5;6c6879e1-db6a-402c-bef1-9695cae3c0d6;b53a8873-0643-414a-b7e4-673ebe212c3f;a7905ce5-bf2f-4a03-9900-963b96fa2b1d]]
2026-04-26 10:07:17.210,10.328,CrossSignalRelativeStable_GT,atomic,[CrossSignalRelativeStable_GT],[1.0000],1,6,1.0000,[dt-1;dt-2;dt-3],[[a66fb334-9ae3-4656-b699-31e3ead5e616;edc6453f-5460-435c-ab35-6fc05c2f9f81;debd9e2c-33fe-45ca-a010-33e0a13969ad;5ba43c5d-664d-49f5-8c6b-cab1c882b72d;86eb5305-c342-407f-a207-aff93bcd0002;26b18bfb-60ae-4731-b926-bede3df6a5ce]]
2026-04-26 10:07:17.210,10.328,CrossSignalAgreement_GT,atomic,[CrossSignalAgreement_GT],[1.0000],1,6,1.0000,[dt-1;dt-2;dt-3],[[a66fb334-9ae3-4656-b699-31e3ead5e616;edc6453f-5460-435c-ab35-6fc05c2f9f81;debd9e2c-33fe-45ca-a010-33e0a13969ad;5ba43c5d-664d-49f5-8c6b-cab1c882b72d;86eb5305-c342-407f-a207-aff93bcd0002;26b18bfb-60ae-4731-b926-bede3df6a5ce]]
2026-04-26 10:07:17.333,10.451,CrossSignalRelativeStable_GT,atomic,[CrossSignalRelativeStable_GT],[1.0000],1,6,1.0000,[dt-1;dt-2;dt-3],[[5ba43c5d-664d-49f5-8c6b-cab1c882b72d;86eb5305-c342-407f-a207-aff93bcd0002;26b18bfb-60ae-4731-b926-bede3df6a5ce;ca8a48d7-186f-407f-a23d-dd5d364989fa;70a49248-2046-442e-ad5a-ce36e7a3e335;71d16bf8-8c61-458c-ad1b-5d2e9a819b81]]
2026-04-26 10:07:17.334,10.452,CrossSignalAgreement_GT,atomic,[CrossSignalAgreement_GT],[1.0000],1,6,1.0000,[dt-1;dt-2;dt-3],[[5ba43c5d-664d-49f5-8c6b-cab1c882b72d;86eb5305-c342-407f-a207-aff93bcd0002;26b18bfb-60ae-4731-b926-bede3df6a5ce;ca8a48d7-186f-407f-a23d-dd5d364989fa;70a49248-2046-442e-ad5a-ce36e7a3e335;71d16bf8-8c61-458c-ad1b-5d2e9a819b81]]
2026-04-26 10:07:17.421,10.539,CrossSignalRelativeStable_SYS,atomic,[CrossSignalRelativeStable_SYS],[1.0000],1,6,1.0000,[dt-1;dt-2;dt-3],[[6c6879e1-db6a-402c-bef1-9695cae3c0d6;b53a8873-0643-414a-b7e4-673ebe212c3f;a7905ce5-bf2f-4a03-9900-963b96fa2b1d;a9ffc3f0-36b9-4f96-8b7e-f9f1078922c0;93863039-01ab-414e-a07f-e78459df5ad3;5285192b-4bef-43fc-b496-f29326b24f3d]]
2026-04-26 10:07:17.422,10.540,CrossSignalRelativeStable_OBS,atomic,[CrossSignalRelativeStable_OBS],[1.0000],1,6,1.0000,[dt-1;dt-2;dt-3],[[6c6879e1-db6a-402c-bef1-9695cae3c0d6;b53a8873-0643-414a-b7e4-673ebe212c3f;a7905ce5-bf2f-4a03-9900-963b96fa2b1d;a9ffc3f0-36b9-4f96-8b7e-f9f1078922c0;93863039-01ab-414e-a07f-e78459df5ad3;5285192b-4bef-43fc-b496-f29326b24f3d]]
2026-04-26 10:07:17.422,10.540,CrossSignalAgreement_SYS,atomic,[CrossSignalAgreement_SYS],[1.0000],1,6,1.0000,[dt-1;dt-2;dt-3],[[6c6879e1-db6a-402c-bef1-9695cae3c0d6;b53a8873-0643-414a-b7e4-673ebe212c3f;a7905ce5-bf2f-4a03-9900-963b96fa2b1d;a9ffc3f0-36b9-4f96-8b7e-f9f1078922c0;93863039-01ab-414e-a07f-e78459df5ad3;5285192b-4bef-43fc-b496-f29326b24f3d]]
2026-04-26 10:07:17.422,10.540,CrossSignalAgreement_OBS,atomic,[CrossSignalAgreement_OBS],[1.0000],1,6,1.0000,[dt-1;dt-2;dt-3],[[6c6879e1-db6a-402c-bef1-9695cae3c0d6;b53a8873-0643-414a-b7e4-673ebe212c3f;a7905ce5-bf2f-4a03-9900-963b96fa2b1d;a9ffc3f0-36b9-4f96-8b7e-f9f1078922c0;93863039-01ab-414e-a07f-e78459df5ad3;5285192b-4bef-43fc-b496-f29326b24f3d]]
2026-04-26 10:07:17.428,10.546,CrossSignalRelativeStable_GT,atomic,[CrossSignalRelativeStable_GT],[1.0000],1,6,1.0000,[dt-1;dt-2;dt-3],[[ca8a48d7-186f-407f-a23d-dd5d364989fa;70a49248-2046-442e-ad5a-ce36e7a3e335;71d16bf8-8c61-458c-ad1b-5d2e9a819b81;94287e48-a699-4c17-bf67-9feef01a5531;fc160176-525c-4d26-a8fa-b033cf5ea520;d706d17a-a048-414f-ae7c-c9e70305c2f2]]
2026-04-26 10:07:17.428,10.546,CrossSignalAgreement_GT,atomic,[CrossSignalAgreement_GT],[1.0000],1,6,1.0000,[dt-1;dt-2;dt-3],[[ca8a48d7-186f-407f-a23d-dd5d364989fa;70a49248-2046-442e-ad5a-ce36e7a3e335;71d16bf8-8c61-458c-ad1b-5d2e9a819b81;94287e48-a699-4c17-bf67-9feef01a5531;fc160176-525c-4d26-a8fa-b033cf5ea520;d706d17a-a048-414f-ae7c-c9e70305c2f2]]
2026-04-26 10:07:17.537,10.655,CrossSignalRelativeStable_GT,atomic,[CrossSignalRelativeStable_GT],[1.0000],1,6,1.0000,[dt-1;dt-2;dt-3],[[94287e48-a699-4c17-bf67-9feef01a5531;fc160176-525c-4d26-a8fa-b033cf5ea520;d706d17a-a048-414f-ae7c-c9e70305c2f2;a11734a7-2ad9-4b45-919a-1e35bf7061a4;8ef53ded-f718-45f5-bae7-7a6717545fbd;6122f1e9-b326-4949-8ed2-9a29a1ecea1a]]
2026-04-26 10:07:17.537,10.655,CrossSignalAgreement_GT,atomic,[CrossSignalAgreement_GT],[1.0000],1,6,1.0000,[dt-1;dt-2;dt-3],[[94287e48-a699-4c17-bf67-9feef01a5531;fc160176-525c-4d26-a8fa-b033cf5ea520;d706d17a-a048-414f-ae7c-c9e70305c2f2;a11734a7-2ad9-4b45-919a-1e35bf7061a4;8ef53ded-f718-45f5-bae7-7a6717545fbd;6122f1e9-b326-4949-8ed2-9a29a1ecea1a]]
2026-04-26 10:07:17.638,10.756,CrossSignalRelativeStable_SYS,atomic,[CrossSignalRelativeStable_SYS],[1.0000],1,6,1.0000,[dt-1;dt-2;dt-3],[[a9ffc3f0-36b9-4f96-8b7e-f9f1078922c0;93863039-01ab-414e-a07f-e78459df5ad3;5285192b-4bef-43fc-b496-f29326b24f3d;9ba08179-24d9-4cee-9c36-4843740c17d4;79b082d8-9e78-4814-8e22-d2c395e9efa7;d03120ba-b4d0-4ff5-90bb-ab5504cd6b3f]]
2026-04-26 10:07:17.639,10.757,CrossSignalRelativeStable_OBS,atomic,[CrossSignalRelativeStable_OBS],[1.0000],1,6,1.0000,[dt-1;dt-2;dt-3],[[a9ffc3f0-36b9-4f96-8b7e-f9f1078922c0;93863039-01ab-414e-a07f-e78459df5ad3;5285192b-4bef-43fc-b496-f29326b24f3d;9ba08179-24d9-4cee-9c36-4843740c17d4;79b082d8-9e78-4814-8e22-d2c395e9efa7;d03120ba-b4d0-4ff5-90bb-ab5504cd6b3f]]
2026-04-26 10:07:17.647,10.765,CrossSignalAgreement_SYS,atomic,[CrossSignalAgreement_SYS],[1.0000],1,6,1.0000,[dt-1;dt-2;dt-3],[[a9ffc3f0-36b9-4f96-8b7e-f9f1078922c0;93863039-01ab-414e-a07f-e78459df5ad3;5285192b-4bef-43fc-b496-f29326b24f3d;9ba08179-24d9-4cee-9c36-4843740c17d4;79b082d8-9e78-4814-8e22-d2c395e9efa7;d03120ba-b4d0-4ff5-90bb-ab5504cd6b3f]]
2026-04-26 10:07:17.647,10.765,CrossSignalAgreement_OBS,atomic,[CrossSignalAgreement_OBS],[1.0000],1,6,1.0000,[dt-1;dt-2;dt-3],[[a9ffc3f0-36b9-4f96-8b7e-f9f1078922c0;93863039-01ab-414e-a07f-e78459df5ad3;5285192b-4bef-43fc-b496-f29326b24f3d;9ba08179-24d9-4cee-9c36-4843740c17d4;79b082d8-9e78-4814-8e22-d2c395e9efa7;d03120ba-b4d0-4ff5-90bb-ab5504cd6b3f]]
2026-04-26 10:07:17.660,10.778,CrossSignalRelativeStable_GT,atomic,[CrossSignalRelativeStable_GT],[1.0000],1,6,1.0000,[dt-1;dt-2;dt-3],[[a11734a7-2ad9-4b45-919a-1e35bf7061a4;8ef53ded-f718-45f5-bae7-7a6717545fbd;6122f1e9-b326-4949-8ed2-9a29a1ecea1a;c7098273-e917-4b89-aed7-f58160d54058;f246ef64-4232-47b1-a9e0-399a9ef0253d;4d94fc7e-b5fe-4f72-9bbf-dfafd9b9fd3e]]
2026-04-26 10:07:17.660,10.778,CrossSignalAgreement_GT,atomic,[CrossSignalAgreement_GT],[1.0000],1,6,1.0000,[dt-1;dt-2;dt-3],[[a11734a7-2ad9-4b45-919a-1e35bf7061a4;8ef53ded-f718-45f5-bae7-7a6717545fbd;6122f1e9-b326-4949-8ed2-9a29a1ecea1a;c7098273-e917-4b89-aed7-f58160d54058;f246ef64-4232-47b1-a9e0-399a9ef0253d;4d94fc7e-b5fe-4f72-9bbf-dfafd9b9fd3e]]
2026-04-26 10:07:17.762,10.880,CrossSignalRelativeStable_SYS,atomic,[CrossSignalRelativeStable_SYS],[1.0000],1,6,1.0000,[dt-1;dt-2;dt-3],[[9ba08179-24d9-4cee-9c36-4843740c17d4;79b082d8-9e78-4814-8e22-d2c395e9efa7;d03120ba-b4d0-4ff5-90bb-ab5504cd6b3f;9180baee-3e37-4332-902e-9583673b178d;5339068e-f087-4b53-899d-95e2469e5be0;191f9310-26ab-4f6e-ac4e-943897105dde]]
2026-04-26 10:07:17.762,10.880,CrossSignalRelativeStable_OBS,atomic,[CrossSignalRelativeStable_OBS],[1.0000],1,6,1.0000,[dt-1;dt-2;dt-3],[[9ba08179-24d9-4cee-9c36-4843740c17d4;79b082d8-9e78-4814-8e22-d2c395e9efa7;d03120ba-b4d0-4ff5-90bb-ab5504cd6b3f;9180baee-3e37-4332-902e-9583673b178d;5339068e-f087-4b53-899d-95e2469e5be0;191f9310-26ab-4f6e-ac4e-943897105dde]]
2026-04-26 10:07:17.763,10.881,CrossSignalAgreement_SYS,atomic,[CrossSignalAgreement_SYS],[1.0000],1,6,1.0000,[dt-1;dt-2;dt-3],[[9ba08179-24d9-4cee-9c36-4843740c17d4;79b082d8-9e78-4814-8e22-d2c395e9efa7;d03120ba-b4d0-4ff5-90bb-ab5504cd6b3f;9180baee-3e37-4332-902e-9583673b178d;5339068e-f087-4b53-899d-95e2469e5be0;191f9310-26ab-4f6e-ac4e-943897105dde]]
2026-04-26 10:07:17.763,10.881,CrossSignalAgreement_OBS,atomic,[CrossSignalAgreement_OBS],[1.0000],1,6,1.0000,[dt-1;dt-2;dt-3],[[9ba08179-24d9-4cee-9c36-4843740c17d4;79b082d8-9e78-4814-8e22-d2c395e9efa7;d03120ba-b4d0-4ff5-90bb-ab5504cd6b3f;9180baee-3e37-4332-902e-9583673b178d;5339068e-f087-4b53-899d-95e2469e5be0;191f9310-26ab-4f6e-ac4e-943897105dde]]
2026-04-26 10:07:17.771,10.889,CrossSignalRelativeStable_GT,atomic,[CrossSignalRelativeStable_GT],[1.0000],1,6,1.0000,[dt-1;dt-2;dt-3],[[c7098273-e917-4b89-aed7-f58160d54058;f246ef64-4232-47b1-a9e0-399a9ef0253d;4d94fc7e-b5fe-4f72-9bbf-dfafd9b9fd3e;0ae42467-411e-48d6-88e7-8b58c35493c3;a83b0954-3884-4c66-b321-c65863a8ef95;4eff1e8b-7f15-4a48-ac96-caae7b0fb386]]
2026-04-26 10:07:17.771,10.889,CrossSignalAgreement_GT,atomic,[CrossSignalAgreement_GT],[1.0000],1,6,1.0000,[dt-1;dt-2;dt-3],[[c7098273-e917-4b89-aed7-f58160d54058;f246ef64-4232-47b1-a9e0-399a9ef0253d;4d94fc7e-b5fe-4f72-9bbf-dfafd9b9fd3e;0ae42467-411e-48d6-88e7-8b58c35493c3;a83b0954-3884-4c66-b321-c65863a8ef95;4eff1e8b-7f15-4a48-ac96-caae7b0fb386]]
2026-04-26 10:07:17.888,11.006,CrossSignalRelativeStable_GT,atomic,[CrossSignalRelativeStable_GT],[1.0000],1,6,1.0000,[dt-1;dt-2;dt-3],[[0ae42467-411e-48d6-88e7-8b58c35493c3;a83b0954-3884-4c66-b321-c65863a8ef95;4eff1e8b-7f15-4a48-ac96-caae7b0fb386;1ed80489-49de-45c6-bc44-8221b6b81c0b;0f81e260-cc67-418a-ae2c-50cb7af28f62;75fe07c6-2350-4608-bd09-a940473d7bfb]]
2026-04-26 10:07:17.888,11.006,CrossSignalAgreement_GT,atomic,[CrossSignalAgreement_GT],[1.0000],1,6,1.0000,[dt-1;dt-2;dt-3],[[0ae42467-411e-48d6-88e7-8b58c35493c3;a83b0954-3884-4c66-b321-c65863a8ef95;4eff1e8b-7f15-4a48-ac96-caae7b0fb386;1ed80489-49de-45c6-bc44-8221b6b81c0b;0f81e260-cc67-418a-ae2c-50cb7af28f62;75fe07c6-2350-4608-bd09-a940473d7bfb]]
2026-04-26 10:07:17.985,11.103,CrossSignalRelativeStable_SYS,atomic,[CrossSignalRelativeStable_SYS],[0.9796],1,6,0.9796,[dt-1;dt-2;dt-3],[[9180baee-3e37-4332-902e-9583673b178d;5339068e-f087-4b53-899d-95e2469e5be0;191f9310-26ab-4f6e-ac4e-943897105dde;e1f438ba-7a9c-42d8-b209-4ff3e6085107;f237e17c-02c0-473d-8d9a-46588c7cf6ef;fc99862b-eb31-44fa-baf7-872818af5fd1]]
2026-04-26 10:07:17.985,11.103,CrossSignalAgreement_SYS,atomic,[CrossSignalAgreement_SYS],[0.9796],1,6,0.9796,[dt-1;dt-2;dt-3],[[9180baee-3e37-4332-902e-9583673b178d;5339068e-f087-4b53-899d-95e2469e5be0;191f9310-26ab-4f6e-ac4e-943897105dde;e1f438ba-7a9c-42d8-b209-4ff3e6085107;f237e17c-02c0-473d-8d9a-46588c7cf6ef;fc99862b-eb31-44fa-baf7-872818af5fd1]]
2026-04-26 10:07:18.004,11.122,CrossSignalRelativeStable_GT,atomic,[CrossSignalRelativeStable_GT],[1.0000],1,6,1.0000,[dt-1;dt-2;dt-3],[[1ed80489-49de-45c6-bc44-8221b6b81c0b;0f81e260-cc67-418a-ae2c-50cb7af28f62;75fe07c6-2350-4608-bd09-a940473d7bfb;9d1305dd-d35a-4eeb-9ee7-40ed82d526da;6186703c-f7a0-42ab-b0dd-fcbb6abaeed5;23be58df-0374-4094-8af5-e3d90d89a1ee]]
2026-04-26 10:07:18.005,11.123,CrossSignalAgreement_GT,atomic,[CrossSignalAgreement_GT],[1.0000],1,6,1.0000,[dt-1;dt-2;dt-3],[[1ed80489-49de-45c6-bc44-8221b6b81c0b;0f81e260-cc67-418a-ae2c-50cb7af28f62;75fe07c6-2350-4608-bd09-a940473d7bfb;9d1305dd-d35a-4eeb-9ee7-40ed82d526da;6186703c-f7a0-42ab-b0dd-fcbb6abaeed5;23be58df-0374-4094-8af5-e3d90d89a1ee]]
2026-04-26 10:07:18.089,11.207,CrossSignalRelativeStable_OBS,atomic,[CrossSignalRelativeStable_OBS],[1.0000],1,6,1.0000,[dt-1;dt-2;dt-3],[[9180baee-3e37-4332-902e-9583673b178d;5339068e-f087-4b53-899d-95e2469e5be0;191f9310-26ab-4f6e-ac4e-943897105dde;e1f438ba-7a9c-42d8-b209-4ff3e6085107;b5cb85af-de9e-4994-aff0-a61b8ea30e75;fc99862b-eb31-44fa-baf7-872818af5fd1]]
2026-04-26 10:07:18.089,11.207,CrossSignalAgreement_OBS,atomic,[CrossSignalAgreement_OBS],[1.0000],1,6,1.0000,[dt-1;dt-2;dt-3],[[9180baee-3e37-4332-902e-9583673b178d;5339068e-f087-4b53-899d-95e2469e5be0;191f9310-26ab-4f6e-ac4e-943897105dde;e1f438ba-7a9c-42d8-b209-4ff3e6085107;b5cb85af-de9e-4994-aff0-a61b8ea30e75;fc99862b-eb31-44fa-baf7-872818af5fd1]]
2026-04-26 10:07:18.101,11.219,CrossSignalRelativeStable_GT,atomic,[CrossSignalRelativeStable_GT],[1.0000],1,6,1.0000,[dt-1;dt-2;dt-3],[[9d1305dd-d35a-4eeb-9ee7-40ed82d526da;6186703c-f7a0-42ab-b0dd-fcbb6abaeed5;23be58df-0374-4094-8af5-e3d90d89a1ee;6ef1ee14-be93-44a2-9238-fe6074e92b37;e3eabfd2-afde-46e2-9673-0840455f4cea;54be889d-8afe-4a59-8950-f2cb2caff5ba]]
2026-04-26 10:07:18.102,11.220,CrossSignalAgreement_GT,atomic,[CrossSignalAgreement_GT],[1.0000],1,6,1.0000,[dt-1;dt-2;dt-3],[[9d1305dd-d35a-4eeb-9ee7-40ed82d526da;6186703c-f7a0-42ab-b0dd-fcbb6abaeed5;23be58df-0374-4094-8af5-e3d90d89a1ee;6ef1ee14-be93-44a2-9238-fe6074e92b37;e3eabfd2-afde-46e2-9673-0840455f4cea;54be889d-8afe-4a59-8950-f2cb2caff5ba]]
2026-04-26 10:07:18.200,11.318,CrossSignalRelativeStable_SYS,atomic,[CrossSignalRelativeStable_SYS],[0.9796],1,6,0.9796,[dt-1;dt-2;dt-3],[[e1f438ba-7a9c-42d8-b209-4ff3e6085107;f237e17c-02c0-473d-8d9a-46588c7cf6ef;fc99862b-eb31-44fa-baf7-872818af5fd1;b2902876-c88f-435a-b121-a578693e69fa;b5cb85af-de9e-4994-aff0-a61b8ea30e75;46e7d507-451c-4e7e-9fb9-0e2978303039]]
2026-04-26 10:07:18.200,11.318,CrossSignalAgreement_SYS,atomic,[CrossSignalAgreement_SYS],[0.9796],1,6,0.9796,[dt-1;dt-2;dt-3],[[e1f438ba-7a9c-42d8-b209-4ff3e6085107;f237e17c-02c0-473d-8d9a-46588c7cf6ef;fc99862b-eb31-44fa-baf7-872818af5fd1;b2902876-c88f-435a-b121-a578693e69fa;b5cb85af-de9e-4994-aff0-a61b8ea30e75;46e7d507-451c-4e7e-9fb9-0e2978303039]]
2026-04-26 10:07:18.206,11.324,CrossSignalRelativeStable_OBS,atomic,[CrossSignalRelativeStable_OBS],[1.0000],1,6,1.0000,[dt-1;dt-2;dt-3],[[e1f438ba-7a9c-42d8-b209-4ff3e6085107;b5cb85af-de9e-4994-aff0-a61b8ea30e75;fc99862b-eb31-44fa-baf7-872818af5fd1;b2902876-c88f-435a-b121-a578693e69fa;0174d940-0ceb-4119-9c0d-e3afeb632030;365244ae-b3c2-448d-91f4-5483119f263c]]
2026-04-26 10:07:18.207,11.325,CrossSignalAgreement_OBS,atomic,[CrossSignalAgreement_OBS],[1.0000],1,6,1.0000,[dt-1;dt-2;dt-3],[[e1f438ba-7a9c-42d8-b209-4ff3e6085107;b5cb85af-de9e-4994-aff0-a61b8ea30e75;fc99862b-eb31-44fa-baf7-872818af5fd1;b2902876-c88f-435a-b121-a578693e69fa;0174d940-0ceb-4119-9c0d-e3afeb632030;365244ae-b3c2-448d-91f4-5483119f263c]]
2026-04-26 10:07:18.213,11.331,CrossSignalRelativeStable_GT,atomic,[CrossSignalRelativeStable_GT],[1.0000],1,6,1.0000,[dt-1;dt-2;dt-3],[[6ef1ee14-be93-44a2-9238-fe6074e92b37;e3eabfd2-afde-46e2-9673-0840455f4cea;54be889d-8afe-4a59-8950-f2cb2caff5ba;6611009e-78ce-412e-82d5-8605b7d325d3;5d1ec82b-0804-4e11-a262-86ff05c8a5d6;ee7175f5-c02d-45f8-86d0-fc89e337e47f]]
2026-04-26 10:07:18.213,11.331,CrossSignalAgreement_GT,atomic,[CrossSignalAgreement_GT],[1.0000],1,6,1.0000,[dt-1;dt-2;dt-3],[[6ef1ee14-be93-44a2-9238-fe6074e92b37;e3eabfd2-afde-46e2-9673-0840455f4cea;54be889d-8afe-4a59-8950-f2cb2caff5ba;6611009e-78ce-412e-82d5-8605b7d325d3;5d1ec82b-0804-4e11-a262-86ff05c8a5d6;ee7175f5-c02d-45f8-86d0-fc89e337e47f]]
2026-04-26 10:07:18.328,11.446,CrossSignalRelativeStable_GT,atomic,[CrossSignalRelativeStable_GT],[1.0000],1,6,1.0000,[dt-1;dt-2;dt-3],[[6611009e-78ce-412e-82d5-8605b7d325d3;5d1ec82b-0804-4e11-a262-86ff05c8a5d6;ee7175f5-c02d-45f8-86d0-fc89e337e47f;8f0edae8-b28c-4ba0-86b0-d3816dbae325;31cd0427-6f61-420e-9ec3-eaa7bbfe85d7;5606291c-13d2-4060-92a0-192045b59efa]]
2026-04-26 10:07:18.328,11.446,CrossSignalAgreement_GT,atomic,[CrossSignalAgreement_GT],[1.0000],1,6,1.0000,[dt-1;dt-2;dt-3],[[6611009e-78ce-412e-82d5-8605b7d325d3;5d1ec82b-0804-4e11-a262-86ff05c8a5d6;ee7175f5-c02d-45f8-86d0-fc89e337e47f;8f0edae8-b28c-4ba0-86b0-d3816dbae325;31cd0427-6f61-420e-9ec3-eaa7bbfe85d7;5606291c-13d2-4060-92a0-192045b59efa]]
2026-04-26 10:07:18.422,11.540,CrossSignalRelativeStable_SYS,atomic,[CrossSignalRelativeStable_SYS],[1.0000],1,6,1.0000,[dt-1;dt-2;dt-3],[[b2902876-c88f-435a-b121-a578693e69fa;b5cb85af-de9e-4994-aff0-a61b8ea30e75;46e7d507-451c-4e7e-9fb9-0e2978303039;aa61d7ee-48ac-4a30-84dd-b50d3a60086e;0174d940-0ceb-4119-9c0d-e3afeb632030;a1121c7b-1c94-41e3-a2ae-36694704f949]]
2026-04-26 10:07:18.422,11.540,CrossSignalRelativeStable_OBS,atomic,[CrossSignalRelativeStable_OBS],[1.0000],1,6,1.0000,[dt-1;dt-2;dt-3],[[b2902876-c88f-435a-b121-a578693e69fa;0174d940-0ceb-4119-9c0d-e3afeb632030;365244ae-b3c2-448d-91f4-5483119f263c;aa61d7ee-48ac-4a30-84dd-b50d3a60086e;555aceec-56d7-4063-b06f-f600a6982bab;a1121c7b-1c94-41e3-a2ae-36694704f949]]
2026-04-26 10:07:18.423,11.541,CrossSignalAgreement_SYS,atomic,[CrossSignalAgreement_SYS],[1.0000],1,6,1.0000,[dt-1;dt-2;dt-3],[[b2902876-c88f-435a-b121-a578693e69fa;b5cb85af-de9e-4994-aff0-a61b8ea30e75;46e7d507-451c-4e7e-9fb9-0e2978303039;aa61d7ee-48ac-4a30-84dd-b50d3a60086e;0174d940-0ceb-4119-9c0d-e3afeb632030;a1121c7b-1c94-41e3-a2ae-36694704f949]]
2026-04-26 10:07:18.423,11.541,CrossSignalAgreement_OBS,atomic,[CrossSignalAgreement_OBS],[1.0000],1,6,1.0000,[dt-1;dt-2;dt-3],[[b2902876-c88f-435a-b121-a578693e69fa;0174d940-0ceb-4119-9c0d-e3afeb632030;365244ae-b3c2-448d-91f4-5483119f263c;aa61d7ee-48ac-4a30-84dd-b50d3a60086e;555aceec-56d7-4063-b06f-f600a6982bab;a1121c7b-1c94-41e3-a2ae-36694704f949]]
2026-04-26 10:07:18.440,11.558,CrossSignalRelativeStable_GT,atomic,[CrossSignalRelativeStable_GT],[1.0000],1,6,1.0000,[dt-1;dt-2;dt-3],[[8f0edae8-b28c-4ba0-86b0-d3816dbae325;31cd0427-6f61-420e-9ec3-eaa7bbfe85d7;5606291c-13d2-4060-92a0-192045b59efa;b09b20c6-3132-455b-b5bf-47a4a8b74dc5;1f19acc0-2183-4c57-b9d0-8098c5316b46;784d0a48-874d-4a31-a7b7-61591e9e3902]]
2026-04-26 10:07:18.441,11.559,CrossSignalAgreement_GT,atomic,[CrossSignalAgreement_GT],[1.0000],1,6,1.0000,[dt-1;dt-2;dt-3],[[8f0edae8-b28c-4ba0-86b0-d3816dbae325;31cd0427-6f61-420e-9ec3-eaa7bbfe85d7;5606291c-13d2-4060-92a0-192045b59efa;b09b20c6-3132-455b-b5bf-47a4a8b74dc5;1f19acc0-2183-4c57-b9d0-8098c5316b46;784d0a48-874d-4a31-a7b7-61591e9e3902]]
2026-04-26 10:07:18.539,11.657,CrossSignalRelativeStable_SYS,atomic,[CrossSignalRelativeStable_SYS],[1.0000],1,6,1.0000,[dt-1;dt-2;dt-3],[[aa61d7ee-48ac-4a30-84dd-b50d3a60086e;0174d940-0ceb-4119-9c0d-e3afeb632030;a1121c7b-1c94-41e3-a2ae-36694704f949;3a9fda6b-7bf9-45b5-bc30-f6a3ed445ce9;8790dd7b-3584-44d3-8f38-76acdb641215;1d3cf7f8-15f3-49ad-b0ef-ecf9ab57cc59]]
2026-04-26 10:07:18.539,11.657,CrossSignalRelativeStable_OBS,atomic,[CrossSignalRelativeStable_OBS],[1.0000],1,6,1.0000,[dt-1;dt-2;dt-3],[[aa61d7ee-48ac-4a30-84dd-b50d3a60086e;555aceec-56d7-4063-b06f-f600a6982bab;a1121c7b-1c94-41e3-a2ae-36694704f949;3a9fda6b-7bf9-45b5-bc30-f6a3ed445ce9;8790dd7b-3584-44d3-8f38-76acdb641215;1d3cf7f8-15f3-49ad-b0ef-ecf9ab57cc59]]
2026-04-26 10:07:18.539,11.657,CrossSignalAgreement_SYS,atomic,[CrossSignalAgreement_SYS],[1.0000],1,6,1.0000,[dt-1;dt-2;dt-3],[[aa61d7ee-48ac-4a30-84dd-b50d3a60086e;0174d940-0ceb-4119-9c0d-e3afeb632030;a1121c7b-1c94-41e3-a2ae-36694704f949;3a9fda6b-7bf9-45b5-bc30-f6a3ed445ce9;8790dd7b-3584-44d3-8f38-76acdb641215;1d3cf7f8-15f3-49ad-b0ef-ecf9ab57cc59]]
2026-04-26 10:07:18.540,11.658,CrossSignalAgreement_OBS,atomic,[CrossSignalAgreement_OBS],[1.0000],1,6,1.0000,[dt-1;dt-2;dt-3],[[aa61d7ee-48ac-4a30-84dd-b50d3a60086e;555aceec-56d7-4063-b06f-f600a6982bab;a1121c7b-1c94-41e3-a2ae-36694704f949;3a9fda6b-7bf9-45b5-bc30-f6a3ed445ce9;8790dd7b-3584-44d3-8f38-76acdb641215;1d3cf7f8-15f3-49ad-b0ef-ecf9ab57cc59]]
2026-04-26 10:07:18.551,11.669,CrossSignalRelativeStable_GT,atomic,[CrossSignalRelativeStable_GT],[1.0000],1,6,1.0000,[dt-1;dt-2;dt-3],[[b09b20c6-3132-455b-b5bf-47a4a8b74dc5;1f19acc0-2183-4c57-b9d0-8098c5316b46;784d0a48-874d-4a31-a7b7-61591e9e3902;cd254004-c88a-4036-8d9d-71bb43eb4bfd;d11ac9d7-3d35-4d49-96e6-65defb3b33ca;ff758698-4020-43ed-9044-8d1eea53aabc]]
2026-04-26 10:07:18.551,11.669,CrossSignalAgreement_GT,atomic,[CrossSignalAgreement_GT],[1.0000],1,6,1.0000,[dt-1;dt-2;dt-3],[[b09b20c6-3132-455b-b5bf-47a4a8b74dc5;1f19acc0-2183-4c57-b9d0-8098c5316b46;784d0a48-874d-4a31-a7b7-61591e9e3902;cd254004-c88a-4036-8d9d-71bb43eb4bfd;d11ac9d7-3d35-4d49-96e6-65defb3b33ca;ff758698-4020-43ed-9044-8d1eea53aabc]]
2026-04-26 10:07:18.660,11.778,CrossSignalRelativeStable_GT,atomic,[CrossSignalRelativeStable_GT],[1.0000],1,6,1.0000,[dt-1;dt-2;dt-3],[[cd254004-c88a-4036-8d9d-71bb43eb4bfd;d11ac9d7-3d35-4d49-96e6-65defb3b33ca;ff758698-4020-43ed-9044-8d1eea53aabc;211803b1-26ba-4575-a51c-888c047475a0;c09e5f5d-d490-493d-ad3f-90375350e006;6a41ce87-9a59-4fe8-a891-a06f0dc1a5cf]]
2026-04-26 10:07:18.660,11.778,CrossSignalAgreement_GT,atomic,[CrossSignalAgreement_GT],[1.0000],1,6,1.0000,[dt-1;dt-2;dt-3],[[cd254004-c88a-4036-8d9d-71bb43eb4bfd;d11ac9d7-3d35-4d49-96e6-65defb3b33ca;ff758698-4020-43ed-9044-8d1eea53aabc;211803b1-26ba-4575-a51c-888c047475a0;c09e5f5d-d490-493d-ad3f-90375350e006;6a41ce87-9a59-4fe8-a891-a06f0dc1a5cf]]
2026-04-26 10:07:18.756,11.874,CrossSignalRelativeStable_SYS,atomic,[CrossSignalRelativeStable_SYS],[0.9804],1,6,0.9804,[dt-1;dt-2;dt-3],[[3a9fda6b-7bf9-45b5-bc30-f6a3ed445ce9;8790dd7b-3584-44d3-8f38-76acdb641215;1d3cf7f8-15f3-49ad-b0ef-ecf9ab57cc59;ba28f93d-0c82-4eae-8e7b-dad0fcaa5b6d;dd9c767a-6a53-4343-b07e-2aa7d58d4b63;8724a1af-a0a2-4f5b-ae4b-20c91ad31d77]]
2026-04-26 10:07:18.756,11.874,CrossSignalAgreement_SYS,atomic,[CrossSignalAgreement_SYS],[0.9804],1,6,0.9804,[dt-1;dt-2;dt-3],[[3a9fda6b-7bf9-45b5-bc30-f6a3ed445ce9;8790dd7b-3584-44d3-8f38-76acdb641215;1d3cf7f8-15f3-49ad-b0ef-ecf9ab57cc59;ba28f93d-0c82-4eae-8e7b-dad0fcaa5b6d;dd9c767a-6a53-4343-b07e-2aa7d58d4b63;8724a1af-a0a2-4f5b-ae4b-20c91ad31d77]]
2026-04-26 10:07:18.773,11.891,CrossSignalRelativeStable_GT,atomic,[CrossSignalRelativeStable_GT],[1.0000],1,6,1.0000,[dt-1;dt-2;dt-3],[[211803b1-26ba-4575-a51c-888c047475a0;c09e5f5d-d490-493d-ad3f-90375350e006;6a41ce87-9a59-4fe8-a891-a06f0dc1a5cf;120d3e3a-09aa-411e-a731-d2abcc505ab2;74553642-304a-46ce-ba84-f1380c6f953b;4d636896-5f98-4805-895a-cf7dcd80f96d]]
2026-04-26 10:07:18.773,11.891,CrossSignalAgreement_GT,atomic,[CrossSignalAgreement_GT],[1.0000],1,6,1.0000,[dt-1;dt-2;dt-3],[[211803b1-26ba-4575-a51c-888c047475a0;c09e5f5d-d490-493d-ad3f-90375350e006;6a41ce87-9a59-4fe8-a891-a06f0dc1a5cf;120d3e3a-09aa-411e-a731-d2abcc505ab2;74553642-304a-46ce-ba84-f1380c6f953b;4d636896-5f98-4805-895a-cf7dcd80f96d]]
2026-04-26 10:07:18.867,11.985,CrossSignalRelativeStable_SYS,atomic,[CrossSignalRelativeStable_SYS],[0.9435],1,6,0.9435,[dt-1;dt-2;dt-3],[[ba28f93d-0c82-4eae-8e7b-dad0fcaa5b6d;dd9c767a-6a53-4343-b07e-2aa7d58d4b63;8724a1af-a0a2-4f5b-ae4b-20c91ad31d77;897bfea4-202d-4571-9310-ed34c3bb9ff1;84d80cb4-b428-478a-a006-04ef6da8e5d5;66cd05eb-9fba-418d-8ff1-43e1ffc7fb69]]
2026-04-26 10:07:18.867,11.985,CrossSignalAgreement_SYS,atomic,[CrossSignalAgreement_SYS],[0.9435],1,6,0.9435,[dt-1;dt-2;dt-3],[[ba28f93d-0c82-4eae-8e7b-dad0fcaa5b6d;dd9c767a-6a53-4343-b07e-2aa7d58d4b63;8724a1af-a0a2-4f5b-ae4b-20c91ad31d77;897bfea4-202d-4571-9310-ed34c3bb9ff1;84d80cb4-b428-478a-a006-04ef6da8e5d5;66cd05eb-9fba-418d-8ff1-43e1ffc7fb69]]
2026-04-26 10:07:18.891,12.009,CrossSignalRelativeStable_GT,atomic,[CrossSignalRelativeStable_GT],[1.0000],1,6,1.0000,[dt-1;dt-2;dt-3],[[120d3e3a-09aa-411e-a731-d2abcc505ab2;74553642-304a-46ce-ba84-f1380c6f953b;4d636896-5f98-4805-895a-cf7dcd80f96d;4e4f3c96-588f-4933-82af-f744ee2f7f3f;cbc8c7b7-28da-4e0c-b47d-614e2d40303a;c4358a2f-7302-477e-8e20-e8c5aa5e13ef]]
2026-04-26 10:07:18.892,12.010,CrossSignalAgreement_GT,atomic,[CrossSignalAgreement_GT],[1.0000],1,6,1.0000,[dt-1;dt-2;dt-3],[[120d3e3a-09aa-411e-a731-d2abcc505ab2;74553642-304a-46ce-ba84-f1380c6f953b;4d636896-5f98-4805-895a-cf7dcd80f96d;4e4f3c96-588f-4933-82af-f744ee2f7f3f;cbc8c7b7-28da-4e0c-b47d-614e2d40303a;c4358a2f-7302-477e-8e20-e8c5aa5e13ef]]
2026-04-26 10:07:18.985,12.103,CrossSignalRelativeStable_GT,atomic,[CrossSignalRelativeStable_GT],[1.0000],1,6,1.0000,[dt-1;dt-2;dt-3],[[4e4f3c96-588f-4933-82af-f744ee2f7f3f;cbc8c7b7-28da-4e0c-b47d-614e2d40303a;c4358a2f-7302-477e-8e20-e8c5aa5e13ef;5ab98acc-3b48-494e-87ae-8ca2a0cee57e;cdc8dafc-6e99-4d1c-bdbe-d35b3af2a648;7697768f-20d6-4067-ac06-83b73375d683]]
2026-04-26 10:07:18.986,12.104,CrossSignalAgreement_GT,atomic,[CrossSignalAgreement_GT],[1.0000],1,6,1.0000,[dt-1;dt-2;dt-3],[[4e4f3c96-588f-4933-82af-f744ee2f7f3f;cbc8c7b7-28da-4e0c-b47d-614e2d40303a;c4358a2f-7302-477e-8e20-e8c5aa5e13ef;5ab98acc-3b48-494e-87ae-8ca2a0cee57e;cdc8dafc-6e99-4d1c-bdbe-d35b3af2a648;7697768f-20d6-4067-ac06-83b73375d683]]
2026-04-26 10:07:19.086,12.204,CrossSignalRelativeStable_OBS,atomic,[CrossSignalRelativeStable_OBS],[1.0000],1,6,1.0000,[dt-1;dt-2;dt-3],[[3a9fda6b-7bf9-45b5-bc30-f6a3ed445ce9;8790dd7b-3584-44d3-8f38-76acdb641215;1d3cf7f8-15f3-49ad-b0ef-ecf9ab57cc59;494cdb7a-44ba-4db7-8427-6eb5f531b253;dd9c767a-6a53-4343-b07e-2aa7d58d4b63;8724a1af-a0a2-4f5b-ae4b-20c91ad31d77]]
2026-04-26 10:07:19.087,12.205,CrossSignalAgreement_OBS,atomic,[CrossSignalAgreement_OBS],[1.0000],1,6,1.0000,[dt-1;dt-2;dt-3],[[3a9fda6b-7bf9-45b5-bc30-f6a3ed445ce9;8790dd7b-3584-44d3-8f38-76acdb641215;1d3cf7f8-15f3-49ad-b0ef-ecf9ab57cc59;494cdb7a-44ba-4db7-8427-6eb5f531b253;dd9c767a-6a53-4343-b07e-2aa7d58d4b63;8724a1af-a0a2-4f5b-ae4b-20c91ad31d77]]
2026-04-26 10:07:19.091,12.209,CrossSignalRelativeStable_SYS,atomic,[CrossSignalRelativeStable_SYS],[0.9044],1,6,0.9044,[dt-1;dt-2;dt-3],[[897bfea4-202d-4571-9310-ed34c3bb9ff1;84d80cb4-b428-478a-a006-04ef6da8e5d5;66cd05eb-9fba-418d-8ff1-43e1ffc7fb69;90dfa9cf-9ea7-48bb-bd1c-ab5813760100;33f5fa53-f4c4-4ea1-aec7-b4c056ee1de9;aaa7db47-d3fd-4b34-a061-6085589067a9]]
2026-04-26 10:07:19.091,12.209,CrossSignalAgreement_SYS,atomic,[CrossSignalAgreement_SYS],[0.9044],1,6,0.9044,[dt-1;dt-2;dt-3],[[897bfea4-202d-4571-9310-ed34c3bb9ff1;84d80cb4-b428-478a-a006-04ef6da8e5d5;66cd05eb-9fba-418d-8ff1-43e1ffc7fb69;90dfa9cf-9ea7-48bb-bd1c-ab5813760100;33f5fa53-f4c4-4ea1-aec7-b4c056ee1de9;aaa7db47-d3fd-4b34-a061-6085589067a9]]
2026-04-26 10:07:19.096,12.214,CrossSignalRelativeStable_GT,atomic,[CrossSignalRelativeStable_GT],[1.0000],1,6,1.0000,[dt-1;dt-2;dt-3],[[5ab98acc-3b48-494e-87ae-8ca2a0cee57e;cdc8dafc-6e99-4d1c-bdbe-d35b3af2a648;7697768f-20d6-4067-ac06-83b73375d683;ce4d2dee-4db5-4f8f-9c0c-b98d616843d3;061c35b5-e70b-4d36-aec1-53f34670fd3d;dcc01f0c-0132-479f-9bfa-67612cc20b18]]
2026-04-26 10:07:19.097,12.215,CrossSignalAgreement_GT,atomic,[CrossSignalAgreement_GT],[1.0000],1,6,1.0000,[dt-1;dt-2;dt-3],[[5ab98acc-3b48-494e-87ae-8ca2a0cee57e;cdc8dafc-6e99-4d1c-bdbe-d35b3af2a648;7697768f-20d6-4067-ac06-83b73375d683;ce4d2dee-4db5-4f8f-9c0c-b98d616843d3;061c35b5-e70b-4d36-aec1-53f34670fd3d;dcc01f0c-0132-479f-9bfa-67612cc20b18]]
2026-04-26 10:07:19.203,12.321,CrossSignalRelativeStable_OBS,atomic,[CrossSignalRelativeStable_OBS],[1.0000],1,6,1.0000,[dt-1;dt-2;dt-3],[[494cdb7a-44ba-4db7-8427-6eb5f531b253;dd9c767a-6a53-4343-b07e-2aa7d58d4b63;8724a1af-a0a2-4f5b-ae4b-20c91ad31d77;caf86e61-b228-4a7d-b70e-e2ae5c599e0b;33f5fa53-f4c4-4ea1-aec7-b4c056ee1de9;7646eb12-c5d8-4eb2-bff9-0ba9f98c9e33]]
2026-04-26 10:07:19.204,12.322,CrossSignalAgreement_OBS,atomic,[CrossSignalAgreement_OBS],[1.0000],1,6,1.0000,[dt-1;dt-2;dt-3],[[494cdb7a-44ba-4db7-8427-6eb5f531b253;dd9c767a-6a53-4343-b07e-2aa7d58d4b63;8724a1af-a0a2-4f5b-ae4b-20c91ad31d77;caf86e61-b228-4a7d-b70e-e2ae5c599e0b;33f5fa53-f4c4-4ea1-aec7-b4c056ee1de9;7646eb12-c5d8-4eb2-bff9-0ba9f98c9e33]]
2026-04-26 10:07:19.210,12.328,CrossSignalRelativeStable_GT,atomic,[CrossSignalRelativeStable_GT],[1.0000],1,6,1.0000,[dt-1;dt-2;dt-3],[[ce4d2dee-4db5-4f8f-9c0c-b98d616843d3;061c35b5-e70b-4d36-aec1-53f34670fd3d;dcc01f0c-0132-479f-9bfa-67612cc20b18;c3c12c41-f631-48b7-8766-65f59b4a22f9;8d038c72-e644-4df9-99be-1a8b8e6b031f;6bcf8082-d38b-4324-87ea-1dc5d5e8658c]]
2026-04-26 10:07:19.210,12.328,CrossSignalAgreement_GT,atomic,[CrossSignalAgreement_GT],[1.0000],1,6,1.0000,[dt-1;dt-2;dt-3],[[ce4d2dee-4db5-4f8f-9c0c-b98d616843d3;061c35b5-e70b-4d36-aec1-53f34670fd3d;dcc01f0c-0132-479f-9bfa-67612cc20b18;c3c12c41-f631-48b7-8766-65f59b4a22f9;8d038c72-e644-4df9-99be-1a8b8e6b031f;6bcf8082-d38b-4324-87ea-1dc5d5e8658c]]
2026-04-26 10:07:19.315,12.433,CrossSignalRelativeStable_SYS,atomic,[CrossSignalRelativeStable_SYS],[0.9413],1,6,0.9413,[dt-1;dt-2;dt-3],[[90dfa9cf-9ea7-48bb-bd1c-ab5813760100;33f5fa53-f4c4-4ea1-aec7-b4c056ee1de9;aaa7db47-d3fd-4b34-a061-6085589067a9;caf86e61-b228-4a7d-b70e-e2ae5c599e0b;50885135-784a-42da-9beb-9067faecdef3;7646eb12-c5d8-4eb2-bff9-0ba9f98c9e33]]
2026-04-26 10:07:19.315,12.433,CrossSignalAgreement_SYS,atomic,[CrossSignalAgreement_SYS],[0.9413],1,6,0.9413,[dt-1;dt-2;dt-3],[[90dfa9cf-9ea7-48bb-bd1c-ab5813760100;33f5fa53-f4c4-4ea1-aec7-b4c056ee1de9;aaa7db47-d3fd-4b34-a061-6085589067a9;caf86e61-b228-4a7d-b70e-e2ae5c599e0b;50885135-784a-42da-9beb-9067faecdef3;7646eb12-c5d8-4eb2-bff9-0ba9f98c9e33]]
2026-04-26 10:07:19.322,12.440,CrossSignalRelativeStable_GT,atomic,[CrossSignalRelativeStable_GT],[1.0000],1,6,1.0000,[dt-1;dt-2;dt-3],[[c3c12c41-f631-48b7-8766-65f59b4a22f9;8d038c72-e644-4df9-99be-1a8b8e6b031f;6bcf8082-d38b-4324-87ea-1dc5d5e8658c;36659939-02a3-422d-a4ef-d1e6c9228af5;b174b627-5ca8-4548-af78-b9e9434c69e3;de4659a0-29c0-4833-9a43-0404f41f30b7]]
2026-04-26 10:07:19.322,12.440,CrossSignalAgreement_GT,atomic,[CrossSignalAgreement_GT],[1.0000],1,6,1.0000,[dt-1;dt-2;dt-3],[[c3c12c41-f631-48b7-8766-65f59b4a22f9;8d038c72-e644-4df9-99be-1a8b8e6b031f;6bcf8082-d38b-4324-87ea-1dc5d5e8658c;36659939-02a3-422d-a4ef-d1e6c9228af5;b174b627-5ca8-4548-af78-b9e9434c69e3;de4659a0-29c0-4833-9a43-0404f41f30b7]]
2026-04-26 10:07:19.426,12.544,CrossSignalRelativeStable_OBS,atomic,[CrossSignalRelativeStable_OBS],[1.0000],1,6,1.0000,[dt-1;dt-2;dt-3],[[caf86e61-b228-4a7d-b70e-e2ae5c599e0b;33f5fa53-f4c4-4ea1-aec7-b4c056ee1de9;7646eb12-c5d8-4eb2-bff9-0ba9f98c9e33;87b4eae0-8054-4c55-b6e0-9722accd8ef5;50885135-784a-42da-9beb-9067faecdef3;1faac3bf-482f-44bc-8385-b9b14cef352c]]
2026-04-26 10:07:19.426,12.544,CrossSignalAgreement_OBS,atomic,[CrossSignalAgreement_OBS],[1.0000],1,6,1.0000,[dt-1;dt-2;dt-3],[[caf86e61-b228-4a7d-b70e-e2ae5c599e0b;33f5fa53-f4c4-4ea1-aec7-b4c056ee1de9;7646eb12-c5d8-4eb2-bff9-0ba9f98c9e33;87b4eae0-8054-4c55-b6e0-9722accd8ef5;50885135-784a-42da-9beb-9067faecdef3;1faac3bf-482f-44bc-8385-b9b14cef352c]]
2026-04-26 10:07:19.433,12.551,CrossSignalRelativeStable_GT,atomic,[CrossSignalRelativeStable_GT],[1.0000],1,6,1.0000,[dt-1;dt-2;dt-3],[[36659939-02a3-422d-a4ef-d1e6c9228af5;b174b627-5ca8-4548-af78-b9e9434c69e3;de4659a0-29c0-4833-9a43-0404f41f30b7;bb81244c-a0d2-40c1-8035-20281914e8bb;948d71e7-d23d-4c65-90c9-41f2a3e2502e;6def05ae-3c46-4035-82a1-b91d06d65d52]]
2026-04-26 10:07:19.433,12.551,CrossSignalAgreement_GT,atomic,[CrossSignalAgreement_GT],[1.0000],1,6,1.0000,[dt-1;dt-2;dt-3],[[36659939-02a3-422d-a4ef-d1e6c9228af5;b174b627-5ca8-4548-af78-b9e9434c69e3;de4659a0-29c0-4833-9a43-0404f41f30b7;bb81244c-a0d2-40c1-8035-20281914e8bb;948d71e7-d23d-4c65-90c9-41f2a3e2502e;6def05ae-3c46-4035-82a1-b91d06d65d52]]
2026-04-26 10:07:19.537,12.655,CrossSignalRelativeStable_SYS,atomic,[CrossSignalRelativeStable_SYS],[0.9803],1,6,0.9803,[dt-1;dt-2;dt-3],[[caf86e61-b228-4a7d-b70e-e2ae5c599e0b;50885135-784a-42da-9beb-9067faecdef3;7646eb12-c5d8-4eb2-bff9-0ba9f98c9e33;45f5086e-6418-435a-8866-88eded304b19;2a03b493-8111-4d10-9a8a-d70fcbf4de02;1faac3bf-482f-44bc-8385-b9b14cef352c]]
2026-04-26 10:07:19.538,12.656,CrossSignalAgreement_SYS,atomic,[CrossSignalAgreement_SYS],[0.9803],1,6,0.9803,[dt-1;dt-2;dt-3],[[caf86e61-b228-4a7d-b70e-e2ae5c599e0b;50885135-784a-42da-9beb-9067faecdef3;7646eb12-c5d8-4eb2-bff9-0ba9f98c9e33;45f5086e-6418-435a-8866-88eded304b19;2a03b493-8111-4d10-9a8a-d70fcbf4de02;1faac3bf-482f-44bc-8385-b9b14cef352c]]
2026-04-26 10:07:19.548,12.666,CrossSignalRelativeStable_GT,atomic,[CrossSignalRelativeStable_GT],[1.0000],1,6,1.0000,[dt-1;dt-2;dt-3],[[bb81244c-a0d2-40c1-8035-20281914e8bb;948d71e7-d23d-4c65-90c9-41f2a3e2502e;6def05ae-3c46-4035-82a1-b91d06d65d52;96c7191d-5cf7-4272-8126-4a788cbb039c;9b72f13c-71b4-4bae-9841-526d1a8213de;1b44483a-0efa-4dde-ba44-92e17b64e92e]]
2026-04-26 10:07:19.548,12.666,CrossSignalAgreement_GT,atomic,[CrossSignalAgreement_GT],[1.0000],1,6,1.0000,[dt-1;dt-2;dt-3],[[bb81244c-a0d2-40c1-8035-20281914e8bb;948d71e7-d23d-4c65-90c9-41f2a3e2502e;6def05ae-3c46-4035-82a1-b91d06d65d52;96c7191d-5cf7-4272-8126-4a788cbb039c;9b72f13c-71b4-4bae-9841-526d1a8213de;1b44483a-0efa-4dde-ba44-92e17b64e92e]]
2026-04-26 10:07:19.642,12.760,CrossSignalRelativeStable_SYS,atomic,[CrossSignalRelativeStable_SYS],[0.9434],1,6,0.9434,[dt-1;dt-2;dt-3],[[45f5086e-6418-435a-8866-88eded304b19;2a03b493-8111-4d10-9a8a-d70fcbf4de02;1faac3bf-482f-44bc-8385-b9b14cef352c;6cf9b00c-30a9-454c-bdce-3979df0e1fa6;cf87a708-cae2-448d-b54c-10d29fec7c47;eeb323fe-98d3-4366-a9ae-c906185f810f]]
2026-04-26 10:07:19.643,12.761,CrossSignalAgreement_SYS,atomic,[CrossSignalAgreement_SYS],[0.9434],1,6,0.9434,[dt-1;dt-2;dt-3],[[45f5086e-6418-435a-8866-88eded304b19;2a03b493-8111-4d10-9a8a-d70fcbf4de02;1faac3bf-482f-44bc-8385-b9b14cef352c;6cf9b00c-30a9-454c-bdce-3979df0e1fa6;cf87a708-cae2-448d-b54c-10d29fec7c47;eeb323fe-98d3-4366-a9ae-c906185f810f]]
2026-04-26 10:07:19.660,12.778,CrossSignalRelativeStable_GT,atomic,[CrossSignalRelativeStable_GT],[1.0000],1,6,1.0000,[dt-1;dt-2;dt-3],[[96c7191d-5cf7-4272-8126-4a788cbb039c;9b72f13c-71b4-4bae-9841-526d1a8213de;1b44483a-0efa-4dde-ba44-92e17b64e92e;abd0795b-2020-4465-9506-52ec84ca2c44;ef14bf72-42d0-4d1c-8960-1017d6f204f6;07271f70-f8c0-4cc8-855a-7138bc81d3cf]]
2026-04-26 10:07:19.661,12.779,CrossSignalAgreement_GT,atomic,[CrossSignalAgreement_GT],[1.0000],1,6,1.0000,[dt-1;dt-2;dt-3],[[96c7191d-5cf7-4272-8126-4a788cbb039c;9b72f13c-71b4-4bae-9841-526d1a8213de;1b44483a-0efa-4dde-ba44-92e17b64e92e;abd0795b-2020-4465-9506-52ec84ca2c44;ef14bf72-42d0-4d1c-8960-1017d6f204f6;07271f70-f8c0-4cc8-855a-7138bc81d3cf]]
2026-04-26 10:07:19.751,12.869,CrossSignalRelativeStable_SYS,atomic,[CrossSignalRelativeStable_SYS],[0.9125],1,6,0.9125,[dt-1;dt-2;dt-3],[[6cf9b00c-30a9-454c-bdce-3979df0e1fa6;cf87a708-cae2-448d-b54c-10d29fec7c47;eeb323fe-98d3-4366-a9ae-c906185f810f;d2573005-45f8-47f5-b9fe-e742d8f5c5b5;b9ca2a92-5709-4c12-923b-e4dc77625858;3d8a465f-99ec-4136-b106-43364d0f863b]]
2026-04-26 10:07:19.752,12.870,CrossSignalAgreement_SYS,atomic,[CrossSignalAgreement_SYS],[0.9125],1,6,0.9125,[dt-1;dt-2;dt-3],[[6cf9b00c-30a9-454c-bdce-3979df0e1fa6;cf87a708-cae2-448d-b54c-10d29fec7c47;eeb323fe-98d3-4366-a9ae-c906185f810f;d2573005-45f8-47f5-b9fe-e742d8f5c5b5;b9ca2a92-5709-4c12-923b-e4dc77625858;3d8a465f-99ec-4136-b106-43364d0f863b]]
2026-04-26 10:07:19.769,12.887,CrossSignalRelativeStable_GT,atomic,[CrossSignalRelativeStable_GT],[1.0000],1,6,1.0000,[dt-1;dt-2;dt-3],[[abd0795b-2020-4465-9506-52ec84ca2c44;ef14bf72-42d0-4d1c-8960-1017d6f204f6;07271f70-f8c0-4cc8-855a-7138bc81d3cf;d466db78-23a7-4e52-a227-448df2371c72;4c6c49c7-3d4d-42d1-af06-2115f64818ea;d92c5296-8890-4881-b416-71bc47443e8d]]
2026-04-26 10:07:19.769,12.887,CrossSignalAgreement_GT,atomic,[CrossSignalAgreement_GT],[1.0000],1,6,1.0000,[dt-1;dt-2;dt-3],[[abd0795b-2020-4465-9506-52ec84ca2c44;ef14bf72-42d0-4d1c-8960-1017d6f204f6;07271f70-f8c0-4cc8-855a-7138bc81d3cf;d466db78-23a7-4e52-a227-448df2371c72;4c6c49c7-3d4d-42d1-af06-2115f64818ea;d92c5296-8890-4881-b416-71bc47443e8d]]
2026-04-26 10:07:19.858,12.976,CrossSignalRelativeStable_OBS,atomic,[CrossSignalRelativeStable_OBS],[1.0000],1,6,1.0000,[dt-1;dt-2;dt-3],[[87b4eae0-8054-4c55-b6e0-9722accd8ef5;50885135-784a-42da-9beb-9067faecdef3;1faac3bf-482f-44bc-8385-b9b14cef352c;6cf9b00c-30a9-454c-bdce-3979df0e1fa6;124aa202-ddb0-4289-b77a-b9a01e49b042;eeb323fe-98d3-4366-a9ae-c906185f810f]]
2026-04-26 10:07:19.858,12.976,CrossSignalAgreement_OBS,atomic,[CrossSignalAgreement_OBS],[1.0000],1,6,1.0000,[dt-1;dt-2;dt-3],[[87b4eae0-8054-4c55-b6e0-9722accd8ef5;50885135-784a-42da-9beb-9067faecdef3;1faac3bf-482f-44bc-8385-b9b14cef352c;6cf9b00c-30a9-454c-bdce-3979df0e1fa6;124aa202-ddb0-4289-b77a-b9a01e49b042;eeb323fe-98d3-4366-a9ae-c906185f810f]]
2026-04-26 10:07:19.886,13.004,CrossSignalRelativeStable_GT,atomic,[CrossSignalRelativeStable_GT],[1.0000],1,6,1.0000,[dt-1;dt-2;dt-3],[[d466db78-23a7-4e52-a227-448df2371c72;4c6c49c7-3d4d-42d1-af06-2115f64818ea;d92c5296-8890-4881-b416-71bc47443e8d;8b746eee-bf45-45b4-8588-a276aae4af3e;4cfdad0e-4388-44a1-b29e-bf680e86de4a;9ff341be-6728-4689-b6b1-f8fbf334a2f5]]
2026-04-26 10:07:19.886,13.004,CrossSignalAgreement_GT,atomic,[CrossSignalAgreement_GT],[1.0000],1,6,1.0000,[dt-1;dt-2;dt-3],[[d466db78-23a7-4e52-a227-448df2371c72;4c6c49c7-3d4d-42d1-af06-2115f64818ea;d92c5296-8890-4881-b416-71bc47443e8d;8b746eee-bf45-45b4-8588-a276aae4af3e;4cfdad0e-4388-44a1-b29e-bf680e86de4a;9ff341be-6728-4689-b6b1-f8fbf334a2f5]]
2026-04-26 10:07:19.986,13.104,CrossSignalRelativeStable_GT,atomic,[CrossSignalRelativeStable_GT],[1.0000],1,6,1.0000,[dt-1;dt-2;dt-3],[[8b746eee-bf45-45b4-8588-a276aae4af3e;4cfdad0e-4388-44a1-b29e-bf680e86de4a;9ff341be-6728-4689-b6b1-f8fbf334a2f5;d01c2ab7-d191-4b36-86de-7a16715e6419;a73c12e0-f35d-41a1-89fd-86acf4f5c570;04a573e0-402b-410e-9961-2dcfb34eaf8f]]
2026-04-26 10:07:19.986,13.104,CrossSignalAgreement_GT,atomic,[CrossSignalAgreement_GT],[1.0000],1,6,1.0000,[dt-1;dt-2;dt-3],[[8b746eee-bf45-45b4-8588-a276aae4af3e;4cfdad0e-4388-44a1-b29e-bf680e86de4a;9ff341be-6728-4689-b6b1-f8fbf334a2f5;d01c2ab7-d191-4b36-86de-7a16715e6419;a73c12e0-f35d-41a1-89fd-86acf4f5c570;04a573e0-402b-410e-9961-2dcfb34eaf8f]]
2026-04-26 10:07:19.987,13.105,CrossSignalRelativeStable_SYS,atomic,[CrossSignalRelativeStable_SYS],[0.9495],1,6,0.9495,[dt-1;dt-2;dt-3],[[d2573005-45f8-47f5-b9fe-e742d8f5c5b5;b9ca2a92-5709-4c12-923b-e4dc77625858;3d8a465f-99ec-4136-b106-43364d0f863b;9c389c35-0d2e-4020-80e9-c31d4fb0173b;124aa202-ddb0-4289-b77a-b9a01e49b042;d92a12b3-bbb9-4d02-89ba-c65bdab86497]]
2026-04-26 10:07:19.988,13.106,CrossSignalRelativeStable_OBS,atomic,[CrossSignalRelativeStable_OBS],[1.0000],1,6,1.0000,[dt-1;dt-2;dt-3],[[6cf9b00c-30a9-454c-bdce-3979df0e1fa6;124aa202-ddb0-4289-b77a-b9a01e49b042;eeb323fe-98d3-4366-a9ae-c906185f810f;9c389c35-0d2e-4020-80e9-c31d4fb0173b;6d5f3935-2819-461a-b31d-1cfc59d45896;d92a12b3-bbb9-4d02-89ba-c65bdab86497]]
2026-04-26 10:07:19.988,13.106,CrossSignalAgreement_SYS,atomic,[CrossSignalAgreement_SYS],[0.9495],1,6,0.9495,[dt-1;dt-2;dt-3],[[d2573005-45f8-47f5-b9fe-e742d8f5c5b5;b9ca2a92-5709-4c12-923b-e4dc77625858;3d8a465f-99ec-4136-b106-43364d0f863b;9c389c35-0d2e-4020-80e9-c31d4fb0173b;124aa202-ddb0-4289-b77a-b9a01e49b042;d92a12b3-bbb9-4d02-89ba-c65bdab86497]]
2026-04-26 10:07:19.988,13.106,CrossSignalAgreement_OBS,atomic,[CrossSignalAgreement_OBS],[1.0000],1,6,1.0000,[dt-1;dt-2;dt-3],[[6cf9b00c-30a9-454c-bdce-3979df0e1fa6;124aa202-ddb0-4289-b77a-b9a01e49b042;eeb323fe-98d3-4366-a9ae-c906185f810f;9c389c35-0d2e-4020-80e9-c31d4fb0173b;6d5f3935-2819-461a-b31d-1cfc59d45896;d92a12b3-bbb9-4d02-89ba-c65bdab86497]]
2026-04-26 10:07:20.093,13.211,CrossSignalRelativeStable_GT,atomic,[CrossSignalRelativeStable_GT],[1.0000],1,6,1.0000,[dt-1;dt-2;dt-3],[[d01c2ab7-d191-4b36-86de-7a16715e6419;a73c12e0-f35d-41a1-89fd-86acf4f5c570;04a573e0-402b-410e-9961-2dcfb34eaf8f;50491823-9cf3-4103-9d5f-41102641dd3b;89139225-805c-40ff-b6da-aa57a81feace;32fdaea1-95c5-498b-bf84-af7f56d47684]]
2026-04-26 10:07:20.094,13.212,CrossSignalAgreement_GT,atomic,[CrossSignalAgreement_GT],[1.0000],1,6,1.0000,[dt-1;dt-2;dt-3],[[d01c2ab7-d191-4b36-86de-7a16715e6419;a73c12e0-f35d-41a1-89fd-86acf4f5c570;04a573e0-402b-410e-9961-2dcfb34eaf8f;50491823-9cf3-4103-9d5f-41102641dd3b;89139225-805c-40ff-b6da-aa57a81feace;32fdaea1-95c5-498b-bf84-af7f56d47684]]
2026-04-26 10:07:20.192,13.310,CrossSignalRelativeStable_SYS,atomic,[CrossSignalRelativeStable_SYS],[0.9801],1,6,0.9801,[dt-1;dt-2;dt-3],[[9c389c35-0d2e-4020-80e9-c31d4fb0173b;124aa202-ddb0-4289-b77a-b9a01e49b042;d92a12b3-bbb9-4d02-89ba-c65bdab86497;beef36ec-251e-4576-9ef9-302ee08d4858;2b235caf-77c2-4782-9b0a-5f7e12e7f07a;9f44d2c2-3e4a-40d5-bc3d-136c988e37ec]]
2026-04-26 10:07:20.192,13.310,CrossSignalAgreement_SYS,atomic,[CrossSignalAgreement_SYS],[0.9801],1,6,0.9801,[dt-1;dt-2;dt-3],[[9c389c35-0d2e-4020-80e9-c31d4fb0173b;124aa202-ddb0-4289-b77a-b9a01e49b042;d92a12b3-bbb9-4d02-89ba-c65bdab86497;beef36ec-251e-4576-9ef9-302ee08d4858;2b235caf-77c2-4782-9b0a-5f7e12e7f07a;9f44d2c2-3e4a-40d5-bc3d-136c988e37ec]]
2026-04-26 10:07:20.206,13.324,CrossSignalRelativeStable_GT,atomic,[CrossSignalRelativeStable_GT],[1.0000],1,6,1.0000,[dt-1;dt-2;dt-3],[[50491823-9cf3-4103-9d5f-41102641dd3b;89139225-805c-40ff-b6da-aa57a81feace;32fdaea1-95c5-498b-bf84-af7f56d47684;c80b268e-f442-4402-b798-4831208c18a0;b7e9b7a1-79c5-4b98-9cbe-d8b391d6242c;1c906dc4-2d72-445f-ad00-3a5a7362bec7]]
2026-04-26 10:07:20.206,13.324,CrossSignalAgreement_GT,atomic,[CrossSignalAgreement_GT],[1.0000],1,6,1.0000,[dt-1;dt-2;dt-3],[[50491823-9cf3-4103-9d5f-41102641dd3b;89139225-805c-40ff-b6da-aa57a81feace;32fdaea1-95c5-498b-bf84-af7f56d47684;c80b268e-f442-4402-b798-4831208c18a0;b7e9b7a1-79c5-4b98-9cbe-d8b391d6242c;1c906dc4-2d72-445f-ad00-3a5a7362bec7]]
2026-04-26 10:07:20.309,13.427,CrossSignalRelativeStable_SYS,atomic,[CrossSignalRelativeStable_SYS],[0.9601],1,6,0.9601,[dt-1;dt-2;dt-3],[[beef36ec-251e-4576-9ef9-302ee08d4858;2b235caf-77c2-4782-9b0a-5f7e12e7f07a;9f44d2c2-3e4a-40d5-bc3d-136c988e37ec;76b90951-98c4-44f3-9042-fe04b1123ecb;e6f5a250-2a0d-42ca-8dd0-dc4500a033ad;d7f74e7b-adc9-4de6-b129-4e263b67120a]]
2026-04-26 10:07:20.310,13.428,CrossSignalRelativeStable_OBS,atomic,[CrossSignalRelativeStable_OBS],[1.0000],1,6,1.0000,[dt-1;dt-2;dt-3],[[9c389c35-0d2e-4020-80e9-c31d4fb0173b;6d5f3935-2819-461a-b31d-1cfc59d45896;d92a12b3-bbb9-4d02-89ba-c65bdab86497;beef36ec-251e-4576-9ef9-302ee08d4858;2b235caf-77c2-4782-9b0a-5f7e12e7f07a;d7f74e7b-adc9-4de6-b129-4e263b67120a]]
2026-04-26 10:07:20.310,13.428,CrossSignalAgreement_SYS,atomic,[CrossSignalAgreement_SYS],[0.9601],1,6,0.9601,[dt-1;dt-2;dt-3],[[beef36ec-251e-4576-9ef9-302ee08d4858;2b235caf-77c2-4782-9b0a-5f7e12e7f07a;9f44d2c2-3e4a-40d5-bc3d-136c988e37ec;76b90951-98c4-44f3-9042-fe04b1123ecb;e6f5a250-2a0d-42ca-8dd0-dc4500a033ad;d7f74e7b-adc9-4de6-b129-4e263b67120a]]
2026-04-26 10:07:20.310,13.428,CrossSignalAgreement_OBS,atomic,[CrossSignalAgreement_OBS],[1.0000],1,6,1.0000,[dt-1;dt-2;dt-3],[[9c389c35-0d2e-4020-80e9-c31d4fb0173b;6d5f3935-2819-461a-b31d-1cfc59d45896;d92a12b3-bbb9-4d02-89ba-c65bdab86497;beef36ec-251e-4576-9ef9-302ee08d4858;2b235caf-77c2-4782-9b0a-5f7e12e7f07a;d7f74e7b-adc9-4de6-b129-4e263b67120a]]
2026-04-26 10:07:20.316,13.434,CrossSignalRelativeStable_GT,atomic,[CrossSignalRelativeStable_GT],[1.0000],1,6,1.0000,[dt-1;dt-2;dt-3],[[c80b268e-f442-4402-b798-4831208c18a0;b7e9b7a1-79c5-4b98-9cbe-d8b391d6242c;1c906dc4-2d72-445f-ad00-3a5a7362bec7;e5e4c962-ea69-44fb-b0a5-b2032393f618;b4f7f0f7-7749-4cf3-bff3-73e6a89ff99d;8bc7fae2-bc23-4e8f-b84e-4e9a9a7b53fb]]
2026-04-26 10:07:20.316,13.434,CrossSignalAgreement_GT,atomic,[CrossSignalAgreement_GT],[1.0000],1,6,1.0000,[dt-1;dt-2;dt-3],[[c80b268e-f442-4402-b798-4831208c18a0;b7e9b7a1-79c5-4b98-9cbe-d8b391d6242c;1c906dc4-2d72-445f-ad00-3a5a7362bec7;e5e4c962-ea69-44fb-b0a5-b2032393f618;b4f7f0f7-7749-4cf3-bff3-73e6a89ff99d;8bc7fae2-bc23-4e8f-b84e-4e9a9a7b53fb]]
2026-04-26 10:07:20.436,13.554,CrossSignalRelativeStable_GT,atomic,[CrossSignalRelativeStable_GT],[1.0000],1,6,1.0000,[dt-1;dt-2;dt-3],[[e5e4c962-ea69-44fb-b0a5-b2032393f618;b4f7f0f7-7749-4cf3-bff3-73e6a89ff99d;8bc7fae2-bc23-4e8f-b84e-4e9a9a7b53fb;21f22407-a270-4874-851a-9303d54757ac;07f55e77-b3ba-4790-9e70-ccce332bbf83;05bf15c4-f6db-4315-a351-197893749a26]]
2026-04-26 10:07:20.437,13.555,CrossSignalAgreement_GT,atomic,[CrossSignalAgreement_GT],[1.0000],1,6,1.0000,[dt-1;dt-2;dt-3],[[e5e4c962-ea69-44fb-b0a5-b2032393f618;b4f7f0f7-7749-4cf3-bff3-73e6a89ff99d;8bc7fae2-bc23-4e8f-b84e-4e9a9a7b53fb;21f22407-a270-4874-851a-9303d54757ac;07f55e77-b3ba-4790-9e70-ccce332bbf83;05bf15c4-f6db-4315-a351-197893749a26]]
2026-04-26 10:07:20.541,13.659,CrossSignalRelativeStable_GT,atomic,[CrossSignalRelativeStable_GT],[1.0000],1,6,1.0000,[dt-1;dt-2;dt-3],[[21f22407-a270-4874-851a-9303d54757ac;07f55e77-b3ba-4790-9e70-ccce332bbf83;05bf15c4-f6db-4315-a351-197893749a26;0767133a-365f-43a9-9b63-168ba2499c1c;86382149-c86b-48c6-bc4a-c4e69d57f6b2;2975bfeb-da9a-4f46-b3fc-37f5441cf3e8]]
2026-04-26 10:07:20.541,13.659,CrossSignalAgreement_GT,atomic,[CrossSignalAgreement_GT],[1.0000],1,6,1.0000,[dt-1;dt-2;dt-3],[[21f22407-a270-4874-851a-9303d54757ac;07f55e77-b3ba-4790-9e70-ccce332bbf83;05bf15c4-f6db-4315-a351-197893749a26;0767133a-365f-43a9-9b63-168ba2499c1c;86382149-c86b-48c6-bc4a-c4e69d57f6b2;2975bfeb-da9a-4f46-b3fc-37f5441cf3e8]]
2026-04-26 10:07:20.547,13.665,CrossSignalRelativeStable_SYS,atomic,[CrossSignalRelativeStable_SYS],[0.9194],1,6,0.9194,[dt-1;dt-2;dt-3],[[76b90951-98c4-44f3-9042-fe04b1123ecb;e6f5a250-2a0d-42ca-8dd0-dc4500a033ad;d7f74e7b-adc9-4de6-b129-4e263b67120a;bb792fc7-5d5e-4113-af40-14b299dd8e33;294060d1-a1e5-4414-9c8b-69fc53b45376;e02314a4-2f05-4c02-ae6f-ca964ab5ad84]]
2026-04-26 10:07:20.547,13.665,CrossSignalAgreement_SYS,atomic,[CrossSignalAgreement_SYS],[0.9194],1,6,0.9194,[dt-1;dt-2;dt-3],[[76b90951-98c4-44f3-9042-fe04b1123ecb;e6f5a250-2a0d-42ca-8dd0-dc4500a033ad;d7f74e7b-adc9-4de6-b129-4e263b67120a;bb792fc7-5d5e-4113-af40-14b299dd8e33;294060d1-a1e5-4414-9c8b-69fc53b45376;e02314a4-2f05-4c02-ae6f-ca964ab5ad84]]
2026-04-26 10:07:20.637,13.755,CrossSignalRelativeStable_SYS,atomic,[CrossSignalRelativeStable_SYS],[0.8771],1,6,0.8771,[dt-1;dt-2;dt-3],[[bb792fc7-5d5e-4113-af40-14b299dd8e33;294060d1-a1e5-4414-9c8b-69fc53b45376;e02314a4-2f05-4c02-ae6f-ca964ab5ad84;34e9f2ca-a806-4b37-ac21-1728377d23d3;bfe3ce3d-d26e-4f58-bccf-f92d0ffb6029;1f458bd5-43d6-41d0-a3a3-5750cb1d29d9]]
2026-04-26 10:07:20.638,13.756,CrossSignalAgreement_SYS,atomic,[CrossSignalAgreement_SYS],[0.8771],1,6,0.8771,[dt-1;dt-2;dt-3],[[bb792fc7-5d5e-4113-af40-14b299dd8e33;294060d1-a1e5-4414-9c8b-69fc53b45376;e02314a4-2f05-4c02-ae6f-ca964ab5ad84;34e9f2ca-a806-4b37-ac21-1728377d23d3;bfe3ce3d-d26e-4f58-bccf-f92d0ffb6029;1f458bd5-43d6-41d0-a3a3-5750cb1d29d9]]
2026-04-26 10:07:20.639,13.757,CrossSignalRelativeStable_GT,atomic,[CrossSignalRelativeStable_GT],[1.0000],1,6,1.0000,[dt-1;dt-2;dt-3],[[0767133a-365f-43a9-9b63-168ba2499c1c;86382149-c86b-48c6-bc4a-c4e69d57f6b2;2975bfeb-da9a-4f46-b3fc-37f5441cf3e8;c3cfa99e-c065-4c34-96a0-9ff694cf7fa2;888dba4b-1e44-4b19-aad1-1d0ab5308b8f;4702e6e4-e8da-49bc-88a3-39015f79ea14]]
2026-04-26 10:07:20.639,13.757,CrossSignalAgreement_GT,atomic,[CrossSignalAgreement_GT],[1.0000],1,6,1.0000,[dt-1;dt-2;dt-3],[[0767133a-365f-43a9-9b63-168ba2499c1c;86382149-c86b-48c6-bc4a-c4e69d57f6b2;2975bfeb-da9a-4f46-b3fc-37f5441cf3e8;c3cfa99e-c065-4c34-96a0-9ff694cf7fa2;888dba4b-1e44-4b19-aad1-1d0ab5308b8f;4702e6e4-e8da-49bc-88a3-39015f79ea14]]
2026-04-26 10:07:20.740,13.858,CrossSignalRelativeStable_SYS,atomic,[CrossSignalRelativeStable_SYS],[0.8784],1,6,0.8784,[dt-1;dt-2;dt-3],[[34e9f2ca-a806-4b37-ac21-1728377d23d3;bfe3ce3d-d26e-4f58-bccf-f92d0ffb6029;1f458bd5-43d6-41d0-a3a3-5750cb1d29d9;6b403f36-7154-4a8b-b506-d0b65472edb5;38baf5f8-8cc2-40a7-8b5a-01e5524a1a4e;8b904cec-0fed-465b-b298-ec24f1e512a8]]
2026-04-26 10:07:20.741,13.859,CrossSignalRelativeStable_OBS,atomic,[CrossSignalRelativeStable_OBS],[1.0000],1,6,1.0000,[dt-1;dt-2;dt-3],[[beef36ec-251e-4576-9ef9-302ee08d4858;2b235caf-77c2-4782-9b0a-5f7e12e7f07a;d7f74e7b-adc9-4de6-b129-4e263b67120a;6b403f36-7154-4a8b-b506-d0b65472edb5;bfe3ce3d-d26e-4f58-bccf-f92d0ffb6029;1f458bd5-43d6-41d0-a3a3-5750cb1d29d9]]
2026-04-26 10:07:20.741,13.859,CrossSignalAgreement_SYS,atomic,[CrossSignalAgreement_SYS],[0.8784],1,6,0.8784,[dt-1;dt-2;dt-3],[[34e9f2ca-a806-4b37-ac21-1728377d23d3;bfe3ce3d-d26e-4f58-bccf-f92d0ffb6029;1f458bd5-43d6-41d0-a3a3-5750cb1d29d9;6b403f36-7154-4a8b-b506-d0b65472edb5;38baf5f8-8cc2-40a7-8b5a-01e5524a1a4e;8b904cec-0fed-465b-b298-ec24f1e512a8]]
2026-04-26 10:07:20.741,13.859,CrossSignalAgreement_OBS,atomic,[CrossSignalAgreement_OBS],[1.0000],1,6,1.0000,[dt-1;dt-2;dt-3],[[beef36ec-251e-4576-9ef9-302ee08d4858;2b235caf-77c2-4782-9b0a-5f7e12e7f07a;d7f74e7b-adc9-4de6-b129-4e263b67120a;6b403f36-7154-4a8b-b506-d0b65472edb5;bfe3ce3d-d26e-4f58-bccf-f92d0ffb6029;1f458bd5-43d6-41d0-a3a3-5750cb1d29d9]]
2026-04-26 10:07:20.766,13.884,CrossSignalRelativeStable_GT,atomic,[CrossSignalRelativeStable_GT],[1.0000],1,6,1.0000,[dt-1;dt-2;dt-3],[[c3cfa99e-c065-4c34-96a0-9ff694cf7fa2;888dba4b-1e44-4b19-aad1-1d0ab5308b8f;4702e6e4-e8da-49bc-88a3-39015f79ea14;cb7a25f5-42ec-436d-addf-9caed35cbc0a;d810f6d3-41a0-4864-82f5-eee62a320f5e;9ed1cea7-7c1f-43fa-b601-271d8e59db92]]
2026-04-26 10:07:20.853,13.971,CrossSignalRelativeStable_SYS,atomic,[CrossSignalRelativeStable_SYS],[0.9407],1,6,0.9407,[dt-1;dt-2;dt-3],[[6b403f36-7154-4a8b-b506-d0b65472edb5;38baf5f8-8cc2-40a7-8b5a-01e5524a1a4e;8b904cec-0fed-465b-b298-ec24f1e512a8;f20968d1-6e80-469b-817a-37d2a9ce19c6;17a16cf4-8c7e-4c75-bf33-06953534fc8f;4705f5db-179c-48c5-9c20-346a5c7d8bdd]]
2026-04-26 10:07:20.866,13.984,CrossSignalRelativeStable_GT,atomic,[CrossSignalRelativeStable_GT],[1.0000],1,6,1.0000,[dt-1;dt-2;dt-3],[[cb7a25f5-42ec-436d-addf-9caed35cbc0a;d810f6d3-41a0-4864-82f5-eee62a320f5e;9ed1cea7-7c1f-43fa-b601-271d8e59db92;562e3453-494b-4b50-a14a-2d0e98a132be;c22aff6f-0f54-4593-8fba-e3059b0e7819;fc9f9ad2-6499-4188-82d1-28d6a0f9b600]]
2026-04-26 10:07:20.958,14.076,CrossSignalRelativeStable_OBS,atomic,[CrossSignalRelativeStable_OBS],[1.0000],1,6,1.0000,[dt-1;dt-2;dt-3],[[6b403f36-7154-4a8b-b506-d0b65472edb5;bfe3ce3d-d26e-4f58-bccf-f92d0ffb6029;1f458bd5-43d6-41d0-a3a3-5750cb1d29d9;f20968d1-6e80-469b-817a-37d2a9ce19c6;17a16cf4-8c7e-4c75-bf33-06953534fc8f;426e91fd-161f-4751-923f-3ec53d3e0135]]
2026-04-26 10:07:20.959,14.077,CrossSignalAgreement_OBS,atomic,[CrossSignalAgreement_OBS],[1.0000],1,6,1.0000,[dt-1;dt-2;dt-3],[[6b403f36-7154-4a8b-b506-d0b65472edb5;bfe3ce3d-d26e-4f58-bccf-f92d0ffb6029;1f458bd5-43d6-41d0-a3a3-5750cb1d29d9;f20968d1-6e80-469b-817a-37d2a9ce19c6;17a16cf4-8c7e-4c75-bf33-06953534fc8f;426e91fd-161f-4751-923f-3ec53d3e0135]]
2026-04-26 10:07:20.964,14.082,CrossSignalRelativeStable_GT,atomic,[CrossSignalRelativeStable_GT],[1.0000],1,6,1.0000,[dt-1;dt-2;dt-3],[[562e3453-494b-4b50-a14a-2d0e98a132be;c22aff6f-0f54-4593-8fba-e3059b0e7819;fc9f9ad2-6499-4188-82d1-28d6a0f9b600;45d38353-aa98-449e-8519-ee63af2a1be4;559b89f3-6a30-4e61-a7a0-c260eac754d6;0b802668-3e79-42b3-bcce-35ff6c8f52cf]]
2026-04-26 10:07:20.964,14.082,CrossSignalAgreement_GT,atomic,[CrossSignalAgreement_GT],[1.0000],1,6,1.0000,[dt-1;dt-2;dt-3],[[562e3453-494b-4b50-a14a-2d0e98a132be;c22aff6f-0f54-4593-8fba-e3059b0e7819;fc9f9ad2-6499-4188-82d1-28d6a0f9b600;45d38353-aa98-449e-8519-ee63af2a1be4;559b89f3-6a30-4e61-a7a0-c260eac754d6;0b802668-3e79-42b3-bcce-35ff6c8f52cf]]
2026-04-26 10:07:21.069,14.187,CrossSignalRelativeStable_SYS,atomic,[CrossSignalRelativeStable_SYS],[0.9607],1,6,0.9607,[dt-1;dt-2;dt-3],[[f20968d1-6e80-469b-817a-37d2a9ce19c6;17a16cf4-8c7e-4c75-bf33-06953534fc8f;4705f5db-179c-48c5-9c20-346a5c7d8bdd;707d6d50-7f05-4235-8344-dc1f4664a5e0;bdcdf831-81ac-4c2e-8389-c119177ec51f;723e55b8-1030-4d40-adae-931a360666fc]]
2026-04-26 10:07:21.087,14.205,CrossSignalRelativeStable_GT,atomic,[CrossSignalRelativeStable_GT],[1.0000],1,6,1.0000,[dt-1;dt-2;dt-3],[[45d38353-aa98-449e-8519-ee63af2a1be4;559b89f3-6a30-4e61-a7a0-c260eac754d6;0b802668-3e79-42b3-bcce-35ff6c8f52cf;4d9ea451-b33d-465f-8768-89c1a8113005;43a0dd5e-ebf4-4360-8943-980919743c3a;fc844c47-0008-48fd-bd6c-bf862fe8367f]]
2026-04-26 10:07:21.088,14.206,CrossSignalAgreement_GT,atomic,[CrossSignalAgreement_GT],[1.0000],1,6,1.0000,[dt-1;dt-2;dt-3],[[45d38353-aa98-449e-8519-ee63af2a1be4;559b89f3-6a30-4e61-a7a0-c260eac754d6;0b802668-3e79-42b3-bcce-35ff6c8f52cf;4d9ea451-b33d-465f-8768-89c1a8113005;43a0dd5e-ebf4-4360-8943-980919743c3a;fc844c47-0008-48fd-bd6c-bf862fe8367f]]
2026-04-26 10:07:21.191,14.309,CrossSignalRelativeStable_SYS,atomic,[CrossSignalRelativeStable_SYS],[0.9607],1,6,0.9607,[dt-1;dt-2;dt-3],[[707d6d50-7f05-4235-8344-dc1f4664a5e0;bdcdf831-81ac-4c2e-8389-c119177ec51f;723e55b8-1030-4d40-adae-931a360666fc;e0e0223d-9ed4-4d1f-82d0-29c4aedb3099;fed64a43-a139-4fed-b886-03a37cc0c0f2;c70ec3e7-d311-4e2d-a6d7-ae31c3388ac0]]
2026-04-26 10:07:21.192,14.310,CrossSignalRelativeStable_OBS,atomic,[CrossSignalRelativeStable_OBS],[1.0000],1,6,1.0000,[dt-1;dt-2;dt-3],[[f20968d1-6e80-469b-817a-37d2a9ce19c6;17a16cf4-8c7e-4c75-bf33-06953534fc8f;426e91fd-161f-4751-923f-3ec53d3e0135;707d6d50-7f05-4235-8344-dc1f4664a5e0;fed64a43-a139-4fed-b886-03a37cc0c0f2;c70ec3e7-d311-4e2d-a6d7-ae31c3388ac0]]
2026-04-26 10:07:21.197,14.315,CrossSignalRelativeStable_GT,atomic,[CrossSignalRelativeStable_GT],[1.0000],1,6,1.0000,[dt-1;dt-2;dt-3],[[4d9ea451-b33d-465f-8768-89c1a8113005;43a0dd5e-ebf4-4360-8943-980919743c3a;fc844c47-0008-48fd-bd6c-bf862fe8367f;dd101c33-a2ad-4d34-aceb-153734c73bae;39c06bdb-51c7-494a-b7ed-a1027687f9d4;a9602dba-8340-4b32-9537-71114b7a15b3]]
2026-04-26 10:07:21.309,14.427,CrossSignalRelativeStable_GT,atomic,[CrossSignalRelativeStable_GT],[1.0000],1,6,1.0000,[dt-1;dt-2;dt-3],[[dd101c33-a2ad-4d34-aceb-153734c73bae;39c06bdb-51c7-494a-b7ed-a1027687f9d4;a9602dba-8340-4b32-9537-71114b7a15b3;23ad97f7-59e5-4f63-a0a3-72b775d6cdd9;7937fc5a-6c59-4e90-b110-faa22e3cbe80;6a9afb8c-cccd-4e91-b321-d287d180b488]]
2026-04-26 10:07:21.400,14.518,CrossSignalRelativeStable_SYS,atomic,[CrossSignalRelativeStable_SYS],[0.9803],1,6,0.9803,[dt-1;dt-2;dt-3],[[e0e0223d-9ed4-4d1f-82d0-29c4aedb3099;fed64a43-a139-4fed-b886-03a37cc0c0f2;c70ec3e7-d311-4e2d-a6d7-ae31c3388ac0;201c1918-8eca-4286-9191-4a3175db56c6;4438effe-d26e-4875-9079-e89ca0de626e;2345e8d4-3ccf-4c76-be2e-cf3dc73f2bb4]]
2026-04-26 10:07:21.419,14.537,CrossSignalRelativeStable_GT,atomic,[CrossSignalRelativeStable_GT],[1.0000],1,6,1.0000,[dt-1;dt-2;dt-3],[[23ad97f7-59e5-4f63-a0a3-72b775d6cdd9;7937fc5a-6c59-4e90-b110-faa22e3cbe80;6a9afb8c-cccd-4e91-b321-d287d180b488;60024c01-4c36-43f6-9767-220472eb6f20;90e167ef-c440-4c73-ae72-a837438dfad2;5909389b-11f9-4c9d-b847-98c0169e322d]]
2026-04-26 10:07:21.508,14.626,CrossSignalRelativeStable_SYS,atomic,[CrossSignalRelativeStable_SYS],[0.9433],1,6,0.9433,[dt-1;dt-2;dt-3],[[201c1918-8eca-4286-9191-4a3175db56c6;4438effe-d26e-4875-9079-e89ca0de626e;2345e8d4-3ccf-4c76-be2e-cf3dc73f2bb4;d644ad27-ede2-49e8-84c0-49789bf22e7a;7227a75a-deec-4a7c-845a-df2956ab7f89;d21ae9fe-dc16-41c2-ab0f-3ff5a9856f0c]]
2026-04-26 10:07:21.509,14.627,CrossSignalRelativeStable_OBS,atomic,[CrossSignalRelativeStable_OBS],[1.0000],1,6,1.0000,[dt-1;dt-2;dt-3],[[707d6d50-7f05-4235-8344-dc1f4664a5e0;fed64a43-a139-4fed-b886-03a37cc0c0f2;c70ec3e7-d311-4e2d-a6d7-ae31c3388ac0;201c1918-8eca-4286-9191-4a3175db56c6;a69255bc-3cf9-41dd-bbb2-823aa76279ca;2345e8d4-3ccf-4c76-be2e-cf3dc73f2bb4]]
2026-04-26 10:07:21.527,14.645,CrossSignalRelativeStable_GT,atomic,[CrossSignalRelativeStable_GT],[1.0000],1,6,1.0000,[dt-1;dt-2;dt-3],[[60024c01-4c36-43f6-9767-220472eb6f20;90e167ef-c440-4c73-ae72-a837438dfad2;5909389b-11f9-4c9d-b847-98c0169e322d;c4e87a49-cf69-419c-b9e7-372eb80c2345;57a6f01e-98e8-4d39-8215-cb43e45fa175;b61b9604-cdc1-4855-996b-a3e9682a5a90]]
2026-04-26 10:07:21.643,14.761,CrossSignalRelativeStable_GT,atomic,[CrossSignalRelativeStable_GT],[1.0000],1,6,1.0000,[dt-1;dt-2;dt-3],[[c4e87a49-cf69-419c-b9e7-372eb80c2345;57a6f01e-98e8-4d39-8215-cb43e45fa175;b61b9604-cdc1-4855-996b-a3e9682a5a90;59b49efa-c18f-46c2-a0e3-da412555e3bc;e08612de-eeeb-459f-9a35-97e5cbbb1741;a4fd8c50-267b-4a31-968f-d6b894303c18]]
2026-04-26 10:07:21.730,14.848,CrossSignalRelativeStable_SYS,atomic,[CrossSignalRelativeStable_SYS],[0.9434],1,6,0.9434,[dt-1;dt-2;dt-3],[[d644ad27-ede2-49e8-84c0-49789bf22e7a;7227a75a-deec-4a7c-845a-df2956ab7f89;d21ae9fe-dc16-41c2-ab0f-3ff5a9856f0c;4eadc1ca-66ba-4d4d-8a25-a7a4ff5e185e;a69255bc-3cf9-41dd-bbb2-823aa76279ca;985ce5b3-481a-4b07-b141-ded0a89c8d13]]
2026-04-26 10:07:21.740,14.858,CrossSignalRelativeStable_GT,atomic,[CrossSignalRelativeStable_GT],[1.0000],1,6,1.0000,[dt-1;dt-2;dt-3],[[59b49efa-c18f-46c2-a0e3-da412555e3bc;e08612de-eeeb-459f-9a35-97e5cbbb1741;a4fd8c50-267b-4a31-968f-d6b894303c18;ee01c8e9-c378-40a1-94b9-03d99166280b;d8fb4b8a-6d4c-4975-b0d8-0a75967ca254;a08ee79a-ef74-4fcd-89e4-168f21754e6c]]
2026-04-26 10:07:21.857,14.975,CrossSignalRelativeStable_GT,atomic,[CrossSignalRelativeStable_GT],[1.0000],1,6,1.0000,[dt-1;dt-2;dt-3],[[ee01c8e9-c378-40a1-94b9-03d99166280b;d8fb4b8a-6d4c-4975-b0d8-0a75967ca254;a08ee79a-ef74-4fcd-89e4-168f21754e6c;45db7872-fde7-46cd-8716-da7e82b0476f;8ee0c062-8aa8-40ec-9119-85c08fde9dd5;d9a730c4-83ab-423f-ba9a-8a4b5ac475e1]]
2026-04-26 10:07:21.951,15.069,CrossSignalRelativeStable_SYS,atomic,[CrossSignalRelativeStable_SYS],[0.9435],1,6,0.9435,[dt-1;dt-2;dt-3],[[4eadc1ca-66ba-4d4d-8a25-a7a4ff5e185e;a69255bc-3cf9-41dd-bbb2-823aa76279ca;985ce5b3-481a-4b07-b141-ded0a89c8d13;1e9ef99e-f798-421e-9377-4fc93f46eabf;b14f61aa-27dc-444c-9b6b-127f2f32bf9e;e98e9293-2a37-40fa-b18c-87a7308b2c16]]
2026-04-26 10:07:21.962,15.080,CrossSignalRelativeStable_GT,atomic,[CrossSignalRelativeStable_GT],[1.0000],1,6,1.0000,[dt-1;dt-2;dt-3],[[45db7872-fde7-46cd-8716-da7e82b0476f;8ee0c062-8aa8-40ec-9119-85c08fde9dd5;d9a730c4-83ab-423f-ba9a-8a4b5ac475e1;13ffecbe-960d-4387-a765-7d6c8d96520c;7dda0ffe-a970-40d3-9243-1ccb1191265c;743e734a-18f5-4216-bb42-de33e6d45e48]]
2026-04-26 10:07:22.066,15.184,CrossSignalRelativeStable_SYS,atomic,[CrossSignalRelativeStable_SYS],[0.9631],1,6,0.9631,[dt-1;dt-2;dt-3],[[1e9ef99e-f798-421e-9377-4fc93f46eabf;b14f61aa-27dc-444c-9b6b-127f2f32bf9e;e98e9293-2a37-40fa-b18c-87a7308b2c16;b69a80f2-9e90-49cf-8e12-d04758d6eb9e;a7cf9dd2-df07-4ed5-9fed-ea18c679b608;a7d91604-023a-41fa-a933-a5669dcb4203]]
2026-04-26 10:07:22.066,15.184,CrossSignalRelativeStable_OBS,atomic,[CrossSignalRelativeStable_OBS],[1.0000],1,6,1.0000,[dt-1;dt-2;dt-3],[[201c1918-8eca-4286-9191-4a3175db56c6;a69255bc-3cf9-41dd-bbb2-823aa76279ca;2345e8d4-3ccf-4c76-be2e-cf3dc73f2bb4;4eadc1ca-66ba-4d4d-8a25-a7a4ff5e185e;b14f61aa-27dc-444c-9b6b-127f2f32bf9e;a7d91604-023a-41fa-a933-a5669dcb4203]]
2026-04-26 10:07:22.072,15.190,CrossSignalRelativeStable_GT,atomic,[CrossSignalRelativeStable_GT],[1.0000],1,6,1.0000,[dt-1;dt-2;dt-3],[[13ffecbe-960d-4387-a765-7d6c8d96520c;7dda0ffe-a970-40d3-9243-1ccb1191265c;743e734a-18f5-4216-bb42-de33e6d45e48;f2beb37d-2f74-4800-8dea-c480c7963f19;d5b26fbc-e26c-44f1-b2d6-25d087225309;e8886f95-01c0-4c3a-81a3-f66be76c798f]]
2026-04-26 10:07:22.185,15.303,CrossSignalRelativeStable_GT,atomic,[CrossSignalRelativeStable_GT],[1.0000],1,6,1.0000,[dt-1;dt-2;dt-3],[[f2beb37d-2f74-4800-8dea-c480c7963f19;d5b26fbc-e26c-44f1-b2d6-25d087225309;e8886f95-01c0-4c3a-81a3-f66be76c798f;6174ce06-197f-4e83-9138-0adb2e3f0248;d13380d4-41b9-491a-8b1f-361194ebf05c;385968fe-f733-45e0-842c-e245d519ade8]]
2026-04-26 10:07:22.290,15.408,CrossSignalRelativeStable_SYS,atomic,[CrossSignalRelativeStable_SYS],[0.9804],1,6,0.9804,[dt-1;dt-2;dt-3],[[b69a80f2-9e90-49cf-8e12-d04758d6eb9e;a7cf9dd2-df07-4ed5-9fed-ea18c679b608;a7d91604-023a-41fa-a933-a5669dcb4203;50b79079-0e51-462e-a727-ae75ae6bbc96;2664e671-235b-460e-b19f-e11937acd780;e9f99d46-9067-4d61-85ba-e26d2c14716b]]
2026-04-26 10:07:22.291,15.409,CrossSignalRelativeStable_OBS,atomic,[CrossSignalRelativeStable_OBS],[1.0000],1,6,1.0000,[dt-1;dt-2;dt-3],[[4eadc1ca-66ba-4d4d-8a25-a7a4ff5e185e;b14f61aa-27dc-444c-9b6b-127f2f32bf9e;a7d91604-023a-41fa-a933-a5669dcb4203;50b79079-0e51-462e-a727-ae75ae6bbc96;3995db44-0a34-4338-90b3-8a533f931d37;e9f99d46-9067-4d61-85ba-e26d2c14716b]]
2026-04-26 10:07:22.297,15.415,CrossSignalRelativeStable_GT,atomic,[CrossSignalRelativeStable_GT],[1.0000],1,6,1.0000,[dt-1;dt-2;dt-3],[[6174ce06-197f-4e83-9138-0adb2e3f0248;d13380d4-41b9-491a-8b1f-361194ebf05c;385968fe-f733-45e0-842c-e245d519ade8;4838f854-d936-4840-881f-c9a000553aff;88c3de7a-e111-4da6-a7e2-d5319924d641;389e5158-158f-45a0-81f9-f98b4ab36b79]]
2026-04-26 10:07:22.408,15.526,CrossSignalRelativeStable_GT,atomic,[CrossSignalRelativeStable_GT],[1.0000],1,6,1.0000,[dt-1;dt-2;dt-3],[[4838f854-d936-4840-881f-c9a000553aff;88c3de7a-e111-4da6-a7e2-d5319924d641;389e5158-158f-45a0-81f9-f98b4ab36b79;845ee2ed-da3a-45c9-972d-3ecb811cb169;6c585f46-6196-4837-bdd1-e5d87c4153b2;3707f34c-5a90-4993-9a1d-2afb5547c17a]]
2026-04-26 10:07:22.508,15.626,CrossSignalRelativeStable_SYS,atomic,[CrossSignalRelativeStable_SYS],[0.9406],1,6,0.9406,[dt-1;dt-2;dt-3],[[50b79079-0e51-462e-a727-ae75ae6bbc96;2664e671-235b-460e-b19f-e11937acd780;e9f99d46-9067-4d61-85ba-e26d2c14716b;656beb53-25ed-4f55-a088-3d2c8b5c8f2b;93a0f4ae-4bbd-4903-a540-9701e096356d;c913abe8-bde9-4d62-a68a-94d7c1607bb6]]
2026-04-26 10:07:22.508,15.626,CrossSignalRelativeStable_OBS,atomic,[CrossSignalRelativeStable_OBS],[1.0000],1,6,1.0000,[dt-1;dt-2;dt-3],[[50b79079-0e51-462e-a727-ae75ae6bbc96;3995db44-0a34-4338-90b3-8a533f931d37;e9f99d46-9067-4d61-85ba-e26d2c14716b;c2f1b7a4-02b2-4cce-97d6-e4bdb34b2cc8;776a57c3-9bc1-4e8d-9792-6bb43d0e6f07;c913abe8-bde9-4d62-a68a-94d7c1607bb6]]
2026-04-26 10:07:22.514,15.632,CrossSignalRelativeStable_GT,atomic,[CrossSignalRelativeStable_GT],[1.0000],1,6,1.0000,[dt-1;dt-2;dt-3],[[845ee2ed-da3a-45c9-972d-3ecb811cb169;6c585f46-6196-4837-bdd1-e5d87c4153b2;3707f34c-5a90-4993-9a1d-2afb5547c17a;72490f96-d50f-4fa2-bf53-f097d2eb6d75;bd2fa085-17e5-4cdb-b33c-50236f34df4c;93c56ee5-3f3c-45b3-b718-9aa25fada5c4]]
2026-04-26 10:07:22.619,15.737,CrossSignalRelativeStable_SYS,atomic,[CrossSignalRelativeStable_SYS],[0.9603],1,6,0.9603,[dt-1;dt-2;dt-3],[[656beb53-25ed-4f55-a088-3d2c8b5c8f2b;93a0f4ae-4bbd-4903-a540-9701e096356d;c913abe8-bde9-4d62-a68a-94d7c1607bb6;15a10f32-031e-4247-b7b8-9c77af4147f4;776a57c3-9bc1-4e8d-9792-6bb43d0e6f07;d1f74ccc-cc43-4191-b5ae-0c4794f30e12]]
2026-04-26 10:07:22.627,15.745,CrossSignalRelativeStable_OBS,atomic,[CrossSignalRelativeStable_OBS],[1.0000],1,6,1.0000,[dt-1;dt-2;dt-3],[[c2f1b7a4-02b2-4cce-97d6-e4bdb34b2cc8;776a57c3-9bc1-4e8d-9792-6bb43d0e6f07;c913abe8-bde9-4d62-a68a-94d7c1607bb6;15a10f32-031e-4247-b7b8-9c77af4147f4;7d8f0be9-47a5-4177-aac9-4469f174df5c;d1f74ccc-cc43-4191-b5ae-0c4794f30e12]]
2026-04-26 10:07:22.633,15.751,CrossSignalRelativeStable_GT,atomic,[CrossSignalRelativeStable_GT],[1.0000],1,6,1.0000,[dt-1;dt-2;dt-3],[[72490f96-d50f-4fa2-bf53-f097d2eb6d75;bd2fa085-17e5-4cdb-b33c-50236f34df4c;93c56ee5-3f3c-45b3-b718-9aa25fada5c4;3ea2695b-7d93-4353-b5fb-b493fd3c7714;b8ffffc8-c577-4cbd-a7ee-e0de69c52eaf;e24ab11a-255c-42e5-bbf8-650442e42b0c]]
2026-04-26 10:07:22.728,15.846,CrossSignalRelativeStable_SYS,atomic,[CrossSignalRelativeStable_SYS],[1.0000],1,6,1.0000,[dt-1;dt-2;dt-3],[[15a10f32-031e-4247-b7b8-9c77af4147f4;776a57c3-9bc1-4e8d-9792-6bb43d0e6f07;d1f74ccc-cc43-4191-b5ae-0c4794f30e12;c21a0096-7362-47fe-ba45-a34a5fd643fb;7d8f0be9-47a5-4177-aac9-4469f174df5c;4dd36f3a-252d-451c-8f82-ed6c3be7f4c5]]
2026-04-26 10:07:22.734,15.852,CrossSignalRelativeStable_OBS,atomic,[CrossSignalRelativeStable_OBS],[1.0000],1,6,1.0000,[dt-1;dt-2;dt-3],[[15a10f32-031e-4247-b7b8-9c77af4147f4;7d8f0be9-47a5-4177-aac9-4469f174df5c;d1f74ccc-cc43-4191-b5ae-0c4794f30e12;c21a0096-7362-47fe-ba45-a34a5fd643fb;9c7b75bb-6027-4953-b4f0-49551498fc89;4dd36f3a-252d-451c-8f82-ed6c3be7f4c5]]
2026-04-26 10:07:22.740,15.858,CrossSignalRelativeStable_GT,atomic,[CrossSignalRelativeStable_GT],[1.0000],1,6,1.0000,[dt-1;dt-2;dt-3],[[3ea2695b-7d93-4353-b5fb-b493fd3c7714;b8ffffc8-c577-4cbd-a7ee-e0de69c52eaf;e24ab11a-255c-42e5-bbf8-650442e42b0c;adf8ffda-6c54-4dae-8e02-f6a6dfbb1913;6222febf-8efc-410f-8246-fd11bf382475;ba96f1fc-43f1-479e-8309-70a47996c379]]
2026-04-26 10:07:22.839,15.957,CrossSignalRelativeStable_SYS,atomic,[CrossSignalRelativeStable_SYS],[1.0000],1,6,1.0000,[dt-1;dt-2;dt-3],[[c21a0096-7362-47fe-ba45-a34a5fd643fb;7d8f0be9-47a5-4177-aac9-4469f174df5c;4dd36f3a-252d-451c-8f82-ed6c3be7f4c5;3c632814-3933-4f8d-8940-00524fb03799;9c7b75bb-6027-4953-b4f0-49551498fc89;2e030811-cf06-408a-8919-cc061c43b9ee]]
2026-04-26 10:07:22.846,15.964,CrossSignalRelativeStable_OBS,atomic,[CrossSignalRelativeStable_OBS],[1.0000],1,6,1.0000,[dt-1;dt-2;dt-3],[[c21a0096-7362-47fe-ba45-a34a5fd643fb;9c7b75bb-6027-4953-b4f0-49551498fc89;4dd36f3a-252d-451c-8f82-ed6c3be7f4c5;3c632814-3933-4f8d-8940-00524fb03799;d4f722ad-a1b8-4267-9cf1-33fd3ec0450c;2e030811-cf06-408a-8919-cc061c43b9ee]]
2026-04-26 10:07:22.858,15.976,CrossSignalRelativeStable_GT,atomic,[CrossSignalRelativeStable_GT],[1.0000],1,6,1.0000,[dt-1;dt-2;dt-3],[[adf8ffda-6c54-4dae-8e02-f6a6dfbb1913;6222febf-8efc-410f-8246-fd11bf382475;ba96f1fc-43f1-479e-8309-70a47996c379;14e98c06-3fc2-45b0-ac52-d63b52585c68;08eaca44-76bc-4449-9622-e045daae1c6d;fd50414d-6b07-422a-8bee-b341daafa863]]
2026-04-26 10:07:22.949,16.067,CrossSignalRelativeStable_SYS,atomic,[CrossSignalRelativeStable_SYS],[1.0000],1,6,1.0000,[dt-1;dt-2;dt-3],[[3c632814-3933-4f8d-8940-00524fb03799;9c7b75bb-6027-4953-b4f0-49551498fc89;2e030811-cf06-408a-8919-cc061c43b9ee;82623464-5857-4379-8057-c96f47a7578a;d4f722ad-a1b8-4267-9cf1-33fd3ec0450c;9a8e60ed-2896-4218-847f-90949422ac5e]]
2026-04-26 10:07:22.956,16.074,CrossSignalRelativeStable_OBS,atomic,[CrossSignalRelativeStable_OBS],[1.0000],1,6,1.0000,[dt-1;dt-2;dt-3],[[3c632814-3933-4f8d-8940-00524fb03799;d4f722ad-a1b8-4267-9cf1-33fd3ec0450c;2e030811-cf06-408a-8919-cc061c43b9ee;82623464-5857-4379-8057-c96f47a7578a;b08abd56-dab7-40bb-92e5-829fada3dd68;9a8e60ed-2896-4218-847f-90949422ac5e]]
2026-04-26 10:07:22.968,16.086,CrossSignalRelativeStable_GT,atomic,[CrossSignalRelativeStable_GT],[1.0000],1,6,1.0000,[dt-1;dt-2;dt-3],[[14e98c06-3fc2-45b0-ac52-d63b52585c68;08eaca44-76bc-4449-9622-e045daae1c6d;fd50414d-6b07-422a-8bee-b341daafa863;194170d4-baea-492a-9018-f1f9aca19663;f15248e8-d048-4533-8a31-76ae74598e9d;8b1eabba-8cf6-4666-8f94-f8bace78e474]]
2026-04-26 10:07:23.086,16.204,CrossSignalRelativeStable_GT,atomic,[CrossSignalRelativeStable_GT],[1.0000],1,6,1.0000,[dt-1;dt-2;dt-3],[[194170d4-baea-492a-9018-f1f9aca19663;f15248e8-d048-4533-8a31-76ae74598e9d;8b1eabba-8cf6-4666-8f94-f8bace78e474;e9dca82d-33ff-43ee-872f-f633bd5a503f;b5f8a7c3-0390-4b54-9fc3-fc12660cef91;f1f72573-0931-4d19-8354-09847a313eb8]]
2026-04-26 10:07:23.169,16.287,CrossSignalRelativeStable_SYS,atomic,[CrossSignalRelativeStable_SYS],[1.0000],1,6,1.0000,[dt-1;dt-2;dt-3],[[82623464-5857-4379-8057-c96f47a7578a;d4f722ad-a1b8-4267-9cf1-33fd3ec0450c;9a8e60ed-2896-4218-847f-90949422ac5e;f18fbd52-5c19-48fd-9986-59fbfd1f953d;b08abd56-dab7-40bb-92e5-829fada3dd68;42aedd0b-5547-41f9-90c6-63b17184be99]]
2026-04-26 10:07:23.176,16.294,CrossSignalRelativeStable_OBS,atomic,[CrossSignalRelativeStable_OBS],[1.0000],1,6,1.0000,[dt-1;dt-2;dt-3],[[82623464-5857-4379-8057-c96f47a7578a;b08abd56-dab7-40bb-92e5-829fada3dd68;9a8e60ed-2896-4218-847f-90949422ac5e;f18fbd52-5c19-48fd-9986-59fbfd1f953d;35071cd2-4e3e-4c48-9e9c-e3fbe79005e3;42aedd0b-5547-41f9-90c6-63b17184be99]]
2026-04-26 10:07:23.183,16.301,CrossSignalRelativeStable_GT,atomic,[CrossSignalRelativeStable_GT],[1.0000],1,6,1.0000,[dt-1;dt-2;dt-3],[[e9dca82d-33ff-43ee-872f-f633bd5a503f;b5f8a7c3-0390-4b54-9fc3-fc12660cef91;f1f72573-0931-4d19-8354-09847a313eb8;a91da9f9-da30-4cc6-acca-a63dfafa2d1b;df52ba7d-063d-410a-86c9-64c9cb556b9f;517ccd50-e674-42af-a5e9-37de76a7e16a]]
2026-04-26 10:07:23.312,16.430,CrossSignalRelativeStable_GT,atomic,[CrossSignalRelativeStable_GT],[1.0000],1,6,1.0000,[dt-1;dt-2;dt-3],[[a91da9f9-da30-4cc6-acca-a63dfafa2d1b;df52ba7d-063d-410a-86c9-64c9cb556b9f;517ccd50-e674-42af-a5e9-37de76a7e16a;75950fd6-b552-42b9-bb39-1df3ec89ae08;921c67a9-b11e-4b9e-a896-d0a1f0929b97;9bf31e97-cda5-48cb-ac76-abfd237173fa]]
2026-04-26 10:07:23.391,16.509,CrossSignalRelativeStable_SYS,atomic,[CrossSignalRelativeStable_SYS],[0.9802],1,6,0.9802,[dt-1;dt-2;dt-3],[[f18fbd52-5c19-48fd-9986-59fbfd1f953d;b08abd56-dab7-40bb-92e5-829fada3dd68;42aedd0b-5547-41f9-90c6-63b17184be99;bd66e4a2-6042-402b-8da2-13daf4a2dc0e;35071cd2-4e3e-4c48-9e9c-e3fbe79005e3;03a18de6-91d9-43e5-ab10-47f3d6249c29]]
2026-04-26 10:07:23.398,16.516,CrossSignalRelativeStable_GT,atomic,[CrossSignalRelativeStable_GT],[1.0000],1,6,1.0000,[dt-1;dt-2;dt-3],[[75950fd6-b552-42b9-bb39-1df3ec89ae08;921c67a9-b11e-4b9e-a896-d0a1f0929b97;9bf31e97-cda5-48cb-ac76-abfd237173fa;1cc4d9c6-0992-4f06-a4b6-1cf05e7abc1b;d341017d-0b4a-4e33-878a-d7c632862164;dc01140f-7897-4c0d-930e-59c90b48c384]]
2026-04-26 10:07:23.502,16.620,CrossSignalRelativeStable_SYS,atomic,[CrossSignalRelativeStable_SYS],[0.9233],1,6,0.9233,[dt-1;dt-2;dt-3],[[bd66e4a2-6042-402b-8da2-13daf4a2dc0e;35071cd2-4e3e-4c48-9e9c-e3fbe79005e3;03a18de6-91d9-43e5-ab10-47f3d6249c29;62b1237d-adfc-4b00-b3d5-c297781f703f;e13eb0d6-de68-49ea-b153-ced21ca14bea;0ac74d11-d88e-413c-ac2f-7f07300b0602]]
2026-04-26 10:07:23.508,16.626,CrossSignalRelativeStable_GT,atomic,[CrossSignalRelativeStable_GT],[1.0000],1,6,1.0000,[dt-1;dt-2;dt-3],[[1cc4d9c6-0992-4f06-a4b6-1cf05e7abc1b;d341017d-0b4a-4e33-878a-d7c632862164;dc01140f-7897-4c0d-930e-59c90b48c384;1d7e7a9f-5c2b-4b11-8eba-3aaab6972067;17fc9b5b-bda4-478a-abd1-995acdb2bb6f;216673b2-95f8-411b-842a-92762c4dd632]]
2026-04-26 10:07:23.616,16.734,CrossSignalRelativeStable_GT,atomic,[CrossSignalRelativeStable_GT],[1.0000],1,6,1.0000,[dt-1;dt-2;dt-3],[[1d7e7a9f-5c2b-4b11-8eba-3aaab6972067;17fc9b5b-bda4-478a-abd1-995acdb2bb6f;216673b2-95f8-411b-842a-92762c4dd632;ed5f8d9c-61d4-4224-b7bb-b3f0d19ea145;c6667177-d917-402d-8e0d-36d828c9633d;f877d383-b839-4eb2-81c4-d86f483c591e]]
2026-04-26 10:07:23.729,16.847,CrossSignalRelativeStable_SYS,atomic,[CrossSignalRelativeStable_SYS],[0.8863],1,6,0.8863,[dt-1;dt-2;dt-3],[[62b1237d-adfc-4b00-b3d5-c297781f703f;e13eb0d6-de68-49ea-b153-ced21ca14bea;0ac74d11-d88e-413c-ac2f-7f07300b0602;dfba3bfe-85cf-4d8c-ad49-5db700da8ede;9dedbbd3-c000-4ad6-a700-ca433395c878;568ced5a-0284-4681-ac5f-98540c11450a]]
2026-04-26 10:07:23.743,16.861,CrossSignalRelativeStable_GT,atomic,[CrossSignalRelativeStable_GT],[1.0000],1,6,1.0000,[dt-1;dt-2;dt-3],[[ed5f8d9c-61d4-4224-b7bb-b3f0d19ea145;c6667177-d917-402d-8e0d-36d828c9633d;f877d383-b839-4eb2-81c4-d86f483c591e;56c93b0d-14bc-46a7-bd94-29be2b6ab67f;221f93dc-dc63-4d89-97cd-02c2b57ec8f3;1932623d-38f5-428e-acbf-dfa81a917bd5]]
2026-04-26 10:07:23.832,16.950,CrossSignalRelativeStable_OBS,atomic,[CrossSignalRelativeStable_OBS],[1.0000],1,6,1.0000,[dt-1;dt-2;dt-3],[[f18fbd52-5c19-48fd-9986-59fbfd1f953d;35071cd2-4e3e-4c48-9e9c-e3fbe79005e3;42aedd0b-5547-41f9-90c6-63b17184be99;dfba3bfe-85cf-4d8c-ad49-5db700da8ede;3e82aa35-6f0a-4f94-9686-d0680a0206a9;03a18de6-91d9-43e5-ab10-47f3d6249c29]]
2026-04-26 10:07:23.856,16.974,CrossSignalRelativeStable_GT,atomic,[CrossSignalRelativeStable_GT],[1.0000],1,6,1.0000,[dt-1;dt-2;dt-3],[[56c93b0d-14bc-46a7-bd94-29be2b6ab67f;221f93dc-dc63-4d89-97cd-02c2b57ec8f3;1932623d-38f5-428e-acbf-dfa81a917bd5;efba8a82-fd81-4e76-b7f0-c7459b1e558f;8a16a635-7f09-49d0-996e-6cee12542613;1acb4989-9a0a-4a60-bc4d-557d2b1578f2]]
2026-04-26 10:07:23.942,17.060,CrossSignalRelativeStable_SYS,atomic,[CrossSignalRelativeStable_SYS],[0.9432],1,6,0.9432,[dt-1;dt-2;dt-3],[[dfba3bfe-85cf-4d8c-ad49-5db700da8ede;9dedbbd3-c000-4ad6-a700-ca433395c878;568ced5a-0284-4681-ac5f-98540c11450a;ff4424f2-e5a6-4503-acf4-425b236954ce;3e82aa35-6f0a-4f94-9686-d0680a0206a9;9bc25aec-65d1-4197-8c19-a17ad8701a97]]
2026-04-26 10:07:23.948,17.066,CrossSignalRelativeStable_OBS,atomic,[CrossSignalRelativeStable_OBS],[1.0000],1,6,1.0000,[dt-1;dt-2;dt-3],[[dfba3bfe-85cf-4d8c-ad49-5db700da8ede;3e82aa35-6f0a-4f94-9686-d0680a0206a9;03a18de6-91d9-43e5-ab10-47f3d6249c29;ff4424f2-e5a6-4503-acf4-425b236954ce;eff84400-d6d5-4d9c-97bb-030c7317afc0;9bc25aec-65d1-4197-8c19-a17ad8701a97]]
2026-04-26 10:07:23.954,17.072,CrossSignalRelativeStable_GT,atomic,[CrossSignalRelativeStable_GT],[1.0000],1,6,1.0000,[dt-1;dt-2;dt-3],[[efba8a82-fd81-4e76-b7f0-c7459b1e558f;8a16a635-7f09-49d0-996e-6cee12542613;1acb4989-9a0a-4a60-bc4d-557d2b1578f2;5cf645d9-5f6e-49cf-9f0b-0b8b4c9b4001;0d18ff12-b87b-4674-b680-fb956b628985;d029f5dc-7fe5-4935-bd09-4f7cb5a34817]]
2026-04-26 10:07:24.085,17.203,CrossSignalRelativeStable_GT,atomic,[CrossSignalRelativeStable_GT],[1.0000],1,6,1.0000,[dt-1;dt-2;dt-3],[[5cf645d9-5f6e-49cf-9f0b-0b8b4c9b4001;0d18ff12-b87b-4674-b680-fb956b628985;d029f5dc-7fe5-4935-bd09-4f7cb5a34817;5545931a-8375-46b5-89e7-c812b02f2919;4a6adef4-443b-48ba-bc37-387ca3064ec1;0c1b7fbd-709d-4dca-acbe-506a83368b23]]
2026-04-26 10:07:24.163,17.281,CrossSignalRelativeStable_SYS,atomic,[CrossSignalRelativeStable_SYS],[0.9802],1,6,0.9802,[dt-1;dt-2;dt-3],[[ff4424f2-e5a6-4503-acf4-425b236954ce;3e82aa35-6f0a-4f94-9686-d0680a0206a9;9bc25aec-65d1-4197-8c19-a17ad8701a97;3dffac03-a74a-49de-89ed-c476142da91d;eff84400-d6d5-4d9c-97bb-030c7317afc0;88d233a5-01a1-4104-b26f-2b0cb0f3cb4c]]
2026-04-26 10:07:24.164,17.282,CrossSignalRelativeStable_OBS,atomic,[CrossSignalRelativeStable_OBS],[1.0000],1,6,1.0000,[dt-1;dt-2;dt-3],[[ff4424f2-e5a6-4503-acf4-425b236954ce;eff84400-d6d5-4d9c-97bb-030c7317afc0;9bc25aec-65d1-4197-8c19-a17ad8701a97;8be897e9-db1c-4ee2-a91b-6343fa519abc;735387d6-530d-4659-9759-d921d5255b27;88d233a5-01a1-4104-b26f-2b0cb0f3cb4c]]
2026-04-26 10:07:24.164,17.282,CrossSignalRelativeStable_SYS,atomic,[CrossSignalRelativeStable_SYS],[0.9410],1,6,0.9410,[dt-1;dt-2;dt-3],[[3dffac03-a74a-49de-89ed-c476142da91d;eff84400-d6d5-4d9c-97bb-030c7317afc0;88d233a5-01a1-4104-b26f-2b0cb0f3cb4c;8be897e9-db1c-4ee2-a91b-6343fa519abc;baac9783-ce13-4ce5-827a-e606637222d2;7c730ed5-5d5f-48fc-8c68-020cc77527bf]]
2026-04-26 10:07:24.164,17.282,CrossSignalRelativeStable_GT,atomic,[CrossSignalRelativeStable_GT],[1.0000],1,6,1.0000,[dt-1;dt-2;dt-3],[[5545931a-8375-46b5-89e7-c812b02f2919;4a6adef4-443b-48ba-bc37-387ca3064ec1;0c1b7fbd-709d-4dca-acbe-506a83368b23;1d8232d8-f13a-4681-84a8-0d92ff47ca87;d5038ac6-1b2f-4c4a-8ce4-7324a2745b87;f6483694-c50c-43e6-96d6-34de7dd9bc0b]]
2026-04-26 10:07:24.286,17.404,CrossSignalRelativeStable_GT,atomic,[CrossSignalRelativeStable_GT],[1.0000],1,6,1.0000,[dt-1;dt-2;dt-3],[[1d8232d8-f13a-4681-84a8-0d92ff47ca87;d5038ac6-1b2f-4c4a-8ce4-7324a2745b87;f6483694-c50c-43e6-96d6-34de7dd9bc0b;0ba10ee2-7a61-4c5f-9272-7b6cea76817d;ade4b4b7-08da-4b7c-95cf-fa26824e67d3;d565c833-888b-4c43-baa5-fb2f6af39aa9]]
2026-04-26 10:07:24.386,17.504,CrossSignalRelativeStable_SYS,atomic,[CrossSignalRelativeStable_SYS],[0.9608],1,6,0.9608,[dt-1;dt-2;dt-3],[[8be897e9-db1c-4ee2-a91b-6343fa519abc;baac9783-ce13-4ce5-827a-e606637222d2;7c730ed5-5d5f-48fc-8c68-020cc77527bf;397e9316-9241-49d2-a91f-4f5b35e7373f;5de87032-d3a5-481d-b358-7a0bcbc6f8dd;37a0ff55-71f7-44e2-843c-6aaaced96bae]]
2026-04-26 10:07:24.386,17.504,CrossSignalRelativeStable_OBS,atomic,[CrossSignalRelativeStable_OBS],[1.0000],1,6,1.0000,[dt-1;dt-2;dt-3],[[8be897e9-db1c-4ee2-a91b-6343fa519abc;735387d6-530d-4659-9759-d921d5255b27;88d233a5-01a1-4104-b26f-2b0cb0f3cb4c;397e9316-9241-49d2-a91f-4f5b35e7373f;5de87032-d3a5-481d-b358-7a0bcbc6f8dd;37a0ff55-71f7-44e2-843c-6aaaced96bae]]
2026-04-26 10:07:24.408,17.526,CrossSignalRelativeStable_GT,atomic,[CrossSignalRelativeStable_GT],[1.0000],1,6,1.0000,[dt-1;dt-2;dt-3],[[0ba10ee2-7a61-4c5f-9272-7b6cea76817d;ade4b4b7-08da-4b7c-95cf-fa26824e67d3;d565c833-888b-4c43-baa5-fb2f6af39aa9;eb894700-5172-4182-8cee-e8a06351ac1b;51014081-21e8-4bbb-a1ec-4c334996d2d2;538f081e-5891-4f57-a2e6-6110249da555]]
2026-04-26 10:07:24.520,17.638,CrossSignalRelativeStable_GT,atomic,[CrossSignalRelativeStable_GT],[1.0000],1,6,1.0000,[dt-1;dt-2;dt-3],[[eb894700-5172-4182-8cee-e8a06351ac1b;51014081-21e8-4bbb-a1ec-4c334996d2d2;538f081e-5891-4f57-a2e6-6110249da555;bff79d3a-2257-44c4-87b6-01036f83daf9;9e57fe71-d696-4060-8439-e502725cca06;0b871d0d-2f0c-4606-9f77-2b00b2ae6e2c]]
2026-04-26 10:07:24.608,17.726,CrossSignalRelativeStable_SYS,atomic,[CrossSignalRelativeStable_SYS],[0.9606],1,6,0.9606,[dt-1;dt-2;dt-3],[[397e9316-9241-49d2-a91f-4f5b35e7373f;5de87032-d3a5-481d-b358-7a0bcbc6f8dd;37a0ff55-71f7-44e2-843c-6aaaced96bae;1a8e5964-a045-4d6e-83ee-b319291cc06d;aeecd3c2-b8a3-4e66-8e93-b13b5885310c;61542eaf-dee0-40d1-b886-583d65611a99]]
2026-04-26 10:07:24.621,17.739,CrossSignalRelativeStable_GT,atomic,[CrossSignalRelativeStable_GT],[1.0000],1,6,1.0000,[dt-1;dt-2;dt-3],[[bff79d3a-2257-44c4-87b6-01036f83daf9;9e57fe71-d696-4060-8439-e502725cca06;0b871d0d-2f0c-4606-9f77-2b00b2ae6e2c;2ea58092-5e87-4c7b-9095-a60eb21b7f4b;09dc83ef-ebef-4084-8b9f-5321ee1d7c5d;366e8a48-fcbe-40c8-ac07-950c4d9a50bd]]
2026-04-26 10:07:24.719,17.837,CrossSignalRelativeStable_SYS,atomic,[CrossSignalRelativeStable_SYS],[0.8547],1,6,0.8547,[dt-1;dt-2;dt-3],[[373df62e-966a-40e4-80b3-2dd54adbeda9;b73241b3-05d9-4cae-9733-79b2e9249520;c997a34e-4592-4382-b07b-9f6eb4e46266;e80ef05c-343b-4659-b7b4-a734d0dfff49;5991cdcd-1cb9-455d-9cb7-e91c02e4e6f9;38d677f6-b0dc-4f91-a0b1-ed4da07e8fa7]]
2026-04-26 10:07:24.719,17.837,CrossSignalRelativeStable_GT,atomic,[CrossSignalRelativeStable_GT],[1.0000],1,6,1.0000,[dt-1;dt-2;dt-3],[[2ea58092-5e87-4c7b-9095-a60eb21b7f4b;09dc83ef-ebef-4084-8b9f-5321ee1d7c5d;366e8a48-fcbe-40c8-ac07-950c4d9a50bd;7addccf8-cd0e-447d-ab75-f652654c454f;5f3fc952-842f-404f-929a-26565829de23;3d720a58-5973-4fa9-8fe9-efcab975dae3]]
2026-04-26 10:07:24.851,17.969,CrossSignalRelativeStable_GT,atomic,[CrossSignalRelativeStable_GT],[1.0000],1,6,1.0000,[dt-1;dt-2;dt-3],[[7addccf8-cd0e-447d-ab75-f652654c454f;5f3fc952-842f-404f-929a-26565829de23;3d720a58-5973-4fa9-8fe9-efcab975dae3;985f345a-a2ee-4624-87d9-f7362ae952cd;76672b93-d37a-4e0b-9767-3b8d2dc3bcb7;9b15b4b8-17d4-438e-b8be-058633f010c7]]
2026-04-26 10:07:24.937,18.055,CrossSignalRelativeStable_OBS,atomic,[CrossSignalRelativeStable_OBS],[1.0000],1,6,1.0000,[dt-1;dt-2;dt-3],[[397e9316-9241-49d2-a91f-4f5b35e7373f;5de87032-d3a5-481d-b358-7a0bcbc6f8dd;37a0ff55-71f7-44e2-843c-6aaaced96bae;1a8e5964-a045-4d6e-83ee-b319291cc06d;7a4b932b-ef2b-44ae-b1c8-93c05c29f816;38d677f6-b0dc-4f91-a0b1-ed4da07e8fa7]]
2026-04-26 10:07:24.938,18.056,CrossSignalRelativeStable_SYS,atomic,[CrossSignalRelativeStable_SYS],[0.8127],1,6,0.8127,[dt-1;dt-2;dt-3],[[e80ef05c-343b-4659-b7b4-a734d0dfff49;5991cdcd-1cb9-455d-9cb7-e91c02e4e6f9;38d677f6-b0dc-4f91-a0b1-ed4da07e8fa7;3b4736c0-66b2-4b40-b616-82b848374197;85aba05e-7547-434f-8858-9ca12336e741;ebfef16d-9951-47f8-9e85-0b3f057a3330]]
2026-04-26 10:07:24.961,18.079,CrossSignalRelativeStable_GT,atomic,[CrossSignalRelativeStable_GT],[1.0000],1,6,1.0000,[dt-1;dt-2;dt-3],[[985f345a-a2ee-4624-87d9-f7362ae952cd;76672b93-d37a-4e0b-9767-3b8d2dc3bcb7;9b15b4b8-17d4-438e-b8be-058633f010c7;8bad6764-2dd4-4bb1-b112-882d53afa30d;a16d347a-4c75-42b8-8f34-a870401edf69;6d30100d-d9f3-4495-8d82-c16e0d2ea21d]]
2026-04-26 10:07:25.054,18.172,CrossSignalRelativeStable_GT,atomic,[CrossSignalRelativeStable_GT],[1.0000],1,6,1.0000,[dt-1;dt-2;dt-3],[[8bad6764-2dd4-4bb1-b112-882d53afa30d;a16d347a-4c75-42b8-8f34-a870401edf69;6d30100d-d9f3-4495-8d82-c16e0d2ea21d;757ec46b-fa51-41aa-9d43-322d38fd4341;36f36606-c523-465d-b24f-b7a257e6c4cb;92887a1b-36c2-4bd1-b5d8-c11a6aa3123e]]
2026-04-26 10:07:25.159,18.277,CrossSignalRelativeStable_SYS,atomic,[CrossSignalRelativeStable_SYS],[0.8445],1,6,0.8445,[dt-1;dt-2;dt-3],[[3b4736c0-66b2-4b40-b616-82b848374197;85aba05e-7547-434f-8858-9ca12336e741;ebfef16d-9951-47f8-9e85-0b3f057a3330;8e6aece0-985e-44fa-b324-736f9023bd89;a7965878-192c-4e4b-8b73-938b2876d90b;f10a7fbc-a3af-401b-8c16-622390944f8f]]
2026-04-26 10:07:25.185,18.303,CrossSignalRelativeStable_GT,atomic,[CrossSignalRelativeStable_GT],[1.0000],1,6,1.0000,[dt-1;dt-2;dt-3],[[757ec46b-fa51-41aa-9d43-322d38fd4341;36f36606-c523-465d-b24f-b7a257e6c4cb;92887a1b-36c2-4bd1-b5d8-c11a6aa3123e;9707617f-be50-429a-96c4-3289937e67b4;2be39d7b-3b17-4a76-8a8c-5248b511f1d2;fd37f221-ef4e-427b-94b0-ed0bee23ba82]]
2026-04-26 10:07:25.269,18.387,CrossSignalRelativeStable_OBS,atomic,[CrossSignalRelativeStable_OBS],[1.0000],1,6,1.0000,[dt-1;dt-2;dt-3],[[1a8e5964-a045-4d6e-83ee-b319291cc06d;7a4b932b-ef2b-44ae-b1c8-93c05c29f816;38d677f6-b0dc-4f91-a0b1-ed4da07e8fa7;8e6aece0-985e-44fa-b324-736f9023bd89;b5bfb0c7-6ab7-4aa1-bbac-c8114a5c3fab;8fe8a424-3823-47ed-b921-77e0e0df9d16]]
2026-04-26 10:07:25.272,18.390,CrossSignalRelativeStable_SYS,atomic,[CrossSignalRelativeStable_SYS],[0.9800],1,6,0.9800,[dt-1;dt-2;dt-3],[[8e6aece0-985e-44fa-b324-736f9023bd89;a7965878-192c-4e4b-8b73-938b2876d90b;f10a7fbc-a3af-401b-8c16-622390944f8f;1c7541b2-0a96-4c90-a4ae-3d1b38c4ed50;b5bfb0c7-6ab7-4aa1-bbac-c8114a5c3fab;974c885c-3ea0-42ce-b1c6-2e1bdeb4eb1a]]
2026-04-26 10:07:25.277,18.395,CrossSignalRelativeStable_GT,atomic,[CrossSignalRelativeStable_GT],[1.0000],1,6,1.0000,[dt-1;dt-2;dt-3],[[9707617f-be50-429a-96c4-3289937e67b4;2be39d7b-3b17-4a76-8a8c-5248b511f1d2;fd37f221-ef4e-427b-94b0-ed0bee23ba82;58f2341f-3c8b-4179-9d07-56898d99baf3;ab9ceb53-ee77-4724-9153-7d123fae8f31;efa0009f-29a6-4e0a-a038-1ccf34c2a686]]
2026-04-26 10:07:25.396,18.514,CrossSignalRelativeStable_GT,atomic,[CrossSignalRelativeStable_GT],[1.0000],1,6,1.0000,[dt-1;dt-2;dt-3],[[58f2341f-3c8b-4179-9d07-56898d99baf3;ab9ceb53-ee77-4724-9153-7d123fae8f31;efa0009f-29a6-4e0a-a038-1ccf34c2a686;31b084b0-13dc-4295-a419-d4c66a8b4b73;c797e2de-e901-4985-8eed-fb15cd0e3508;45d7e0e6-69eb-471b-a5e0-2538eb7cc08a]]
2026-04-26 10:07:25.495,18.613,CrossSignalRelativeStable_SYS,atomic,[CrossSignalRelativeStable_SYS],[0.9607],1,6,0.9607,[dt-1;dt-2;dt-3],[[1c7541b2-0a96-4c90-a4ae-3d1b38c4ed50;b5bfb0c7-6ab7-4aa1-bbac-c8114a5c3fab;974c885c-3ea0-42ce-b1c6-2e1bdeb4eb1a;4cd167a0-d111-4657-b019-17caf4efc5e9;17970160-579a-4d31-af2e-5ff2b2ba709d;260b57e8-e60a-4851-97bb-975a5c2baa85]]
2026-04-26 10:07:25.495,18.613,CrossSignalRelativeStable_OBS,atomic,[CrossSignalRelativeStable_OBS],[1.0000],1,6,1.0000,[dt-1;dt-2;dt-3],[[8e6aece0-985e-44fa-b324-736f9023bd89;b5bfb0c7-6ab7-4aa1-bbac-c8114a5c3fab;8fe8a424-3823-47ed-b921-77e0e0df9d16;01a8c69a-3e72-4719-b44b-0d1521d8e657;17970160-579a-4d31-af2e-5ff2b2ba709d;974c885c-3ea0-42ce-b1c6-2e1bdeb4eb1a]]
2026-04-26 10:07:25.514,18.632,CrossSignalRelativeStable_GT,atomic,[CrossSignalRelativeStable_GT],[1.0000],1,6,1.0000,[dt-1;dt-2;dt-3],[[31b084b0-13dc-4295-a419-d4c66a8b4b73;c797e2de-e901-4985-8eed-fb15cd0e3508;45d7e0e6-69eb-471b-a5e0-2538eb7cc08a;98eb8f33-c4e3-4994-a90c-cdd899dca7bb;ef846122-f825-43b6-8433-414b5123a1fc;2e99dbbc-fa7a-4762-851d-d21851c6a67f]]
2026-04-26 10:07:25.612,18.730,CrossSignalRelativeStable_GT,atomic,[CrossSignalRelativeStable_GT],[1.0000],1,6,1.0000,[dt-1;dt-2;dt-3],[[98eb8f33-c4e3-4994-a90c-cdd899dca7bb;ef846122-f825-43b6-8433-414b5123a1fc;2e99dbbc-fa7a-4762-851d-d21851c6a67f;58bf6f8d-a32c-4e9b-a805-9012747c0f4d;da2b71e5-195f-4d3c-beb0-ea7db460747d;38b2b9ae-ef7d-4a24-9438-53c9d0e8b058]]
2026-04-26 10:07:25.613,18.731,CrossSignalRelativeStable_SYS,atomic,[CrossSignalRelativeStable_SYS],[0.9607],1,6,0.9607,[dt-1;dt-2;dt-3],[[4cd167a0-d111-4657-b019-17caf4efc5e9;17970160-579a-4d31-af2e-5ff2b2ba709d;260b57e8-e60a-4851-97bb-975a5c2baa85;82cc7eed-abb4-41aa-9a30-c510c7f73cc6;dd4b04b5-6ee6-404d-81e4-400ca3b20d84;0ec26d8a-8502-4b09-9eb4-3faa98519430]]
2026-04-26 10:07:25.613,18.731,CrossSignalRelativeStable_OBS,atomic,[CrossSignalRelativeStable_OBS],[1.0000],1,6,1.0000,[dt-1;dt-2;dt-3],[[01a8c69a-3e72-4719-b44b-0d1521d8e657;17970160-579a-4d31-af2e-5ff2b2ba709d;974c885c-3ea0-42ce-b1c6-2e1bdeb4eb1a;82cc7eed-abb4-41aa-9a30-c510c7f73cc6;dd4b04b5-6ee6-404d-81e4-400ca3b20d84;0ec26d8a-8502-4b09-9eb4-3faa98519430]]
2026-04-26 10:07:25.734,18.852,CrossSignalRelativeStable_GT,atomic,[CrossSignalRelativeStable_GT],[1.0000],1,6,1.0000,[dt-1;dt-2;dt-3],[[58bf6f8d-a32c-4e9b-a805-9012747c0f4d;da2b71e5-195f-4d3c-beb0-ea7db460747d;38b2b9ae-ef7d-4a24-9438-53c9d0e8b058;d258f0e2-3b42-4d58-8037-738e65619e98;b6b515b9-b2b4-4348-8f2b-a23d8a53c338;2028a14e-f501-4064-870a-8dec5e2521a3]]
2026-04-26 10:07:25.828,18.946,CrossSignalRelativeStable_SYS,atomic,[CrossSignalRelativeStable_SYS],[0.9946],1,6,0.9946,[dt-1;dt-2;dt-3],[[82cc7eed-abb4-41aa-9a30-c510c7f73cc6;dd4b04b5-6ee6-404d-81e4-400ca3b20d84;0ec26d8a-8502-4b09-9eb4-3faa98519430;bf903f5d-7f5f-4d19-966f-643675dc9e6e;baac065f-574b-4778-af82-073de5f7a590;7f94f82a-210d-471e-9f20-82964c3494d6]]
2026-04-26 10:07:25.853,18.971,CrossSignalRelativeStable_GT,atomic,[CrossSignalRelativeStable_GT],[1.0000],1,6,1.0000,[dt-1;dt-2;dt-3],[[d258f0e2-3b42-4d58-8037-738e65619e98;b6b515b9-b2b4-4348-8f2b-a23d8a53c338;2028a14e-f501-4064-870a-8dec5e2521a3;08d4123f-d46a-47ed-bd3e-e943f7734537;a0b305c6-b9b0-4bbb-8c65-4449df93d74b;7ad54849-f0a8-4112-8f54-357bc31d6fdf]]
2026-04-26 10:07:25.934,19.052,CrossSignalRelativeStable_SYS,atomic,[CrossSignalRelativeStable_SYS],[0.9706],1,6,0.9706,[dt-1;dt-2;dt-3],[[bf903f5d-7f5f-4d19-966f-643675dc9e6e;baac065f-574b-4778-af82-073de5f7a590;7f94f82a-210d-471e-9f20-82964c3494d6;0f5374bd-378c-4e0e-bc83-79bc28cdb868;446949e3-4ba2-4735-acd1-a833d61a1004;93d7f2e1-a826-48e3-a921-06da09ce2f80]]
2026-04-26 10:07:25.941,19.059,CrossSignalRelativeStable_GT,atomic,[CrossSignalRelativeStable_GT],[1.0000],1,6,1.0000,[dt-1;dt-2;dt-3],[[08d4123f-d46a-47ed-bd3e-e943f7734537;a0b305c6-b9b0-4bbb-8c65-4449df93d74b;7ad54849-f0a8-4112-8f54-357bc31d6fdf;719f683d-8f2e-4bf5-9edd-195c3356864d;69d7dda0-0e0f-4148-ac44-019edbce1f0f;45b3b3f0-f98a-4f5b-aa54-40bd59ed1481]]
2026-04-26 10:07:26.045,19.163,CrossSignalRelativeStable_SYS,atomic,[CrossSignalRelativeStable_SYS],[0.9374],1,6,0.9374,[dt-1;dt-2;dt-3],[[0f5374bd-378c-4e0e-bc83-79bc28cdb868;446949e3-4ba2-4735-acd1-a833d61a1004;93d7f2e1-a826-48e3-a921-06da09ce2f80;2a138b23-79df-436e-9140-6bf83c954114;05558227-f40a-44f3-82d7-ba2a7896cb3c;5c35f24f-5eb7-45c2-a1b5-18448fd830bd]]
2026-04-26 10:07:26.062,19.180,CrossSignalRelativeStable_GT,atomic,[CrossSignalRelativeStable_GT],[1.0000],1,6,1.0000,[dt-1;dt-2;dt-3],[[719f683d-8f2e-4bf5-9edd-195c3356864d;69d7dda0-0e0f-4148-ac44-019edbce1f0f;45b3b3f0-f98a-4f5b-aa54-40bd59ed1481;7d40392c-a1ac-4d69-bdad-bfeb33a78e4f;b50cada2-4fc3-4478-a78c-d724c81f6fb0;a2ff9e0b-de79-46d4-a8ba-982d697ea9c5]]
2026-04-26 10:07:26.156,19.274,CrossSignalRelativeStable_SYS,atomic,[CrossSignalRelativeStable_SYS],[0.9110],1,6,0.9110,[dt-1;dt-2;dt-3],[[2a138b23-79df-436e-9140-6bf83c954114;05558227-f40a-44f3-82d7-ba2a7896cb3c;5c35f24f-5eb7-45c2-a1b5-18448fd830bd;05fbaca4-1f83-4240-9566-324471348342;f32ce960-630c-4e4a-bee0-e210206d139f;d80e686a-4d58-439a-8694-f95b6efa7026]]
2026-04-26 10:07:26.174,19.292,CrossSignalRelativeStable_GT,atomic,[CrossSignalRelativeStable_GT],[1.0000],1,6,1.0000,[dt-1;dt-2;dt-3],[[7d40392c-a1ac-4d69-bdad-bfeb33a78e4f;b50cada2-4fc3-4478-a78c-d724c81f6fb0;a2ff9e0b-de79-46d4-a8ba-982d697ea9c5;e47869e1-cd78-4aaa-9d1f-6b4bee13f06e;79603c04-d7ec-46ac-9f6c-796bbc0c1583;96a89c8e-63ef-40d3-9b6b-e7d4c80ec602]]
2026-04-26 10:07:26.269,19.387,CrossSignalRelativeStable_SYS,atomic,[CrossSignalRelativeStable_SYS],[0.8896],1,6,0.8896,[dt-1;dt-2;dt-3],[[05fbaca4-1f83-4240-9566-324471348342;f32ce960-630c-4e4a-bee0-e210206d139f;d80e686a-4d58-439a-8694-f95b6efa7026;941b240d-8545-4a3c-b5c7-9f767d4c8bf9;6ef0342e-d14d-4dc0-a53b-fd996c59b154;ec013d20-48c7-4cbd-b610-a87c9b90e9f9]]
2026-04-26 10:07:26.288,19.406,CrossSignalRelativeStable_GT,atomic,[CrossSignalRelativeStable_GT],[1.0000],1,6,1.0000,[dt-1;dt-2;dt-3],[[e47869e1-cd78-4aaa-9d1f-6b4bee13f06e;79603c04-d7ec-46ac-9f6c-796bbc0c1583;96a89c8e-63ef-40d3-9b6b-e7d4c80ec602;be7fa795-1ae9-483a-8375-6df64885c51f;c47fc5be-c529-47a7-86f1-d6479df284a4;92dddd89-ee33-45e4-9553-8c932d7e7a68]]
2026-04-26 10:07:26.374,19.492,CrossSignalRelativeStable_OBS,atomic,[CrossSignalRelativeStable_OBS],[1.0000],1,6,1.0000,[dt-1;dt-2;dt-3],[[82cc7eed-abb4-41aa-9a30-c510c7f73cc6;dd4b04b5-6ee6-404d-81e4-400ca3b20d84;0ec26d8a-8502-4b09-9eb4-3faa98519430;bf903f5d-7f5f-4d19-966f-643675dc9e6e;baac065f-574b-4778-af82-073de5f7a590;198c9aae-668b-49c1-9408-3c5126a37b4a]]
2026-04-26 10:07:26.397,19.515,CrossSignalRelativeStable_GT,atomic,[CrossSignalRelativeStable_GT],[1.0000],1,6,1.0000,[dt-1;dt-2;dt-3],[[be7fa795-1ae9-483a-8375-6df64885c51f;c47fc5be-c529-47a7-86f1-d6479df284a4;92dddd89-ee33-45e4-9553-8c932d7e7a68;feed6612-8f97-4c3b-afe7-c604f011f3be;e34cfb18-2725-4465-844c-b6eabda84129;ec7b600e-cfae-43d2-9a49-9ec9d4f3324b]]
2026-04-26 10:07:26.487,19.605,CrossSignalRelativeStable_SYS,atomic,[CrossSignalRelativeStable_SYS],[0.9199],1,6,0.9199,[dt-1;dt-2;dt-3],[[941b240d-8545-4a3c-b5c7-9f767d4c8bf9;6ef0342e-d14d-4dc0-a53b-fd996c59b154;ec013d20-48c7-4cbd-b610-a87c9b90e9f9;6ad605ea-ea47-4c85-a23e-14c132d0de19;bdf76ec8-89fa-46c5-a377-73ad5c0fc631;198c9aae-668b-49c1-9408-3c5126a37b4a]]
2026-04-26 10:07:26.487,19.605,CrossSignalDivergence_SYS,atomic,[CrossSignalDivergence_SYS],[0.9199],1,6,0.9199,[dt-1;dt-2;dt-3],[[941b240d-8545-4a3c-b5c7-9f767d4c8bf9;6ef0342e-d14d-4dc0-a53b-fd996c59b154;ec013d20-48c7-4cbd-b610-a87c9b90e9f9;6ad605ea-ea47-4c85-a23e-14c132d0de19;bdf76ec8-89fa-46c5-a377-73ad5c0fc631;198c9aae-668b-49c1-9408-3c5126a37b4a]]
2026-04-26 10:07:26.493,19.611,CrossSignalRelativeStable_GT,atomic,[CrossSignalRelativeStable_GT],[1.0000],1,6,1.0000,[dt-1;dt-2;dt-3],[[feed6612-8f97-4c3b-afe7-c604f011f3be;e34cfb18-2725-4465-844c-b6eabda84129;ec7b600e-cfae-43d2-9a49-9ec9d4f3324b;b99a653e-da73-4a47-bb04-bb30c15084c2;b13a5904-9eb3-4578-aa62-b40e193faae3;0704db88-94ff-411a-9ea6-ff1a57b900cb]]
2026-04-26 10:07:26.493,19.611,CrossSignalDivergence_GT,atomic,[CrossSignalDivergence_GT],[1.0000],1,6,1.0000,[dt-1;dt-2;dt-3],[[feed6612-8f97-4c3b-afe7-c604f011f3be;e34cfb18-2725-4465-844c-b6eabda84129;ec7b600e-cfae-43d2-9a49-9ec9d4f3324b;b99a653e-da73-4a47-bb04-bb30c15084c2;b13a5904-9eb3-4578-aa62-b40e193faae3;0704db88-94ff-411a-9ea6-ff1a57b900cb]]
2026-04-26 10:07:26.594,19.712,CrossSignalRelativeStable_OBS,atomic,[CrossSignalRelativeStable_OBS],[1.0000],1,6,1.0000,[dt-1;dt-2;dt-3],[[bf903f5d-7f5f-4d19-966f-643675dc9e6e;baac065f-574b-4778-af82-073de5f7a590;198c9aae-668b-49c1-9408-3c5126a37b4a;6ad605ea-ea47-4c85-a23e-14c132d0de19;4e07899e-6dfe-49c1-b6cd-5370dc139896;3f652956-aab6-41d2-b01e-4ab603aa55a9]]
2026-04-26 10:07:26.595,19.713,CrossSignalDivergence_OBS,atomic,[CrossSignalDivergence_OBS],[1.0000],1,6,1.0000,[dt-1;dt-2;dt-3],[[bf903f5d-7f5f-4d19-966f-643675dc9e6e;baac065f-574b-4778-af82-073de5f7a590;198c9aae-668b-49c1-9408-3c5126a37b4a;6ad605ea-ea47-4c85-a23e-14c132d0de19;4e07899e-6dfe-49c1-b6cd-5370dc139896;3f652956-aab6-41d2-b01e-4ab603aa55a9]]
2026-04-26 10:07:26.605,19.723,CrossSignalRelativeStable_GT,atomic,[CrossSignalRelativeStable_GT],[1.0000],1,6,1.0000,[dt-1;dt-2;dt-3],[[b99a653e-da73-4a47-bb04-bb30c15084c2;b13a5904-9eb3-4578-aa62-b40e193faae3;0704db88-94ff-411a-9ea6-ff1a57b900cb;cc71217a-cf19-415c-8ed7-fbd94c566c84;96c2ad46-2f8f-476a-af8f-a0bf22af16f2;079bfe47-3eb6-4cf6-bac7-fafab88f7219]]
2026-04-26 10:07:26.706,19.824,CrossSignalRelativeStable_SYS,atomic,[CrossSignalRelativeStable_SYS],[0.9603],1,6,0.9603,[dt-1;dt-2;dt-3],[[6ad605ea-ea47-4c85-a23e-14c132d0de19;bdf76ec8-89fa-46c5-a377-73ad5c0fc631;198c9aae-668b-49c1-9408-3c5126a37b4a;76a14fa0-aff6-4a13-b153-e7d58264b1a8;4e07899e-6dfe-49c1-b6cd-5370dc139896;3f652956-aab6-41d2-b01e-4ab603aa55a9]]
2026-04-26 10:07:26.706,19.824,CrossSignalDivergence_SYS,atomic,[CrossSignalDivergence_SYS],[0.9603],1,6,0.9603,[dt-1;dt-2;dt-3],[[6ad605ea-ea47-4c85-a23e-14c132d0de19;bdf76ec8-89fa-46c5-a377-73ad5c0fc631;198c9aae-668b-49c1-9408-3c5126a37b4a;76a14fa0-aff6-4a13-b153-e7d58264b1a8;4e07899e-6dfe-49c1-b6cd-5370dc139896;3f652956-aab6-41d2-b01e-4ab603aa55a9]]
2026-04-26 10:07:26.713,19.831,CrossSignalRelativeStable_GT,atomic,[CrossSignalRelativeStable_GT],[1.0000],1,6,1.0000,[dt-1;dt-2;dt-3],[[cc71217a-cf19-415c-8ed7-fbd94c566c84;96c2ad46-2f8f-476a-af8f-a0bf22af16f2;079bfe47-3eb6-4cf6-bac7-fafab88f7219;e1eb8116-5fb1-4d25-ae01-e11acdeb42a9;adbd313c-d3aa-44dc-a5cd-7183ba398dfd;067ea146-27ca-4c1a-8ed2-a21240f77bc7]]
2026-04-26 10:07:26.819,19.937,CrossSignalRelativeStable_OBS,atomic,[CrossSignalRelativeStable_OBS],[1.0000],1,6,1.0000,[dt-1;dt-2;dt-3],[[6ad605ea-ea47-4c85-a23e-14c132d0de19;4e07899e-6dfe-49c1-b6cd-5370dc139896;3f652956-aab6-41d2-b01e-4ab603aa55a9;0fa375e6-91a0-4619-b88e-c872e57012a5;94c3fdae-b8fe-42f0-9144-79cab8ffadfc;3776f79a-0dca-436d-a8a9-39804866d56d]]
2026-04-26 10:07:26.847,19.965,CrossSignalRelativeStable_GT,atomic,[CrossSignalRelativeStable_GT],[1.0000],1,6,1.0000,[dt-1;dt-2;dt-3],[[e1eb8116-5fb1-4d25-ae01-e11acdeb42a9;adbd313c-d3aa-44dc-a5cd-7183ba398dfd;067ea146-27ca-4c1a-8ed2-a21240f77bc7;a2fbfbe1-52e5-46b7-aa92-173972b0a0f4;6a441beb-2b2c-40e9-a867-b76c7883d5a5;49c204d4-ded4-493a-865f-cfda1c0557ee]]
2026-04-26 10:07:26.928,20.046,CrossSignalRelativeStable_SYS,atomic,[CrossSignalRelativeStable_SYS],[0.9804],1,6,0.9804,[dt-1;dt-2;dt-3],[[76a14fa0-aff6-4a13-b153-e7d58264b1a8;4e07899e-6dfe-49c1-b6cd-5370dc139896;3f652956-aab6-41d2-b01e-4ab603aa55a9;0fa375e6-91a0-4619-b88e-c872e57012a5;3832ae59-6306-44df-916d-3ceb013bb047;a46394f3-a1be-4bed-bed1-902ebf165475]]
2026-04-26 10:07:26.946,20.064,CrossSignalRelativeStable_GT,atomic,[CrossSignalRelativeStable_GT],[1.0000],1,6,1.0000,[dt-1;dt-2;dt-3],[[a2fbfbe1-52e5-46b7-aa92-173972b0a0f4;6a441beb-2b2c-40e9-a867-b76c7883d5a5;49c204d4-ded4-493a-865f-cfda1c0557ee;376a7b04-8a59-4fb0-9d5c-7c963b6cab0d;a4cb5d84-b59d-4949-b80e-b654c3fa14da;7f661f95-a1aa-4c8b-8afc-78223f89e040]]
2026-04-26 10:07:27.038,20.156,CrossSignalRelativeStable_OBS,atomic,[CrossSignalRelativeStable_OBS],[1.0000],1,6,1.0000,[dt-1;dt-2;dt-3],[[0fa375e6-91a0-4619-b88e-c872e57012a5;94c3fdae-b8fe-42f0-9144-79cab8ffadfc;3776f79a-0dca-436d-a8a9-39804866d56d;b7c1ee99-2393-47b0-85d2-a5c18c178c7e;49e203b2-fa9f-43f4-8035-0bce1f8df880;09d72c4c-b9f7-48dd-adf6-2df4f7941b39]]
2026-04-26 10:07:27.062,20.180,CrossSignalRelativeStable_GT,atomic,[CrossSignalRelativeStable_GT],[1.0000],1,6,1.0000,[dt-1;dt-2;dt-3],[[376a7b04-8a59-4fb0-9d5c-7c963b6cab0d;a4cb5d84-b59d-4949-b80e-b654c3fa14da;7f661f95-a1aa-4c8b-8afc-78223f89e040;5a7cf20a-9556-47fa-90ae-f3227623b7b3;8970425c-44ab-4582-8fdd-fa65b669d1d1;bd4ffd83-c774-40d3-b6c3-bd335a6a836a]]
2026-04-26 10:07:27.152,20.270,CrossSignalRelativeStable_SYS,atomic,[CrossSignalRelativeStable_SYS],[0.9804],1,6,0.9804,[dt-1;dt-2;dt-3],[[0fa375e6-91a0-4619-b88e-c872e57012a5;3832ae59-6306-44df-916d-3ceb013bb047;a46394f3-a1be-4bed-bed1-902ebf165475;22cea22b-dfef-4037-893d-f01773cb7f35;49e203b2-fa9f-43f4-8035-0bce1f8df880;aae51250-80fa-428b-b51a-25968eefcd77]]
2026-04-26 10:07:27.175,20.293,CrossSignalRelativeStable_GT,atomic,[CrossSignalRelativeStable_GT],[1.0000],1,6,1.0000,[dt-1;dt-2;dt-3],[[5a7cf20a-9556-47fa-90ae-f3227623b7b3;8970425c-44ab-4582-8fdd-fa65b669d1d1;bd4ffd83-c774-40d3-b6c3-bd335a6a836a;cdaa4b79-ea2f-4d15-aeca-2beb100e8017;9ba9fdb7-20f6-49fa-9955-cacb8551a2cd;cddc6768-6445-403d-965f-0e951a69c0c3]]
2026-04-26 10:07:27.176,20.294,CrossSignalDivergence_GT,atomic,[CrossSignalDivergence_GT],[1.0000],1,6,1.0000,[dt-1;dt-2;dt-3],[[5a7cf20a-9556-47fa-90ae-f3227623b7b3;8970425c-44ab-4582-8fdd-fa65b669d1d1;bd4ffd83-c774-40d3-b6c3-bd335a6a836a;cdaa4b79-ea2f-4d15-aeca-2beb100e8017;9ba9fdb7-20f6-49fa-9955-cacb8551a2cd;cddc6768-6445-403d-965f-0e951a69c0c3]]
2026-04-26 10:07:27.260,20.378,CrossSignalRelativeStable_SYS,atomic,[CrossSignalRelativeStable_SYS],[0.9435],1,6,0.9435,[dt-1;dt-2;dt-3],[[22cea22b-dfef-4037-893d-f01773cb7f35;49e203b2-fa9f-43f4-8035-0bce1f8df880;aae51250-80fa-428b-b51a-25968eefcd77;2f09ea45-da46-4885-84b6-882cb17d1f66;d20223d6-4500-4171-acfa-0b47ec96472d;2a144492-2d13-4ede-a1c1-acf924dbf6d4]]
2026-04-26 10:07:27.260,20.378,CrossSignalDivergence_SYS,atomic,[CrossSignalDivergence_SYS],[0.9435],1,6,0.9435,[dt-1;dt-2;dt-3],[[22cea22b-dfef-4037-893d-f01773cb7f35;49e203b2-fa9f-43f4-8035-0bce1f8df880;aae51250-80fa-428b-b51a-25968eefcd77;2f09ea45-da46-4885-84b6-882cb17d1f66;d20223d6-4500-4171-acfa-0b47ec96472d;2a144492-2d13-4ede-a1c1-acf924dbf6d4]]
2026-04-26 10:07:27.272,20.390,CrossSignalRelativeStable_OBS,atomic,[CrossSignalRelativeStable_OBS],[1.0000],1,6,1.0000,[dt-1;dt-2;dt-3],[[b7c1ee99-2393-47b0-85d2-a5c18c178c7e;49e203b2-fa9f-43f4-8035-0bce1f8df880;09d72c4c-b9f7-48dd-adf6-2df4f7941b39;22cea22b-dfef-4037-893d-f01773cb7f35;d20223d6-4500-4171-acfa-0b47ec96472d;cebd40b9-f2e1-4a72-a35a-61b5c2a8ef69]]
2026-04-26 10:07:27.272,20.390,CrossSignalDivergence_OBS,atomic,[CrossSignalDivergence_OBS],[1.0000],1,6,1.0000,[dt-1;dt-2;dt-3],[[b7c1ee99-2393-47b0-85d2-a5c18c178c7e;49e203b2-fa9f-43f4-8035-0bce1f8df880;09d72c4c-b9f7-48dd-adf6-2df4f7941b39;22cea22b-dfef-4037-893d-f01773cb7f35;d20223d6-4500-4171-acfa-0b47ec96472d;cebd40b9-f2e1-4a72-a35a-61b5c2a8ef69]]
2026-04-26 10:07:27.279,20.397,CrossSignalRelativeStable_GT,atomic,[CrossSignalRelativeStable_GT],[1.0000],1,6,1.0000,[dt-1;dt-2;dt-3],[[cdaa4b79-ea2f-4d15-aeca-2beb100e8017;9ba9fdb7-20f6-49fa-9955-cacb8551a2cd;cddc6768-6445-403d-965f-0e951a69c0c3;f6f061b5-186f-49ed-a8c0-3bed423376da;9e2c360c-b08b-4e5a-bdbb-d5c8f6d0f3f5;558628a6-f34f-4cb7-b7c2-00e2330e4a95]]
2026-04-26 10:07:27.279,20.397,CrossSignalDivergence_GT,atomic,[CrossSignalDivergence_GT],[1.0000],1,6,1.0000,[dt-1;dt-2;dt-3],[[cdaa4b79-ea2f-4d15-aeca-2beb100e8017;9ba9fdb7-20f6-49fa-9955-cacb8551a2cd;cddc6768-6445-403d-965f-0e951a69c0c3;f6f061b5-186f-49ed-a8c0-3bed423376da;9e2c360c-b08b-4e5a-bdbb-d5c8f6d0f3f5;558628a6-f34f-4cb7-b7c2-00e2330e4a95]]
2026-04-26 10:07:27.370,20.488,CrossSignalRelativeStable_SYS,atomic,[CrossSignalRelativeStable_SYS],[0.9631],1,6,0.9631,[dt-1;dt-2;dt-3],[[2f09ea45-da46-4885-84b6-882cb17d1f66;d20223d6-4500-4171-acfa-0b47ec96472d;2a144492-2d13-4ede-a1c1-acf924dbf6d4;f5643c42-f5cc-4104-82c1-22dfc6da74d2;a0859488-e442-4a48-9b94-498ecbf65f44;cebd40b9-f2e1-4a72-a35a-61b5c2a8ef69]]
2026-04-26 10:07:27.370,20.488,CrossSignalDivergence_SYS,atomic,[CrossSignalDivergence_SYS],[0.9631],1,6,0.9631,[dt-1;dt-2;dt-3],[[2f09ea45-da46-4885-84b6-882cb17d1f66;d20223d6-4500-4171-acfa-0b47ec96472d;2a144492-2d13-4ede-a1c1-acf924dbf6d4;f5643c42-f5cc-4104-82c1-22dfc6da74d2;a0859488-e442-4a48-9b94-498ecbf65f44;cebd40b9-f2e1-4a72-a35a-61b5c2a8ef69]]
2026-04-26 10:07:27.395,20.513,CrossSignalRelativeStable_GT,atomic,[CrossSignalRelativeStable_GT],[1.0000],1,6,1.0000,[dt-1;dt-2;dt-3],[[f6f061b5-186f-49ed-a8c0-3bed423376da;9e2c360c-b08b-4e5a-bdbb-d5c8f6d0f3f5;558628a6-f34f-4cb7-b7c2-00e2330e4a95;bb08afe7-bee4-4673-ad59-d9cf27f5c1cb;4b23d383-660a-4c6c-bed2-2cb026f03979;43de1fba-cc08-49c5-a173-2a70ea00d88f]]
2026-04-26 10:07:27.395,20.513,CrossSignalDivergence_GT,atomic,[CrossSignalDivergence_GT],[1.0000],1,6,1.0000,[dt-1;dt-2;dt-3],[[f6f061b5-186f-49ed-a8c0-3bed423376da;9e2c360c-b08b-4e5a-bdbb-d5c8f6d0f3f5;558628a6-f34f-4cb7-b7c2-00e2330e4a95;bb08afe7-bee4-4673-ad59-d9cf27f5c1cb;4b23d383-660a-4c6c-bed2-2cb026f03979;43de1fba-cc08-49c5-a173-2a70ea00d88f]]
2026-04-26 10:07:27.483,20.601,CrossSignalRelativeStable_SYS,atomic,[CrossSignalRelativeStable_SYS],[0.9796],1,6,0.9796,[dt-1;dt-2;dt-3],[[f5643c42-f5cc-4104-82c1-22dfc6da74d2;a0859488-e442-4a48-9b94-498ecbf65f44;cebd40b9-f2e1-4a72-a35a-61b5c2a8ef69;98a936ed-09e2-4b33-8fb9-396dd31b61b1;430ba254-498b-4bb5-96ce-4b42b75b77da;c3d660e2-735e-4857-955a-00da5417ea18]]
2026-04-26 10:07:27.483,20.601,CrossSignalDivergence_SYS,atomic,[CrossSignalDivergence_SYS],[0.9796],1,6,0.9796,[dt-1;dt-2;dt-3],[[f5643c42-f5cc-4104-82c1-22dfc6da74d2;a0859488-e442-4a48-9b94-498ecbf65f44;cebd40b9-f2e1-4a72-a35a-61b5c2a8ef69;98a936ed-09e2-4b33-8fb9-396dd31b61b1;430ba254-498b-4bb5-96ce-4b42b75b77da;c3d660e2-735e-4857-955a-00da5417ea18]]
2026-04-26 10:07:27.500,20.618,CrossSignalRelativeStable_GT,atomic,[CrossSignalRelativeStable_GT],[1.0000],1,6,1.0000,[dt-1;dt-2;dt-3],[[bb08afe7-bee4-4673-ad59-d9cf27f5c1cb;4b23d383-660a-4c6c-bed2-2cb026f03979;43de1fba-cc08-49c5-a173-2a70ea00d88f;266fdfa5-6452-4d15-bc33-0e98e567d9be;7f4179dd-793d-42a9-bc7a-9eaa8a4cc399;8f7d0987-e544-43b3-a13a-90667071944d]]
2026-04-26 10:07:27.500,20.618,CrossSignalDivergence_GT,atomic,[CrossSignalDivergence_GT],[1.0000],1,6,1.0000,[dt-1;dt-2;dt-3],[[bb08afe7-bee4-4673-ad59-d9cf27f5c1cb;4b23d383-660a-4c6c-bed2-2cb026f03979;43de1fba-cc08-49c5-a173-2a70ea00d88f;266fdfa5-6452-4d15-bc33-0e98e567d9be;7f4179dd-793d-42a9-bc7a-9eaa8a4cc399;8f7d0987-e544-43b3-a13a-90667071944d]]
2026-04-26 10:07:27.603,20.721,CrossSignalRelativeStable_SYS,atomic,[CrossSignalRelativeStable_SYS],[0.9796],1,6,0.9796,[dt-1;dt-2;dt-3],[[98a936ed-09e2-4b33-8fb9-396dd31b61b1;430ba254-498b-4bb5-96ce-4b42b75b77da;c3d660e2-735e-4857-955a-00da5417ea18;2c5ac53d-2878-48d8-9cc8-eb18ebe786e2;9e13379c-2145-46fe-8029-8506d8af3155;67961fe6-6fa8-405b-944a-02ce14fc6684]]
2026-04-26 10:07:27.603,20.721,CrossSignalRelativeStable_OBS,atomic,[CrossSignalRelativeStable_OBS],[1.0000],1,6,1.0000,[dt-1;dt-2;dt-3],[[22cea22b-dfef-4037-893d-f01773cb7f35;d20223d6-4500-4171-acfa-0b47ec96472d;cebd40b9-f2e1-4a72-a35a-61b5c2a8ef69;f5643c42-f5cc-4104-82c1-22dfc6da74d2;9e13379c-2145-46fe-8029-8506d8af3155;c3d660e2-735e-4857-955a-00da5417ea18]]
2026-04-26 10:07:27.603,20.721,CrossSignalDivergence_SYS,atomic,[CrossSignalDivergence_SYS],[0.9796],1,6,0.9796,[dt-1;dt-2;dt-3],[[98a936ed-09e2-4b33-8fb9-396dd31b61b1;430ba254-498b-4bb5-96ce-4b42b75b77da;c3d660e2-735e-4857-955a-00da5417ea18;2c5ac53d-2878-48d8-9cc8-eb18ebe786e2;9e13379c-2145-46fe-8029-8506d8af3155;67961fe6-6fa8-405b-944a-02ce14fc6684]]
2026-04-26 10:07:27.603,20.721,CrossSignalDivergence_OBS,atomic,[CrossSignalDivergence_OBS],[1.0000],1,6,1.0000,[dt-1;dt-2;dt-3],[[22cea22b-dfef-4037-893d-f01773cb7f35;d20223d6-4500-4171-acfa-0b47ec96472d;cebd40b9-f2e1-4a72-a35a-61b5c2a8ef69;f5643c42-f5cc-4104-82c1-22dfc6da74d2;9e13379c-2145-46fe-8029-8506d8af3155;c3d660e2-735e-4857-955a-00da5417ea18]]
2026-04-26 10:07:27.610,20.728,CrossSignalRelativeStable_GT,atomic,[CrossSignalRelativeStable_GT],[1.0000],1,6,1.0000,[dt-1;dt-2;dt-3],[[266fdfa5-6452-4d15-bc33-0e98e567d9be;7f4179dd-793d-42a9-bc7a-9eaa8a4cc399;8f7d0987-e544-43b3-a13a-90667071944d;fe5c5e58-730e-4c0f-91c5-a66c435e5414;0227a645-265c-4660-860d-9496d52cfa4f;fb59799f-86ae-433b-94e9-06cd816e67cc]]
2026-04-26 10:07:27.611,20.729,CrossSignalDivergence_GT,atomic,[CrossSignalDivergence_GT],[1.0000],1,6,1.0000,[dt-1;dt-2;dt-3],[[266fdfa5-6452-4d15-bc33-0e98e567d9be;7f4179dd-793d-42a9-bc7a-9eaa8a4cc399;8f7d0987-e544-43b3-a13a-90667071944d;fe5c5e58-730e-4c0f-91c5-a66c435e5414;0227a645-265c-4660-860d-9496d52cfa4f;fb59799f-86ae-433b-94e9-06cd816e67cc]]
2026-04-26 10:07:27.727,20.845,CrossSignalRelativeStable_GT,atomic,[CrossSignalRelativeStable_GT],[1.0000],1,6,1.0000,[dt-1;dt-2;dt-3],[[fe5c5e58-730e-4c0f-91c5-a66c435e5414;0227a645-265c-4660-860d-9496d52cfa4f;fb59799f-86ae-433b-94e9-06cd816e67cc;c0a4ad38-6ad5-4e57-8c02-18cfb90639d9;f023bd54-b965-4e9d-8d4e-fb8e499c994d;70b1a40c-aa31-4e54-a318-5719727ad09f]]
2026-04-26 10:07:27.728,20.846,CrossSignalDivergence_GT,atomic,[CrossSignalDivergence_GT],[1.0000],1,6,1.0000,[dt-1;dt-2;dt-3],[[fe5c5e58-730e-4c0f-91c5-a66c435e5414;0227a645-265c-4660-860d-9496d52cfa4f;fb59799f-86ae-433b-94e9-06cd816e67cc;c0a4ad38-6ad5-4e57-8c02-18cfb90639d9;f023bd54-b965-4e9d-8d4e-fb8e499c994d;70b1a40c-aa31-4e54-a318-5719727ad09f]]
2026-04-26 10:07:27.817,20.935,CrossSignalRelativeStable_SYS,atomic,[CrossSignalRelativeStable_SYS],[0.9943],1,6,0.9943,[dt-1;dt-2;dt-3],[[2c5ac53d-2878-48d8-9cc8-eb18ebe786e2;9e13379c-2145-46fe-8029-8506d8af3155;67961fe6-6fa8-405b-944a-02ce14fc6684;167cd5b2-3000-44c7-ad99-9733b3b33720;47e51ffa-fc47-4c8a-8c9e-23117abbdbed;b98b8879-c921-4de3-af64-9de29babada8]]
2026-04-26 10:07:27.817,20.935,CrossSignalDivergence_SYS,atomic,[CrossSignalDivergence_SYS],[0.9943],1,6,0.9943,[dt-1;dt-2;dt-3],[[2c5ac53d-2878-48d8-9cc8-eb18ebe786e2;9e13379c-2145-46fe-8029-8506d8af3155;67961fe6-6fa8-405b-944a-02ce14fc6684;167cd5b2-3000-44c7-ad99-9733b3b33720;47e51ffa-fc47-4c8a-8c9e-23117abbdbed;b98b8879-c921-4de3-af64-9de29babada8]]
2026-04-26 10:07:27.824,20.942,CrossSignalRelativeStable_GT,atomic,[CrossSignalRelativeStable_GT],[1.0000],1,6,1.0000,[dt-1;dt-2;dt-3],[[c0a4ad38-6ad5-4e57-8c02-18cfb90639d9;f023bd54-b965-4e9d-8d4e-fb8e499c994d;70b1a40c-aa31-4e54-a318-5719727ad09f;6847b9e9-7c6a-4611-8667-f06eda49f9cb;2b806ebc-0f97-4600-830d-15f3d1815014;8d807bfe-fc01-4d44-a0cf-3377c0249c2b]]
2026-04-26 10:07:27.824,20.942,CrossSignalDivergence_GT,atomic,[CrossSignalDivergence_GT],[1.0000],1,6,1.0000,[dt-1;dt-2;dt-3],[[c0a4ad38-6ad5-4e57-8c02-18cfb90639d9;f023bd54-b965-4e9d-8d4e-fb8e499c994d;70b1a40c-aa31-4e54-a318-5719727ad09f;6847b9e9-7c6a-4611-8667-f06eda49f9cb;2b806ebc-0f97-4600-830d-15f3d1815014;8d807bfe-fc01-4d44-a0cf-3377c0249c2b]]
2026-04-26 10:07:27.925,21.043,CrossSignalRelativeStable_OBS,atomic,[CrossSignalRelativeStable_OBS],[1.0000],1,6,1.0000,[dt-1;dt-2;dt-3],[[f5643c42-f5cc-4104-82c1-22dfc6da74d2;9e13379c-2145-46fe-8029-8506d8af3155;c3d660e2-735e-4857-955a-00da5417ea18;167cd5b2-3000-44c7-ad99-9733b3b33720;ad36cc8a-543d-482a-9f4f-6e9b22dd2a8a;b98b8879-c921-4de3-af64-9de29babada8]]
2026-04-26 10:07:27.925,21.043,CrossSignalDivergence_OBS,atomic,[CrossSignalDivergence_OBS],[1.0000],1,6,1.0000,[dt-1;dt-2;dt-3],[[f5643c42-f5cc-4104-82c1-22dfc6da74d2;9e13379c-2145-46fe-8029-8506d8af3155;c3d660e2-735e-4857-955a-00da5417ea18;167cd5b2-3000-44c7-ad99-9733b3b33720;ad36cc8a-543d-482a-9f4f-6e9b22dd2a8a;b98b8879-c921-4de3-af64-9de29babada8]]
2026-04-26 10:07:27.937,21.055,CrossSignalRelativeStable_GT,atomic,[CrossSignalRelativeStable_GT],[1.0000],1,6,1.0000,[dt-1;dt-2;dt-3],[[6847b9e9-7c6a-4611-8667-f06eda49f9cb;2b806ebc-0f97-4600-830d-15f3d1815014;8d807bfe-fc01-4d44-a0cf-3377c0249c2b;6ee39bd5-3f17-442b-a774-a00ed3ff6b07;94e81134-7125-421b-95f2-d94670d5f7b4;10883bf6-2f7d-46e8-bf07-f69e4c9af604]]
2026-04-26 10:07:27.938,21.056,CrossSignalDivergence_GT,atomic,[CrossSignalDivergence_GT],[1.0000],1,6,1.0000,[dt-1;dt-2;dt-3],[[6847b9e9-7c6a-4611-8667-f06eda49f9cb;2b806ebc-0f97-4600-830d-15f3d1815014;8d807bfe-fc01-4d44-a0cf-3377c0249c2b;6ee39bd5-3f17-442b-a774-a00ed3ff6b07;94e81134-7125-421b-95f2-d94670d5f7b4;10883bf6-2f7d-46e8-bf07-f69e4c9af604]]
2026-04-26 10:07:28.036,21.154,CrossSignalRelativeStable_SYS,atomic,[CrossSignalRelativeStable_SYS],[0.9746],1,6,0.9746,[dt-1;dt-2;dt-3],[[167cd5b2-3000-44c7-ad99-9733b3b33720;47e51ffa-fc47-4c8a-8c9e-23117abbdbed;b98b8879-c921-4de3-af64-9de29babada8;be7c48ce-0cf9-4503-ac4b-58c1be723893;ad36cc8a-543d-482a-9f4f-6e9b22dd2a8a;03466f91-3e21-4dc2-884f-4234fd244df7]]
2026-04-26 10:07:28.036,21.154,CrossSignalDivergence_SYS,atomic,[CrossSignalDivergence_SYS],[0.9746],1,6,0.9746,[dt-1;dt-2;dt-3],[[167cd5b2-3000-44c7-ad99-9733b3b33720;47e51ffa-fc47-4c8a-8c9e-23117abbdbed;b98b8879-c921-4de3-af64-9de29babada8;be7c48ce-0cf9-4503-ac4b-58c1be723893;ad36cc8a-543d-482a-9f4f-6e9b22dd2a8a;03466f91-3e21-4dc2-884f-4234fd244df7]]
2026-04-26 10:07:28.048,21.166,CrossSignalRelativeStable_GT,atomic,[CrossSignalRelativeStable_GT],[1.0000],1,6,1.0000,[dt-1;dt-2;dt-3],[[6ee39bd5-3f17-442b-a774-a00ed3ff6b07;94e81134-7125-421b-95f2-d94670d5f7b4;10883bf6-2f7d-46e8-bf07-f69e4c9af604;5963dbd8-1721-4a67-be6d-2247b8c15db6;d1d06fc3-f511-49a0-9fee-f6b0db9a2f35;1355a4af-8258-4ae3-8b09-ff6853b3e5a7]]
2026-04-26 10:07:28.048,21.166,CrossSignalDivergence_GT,atomic,[CrossSignalDivergence_GT],[1.0000],1,6,1.0000,[dt-1;dt-2;dt-3],[[6ee39bd5-3f17-442b-a774-a00ed3ff6b07;94e81134-7125-421b-95f2-d94670d5f7b4;10883bf6-2f7d-46e8-bf07-f69e4c9af604;5963dbd8-1721-4a67-be6d-2247b8c15db6;d1d06fc3-f511-49a0-9fee-f6b0db9a2f35;1355a4af-8258-4ae3-8b09-ff6853b3e5a7]]
2026-04-26 10:07:28.154,21.272,CrossSignalRelativeStable_SYS,atomic,[CrossSignalRelativeStable_SYS],[0.9433],1,6,0.9433,[dt-1;dt-2;dt-3],[[be7c48ce-0cf9-4503-ac4b-58c1be723893;ad36cc8a-543d-482a-9f4f-6e9b22dd2a8a;03466f91-3e21-4dc2-884f-4234fd244df7;b3104ee9-43da-47ef-9b4b-76102e383210;b069f8b3-c552-442c-9bdb-d6584194f77a;532ad7b4-b7bb-4ae2-98c3-0f05f9ae71aa]]
2026-04-26 10:07:28.154,21.272,CrossSignalDivergence_SYS,atomic,[CrossSignalDivergence_SYS],[0.9433],1,6,0.9433,[dt-1;dt-2;dt-3],[[be7c48ce-0cf9-4503-ac4b-58c1be723893;ad36cc8a-543d-482a-9f4f-6e9b22dd2a8a;03466f91-3e21-4dc2-884f-4234fd244df7;b3104ee9-43da-47ef-9b4b-76102e383210;b069f8b3-c552-442c-9bdb-d6584194f77a;532ad7b4-b7bb-4ae2-98c3-0f05f9ae71aa]]
2026-04-26 10:07:28.154,21.272,CrossSignalRelativeStable_GT,atomic,[CrossSignalRelativeStable_GT],[1.0000],1,6,1.0000,[dt-1;dt-2;dt-3],[[5963dbd8-1721-4a67-be6d-2247b8c15db6;d1d06fc3-f511-49a0-9fee-f6b0db9a2f35;1355a4af-8258-4ae3-8b09-ff6853b3e5a7;573ab2e5-d2f5-43a7-81ab-6a0924675518;7b0bfa50-91eb-4fe9-bd17-d4ebd6bd8cd0;b0d83864-0e47-465a-b926-80329849bc7a]]
2026-04-26 10:07:28.155,21.273,CrossSignalDivergence_GT,atomic,[CrossSignalDivergence_GT],[1.0000],1,6,1.0000,[dt-1;dt-2;dt-3],[[5963dbd8-1721-4a67-be6d-2247b8c15db6;d1d06fc3-f511-49a0-9fee-f6b0db9a2f35;1355a4af-8258-4ae3-8b09-ff6853b3e5a7;573ab2e5-d2f5-43a7-81ab-6a0924675518;7b0bfa50-91eb-4fe9-bd17-d4ebd6bd8cd0;b0d83864-0e47-465a-b926-80329849bc7a]]
2026-04-26 10:07:28.258,21.376,CrossSignalRelativeStable_SYS,atomic,[CrossSignalRelativeStable_SYS],[0.9118],1,6,0.9118,[dt-1;dt-2;dt-3],[[b3104ee9-43da-47ef-9b4b-76102e383210;b069f8b3-c552-442c-9bdb-d6584194f77a;532ad7b4-b7bb-4ae2-98c3-0f05f9ae71aa;ac3f9643-9120-4eef-8697-2e204ccfe80c;9f90edbe-426d-48b8-a10f-4c062fb4f5f1;947f09ab-decf-4d13-b607-82c9d99c9130]]
2026-04-26 10:07:28.258,21.376,CrossSignalDivergence_SYS,atomic,[CrossSignalDivergence_SYS],[0.9118],1,6,0.9118,[dt-1;dt-2;dt-3],[[b3104ee9-43da-47ef-9b4b-76102e383210;b069f8b3-c552-442c-9bdb-d6584194f77a;532ad7b4-b7bb-4ae2-98c3-0f05f9ae71aa;ac3f9643-9120-4eef-8697-2e204ccfe80c;9f90edbe-426d-48b8-a10f-4c062fb4f5f1;947f09ab-decf-4d13-b607-82c9d99c9130]]
2026-04-26 10:07:28.264,21.382,CrossSignalRelativeStable_GT,atomic,[CrossSignalRelativeStable_GT],[1.0000],1,6,1.0000,[dt-1;dt-2;dt-3],[[573ab2e5-d2f5-43a7-81ab-6a0924675518;7b0bfa50-91eb-4fe9-bd17-d4ebd6bd8cd0;b0d83864-0e47-465a-b926-80329849bc7a;b66a7f8c-49eb-4413-abc4-74052a44d43a;7e82b030-c1b6-4449-aac9-fe945c795f63;01b051a0-c26e-4a02-99bf-5959995039fb]]
2026-04-26 10:07:28.264,21.382,CrossSignalDivergence_GT,atomic,[CrossSignalDivergence_GT],[1.0000],1,6,1.0000,[dt-1;dt-2;dt-3],[[573ab2e5-d2f5-43a7-81ab-6a0924675518;7b0bfa50-91eb-4fe9-bd17-d4ebd6bd8cd0;b0d83864-0e47-465a-b926-80329849bc7a;b66a7f8c-49eb-4413-abc4-74052a44d43a;7e82b030-c1b6-4449-aac9-fe945c795f63;01b051a0-c26e-4a02-99bf-5959995039fb]]
2026-04-26 10:07:28.395,21.513,CrossSignalRelativeStable_GT,atomic,[CrossSignalRelativeStable_GT],[1.0000],1,6,1.0000,[dt-1;dt-2;dt-3],[[b66a7f8c-49eb-4413-abc4-74052a44d43a;7e82b030-c1b6-4449-aac9-fe945c795f63;01b051a0-c26e-4a02-99bf-5959995039fb;3355f6d9-f3f3-405f-a74e-61ccd868a42b;a5dc5907-27c4-4720-a058-fc3b8666ed6e;f37c46a2-9f45-4616-b663-efd1b049fded]]
2026-04-26 10:07:28.395,21.513,CrossSignalDivergence_GT,atomic,[CrossSignalDivergence_GT],[1.0000],1,6,1.0000,[dt-1;dt-2;dt-3],[[b66a7f8c-49eb-4413-abc4-74052a44d43a;7e82b030-c1b6-4449-aac9-fe945c795f63;01b051a0-c26e-4a02-99bf-5959995039fb;3355f6d9-f3f3-405f-a74e-61ccd868a42b;a5dc5907-27c4-4720-a058-fc3b8666ed6e;f37c46a2-9f45-4616-b663-efd1b049fded]]
2026-04-26 10:07:28.480,21.598,CrossSignalRelativeStable_SYS,atomic,[CrossSignalRelativeStable_SYS],[0.8867],1,6,0.8867,[dt-1;dt-2;dt-3],[[ac3f9643-9120-4eef-8697-2e204ccfe80c;9f90edbe-426d-48b8-a10f-4c062fb4f5f1;947f09ab-decf-4d13-b607-82c9d99c9130;90bfd260-8cc5-4d6f-81b1-cebc2b9b5233;70cb1e0e-8e32-4882-862f-1f83d78d5e7f;47ee5969-cabd-48dd-b23a-cad1b0aad7c5]]
2026-04-26 10:07:28.481,21.599,CrossSignalDivergence_SYS,atomic,[CrossSignalDivergence_SYS],[0.8867],1,6,0.8867,[dt-1;dt-2;dt-3],[[ac3f9643-9120-4eef-8697-2e204ccfe80c;9f90edbe-426d-48b8-a10f-4c062fb4f5f1;947f09ab-decf-4d13-b607-82c9d99c9130;90bfd260-8cc5-4d6f-81b1-cebc2b9b5233;70cb1e0e-8e32-4882-862f-1f83d78d5e7f;47ee5969-cabd-48dd-b23a-cad1b0aad7c5]]
2026-04-26 10:07:28.487,21.605,CrossSignalRelativeStable_GT,atomic,[CrossSignalRelativeStable_GT],[1.0000],1,6,1.0000,[dt-1;dt-2;dt-3],[[3355f6d9-f3f3-405f-a74e-61ccd868a42b;a5dc5907-27c4-4720-a058-fc3b8666ed6e;f37c46a2-9f45-4616-b663-efd1b049fded;904e1d07-b047-4c3f-ad1a-edd0f6338c62;bc04f66c-2005-4db1-a7ab-797eae7f2f8a;78e9165b-7098-4f83-8bdb-85baec375386]]
2026-04-26 10:07:28.487,21.605,CrossSignalDivergence_GT,atomic,[CrossSignalDivergence_GT],[1.0000],1,6,1.0000,[dt-1;dt-2;dt-3],[[3355f6d9-f3f3-405f-a74e-61ccd868a42b;a5dc5907-27c4-4720-a058-fc3b8666ed6e;f37c46a2-9f45-4616-b663-efd1b049fded;904e1d07-b047-4c3f-ad1a-edd0f6338c62;bc04f66c-2005-4db1-a7ab-797eae7f2f8a;78e9165b-7098-4f83-8bdb-85baec375386]]
2026-04-26 10:07:28.589,21.707,CrossSignalRelativeStable_OBS,atomic,[CrossSignalRelativeStable_OBS],[1.0000],1,6,1.0000,[dt-1;dt-2;dt-3],[[167cd5b2-3000-44c7-ad99-9733b3b33720;ad36cc8a-543d-482a-9f4f-6e9b22dd2a8a;b98b8879-c921-4de3-af64-9de29babada8;a3c91ab0-ffc9-4506-8834-94912d4e5b20;9f90edbe-426d-48b8-a10f-4c062fb4f5f1;94dd71bd-16b8-4686-9d36-df1484ef6a16]]
2026-04-26 10:07:28.601,21.719,CrossSignalRelativeStable_SYS,atomic,[CrossSignalRelativeStable_SYS],[0.8663],1,6,0.8663,[dt-1;dt-2;dt-3],[[90bfd260-8cc5-4d6f-81b1-cebc2b9b5233;70cb1e0e-8e32-4882-862f-1f83d78d5e7f;47ee5969-cabd-48dd-b23a-cad1b0aad7c5;d137761c-26ac-4f31-85b8-78d04af223ba;c685ac08-0c1a-4ac5-a023-7b682f7d6dd5;3fdbeb96-4bb7-462d-8ae6-b068a7c863a1]]
2026-04-26 10:07:28.601,21.719,CrossSignalDivergence_SYS,atomic,[CrossSignalDivergence_SYS],[0.8663],1,6,0.8663,[dt-1;dt-2;dt-3],[[90bfd260-8cc5-4d6f-81b1-cebc2b9b5233;70cb1e0e-8e32-4882-862f-1f83d78d5e7f;47ee5969-cabd-48dd-b23a-cad1b0aad7c5;d137761c-26ac-4f31-85b8-78d04af223ba;c685ac08-0c1a-4ac5-a023-7b682f7d6dd5;3fdbeb96-4bb7-462d-8ae6-b068a7c863a1]]
2026-04-26 10:07:28.607,21.725,CrossSignalRelativeStable_GT,atomic,[CrossSignalRelativeStable_GT],[1.0000],1,6,1.0000,[dt-1;dt-2;dt-3],[[904e1d07-b047-4c3f-ad1a-edd0f6338c62;bc04f66c-2005-4db1-a7ab-797eae7f2f8a;78e9165b-7098-4f83-8bdb-85baec375386;77eacc11-e6a9-44d5-8a11-e680aafa909d;87c25f66-0873-44f6-86ac-2b96e3371927;7bf941de-389b-46ae-ad58-f35ff51b75ba]]
2026-04-26 10:07:28.607,21.725,CrossSignalDivergence_GT,atomic,[CrossSignalDivergence_GT],[1.0000],1,6,1.0000,[dt-1;dt-2;dt-3],[[904e1d07-b047-4c3f-ad1a-edd0f6338c62;bc04f66c-2005-4db1-a7ab-797eae7f2f8a;78e9165b-7098-4f83-8bdb-85baec375386;77eacc11-e6a9-44d5-8a11-e680aafa909d;87c25f66-0873-44f6-86ac-2b96e3371927;7bf941de-389b-46ae-ad58-f35ff51b75ba]]
2026-04-26 10:07:28.722,21.840,CrossSignalRelativeStable_GT,atomic,[CrossSignalRelativeStable_GT],[1.0000],1,6,1.0000,[dt-1;dt-2;dt-3],[[77eacc11-e6a9-44d5-8a11-e680aafa909d;87c25f66-0873-44f6-86ac-2b96e3371927;7bf941de-389b-46ae-ad58-f35ff51b75ba;f22f9352-867a-4898-8bde-5d2cf7acd195;0d8f638f-c1e8-4e3e-b330-31dc059bc2ed;fdd83fff-67f1-41e7-a3ef-1939c84d49ce]]
2026-04-26 10:07:28.723,21.841,CrossSignalDivergence_GT,atomic,[CrossSignalDivergence_GT],[1.0000],1,6,1.0000,[dt-1;dt-2;dt-3],[[77eacc11-e6a9-44d5-8a11-e680aafa909d;87c25f66-0873-44f6-86ac-2b96e3371927;7bf941de-389b-46ae-ad58-f35ff51b75ba;f22f9352-867a-4898-8bde-5d2cf7acd195;0d8f638f-c1e8-4e3e-b330-31dc059bc2ed;fdd83fff-67f1-41e7-a3ef-1939c84d49ce]]
2026-04-26 10:07:28.818,21.936,CrossSignalRelativeStable_SYS,atomic,[CrossSignalRelativeStable_SYS],[0.9076],1,6,0.9076,[dt-1;dt-2;dt-3],[[d137761c-26ac-4f31-85b8-78d04af223ba;c685ac08-0c1a-4ac5-a023-7b682f7d6dd5;3fdbeb96-4bb7-462d-8ae6-b068a7c863a1;93c38757-febe-4afa-898b-d38130a85a78;a517ce9e-b54c-42fe-a448-fef55ed7f81b;d6c17c43-a30e-469c-a497-480490d8739c]]
2026-04-26 10:07:28.818,21.936,CrossSignalDivergence_SYS,atomic,[CrossSignalDivergence_SYS],[0.9076],1,6,0.9076,[dt-1;dt-2;dt-3],[[d137761c-26ac-4f31-85b8-78d04af223ba;c685ac08-0c1a-4ac5-a023-7b682f7d6dd5;3fdbeb96-4bb7-462d-8ae6-b068a7c863a1;93c38757-febe-4afa-898b-d38130a85a78;a517ce9e-b54c-42fe-a448-fef55ed7f81b;d6c17c43-a30e-469c-a497-480490d8739c]]
2026-04-26 10:07:28.832,21.950,CrossSignalRelativeStable_GT,atomic,[CrossSignalRelativeStable_GT],[1.0000],1,6,1.0000,[dt-1;dt-2;dt-3],[[f22f9352-867a-4898-8bde-5d2cf7acd195;0d8f638f-c1e8-4e3e-b330-31dc059bc2ed;fdd83fff-67f1-41e7-a3ef-1939c84d49ce;b4c14469-ecb8-4d9d-b6db-fcc288bd393a;a83745dc-69b1-4240-b3e0-92eb66dc5414;046545d7-b5ec-4f60-9759-b84145a61d3b]]
2026-04-26 10:07:28.832,21.950,CrossSignalDivergence_GT,atomic,[CrossSignalDivergence_GT],[1.0000],1,6,1.0000,[dt-1;dt-2;dt-3],[[f22f9352-867a-4898-8bde-5d2cf7acd195;0d8f638f-c1e8-4e3e-b330-31dc059bc2ed;fdd83fff-67f1-41e7-a3ef-1939c84d49ce;b4c14469-ecb8-4d9d-b6db-fcc288bd393a;a83745dc-69b1-4240-b3e0-92eb66dc5414;046545d7-b5ec-4f60-9759-b84145a61d3b]]
2026-04-26 10:07:28.923,22.041,CrossSignalRelativeStable_OBS,atomic,[CrossSignalRelativeStable_OBS],[1.0000],1,6,1.0000,[dt-1;dt-2;dt-3],[[a3c91ab0-ffc9-4506-8834-94912d4e5b20;9f90edbe-426d-48b8-a10f-4c062fb4f5f1;94dd71bd-16b8-4686-9d36-df1484ef6a16;abbc60e9-d8a8-4cc1-9a38-aad936c8bacb;dc63e01e-128d-4d76-935e-13dad3bba362;3fdbeb96-4bb7-462d-8ae6-b068a7c863a1]]
2026-04-26 10:07:28.949,22.067,CrossSignalRelativeStable_GT,atomic,[CrossSignalRelativeStable_GT],[1.0000],1,6,1.0000,[dt-1;dt-2;dt-3],[[b4c14469-ecb8-4d9d-b6db-fcc288bd393a;a83745dc-69b1-4240-b3e0-92eb66dc5414;046545d7-b5ec-4f60-9759-b84145a61d3b;7acdc3f3-f1a1-48c3-97df-2606ea415dcb;5407bca6-385b-4acc-bac9-5af39feae1a8;2b136c30-18f2-4930-864e-7ca7dc13afae]]
2026-04-26 10:07:28.949,22.067,CrossSignalDivergence_GT,atomic,[CrossSignalDivergence_GT],[1.0000],1,6,1.0000,[dt-1;dt-2;dt-3],[[b4c14469-ecb8-4d9d-b6db-fcc288bd393a;a83745dc-69b1-4240-b3e0-92eb66dc5414;046545d7-b5ec-4f60-9759-b84145a61d3b;7acdc3f3-f1a1-48c3-97df-2606ea415dcb;5407bca6-385b-4acc-bac9-5af39feae1a8;2b136c30-18f2-4930-864e-7ca7dc13afae]]
2026-04-26 10:07:29.034,22.152,CrossSignalRelativeStable_SYS,atomic,[CrossSignalRelativeStable_SYS],[0.9410],1,6,0.9410,[dt-1;dt-2;dt-3],[[93c38757-febe-4afa-898b-d38130a85a78;a517ce9e-b54c-42fe-a448-fef55ed7f81b;d6c17c43-a30e-469c-a497-480490d8739c;abbc60e9-d8a8-4cc1-9a38-aad936c8bacb;660ed2ee-69b6-4bb8-8eea-fea7e6fe15b2;5a12f2df-722f-40aa-a1a0-f4d72bb9e875]]
2026-04-26 10:07:29.035,22.153,CrossSignalDivergence_SYS,atomic,[CrossSignalDivergence_SYS],[0.9410],1,6,0.9410,[dt-1;dt-2;dt-3],[[93c38757-febe-4afa-898b-d38130a85a78;a517ce9e-b54c-42fe-a448-fef55ed7f81b;d6c17c43-a30e-469c-a497-480490d8739c;abbc60e9-d8a8-4cc1-9a38-aad936c8bacb;660ed2ee-69b6-4bb8-8eea-fea7e6fe15b2;5a12f2df-722f-40aa-a1a0-f4d72bb9e875]]
2026-04-26 10:07:29.048,22.166,CrossSignalRelativeStable_GT,atomic,[CrossSignalRelativeStable_GT],[1.0000],1,6,1.0000,[dt-1;dt-2;dt-3],[[7acdc3f3-f1a1-48c3-97df-2606ea415dcb;5407bca6-385b-4acc-bac9-5af39feae1a8;2b136c30-18f2-4930-864e-7ca7dc13afae;ecd29e66-ff55-4511-b2ee-8976b1405e2c;2db77283-f999-4dd6-a85c-8a363d418e17;3ae45339-e6cd-4579-9bb0-ea185c0e0567]]
2026-04-26 10:07:29.048,22.166,CrossSignalDivergence_GT,atomic,[CrossSignalDivergence_GT],[1.0000],1,6,1.0000,[dt-1;dt-2;dt-3],[[7acdc3f3-f1a1-48c3-97df-2606ea415dcb;5407bca6-385b-4acc-bac9-5af39feae1a8;2b136c30-18f2-4930-864e-7ca7dc13afae;ecd29e66-ff55-4511-b2ee-8976b1405e2c;2db77283-f999-4dd6-a85c-8a363d418e17;3ae45339-e6cd-4579-9bb0-ea185c0e0567]]
2026-04-26 10:07:29.158,22.276,CrossSignalRelativeStable_GT,atomic,[CrossSignalRelativeStable_GT],[1.0000],1,6,1.0000,[dt-1;dt-2;dt-3],[[ecd29e66-ff55-4511-b2ee-8976b1405e2c;2db77283-f999-4dd6-a85c-8a363d418e17;3ae45339-e6cd-4579-9bb0-ea185c0e0567;12f7d398-f46f-4689-bb24-473d787902d6;9314ef18-4eab-4b22-84a0-cec5265de000;64ef2981-2698-4205-9d02-2bf91a06261f]]
2026-04-26 10:07:29.158,22.276,CrossSignalDivergence_GT,atomic,[CrossSignalDivergence_GT],[1.0000],1,6,1.0000,[dt-1;dt-2;dt-3],[[ecd29e66-ff55-4511-b2ee-8976b1405e2c;2db77283-f999-4dd6-a85c-8a363d418e17;3ae45339-e6cd-4579-9bb0-ea185c0e0567;12f7d398-f46f-4689-bb24-473d787902d6;9314ef18-4eab-4b22-84a0-cec5265de000;64ef2981-2698-4205-9d02-2bf91a06261f]]
2026-04-26 10:07:29.283,22.401,CrossSignalRelativeStable_SYS,atomic,[CrossSignalRelativeStable_SYS],[0.8901],1,6,0.8901,[dt-1;dt-2;dt-3],[[abbc60e9-d8a8-4cc1-9a38-aad936c8bacb;660ed2ee-69b6-4bb8-8eea-fea7e6fe15b2;5a12f2df-722f-40aa-a1a0-f4d72bb9e875;61038c5d-057b-4330-bc16-1548b5a6f345;9ba7303c-60cc-4da1-89fa-ebd985dad623;3f1024b8-4da2-4c34-a817-0c2978296f78]]
2026-04-26 10:07:29.283,22.401,CrossSignalDivergence_SYS,atomic,[CrossSignalDivergence_SYS],[0.8901],1,6,0.8901,[dt-1;dt-2;dt-3],[[abbc60e9-d8a8-4cc1-9a38-aad936c8bacb;660ed2ee-69b6-4bb8-8eea-fea7e6fe15b2;5a12f2df-722f-40aa-a1a0-f4d72bb9e875;61038c5d-057b-4330-bc16-1548b5a6f345;9ba7303c-60cc-4da1-89fa-ebd985dad623;3f1024b8-4da2-4c34-a817-0c2978296f78]]
2026-04-26 10:07:29.289,22.407,CrossSignalRelativeStable_GT,atomic,[CrossSignalRelativeStable_GT],[1.0000],1,6,1.0000,[dt-1;dt-2;dt-3],[[12f7d398-f46f-4689-bb24-473d787902d6;9314ef18-4eab-4b22-84a0-cec5265de000;64ef2981-2698-4205-9d02-2bf91a06261f;0da337a3-3ce9-432c-86cc-c118cf950e82;10e8ce54-0fc7-47a6-b441-fd9ac9f65c8c;f946806f-e63e-4ea6-9821-c729d33c7b82]]
2026-04-26 10:07:29.290,22.408,CrossSignalDivergence_GT,atomic,[CrossSignalDivergence_GT],[1.0000],1,6,1.0000,[dt-1;dt-2;dt-3],[[12f7d398-f46f-4689-bb24-473d787902d6;9314ef18-4eab-4b22-84a0-cec5265de000;64ef2981-2698-4205-9d02-2bf91a06261f;0da337a3-3ce9-432c-86cc-c118cf950e82;10e8ce54-0fc7-47a6-b441-fd9ac9f65c8c;f946806f-e63e-4ea6-9821-c729d33c7b82]]
2026-04-26 10:07:29.384,22.502,CrossSignalRelativeStable_SYS,atomic,[CrossSignalRelativeStable_SYS],[0.8373],1,6,0.8373,[dt-1;dt-2;dt-3],[[61038c5d-057b-4330-bc16-1548b5a6f345;9ba7303c-60cc-4da1-89fa-ebd985dad623;3f1024b8-4da2-4c34-a817-0c2978296f78;17886980-0c71-423e-94ec-98591338d9da;44cbcbb0-78e7-4975-aaaf-bccf64cc6b94;2cf5983c-514d-4063-b173-57e52473f818]]
2026-04-26 10:07:29.385,22.503,CrossSignalDivergence_SYS,atomic,[CrossSignalDivergence_SYS],[0.8373],1,6,0.8373,[dt-1;dt-2;dt-3],[[61038c5d-057b-4330-bc16-1548b5a6f345;9ba7303c-60cc-4da1-89fa-ebd985dad623;3f1024b8-4da2-4c34-a817-0c2978296f78;17886980-0c71-423e-94ec-98591338d9da;44cbcbb0-78e7-4975-aaaf-bccf64cc6b94;2cf5983c-514d-4063-b173-57e52473f818]]
2026-04-26 10:07:29.396,22.514,CrossSignalRelativeStable_GT,atomic,[CrossSignalRelativeStable_GT],[1.0000],1,6,1.0000,[dt-1;dt-2;dt-3],[[0da337a3-3ce9-432c-86cc-c118cf950e82;10e8ce54-0fc7-47a6-b441-fd9ac9f65c8c;f946806f-e63e-4ea6-9821-c729d33c7b82;5c80cf06-914d-4bb6-9344-bf16e2c728ad;3a9d8840-4ddc-4068-8033-71c340ae36ee;044ab421-6ff6-451b-bbb3-54ab7e211cc1]]
2026-04-26 10:07:29.397,22.515,CrossSignalDivergence_GT,atomic,[CrossSignalDivergence_GT],[1.0000],1,6,1.0000,[dt-1;dt-2;dt-3],[[0da337a3-3ce9-432c-86cc-c118cf950e82;10e8ce54-0fc7-47a6-b441-fd9ac9f65c8c;f946806f-e63e-4ea6-9821-c729d33c7b82;5c80cf06-914d-4bb6-9344-bf16e2c728ad;3a9d8840-4ddc-4068-8033-71c340ae36ee;044ab421-6ff6-451b-bbb3-54ab7e211cc1]]
2026-04-26 10:07:29.495,22.613,CrossSignalRelativeStable_OBS,atomic,[CrossSignalRelativeStable_OBS],[1.0000],1,6,1.0000,[dt-1;dt-2;dt-3],[[abbc60e9-d8a8-4cc1-9a38-aad936c8bacb;dc63e01e-128d-4d76-935e-13dad3bba362;3fdbeb96-4bb7-462d-8ae6-b068a7c863a1;61038c5d-057b-4330-bc16-1548b5a6f345;660ed2ee-69b6-4bb8-8eea-fea7e6fe15b2;f2e08a54-ea35-40b7-ba4e-0e3065bb5e26]]
2026-04-26 10:07:29.495,22.613,CrossSignalDivergence_OBS,atomic,[CrossSignalDivergence_OBS],[1.0000],1,6,1.0000,[dt-1;dt-2;dt-3],[[abbc60e9-d8a8-4cc1-9a38-aad936c8bacb;dc63e01e-128d-4d76-935e-13dad3bba362;3fdbeb96-4bb7-462d-8ae6-b068a7c863a1;61038c5d-057b-4330-bc16-1548b5a6f345;660ed2ee-69b6-4bb8-8eea-fea7e6fe15b2;f2e08a54-ea35-40b7-ba4e-0e3065bb5e26]]
2026-04-26 10:07:29.509,22.627,CrossSignalRelativeStable_GT,atomic,[CrossSignalRelativeStable_GT],[1.0000],1,6,1.0000,[dt-1;dt-2;dt-3],[[5c80cf06-914d-4bb6-9344-bf16e2c728ad;3a9d8840-4ddc-4068-8033-71c340ae36ee;044ab421-6ff6-451b-bbb3-54ab7e211cc1;71982fb5-8182-4948-b70d-1faa2c5c88aa;157675c8-6433-41cc-b3d5-8968de186934;b6c20f9e-fe76-47d5-b61f-3c2a580718f4]]
2026-04-26 10:07:29.509,22.627,CrossSignalDivergence_GT,atomic,[CrossSignalDivergence_GT],[1.0000],1,6,1.0000,[dt-1;dt-2;dt-3],[[5c80cf06-914d-4bb6-9344-bf16e2c728ad;3a9d8840-4ddc-4068-8033-71c340ae36ee;044ab421-6ff6-451b-bbb3-54ab7e211cc1;71982fb5-8182-4948-b70d-1faa2c5c88aa;157675c8-6433-41cc-b3d5-8968de186934;b6c20f9e-fe76-47d5-b61f-3c2a580718f4]]
2026-04-26 10:07:29.605,22.723,CrossSignalRelativeStable_SYS,atomic,[CrossSignalRelativeStable_SYS],[0.7872],1,6,0.7872,[dt-1;dt-2;dt-3],[[17886980-0c71-423e-94ec-98591338d9da;44cbcbb0-78e7-4975-aaaf-bccf64cc6b94;2cf5983c-514d-4063-b173-57e52473f818;e4865909-c99d-4462-8e08-71a9789d4f45;19336974-fe8a-485b-8a05-0d06d710c2fc;a2a4ff5f-505f-4a1b-9ab4-8e8a848042d7]]
2026-04-26 10:07:29.605,22.723,CrossSignalDivergence_SYS,atomic,[CrossSignalDivergence_SYS],[0.7872],1,6,0.7872,[dt-1;dt-2;dt-3],[[17886980-0c71-423e-94ec-98591338d9da;44cbcbb0-78e7-4975-aaaf-bccf64cc6b94;2cf5983c-514d-4063-b173-57e52473f818;e4865909-c99d-4462-8e08-71a9789d4f45;19336974-fe8a-485b-8a05-0d06d710c2fc;a2a4ff5f-505f-4a1b-9ab4-8e8a848042d7]]
2026-04-26 10:07:29.617,22.735,CrossSignalRelativeStable_GT,atomic,[CrossSignalRelativeStable_GT],[1.0000],1,6,1.0000,[dt-1;dt-2;dt-3],[[71982fb5-8182-4948-b70d-1faa2c5c88aa;157675c8-6433-41cc-b3d5-8968de186934;b6c20f9e-fe76-47d5-b61f-3c2a580718f4;b8ea2fd2-00d0-48bc-8016-6e46214eecd8;6c87f32c-3dfb-419e-b204-c8a4684caf72;5acbe323-695b-48bf-82ba-5b811852c70f]]
2026-04-26 10:07:29.617,22.735,CrossSignalDivergence_GT,atomic,[CrossSignalDivergence_GT],[1.0000],1,6,1.0000,[dt-1;dt-2;dt-3],[[71982fb5-8182-4948-b70d-1faa2c5c88aa;157675c8-6433-41cc-b3d5-8968de186934;b6c20f9e-fe76-47d5-b61f-3c2a580718f4;b8ea2fd2-00d0-48bc-8016-6e46214eecd8;6c87f32c-3dfb-419e-b204-c8a4684caf72;5acbe323-695b-48bf-82ba-5b811852c70f]]
2026-04-26 10:07:29.732,22.850,CrossSignalRelativeStable_GT,atomic,[CrossSignalRelativeStable_GT],[1.0000],1,6,1.0000,[dt-1;dt-2;dt-3],[[b8ea2fd2-00d0-48bc-8016-6e46214eecd8;6c87f32c-3dfb-419e-b204-c8a4684caf72;5acbe323-695b-48bf-82ba-5b811852c70f;96084bbe-b7b2-4174-ba67-0f8e1bd914ea;f81a718f-6072-4629-9cea-25489084e083;1501b4cc-0c3f-4ead-a3eb-ebbe79491df9]]
2026-04-26 10:07:29.732,22.850,CrossSignalDivergence_GT,atomic,[CrossSignalDivergence_GT],[1.0000],1,6,1.0000,[dt-1;dt-2;dt-3],[[b8ea2fd2-00d0-48bc-8016-6e46214eecd8;6c87f32c-3dfb-419e-b204-c8a4684caf72;5acbe323-695b-48bf-82ba-5b811852c70f;96084bbe-b7b2-4174-ba67-0f8e1bd914ea;f81a718f-6072-4629-9cea-25489084e083;1501b4cc-0c3f-4ead-a3eb-ebbe79491df9]]
2026-04-26 10:07:29.832,22.950,CrossSignalRelativeStable_SYS,atomic,[CrossSignalRelativeStable_SYS],[0.8531],1,6,0.8531,[dt-1;dt-2;dt-3],[[e4865909-c99d-4462-8e08-71a9789d4f45;19336974-fe8a-485b-8a05-0d06d710c2fc;a2a4ff5f-505f-4a1b-9ab4-8e8a848042d7;c98128ca-66bb-45f9-a2e7-46f8997a1609;594e63f4-a61d-4f21-b9a2-dfaefc99e187;29da3b17-ec5c-4f36-881a-96a0070b5150]]
2026-04-26 10:07:29.832,22.950,CrossSignalDivergence_SYS,atomic,[CrossSignalDivergence_SYS],[0.8531],1,6,0.8531,[dt-1;dt-2;dt-3],[[e4865909-c99d-4462-8e08-71a9789d4f45;19336974-fe8a-485b-8a05-0d06d710c2fc;a2a4ff5f-505f-4a1b-9ab4-8e8a848042d7;c98128ca-66bb-45f9-a2e7-46f8997a1609;594e63f4-a61d-4f21-b9a2-dfaefc99e187;29da3b17-ec5c-4f36-881a-96a0070b5150]]
2026-04-26 10:07:29.837,22.955,CrossSignalRelativeStable_GT,atomic,[CrossSignalRelativeStable_GT],[1.0000],1,6,1.0000,[dt-1;dt-2;dt-3],[[96084bbe-b7b2-4174-ba67-0f8e1bd914ea;f81a718f-6072-4629-9cea-25489084e083;1501b4cc-0c3f-4ead-a3eb-ebbe79491df9;7e9a8b14-6f2b-4e9e-95c5-054cbc1fdf96;afcdee55-666a-4388-92bd-2be179f033cf;9a42bca2-045d-4495-9d90-abac01461d19]]
2026-04-26 10:07:29.837,22.955,CrossSignalDivergence_GT,atomic,[CrossSignalDivergence_GT],[1.0000],1,6,1.0000,[dt-1;dt-2;dt-3],[[96084bbe-b7b2-4174-ba67-0f8e1bd914ea;f81a718f-6072-4629-9cea-25489084e083;1501b4cc-0c3f-4ead-a3eb-ebbe79491df9;7e9a8b14-6f2b-4e9e-95c5-054cbc1fdf96;afcdee55-666a-4388-92bd-2be179f033cf;9a42bca2-045d-4495-9d90-abac01461d19]]
2026-04-26 10:07:29.939,23.057,CrossSignalRelativeStable_SYS,atomic,[CrossSignalRelativeStable_SYS],[0.8971],1,6,0.8971,[dt-1;dt-2;dt-3],[[c98128ca-66bb-45f9-a2e7-46f8997a1609;594e63f4-a61d-4f21-b9a2-dfaefc99e187;29da3b17-ec5c-4f36-881a-96a0070b5150;33410423-e344-4a39-9ce3-240265a53192;32477996-9183-4b45-89f8-a268bd5dc428;8504afbe-f0d8-48fe-b246-bd20823e8caf]]
2026-04-26 10:07:29.939,23.057,CrossSignalDivergence_SYS,atomic,[CrossSignalDivergence_SYS],[0.8971],1,6,0.8971,[dt-1;dt-2;dt-3],[[c98128ca-66bb-45f9-a2e7-46f8997a1609;594e63f4-a61d-4f21-b9a2-dfaefc99e187;29da3b17-ec5c-4f36-881a-96a0070b5150;33410423-e344-4a39-9ce3-240265a53192;32477996-9183-4b45-89f8-a268bd5dc428;8504afbe-f0d8-48fe-b246-bd20823e8caf]]
2026-04-26 10:07:29.940,23.058,CrossSignalRelativeStable_OBS,atomic,[CrossSignalRelativeStable_OBS],[1.0000],1,6,1.0000,[dt-1;dt-2;dt-3],[[61038c5d-057b-4330-bc16-1548b5a6f345;660ed2ee-69b6-4bb8-8eea-fea7e6fe15b2;f2e08a54-ea35-40b7-ba4e-0e3065bb5e26;d1762c0f-38d1-45b5-aecd-b7c528580a1c;12212f59-e2ca-4289-a572-3610af3154fc;370babaa-b421-4b43-96dd-0c8f695b433d]]
2026-04-26 10:07:29.940,23.058,CrossSignalDivergence_OBS,atomic,[CrossSignalDivergence_OBS],[1.0000],1,6,1.0000,[dt-1;dt-2;dt-3],[[61038c5d-057b-4330-bc16-1548b5a6f345;660ed2ee-69b6-4bb8-8eea-fea7e6fe15b2;f2e08a54-ea35-40b7-ba4e-0e3065bb5e26;d1762c0f-38d1-45b5-aecd-b7c528580a1c;12212f59-e2ca-4289-a572-3610af3154fc;370babaa-b421-4b43-96dd-0c8f695b433d]]
2026-04-26 10:07:29.957,23.075,CrossSignalRelativeStable_GT,atomic,[CrossSignalRelativeStable_GT],[1.0000],1,6,1.0000,[dt-1;dt-2;dt-3],[[7e9a8b14-6f2b-4e9e-95c5-054cbc1fdf96;afcdee55-666a-4388-92bd-2be179f033cf;9a42bca2-045d-4495-9d90-abac01461d19;6be77e80-f960-4dd6-8904-67b3ad16b09d;6ad82b9d-ff30-490d-add5-a3c8e1fb5317;a6932eb8-2d96-4859-ba05-26d7062b3dc7]]
2026-04-26 10:07:29.957,23.075,CrossSignalDivergence_GT,atomic,[CrossSignalDivergence_GT],[1.0000],1,6,1.0000,[dt-1;dt-2;dt-3],[[7e9a8b14-6f2b-4e9e-95c5-054cbc1fdf96;afcdee55-666a-4388-92bd-2be179f033cf;9a42bca2-045d-4495-9d90-abac01461d19;6be77e80-f960-4dd6-8904-67b3ad16b09d;6ad82b9d-ff30-490d-add5-a3c8e1fb5317;a6932eb8-2d96-4859-ba05-26d7062b3dc7]]
2026-04-26 10:07:30.072,23.190,CrossSignalRelativeStable_GT,atomic,[CrossSignalRelativeStable_GT],[1.0000],1,6,1.0000,[dt-1;dt-2;dt-3],[[6be77e80-f960-4dd6-8904-67b3ad16b09d;6ad82b9d-ff30-490d-add5-a3c8e1fb5317;a6932eb8-2d96-4859-ba05-26d7062b3dc7;b6575eb1-c8d9-48dd-b529-89f2c49c74cc;1069d955-69ad-49a0-8e38-7c529a9d1366;b42e769b-5fa0-4972-b113-29b5f089b9a5]]
2026-04-26 10:07:30.072,23.190,CrossSignalDivergence_GT,atomic,[CrossSignalDivergence_GT],[1.0000],1,6,1.0000,[dt-1;dt-2;dt-3],[[6be77e80-f960-4dd6-8904-67b3ad16b09d;6ad82b9d-ff30-490d-add5-a3c8e1fb5317;a6932eb8-2d96-4859-ba05-26d7062b3dc7;b6575eb1-c8d9-48dd-b529-89f2c49c74cc;1069d955-69ad-49a0-8e38-7c529a9d1366;b42e769b-5fa0-4972-b113-29b5f089b9a5]]
2026-04-26 10:07:30.160,23.278,CrossSignalRelativeStable_SYS,atomic,[CrossSignalRelativeStable_SYS],[0.9220],1,6,0.9220,[dt-1;dt-2;dt-3],[[33410423-e344-4a39-9ce3-240265a53192;32477996-9183-4b45-89f8-a268bd5dc428;8504afbe-f0d8-48fe-b246-bd20823e8caf;e3cc6c87-06eb-43cf-b954-ce408485101f;462192dc-c118-4303-8ba6-c29e664e87fd;370babaa-b421-4b43-96dd-0c8f695b433d]]
2026-04-26 10:07:30.160,23.278,CrossSignalRelativeStable_OBS,atomic,[CrossSignalRelativeStable_OBS],[1.0000],1,6,1.0000,[dt-1;dt-2;dt-3],[[d1762c0f-38d1-45b5-aecd-b7c528580a1c;12212f59-e2ca-4289-a572-3610af3154fc;370babaa-b421-4b43-96dd-0c8f695b433d;e3cc6c87-06eb-43cf-b954-ce408485101f;462192dc-c118-4303-8ba6-c29e664e87fd;04dcadba-8b9c-49d9-b137-1f77d58ed046]]
2026-04-26 10:07:30.160,23.278,CrossSignalDivergence_SYS,atomic,[CrossSignalDivergence_SYS],[0.9220],1,6,0.9220,[dt-1;dt-2;dt-3],[[33410423-e344-4a39-9ce3-240265a53192;32477996-9183-4b45-89f8-a268bd5dc428;8504afbe-f0d8-48fe-b246-bd20823e8caf;e3cc6c87-06eb-43cf-b954-ce408485101f;462192dc-c118-4303-8ba6-c29e664e87fd;370babaa-b421-4b43-96dd-0c8f695b433d]]
2026-04-26 10:07:30.160,23.278,CrossSignalDivergence_OBS,atomic,[CrossSignalDivergence_OBS],[1.0000],1,6,1.0000,[dt-1;dt-2;dt-3],[[d1762c0f-38d1-45b5-aecd-b7c528580a1c;12212f59-e2ca-4289-a572-3610af3154fc;370babaa-b421-4b43-96dd-0c8f695b433d;e3cc6c87-06eb-43cf-b954-ce408485101f;462192dc-c118-4303-8ba6-c29e664e87fd;04dcadba-8b9c-49d9-b137-1f77d58ed046]]
2026-04-26 10:07:30.184,23.302,CrossSignalRelativeStable_GT,atomic,[CrossSignalRelativeStable_GT],[1.0000],1,6,1.0000,[dt-1;dt-2;dt-3],[[b6575eb1-c8d9-48dd-b529-89f2c49c74cc;1069d955-69ad-49a0-8e38-7c529a9d1366;b42e769b-5fa0-4972-b113-29b5f089b9a5;70fff8ff-9ddc-48a8-b23d-e97d2426ad73;9a6c69a4-728c-4509-8072-84d53c899512;c72ecfe2-66f7-4993-a3d5-92c20bd03576]]
2026-04-26 10:07:30.185,23.303,CrossSignalDivergence_GT,atomic,[CrossSignalDivergence_GT],[1.0000],1,6,1.0000,[dt-1;dt-2;dt-3],[[b6575eb1-c8d9-48dd-b529-89f2c49c74cc;1069d955-69ad-49a0-8e38-7c529a9d1366;b42e769b-5fa0-4972-b113-29b5f089b9a5;70fff8ff-9ddc-48a8-b23d-e97d2426ad73;9a6c69a4-728c-4509-8072-84d53c899512;c72ecfe2-66f7-4993-a3d5-92c20bd03576]]
2026-04-26 10:07:30.298,23.416,CrossSignalRelativeStable_GT,atomic,[CrossSignalRelativeStable_GT],[1.0000],1,6,1.0000,[dt-1;dt-2;dt-3],[[70fff8ff-9ddc-48a8-b23d-e97d2426ad73;9a6c69a4-728c-4509-8072-84d53c899512;c72ecfe2-66f7-4993-a3d5-92c20bd03576;b61b79aa-53a2-48b2-9830-bbc69a334943;6a1f31d9-f57c-48b8-9ee7-411b4c1dcb47;bc13b49c-9d62-4f84-9d38-148efec7ab3a]]
2026-04-26 10:07:30.298,23.416,CrossSignalDivergence_GT,atomic,[CrossSignalDivergence_GT],[1.0000],1,6,1.0000,[dt-1;dt-2;dt-3],[[70fff8ff-9ddc-48a8-b23d-e97d2426ad73;9a6c69a4-728c-4509-8072-84d53c899512;c72ecfe2-66f7-4993-a3d5-92c20bd03576;b61b79aa-53a2-48b2-9830-bbc69a334943;6a1f31d9-f57c-48b8-9ee7-411b4c1dcb47;bc13b49c-9d62-4f84-9d38-148efec7ab3a]]
2026-04-26 10:07:30.384,23.502,CrossSignalRelativeStable_SYS,atomic,[CrossSignalRelativeStable_SYS],[1.0000],1,6,1.0000,[dt-1;dt-2;dt-3],[[e3cc6c87-06eb-43cf-b954-ce408485101f;462192dc-c118-4303-8ba6-c29e664e87fd;370babaa-b421-4b43-96dd-0c8f695b433d;7b3d44a4-fe06-42a6-880d-3b8514399d17;80a60db7-1f7e-433f-a004-581a35f572c5;98ef4271-19ec-4036-8b43-9f2282dbac4a]]
2026-04-26 10:07:30.384,23.502,CrossSignalDivergence_SYS,atomic,[CrossSignalDivergence_SYS],[1.0000],1,6,1.0000,[dt-1;dt-2;dt-3],[[e3cc6c87-06eb-43cf-b954-ce408485101f;462192dc-c118-4303-8ba6-c29e664e87fd;370babaa-b421-4b43-96dd-0c8f695b433d;7b3d44a4-fe06-42a6-880d-3b8514399d17;80a60db7-1f7e-433f-a004-581a35f572c5;98ef4271-19ec-4036-8b43-9f2282dbac4a]]
2026-04-26 10:07:30.392,23.510,CrossSignalRelativeStable_GT,atomic,[CrossSignalRelativeStable_GT],[1.0000],1,6,1.0000,[dt-1;dt-2;dt-3],[[b61b79aa-53a2-48b2-9830-bbc69a334943;6a1f31d9-f57c-48b8-9ee7-411b4c1dcb47;bc13b49c-9d62-4f84-9d38-148efec7ab3a;3828f676-c520-4bf2-bef1-cf292363b26d;caf8065b-3b90-45bb-bbe4-b4e1d3a3b1cd;b56b3160-2388-4d72-b1ef-f4be3204566f]]
2026-04-26 10:07:30.392,23.510,CrossSignalDivergence_GT,atomic,[CrossSignalDivergence_GT],[1.0000],1,6,1.0000,[dt-1;dt-2;dt-3],[[b61b79aa-53a2-48b2-9830-bbc69a334943;6a1f31d9-f57c-48b8-9ee7-411b4c1dcb47;bc13b49c-9d62-4f84-9d38-148efec7ab3a;3828f676-c520-4bf2-bef1-cf292363b26d;caf8065b-3b90-45bb-bbe4-b4e1d3a3b1cd;b56b3160-2388-4d72-b1ef-f4be3204566f]]
2026-04-26 10:07:30.493,23.611,CrossSignalRelativeStable_OBS,atomic,[CrossSignalRelativeStable_OBS],[1.0000],1,6,1.0000,[dt-1;dt-2;dt-3],[[e3cc6c87-06eb-43cf-b954-ce408485101f;462192dc-c118-4303-8ba6-c29e664e87fd;04dcadba-8b9c-49d9-b137-1f77d58ed046;bb7db3d0-e919-4d18-93f6-95feeb31815c;80a60db7-1f7e-433f-a004-581a35f572c5;98ef4271-19ec-4036-8b43-9f2282dbac4a]]
2026-04-26 10:07:30.493,23.611,CrossSignalDivergence_OBS,atomic,[CrossSignalDivergence_OBS],[1.0000],1,6,1.0000,[dt-1;dt-2;dt-3],[[e3cc6c87-06eb-43cf-b954-ce408485101f;462192dc-c118-4303-8ba6-c29e664e87fd;04dcadba-8b9c-49d9-b137-1f77d58ed046;bb7db3d0-e919-4d18-93f6-95feeb31815c;80a60db7-1f7e-433f-a004-581a35f572c5;98ef4271-19ec-4036-8b43-9f2282dbac4a]]
2026-04-26 10:07:30.517,23.635,CrossSignalRelativeStable_GT,atomic,[CrossSignalRelativeStable_GT],[1.0000],1,6,1.0000,[dt-1;dt-2;dt-3],[[3828f676-c520-4bf2-bef1-cf292363b26d;caf8065b-3b90-45bb-bbe4-b4e1d3a3b1cd;b56b3160-2388-4d72-b1ef-f4be3204566f;a2e17fd2-6619-4ccc-9ec1-4ec9c4f21dac;2ccfa88b-06e3-4e24-ba01-837aa2f206f5;32b35c2a-0631-411f-9d10-a1f3ad78390a]]
2026-04-26 10:07:30.517,23.635,CrossSignalDivergence_GT,atomic,[CrossSignalDivergence_GT],[1.0000],1,6,1.0000,[dt-1;dt-2;dt-3],[[3828f676-c520-4bf2-bef1-cf292363b26d;caf8065b-3b90-45bb-bbe4-b4e1d3a3b1cd;b56b3160-2388-4d72-b1ef-f4be3204566f;a2e17fd2-6619-4ccc-9ec1-4ec9c4f21dac;2ccfa88b-06e3-4e24-ba01-837aa2f206f5;32b35c2a-0631-411f-9d10-a1f3ad78390a]]
2026-04-26 10:07:30.618,23.736,CrossSignalRelativeStable_SYS,atomic,[CrossSignalRelativeStable_SYS],[0.9415],1,6,0.9415,[dt-1;dt-2;dt-3],[[7b3d44a4-fe06-42a6-880d-3b8514399d17;80a60db7-1f7e-433f-a004-581a35f572c5;98ef4271-19ec-4036-8b43-9f2282dbac4a;b8921077-45ea-4c40-8e8f-af443d6cf48b;0735a2a1-5229-41b8-9503-17278c1faf65;29b47bec-a51f-4274-923f-b2039a5d26ea]]
2026-04-26 10:07:30.618,23.736,CrossSignalDivergence_SYS,atomic,[CrossSignalDivergence_SYS],[0.9415],1,6,0.9415,[dt-1;dt-2;dt-3],[[7b3d44a4-fe06-42a6-880d-3b8514399d17;80a60db7-1f7e-433f-a004-581a35f572c5;98ef4271-19ec-4036-8b43-9f2282dbac4a;b8921077-45ea-4c40-8e8f-af443d6cf48b;0735a2a1-5229-41b8-9503-17278c1faf65;29b47bec-a51f-4274-923f-b2039a5d26ea]]
2026-04-26 10:07:30.636,23.754,CrossSignalRelativeStable_GT,atomic,[CrossSignalRelativeStable_GT],[1.0000],1,6,1.0000,[dt-1;dt-2;dt-3],[[a2e17fd2-6619-4ccc-9ec1-4ec9c4f21dac;2ccfa88b-06e3-4e24-ba01-837aa2f206f5;32b35c2a-0631-411f-9d10-a1f3ad78390a;1bef8d58-9d30-4ee8-8fe9-1ee8ac7b7e27;83c6ef8c-1f23-4dbb-89a6-6e519e21394c;1f631b6e-d87a-4765-a0f4-069e24a44578]]
2026-04-26 10:07:30.636,23.754,CrossSignalDivergence_GT,atomic,[CrossSignalDivergence_GT],[1.0000],1,6,1.0000,[dt-1;dt-2;dt-3],[[a2e17fd2-6619-4ccc-9ec1-4ec9c4f21dac;2ccfa88b-06e3-4e24-ba01-837aa2f206f5;32b35c2a-0631-411f-9d10-a1f3ad78390a;1bef8d58-9d30-4ee8-8fe9-1ee8ac7b7e27;83c6ef8c-1f23-4dbb-89a6-6e519e21394c;1f631b6e-d87a-4765-a0f4-069e24a44578]]
2026-04-26 10:07:30.731,23.849,CrossSignalRelativeStable_SYS,atomic,[CrossSignalRelativeStable_SYS],[0.8528],1,6,0.8528,[dt-1;dt-2;dt-3],[[b8921077-45ea-4c40-8e8f-af443d6cf48b;0735a2a1-5229-41b8-9503-17278c1faf65;29b47bec-a51f-4274-923f-b2039a5d26ea;b9b7d2e8-4d73-4094-b5e0-a52f413a5839;eb621f6d-43bd-4699-ba9a-d944d251afc1;2f2adf61-25e8-4f48-afff-aa6be2e083e0]]
2026-04-26 10:07:30.731,23.849,CrossSignalDivergence_SYS,atomic,[CrossSignalDivergence_SYS],[0.8528],1,6,0.8528,[dt-1;dt-2;dt-3],[[b8921077-45ea-4c40-8e8f-af443d6cf48b;0735a2a1-5229-41b8-9503-17278c1faf65;29b47bec-a51f-4274-923f-b2039a5d26ea;b9b7d2e8-4d73-4094-b5e0-a52f413a5839;eb621f6d-43bd-4699-ba9a-d944d251afc1;2f2adf61-25e8-4f48-afff-aa6be2e083e0]]
2026-04-26 10:07:30.737,23.855,CrossSignalRelativeStable_GT,atomic,[CrossSignalRelativeStable_GT],[1.0000],1,6,1.0000,[dt-1;dt-2;dt-3],[[1bef8d58-9d30-4ee8-8fe9-1ee8ac7b7e27;83c6ef8c-1f23-4dbb-89a6-6e519e21394c;1f631b6e-d87a-4765-a0f4-069e24a44578;82525fe6-fcde-4c20-afde-558ade125d03;55511230-64f1-4c0e-bc8e-d0a95c341c2d;cd0bfc8c-687e-4e60-8d01-6ece5cab45ee]]
2026-04-26 10:07:30.737,23.855,CrossSignalDivergence_GT,atomic,[CrossSignalDivergence_GT],[1.0000],1,6,1.0000,[dt-1;dt-2;dt-3],[[1bef8d58-9d30-4ee8-8fe9-1ee8ac7b7e27;83c6ef8c-1f23-4dbb-89a6-6e519e21394c;1f631b6e-d87a-4765-a0f4-069e24a44578;82525fe6-fcde-4c20-afde-558ade125d03;55511230-64f1-4c0e-bc8e-d0a95c341c2d;cd0bfc8c-687e-4e60-8d01-6ece5cab45ee]]
2026-04-26 10:07:30.839,23.957,CrossSignalRelativeStable_OBS,atomic,[CrossSignalRelativeStable_OBS],[1.0000],1,6,1.0000,[dt-1;dt-2;dt-3],[[bb7db3d0-e919-4d18-93f6-95feeb31815c;80a60db7-1f7e-433f-a004-581a35f572c5;98ef4271-19ec-4036-8b43-9f2282dbac4a;e2893569-27c8-49b6-9faf-4f9a3f5ccddc;0da28406-821c-46ac-91e4-507992c9cbbb;1f256142-3134-4d55-af2b-d0c18bbf5582]]
2026-04-26 10:07:30.839,23.957,CrossSignalDivergence_OBS,atomic,[CrossSignalDivergence_OBS],[1.0000],1,6,1.0000,[dt-1;dt-2;dt-3],[[bb7db3d0-e919-4d18-93f6-95feeb31815c;80a60db7-1f7e-433f-a004-581a35f572c5;98ef4271-19ec-4036-8b43-9f2282dbac4a;e2893569-27c8-49b6-9faf-4f9a3f5ccddc;0da28406-821c-46ac-91e4-507992c9cbbb;1f256142-3134-4d55-af2b-d0c18bbf5582]]
2026-04-26 10:07:30.865,23.983,CrossSignalRelativeStable_GT,atomic,[CrossSignalRelativeStable_GT],[1.0000],1,6,1.0000,[dt-1;dt-2;dt-3],[[82525fe6-fcde-4c20-afde-558ade125d03;55511230-64f1-4c0e-bc8e-d0a95c341c2d;cd0bfc8c-687e-4e60-8d01-6ece5cab45ee;1e50e495-59ca-4eaf-8d91-95a28032309e;ad30b5e2-06fe-4b8a-b3fd-103a5f105d96;ad48e48f-e994-4883-b7ae-6b0e6f02ed83]]
2026-04-26 10:07:30.950,24.068,CrossSignalRelativeStable_SYS,atomic,[CrossSignalRelativeStable_SYS],[0.8478],1,6,0.8478,[dt-1;dt-2;dt-3],[[b9b7d2e8-4d73-4094-b5e0-a52f413a5839;eb621f6d-43bd-4699-ba9a-d944d251afc1;2f2adf61-25e8-4f48-afff-aa6be2e083e0;4a331f42-1c79-4b5c-a5f5-f565c340673d;0da28406-821c-46ac-91e4-507992c9cbbb;a4cdd982-babf-4b8b-bd0a-4549c7db5197]]
2026-04-26 10:07:30.957,24.075,CrossSignalDivergence_SYS,atomic,[CrossSignalDivergence_SYS],[0.8478],1,6,0.8478,[dt-1;dt-2;dt-3],[[b9b7d2e8-4d73-4094-b5e0-a52f413a5839;eb621f6d-43bd-4699-ba9a-d944d251afc1;2f2adf61-25e8-4f48-afff-aa6be2e083e0;4a331f42-1c79-4b5c-a5f5-f565c340673d;0da28406-821c-46ac-91e4-507992c9cbbb;a4cdd982-babf-4b8b-bd0a-4549c7db5197]]
2026-04-26 10:07:30.981,24.099,CrossSignalRelativeStable_GT,atomic,[CrossSignalRelativeStable_GT],[1.0000],1,6,1.0000,[dt-1;dt-2;dt-3],[[1e50e495-59ca-4eaf-8d91-95a28032309e;ad30b5e2-06fe-4b8a-b3fd-103a5f105d96;ad48e48f-e994-4883-b7ae-6b0e6f02ed83;3717ccb8-5bd0-4b09-9fd1-ae05ac46961b;1a58e833-77aa-42dc-b996-d1bcfb53eded;c3b0fd87-f215-4b23-afe0-d0b0add0ae14]]
2026-04-26 10:07:31.079,24.197,CrossSignalRelativeStable_GT,atomic,[CrossSignalRelativeStable_GT],[1.0000],1,6,1.0000,[dt-1;dt-2;dt-3],[[3717ccb8-5bd0-4b09-9fd1-ae05ac46961b;1a58e833-77aa-42dc-b996-d1bcfb53eded;c3b0fd87-f215-4b23-afe0-d0b0add0ae14;664b69ea-1c43-424d-89fd-da0f58600003;7b199ee0-903d-418d-9138-5d4eea4fa325;d61d3ba1-f984-4850-87ed-f1cd7d1432bc]]
2026-04-26 10:07:31.178,24.296,CrossSignalRelativeStable_SYS,atomic,[CrossSignalRelativeStable_SYS],[0.9767],1,6,0.9767,[dt-1;dt-2;dt-3],[[f057bcf5-db68-45f7-86f1-c628610daa8a;50f92c5d-7788-431f-8def-0537b2fb5fbb;2862ad0c-3dcd-4c08-8f44-f4f7bdfcfb6d;1ce795d2-fcc4-4e1b-b628-338b7101a5d6;80aa22a8-2914-4cb5-962a-73986df90763;7f65df25-7b80-4b46-937e-29329be68453]]
2026-04-26 10:07:31.178,24.296,CrossSignalDivergence_SYS,atomic,[CrossSignalDivergence_SYS],[0.9767],1,6,0.9767,[dt-1;dt-2;dt-3],[[f057bcf5-db68-45f7-86f1-c628610daa8a;50f92c5d-7788-431f-8def-0537b2fb5fbb;2862ad0c-3dcd-4c08-8f44-f4f7bdfcfb6d;1ce795d2-fcc4-4e1b-b628-338b7101a5d6;80aa22a8-2914-4cb5-962a-73986df90763;7f65df25-7b80-4b46-937e-29329be68453]]
2026-04-26 10:07:31.184,24.302,CrossSignalRelativeStable_GT,atomic,[CrossSignalRelativeStable_GT],[1.0000],1,6,1.0000,[dt-1;dt-2;dt-3],[[664b69ea-1c43-424d-89fd-da0f58600003;7b199ee0-903d-418d-9138-5d4eea4fa325;d61d3ba1-f984-4850-87ed-f1cd7d1432bc;c5f0a736-6666-481b-879a-63c5ae1d6e91;15501029-a47b-4f60-a3bd-6415fc548077;17e59d07-dc46-4533-bbab-4b6ab755967c]]
2026-04-26 10:07:31.289,24.407,CrossSignalRelativeStable_OBS,atomic,[CrossSignalRelativeStable_OBS],[1.0000],1,6,1.0000,[dt-1;dt-2;dt-3],[[e2893569-27c8-49b6-9faf-4f9a3f5ccddc;0da28406-821c-46ac-91e4-507992c9cbbb;1f256142-3134-4d55-af2b-d0c18bbf5582;4a331f42-1c79-4b5c-a5f5-f565c340673d;2fe779df-2197-4706-a62e-03e75f70a9be;043bfb83-9e50-4203-af8a-466b81ec8fd8]]
2026-04-26 10:07:31.296,24.414,CrossSignalRelativeStable_GT,atomic,[CrossSignalRelativeStable_GT],[1.0000],1,6,1.0000,[dt-1;dt-2;dt-3],[[c5f0a736-6666-481b-879a-63c5ae1d6e91;15501029-a47b-4f60-a3bd-6415fc548077;17e59d07-dc46-4533-bbab-4b6ab755967c;d43e147c-e56f-40b4-9bc0-b336ee5c05c4;3a4bd609-942e-4dfc-b3ec-2b60841ff2f6;0100b783-3c0c-4b02-a30a-aadd6fb928c0]]
2026-04-26 10:07:31.297,24.415,CrossSignalRelativeStable_SYS,atomic,[CrossSignalRelativeStable_SYS],[0.9811],1,6,0.9811,[dt-1;dt-2;dt-3],[[1ce795d2-fcc4-4e1b-b628-338b7101a5d6;80aa22a8-2914-4cb5-962a-73986df90763;7f65df25-7b80-4b46-937e-29329be68453;8138c622-7b39-4b82-b582-78571f3c9536;2fe779df-2197-4706-a62e-03e75f70a9be;4270afb1-3372-4055-81de-17ef141a5222]]
2026-04-26 10:07:31.417,24.535,CrossSignalRelativeStable_GT,atomic,[CrossSignalRelativeStable_GT],[1.0000],1,6,1.0000,[dt-1;dt-2;dt-3],[[d43e147c-e56f-40b4-9bc0-b336ee5c05c4;3a4bd609-942e-4dfc-b3ec-2b60841ff2f6;0100b783-3c0c-4b02-a30a-aadd6fb928c0;ab084d18-153b-4ff1-8d1d-20a7a1dd02da;e456f61f-b03c-46d5-b52e-38e1c2363884;f1a876f6-c331-4676-ac95-9764e9ac2c44]]
2026-04-26 10:07:31.514,24.632,CrossSignalRelativeStable_SYS,atomic,[CrossSignalRelativeStable_SYS],[0.9804],1,6,0.9804,[dt-1;dt-2;dt-3],[[8138c622-7b39-4b82-b582-78571f3c9536;2fe779df-2197-4706-a62e-03e75f70a9be;4270afb1-3372-4055-81de-17ef141a5222;87f09f66-5707-4b87-aaa5-3f7f27f43f12;285649e2-358b-4d19-aaa1-c2f1cd6e3025;461f7d3f-ab28-4040-89ea-0fd57a0bb975]]
2026-04-26 10:07:31.526,24.644,CrossSignalRelativeStable_GT,atomic,[CrossSignalRelativeStable_GT],[1.0000],1,6,1.0000,[dt-1;dt-2;dt-3],[[ab084d18-153b-4ff1-8d1d-20a7a1dd02da;e456f61f-b03c-46d5-b52e-38e1c2363884;f1a876f6-c331-4676-ac95-9764e9ac2c44;5f2ba418-24a0-4679-918f-c51beb6fff90;9358be73-9ef9-43c1-a6d2-d3216b6f2bb8;ea6ce564-7933-4836-bd0b-faad09682989]]
2026-04-26 10:07:31.526,24.644,CrossSignalDivergence_GT,atomic,[CrossSignalDivergence_GT],[1.0000],1,6,1.0000,[dt-1;dt-2;dt-3],[[ab084d18-153b-4ff1-8d1d-20a7a1dd02da;e456f61f-b03c-46d5-b52e-38e1c2363884;f1a876f6-c331-4676-ac95-9764e9ac2c44;5f2ba418-24a0-4679-918f-c51beb6fff90;9358be73-9ef9-43c1-a6d2-d3216b6f2bb8;ea6ce564-7933-4836-bd0b-faad09682989]]
2026-04-26 10:07:31.622,24.740,CrossSignalRelativeStable_SYS,atomic,[CrossSignalRelativeStable_SYS],[0.9245],1,6,0.9245,[dt-1;dt-2;dt-3],[[87f09f66-5707-4b87-aaa5-3f7f27f43f12;285649e2-358b-4d19-aaa1-c2f1cd6e3025;461f7d3f-ab28-4040-89ea-0fd57a0bb975;8cd67535-7ada-4a26-96a8-854de8a2ce6c;55e67c26-0c48-4488-8015-3a3a05d089d6;2c961b27-d86f-4904-ad2a-4a2ee86dae67]]
2026-04-26 10:07:31.623,24.741,CrossSignalRelativeStable_GT,atomic,[CrossSignalRelativeStable_GT],[1.0000],1,6,1.0000,[dt-1;dt-2;dt-3],[[5f2ba418-24a0-4679-918f-c51beb6fff90;9358be73-9ef9-43c1-a6d2-d3216b6f2bb8;ea6ce564-7933-4836-bd0b-faad09682989;c971d84a-91bd-46c5-b1b2-01f37119903b;2823d852-c007-474c-bb17-417d033ed567;8db850ad-86c3-4da6-8b83-2c4087375980]]
2026-04-26 10:07:31.623,24.741,CrossSignalDivergence_GT,atomic,[CrossSignalDivergence_GT],[1.0000],1,6,1.0000,[dt-1;dt-2;dt-3],[[5f2ba418-24a0-4679-918f-c51beb6fff90;9358be73-9ef9-43c1-a6d2-d3216b6f2bb8;ea6ce564-7933-4836-bd0b-faad09682989;c971d84a-91bd-46c5-b1b2-01f37119903b;2823d852-c007-474c-bb17-417d033ed567;8db850ad-86c3-4da6-8b83-2c4087375980]]
2026-04-26 10:07:31.734,24.852,CrossSignalRelativeStable_SYS,atomic,[CrossSignalRelativeStable_SYS],[0.8590],1,6,0.8590,[dt-1;dt-2;dt-3],[[8cd67535-7ada-4a26-96a8-854de8a2ce6c;55e67c26-0c48-4488-8015-3a3a05d089d6;2c961b27-d86f-4904-ad2a-4a2ee86dae67;dd935e51-b601-4e22-b118-cb759cdec282;371bb8b2-58d0-45df-9ab0-5b8c108cb6d6;e1019921-efea-4a24-8e8c-3f0396655d23]]
2026-04-26 10:07:31.745,24.863,CrossSignalRelativeStable_GT,atomic,[CrossSignalRelativeStable_GT],[1.0000],1,6,1.0000,[dt-1;dt-2;dt-3],[[c971d84a-91bd-46c5-b1b2-01f37119903b;2823d852-c007-474c-bb17-417d033ed567;8db850ad-86c3-4da6-8b83-2c4087375980;673e4327-d276-4aa5-a20a-47e83074da59;3600d2c4-f409-4140-93b5-65f1c7bf7e08;36924496-09b1-4ec3-b871-a5cb3cdbf9f6]]
2026-04-26 10:07:31.745,24.863,CrossSignalDivergence_GT,atomic,[CrossSignalDivergence_GT],[1.0000],1,6,1.0000,[dt-1;dt-2;dt-3],[[c971d84a-91bd-46c5-b1b2-01f37119903b;2823d852-c007-474c-bb17-417d033ed567;8db850ad-86c3-4da6-8b83-2c4087375980;673e4327-d276-4aa5-a20a-47e83074da59;3600d2c4-f409-4140-93b5-65f1c7bf7e08;36924496-09b1-4ec3-b871-a5cb3cdbf9f6]]
2026-04-26 10:07:31.840,24.958,CrossSignalRelativeStable_SYS,atomic,[CrossSignalRelativeStable_SYS],[0.8065],1,6,0.8065,[dt-1;dt-2;dt-3],[[dd935e51-b601-4e22-b118-cb759cdec282;371bb8b2-58d0-45df-9ab0-5b8c108cb6d6;e1019921-efea-4a24-8e8c-3f0396655d23;0db5e083-0fdd-4b00-9c47-031838ea3995;3b05b1b3-b303-4d75-a9d2-ea5298931b8a;7fec1459-7fb2-4f7d-8ae6-c5706cd3ea14]]
2026-04-26 10:07:31.846,24.964,CrossSignalRelativeStable_GT,atomic,[CrossSignalRelativeStable_GT],[1.0000],1,6,1.0000,[dt-1;dt-2;dt-3],[[673e4327-d276-4aa5-a20a-47e83074da59;3600d2c4-f409-4140-93b5-65f1c7bf7e08;36924496-09b1-4ec3-b871-a5cb3cdbf9f6;b0884508-33ae-4425-bc0e-088486fd8cd7;c45f9816-2862-4e66-9cf3-bcee532e95e5;56d81fe1-2112-4860-9202-af7ca77a8351]]
2026-04-26 10:07:31.846,24.964,CrossSignalDivergence_GT,atomic,[CrossSignalDivergence_GT],[1.0000],1,6,1.0000,[dt-1;dt-2;dt-3],[[673e4327-d276-4aa5-a20a-47e83074da59;3600d2c4-f409-4140-93b5-65f1c7bf7e08;36924496-09b1-4ec3-b871-a5cb3cdbf9f6;b0884508-33ae-4425-bc0e-088486fd8cd7;c45f9816-2862-4e66-9cf3-bcee532e95e5;56d81fe1-2112-4860-9202-af7ca77a8351]]
2026-04-26 10:07:31.954,25.072,CrossSignalRelativeStable_OBS,atomic,[CrossSignalRelativeStable_OBS],[1.0000],1,6,1.0000,[dt-1;dt-2;dt-3],[[4a331f42-1c79-4b5c-a5f5-f565c340673d;2fe779df-2197-4706-a62e-03e75f70a9be;043bfb83-9e50-4203-af8a-466b81ec8fd8;d0b0d035-b0b1-47ae-9f5b-9a29f0b0da27;f04a3538-aed0-435a-9839-4cb11a3e365d;4270afb1-3372-4055-81de-17ef141a5222]]
2026-04-26 10:07:31.960,25.078,CrossSignalRelativeStable_GT,atomic,[CrossSignalRelativeStable_GT],[1.0000],1,6,1.0000,[dt-1;dt-2;dt-3],[[b0884508-33ae-4425-bc0e-088486fd8cd7;c45f9816-2862-4e66-9cf3-bcee532e95e5;56d81fe1-2112-4860-9202-af7ca77a8351;f9e0c888-90f9-4a93-8bfc-ce82d3fdbd84;89c8b977-4a8a-4eb5-9d34-97dea507fdf1;3ec6f800-2300-43b3-93b2-ddce5026a06f]]
2026-04-26 10:07:31.960,25.078,CrossSignalRelativeStable_SYS,atomic,[CrossSignalRelativeStable_SYS],[0.8916],1,6,0.8916,[dt-1;dt-2;dt-3],[[0db5e083-0fdd-4b00-9c47-031838ea3995;3b05b1b3-b303-4d75-a9d2-ea5298931b8a;7fec1459-7fb2-4f7d-8ae6-c5706cd3ea14;af0148ba-3320-42f7-9e16-974ee9d7c898;f04a3538-aed0-435a-9839-4cb11a3e365d;aad18d74-2452-4191-9f36-a363bc19f7d7]]
2026-04-26 10:07:32.067,25.185,CrossSignalRelativeStable_OBS,atomic,[CrossSignalRelativeStable_OBS],[1.0000],1,6,1.0000,[dt-1;dt-2;dt-3],[[d0b0d035-b0b1-47ae-9f5b-9a29f0b0da27;f04a3538-aed0-435a-9839-4cb11a3e365d;4270afb1-3372-4055-81de-17ef141a5222;fed4883e-6bfa-48a9-b448-16d22420bdc3;6563eff7-7070-419a-a3f3-ec6aeb8c489f;aad18d74-2452-4191-9f36-a363bc19f7d7]]
2026-04-26 10:07:32.085,25.203,CrossSignalRelativeStable_GT,atomic,[CrossSignalRelativeStable_GT],[1.0000],1,6,1.0000,[dt-1;dt-2;dt-3],[[f9e0c888-90f9-4a93-8bfc-ce82d3fdbd84;89c8b977-4a8a-4eb5-9d34-97dea507fdf1;3ec6f800-2300-43b3-93b2-ddce5026a06f;06b6cb18-e937-4c93-8e92-5fb517a68262;27502340-f8b9-4536-9188-6b53d9c644bd;85bec2b8-bf00-4b77-983d-b9cc4919a286]]
2026-04-26 10:07:32.180,25.298,CrossSignalRelativeStable_SYS,atomic,[CrossSignalRelativeStable_SYS],[1.0000],1,6,1.0000,[dt-1;dt-2;dt-3],[[af0148ba-3320-42f7-9e16-974ee9d7c898;f04a3538-aed0-435a-9839-4cb11a3e365d;aad18d74-2452-4191-9f36-a363bc19f7d7;fed4883e-6bfa-48a9-b448-16d22420bdc3;6563eff7-7070-419a-a3f3-ec6aeb8c489f;d44bcea1-625c-4778-940f-9e2e28ab6699]]
2026-04-26 10:07:32.198,25.316,CrossSignalRelativeStable_GT,atomic,[CrossSignalRelativeStable_GT],[1.0000],1,6,1.0000,[dt-1;dt-2;dt-3],[[06b6cb18-e937-4c93-8e92-5fb517a68262;27502340-f8b9-4536-9188-6b53d9c644bd;85bec2b8-bf00-4b77-983d-b9cc4919a286;9b9e78dc-b276-4310-a826-7f8a6fcf118e;10101a80-df54-4813-a226-eeff186f4d20;3d9bd328-05a8-4d1b-8278-630c594d01c4]]
2026-04-26 10:07:32.282,25.400,CrossSignalRelativeStable_OBS,atomic,[CrossSignalRelativeStable_OBS],[1.0000],1,6,1.0000,[dt-1;dt-2;dt-3],[[fed4883e-6bfa-48a9-b448-16d22420bdc3;6563eff7-7070-419a-a3f3-ec6aeb8c489f;aad18d74-2452-4191-9f36-a363bc19f7d7;fa726125-513c-4b60-9740-2f2fb84eede9;55332ad4-3a6a-46b5-8275-eded260641bf;d44bcea1-625c-4778-940f-9e2e28ab6699]]
2026-04-26 10:07:32.299,25.417,CrossSignalRelativeStable_GT,atomic,[CrossSignalRelativeStable_GT],[1.0000],1,6,1.0000,[dt-1;dt-2;dt-3],[[9b9e78dc-b276-4310-a826-7f8a6fcf118e;10101a80-df54-4813-a226-eeff186f4d20;3d9bd328-05a8-4d1b-8278-630c594d01c4;f38a8291-1168-4d64-9de1-620460f164a7;3c9e0b11-a3b8-4d6f-b213-841f4698ed0f;eb53d047-5004-478e-9b6f-c96fd27f606e]]
2026-04-26 10:07:32.402,25.520,CrossSignalRelativeStable_SYS,atomic,[CrossSignalRelativeStable_SYS],[1.0000],1,6,1.0000,[dt-1;dt-2;dt-3],[[fed4883e-6bfa-48a9-b448-16d22420bdc3;6563eff7-7070-419a-a3f3-ec6aeb8c489f;d44bcea1-625c-4778-940f-9e2e28ab6699;fa726125-513c-4b60-9740-2f2fb84eede9;4e004e18-34e3-4c6a-acb1-15d533d7f272;1260c1e6-42f0-4bf6-b484-871071d3be07]]
2026-04-26 10:07:32.409,25.527,CrossSignalRelativeStable_GT,atomic,[CrossSignalRelativeStable_GT],[1.0000],1,6,1.0000,[dt-1;dt-2;dt-3],[[f38a8291-1168-4d64-9de1-620460f164a7;3c9e0b11-a3b8-4d6f-b213-841f4698ed0f;eb53d047-5004-478e-9b6f-c96fd27f606e;144e08af-c73d-4a6d-867c-c6bc91407289;be65f20a-6869-4272-a96b-5ec160ad9353;2e7e87a6-0039-4693-b15c-09c18f58a4c8]]
2026-04-26 10:07:32.526,25.644,CrossSignalRelativeStable_GT,atomic,[CrossSignalRelativeStable_GT],[1.0000],1,6,1.0000,[dt-1;dt-2;dt-3],[[144e08af-c73d-4a6d-867c-c6bc91407289;be65f20a-6869-4272-a96b-5ec160ad9353;2e7e87a6-0039-4693-b15c-09c18f58a4c8;38ca9b7d-2576-463e-9c48-484821f9c91a;ea7267b1-d6c3-4dbb-9f23-990af46ad139;7db87b79-35f0-4e53-823e-e2cb1e522a28]]
2026-04-26 10:07:32.623,25.741,CrossSignalRelativeStable_OBS,atomic,[CrossSignalRelativeStable_OBS],[1.0000],1,6,1.0000,[dt-1;dt-2;dt-3],[[fa726125-513c-4b60-9740-2f2fb84eede9;55332ad4-3a6a-46b5-8275-eded260641bf;d44bcea1-625c-4778-940f-9e2e28ab6699;058ee3ab-5dd1-4885-a023-c2b60f571f4f;4e004e18-34e3-4c6a-acb1-15d533d7f272;1260c1e6-42f0-4bf6-b484-871071d3be07]]
2026-04-26 10:07:32.629,25.747,CrossSignalRelativeStable_SYS,atomic,[CrossSignalRelativeStable_SYS],[0.9804],1,6,0.9804,[dt-1;dt-2;dt-3],[[fa726125-513c-4b60-9740-2f2fb84eede9;4e004e18-34e3-4c6a-acb1-15d533d7f272;1260c1e6-42f0-4bf6-b484-871071d3be07;6f7efd62-75e5-4871-9ebc-c198b3357131;1151e6ce-2a94-400c-9614-c2a4f8ce76af;1385d7e6-3b68-48ab-82bb-a3b3f5b907a1]]
2026-04-26 10:07:32.636,25.754,CrossSignalRelativeStable_GT,atomic,[CrossSignalRelativeStable_GT],[1.0000],1,6,1.0000,[dt-1;dt-2;dt-3],[[38ca9b7d-2576-463e-9c48-484821f9c91a;ea7267b1-d6c3-4dbb-9f23-990af46ad139;7db87b79-35f0-4e53-823e-e2cb1e522a28;6bc44241-80fe-4cdc-bbb3-48fffd1369b0;c057ee7b-c138-4353-9b1a-e69c48e82ef2;19863803-3751-4552-89b0-f43e325c1bc0]]
2026-04-26 10:07:32.749,25.867,CrossSignalRelativeStable_GT,atomic,[CrossSignalRelativeStable_GT],[1.0000],1,6,1.0000,[dt-1;dt-2;dt-3],[[6bc44241-80fe-4cdc-bbb3-48fffd1369b0;c057ee7b-c138-4353-9b1a-e69c48e82ef2;19863803-3751-4552-89b0-f43e325c1bc0;60174941-04f7-425b-a599-c279714ef211;ae55c056-6fe0-4473-a047-4d697aeb87e9;31426988-a5ac-41da-a940-295547de0da4]]
2026-04-26 10:07:32.849,25.967,CrossSignalRelativeStable_SYS,atomic,[CrossSignalRelativeStable_SYS],[0.9579],1,6,0.9579,[dt-1;dt-2;dt-3],[[6f7efd62-75e5-4871-9ebc-c198b3357131;1151e6ce-2a94-400c-9614-c2a4f8ce76af;1385d7e6-3b68-48ab-82bb-a3b3f5b907a1;583ca7ff-30fe-465c-a8bd-c40eb63379f1;464f4722-9247-430b-9dc5-97f57926667c;4816bb9e-e9e8-4a1b-a67b-b1556ef33e89]]
2026-04-26 10:07:32.855,25.973,CrossSignalRelativeStable_GT,atomic,[CrossSignalRelativeStable_GT],[1.0000],1,6,1.0000,[dt-1;dt-2;dt-3],[[60174941-04f7-425b-a599-c279714ef211;ae55c056-6fe0-4473-a047-4d697aeb87e9;31426988-a5ac-41da-a940-295547de0da4;455c2a39-ac2f-40ff-bd2e-c5e4ab1adf67;d9b48a67-8e2e-46be-9052-ed3f803d9716;e2331e76-0ae1-43f9-ba01-ba3d2f49ad86]]
2026-04-26 10:07:32.954,26.072,CrossSignalRelativeStable_SYS,atomic,[CrossSignalRelativeStable_SYS],[0.9378],1,6,0.9378,[dt-1;dt-2;dt-3],[[583ca7ff-30fe-465c-a8bd-c40eb63379f1;464f4722-9247-430b-9dc5-97f57926667c;4816bb9e-e9e8-4a1b-a67b-b1556ef33e89;8df5250e-99df-4ce5-84f4-22ce0afdbcf7;d5025d90-98c7-4aa3-99c8-eb88bfa4e368;90e3d948-9e42-4569-baa1-862445a33d10]]
2026-04-26 10:07:32.960,26.078,CrossSignalRelativeStable_GT,atomic,[CrossSignalRelativeStable_GT],[1.0000],1,6,1.0000,[dt-1;dt-2;dt-3],[[455c2a39-ac2f-40ff-bd2e-c5e4ab1adf67;d9b48a67-8e2e-46be-9052-ed3f803d9716;e2331e76-0ae1-43f9-ba01-ba3d2f49ad86;4f01245c-9967-49ea-8119-c228bc653ab9;c87f860c-4e3a-4531-b269-cebc968c128e;babb5875-5ddb-44d5-aabf-260beb4af83c]]
2026-04-26 10:07:33.063,26.181,CrossSignalRelativeStable_SYS,atomic,[CrossSignalRelativeStable_SYS],[0.9219],1,6,0.9219,[dt-1;dt-2;dt-3],[[8df5250e-99df-4ce5-84f4-22ce0afdbcf7;d5025d90-98c7-4aa3-99c8-eb88bfa4e368;90e3d948-9e42-4569-baa1-862445a33d10;47e6c0b8-68ab-4499-b0d9-52aa8d5f2aa1;28475f71-96d5-42ec-9062-cff87d1105bf;87dd5472-0e6e-41d5-b669-f139c7135e1c]]
2026-04-26 10:07:33.063,26.181,CrossSignalRelativeStable_OBS,atomic,[CrossSignalRelativeStable_OBS],[1.0000],1,6,1.0000,[dt-1;dt-2;dt-3],[[058ee3ab-5dd1-4885-a023-c2b60f571f4f;4e004e18-34e3-4c6a-acb1-15d533d7f272;1260c1e6-42f0-4bf6-b484-871071d3be07;47e6c0b8-68ab-4499-b0d9-52aa8d5f2aa1;1151e6ce-2a94-400c-9614-c2a4f8ce76af;87dd5472-0e6e-41d5-b669-f139c7135e1c]]
2026-04-26 10:07:33.081,26.199,CrossSignalRelativeStable_GT,atomic,[CrossSignalRelativeStable_GT],[1.0000],1,6,1.0000,[dt-1;dt-2;dt-3],[[4f01245c-9967-49ea-8119-c228bc653ab9;c87f860c-4e3a-4531-b269-cebc968c128e;babb5875-5ddb-44d5-aabf-260beb4af83c;4fd09101-9f13-48b2-bd2a-8a117f0dc6a3;963890b4-5473-4679-8672-72053a4fee01;8cec1f1c-4a19-4c23-afa1-6b23c8349ffa]]
2026-04-26 10:07:33.179,26.297,CrossSignalRelativeStable_SYS,atomic,[CrossSignalRelativeStable_SYS],[0.9616],1,6,0.9616,[dt-1;dt-2;dt-3],[[47e6c0b8-68ab-4499-b0d9-52aa8d5f2aa1;28475f71-96d5-42ec-9062-cff87d1105bf;87dd5472-0e6e-41d5-b669-f139c7135e1c;c64376f9-5e41-436c-ae5a-6cb9f7b55adb;5f5cecc0-b591-462d-abe9-18478699b52f;38216d8a-9cf8-4cd6-95cd-5f49349e0a56]]
2026-04-26 10:07:33.179,26.297,CrossSignalRelativeStable_OBS,atomic,[CrossSignalRelativeStable_OBS],[1.0000],1,6,1.0000,[dt-1;dt-2;dt-3],[[47e6c0b8-68ab-4499-b0d9-52aa8d5f2aa1;1151e6ce-2a94-400c-9614-c2a4f8ce76af;87dd5472-0e6e-41d5-b669-f139c7135e1c;c64376f9-5e41-436c-ae5a-6cb9f7b55adb;5f5cecc0-b591-462d-abe9-18478699b52f;38216d8a-9cf8-4cd6-95cd-5f49349e0a56]]
2026-04-26 10:07:33.197,26.315,CrossSignalRelativeStable_GT,atomic,[CrossSignalRelativeStable_GT],[1.0000],1,6,1.0000,[dt-1;dt-2;dt-3],[[4fd09101-9f13-48b2-bd2a-8a117f0dc6a3;963890b4-5473-4679-8672-72053a4fee01;8cec1f1c-4a19-4c23-afa1-6b23c8349ffa;72f29bcc-e5e0-4131-9eeb-29d754c4d885;9abdc599-8b87-4090-843e-89f4dee3a630;d48cd543-6d15-40ab-8c47-2e29a2079136]]
2026-04-26 10:07:33.286,26.404,CrossSignalRelativeStable_SYS,atomic,[CrossSignalRelativeStable_SYS],[0.9804],1,6,0.9804,[dt-1;dt-2;dt-3],[[c64376f9-5e41-436c-ae5a-6cb9f7b55adb;5f5cecc0-b591-462d-abe9-18478699b52f;38216d8a-9cf8-4cd6-95cd-5f49349e0a56;a0eff366-6a43-43a7-b58d-d422aec71d99;7cdebd98-ca6a-47a3-b77c-d0546e949799;a593be80-f7e4-4885-b8dc-ef20791ab8bc]]
2026-04-26 10:07:33.299,26.417,CrossSignalRelativeStable_GT,atomic,[CrossSignalRelativeStable_GT],[1.0000],1,6,1.0000,[dt-1;dt-2;dt-3],[[72f29bcc-e5e0-4131-9eeb-29d754c4d885;9abdc599-8b87-4090-843e-89f4dee3a630;d48cd543-6d15-40ab-8c47-2e29a2079136;2f693364-3745-475f-8bd3-fcb7e8f12a22;82a7bf35-9f56-4037-88b7-88a17b20e543;ac9c275d-163b-4596-bf31-7f1d0a28f659]]
2026-04-26 10:07:33.299,26.417,CrossSignalDivergence_GT,atomic,[CrossSignalDivergence_GT],[1.0000],1,6,1.0000,[dt-1;dt-2;dt-3],[[72f29bcc-e5e0-4131-9eeb-29d754c4d885;9abdc599-8b87-4090-843e-89f4dee3a630;d48cd543-6d15-40ab-8c47-2e29a2079136;2f693364-3745-475f-8bd3-fcb7e8f12a22;82a7bf35-9f56-4037-88b7-88a17b20e543;ac9c275d-163b-4596-bf31-7f1d0a28f659]]
2026-04-26 10:07:33.399,26.517,CrossSignalRelativeStable_SYS,atomic,[CrossSignalRelativeStable_SYS],[0.9239],1,6,0.9239,[dt-1;dt-2;dt-3],[[a0eff366-6a43-43a7-b58d-d422aec71d99;7cdebd98-ca6a-47a3-b77c-d0546e949799;a593be80-f7e4-4885-b8dc-ef20791ab8bc;653a2fff-0bdd-4602-b39d-df989b0356e7;2c03fb24-31ad-4022-bdf8-fa470a841f15;fb3618cd-61c0-4434-9794-2fd430577317]]
2026-04-26 10:07:33.405,26.523,CrossSignalRelativeStable_GT,atomic,[CrossSignalRelativeStable_GT],[1.0000],1,6,1.0000,[dt-1;dt-2;dt-3],[[2f693364-3745-475f-8bd3-fcb7e8f12a22;82a7bf35-9f56-4037-88b7-88a17b20e543;ac9c275d-163b-4596-bf31-7f1d0a28f659;72ab6cbe-b5cc-4410-85a9-a89469564bb8;3583d2e4-5ed5-4064-94e3-d6a7d7adca17;94478fef-33aa-4a1f-a438-22ba65692f01]]
2026-04-26 10:07:33.508,26.626,CrossSignalRelativeStable_SYS,atomic,[CrossSignalRelativeStable_SYS],[0.8918],1,6,0.8918,[dt-1;dt-2;dt-3],[[653a2fff-0bdd-4602-b39d-df989b0356e7;2c03fb24-31ad-4022-bdf8-fa470a841f15;fb3618cd-61c0-4434-9794-2fd430577317;d8f8039f-94a0-43ea-a2be-1645c64af4a8;4aa7cbee-3403-4fb9-b084-47a6472150be;9e382b43-bbaa-48c5-b543-17ac4ca1c3c5]]
2026-04-26 10:07:33.526,26.644,CrossSignalRelativeStable_GT,atomic,[CrossSignalRelativeStable_GT],[1.0000],1,6,1.0000,[dt-1;dt-2;dt-3],[[72ab6cbe-b5cc-4410-85a9-a89469564bb8;3583d2e4-5ed5-4064-94e3-d6a7d7adca17;94478fef-33aa-4a1f-a438-22ba65692f01;b99a998a-200a-43d1-a56f-3819ff5dc941;433d55b0-c08d-4183-8fc3-3e9c2e585bae;29e33646-ef94-45ac-97a1-96900f0438ca]]
2026-04-26 10:07:33.632,26.750,CrossSignalRelativeStable_GT,atomic,[CrossSignalRelativeStable_GT],[1.0000],1,6,1.0000,[dt-1;dt-2;dt-3],[[b99a998a-200a-43d1-a56f-3819ff5dc941;433d55b0-c08d-4183-8fc3-3e9c2e585bae;29e33646-ef94-45ac-97a1-96900f0438ca;54b05e1e-4298-4926-bb78-2627dbd4ab1a;0db27274-45d2-467b-b4c4-aeba983bed4a;0bfc9be9-f831-4f13-9797-bb1bb3130688]]
2026-04-26 10:07:33.730,26.848,CrossSignalRelativeStable_SYS,atomic,[CrossSignalRelativeStable_SYS],[0.8850],1,6,0.8850,[dt-1;dt-2;dt-3],[[d8f8039f-94a0-43ea-a2be-1645c64af4a8;4aa7cbee-3403-4fb9-b084-47a6472150be;9e382b43-bbaa-48c5-b543-17ac4ca1c3c5;63eefc44-e0be-4238-af20-3d58ff434331;de7db41a-0de0-4370-96ce-cca93675b9c4;76dbd13c-34c9-4870-8545-c3144c12c5bf]]
2026-04-26 10:07:33.739,26.857,CrossSignalRelativeStable_GT,atomic,[CrossSignalRelativeStable_GT],[1.0000],1,6,1.0000,[dt-1;dt-2;dt-3],[[54b05e1e-4298-4926-bb78-2627dbd4ab1a;0db27274-45d2-467b-b4c4-aeba983bed4a;0bfc9be9-f831-4f13-9797-bb1bb3130688;364a5a28-ff54-4e41-80cb-cf1b0efc78a7;5103f087-9d7b-4bd1-8800-1bf69377a206;160c68bd-ee08-42aa-8ffa-292deaef1319]]
2026-04-26 10:07:33.842,26.960,CrossSignalRelativeStable_OBS,atomic,[CrossSignalRelativeStable_OBS],[1.0000],1,6,1.0000,[dt-1;dt-2;dt-3],[[c64376f9-5e41-436c-ae5a-6cb9f7b55adb;5f5cecc0-b591-462d-abe9-18478699b52f;38216d8a-9cf8-4cd6-95cd-5f49349e0a56;a0eff366-6a43-43a7-b58d-d422aec71d99;95aa2053-bb3d-4a1e-8f6d-94e99382527a;a593be80-f7e4-4885-b8dc-ef20791ab8bc]]
2026-04-26 10:07:33.849,26.967,CrossSignalRelativeStable_GT,atomic,[CrossSignalRelativeStable_GT],[1.0000],1,6,1.0000,[dt-1;dt-2;dt-3],[[364a5a28-ff54-4e41-80cb-cf1b0efc78a7;5103f087-9d7b-4bd1-8800-1bf69377a206;160c68bd-ee08-42aa-8ffa-292deaef1319;da25faeb-99e5-4158-b86e-9f2de8b96b2f;fa52595c-1645-4135-ba84-a09eb5475fd6;f937428c-f96f-4f11-bc56-fb2b995c2987]]
2026-04-26 10:07:33.849,26.967,CrossSignalDivergence_GT,atomic,[CrossSignalDivergence_GT],[1.0000],1,6,1.0000,[dt-1;dt-2;dt-3],[[364a5a28-ff54-4e41-80cb-cf1b0efc78a7;5103f087-9d7b-4bd1-8800-1bf69377a206;160c68bd-ee08-42aa-8ffa-292deaef1319;da25faeb-99e5-4158-b86e-9f2de8b96b2f;fa52595c-1645-4135-ba84-a09eb5475fd6;f937428c-f96f-4f11-bc56-fb2b995c2987]]
2026-04-26 10:07:33.954,27.072,CrossSignalRelativeStable_SYS,atomic,[CrossSignalRelativeStable_SYS],[0.8641],1,6,0.8641,[dt-1;dt-2;dt-3],[[63eefc44-e0be-4238-af20-3d58ff434331;de7db41a-0de0-4370-96ce-cca93675b9c4;76dbd13c-34c9-4870-8545-c3144c12c5bf;b8b56a5d-b13f-40e6-96bc-9ec116213bb3;a148b90a-f15e-48ab-bce8-15a06c55bd7f;8e809256-f9a3-4570-906a-ce93fa35a1d2]]
2026-04-26 10:07:33.986,27.104,CrossSignalRelativeStable_GT,atomic,[CrossSignalRelativeStable_GT],[1.0000],1,6,1.0000,[dt-1;dt-2;dt-3],[[da25faeb-99e5-4158-b86e-9f2de8b96b2f;fa52595c-1645-4135-ba84-a09eb5475fd6;f937428c-f96f-4f11-bc56-fb2b995c2987;3130ba7d-d52e-4753-b44b-25ba3bacc14e;16022f8c-da89-4be5-b153-80ccdbd8b0cf;148a3121-563e-4257-819f-43c1309228c7]]
2026-04-26 10:07:33.986,27.104,CrossSignalDivergence_GT,atomic,[CrossSignalDivergence_GT],[1.0000],1,6,1.0000,[dt-1;dt-2;dt-3],[[da25faeb-99e5-4158-b86e-9f2de8b96b2f;fa52595c-1645-4135-ba84-a09eb5475fd6;f937428c-f96f-4f11-bc56-fb2b995c2987;3130ba7d-d52e-4753-b44b-25ba3bacc14e;16022f8c-da89-4be5-b153-80ccdbd8b0cf;148a3121-563e-4257-819f-43c1309228c7]]
2026-04-26 10:07:34.061,27.179,CrossSignalRelativeStable_OBS,atomic,[CrossSignalRelativeStable_OBS],[1.0000],1,6,1.0000,[dt-1;dt-2;dt-3],[[a0eff366-6a43-43a7-b58d-d422aec71d99;95aa2053-bb3d-4a1e-8f6d-94e99382527a;a593be80-f7e4-4885-b8dc-ef20791ab8bc;b8b56a5d-b13f-40e6-96bc-9ec116213bb3;552d581f-8c6d-4e06-9841-e93be0b93978;bc45532f-5197-45a7-8257-ab9101c7d835]]
2026-04-26 10:07:34.062,27.180,CrossSignalDivergence_OBS,atomic,[CrossSignalDivergence_OBS],[1.0000],1,6,1.0000,[dt-1;dt-2;dt-3],[[a0eff366-6a43-43a7-b58d-d422aec71d99;95aa2053-bb3d-4a1e-8f6d-94e99382527a;a593be80-f7e4-4885-b8dc-ef20791ab8bc;b8b56a5d-b13f-40e6-96bc-9ec116213bb3;552d581f-8c6d-4e06-9841-e93be0b93978;bc45532f-5197-45a7-8257-ab9101c7d835]]
2026-04-26 10:07:34.074,27.192,CrossSignalRelativeStable_GT,atomic,[CrossSignalRelativeStable_GT],[1.0000],1,6,1.0000,[dt-1;dt-2;dt-3],[[3130ba7d-d52e-4753-b44b-25ba3bacc14e;16022f8c-da89-4be5-b153-80ccdbd8b0cf;148a3121-563e-4257-819f-43c1309228c7;3765bcd9-bda3-4686-b109-decdd522e9a7;4c6058da-01e0-4360-afa4-6b726259fcea;f64565ab-cfcf-4182-b787-bfb713fab274]]
2026-04-26 10:07:34.074,27.192,CrossSignalDivergence_GT,atomic,[CrossSignalDivergence_GT],[1.0000],1,6,1.0000,[dt-1;dt-2;dt-3],[[3130ba7d-d52e-4753-b44b-25ba3bacc14e;16022f8c-da89-4be5-b153-80ccdbd8b0cf;148a3121-563e-4257-819f-43c1309228c7;3765bcd9-bda3-4686-b109-decdd522e9a7;4c6058da-01e0-4360-afa4-6b726259fcea;f64565ab-cfcf-4182-b787-bfb713fab274]]
2026-04-26 10:07:34.177,27.295,CrossSignalRelativeStable_SYS,atomic,[CrossSignalRelativeStable_SYS],[0.9035],1,6,0.9035,[dt-1;dt-2;dt-3],[[b8b56a5d-b13f-40e6-96bc-9ec116213bb3;a148b90a-f15e-48ab-bce8-15a06c55bd7f;8e809256-f9a3-4570-906a-ce93fa35a1d2;7ca73679-5459-4437-82d1-792b0216f9f3;5d88764d-2836-4ba0-9eba-74beaf5c9e64;b7460ffd-34c1-4aeb-8abd-ec7c6a6d57db]]
2026-04-26 10:07:34.177,27.295,CrossSignalDivergence_SYS,atomic,[CrossSignalDivergence_SYS],[0.9035],1,6,0.9035,[dt-1;dt-2;dt-3],[[b8b56a5d-b13f-40e6-96bc-9ec116213bb3;a148b90a-f15e-48ab-bce8-15a06c55bd7f;8e809256-f9a3-4570-906a-ce93fa35a1d2;7ca73679-5459-4437-82d1-792b0216f9f3;5d88764d-2836-4ba0-9eba-74beaf5c9e64;b7460ffd-34c1-4aeb-8abd-ec7c6a6d57db]]
2026-04-26 10:07:34.183,27.301,CrossSignalRelativeStable_GT,atomic,[CrossSignalRelativeStable_GT],[1.0000],1,6,1.0000,[dt-1;dt-2;dt-3],[[3765bcd9-bda3-4686-b109-decdd522e9a7;4c6058da-01e0-4360-afa4-6b726259fcea;f64565ab-cfcf-4182-b787-bfb713fab274;d69881ae-a75c-4f60-84e1-a5375b78cb44;2e44ee4e-07c0-4b07-96de-bff9a2009647;abce4017-9113-4a1c-812c-8f116046b175]]
2026-04-26 10:07:34.183,27.301,CrossSignalDivergence_GT,atomic,[CrossSignalDivergence_GT],[1.0000],1,6,1.0000,[dt-1;dt-2;dt-3],[[3765bcd9-bda3-4686-b109-decdd522e9a7;4c6058da-01e0-4360-afa4-6b726259fcea;f64565ab-cfcf-4182-b787-bfb713fab274;d69881ae-a75c-4f60-84e1-a5375b78cb44;2e44ee4e-07c0-4b07-96de-bff9a2009647;abce4017-9113-4a1c-812c-8f116046b175]]
2026-04-26 10:07:34.300,27.418,CrossSignalRelativeStable_GT,atomic,[CrossSignalRelativeStable_GT],[1.0000],1,6,1.0000,[dt-1;dt-2;dt-3],[[d69881ae-a75c-4f60-84e1-a5375b78cb44;2e44ee4e-07c0-4b07-96de-bff9a2009647;abce4017-9113-4a1c-812c-8f116046b175;1ab5c348-bf21-4fd3-949c-ace02503b52d;38986230-3e2e-44ca-97c2-d0de8fb79f38;3e548899-99ac-4d0e-9fc2-4de82f10c40b]]
2026-04-26 10:07:34.300,27.418,CrossSignalDivergence_GT,atomic,[CrossSignalDivergence_GT],[1.0000],1,6,1.0000,[dt-1;dt-2;dt-3],[[d69881ae-a75c-4f60-84e1-a5375b78cb44;2e44ee4e-07c0-4b07-96de-bff9a2009647;abce4017-9113-4a1c-812c-8f116046b175;1ab5c348-bf21-4fd3-949c-ace02503b52d;38986230-3e2e-44ca-97c2-d0de8fb79f38;3e548899-99ac-4d0e-9fc2-4de82f10c40b]]
2026-04-26 10:07:34.397,27.515,CrossSignalRelativeStable_SYS,atomic,[CrossSignalRelativeStable_SYS],[0.9392],1,6,0.9392,[dt-1;dt-2;dt-3],[[7ca73679-5459-4437-82d1-792b0216f9f3;5d88764d-2836-4ba0-9eba-74beaf5c9e64;b7460ffd-34c1-4aeb-8abd-ec7c6a6d57db;027669d6-0491-4f97-aa92-a952e1fa64b3;4a3be190-1c20-4d5c-bc3e-0c1223e0366d;9f97dede-5342-4ba8-b2f6-e91d86bb1bf8]]
2026-04-26 10:07:34.397,27.515,CrossSignalDivergence_SYS,atomic,[CrossSignalDivergence_SYS],[0.9392],1,6,0.9392,[dt-1;dt-2;dt-3],[[7ca73679-5459-4437-82d1-792b0216f9f3;5d88764d-2836-4ba0-9eba-74beaf5c9e64;b7460ffd-34c1-4aeb-8abd-ec7c6a6d57db;027669d6-0491-4f97-aa92-a952e1fa64b3;4a3be190-1c20-4d5c-bc3e-0c1223e0366d;9f97dede-5342-4ba8-b2f6-e91d86bb1bf8]]
2026-04-26 10:07:34.407,27.525,CrossSignalRelativeStable_GT,atomic,[CrossSignalRelativeStable_GT],[1.0000],1,6,1.0000,[dt-1;dt-2;dt-3],[[1ab5c348-bf21-4fd3-949c-ace02503b52d;38986230-3e2e-44ca-97c2-d0de8fb79f38;3e548899-99ac-4d0e-9fc2-4de82f10c40b;e14676a7-f645-4b7a-8c76-e3d6ba76fdaf;863b31eb-2108-48ce-9a85-87b3f3c0b747;9d4d467b-0e3d-43b7-ad2d-eece6a73c3c4]]
2026-04-26 10:07:34.407,27.525,CrossSignalDivergence_GT,atomic,[CrossSignalDivergence_GT],[1.0000],1,6,1.0000,[dt-1;dt-2;dt-3],[[1ab5c348-bf21-4fd3-949c-ace02503b52d;38986230-3e2e-44ca-97c2-d0de8fb79f38;3e548899-99ac-4d0e-9fc2-4de82f10c40b;e14676a7-f645-4b7a-8c76-e3d6ba76fdaf;863b31eb-2108-48ce-9a85-87b3f3c0b747;9d4d467b-0e3d-43b7-ad2d-eece6a73c3c4]]
2026-04-26 10:07:34.507,27.625,CrossSignalRelativeStable_OBS,atomic,[CrossSignalRelativeStable_OBS],[1.0000],1,6,1.0000,[dt-1;dt-2;dt-3],[[b8b56a5d-b13f-40e6-96bc-9ec116213bb3;552d581f-8c6d-4e06-9841-e93be0b93978;bc45532f-5197-45a7-8257-ab9101c7d835;95422a4f-353c-4802-b665-3c3e2062df5a;259f0dad-c4c4-41f0-9ca9-53e684649c8d;9f97dede-5342-4ba8-b2f6-e91d86bb1bf8]]
2026-04-26 10:07:34.508,27.626,CrossSignalDivergence_OBS,atomic,[CrossSignalDivergence_OBS],[1.0000],1,6,1.0000,[dt-1;dt-2;dt-3],[[b8b56a5d-b13f-40e6-96bc-9ec116213bb3;552d581f-8c6d-4e06-9841-e93be0b93978;bc45532f-5197-45a7-8257-ab9101c7d835;95422a4f-353c-4802-b665-3c3e2062df5a;259f0dad-c4c4-41f0-9ca9-53e684649c8d;9f97dede-5342-4ba8-b2f6-e91d86bb1bf8]]
2026-04-26 10:07:34.525,27.643,CrossSignalRelativeStable_GT,atomic,[CrossSignalRelativeStable_GT],[1.0000],1,6,1.0000,[dt-1;dt-2;dt-3],[[e14676a7-f645-4b7a-8c76-e3d6ba76fdaf;863b31eb-2108-48ce-9a85-87b3f3c0b747;9d4d467b-0e3d-43b7-ad2d-eece6a73c3c4;dc22a48e-8b95-492e-917b-73ba7ecdf211;88f6e552-c764-464e-ab62-e7a5b1d40eca;cc43d2a5-92f2-428b-a76c-60b9a5e9008e]]
2026-04-26 10:07:34.525,27.643,CrossSignalDivergence_GT,atomic,[CrossSignalDivergence_GT],[1.0000],1,6,1.0000,[dt-1;dt-2;dt-3],[[e14676a7-f645-4b7a-8c76-e3d6ba76fdaf;863b31eb-2108-48ce-9a85-87b3f3c0b747;9d4d467b-0e3d-43b7-ad2d-eece6a73c3c4;dc22a48e-8b95-492e-917b-73ba7ecdf211;88f6e552-c764-464e-ab62-e7a5b1d40eca;cc43d2a5-92f2-428b-a76c-60b9a5e9008e]]
2026-04-26 10:07:34.619,27.737,CrossSignalRelativeStable_SYS,atomic,[CrossSignalRelativeStable_SYS],[0.8929],1,6,0.8929,[dt-1;dt-2;dt-3],[[027669d6-0491-4f97-aa92-a952e1fa64b3;4a3be190-1c20-4d5c-bc3e-0c1223e0366d;9f97dede-5342-4ba8-b2f6-e91d86bb1bf8;ee605528-efba-40b5-9fe5-aa7758d8a007;758bb21c-c29c-46aa-9043-e25e4c2596a3;3ce34195-93f4-4b67-9d52-489e804c59b6]]
2026-04-26 10:07:34.619,27.737,CrossSignalDivergence_SYS,atomic,[CrossSignalDivergence_SYS],[0.8929],1,6,0.8929,[dt-1;dt-2;dt-3],[[027669d6-0491-4f97-aa92-a952e1fa64b3;4a3be190-1c20-4d5c-bc3e-0c1223e0366d;9f97dede-5342-4ba8-b2f6-e91d86bb1bf8;ee605528-efba-40b5-9fe5-aa7758d8a007;758bb21c-c29c-46aa-9043-e25e4c2596a3;3ce34195-93f4-4b67-9d52-489e804c59b6]]
2026-04-26 10:07:34.638,27.756,CrossSignalRelativeStable_GT,atomic,[CrossSignalRelativeStable_GT],[1.0000],1,6,1.0000,[dt-1;dt-2;dt-3],[[dc22a48e-8b95-492e-917b-73ba7ecdf211;88f6e552-c764-464e-ab62-e7a5b1d40eca;cc43d2a5-92f2-428b-a76c-60b9a5e9008e;3825fd6a-8c7f-4819-9342-6fb82a9e0eae;6fe26b53-b0a5-435e-bbf8-91a212b5a19c;2c85b142-e7c6-45ad-99c3-0475b2cdb836]]
2026-04-26 10:07:34.638,27.756,CrossSignalDivergence_GT,atomic,[CrossSignalDivergence_GT],[1.0000],1,6,1.0000,[dt-1;dt-2;dt-3],[[dc22a48e-8b95-492e-917b-73ba7ecdf211;88f6e552-c764-464e-ab62-e7a5b1d40eca;cc43d2a5-92f2-428b-a76c-60b9a5e9008e;3825fd6a-8c7f-4819-9342-6fb82a9e0eae;6fe26b53-b0a5-435e-bbf8-91a212b5a19c;2c85b142-e7c6-45ad-99c3-0475b2cdb836]]
2026-04-26 10:07:34.734,27.852,CrossSignalRelativeStable_OBS,atomic,[CrossSignalRelativeStable_OBS],[1.0000],1,6,1.0000,[dt-1;dt-2;dt-3],[[95422a4f-353c-4802-b665-3c3e2062df5a;259f0dad-c4c4-41f0-9ca9-53e684649c8d;9f97dede-5342-4ba8-b2f6-e91d86bb1bf8;86a94dfd-9c27-48e0-b313-a9e29566bbbf;17c90200-82e7-4aad-976e-ce767c032d3a;ba4f558d-6e3b-45fa-a2de-13d1616e97fc]]
2026-04-26 10:07:34.734,27.852,CrossSignalDivergence_OBS,atomic,[CrossSignalDivergence_OBS],[1.0000],1,6,1.0000,[dt-1;dt-2;dt-3],[[95422a4f-353c-4802-b665-3c3e2062df5a;259f0dad-c4c4-41f0-9ca9-53e684649c8d;9f97dede-5342-4ba8-b2f6-e91d86bb1bf8;86a94dfd-9c27-48e0-b313-a9e29566bbbf;17c90200-82e7-4aad-976e-ce767c032d3a;ba4f558d-6e3b-45fa-a2de-13d1616e97fc]]
2026-04-26 10:07:34.745,27.863,CrossSignalRelativeStable_GT,atomic,[CrossSignalRelativeStable_GT],[1.0000],1,6,1.0000,[dt-1;dt-2;dt-3],[[3825fd6a-8c7f-4819-9342-6fb82a9e0eae;6fe26b53-b0a5-435e-bbf8-91a212b5a19c;2c85b142-e7c6-45ad-99c3-0475b2cdb836;0a1253ef-db31-4dd1-8de9-b46aeb979242;a3d59afa-015b-4a8f-9981-c4921df09030;4f18a0d9-2805-44d8-afd6-95622cdd69b4]]
2026-04-26 10:07:34.745,27.863,CrossSignalDivergence_GT,atomic,[CrossSignalDivergence_GT],[1.0000],1,6,1.0000,[dt-1;dt-2;dt-3],[[3825fd6a-8c7f-4819-9342-6fb82a9e0eae;6fe26b53-b0a5-435e-bbf8-91a212b5a19c;2c85b142-e7c6-45ad-99c3-0475b2cdb836;0a1253ef-db31-4dd1-8de9-b46aeb979242;a3d59afa-015b-4a8f-9981-c4921df09030;4f18a0d9-2805-44d8-afd6-95622cdd69b4]]
2026-04-26 10:07:34.841,27.959,CrossSignalRelativeStable_SYS,atomic,[CrossSignalRelativeStable_SYS],[0.9102],1,6,0.9102,[dt-1;dt-2;dt-3],[[ee605528-efba-40b5-9fe5-aa7758d8a007;758bb21c-c29c-46aa-9043-e25e4c2596a3;3ce34195-93f4-4b67-9d52-489e804c59b6;2fbcbda2-dde4-495c-8b26-9249bd839927;17c90200-82e7-4aad-976e-ce767c032d3a;ba4f558d-6e3b-45fa-a2de-13d1616e97fc]]
2026-04-26 10:07:34.841,27.959,CrossSignalDivergence_SYS,atomic,[CrossSignalDivergence_SYS],[0.9102],1,6,0.9102,[dt-1;dt-2;dt-3],[[ee605528-efba-40b5-9fe5-aa7758d8a007;758bb21c-c29c-46aa-9043-e25e4c2596a3;3ce34195-93f4-4b67-9d52-489e804c59b6;2fbcbda2-dde4-495c-8b26-9249bd839927;17c90200-82e7-4aad-976e-ce767c032d3a;ba4f558d-6e3b-45fa-a2de-13d1616e97fc]]
2026-04-26 10:07:34.859,27.977,CrossSignalRelativeStable_GT,atomic,[CrossSignalRelativeStable_GT],[1.0000],1,6,1.0000,[dt-1;dt-2;dt-3],[[0a1253ef-db31-4dd1-8de9-b46aeb979242;a3d59afa-015b-4a8f-9981-c4921df09030;4f18a0d9-2805-44d8-afd6-95622cdd69b4;0d3e30d7-8cd7-438f-8d98-91bcbc8f2273;b6740d82-c77f-4b7c-a679-700842f0eaa3;67839f38-dfb7-4a27-a059-c728a30d8f63]]
2026-04-26 10:07:34.859,27.977,CrossSignalDivergence_GT,atomic,[CrossSignalDivergence_GT],[1.0000],1,6,1.0000,[dt-1;dt-2;dt-3],[[0a1253ef-db31-4dd1-8de9-b46aeb979242;a3d59afa-015b-4a8f-9981-c4921df09030;4f18a0d9-2805-44d8-afd6-95622cdd69b4;0d3e30d7-8cd7-438f-8d98-91bcbc8f2273;b6740d82-c77f-4b7c-a679-700842f0eaa3;67839f38-dfb7-4a27-a059-c728a30d8f63]]
2026-04-26 10:07:34.952,28.070,CrossSignalRelativeStable_SYS,atomic,[CrossSignalRelativeStable_SYS],[0.9797],1,6,0.9797,[dt-1;dt-2;dt-3],[[2fbcbda2-dde4-495c-8b26-9249bd839927;17c90200-82e7-4aad-976e-ce767c032d3a;ba4f558d-6e3b-45fa-a2de-13d1616e97fc;a2b335c6-c4cf-44e2-94e1-988c69579743;b634b55e-7d4a-4ac2-9211-a4cfb92ae760;3f73a351-537f-4954-b6a6-0611c8056485]]
2026-04-26 10:07:34.952,28.070,CrossSignalDivergence_SYS,atomic,[CrossSignalDivergence_SYS],[0.9797],1,6,0.9797,[dt-1;dt-2;dt-3],[[2fbcbda2-dde4-495c-8b26-9249bd839927;17c90200-82e7-4aad-976e-ce767c032d3a;ba4f558d-6e3b-45fa-a2de-13d1616e97fc;a2b335c6-c4cf-44e2-94e1-988c69579743;b634b55e-7d4a-4ac2-9211-a4cfb92ae760;3f73a351-537f-4954-b6a6-0611c8056485]]
2026-04-26 10:07:34.969,28.087,CrossSignalRelativeStable_GT,atomic,[CrossSignalRelativeStable_GT],[1.0000],1,6,1.0000,[dt-1;dt-2;dt-3],[[0d3e30d7-8cd7-438f-8d98-91bcbc8f2273;b6740d82-c77f-4b7c-a679-700842f0eaa3;67839f38-dfb7-4a27-a059-c728a30d8f63;9a0177ae-22ca-4ea2-aa72-361c9b6e2f26;efe6acdf-5503-4f21-a12b-2538070b40ec;539a0142-184a-46cb-a272-bb1b40832638]]
2026-04-26 10:07:34.969,28.087,CrossSignalDivergence_GT,atomic,[CrossSignalDivergence_GT],[1.0000],1,6,1.0000,[dt-1;dt-2;dt-3],[[0d3e30d7-8cd7-438f-8d98-91bcbc8f2273;b6740d82-c77f-4b7c-a679-700842f0eaa3;67839f38-dfb7-4a27-a059-c728a30d8f63;9a0177ae-22ca-4ea2-aa72-361c9b6e2f26;efe6acdf-5503-4f21-a12b-2538070b40ec;539a0142-184a-46cb-a272-bb1b40832638]]
2026-04-26 10:07:35.065,28.183,CrossSignalRelativeStable_SYS,atomic,[CrossSignalRelativeStable_SYS],[0.9796],1,6,0.9796,[dt-1;dt-2;dt-3],[[a2b335c6-c4cf-44e2-94e1-988c69579743;b634b55e-7d4a-4ac2-9211-a4cfb92ae760;3f73a351-537f-4954-b6a6-0611c8056485;f5cbc3a6-fde3-4a53-8662-09f18ff0e2ac;bb2cc11b-10ce-42d7-a9e3-5cc2e91d51c5;20e9b74f-5c22-4a47-bed3-3d660d7b1de0]]
2026-04-26 10:07:35.066,28.184,CrossSignalDivergence_SYS,atomic,[CrossSignalDivergence_SYS],[0.9796],1,6,0.9796,[dt-1;dt-2;dt-3],[[a2b335c6-c4cf-44e2-94e1-988c69579743;b634b55e-7d4a-4ac2-9211-a4cfb92ae760;3f73a351-537f-4954-b6a6-0611c8056485;f5cbc3a6-fde3-4a53-8662-09f18ff0e2ac;bb2cc11b-10ce-42d7-a9e3-5cc2e91d51c5;20e9b74f-5c22-4a47-bed3-3d660d7b1de0]]
2026-04-26 10:07:35.082,28.200,CrossSignalRelativeStable_GT,atomic,[CrossSignalRelativeStable_GT],[1.0000],1,6,1.0000,[dt-1;dt-2;dt-3],[[9a0177ae-22ca-4ea2-aa72-361c9b6e2f26;efe6acdf-5503-4f21-a12b-2538070b40ec;539a0142-184a-46cb-a272-bb1b40832638;8a3d973f-8e15-4f88-9d2e-9941250a770e;c598314f-c122-45d6-a409-80e709784792;f9277304-b5c3-455c-b40b-b266f6b473f4]]
2026-04-26 10:07:35.082,28.200,CrossSignalDivergence_GT,atomic,[CrossSignalDivergence_GT],[1.0000],1,6,1.0000,[dt-1;dt-2;dt-3],[[9a0177ae-22ca-4ea2-aa72-361c9b6e2f26;efe6acdf-5503-4f21-a12b-2538070b40ec;539a0142-184a-46cb-a272-bb1b40832638;8a3d973f-8e15-4f88-9d2e-9941250a770e;c598314f-c122-45d6-a409-80e709784792;f9277304-b5c3-455c-b40b-b266f6b473f4]]
2026-04-26 10:07:35.171,28.289,CrossSignalRelativeStable_SYS,atomic,[CrossSignalRelativeStable_SYS],[0.9258],1,6,0.9258,[dt-1;dt-2;dt-3],[[f5cbc3a6-fde3-4a53-8662-09f18ff0e2ac;bb2cc11b-10ce-42d7-a9e3-5cc2e91d51c5;20e9b74f-5c22-4a47-bed3-3d660d7b1de0;d9692989-465b-4e73-9bdf-696d5f9a0f48;ff07f0b4-6c52-445c-a580-29fe666012e0;9ce67919-bded-41c6-ba80-22e00d3614da]]
2026-04-26 10:07:35.171,28.289,CrossSignalDivergence_SYS,atomic,[CrossSignalDivergence_SYS],[0.9258],1,6,0.9258,[dt-1;dt-2;dt-3],[[f5cbc3a6-fde3-4a53-8662-09f18ff0e2ac;bb2cc11b-10ce-42d7-a9e3-5cc2e91d51c5;20e9b74f-5c22-4a47-bed3-3d660d7b1de0;d9692989-465b-4e73-9bdf-696d5f9a0f48;ff07f0b4-6c52-445c-a580-29fe666012e0;9ce67919-bded-41c6-ba80-22e00d3614da]]
2026-04-26 10:07:35.177,28.295,CrossSignalRelativeStable_GT,atomic,[CrossSignalRelativeStable_GT],[1.0000],1,6,1.0000,[dt-1;dt-2;dt-3],[[8a3d973f-8e15-4f88-9d2e-9941250a770e;c598314f-c122-45d6-a409-80e709784792;f9277304-b5c3-455c-b40b-b266f6b473f4;125e3beb-f9a4-4b42-ab05-9328831c5ac6;c0db02b2-15d2-4e52-88f7-fa18da12814b;a35cb244-caaf-49f0-acde-b1462983e26d]]
2026-04-26 10:07:35.177,28.295,CrossSignalDivergence_GT,atomic,[CrossSignalDivergence_GT],[1.0000],1,6,1.0000,[dt-1;dt-2;dt-3],[[8a3d973f-8e15-4f88-9d2e-9941250a770e;c598314f-c122-45d6-a409-80e709784792;f9277304-b5c3-455c-b40b-b266f6b473f4;125e3beb-f9a4-4b42-ab05-9328831c5ac6;c0db02b2-15d2-4e52-88f7-fa18da12814b;a35cb244-caaf-49f0-acde-b1462983e26d]]
2026-04-26 10:07:35.293,28.411,CrossSignalRelativeStable_GT,atomic,[CrossSignalRelativeStable_GT],[1.0000],1,6,1.0000,[dt-1;dt-2;dt-3],[[125e3beb-f9a4-4b42-ab05-9328831c5ac6;c0db02b2-15d2-4e52-88f7-fa18da12814b;a35cb244-caaf-49f0-acde-b1462983e26d;4fbbf578-e9e0-439d-96c2-1574a876baa2;a981aaca-e407-4727-8fc1-be13bff0ab58;1fa89464-ec10-46f3-a4ec-e2ca2dca517d]]
2026-04-26 10:07:35.293,28.411,CrossSignalDivergence_GT,atomic,[CrossSignalDivergence_GT],[1.0000],1,6,1.0000,[dt-1;dt-2;dt-3],[[125e3beb-f9a4-4b42-ab05-9328831c5ac6;c0db02b2-15d2-4e52-88f7-fa18da12814b;a35cb244-caaf-49f0-acde-b1462983e26d;4fbbf578-e9e0-439d-96c2-1574a876baa2;a981aaca-e407-4727-8fc1-be13bff0ab58;1fa89464-ec10-46f3-a4ec-e2ca2dca517d]]
2026-04-26 10:07:35.392,28.510,CrossSignalRelativeStable_SYS,atomic,[CrossSignalRelativeStable_SYS],[0.8987],1,6,0.8987,[dt-1;dt-2;dt-3],[[d9692989-465b-4e73-9bdf-696d5f9a0f48;ff07f0b4-6c52-445c-a580-29fe666012e0;9ce67919-bded-41c6-ba80-22e00d3614da;528a3974-e5ca-4c84-bf97-832b8d863579;6130210b-67e1-4590-b5fd-a5f86ada5b29;2e2eafd6-f42e-4ea9-a83d-1564beed8626]]
2026-04-26 10:07:35.393,28.511,CrossSignalDivergence_SYS,atomic,[CrossSignalDivergence_SYS],[0.8987],1,6,0.8987,[dt-1;dt-2;dt-3],[[d9692989-465b-4e73-9bdf-696d5f9a0f48;ff07f0b4-6c52-445c-a580-29fe666012e0;9ce67919-bded-41c6-ba80-22e00d3614da;528a3974-e5ca-4c84-bf97-832b8d863579;6130210b-67e1-4590-b5fd-a5f86ada5b29;2e2eafd6-f42e-4ea9-a83d-1564beed8626]]
2026-04-26 10:07:35.406,28.524,CrossSignalRelativeStable_GT,atomic,[CrossSignalRelativeStable_GT],[1.0000],1,6,1.0000,[dt-1;dt-2;dt-3],[[4fbbf578-e9e0-439d-96c2-1574a876baa2;a981aaca-e407-4727-8fc1-be13bff0ab58;1fa89464-ec10-46f3-a4ec-e2ca2dca517d;29281b2c-c344-47fb-a640-41f9d584e26e;4c1985c0-62f7-4362-ad41-86768e135860;ddbecedf-eb22-4c2a-9a84-77969f70847b]]
2026-04-26 10:07:35.406,28.524,CrossSignalDivergence_GT,atomic,[CrossSignalDivergence_GT],[1.0000],1,6,1.0000,[dt-1;dt-2;dt-3],[[4fbbf578-e9e0-439d-96c2-1574a876baa2;a981aaca-e407-4727-8fc1-be13bff0ab58;1fa89464-ec10-46f3-a4ec-e2ca2dca517d;29281b2c-c344-47fb-a640-41f9d584e26e;4c1985c0-62f7-4362-ad41-86768e135860;ddbecedf-eb22-4c2a-9a84-77969f70847b]]
2026-04-26 10:07:35.506,28.624,CrossSignalRelativeStable_OBS,atomic,[CrossSignalRelativeStable_OBS],[1.0000],1,6,1.0000,[dt-1;dt-2;dt-3],[[86a94dfd-9c27-48e0-b313-a9e29566bbbf;17c90200-82e7-4aad-976e-ce767c032d3a;ba4f558d-6e3b-45fa-a2de-13d1616e97fc;a2b335c6-c4cf-44e2-94e1-988c69579743;333d824a-6e1d-4057-8e25-089476fa4ba1;0d53d1bf-aac5-429f-8e42-ac5e1f03cb0c]]
2026-04-26 10:07:35.506,28.624,CrossSignalDivergence_OBS,atomic,[CrossSignalDivergence_OBS],[1.0000],1,6,1.0000,[dt-1;dt-2;dt-3],[[86a94dfd-9c27-48e0-b313-a9e29566bbbf;17c90200-82e7-4aad-976e-ce767c032d3a;ba4f558d-6e3b-45fa-a2de-13d1616e97fc;a2b335c6-c4cf-44e2-94e1-988c69579743;333d824a-6e1d-4057-8e25-089476fa4ba1;0d53d1bf-aac5-429f-8e42-ac5e1f03cb0c]]
2026-04-26 10:07:35.524,28.642,CrossSignalRelativeStable_GT,atomic,[CrossSignalRelativeStable_GT],[1.0000],1,6,1.0000,[dt-1;dt-2;dt-3],[[29281b2c-c344-47fb-a640-41f9d584e26e;4c1985c0-62f7-4362-ad41-86768e135860;ddbecedf-eb22-4c2a-9a84-77969f70847b;393973a1-4e7f-4c16-881e-dea5e3205bb0;a5684689-ee15-4900-9182-3ad3a64750df;caac9984-7727-4f10-a8cb-18002166b778]]
2026-04-26 10:07:35.524,28.642,CrossSignalDivergence_GT,atomic,[CrossSignalDivergence_GT],[1.0000],1,6,1.0000,[dt-1;dt-2;dt-3],[[29281b2c-c344-47fb-a640-41f9d584e26e;4c1985c0-62f7-4362-ad41-86768e135860;ddbecedf-eb22-4c2a-9a84-77969f70847b;393973a1-4e7f-4c16-881e-dea5e3205bb0;a5684689-ee15-4900-9182-3ad3a64750df;caac9984-7727-4f10-a8cb-18002166b778]]
2026-04-26 10:07:35.613,28.731,CrossSignalRelativeStable_SYS,atomic,[CrossSignalRelativeStable_SYS],[0.9267],1,6,0.9267,[dt-1;dt-2;dt-3],[[fe534ddb-163b-4d5c-a60a-e1b47be53245;0c4f37ff-5b63-4bb6-a69e-f9a3a086d637;9f2a1371-41b0-468b-9fab-2cf9329d30a3;cc0cceed-c1e4-45b7-91f4-e5848fbf6cdd;333d824a-6e1d-4057-8e25-089476fa4ba1;79002d5d-3fb5-40b2-9861-007034dccd9e]]
2026-04-26 10:07:35.614,28.732,CrossSignalDivergence_SYS,atomic,[CrossSignalDivergence_SYS],[0.9267],1,6,0.9267,[dt-1;dt-2;dt-3],[[fe534ddb-163b-4d5c-a60a-e1b47be53245;0c4f37ff-5b63-4bb6-a69e-f9a3a086d637;9f2a1371-41b0-468b-9fab-2cf9329d30a3;cc0cceed-c1e4-45b7-91f4-e5848fbf6cdd;333d824a-6e1d-4057-8e25-089476fa4ba1;79002d5d-3fb5-40b2-9861-007034dccd9e]]
2026-04-26 10:07:35.628,28.746,CrossSignalRelativeStable_GT,atomic,[CrossSignalRelativeStable_GT],[1.0000],1,6,1.0000,[dt-1;dt-2;dt-3],[[393973a1-4e7f-4c16-881e-dea5e3205bb0;a5684689-ee15-4900-9182-3ad3a64750df;caac9984-7727-4f10-a8cb-18002166b778;721ba59e-9169-4fad-bcf9-0aacee669244;ddef5ab1-1231-42b0-b0e5-32f755ac9c14;d1ad9750-158d-4064-ac50-77a9f39a6aa6]]
2026-04-26 10:07:35.628,28.746,CrossSignalDivergence_GT,atomic,[CrossSignalDivergence_GT],[1.0000],1,6,1.0000,[dt-1;dt-2;dt-3],[[393973a1-4e7f-4c16-881e-dea5e3205bb0;a5684689-ee15-4900-9182-3ad3a64750df;caac9984-7727-4f10-a8cb-18002166b778;721ba59e-9169-4fad-bcf9-0aacee669244;ddef5ab1-1231-42b0-b0e5-32f755ac9c14;d1ad9750-158d-4064-ac50-77a9f39a6aa6]]
2026-04-26 10:07:35.729,28.847,CrossSignalRelativeStable_OBS,atomic,[CrossSignalRelativeStable_OBS],[1.0000],1,6,1.0000,[dt-1;dt-2;dt-3],[[a2b335c6-c4cf-44e2-94e1-988c69579743;333d824a-6e1d-4057-8e25-089476fa4ba1;0d53d1bf-aac5-429f-8e42-ac5e1f03cb0c;cc0cceed-c1e4-45b7-91f4-e5848fbf6cdd;d0f8c7f5-4a5e-4848-bf3c-b22c590ff231;433e68c1-895a-49e2-ae3e-e45f5955a58d]]
2026-04-26 10:07:35.729,28.847,CrossSignalDivergence_OBS,atomic,[CrossSignalDivergence_OBS],[1.0000],1,6,1.0000,[dt-1;dt-2;dt-3],[[a2b335c6-c4cf-44e2-94e1-988c69579743;333d824a-6e1d-4057-8e25-089476fa4ba1;0d53d1bf-aac5-429f-8e42-ac5e1f03cb0c;cc0cceed-c1e4-45b7-91f4-e5848fbf6cdd;d0f8c7f5-4a5e-4848-bf3c-b22c590ff231;433e68c1-895a-49e2-ae3e-e45f5955a58d]]
2026-04-26 10:07:35.735,28.853,CrossSignalRelativeStable_GT,atomic,[CrossSignalRelativeStable_GT],[1.0000],1,6,1.0000,[dt-1;dt-2;dt-3],[[721ba59e-9169-4fad-bcf9-0aacee669244;ddef5ab1-1231-42b0-b0e5-32f755ac9c14;d1ad9750-158d-4064-ac50-77a9f39a6aa6;4b10049f-8da5-480e-892f-3ddff85b1ab5;62de609f-9965-44a2-8579-2e4503544ceb;25a225a0-7df3-4197-825c-aae728f87233]]
2026-04-26 10:07:35.735,28.853,CrossSignalDivergence_GT,atomic,[CrossSignalDivergence_GT],[1.0000],1,6,1.0000,[dt-1;dt-2;dt-3],[[721ba59e-9169-4fad-bcf9-0aacee669244;ddef5ab1-1231-42b0-b0e5-32f755ac9c14;d1ad9750-158d-4064-ac50-77a9f39a6aa6;4b10049f-8da5-480e-892f-3ddff85b1ab5;62de609f-9965-44a2-8579-2e4503544ceb;25a225a0-7df3-4197-825c-aae728f87233]]
2026-04-26 10:07:35.836,28.954,CrossSignalRelativeStable_SYS,atomic,[CrossSignalRelativeStable_SYS],[0.9873],1,6,0.9873,[dt-1;dt-2;dt-3],[[cc0cceed-c1e4-45b7-91f4-e5848fbf6cdd;333d824a-6e1d-4057-8e25-089476fa4ba1;79002d5d-3fb5-40b2-9861-007034dccd9e;8a912e7e-7e09-44a2-87ba-4930bc51f645;ffd3b9fb-171f-474e-a689-fdf1216e1d83;433e68c1-895a-49e2-ae3e-e45f5955a58d]]
2026-04-26 10:07:35.836,28.954,CrossSignalDivergence_SYS,atomic,[CrossSignalDivergence_SYS],[0.9873],1,6,0.9873,[dt-1;dt-2;dt-3],[[cc0cceed-c1e4-45b7-91f4-e5848fbf6cdd;333d824a-6e1d-4057-8e25-089476fa4ba1;79002d5d-3fb5-40b2-9861-007034dccd9e;8a912e7e-7e09-44a2-87ba-4930bc51f645;ffd3b9fb-171f-474e-a689-fdf1216e1d83;433e68c1-895a-49e2-ae3e-e45f5955a58d]]
2026-04-26 10:07:35.848,28.966,CrossSignalRelativeStable_GT,atomic,[CrossSignalRelativeStable_GT],[1.0000],1,6,1.0000,[dt-1;dt-2;dt-3],[[4b10049f-8da5-480e-892f-3ddff85b1ab5;62de609f-9965-44a2-8579-2e4503544ceb;25a225a0-7df3-4197-825c-aae728f87233;0fb834b5-56c4-45b7-ab58-7d17e7e0d9d8;578f8ef0-5923-431d-b45b-be25603a7ac3;978403f0-d75b-4f72-bc14-9e03bd1f27b4]]
2026-04-26 10:07:35.848,28.966,CrossSignalDivergence_GT,atomic,[CrossSignalDivergence_GT],[1.0000],1,6,1.0000,[dt-1;dt-2;dt-3],[[4b10049f-8da5-480e-892f-3ddff85b1ab5;62de609f-9965-44a2-8579-2e4503544ceb;25a225a0-7df3-4197-825c-aae728f87233;0fb834b5-56c4-45b7-ab58-7d17e7e0d9d8;578f8ef0-5923-431d-b45b-be25603a7ac3;978403f0-d75b-4f72-bc14-9e03bd1f27b4]]
2026-04-26 10:07:35.948,29.066,CrossSignalRelativeStable_SYS,atomic,[CrossSignalRelativeStable_SYS],[0.9801],1,6,0.9801,[dt-1;dt-2;dt-3],[[8a912e7e-7e09-44a2-87ba-4930bc51f645;ffd3b9fb-171f-474e-a689-fdf1216e1d83;433e68c1-895a-49e2-ae3e-e45f5955a58d;bd952c50-7f90-4937-93dc-bd58c95ed065;d231b8ed-473f-4eb3-9e4b-5827c94123f9;4ea434f8-839b-4fb3-9863-5e3afb2cbd94]]
2026-04-26 10:07:35.948,29.066,CrossSignalDivergence_SYS,atomic,[CrossSignalDivergence_SYS],[0.9801],1,6,0.9801,[dt-1;dt-2;dt-3],[[8a912e7e-7e09-44a2-87ba-4930bc51f645;ffd3b9fb-171f-474e-a689-fdf1216e1d83;433e68c1-895a-49e2-ae3e-e45f5955a58d;bd952c50-7f90-4937-93dc-bd58c95ed065;d231b8ed-473f-4eb3-9e4b-5827c94123f9;4ea434f8-839b-4fb3-9863-5e3afb2cbd94]]
2026-04-26 10:07:35.954,29.072,CrossSignalRelativeStable_GT,atomic,[CrossSignalRelativeStable_GT],[1.0000],1,6,1.0000,[dt-1;dt-2;dt-3],[[0fb834b5-56c4-45b7-ab58-7d17e7e0d9d8;578f8ef0-5923-431d-b45b-be25603a7ac3;978403f0-d75b-4f72-bc14-9e03bd1f27b4;6a791e10-2ae0-4c68-966b-b3faefcc916f;a2011051-cbcc-4411-9f32-005bff4946f0;7180bdfd-6d1f-4fb6-ad82-91b9d386b325]]
2026-04-26 10:07:35.955,29.073,CrossSignalDivergence_GT,atomic,[CrossSignalDivergence_GT],[1.0000],1,6,1.0000,[dt-1;dt-2;dt-3],[[0fb834b5-56c4-45b7-ab58-7d17e7e0d9d8;578f8ef0-5923-431d-b45b-be25603a7ac3;978403f0-d75b-4f72-bc14-9e03bd1f27b4;6a791e10-2ae0-4c68-966b-b3faefcc916f;a2011051-cbcc-4411-9f32-005bff4946f0;7180bdfd-6d1f-4fb6-ad82-91b9d386b325]]
2026-04-26 10:07:36.085,29.203,CrossSignalRelativeStable_GT,atomic,[CrossSignalRelativeStable_GT],[1.0000],1,6,1.0000,[dt-1;dt-2;dt-3],[[6a791e10-2ae0-4c68-966b-b3faefcc916f;a2011051-cbcc-4411-9f32-005bff4946f0;7180bdfd-6d1f-4fb6-ad82-91b9d386b325;cc959ce8-8c42-4e26-be73-1edbe7c8b939;2b892034-4799-43ee-9735-ae6303affbbd;34a1cc42-ba60-4229-8c47-7e18d5b8bcd0]]
2026-04-26 10:07:36.085,29.203,CrossSignalDivergence_GT,atomic,[CrossSignalDivergence_GT],[1.0000],1,6,1.0000,[dt-1;dt-2;dt-3],[[6a791e10-2ae0-4c68-966b-b3faefcc916f;a2011051-cbcc-4411-9f32-005bff4946f0;7180bdfd-6d1f-4fb6-ad82-91b9d386b325;cc959ce8-8c42-4e26-be73-1edbe7c8b939;2b892034-4799-43ee-9735-ae6303affbbd;34a1cc42-ba60-4229-8c47-7e18d5b8bcd0]]
2026-04-26 10:07:36.188,29.306,CrossSignalRelativeStable_SYS,atomic,[CrossSignalRelativeStable_SYS],[0.9225],1,6,0.9225,[dt-1;dt-2;dt-3],[[bd952c50-7f90-4937-93dc-bd58c95ed065;d231b8ed-473f-4eb3-9e4b-5827c94123f9;4ea434f8-839b-4fb3-9863-5e3afb2cbd94;cb2cca1f-fff0-4970-9e00-be602b648fde;4da2cbff-8e12-4a4d-8b45-dc08fab576d4;e70d03f4-88d8-4bdf-9614-e57a8237139b]]
2026-04-26 10:07:36.188,29.306,CrossSignalDivergence_SYS,atomic,[CrossSignalDivergence_SYS],[0.9225],1,6,0.9225,[dt-1;dt-2;dt-3],[[bd952c50-7f90-4937-93dc-bd58c95ed065;d231b8ed-473f-4eb3-9e4b-5827c94123f9;4ea434f8-839b-4fb3-9863-5e3afb2cbd94;cb2cca1f-fff0-4970-9e00-be602b648fde;4da2cbff-8e12-4a4d-8b45-dc08fab576d4;e70d03f4-88d8-4bdf-9614-e57a8237139b]]
2026-04-26 10:07:36.188,29.306,CrossSignalRelativeStable_GT,atomic,[CrossSignalRelativeStable_GT],[1.0000],1,6,1.0000,[dt-1;dt-2;dt-3],[[cc959ce8-8c42-4e26-be73-1edbe7c8b939;2b892034-4799-43ee-9735-ae6303affbbd;34a1cc42-ba60-4229-8c47-7e18d5b8bcd0;7b1187d2-3269-48cc-a8f4-053e17ea938e;16951f0e-1df7-42dc-92ef-f785242b914a;b875fa32-efa4-49c0-8b17-f93361a7662a]]
2026-04-26 10:07:36.188,29.306,CrossSignalDivergence_GT,atomic,[CrossSignalDivergence_GT],[1.0000],1,6,1.0000,[dt-1;dt-2;dt-3],[[cc959ce8-8c42-4e26-be73-1edbe7c8b939;2b892034-4799-43ee-9735-ae6303affbbd;34a1cc42-ba60-4229-8c47-7e18d5b8bcd0;7b1187d2-3269-48cc-a8f4-053e17ea938e;16951f0e-1df7-42dc-92ef-f785242b914a;b875fa32-efa4-49c0-8b17-f93361a7662a]]
2026-04-26 10:07:36.313,29.431,CrossSignalRelativeStable_GT,atomic,[CrossSignalRelativeStable_GT],[1.0000],1,6,1.0000,[dt-1;dt-2;dt-3],[[7b1187d2-3269-48cc-a8f4-053e17ea938e;16951f0e-1df7-42dc-92ef-f785242b914a;b875fa32-efa4-49c0-8b17-f93361a7662a;a16b6521-58cb-42d1-ad5d-b0798fe106c3;7eeee3f3-1c72-4d8c-b4a2-510899a33a48;c6a6c125-36b5-43a2-b057-b0c8da9ef6a3]]
2026-04-26 10:07:36.314,29.432,CrossSignalDivergence_GT,atomic,[CrossSignalDivergence_GT],[1.0000],1,6,1.0000,[dt-1;dt-2;dt-3],[[7b1187d2-3269-48cc-a8f4-053e17ea938e;16951f0e-1df7-42dc-92ef-f785242b914a;b875fa32-efa4-49c0-8b17-f93361a7662a;a16b6521-58cb-42d1-ad5d-b0798fe106c3;7eeee3f3-1c72-4d8c-b4a2-510899a33a48;c6a6c125-36b5-43a2-b057-b0c8da9ef6a3]]
2026-04-26 10:07:36.404,29.522,CrossSignalRelativeStable_OBS,atomic,[CrossSignalRelativeStable_OBS],[1.0000],1,6,1.0000,[dt-1;dt-2;dt-3],[[cc0cceed-c1e4-45b7-91f4-e5848fbf6cdd;d0f8c7f5-4a5e-4848-bf3c-b22c590ff231;433e68c1-895a-49e2-ae3e-e45f5955a58d;d8109c8d-f9e8-485f-95c9-e56b1bb857ad;ffd3b9fb-171f-474e-a689-fdf1216e1d83;4ea434f8-839b-4fb3-9863-5e3afb2cbd94]]
2026-04-26 10:07:36.404,29.522,CrossSignalDivergence_OBS,atomic,[CrossSignalDivergence_OBS],[1.0000],1,6,1.0000,[dt-1;dt-2;dt-3],[[cc0cceed-c1e4-45b7-91f4-e5848fbf6cdd;d0f8c7f5-4a5e-4848-bf3c-b22c590ff231;433e68c1-895a-49e2-ae3e-e45f5955a58d;d8109c8d-f9e8-485f-95c9-e56b1bb857ad;ffd3b9fb-171f-474e-a689-fdf1216e1d83;4ea434f8-839b-4fb3-9863-5e3afb2cbd94]]
2026-04-26 10:07:36.408,29.526,CrossSignalRelativeStable_SYS,atomic,[CrossSignalRelativeStable_SYS],[0.8412],1,6,0.8412,[dt-1;dt-2;dt-3],[[cb2cca1f-fff0-4970-9e00-be602b648fde;4da2cbff-8e12-4a4d-8b45-dc08fab576d4;e70d03f4-88d8-4bdf-9614-e57a8237139b;e232cbd0-dfa1-4a7d-ad06-600c5b2d5600;735ac30f-1ca5-427e-8c94-cefe6943f45a;6765f1d9-a7e2-4326-b73e-3524a6d965e7]]
2026-04-26 10:07:36.408,29.526,CrossSignalDivergence_SYS,atomic,[CrossSignalDivergence_SYS],[0.8412],1,6,0.8412,[dt-1;dt-2;dt-3],[[cb2cca1f-fff0-4970-9e00-be602b648fde;4da2cbff-8e12-4a4d-8b45-dc08fab576d4;e70d03f4-88d8-4bdf-9614-e57a8237139b;e232cbd0-dfa1-4a7d-ad06-600c5b2d5600;735ac30f-1ca5-427e-8c94-cefe6943f45a;6765f1d9-a7e2-4326-b73e-3524a6d965e7]]
2026-04-26 10:07:36.427,29.545,CrossSignalRelativeStable_GT,atomic,[CrossSignalRelativeStable_GT],[1.0000],1,6,1.0000,[dt-1;dt-2;dt-3],[[a16b6521-58cb-42d1-ad5d-b0798fe106c3;7eeee3f3-1c72-4d8c-b4a2-510899a33a48;c6a6c125-36b5-43a2-b057-b0c8da9ef6a3;503fe4f9-01ff-4400-a077-56bac4754c70;bfbe6185-b2e9-4bea-9df8-9a8fc47d7f8d;24286dc9-7208-49d2-b8ba-9c6e26ea034f]]
2026-04-26 10:07:36.428,29.546,CrossSignalDivergence_GT,atomic,[CrossSignalDivergence_GT],[1.0000],1,6,1.0000,[dt-1;dt-2;dt-3],[[a16b6521-58cb-42d1-ad5d-b0798fe106c3;7eeee3f3-1c72-4d8c-b4a2-510899a33a48;c6a6c125-36b5-43a2-b057-b0c8da9ef6a3;503fe4f9-01ff-4400-a077-56bac4754c70;bfbe6185-b2e9-4bea-9df8-9a8fc47d7f8d;24286dc9-7208-49d2-b8ba-9c6e26ea034f]]
2026-04-26 10:07:36.521,29.639,CrossSignalRelativeStable_OBS,atomic,[CrossSignalRelativeStable_OBS],[1.0000],1,6,1.0000,[dt-1;dt-2;dt-3],[[d8109c8d-f9e8-485f-95c9-e56b1bb857ad;ffd3b9fb-171f-474e-a689-fdf1216e1d83;4ea434f8-839b-4fb3-9863-5e3afb2cbd94;20a2d5de-f048-4554-9316-552d5eee8022;735ac30f-1ca5-427e-8c94-cefe6943f45a;9e2898b6-c78b-4a8d-bc0e-b91432ed2175]]
2026-04-26 10:07:36.521,29.639,CrossSignalDivergence_OBS,atomic,[CrossSignalDivergence_OBS],[1.0000],1,6,1.0000,[dt-1;dt-2;dt-3],[[d8109c8d-f9e8-485f-95c9-e56b1bb857ad;ffd3b9fb-171f-474e-a689-fdf1216e1d83;4ea434f8-839b-4fb3-9863-5e3afb2cbd94;20a2d5de-f048-4554-9316-552d5eee8022;735ac30f-1ca5-427e-8c94-cefe6943f45a;9e2898b6-c78b-4a8d-bc0e-b91432ed2175]]
2026-04-26 10:07:36.539,29.657,CrossSignalRelativeStable_GT,atomic,[CrossSignalRelativeStable_GT],[1.0000],1,6,1.0000,[dt-1;dt-2;dt-3],[[503fe4f9-01ff-4400-a077-56bac4754c70;bfbe6185-b2e9-4bea-9df8-9a8fc47d7f8d;24286dc9-7208-49d2-b8ba-9c6e26ea034f;8770a42f-a8e6-47b3-8063-b5b9586e0570;2c08cf4d-e5d3-430a-8bd6-6b9b6ace848f;b95d5ea2-2fb3-443e-8516-a7f812d3563f]]
2026-04-26 10:07:36.539,29.657,CrossSignalDivergence_GT,atomic,[CrossSignalDivergence_GT],[1.0000],1,6,1.0000,[dt-1;dt-2;dt-3],[[503fe4f9-01ff-4400-a077-56bac4754c70;bfbe6185-b2e9-4bea-9df8-9a8fc47d7f8d;24286dc9-7208-49d2-b8ba-9c6e26ea034f;8770a42f-a8e6-47b3-8063-b5b9586e0570;2c08cf4d-e5d3-430a-8bd6-6b9b6ace848f;b95d5ea2-2fb3-443e-8516-a7f812d3563f]]
2026-04-26 10:07:36.627,29.745,CrossSignalRelativeStable_SYS,atomic,[CrossSignalRelativeStable_SYS],[0.8792],1,6,0.8792,[dt-1;dt-2;dt-3],[[e232cbd0-dfa1-4a7d-ad06-600c5b2d5600;735ac30f-1ca5-427e-8c94-cefe6943f45a;6765f1d9-a7e2-4326-b73e-3524a6d965e7;20a2d5de-f048-4554-9316-552d5eee8022;d4a20cf7-114d-410e-a7c5-1e54e4ccc9d0;9e2898b6-c78b-4a8d-bc0e-b91432ed2175]]
2026-04-26 10:07:36.628,29.746,CrossSignalDivergence_SYS,atomic,[CrossSignalDivergence_SYS],[0.8792],1,6,0.8792,[dt-1;dt-2;dt-3],[[e232cbd0-dfa1-4a7d-ad06-600c5b2d5600;735ac30f-1ca5-427e-8c94-cefe6943f45a;6765f1d9-a7e2-4326-b73e-3524a6d965e7;20a2d5de-f048-4554-9316-552d5eee8022;d4a20cf7-114d-410e-a7c5-1e54e4ccc9d0;9e2898b6-c78b-4a8d-bc0e-b91432ed2175]]
2026-04-26 10:07:36.633,29.751,CrossSignalRelativeStable_GT,atomic,[CrossSignalRelativeStable_GT],[1.0000],1,6,1.0000,[dt-1;dt-2;dt-3],[[8770a42f-a8e6-47b3-8063-b5b9586e0570;2c08cf4d-e5d3-430a-8bd6-6b9b6ace848f;b95d5ea2-2fb3-443e-8516-a7f812d3563f;ca8ec629-3d26-4ca7-b961-044d22729647;d3af970c-8ca8-4891-b1a2-e182c6044ded;d611c9db-d45e-4e62-97e8-95ea27236f75]]
2026-04-26 10:07:36.633,29.751,CrossSignalDivergence_GT,atomic,[CrossSignalDivergence_GT],[1.0000],1,6,1.0000,[dt-1;dt-2;dt-3],[[8770a42f-a8e6-47b3-8063-b5b9586e0570;2c08cf4d-e5d3-430a-8bd6-6b9b6ace848f;b95d5ea2-2fb3-443e-8516-a7f812d3563f;ca8ec629-3d26-4ca7-b961-044d22729647;d3af970c-8ca8-4891-b1a2-e182c6044ded;d611c9db-d45e-4e62-97e8-95ea27236f75]]
2026-04-26 10:07:36.757,29.875,CrossSignalRelativeStable_GT,atomic,[CrossSignalRelativeStable_GT],[1.0000],1,6,1.0000,[dt-1;dt-2;dt-3],[[ca8ec629-3d26-4ca7-b961-044d22729647;d3af970c-8ca8-4891-b1a2-e182c6044ded;d611c9db-d45e-4e62-97e8-95ea27236f75;1ef618c0-19a2-4382-b33f-d0b6ca489630;e2e64810-ad0e-4c16-8b24-ed1615593a24;1afbfb23-4d7e-4836-9bc6-53e9fb504093]]
2026-04-26 10:07:36.757,29.875,CrossSignalDivergence_GT,atomic,[CrossSignalDivergence_GT],[1.0000],1,6,1.0000,[dt-1;dt-2;dt-3],[[ca8ec629-3d26-4ca7-b961-044d22729647;d3af970c-8ca8-4891-b1a2-e182c6044ded;d611c9db-d45e-4e62-97e8-95ea27236f75;1ef618c0-19a2-4382-b33f-d0b6ca489630;e2e64810-ad0e-4c16-8b24-ed1615593a24;1afbfb23-4d7e-4836-9bc6-53e9fb504093]]
2026-04-26 10:07:36.757,29.875,CrossSignalRelativeStable_SYS,atomic,[CrossSignalRelativeStable_SYS],[0.9804],1,6,0.9804,[dt-1;dt-2;dt-3],[[20a2d5de-f048-4554-9316-552d5eee8022;d4a20cf7-114d-410e-a7c5-1e54e4ccc9d0;9e2898b6-c78b-4a8d-bc0e-b91432ed2175;2fb4cb5c-8cfc-4a98-8fc1-391cf979863a;98593a26-ab56-4d60-8ebf-717810d571de;3f268f7b-7a7c-4143-bae9-c4dbd641b37d]]
2026-04-26 10:07:36.758,29.876,CrossSignalRelativeStable_OBS,atomic,[CrossSignalRelativeStable_OBS],[1.0000],1,6,1.0000,[dt-1;dt-2;dt-3],[[20a2d5de-f048-4554-9316-552d5eee8022;735ac30f-1ca5-427e-8c94-cefe6943f45a;9e2898b6-c78b-4a8d-bc0e-b91432ed2175;633ba721-dac1-4483-8ec3-ecce1c17d01f;98593a26-ab56-4d60-8ebf-717810d571de;3f268f7b-7a7c-4143-bae9-c4dbd641b37d]]
2026-04-26 10:07:36.758,29.876,CrossSignalDivergence_SYS,atomic,[CrossSignalDivergence_SYS],[0.9804],1,6,0.9804,[dt-1;dt-2;dt-3],[[20a2d5de-f048-4554-9316-552d5eee8022;d4a20cf7-114d-410e-a7c5-1e54e4ccc9d0;9e2898b6-c78b-4a8d-bc0e-b91432ed2175;2fb4cb5c-8cfc-4a98-8fc1-391cf979863a;98593a26-ab56-4d60-8ebf-717810d571de;3f268f7b-7a7c-4143-bae9-c4dbd641b37d]]
2026-04-26 10:07:36.758,29.876,CrossSignalDivergence_OBS,atomic,[CrossSignalDivergence_OBS],[1.0000],1,6,1.0000,[dt-1;dt-2;dt-3],[[20a2d5de-f048-4554-9316-552d5eee8022;735ac30f-1ca5-427e-8c94-cefe6943f45a;9e2898b6-c78b-4a8d-bc0e-b91432ed2175;633ba721-dac1-4483-8ec3-ecce1c17d01f;98593a26-ab56-4d60-8ebf-717810d571de;3f268f7b-7a7c-4143-bae9-c4dbd641b37d]]
2026-04-26 10:07:36.872,29.990,CrossSignalRelativeStable_GT,atomic,[CrossSignalRelativeStable_GT],[1.0000],1,6,1.0000,[dt-1;dt-2;dt-3],[[1ef618c0-19a2-4382-b33f-d0b6ca489630;e2e64810-ad0e-4c16-8b24-ed1615593a24;1afbfb23-4d7e-4836-9bc6-53e9fb504093;420dfb50-786e-42ac-9d50-20b973074a44;da0be40a-df7d-45fa-bc0d-995be4060dfe;3217bab7-a474-4ca6-a1ef-6c0c30e76564]]
2026-04-26 10:07:36.872,29.990,CrossSignalDivergence_GT,atomic,[CrossSignalDivergence_GT],[1.0000],1,6,1.0000,[dt-1;dt-2;dt-3],[[1ef618c0-19a2-4382-b33f-d0b6ca489630;e2e64810-ad0e-4c16-8b24-ed1615593a24;1afbfb23-4d7e-4836-9bc6-53e9fb504093;420dfb50-786e-42ac-9d50-20b973074a44;da0be40a-df7d-45fa-bc0d-995be4060dfe;3217bab7-a474-4ca6-a1ef-6c0c30e76564]]
2026-04-26 10:07:36.982,30.100,CrossSignalRelativeStable_GT,atomic,[CrossSignalRelativeStable_GT],[1.0000],1,6,1.0000,[dt-1;dt-2;dt-3],[[420dfb50-786e-42ac-9d50-20b973074a44;da0be40a-df7d-45fa-bc0d-995be4060dfe;3217bab7-a474-4ca6-a1ef-6c0c30e76564;7a0883c2-8c23-4a7a-8fb5-b32d7e076699;819faa6e-44a1-49f0-8fb6-de85b52af9db;d92793e0-3ae7-4068-b58d-628649f70056]]
2026-04-26 10:07:36.985,30.103,CrossSignalDivergence_GT,atomic,[CrossSignalDivergence_GT],[1.0000],1,6,1.0000,[dt-1;dt-2;dt-3],[[420dfb50-786e-42ac-9d50-20b973074a44;da0be40a-df7d-45fa-bc0d-995be4060dfe;3217bab7-a474-4ca6-a1ef-6c0c30e76564;7a0883c2-8c23-4a7a-8fb5-b32d7e076699;819faa6e-44a1-49f0-8fb6-de85b52af9db;d92793e0-3ae7-4068-b58d-628649f70056]]
2026-04-26 10:07:36.985,30.103,CrossSignalRelativeStable_SYS,atomic,[CrossSignalRelativeStable_SYS],[1.0000],1,6,1.0000,[dt-1;dt-2;dt-3],[[2fb4cb5c-8cfc-4a98-8fc1-391cf979863a;98593a26-ab56-4d60-8ebf-717810d571de;3f268f7b-7a7c-4143-bae9-c4dbd641b37d;4617161b-759e-4f99-8fe3-5a489e1e2f8e;94b5322c-e3d2-4d43-b6b0-f422921fcc19;9f0e77a4-8a3f-498d-9233-a3c3e4a06ee0]]
2026-04-26 10:07:36.985,30.103,CrossSignalRelativeStable_OBS,atomic,[CrossSignalRelativeStable_OBS],[1.0000],1,6,1.0000,[dt-1;dt-2;dt-3],[[633ba721-dac1-4483-8ec3-ecce1c17d01f;98593a26-ab56-4d60-8ebf-717810d571de;3f268f7b-7a7c-4143-bae9-c4dbd641b37d;4617161b-759e-4f99-8fe3-5a489e1e2f8e;94b5322c-e3d2-4d43-b6b0-f422921fcc19;9f0e77a4-8a3f-498d-9233-a3c3e4a06ee0]]
2026-04-26 10:07:36.985,30.103,CrossSignalDivergence_SYS,atomic,[CrossSignalDivergence_SYS],[1.0000],1,6,1.0000,[dt-1;dt-2;dt-3],[[2fb4cb5c-8cfc-4a98-8fc1-391cf979863a;98593a26-ab56-4d60-8ebf-717810d571de;3f268f7b-7a7c-4143-bae9-c4dbd641b37d;4617161b-759e-4f99-8fe3-5a489e1e2f8e;94b5322c-e3d2-4d43-b6b0-f422921fcc19;9f0e77a4-8a3f-498d-9233-a3c3e4a06ee0]]
2026-04-26 10:07:36.985,30.103,CrossSignalDivergence_OBS,atomic,[CrossSignalDivergence_OBS],[1.0000],1,6,1.0000,[dt-1;dt-2;dt-3],[[633ba721-dac1-4483-8ec3-ecce1c17d01f;98593a26-ab56-4d60-8ebf-717810d571de;3f268f7b-7a7c-4143-bae9-c4dbd641b37d;4617161b-759e-4f99-8fe3-5a489e1e2f8e;94b5322c-e3d2-4d43-b6b0-f422921fcc19;9f0e77a4-8a3f-498d-9233-a3c3e4a06ee0]]
2026-04-26 10:07:37.101,30.219,CrossSignalRelativeStable_GT,atomic,[CrossSignalRelativeStable_GT],[1.0000],1,6,1.0000,[dt-1;dt-2;dt-3],[[7a0883c2-8c23-4a7a-8fb5-b32d7e076699;819faa6e-44a1-49f0-8fb6-de85b52af9db;d92793e0-3ae7-4068-b58d-628649f70056;1b89cdfb-5099-4b9d-9f8b-ba176f71ba4c;ec6a981c-a39e-4539-9c0d-969b03874cc8;fb303e50-1176-4558-9bb0-13dd0ed9002f]]
2026-04-26 10:07:37.102,30.220,CrossSignalDivergence_GT,atomic,[CrossSignalDivergence_GT],[1.0000],1,6,1.0000,[dt-1;dt-2;dt-3],[[7a0883c2-8c23-4a7a-8fb5-b32d7e076699;819faa6e-44a1-49f0-8fb6-de85b52af9db;d92793e0-3ae7-4068-b58d-628649f70056;1b89cdfb-5099-4b9d-9f8b-ba176f71ba4c;ec6a981c-a39e-4539-9c0d-969b03874cc8;fb303e50-1176-4558-9bb0-13dd0ed9002f]]
2026-04-26 10:07:37.192,30.310,CrossSignalRelativeStable_SYS,atomic,[CrossSignalRelativeStable_SYS],[0.9799],1,6,0.9799,[dt-1;dt-2;dt-3],[[4617161b-759e-4f99-8fe3-5a489e1e2f8e;94b5322c-e3d2-4d43-b6b0-f422921fcc19;9f0e77a4-8a3f-498d-9233-a3c3e4a06ee0;566cd2a6-0ec3-413d-ac3c-0ad097cdb582;d9b2726b-0ebe-4810-a727-167364211ccf;0ee790e4-11dc-41f2-b916-d96c9c38e98d]]
2026-04-26 10:07:37.192,30.310,CrossSignalDivergence_SYS,atomic,[CrossSignalDivergence_SYS],[0.9799],1,6,0.9799,[dt-1;dt-2;dt-3],[[4617161b-759e-4f99-8fe3-5a489e1e2f8e;94b5322c-e3d2-4d43-b6b0-f422921fcc19;9f0e77a4-8a3f-498d-9233-a3c3e4a06ee0;566cd2a6-0ec3-413d-ac3c-0ad097cdb582;d9b2726b-0ebe-4810-a727-167364211ccf;0ee790e4-11dc-41f2-b916-d96c9c38e98d]]
2026-04-26 10:07:37.209,30.327,CrossSignalRelativeStable_GT,atomic,[CrossSignalRelativeStable_GT],[1.0000],1,6,1.0000,[dt-1;dt-2;dt-3],[[1b89cdfb-5099-4b9d-9f8b-ba176f71ba4c;ec6a981c-a39e-4539-9c0d-969b03874cc8;fb303e50-1176-4558-9bb0-13dd0ed9002f;8a5dca1b-e23b-43f8-9020-29473caba93a;15edc1a3-0380-47b3-a592-320d24677e11;70b53ccc-4da3-49d9-a623-a5631f9a4298]]
2026-04-26 10:07:37.209,30.327,CrossSignalDivergence_GT,atomic,[CrossSignalDivergence_GT],[1.0000],1,6,1.0000,[dt-1;dt-2;dt-3],[[1b89cdfb-5099-4b9d-9f8b-ba176f71ba4c;ec6a981c-a39e-4539-9c0d-969b03874cc8;fb303e50-1176-4558-9bb0-13dd0ed9002f;8a5dca1b-e23b-43f8-9020-29473caba93a;15edc1a3-0380-47b3-a592-320d24677e11;70b53ccc-4da3-49d9-a623-a5631f9a4298]]
2026-04-26 10:07:37.324,30.442,CrossSignalRelativeStable_GT,atomic,[CrossSignalRelativeStable_GT],[1.0000],1,6,1.0000,[dt-1;dt-2;dt-3],[[8a5dca1b-e23b-43f8-9020-29473caba93a;15edc1a3-0380-47b3-a592-320d24677e11;70b53ccc-4da3-49d9-a623-a5631f9a4298;c864069f-dc6a-47e5-acd8-5f4eecedc5e2;773f51fe-09ea-4e16-a61a-4dad53c25491;4614db5c-4bed-4dc0-9b3b-6dced893f105]]
2026-04-26 10:07:37.324,30.442,CrossSignalDivergence_GT,atomic,[CrossSignalDivergence_GT],[1.0000],1,6,1.0000,[dt-1;dt-2;dt-3],[[8a5dca1b-e23b-43f8-9020-29473caba93a;15edc1a3-0380-47b3-a592-320d24677e11;70b53ccc-4da3-49d9-a623-a5631f9a4298;c864069f-dc6a-47e5-acd8-5f4eecedc5e2;773f51fe-09ea-4e16-a61a-4dad53c25491;4614db5c-4bed-4dc0-9b3b-6dced893f105]]
2026-04-26 10:07:37.407,30.525,CrossSignalRelativeStable_OBS,atomic,[CrossSignalRelativeStable_OBS],[1.0000],1,6,1.0000,[dt-1;dt-2;dt-3],[[4617161b-759e-4f99-8fe3-5a489e1e2f8e;94b5322c-e3d2-4d43-b6b0-f422921fcc19;9f0e77a4-8a3f-498d-9233-a3c3e4a06ee0;566cd2a6-0ec3-413d-ac3c-0ad097cdb582;9c3374dc-dda7-4d6f-bb49-aeabab88cbec;0ee790e4-11dc-41f2-b916-d96c9c38e98d]]
2026-04-26 10:07:37.407,30.525,CrossSignalDivergence_OBS,atomic,[CrossSignalDivergence_OBS],[1.0000],1,6,1.0000,[dt-1;dt-2;dt-3],[[4617161b-759e-4f99-8fe3-5a489e1e2f8e;94b5322c-e3d2-4d43-b6b0-f422921fcc19;9f0e77a4-8a3f-498d-9233-a3c3e4a06ee0;566cd2a6-0ec3-413d-ac3c-0ad097cdb582;9c3374dc-dda7-4d6f-bb49-aeabab88cbec;0ee790e4-11dc-41f2-b916-d96c9c38e98d]]
2026-04-26 10:07:37.409,30.527,CrossSignalRelativeStable_SYS,atomic,[CrossSignalRelativeStable_SYS],[0.9226],1,6,0.9226,[dt-1;dt-2;dt-3],[[566cd2a6-0ec3-413d-ac3c-0ad097cdb582;d9b2726b-0ebe-4810-a727-167364211ccf;0ee790e4-11dc-41f2-b916-d96c9c38e98d;24e74ae3-512c-4415-ba2e-ba1286f0e0b7;15ab315c-c559-49e1-b827-c2153848e698;38af6180-6dfb-46d9-a9bc-1b09c84d536e]]
2026-04-26 10:07:37.409,30.527,CrossSignalDivergence_SYS,atomic,[CrossSignalDivergence_SYS],[0.9226],1,6,0.9226,[dt-1;dt-2;dt-3],[[566cd2a6-0ec3-413d-ac3c-0ad097cdb582;d9b2726b-0ebe-4810-a727-167364211ccf;0ee790e4-11dc-41f2-b916-d96c9c38e98d;24e74ae3-512c-4415-ba2e-ba1286f0e0b7;15ab315c-c559-49e1-b827-c2153848e698;38af6180-6dfb-46d9-a9bc-1b09c84d536e]]
2026-04-26 10:07:37.428,30.546,CrossSignalRelativeStable_GT,atomic,[CrossSignalRelativeStable_GT],[1.0000],1,6,1.0000,[dt-1;dt-2;dt-3],[[c864069f-dc6a-47e5-acd8-5f4eecedc5e2;773f51fe-09ea-4e16-a61a-4dad53c25491;4614db5c-4bed-4dc0-9b3b-6dced893f105;7896b7da-be50-4207-8b9d-a8aba648e96f;da0b8481-ff45-4c24-9d82-68e0a0fe4c7e;ce636ad8-190a-47d8-b0b3-532c4e5ce91a]]
2026-04-26 10:07:37.428,30.546,CrossSignalDivergence_GT,atomic,[CrossSignalDivergence_GT],[1.0000],1,6,1.0000,[dt-1;dt-2;dt-3],[[c864069f-dc6a-47e5-acd8-5f4eecedc5e2;773f51fe-09ea-4e16-a61a-4dad53c25491;4614db5c-4bed-4dc0-9b3b-6dced893f105;7896b7da-be50-4207-8b9d-a8aba648e96f;da0b8481-ff45-4c24-9d82-68e0a0fe4c7e;ce636ad8-190a-47d8-b0b3-532c4e5ce91a]]
2026-04-26 10:07:37.522,30.640,CrossSignalRelativeStable_SYS,atomic,[CrossSignalRelativeStable_SYS],[0.9427],1,6,0.9427,[dt-1;dt-2;dt-3],[[24e74ae3-512c-4415-ba2e-ba1286f0e0b7;15ab315c-c559-49e1-b827-c2153848e698;38af6180-6dfb-46d9-a9bc-1b09c84d536e;3faa3bc3-6f41-4388-9163-918ce295fb3e;8def580f-606b-4856-b460-9e745620203e;573b705b-777b-47b5-a9cd-822c5cf05671]]
2026-04-26 10:07:37.523,30.641,CrossSignalRelativeStable_OBS,atomic,[CrossSignalRelativeStable_OBS],[1.0000],1,6,1.0000,[dt-1;dt-2;dt-3],[[566cd2a6-0ec3-413d-ac3c-0ad097cdb582;9c3374dc-dda7-4d6f-bb49-aeabab88cbec;0ee790e4-11dc-41f2-b916-d96c9c38e98d;3faa3bc3-6f41-4388-9163-918ce295fb3e;8def580f-606b-4856-b460-9e745620203e;573b705b-777b-47b5-a9cd-822c5cf05671]]
2026-04-26 10:07:37.523,30.641,CrossSignalDivergence_SYS,atomic,[CrossSignalDivergence_SYS],[0.9427],1,6,0.9427,[dt-1;dt-2;dt-3],[[24e74ae3-512c-4415-ba2e-ba1286f0e0b7;15ab315c-c559-49e1-b827-c2153848e698;38af6180-6dfb-46d9-a9bc-1b09c84d536e;3faa3bc3-6f41-4388-9163-918ce295fb3e;8def580f-606b-4856-b460-9e745620203e;573b705b-777b-47b5-a9cd-822c5cf05671]]
2026-04-26 10:07:37.523,30.641,CrossSignalDivergence_OBS,atomic,[CrossSignalDivergence_OBS],[1.0000],1,6,1.0000,[dt-1;dt-2;dt-3],[[566cd2a6-0ec3-413d-ac3c-0ad097cdb582;9c3374dc-dda7-4d6f-bb49-aeabab88cbec;0ee790e4-11dc-41f2-b916-d96c9c38e98d;3faa3bc3-6f41-4388-9163-918ce295fb3e;8def580f-606b-4856-b460-9e745620203e;573b705b-777b-47b5-a9cd-822c5cf05671]]
2026-04-26 10:07:37.530,30.648,CrossSignalRelativeStable_GT,atomic,[CrossSignalRelativeStable_GT],[1.0000],1,6,1.0000,[dt-1;dt-2;dt-3],[[7896b7da-be50-4207-8b9d-a8aba648e96f;da0b8481-ff45-4c24-9d82-68e0a0fe4c7e;ce636ad8-190a-47d8-b0b3-532c4e5ce91a;b2106bf6-c4d4-4cbf-85b4-6a079a64d785;77bd249a-a800-4c12-8d31-a0d27158d592;9fae0d6a-d1a0-49ac-9011-10e6bc497548]]
2026-04-26 10:07:37.530,30.648,CrossSignalDivergence_GT,atomic,[CrossSignalDivergence_GT],[1.0000],1,6,1.0000,[dt-1;dt-2;dt-3],[[7896b7da-be50-4207-8b9d-a8aba648e96f;da0b8481-ff45-4c24-9d82-68e0a0fe4c7e;ce636ad8-190a-47d8-b0b3-532c4e5ce91a;b2106bf6-c4d4-4cbf-85b4-6a079a64d785;77bd249a-a800-4c12-8d31-a0d27158d592;9fae0d6a-d1a0-49ac-9011-10e6bc497548]]
2026-04-26 10:07:37.654,30.772,CrossSignalRelativeStable_GT,atomic,[CrossSignalRelativeStable_GT],[1.0000],1,6,1.0000,[dt-1;dt-2;dt-3],[[b2106bf6-c4d4-4cbf-85b4-6a079a64d785;77bd249a-a800-4c12-8d31-a0d27158d592;9fae0d6a-d1a0-49ac-9011-10e6bc497548;e32958b6-2733-4564-8595-30a76cb7dfb1;1427f8bd-58b1-4202-9ec6-e3e026a8d838;371a2bf0-90c5-4cd1-8e91-16070295fd19]]
2026-04-26 10:07:37.655,30.773,CrossSignalDivergence_GT,atomic,[CrossSignalDivergence_GT],[1.0000],1,6,1.0000,[dt-1;dt-2;dt-3],[[b2106bf6-c4d4-4cbf-85b4-6a079a64d785;77bd249a-a800-4c12-8d31-a0d27158d592;9fae0d6a-d1a0-49ac-9011-10e6bc497548;e32958b6-2733-4564-8595-30a76cb7dfb1;1427f8bd-58b1-4202-9ec6-e3e026a8d838;371a2bf0-90c5-4cd1-8e91-16070295fd19]]
2026-04-26 10:07:37.738,30.856,CrossSignalRelativeStable_SYS,atomic,[CrossSignalRelativeStable_SYS],[1.0000],1,6,1.0000,[dt-1;dt-2;dt-3],[[3faa3bc3-6f41-4388-9163-918ce295fb3e;8def580f-606b-4856-b460-9e745620203e;573b705b-777b-47b5-a9cd-822c5cf05671;029419a8-2d9c-4a10-b779-d4971b8f5c25;65742b5a-8632-42fa-b829-6bf4074b9069;a45ea1d9-8d6b-4a7d-a3dc-a55bf1f6990d]]
2026-04-26 10:07:37.738,30.856,CrossSignalRelativeStable_OBS,atomic,[CrossSignalRelativeStable_OBS],[1.0000],1,6,1.0000,[dt-1;dt-2;dt-3],[[3faa3bc3-6f41-4388-9163-918ce295fb3e;8def580f-606b-4856-b460-9e745620203e;573b705b-777b-47b5-a9cd-822c5cf05671;029419a8-2d9c-4a10-b779-d4971b8f5c25;65742b5a-8632-42fa-b829-6bf4074b9069;a45ea1d9-8d6b-4a7d-a3dc-a55bf1f6990d]]
2026-04-26 10:07:37.738,30.856,CrossSignalDivergence_SYS,atomic,[CrossSignalDivergence_SYS],[1.0000],1,6,1.0000,[dt-1;dt-2;dt-3],[[3faa3bc3-6f41-4388-9163-918ce295fb3e;8def580f-606b-4856-b460-9e745620203e;573b705b-777b-47b5-a9cd-822c5cf05671;029419a8-2d9c-4a10-b779-d4971b8f5c25;65742b5a-8632-42fa-b829-6bf4074b9069;a45ea1d9-8d6b-4a7d-a3dc-a55bf1f6990d]]
2026-04-26 10:07:37.738,30.856,CrossSignalDivergence_OBS,atomic,[CrossSignalDivergence_OBS],[1.0000],1,6,1.0000,[dt-1;dt-2;dt-3],[[3faa3bc3-6f41-4388-9163-918ce295fb3e;8def580f-606b-4856-b460-9e745620203e;573b705b-777b-47b5-a9cd-822c5cf05671;029419a8-2d9c-4a10-b779-d4971b8f5c25;65742b5a-8632-42fa-b829-6bf4074b9069;a45ea1d9-8d6b-4a7d-a3dc-a55bf1f6990d]]
2026-04-26 10:07:37.739,30.857,CrossSignalRelativeStable_GT,atomic,[CrossSignalRelativeStable_GT],[1.0000],1,6,1.0000,[dt-1;dt-2;dt-3],[[e32958b6-2733-4564-8595-30a76cb7dfb1;1427f8bd-58b1-4202-9ec6-e3e026a8d838;371a2bf0-90c5-4cd1-8e91-16070295fd19;ea981787-b6f8-4ab7-9c2f-00bec1fb47e9;5e50cef9-72e2-46e8-8bc2-9188297a488e;74e8bfde-3a9d-4f27-aa44-f59fe0db672b]]
2026-04-26 10:07:37.739,30.857,CrossSignalDivergence_GT,atomic,[CrossSignalDivergence_GT],[1.0000],1,6,1.0000,[dt-1;dt-2;dt-3],[[e32958b6-2733-4564-8595-30a76cb7dfb1;1427f8bd-58b1-4202-9ec6-e3e026a8d838;371a2bf0-90c5-4cd1-8e91-16070295fd19;ea981787-b6f8-4ab7-9c2f-00bec1fb47e9;5e50cef9-72e2-46e8-8bc2-9188297a488e;74e8bfde-3a9d-4f27-aa44-f59fe0db672b]]
2026-04-26 10:07:37.870,30.988,CrossSignalRelativeStable_GT,atomic,[CrossSignalRelativeStable_GT],[1.0000],1,6,1.0000,[dt-1;dt-2;dt-3],[[ea981787-b6f8-4ab7-9c2f-00bec1fb47e9;5e50cef9-72e2-46e8-8bc2-9188297a488e;74e8bfde-3a9d-4f27-aa44-f59fe0db672b;b6e878c9-0d91-4393-bae2-1064ac54ed9f;fcaf44b2-49b8-4cc4-b3fb-f48d1bd01a2e;9677bb7c-9078-4b40-a977-f23b6adfa244]]
2026-04-26 10:07:37.870,30.988,CrossSignalDivergence_GT,atomic,[CrossSignalDivergence_GT],[1.0000],1,6,1.0000,[dt-1;dt-2;dt-3],[[ea981787-b6f8-4ab7-9c2f-00bec1fb47e9;5e50cef9-72e2-46e8-8bc2-9188297a488e;74e8bfde-3a9d-4f27-aa44-f59fe0db672b;b6e878c9-0d91-4393-bae2-1064ac54ed9f;fcaf44b2-49b8-4cc4-b3fb-f48d1bd01a2e;9677bb7c-9078-4b40-a977-f23b6adfa244]]
2026-04-26 10:07:37.957,31.075,CrossSignalRelativeStable_SYS,atomic,[CrossSignalRelativeStable_SYS],[0.9804],1,6,0.9804,[dt-1;dt-2;dt-3],[[029419a8-2d9c-4a10-b779-d4971b8f5c25;65742b5a-8632-42fa-b829-6bf4074b9069;a45ea1d9-8d6b-4a7d-a3dc-a55bf1f6990d;6fc203da-8c73-42cd-b401-ea022c4d19bf;64b44587-64ad-4d50-85f0-f09f2c1fdcb4;0e0a6cff-bda4-41ec-abea-c8e9b9c4bfc5]]
2026-04-26 10:07:37.957,31.075,CrossSignalRelativeStable_OBS,atomic,[CrossSignalRelativeStable_OBS],[1.0000],1,6,1.0000,[dt-1;dt-2;dt-3],[[029419a8-2d9c-4a10-b779-d4971b8f5c25;65742b5a-8632-42fa-b829-6bf4074b9069;a45ea1d9-8d6b-4a7d-a3dc-a55bf1f6990d;6fc203da-8c73-42cd-b401-ea022c4d19bf;c5a2ba7e-fa0a-41e8-a597-c34ee0c101bd;0e0a6cff-bda4-41ec-abea-c8e9b9c4bfc5]]
2026-04-26 10:07:37.957,31.075,CrossSignalDivergence_SYS,atomic,[CrossSignalDivergence_SYS],[0.9804],1,6,0.9804,[dt-1;dt-2;dt-3],[[029419a8-2d9c-4a10-b779-d4971b8f5c25;65742b5a-8632-42fa-b829-6bf4074b9069;a45ea1d9-8d6b-4a7d-a3dc-a55bf1f6990d;6fc203da-8c73-42cd-b401-ea022c4d19bf;64b44587-64ad-4d50-85f0-f09f2c1fdcb4;0e0a6cff-bda4-41ec-abea-c8e9b9c4bfc5]]
2026-04-26 10:07:37.957,31.075,CrossSignalDivergence_OBS,atomic,[CrossSignalDivergence_OBS],[1.0000],1,6,1.0000,[dt-1;dt-2;dt-3],[[029419a8-2d9c-4a10-b779-d4971b8f5c25;65742b5a-8632-42fa-b829-6bf4074b9069;a45ea1d9-8d6b-4a7d-a3dc-a55bf1f6990d;6fc203da-8c73-42cd-b401-ea022c4d19bf;c5a2ba7e-fa0a-41e8-a597-c34ee0c101bd;0e0a6cff-bda4-41ec-abea-c8e9b9c4bfc5]]
2026-04-26 10:07:37.964,31.082,CrossSignalRelativeStable_GT,atomic,[CrossSignalRelativeStable_GT],[1.0000],1,6,1.0000,[dt-1;dt-2;dt-3],[[b6e878c9-0d91-4393-bae2-1064ac54ed9f;fcaf44b2-49b8-4cc4-b3fb-f48d1bd01a2e;9677bb7c-9078-4b40-a977-f23b6adfa244;59bdae5a-33eb-4a1f-bd34-50e9db792e3b;674687bd-f6bc-463a-8295-f007b052151f;7165158e-68aa-4215-aea6-98c1455ae928]]
2026-04-26 10:07:37.964,31.082,CrossSignalDivergence_GT,atomic,[CrossSignalDivergence_GT],[1.0000],1,6,1.0000,[dt-1;dt-2;dt-3],[[b6e878c9-0d91-4393-bae2-1064ac54ed9f;fcaf44b2-49b8-4cc4-b3fb-f48d1bd01a2e;9677bb7c-9078-4b40-a977-f23b6adfa244;59bdae5a-33eb-4a1f-bd34-50e9db792e3b;674687bd-f6bc-463a-8295-f007b052151f;7165158e-68aa-4215-aea6-98c1455ae928]]
2026-04-26 10:07:38.080,31.198,CrossSignalRelativeStable_GT,atomic,[CrossSignalRelativeStable_GT],[1.0000],1,6,1.0000,[dt-1;dt-2;dt-3],[[59bdae5a-33eb-4a1f-bd34-50e9db792e3b;674687bd-f6bc-463a-8295-f007b052151f;7165158e-68aa-4215-aea6-98c1455ae928;e6a3433e-cbd9-414d-add0-cef7f76f9baa;85dee52e-6c00-4684-93de-a65dee976a4e;a078953d-fec1-4d64-a3d6-05f7ebd85d1b]]
2026-04-26 10:07:38.080,31.198,CrossSignalDivergence_GT,atomic,[CrossSignalDivergence_GT],[1.0000],1,6,1.0000,[dt-1;dt-2;dt-3],[[59bdae5a-33eb-4a1f-bd34-50e9db792e3b;674687bd-f6bc-463a-8295-f007b052151f;7165158e-68aa-4215-aea6-98c1455ae928;e6a3433e-cbd9-414d-add0-cef7f76f9baa;85dee52e-6c00-4684-93de-a65dee976a4e;a078953d-fec1-4d64-a3d6-05f7ebd85d1b]]
2026-04-26 10:07:38.180,31.298,CrossSignalRelativeStable_SYS,atomic,[CrossSignalRelativeStable_SYS],[1.0000],1,6,1.0000,[dt-1;dt-2;dt-3],[[25d5fd90-dd72-4ae1-86e0-820fe5817a80;91005f98-ec82-4c02-9b5c-ee020af8638f;bff12771-ead4-4a0e-a280-09c991c66f62;7281c7c9-6632-424d-89e2-c9e29177e92b;3b744a1c-e03b-4d3c-b307-5db15c92f456;dff81cd3-602c-414f-9421-8579571f7fbd]]
2026-04-26 10:07:38.180,31.298,CrossSignalDivergence_SYS,atomic,[CrossSignalDivergence_SYS],[1.0000],1,6,1.0000,[dt-1;dt-2;dt-3],[[25d5fd90-dd72-4ae1-86e0-820fe5817a80;91005f98-ec82-4c02-9b5c-ee020af8638f;bff12771-ead4-4a0e-a280-09c991c66f62;7281c7c9-6632-424d-89e2-c9e29177e92b;3b744a1c-e03b-4d3c-b307-5db15c92f456;dff81cd3-602c-414f-9421-8579571f7fbd]]
2026-04-26 10:07:38.187,31.305,CrossSignalRelativeStable_GT,atomic,[CrossSignalRelativeStable_GT],[1.0000],1,6,1.0000,[dt-1;dt-2;dt-3],[[e6a3433e-cbd9-414d-add0-cef7f76f9baa;85dee52e-6c00-4684-93de-a65dee976a4e;a078953d-fec1-4d64-a3d6-05f7ebd85d1b;37e12c08-5552-4a79-9a45-871fc008cc01;5492c543-4b29-4bb7-ab3e-77294c3d64d8;06d93222-477d-4ea1-83f5-21765cd8ba44]]
2026-04-26 10:07:38.187,31.305,CrossSignalDivergence_GT,atomic,[CrossSignalDivergence_GT],[1.0000],1,6,1.0000,[dt-1;dt-2;dt-3],[[e6a3433e-cbd9-414d-add0-cef7f76f9baa;85dee52e-6c00-4684-93de-a65dee976a4e;a078953d-fec1-4d64-a3d6-05f7ebd85d1b;37e12c08-5552-4a79-9a45-871fc008cc01;5492c543-4b29-4bb7-ab3e-77294c3d64d8;06d93222-477d-4ea1-83f5-21765cd8ba44]]
2026-04-26 10:07:38.310,31.428,CrossSignalRelativeStable_GT,atomic,[CrossSignalRelativeStable_GT],[1.0000],1,6,1.0000,[dt-1;dt-2;dt-3],[[37e12c08-5552-4a79-9a45-871fc008cc01;5492c543-4b29-4bb7-ab3e-77294c3d64d8;06d93222-477d-4ea1-83f5-21765cd8ba44;ebf04fb7-e197-467a-8849-84e29a4fa2f8;c721dbc5-218a-4abb-9277-da79f27bb51e;83b10a11-2116-4da1-a11c-ae0f4ec766d9]]
2026-04-26 10:07:38.310,31.428,CrossSignalDivergence_GT,atomic,[CrossSignalDivergence_GT],[1.0000],1,6,1.0000,[dt-1;dt-2;dt-3],[[37e12c08-5552-4a79-9a45-871fc008cc01;5492c543-4b29-4bb7-ab3e-77294c3d64d8;06d93222-477d-4ea1-83f5-21765cd8ba44;ebf04fb7-e197-467a-8849-84e29a4fa2f8;c721dbc5-218a-4abb-9277-da79f27bb51e;83b10a11-2116-4da1-a11c-ae0f4ec766d9]]
2026-04-26 10:07:38.405,31.523,CrossSignalRelativeStable_SYS,atomic,[CrossSignalRelativeStable_SYS],[0.9608],1,6,0.9608,[dt-1;dt-2;dt-3],[[7281c7c9-6632-424d-89e2-c9e29177e92b;3b744a1c-e03b-4d3c-b307-5db15c92f456;dff81cd3-602c-414f-9421-8579571f7fbd;f1c9fc0d-6d1c-46d1-a1f5-848777821597;a54a7c2b-0f44-4996-b444-9d9736efc2f7;c3ab2750-97c7-453e-8370-5f5a863d97f9]]
2026-04-26 10:07:38.406,31.524,CrossSignalDivergence_SYS,atomic,[CrossSignalDivergence_SYS],[0.9608],1,6,0.9608,[dt-1;dt-2;dt-3],[[7281c7c9-6632-424d-89e2-c9e29177e92b;3b744a1c-e03b-4d3c-b307-5db15c92f456;dff81cd3-602c-414f-9421-8579571f7fbd;f1c9fc0d-6d1c-46d1-a1f5-848777821597;a54a7c2b-0f44-4996-b444-9d9736efc2f7;c3ab2750-97c7-453e-8370-5f5a863d97f9]]
2026-04-26 10:07:38.406,31.524,CrossSignalRelativeStable_GT,atomic,[CrossSignalRelativeStable_GT],[1.0000],1,6,1.0000,[dt-1;dt-2;dt-3],[[ebf04fb7-e197-467a-8849-84e29a4fa2f8;c721dbc5-218a-4abb-9277-da79f27bb51e;83b10a11-2116-4da1-a11c-ae0f4ec766d9;fd0a11a0-612b-4f79-b20b-c76def678d69;e635f8ad-b4fb-4fee-ad6c-332873fb6abc;479a4a43-42e2-4a59-b8fb-475249b86d2b]]
2026-04-26 10:07:38.406,31.524,CrossSignalDivergence_GT,atomic,[CrossSignalDivergence_GT],[1.0000],1,6,1.0000,[dt-1;dt-2;dt-3],[[ebf04fb7-e197-467a-8849-84e29a4fa2f8;c721dbc5-218a-4abb-9277-da79f27bb51e;83b10a11-2116-4da1-a11c-ae0f4ec766d9;fd0a11a0-612b-4f79-b20b-c76def678d69;e635f8ad-b4fb-4fee-ad6c-332873fb6abc;479a4a43-42e2-4a59-b8fb-475249b86d2b]]
2026-04-26 10:07:38.507,31.625,CrossSignalRelativeStable_OBS,atomic,[CrossSignalRelativeStable_OBS],[1.0000],1,6,1.0000,[dt-1;dt-2;dt-3],[[6fc203da-8c73-42cd-b401-ea022c4d19bf;c5a2ba7e-fa0a-41e8-a597-c34ee0c101bd;0e0a6cff-bda4-41ec-abea-c8e9b9c4bfc5;42cc31ee-3517-4f80-8c54-234a7c256451;91005f98-ec82-4c02-9b5c-ee020af8638f;bff12771-ead4-4a0e-a280-09c991c66f62]]
2026-04-26 10:07:38.508,31.626,CrossSignalDivergence_OBS,atomic,[CrossSignalDivergence_OBS],[1.0000],1,6,1.0000,[dt-1;dt-2;dt-3],[[6fc203da-8c73-42cd-b401-ea022c4d19bf;c5a2ba7e-fa0a-41e8-a597-c34ee0c101bd;0e0a6cff-bda4-41ec-abea-c8e9b9c4bfc5;42cc31ee-3517-4f80-8c54-234a7c256451;91005f98-ec82-4c02-9b5c-ee020af8638f;bff12771-ead4-4a0e-a280-09c991c66f62]]
2026-04-26 10:07:38.511,31.629,CrossSignalRelativeStable_SYS,atomic,[CrossSignalRelativeStable_SYS],[0.9238],1,6,0.9238,[dt-1;dt-2;dt-3],[[f1c9fc0d-6d1c-46d1-a1f5-848777821597;a54a7c2b-0f44-4996-b444-9d9736efc2f7;c3ab2750-97c7-453e-8370-5f5a863d97f9;42cc31ee-3517-4f80-8c54-234a7c256451;442ec377-5c5c-4a7b-819b-f93163ccdab4;06e10862-87d1-4a2a-9434-491e6a2698b2]]
2026-04-26 10:07:38.511,31.629,CrossSignalDivergence_SYS,atomic,[CrossSignalDivergence_SYS],[0.9238],1,6,0.9238,[dt-1;dt-2;dt-3],[[f1c9fc0d-6d1c-46d1-a1f5-848777821597;a54a7c2b-0f44-4996-b444-9d9736efc2f7;c3ab2750-97c7-453e-8370-5f5a863d97f9;42cc31ee-3517-4f80-8c54-234a7c256451;442ec377-5c5c-4a7b-819b-f93163ccdab4;06e10862-87d1-4a2a-9434-491e6a2698b2]]
2026-04-26 10:07:38.517,31.635,CrossSignalRelativeStable_GT,atomic,[CrossSignalRelativeStable_GT],[1.0000],1,6,1.0000,[dt-1;dt-2;dt-3],[[fd0a11a0-612b-4f79-b20b-c76def678d69;e635f8ad-b4fb-4fee-ad6c-332873fb6abc;479a4a43-42e2-4a59-b8fb-475249b86d2b;0e39b943-26c4-4d06-8ae9-92f2a6db701c;9e910526-7e46-4bed-9015-91145637c6d6;7705e54b-0918-4167-b6a5-85f16ab1a338]]
2026-04-26 10:07:38.517,31.635,CrossSignalDivergence_GT,atomic,[CrossSignalDivergence_GT],[1.0000],1,6,1.0000,[dt-1;dt-2;dt-3],[[fd0a11a0-612b-4f79-b20b-c76def678d69;e635f8ad-b4fb-4fee-ad6c-332873fb6abc;479a4a43-42e2-4a59-b8fb-475249b86d2b;0e39b943-26c4-4d06-8ae9-92f2a6db701c;9e910526-7e46-4bed-9015-91145637c6d6;7705e54b-0918-4167-b6a5-85f16ab1a338]]
2026-04-26 10:07:38.628,31.746,CrossSignalRelativeStable_GT,atomic,[CrossSignalRelativeStable_GT],[1.0000],1,6,1.0000,[dt-1;dt-2;dt-3],[[0e39b943-26c4-4d06-8ae9-92f2a6db701c;9e910526-7e46-4bed-9015-91145637c6d6;7705e54b-0918-4167-b6a5-85f16ab1a338;3c2b7237-82dd-4370-aa63-c1e5323d9558;5198159d-2641-4c67-9d17-b9dd4a54c734;8427f2b2-6e02-49a9-a6e7-dcd2e8474aca]]
2026-04-26 10:07:38.628,31.746,CrossSignalDivergence_GT,atomic,[CrossSignalDivergence_GT],[1.0000],1,6,1.0000,[dt-1;dt-2;dt-3],[[0e39b943-26c4-4d06-8ae9-92f2a6db701c;9e910526-7e46-4bed-9015-91145637c6d6;7705e54b-0918-4167-b6a5-85f16ab1a338;3c2b7237-82dd-4370-aa63-c1e5323d9558;5198159d-2641-4c67-9d17-b9dd4a54c734;8427f2b2-6e02-49a9-a6e7-dcd2e8474aca]]
2026-04-26 10:07:38.728,31.846,CrossSignalRelativeStable_SYS,atomic,[CrossSignalRelativeStable_SYS],[0.9631],1,6,0.9631,[dt-1;dt-2;dt-3],[[42cc31ee-3517-4f80-8c54-234a7c256451;442ec377-5c5c-4a7b-819b-f93163ccdab4;06e10862-87d1-4a2a-9434-491e6a2698b2;4edbb627-f9ff-4dff-b6a7-6965865d4160;87d91862-fa30-4d6b-92ef-a99c5d4a358d;a7ddf925-b89f-4bab-82b3-889e609bd0e2]]
2026-04-26 10:07:38.729,31.847,CrossSignalDivergence_SYS,atomic,[CrossSignalDivergence_SYS],[0.9631],1,6,0.9631,[dt-1;dt-2;dt-3],[[42cc31ee-3517-4f80-8c54-234a7c256451;442ec377-5c5c-4a7b-819b-f93163ccdab4;06e10862-87d1-4a2a-9434-491e6a2698b2;4edbb627-f9ff-4dff-b6a7-6965865d4160;87d91862-fa30-4d6b-92ef-a99c5d4a358d;a7ddf925-b89f-4bab-82b3-889e609bd0e2]]
2026-04-26 10:07:38.741,31.859,CrossSignalRelativeStable_GT,atomic,[CrossSignalRelativeStable_GT],[1.0000],1,6,1.0000,[dt-1;dt-2;dt-3],[[3c2b7237-82dd-4370-aa63-c1e5323d9558;5198159d-2641-4c67-9d17-b9dd4a54c734;8427f2b2-6e02-49a9-a6e7-dcd2e8474aca;74622fe0-d137-49e6-b57e-4f456748640e;8ce04d54-2550-462e-8b16-98544356eabe;17db4b68-18c8-4375-a32c-7484057fd52d]]
2026-04-26 10:07:38.741,31.859,CrossSignalDivergence_GT,atomic,[CrossSignalDivergence_GT],[1.0000],1,6,1.0000,[dt-1;dt-2;dt-3],[[3c2b7237-82dd-4370-aa63-c1e5323d9558;5198159d-2641-4c67-9d17-b9dd4a54c734;8427f2b2-6e02-49a9-a6e7-dcd2e8474aca;74622fe0-d137-49e6-b57e-4f456748640e;8ce04d54-2550-462e-8b16-98544356eabe;17db4b68-18c8-4375-a32c-7484057fd52d]]
2026-04-26 10:07:38.850,31.968,CrossSignalRelativeStable_GT,atomic,[CrossSignalRelativeStable_GT],[1.0000],1,6,1.0000,[dt-1;dt-2;dt-3],[[74622fe0-d137-49e6-b57e-4f456748640e;8ce04d54-2550-462e-8b16-98544356eabe;17db4b68-18c8-4375-a32c-7484057fd52d;2afe2857-4bef-4c95-a0b6-5a4f67db3391;6cbdf9dc-0bd3-4727-99b1-feaa055a6d81;a8d6a2cb-bf5a-471a-9eac-aca3c80d99e7]]
2026-04-26 10:07:38.850,31.968,CrossSignalDivergence_GT,atomic,[CrossSignalDivergence_GT],[1.0000],1,6,1.0000,[dt-1;dt-2;dt-3],[[74622fe0-d137-49e6-b57e-4f456748640e;8ce04d54-2550-462e-8b16-98544356eabe;17db4b68-18c8-4375-a32c-7484057fd52d;2afe2857-4bef-4c95-a0b6-5a4f67db3391;6cbdf9dc-0bd3-4727-99b1-feaa055a6d81;a8d6a2cb-bf5a-471a-9eac-aca3c80d99e7]]
2026-04-26 10:07:38.950,32.068,CrossSignalRelativeStable_SYS,atomic,[CrossSignalRelativeStable_SYS],[0.9811],1,6,0.9811,[dt-1;dt-2;dt-3],[[4edbb627-f9ff-4dff-b6a7-6965865d4160;87d91862-fa30-4d6b-92ef-a99c5d4a358d;a7ddf925-b89f-4bab-82b3-889e609bd0e2;c9345a45-3b5a-42e2-91fd-bbbf99bf41ed;84752b41-51f3-4b90-b0e1-e781e0f88f42;4363fd90-6268-49c8-99c7-9e46b5a67d48]]
2026-04-26 10:07:38.950,32.068,CrossSignalDivergence_SYS,atomic,[CrossSignalDivergence_SYS],[0.9811],1,6,0.9811,[dt-1;dt-2;dt-3],[[4edbb627-f9ff-4dff-b6a7-6965865d4160;87d91862-fa30-4d6b-92ef-a99c5d4a358d;a7ddf925-b89f-4bab-82b3-889e609bd0e2;c9345a45-3b5a-42e2-91fd-bbbf99bf41ed;84752b41-51f3-4b90-b0e1-e781e0f88f42;4363fd90-6268-49c8-99c7-9e46b5a67d48]]
2026-04-26 10:07:38.950,32.068,CrossSignalRelativeStable_SYS,atomic,[CrossSignalRelativeStable_SYS],[0.9411],1,6,0.9411,[dt-1;dt-2;dt-3],[[c9345a45-3b5a-42e2-91fd-bbbf99bf41ed;84752b41-51f3-4b90-b0e1-e781e0f88f42;4363fd90-6268-49c8-99c7-9e46b5a67d48;c3cc5e47-663e-4d4b-8f26-a16c646fd4f7;f67ac3d0-4f88-4765-9529-665c3b26a3b8;f351f440-36a5-4e97-8bd4-2ce5f13475dc]]
2026-04-26 10:07:38.950,32.068,CrossSignalDivergence_SYS,atomic,[CrossSignalDivergence_SYS],[0.9411],1,6,0.9411,[dt-1;dt-2;dt-3],[[c9345a45-3b5a-42e2-91fd-bbbf99bf41ed;84752b41-51f3-4b90-b0e1-e781e0f88f42;4363fd90-6268-49c8-99c7-9e46b5a67d48;c3cc5e47-663e-4d4b-8f26-a16c646fd4f7;f67ac3d0-4f88-4765-9529-665c3b26a3b8;f351f440-36a5-4e97-8bd4-2ce5f13475dc]]
2026-04-26 10:07:38.951,32.069,CrossSignalRelativeStable_GT,atomic,[CrossSignalRelativeStable_GT],[1.0000],1,6,1.0000,[dt-1;dt-2;dt-3],[[2afe2857-4bef-4c95-a0b6-5a4f67db3391;6cbdf9dc-0bd3-4727-99b1-feaa055a6d81;a8d6a2cb-bf5a-471a-9eac-aca3c80d99e7;f1c6c398-6b2a-4139-b799-4c9473172c1a;2bc9c763-049d-4ccc-bdc5-892879a81145;4bc4526e-a5de-42f0-a19d-12c05d89e0da]]
2026-04-26 10:07:38.951,32.069,CrossSignalDivergence_GT,atomic,[CrossSignalDivergence_GT],[1.0000],1,6,1.0000,[dt-1;dt-2;dt-3],[[2afe2857-4bef-4c95-a0b6-5a4f67db3391;6cbdf9dc-0bd3-4727-99b1-feaa055a6d81;a8d6a2cb-bf5a-471a-9eac-aca3c80d99e7;f1c6c398-6b2a-4139-b799-4c9473172c1a;2bc9c763-049d-4ccc-bdc5-892879a81145;4bc4526e-a5de-42f0-a19d-12c05d89e0da]]
2026-04-26 10:07:39.063,32.181,CrossSignalRelativeStable_OBS,atomic,[CrossSignalRelativeStable_OBS],[1.0000],1,6,1.0000,[dt-1;dt-2;dt-3],[[42cc31ee-3517-4f80-8c54-234a7c256451;91005f98-ec82-4c02-9b5c-ee020af8638f;bff12771-ead4-4a0e-a280-09c991c66f62;6a95904f-032a-41ca-94af-c25573e8c899;442ec377-5c5c-4a7b-819b-f93163ccdab4;a7ddf925-b89f-4bab-82b3-889e609bd0e2]]
2026-04-26 10:07:39.063,32.181,CrossSignalDivergence_OBS,atomic,[CrossSignalDivergence_OBS],[1.0000],1,6,1.0000,[dt-1;dt-2;dt-3],[[42cc31ee-3517-4f80-8c54-234a7c256451;91005f98-ec82-4c02-9b5c-ee020af8638f;bff12771-ead4-4a0e-a280-09c991c66f62;6a95904f-032a-41ca-94af-c25573e8c899;442ec377-5c5c-4a7b-819b-f93163ccdab4;a7ddf925-b89f-4bab-82b3-889e609bd0e2]]
2026-04-26 10:07:39.081,32.199,CrossSignalRelativeStable_GT,atomic,[CrossSignalRelativeStable_GT],[1.0000],1,6,1.0000,[dt-1;dt-2;dt-3],[[f1c6c398-6b2a-4139-b799-4c9473172c1a;2bc9c763-049d-4ccc-bdc5-892879a81145;4bc4526e-a5de-42f0-a19d-12c05d89e0da;7a32523d-6e76-45d4-b7bb-992327232f69;6ce94280-4f72-44ae-af15-3a857752ef6f;195fb867-79bf-4ba4-ba08-12213fab0b36]]
2026-04-26 10:07:39.081,32.199,CrossSignalDivergence_GT,atomic,[CrossSignalDivergence_GT],[1.0000],1,6,1.0000,[dt-1;dt-2;dt-3],[[f1c6c398-6b2a-4139-b799-4c9473172c1a;2bc9c763-049d-4ccc-bdc5-892879a81145;4bc4526e-a5de-42f0-a19d-12c05d89e0da;7a32523d-6e76-45d4-b7bb-992327232f69;6ce94280-4f72-44ae-af15-3a857752ef6f;195fb867-79bf-4ba4-ba08-12213fab0b36]]
2026-04-26 10:07:39.171,32.289,CrossSignalRelativeStable_SYS,atomic,[CrossSignalRelativeStable_SYS],[0.9411],1,6,0.9411,[dt-1;dt-2;dt-3],[[c3cc5e47-663e-4d4b-8f26-a16c646fd4f7;f67ac3d0-4f88-4765-9529-665c3b26a3b8;f351f440-36a5-4e97-8bd4-2ce5f13475dc;6a95904f-032a-41ca-94af-c25573e8c899;2f33094e-25d6-48d3-8fd2-36f0c86cde2d;6a3f60cd-872f-432a-80f0-116ca0423f86]]
2026-04-26 10:07:39.171,32.289,CrossSignalDivergence_SYS,atomic,[CrossSignalDivergence_SYS],[0.9411],1,6,0.9411,[dt-1;dt-2;dt-3],[[c3cc5e47-663e-4d4b-8f26-a16c646fd4f7;f67ac3d0-4f88-4765-9529-665c3b26a3b8;f351f440-36a5-4e97-8bd4-2ce5f13475dc;6a95904f-032a-41ca-94af-c25573e8c899;2f33094e-25d6-48d3-8fd2-36f0c86cde2d;6a3f60cd-872f-432a-80f0-116ca0423f86]]
2026-04-26 10:07:39.193,32.311,CrossSignalRelativeStable_GT,atomic,[CrossSignalRelativeStable_GT],[1.0000],1,6,1.0000,[dt-1;dt-2;dt-3],[[7a32523d-6e76-45d4-b7bb-992327232f69;6ce94280-4f72-44ae-af15-3a857752ef6f;195fb867-79bf-4ba4-ba08-12213fab0b36;4ce7f9bf-8233-474f-a655-a066bc267899;bc195cf9-3d8b-4144-86c3-493306a5fc3b;3005089a-7ac2-4f72-bf4b-df3929afb7b5]]
2026-04-26 10:07:39.193,32.311,CrossSignalDivergence_GT,atomic,[CrossSignalDivergence_GT],[1.0000],1,6,1.0000,[dt-1;dt-2;dt-3],[[7a32523d-6e76-45d4-b7bb-992327232f69;6ce94280-4f72-44ae-af15-3a857752ef6f;195fb867-79bf-4ba4-ba08-12213fab0b36;4ce7f9bf-8233-474f-a655-a066bc267899;bc195cf9-3d8b-4144-86c3-493306a5fc3b;3005089a-7ac2-4f72-bf4b-df3929afb7b5]]
2026-04-26 10:07:39.305,32.423,CrossSignalRelativeStable_GT,atomic,[CrossSignalRelativeStable_GT],[1.0000],1,6,1.0000,[dt-1;dt-2;dt-3],[[4ce7f9bf-8233-474f-a655-a066bc267899;bc195cf9-3d8b-4144-86c3-493306a5fc3b;3005089a-7ac2-4f72-bf4b-df3929afb7b5;3c4206fd-563c-4b9b-a6d0-a79f0dccae32;0d6d541a-49b1-444a-9fe1-48217272ef04;e72c7192-cd5d-4d35-a5a5-0345127481e5]]
2026-04-26 10:07:39.305,32.423,CrossSignalDivergence_GT,atomic,[CrossSignalDivergence_GT],[1.0000],1,6,1.0000,[dt-1;dt-2;dt-3],[[4ce7f9bf-8233-474f-a655-a066bc267899;bc195cf9-3d8b-4144-86c3-493306a5fc3b;3005089a-7ac2-4f72-bf4b-df3929afb7b5;3c4206fd-563c-4b9b-a6d0-a79f0dccae32;0d6d541a-49b1-444a-9fe1-48217272ef04;e72c7192-cd5d-4d35-a5a5-0345127481e5]]
2026-04-26 10:07:39.400,32.518,CrossSignalRelativeStable_SYS,atomic,[CrossSignalRelativeStable_SYS],[0.9614],1,6,0.9614,[dt-1;dt-2;dt-3],[[6a95904f-032a-41ca-94af-c25573e8c899;2f33094e-25d6-48d3-8fd2-36f0c86cde2d;6a3f60cd-872f-432a-80f0-116ca0423f86;3c913fbc-07ec-4998-90c1-e25cbe463b75;8d4e45ee-0705-4f30-8a86-2a10f2688ff3;c4d79dcc-2f0e-43af-ac84-6a2c941fe86f]]
2026-04-26 10:07:39.400,32.518,CrossSignalDivergence_SYS,atomic,[CrossSignalDivergence_SYS],[0.9614],1,6,0.9614,[dt-1;dt-2;dt-3],[[6a95904f-032a-41ca-94af-c25573e8c899;2f33094e-25d6-48d3-8fd2-36f0c86cde2d;6a3f60cd-872f-432a-80f0-116ca0423f86;3c913fbc-07ec-4998-90c1-e25cbe463b75;8d4e45ee-0705-4f30-8a86-2a10f2688ff3;c4d79dcc-2f0e-43af-ac84-6a2c941fe86f]]
2026-04-26 10:07:39.411,32.529,CrossSignalRelativeStable_GT,atomic,[CrossSignalRelativeStable_GT],[1.0000],1,6,1.0000,[dt-1;dt-2;dt-3],[[3c4206fd-563c-4b9b-a6d0-a79f0dccae32;0d6d541a-49b1-444a-9fe1-48217272ef04;e72c7192-cd5d-4d35-a5a5-0345127481e5;79d1acd2-effd-4987-8b18-4022890d4903;6c685789-1721-4935-9d70-4c25ad6290a2;701b68e4-993c-497f-8d8e-82d31c9a3588]]
2026-04-26 10:07:39.411,32.529,CrossSignalDivergence_GT,atomic,[CrossSignalDivergence_GT],[1.0000],1,6,1.0000,[dt-1;dt-2;dt-3],[[3c4206fd-563c-4b9b-a6d0-a79f0dccae32;0d6d541a-49b1-444a-9fe1-48217272ef04;e72c7192-cd5d-4d35-a5a5-0345127481e5;79d1acd2-effd-4987-8b18-4022890d4903;6c685789-1721-4935-9d70-4c25ad6290a2;701b68e4-993c-497f-8d8e-82d31c9a3588]]
2026-04-26 10:07:39.505,32.623,CrossSignalRelativeStable_SYS,atomic,[CrossSignalRelativeStable_SYS],[0.9463],1,6,0.9463,[dt-1;dt-2;dt-3],[[3c913fbc-07ec-4998-90c1-e25cbe463b75;8d4e45ee-0705-4f30-8a86-2a10f2688ff3;c4d79dcc-2f0e-43af-ac84-6a2c941fe86f;3ca84953-8942-49ed-a702-c06e10824345;74b368db-6fd8-4328-bafb-3f5d7bdd088a;95502861-3ba5-47fd-a356-77b528185b2c]]
2026-04-26 10:07:39.505,32.623,CrossSignalDivergence_SYS,atomic,[CrossSignalDivergence_SYS],[0.9463],1,6,0.9463,[dt-1;dt-2;dt-3],[[3c913fbc-07ec-4998-90c1-e25cbe463b75;8d4e45ee-0705-4f30-8a86-2a10f2688ff3;c4d79dcc-2f0e-43af-ac84-6a2c941fe86f;3ca84953-8942-49ed-a702-c06e10824345;74b368db-6fd8-4328-bafb-3f5d7bdd088a;95502861-3ba5-47fd-a356-77b528185b2c]]
2026-04-26 10:07:39.505,32.623,CrossSignalRelativeStable_GT,atomic,[CrossSignalRelativeStable_GT],[1.0000],1,6,1.0000,[dt-1;dt-2;dt-3],[[79d1acd2-effd-4987-8b18-4022890d4903;6c685789-1721-4935-9d70-4c25ad6290a2;701b68e4-993c-497f-8d8e-82d31c9a3588;6d447b7d-ee0d-4dea-ba1b-eeecef4e00b6;59220821-89d6-4d1b-b9da-8a5bd5eb2c5c;e9c36878-b901-4b46-973c-378b4c1aeba3]]
2026-04-26 10:07:39.505,32.623,CrossSignalDivergence_GT,atomic,[CrossSignalDivergence_GT],[1.0000],1,6,1.0000,[dt-1;dt-2;dt-3],[[79d1acd2-effd-4987-8b18-4022890d4903;6c685789-1721-4935-9d70-4c25ad6290a2;701b68e4-993c-497f-8d8e-82d31c9a3588;6d447b7d-ee0d-4dea-ba1b-eeecef4e00b6;59220821-89d6-4d1b-b9da-8a5bd5eb2c5c;e9c36878-b901-4b46-973c-378b4c1aeba3]]
2026-04-26 10:07:39.614,32.732,CrossSignalRelativeStable_OBS,atomic,[CrossSignalRelativeStable_OBS],[1.0000],1,6,1.0000,[dt-1;dt-2;dt-3],[[6a95904f-032a-41ca-94af-c25573e8c899;442ec377-5c5c-4a7b-819b-f93163ccdab4;a7ddf925-b89f-4bab-82b3-889e609bd0e2;669a1a35-68f2-4f81-97bf-9b8754f49fa5;2f33094e-25d6-48d3-8fd2-36f0c86cde2d;c4d79dcc-2f0e-43af-ac84-6a2c941fe86f]]
2026-04-26 10:07:39.614,32.732,CrossSignalDivergence_OBS,atomic,[CrossSignalDivergence_OBS],[1.0000],1,6,1.0000,[dt-1;dt-2;dt-3],[[6a95904f-032a-41ca-94af-c25573e8c899;442ec377-5c5c-4a7b-819b-f93163ccdab4;a7ddf925-b89f-4bab-82b3-889e609bd0e2;669a1a35-68f2-4f81-97bf-9b8754f49fa5;2f33094e-25d6-48d3-8fd2-36f0c86cde2d;c4d79dcc-2f0e-43af-ac84-6a2c941fe86f]]
2026-04-26 10:07:39.625,32.743,CrossSignalRelativeStable_GT,atomic,[CrossSignalRelativeStable_GT],[1.0000],1,6,1.0000,[dt-1;dt-2;dt-3],[[6d447b7d-ee0d-4dea-ba1b-eeecef4e00b6;59220821-89d6-4d1b-b9da-8a5bd5eb2c5c;e9c36878-b901-4b46-973c-378b4c1aeba3;87e04196-6150-47f2-bdee-2934920769e5;321aee64-266a-4678-9310-b60ccc968892;056733c8-39ee-46b6-b723-0721d6dae216]]
2026-04-26 10:07:39.625,32.743,CrossSignalDivergence_GT,atomic,[CrossSignalDivergence_GT],[1.0000],1,6,1.0000,[dt-1;dt-2;dt-3],[[6d447b7d-ee0d-4dea-ba1b-eeecef4e00b6;59220821-89d6-4d1b-b9da-8a5bd5eb2c5c;e9c36878-b901-4b46-973c-378b4c1aeba3;87e04196-6150-47f2-bdee-2934920769e5;321aee64-266a-4678-9310-b60ccc968892;056733c8-39ee-46b6-b723-0721d6dae216]]
2026-04-26 10:07:39.728,32.846,CrossSignalRelativeStable_SYS,atomic,[CrossSignalRelativeStable_SYS],[0.9465],1,6,0.9465,[dt-1;dt-2;dt-3],[[3ca84953-8942-49ed-a702-c06e10824345;74b368db-6fd8-4328-bafb-3f5d7bdd088a;95502861-3ba5-47fd-a356-77b528185b2c;669a1a35-68f2-4f81-97bf-9b8754f49fa5;d05e251d-1e8b-4f55-a310-22bf4418f673;30f994f7-9211-4052-9c7c-ccda3bd1cdfa]]
2026-04-26 10:07:39.729,32.847,CrossSignalDivergence_SYS,atomic,[CrossSignalDivergence_SYS],[0.9465],1,6,0.9465,[dt-1;dt-2;dt-3],[[3ca84953-8942-49ed-a702-c06e10824345;74b368db-6fd8-4328-bafb-3f5d7bdd088a;95502861-3ba5-47fd-a356-77b528185b2c;669a1a35-68f2-4f81-97bf-9b8754f49fa5;d05e251d-1e8b-4f55-a310-22bf4418f673;30f994f7-9211-4052-9c7c-ccda3bd1cdfa]]
2026-04-26 10:07:39.735,32.853,CrossSignalRelativeStable_GT,atomic,[CrossSignalRelativeStable_GT],[1.0000],1,6,1.0000,[dt-1;dt-2;dt-3],[[87e04196-6150-47f2-bdee-2934920769e5;321aee64-266a-4678-9310-b60ccc968892;056733c8-39ee-46b6-b723-0721d6dae216;8fbf514b-7f4c-446b-86ad-93a62f0647f1;f9b3f8f3-2ee2-4e44-8d76-fdf79be4dd81;26d7b474-c6a4-4a7f-9808-99eee9fc440f]]
2026-04-26 10:07:39.735,32.853,CrossSignalDivergence_GT,atomic,[CrossSignalDivergence_GT],[1.0000],1,6,1.0000,[dt-1;dt-2;dt-3],[[87e04196-6150-47f2-bdee-2934920769e5;321aee64-266a-4678-9310-b60ccc968892;056733c8-39ee-46b6-b723-0721d6dae216;8fbf514b-7f4c-446b-86ad-93a62f0647f1;f9b3f8f3-2ee2-4e44-8d76-fdf79be4dd81;26d7b474-c6a4-4a7f-9808-99eee9fc440f]]
2026-04-26 10:07:39.841,32.959,CrossSignalRelativeStable_SYS,atomic,[CrossSignalRelativeStable_SYS],[0.9804],1,6,0.9804,[dt-1;dt-2;dt-3],[[669a1a35-68f2-4f81-97bf-9b8754f49fa5;d05e251d-1e8b-4f55-a310-22bf4418f673;30f994f7-9211-4052-9c7c-ccda3bd1cdfa;0d28dad7-f206-499c-8f2b-90d69ec30875;eb3c99d7-c6fd-4ae1-b585-acc81315316a;e4625fbf-b36f-4c68-87d4-0128126d316e]]
2026-04-26 10:07:39.841,32.959,CrossSignalRelativeStable_OBS,atomic,[CrossSignalRelativeStable_OBS],[1.0000],1,6,1.0000,[dt-1;dt-2;dt-3],[[669a1a35-68f2-4f81-97bf-9b8754f49fa5;2f33094e-25d6-48d3-8fd2-36f0c86cde2d;c4d79dcc-2f0e-43af-ac84-6a2c941fe86f;08560628-fa1d-4aec-991f-07e1acd8124c;eb3c99d7-c6fd-4ae1-b585-acc81315316a;760655c0-ac74-44f8-ab05-10c2d3dc9836]]
2026-04-26 10:07:39.841,32.959,CrossSignalDivergence_SYS,atomic,[CrossSignalDivergence_SYS],[0.9804],1,6,0.9804,[dt-1;dt-2;dt-3],[[669a1a35-68f2-4f81-97bf-9b8754f49fa5;d05e251d-1e8b-4f55-a310-22bf4418f673;30f994f7-9211-4052-9c7c-ccda3bd1cdfa;0d28dad7-f206-499c-8f2b-90d69ec30875;eb3c99d7-c6fd-4ae1-b585-acc81315316a;e4625fbf-b36f-4c68-87d4-0128126d316e]]
2026-04-26 10:07:39.841,32.959,CrossSignalDivergence_OBS,atomic,[CrossSignalDivergence_OBS],[1.0000],1,6,1.0000,[dt-1;dt-2;dt-3],[[669a1a35-68f2-4f81-97bf-9b8754f49fa5;2f33094e-25d6-48d3-8fd2-36f0c86cde2d;c4d79dcc-2f0e-43af-ac84-6a2c941fe86f;08560628-fa1d-4aec-991f-07e1acd8124c;eb3c99d7-c6fd-4ae1-b585-acc81315316a;760655c0-ac74-44f8-ab05-10c2d3dc9836]]
2026-04-26 10:07:39.848,32.966,CrossSignalRelativeStable_GT,atomic,[CrossSignalRelativeStable_GT],[1.0000],1,6,1.0000,[dt-1;dt-2;dt-3],[[8fbf514b-7f4c-446b-86ad-93a62f0647f1;f9b3f8f3-2ee2-4e44-8d76-fdf79be4dd81;26d7b474-c6a4-4a7f-9808-99eee9fc440f;9733b397-1c6c-49a5-bf7c-8d1afcb4e9ac;3f141524-708e-473d-bc5c-299f14707084;96ecb88b-4b5a-44ae-85fb-b4d8dbeb54d1]]
2026-04-26 10:07:39.848,32.966,CrossSignalDivergence_GT,atomic,[CrossSignalDivergence_GT],[1.0000],1,6,1.0000,[dt-1;dt-2;dt-3],[[8fbf514b-7f4c-446b-86ad-93a62f0647f1;f9b3f8f3-2ee2-4e44-8d76-fdf79be4dd81;26d7b474-c6a4-4a7f-9808-99eee9fc440f;9733b397-1c6c-49a5-bf7c-8d1afcb4e9ac;3f141524-708e-473d-bc5c-299f14707084;96ecb88b-4b5a-44ae-85fb-b4d8dbeb54d1]]
2026-04-26 10:07:39.957,33.075,CrossSignalRelativeStable_GT,atomic,[CrossSignalRelativeStable_GT],[1.0000],1,6,1.0000,[dt-1;dt-2;dt-3],[[9733b397-1c6c-49a5-bf7c-8d1afcb4e9ac;3f141524-708e-473d-bc5c-299f14707084;96ecb88b-4b5a-44ae-85fb-b4d8dbeb54d1;8652e093-e8e2-4a07-a916-63701db85b47;bc735f3c-ed31-4598-818f-126c123b9f01;193ce0fc-ea17-4f21-afce-68ff85ece1d2]]
2026-04-26 10:07:39.957,33.075,CrossSignalDivergence_GT,atomic,[CrossSignalDivergence_GT],[1.0000],1,6,1.0000,[dt-1;dt-2;dt-3],[[9733b397-1c6c-49a5-bf7c-8d1afcb4e9ac;3f141524-708e-473d-bc5c-299f14707084;96ecb88b-4b5a-44ae-85fb-b4d8dbeb54d1;8652e093-e8e2-4a07-a916-63701db85b47;bc735f3c-ed31-4598-818f-126c123b9f01;193ce0fc-ea17-4f21-afce-68ff85ece1d2]]
2026-04-26 10:07:40.057,33.175,CrossSignalRelativeStable_SYS,atomic,[CrossSignalRelativeStable_SYS],[1.0000],1,6,1.0000,[dt-1;dt-2;dt-3],[[0d28dad7-f206-499c-8f2b-90d69ec30875;eb3c99d7-c6fd-4ae1-b585-acc81315316a;e4625fbf-b36f-4c68-87d4-0128126d316e;e4535909-b9ff-4b96-88cb-f56cc6d27739;3bf09f4a-9243-4922-b2ae-26accce025d7;844916de-8acc-4d36-9ba1-f7b6337863e0]]
2026-04-26 10:07:40.057,33.175,CrossSignalRelativeStable_OBS,atomic,[CrossSignalRelativeStable_OBS],[1.0000],1,6,1.0000,[dt-1;dt-2;dt-3],[[08560628-fa1d-4aec-991f-07e1acd8124c;eb3c99d7-c6fd-4ae1-b585-acc81315316a;760655c0-ac74-44f8-ab05-10c2d3dc9836;e4535909-b9ff-4b96-88cb-f56cc6d27739;3bf09f4a-9243-4922-b2ae-26accce025d7;844916de-8acc-4d36-9ba1-f7b6337863e0]]
2026-04-26 10:07:40.057,33.175,CrossSignalDivergence_SYS,atomic,[CrossSignalDivergence_SYS],[1.0000],1,6,1.0000,[dt-1;dt-2;dt-3],[[0d28dad7-f206-499c-8f2b-90d69ec30875;eb3c99d7-c6fd-4ae1-b585-acc81315316a;e4625fbf-b36f-4c68-87d4-0128126d316e;e4535909-b9ff-4b96-88cb-f56cc6d27739;3bf09f4a-9243-4922-b2ae-26accce025d7;844916de-8acc-4d36-9ba1-f7b6337863e0]]
2026-04-26 10:07:40.057,33.175,CrossSignalDivergence_OBS,atomic,[CrossSignalDivergence_OBS],[1.0000],1,6,1.0000,[dt-1;dt-2;dt-3],[[08560628-fa1d-4aec-991f-07e1acd8124c;eb3c99d7-c6fd-4ae1-b585-acc81315316a;760655c0-ac74-44f8-ab05-10c2d3dc9836;e4535909-b9ff-4b96-88cb-f56cc6d27739;3bf09f4a-9243-4922-b2ae-26accce025d7;844916de-8acc-4d36-9ba1-f7b6337863e0]]
2026-04-26 10:07:40.069,33.187,CrossSignalRelativeStable_GT,atomic,[CrossSignalRelativeStable_GT],[1.0000],1,6,1.0000,[dt-1;dt-2;dt-3],[[8652e093-e8e2-4a07-a916-63701db85b47;bc735f3c-ed31-4598-818f-126c123b9f01;193ce0fc-ea17-4f21-afce-68ff85ece1d2;854a7156-126e-4d59-aab5-c0ec6e52bb8a;1add3d7a-6afb-4c68-a8d2-32d66e3ee12a;0938f292-080d-4736-a5f1-d1a172ca4d56]]
2026-04-26 10:07:40.069,33.187,CrossSignalDivergence_GT,atomic,[CrossSignalDivergence_GT],[1.0000],1,6,1.0000,[dt-1;dt-2;dt-3],[[8652e093-e8e2-4a07-a916-63701db85b47;bc735f3c-ed31-4598-818f-126c123b9f01;193ce0fc-ea17-4f21-afce-68ff85ece1d2;854a7156-126e-4d59-aab5-c0ec6e52bb8a;1add3d7a-6afb-4c68-a8d2-32d66e3ee12a;0938f292-080d-4736-a5f1-d1a172ca4d56]]
2026-04-26 10:07:40.168,33.286,CrossSignalRelativeStable_SYS,atomic,[CrossSignalRelativeStable_SYS],[0.9803],1,6,0.9803,[dt-1;dt-2;dt-3],[[e4535909-b9ff-4b96-88cb-f56cc6d27739;3bf09f4a-9243-4922-b2ae-26accce025d7;844916de-8acc-4d36-9ba1-f7b6337863e0;321afe45-5fef-475e-832e-081f65ab91b2;49c5d630-3cd2-4cc9-aa88-909102de5a80;40553800-8c3f-4dcf-8f29-97e61348572e]]
2026-04-26 10:07:40.168,33.286,CrossSignalDivergence_SYS,atomic,[CrossSignalDivergence_SYS],[0.9803],1,6,0.9803,[dt-1;dt-2;dt-3],[[e4535909-b9ff-4b96-88cb-f56cc6d27739;3bf09f4a-9243-4922-b2ae-26accce025d7;844916de-8acc-4d36-9ba1-f7b6337863e0;321afe45-5fef-475e-832e-081f65ab91b2;49c5d630-3cd2-4cc9-aa88-909102de5a80;40553800-8c3f-4dcf-8f29-97e61348572e]]
2026-04-26 10:07:40.174,33.292,CrossSignalRelativeStable_GT,atomic,[CrossSignalRelativeStable_GT],[1.0000],1,6,1.0000,[dt-1;dt-2;dt-3],[[854a7156-126e-4d59-aab5-c0ec6e52bb8a;1add3d7a-6afb-4c68-a8d2-32d66e3ee12a;0938f292-080d-4736-a5f1-d1a172ca4d56;93f67a88-2388-401f-ad74-cfa0dc40efab;8c667994-67ee-4b22-b795-78173f6fc9b3;904b546c-d4b1-4365-bd68-551b551d39d0]]
2026-04-26 10:07:40.174,33.292,CrossSignalDivergence_GT,atomic,[CrossSignalDivergence_GT],[1.0000],1,6,1.0000,[dt-1;dt-2;dt-3],[[854a7156-126e-4d59-aab5-c0ec6e52bb8a;1add3d7a-6afb-4c68-a8d2-32d66e3ee12a;0938f292-080d-4736-a5f1-d1a172ca4d56;93f67a88-2388-401f-ad74-cfa0dc40efab;8c667994-67ee-4b22-b795-78173f6fc9b3;904b546c-d4b1-4365-bd68-551b551d39d0]]
2026-04-26 10:07:40.280,33.398,CrossSignalRelativeStable_OBS,atomic,[CrossSignalRelativeStable_OBS],[1.0000],1,6,1.0000,[dt-1;dt-2;dt-3],[[e4535909-b9ff-4b96-88cb-f56cc6d27739;3bf09f4a-9243-4922-b2ae-26accce025d7;844916de-8acc-4d36-9ba1-f7b6337863e0;11d51ba8-87c5-43a9-9daf-3a647201cee2;49c5d630-3cd2-4cc9-aa88-909102de5a80;40553800-8c3f-4dcf-8f29-97e61348572e]]
2026-04-26 10:07:40.280,33.398,CrossSignalDivergence_OBS,atomic,[CrossSignalDivergence_OBS],[1.0000],1,6,1.0000,[dt-1;dt-2;dt-3],[[e4535909-b9ff-4b96-88cb-f56cc6d27739;3bf09f4a-9243-4922-b2ae-26accce025d7;844916de-8acc-4d36-9ba1-f7b6337863e0;11d51ba8-87c5-43a9-9daf-3a647201cee2;49c5d630-3cd2-4cc9-aa88-909102de5a80;40553800-8c3f-4dcf-8f29-97e61348572e]]
2026-04-26 10:07:40.286,33.404,CrossSignalRelativeStable_SYS,atomic,[CrossSignalRelativeStable_SYS],[0.9803],1,6,0.9803,[dt-1;dt-2;dt-3],[[321afe45-5fef-475e-832e-081f65ab91b2;49c5d630-3cd2-4cc9-aa88-909102de5a80;40553800-8c3f-4dcf-8f29-97e61348572e;11d51ba8-87c5-43a9-9daf-3a647201cee2;e76e2a6a-7ef0-44f8-ad05-567128381e5e;c1c53295-cd7c-4d56-a80b-ef6577fd7e26]]
2026-04-26 10:07:40.286,33.404,CrossSignalDivergence_SYS,atomic,[CrossSignalDivergence_SYS],[0.9803],1,6,0.9803,[dt-1;dt-2;dt-3],[[321afe45-5fef-475e-832e-081f65ab91b2;49c5d630-3cd2-4cc9-aa88-909102de5a80;40553800-8c3f-4dcf-8f29-97e61348572e;11d51ba8-87c5-43a9-9daf-3a647201cee2;e76e2a6a-7ef0-44f8-ad05-567128381e5e;c1c53295-cd7c-4d56-a80b-ef6577fd7e26]]
2026-04-26 10:07:40.297,33.415,CrossSignalRelativeStable_GT,atomic,[CrossSignalRelativeStable_GT],[1.0000],1,6,1.0000,[dt-1;dt-2;dt-3],[[93f67a88-2388-401f-ad74-cfa0dc40efab;8c667994-67ee-4b22-b795-78173f6fc9b3;904b546c-d4b1-4365-bd68-551b551d39d0;383ed80a-d176-4153-a437-ad3563fe4879;1f7724b9-b449-46fc-a687-e128e973c301;48c5ebb8-d41f-47ae-8169-0892cd1efbfc]]
2026-04-26 10:07:40.297,33.415,CrossSignalDivergence_GT,atomic,[CrossSignalDivergence_GT],[1.0000],1,6,1.0000,[dt-1;dt-2;dt-3],[[93f67a88-2388-401f-ad74-cfa0dc40efab;8c667994-67ee-4b22-b795-78173f6fc9b3;904b546c-d4b1-4365-bd68-551b551d39d0;383ed80a-d176-4153-a437-ad3563fe4879;1f7724b9-b449-46fc-a687-e128e973c301;48c5ebb8-d41f-47ae-8169-0892cd1efbfc]]
2026-04-26 10:07:40.391,33.509,CrossSignalRelativeStable_OBS,atomic,[CrossSignalRelativeStable_OBS],[1.0000],1,6,1.0000,[dt-1;dt-2;dt-3],[[11d51ba8-87c5-43a9-9daf-3a647201cee2;49c5d630-3cd2-4cc9-aa88-909102de5a80;40553800-8c3f-4dcf-8f29-97e61348572e;55687564-8043-4649-aebc-c99daf2ee53e;e76e2a6a-7ef0-44f8-ad05-567128381e5e;b3623ab2-c006-4541-a181-15a427140741]]
2026-04-26 10:07:40.392,33.510,CrossSignalDivergence_OBS,atomic,[CrossSignalDivergence_OBS],[1.0000],1,6,1.0000,[dt-1;dt-2;dt-3],[[11d51ba8-87c5-43a9-9daf-3a647201cee2;49c5d630-3cd2-4cc9-aa88-909102de5a80;40553800-8c3f-4dcf-8f29-97e61348572e;55687564-8043-4649-aebc-c99daf2ee53e;e76e2a6a-7ef0-44f8-ad05-567128381e5e;b3623ab2-c006-4541-a181-15a427140741]]
2026-04-26 10:07:40.398,33.516,CrossSignalRelativeStable_SYS,atomic,[CrossSignalRelativeStable_SYS],[1.0000],1,6,1.0000,[dt-1;dt-2;dt-3],[[11d51ba8-87c5-43a9-9daf-3a647201cee2;e76e2a6a-7ef0-44f8-ad05-567128381e5e;c1c53295-cd7c-4d56-a80b-ef6577fd7e26;55687564-8043-4649-aebc-c99daf2ee53e;16eb300d-cd84-4930-a37e-fd91b315bc01;b3623ab2-c006-4541-a181-15a427140741]]
2026-04-26 10:07:40.398,33.516,CrossSignalDivergence_SYS,atomic,[CrossSignalDivergence_SYS],[1.0000],1,6,1.0000,[dt-1;dt-2;dt-3],[[11d51ba8-87c5-43a9-9daf-3a647201cee2;e76e2a6a-7ef0-44f8-ad05-567128381e5e;c1c53295-cd7c-4d56-a80b-ef6577fd7e26;55687564-8043-4649-aebc-c99daf2ee53e;16eb300d-cd84-4930-a37e-fd91b315bc01;b3623ab2-c006-4541-a181-15a427140741]]
2026-04-26 10:07:40.404,33.522,CrossSignalRelativeStable_GT,atomic,[CrossSignalRelativeStable_GT],[1.0000],1,6,1.0000,[dt-1;dt-2;dt-3],[[383ed80a-d176-4153-a437-ad3563fe4879;1f7724b9-b449-46fc-a687-e128e973c301;48c5ebb8-d41f-47ae-8169-0892cd1efbfc;ad33f476-c96d-4b92-8c34-f0094aee4a22;5e9dbeb2-391b-4f21-9c4e-9e8919401dc7;a38bf03b-243e-4e5a-9a1d-d018f7343be7]]
2026-04-26 10:07:40.404,33.522,CrossSignalDivergence_GT,atomic,[CrossSignalDivergence_GT],[1.0000],1,6,1.0000,[dt-1;dt-2;dt-3],[[383ed80a-d176-4153-a437-ad3563fe4879;1f7724b9-b449-46fc-a687-e128e973c301;48c5ebb8-d41f-47ae-8169-0892cd1efbfc;ad33f476-c96d-4b92-8c34-f0094aee4a22;5e9dbeb2-391b-4f21-9c4e-9e8919401dc7;a38bf03b-243e-4e5a-9a1d-d018f7343be7]]
2026-04-26 10:07:40.500,33.618,CrossSignalRelativeStable_OBS,atomic,[CrossSignalRelativeStable_OBS],[1.0000],1,6,1.0000,[dt-1;dt-2;dt-3],[[55687564-8043-4649-aebc-c99daf2ee53e;e76e2a6a-7ef0-44f8-ad05-567128381e5e;b3623ab2-c006-4541-a181-15a427140741;9bf0d850-af28-4ddc-b1e3-664558464c31;16eb300d-cd84-4930-a37e-fd91b315bc01;208afdb8-2cce-4c61-94d6-6e1d11b4bbb4]]
2026-04-26 10:07:40.500,33.618,CrossSignalDivergence_OBS,atomic,[CrossSignalDivergence_OBS],[1.0000],1,6,1.0000,[dt-1;dt-2;dt-3],[[55687564-8043-4649-aebc-c99daf2ee53e;e76e2a6a-7ef0-44f8-ad05-567128381e5e;b3623ab2-c006-4541-a181-15a427140741;9bf0d850-af28-4ddc-b1e3-664558464c31;16eb300d-cd84-4930-a37e-fd91b315bc01;208afdb8-2cce-4c61-94d6-6e1d11b4bbb4]]
2026-04-26 10:07:40.529,33.647,CrossSignalRelativeStable_GT,atomic,[CrossSignalRelativeStable_GT],[1.0000],1,6,1.0000,[dt-1;dt-2;dt-3],[[ad33f476-c96d-4b92-8c34-f0094aee4a22;5e9dbeb2-391b-4f21-9c4e-9e8919401dc7;a38bf03b-243e-4e5a-9a1d-d018f7343be7;0057d9b2-89b1-479e-8679-7c0a349c0b2e;438fc723-3c07-46ea-b44c-4969927ac123;f6e50d43-877b-4b39-ae67-624e32694f6d]]
2026-04-26 10:07:40.530,33.648,CrossSignalDivergence_GT,atomic,[CrossSignalDivergence_GT],[1.0000],1,6,1.0000,[dt-1;dt-2;dt-3],[[ad33f476-c96d-4b92-8c34-f0094aee4a22;5e9dbeb2-391b-4f21-9c4e-9e8919401dc7;a38bf03b-243e-4e5a-9a1d-d018f7343be7;0057d9b2-89b1-479e-8679-7c0a349c0b2e;438fc723-3c07-46ea-b44c-4969927ac123;f6e50d43-877b-4b39-ae67-624e32694f6d]]
2026-04-26 10:07:40.619,33.737,CrossSignalRelativeStable_SYS,atomic,[CrossSignalRelativeStable_SYS],[1.0000],1,6,1.0000,[dt-1;dt-2;dt-3],[[55687564-8043-4649-aebc-c99daf2ee53e;16eb300d-cd84-4930-a37e-fd91b315bc01;b3623ab2-c006-4541-a181-15a427140741;9bf0d850-af28-4ddc-b1e3-664558464c31;8ad447a9-cd6b-4712-9f09-94c214da46f0;208afdb8-2cce-4c61-94d6-6e1d11b4bbb4]]
2026-04-26 10:07:40.619,33.737,CrossSignalDivergence_SYS,atomic,[CrossSignalDivergence_SYS],[1.0000],1,6,1.0000,[dt-1;dt-2;dt-3],[[55687564-8043-4649-aebc-c99daf2ee53e;16eb300d-cd84-4930-a37e-fd91b315bc01;b3623ab2-c006-4541-a181-15a427140741;9bf0d850-af28-4ddc-b1e3-664558464c31;8ad447a9-cd6b-4712-9f09-94c214da46f0;208afdb8-2cce-4c61-94d6-6e1d11b4bbb4]]
2026-04-26 10:07:40.625,33.743,CrossSignalRelativeStable_GT,atomic,[CrossSignalRelativeStable_GT],[1.0000],1,6,1.0000,[dt-1;dt-2;dt-3],[[0057d9b2-89b1-479e-8679-7c0a349c0b2e;438fc723-3c07-46ea-b44c-4969927ac123;f6e50d43-877b-4b39-ae67-624e32694f6d;612e8675-4aad-456d-8c63-a05f72a15304;92261e44-8e91-4291-9eb9-04ee2a323e64;492ba4a4-994f-4841-9e10-5843f4443674]]
2026-04-26 10:07:40.625,33.743,CrossSignalDivergence_GT,atomic,[CrossSignalDivergence_GT],[1.0000],1,6,1.0000,[dt-1;dt-2;dt-3],[[0057d9b2-89b1-479e-8679-7c0a349c0b2e;438fc723-3c07-46ea-b44c-4969927ac123;f6e50d43-877b-4b39-ae67-624e32694f6d;612e8675-4aad-456d-8c63-a05f72a15304;92261e44-8e91-4291-9eb9-04ee2a323e64;492ba4a4-994f-4841-9e10-5843f4443674]]
2026-04-26 10:07:40.737,33.855,CrossSignalRelativeStable_GT,atomic,[CrossSignalRelativeStable_GT],[1.0000],1,6,1.0000,[dt-1;dt-2;dt-3],[[612e8675-4aad-456d-8c63-a05f72a15304;92261e44-8e91-4291-9eb9-04ee2a323e64;492ba4a4-994f-4841-9e10-5843f4443674;df599513-15c5-4f5f-a34f-fd76e9e90d1a;869a76ca-4ce1-44d1-94d3-62c4d74ae22e;e023e402-ac7c-42b3-b7d9-a337d6fbcd64]]
2026-04-26 10:07:40.737,33.855,CrossSignalDivergence_GT,atomic,[CrossSignalDivergence_GT],[1.0000],1,6,1.0000,[dt-1;dt-2;dt-3],[[612e8675-4aad-456d-8c63-a05f72a15304;92261e44-8e91-4291-9eb9-04ee2a323e64;492ba4a4-994f-4841-9e10-5843f4443674;df599513-15c5-4f5f-a34f-fd76e9e90d1a;869a76ca-4ce1-44d1-94d3-62c4d74ae22e;e023e402-ac7c-42b3-b7d9-a337d6fbcd64]]
2026-04-26 10:07:40.832,33.950,CrossSignalRelativeStable_SYS,atomic,[CrossSignalRelativeStable_SYS],[0.9524],1,6,0.9524,[dt-1;dt-2;dt-3],[[9bf0d850-af28-4ddc-b1e3-664558464c31;8ad447a9-cd6b-4712-9f09-94c214da46f0;208afdb8-2cce-4c61-94d6-6e1d11b4bbb4;56a0c08f-85d0-4526-bb01-060dab4bf6ae;745760f0-4e47-4864-9355-76c40c11e885;7d20995e-909c-4d57-80a3-8c150b8e817b]]
2026-04-26 10:07:40.832,33.950,CrossSignalDivergence_SYS,atomic,[CrossSignalDivergence_SYS],[0.9524],1,6,0.9524,[dt-1;dt-2;dt-3],[[9bf0d850-af28-4ddc-b1e3-664558464c31;8ad447a9-cd6b-4712-9f09-94c214da46f0;208afdb8-2cce-4c61-94d6-6e1d11b4bbb4;56a0c08f-85d0-4526-bb01-060dab4bf6ae;745760f0-4e47-4864-9355-76c40c11e885;7d20995e-909c-4d57-80a3-8c150b8e817b]]
2026-04-26 10:07:40.832,33.950,CrossSignalRelativeStable_OBS,atomic,[CrossSignalRelativeStable_OBS],[1.0000],1,6,1.0000,[dt-1;dt-2;dt-3],[[9bf0d850-af28-4ddc-b1e3-664558464c31;16eb300d-cd84-4930-a37e-fd91b315bc01;208afdb8-2cce-4c61-94d6-6e1d11b4bbb4;3faaae96-fe35-4514-a890-214f96602eee;8ad447a9-cd6b-4712-9f09-94c214da46f0;f7bd6f04-f68a-49d5-8434-67dc508f71b7]]
2026-04-26 10:07:40.832,33.950,CrossSignalDivergence_OBS,atomic,[CrossSignalDivergence_OBS],[1.0000],1,6,1.0000,[dt-1;dt-2;dt-3],[[9bf0d850-af28-4ddc-b1e3-664558464c31;16eb300d-cd84-4930-a37e-fd91b315bc01;208afdb8-2cce-4c61-94d6-6e1d11b4bbb4;3faaae96-fe35-4514-a890-214f96602eee;8ad447a9-cd6b-4712-9f09-94c214da46f0;f7bd6f04-f68a-49d5-8434-67dc508f71b7]]
2026-04-26 10:07:40.851,33.969,CrossSignalRelativeStable_GT,atomic,[CrossSignalRelativeStable_GT],[1.0000],1,6,1.0000,[dt-1;dt-2;dt-3],[[df599513-15c5-4f5f-a34f-fd76e9e90d1a;869a76ca-4ce1-44d1-94d3-62c4d74ae22e;e023e402-ac7c-42b3-b7d9-a337d6fbcd64;1412fa06-158c-45e6-ad57-00d129b9aa04;563b4d14-8ddf-42cf-be48-b42cfe360413;752e6f7e-09ee-46e9-b670-f72db836a810]]
2026-04-26 10:07:40.851,33.969,CrossSignalDivergence_GT,atomic,[CrossSignalDivergence_GT],[1.0000],1,6,1.0000,[dt-1;dt-2;dt-3],[[df599513-15c5-4f5f-a34f-fd76e9e90d1a;869a76ca-4ce1-44d1-94d3-62c4d74ae22e;e023e402-ac7c-42b3-b7d9-a337d6fbcd64;1412fa06-158c-45e6-ad57-00d129b9aa04;563b4d14-8ddf-42cf-be48-b42cfe360413;752e6f7e-09ee-46e9-b670-f72db836a810]]
2026-04-26 10:07:40.942,34.060,CrossSignalRelativeStable_SYS,atomic,[CrossSignalRelativeStable_SYS],[0.9155],1,6,0.9155,[dt-1;dt-2;dt-3],[[56a0c08f-85d0-4526-bb01-060dab4bf6ae;745760f0-4e47-4864-9355-76c40c11e885;7d20995e-909c-4d57-80a3-8c150b8e817b;c8f6531b-95e7-47b6-8313-f60b3cfe97da;86de7f41-db87-4fa2-9dc6-e1c351f26312;f7bd6f04-f68a-49d5-8434-67dc508f71b7]]
2026-04-26 10:07:40.943,34.061,CrossSignalDivergence_SYS,atomic,[CrossSignalDivergence_SYS],[0.9155],1,6,0.9155,[dt-1;dt-2;dt-3],[[56a0c08f-85d0-4526-bb01-060dab4bf6ae;745760f0-4e47-4864-9355-76c40c11e885;7d20995e-909c-4d57-80a3-8c150b8e817b;c8f6531b-95e7-47b6-8313-f60b3cfe97da;86de7f41-db87-4fa2-9dc6-e1c351f26312;f7bd6f04-f68a-49d5-8434-67dc508f71b7]]
2026-04-26 10:07:40.950,34.068,CrossSignalRelativeStable_GT,atomic,[CrossSignalRelativeStable_GT],[1.0000],1,6,1.0000,[dt-1;dt-2;dt-3],[[1412fa06-158c-45e6-ad57-00d129b9aa04;563b4d14-8ddf-42cf-be48-b42cfe360413;752e6f7e-09ee-46e9-b670-f72db836a810;0002355d-6fd6-4b5b-a0e6-9ca261da1f7e;37d70eb0-b34f-4715-a8af-87adf635aa1c;baee6cc1-5d8e-4b3c-ac51-ee2afe71eb3f]]
2026-04-26 10:07:40.950,34.068,CrossSignalDivergence_GT,atomic,[CrossSignalDivergence_GT],[1.0000],1,6,1.0000,[dt-1;dt-2;dt-3],[[1412fa06-158c-45e6-ad57-00d129b9aa04;563b4d14-8ddf-42cf-be48-b42cfe360413;752e6f7e-09ee-46e9-b670-f72db836a810;0002355d-6fd6-4b5b-a0e6-9ca261da1f7e;37d70eb0-b34f-4715-a8af-87adf635aa1c;baee6cc1-5d8e-4b3c-ac51-ee2afe71eb3f]]
2026-04-26 10:07:41.051,34.169,CrossSignalRelativeStable_SYS,atomic,[CrossSignalRelativeStable_SYS],[0.9115],1,6,0.9115,[dt-1;dt-2;dt-3],[[c8f6531b-95e7-47b6-8313-f60b3cfe97da;86de7f41-db87-4fa2-9dc6-e1c351f26312;f7bd6f04-f68a-49d5-8434-67dc508f71b7;c312d6ab-778e-4409-b255-bd95e224b091;d0cbd550-ef31-46ad-a894-70091826d566;c93de437-5bc0-4404-880c-661c3ad4af00]]
2026-04-26 10:07:41.052,34.170,CrossSignalDivergence_SYS,atomic,[CrossSignalDivergence_SYS],[0.9115],1,6,0.9115,[dt-1;dt-2;dt-3],[[c8f6531b-95e7-47b6-8313-f60b3cfe97da;86de7f41-db87-4fa2-9dc6-e1c351f26312;f7bd6f04-f68a-49d5-8434-67dc508f71b7;c312d6ab-778e-4409-b255-bd95e224b091;d0cbd550-ef31-46ad-a894-70091826d566;c93de437-5bc0-4404-880c-661c3ad4af00]]
2026-04-26 10:07:41.064,34.182,CrossSignalRelativeStable_GT,atomic,[CrossSignalRelativeStable_GT],[1.0000],1,6,1.0000,[dt-1;dt-2;dt-3],[[0002355d-6fd6-4b5b-a0e6-9ca261da1f7e;37d70eb0-b34f-4715-a8af-87adf635aa1c;baee6cc1-5d8e-4b3c-ac51-ee2afe71eb3f;5ff87e2c-1e55-4506-a6ac-a2faed1cf089;78f63076-7e7d-4372-93be-e914517bb36f;5133f91d-945b-414b-8105-62b877d360a5]]
2026-04-26 10:07:41.064,34.182,CrossSignalDivergence_GT,atomic,[CrossSignalDivergence_GT],[1.0000],1,6,1.0000,[dt-1;dt-2;dt-3],[[0002355d-6fd6-4b5b-a0e6-9ca261da1f7e;37d70eb0-b34f-4715-a8af-87adf635aa1c;baee6cc1-5d8e-4b3c-ac51-ee2afe71eb3f;5ff87e2c-1e55-4506-a6ac-a2faed1cf089;78f63076-7e7d-4372-93be-e914517bb36f;5133f91d-945b-414b-8105-62b877d360a5]]
2026-04-26 10:07:41.161,34.279,CrossSignalRelativeStable_OBS,atomic,[CrossSignalRelativeStable_OBS],[1.0000],1,6,1.0000,[dt-1;dt-2;dt-3],[[3faaae96-fe35-4514-a890-214f96602eee;8ad447a9-cd6b-4712-9f09-94c214da46f0;f7bd6f04-f68a-49d5-8434-67dc508f71b7;8e5a6290-6bab-43dd-a32c-c8ff7c7119b0;86de7f41-db87-4fa2-9dc6-e1c351f26312;c93de437-5bc0-4404-880c-661c3ad4af00]]
2026-04-26 10:07:41.161,34.279,CrossSignalDivergence_OBS,atomic,[CrossSignalDivergence_OBS],[1.0000],1,6,1.0000,[dt-1;dt-2;dt-3],[[3faaae96-fe35-4514-a890-214f96602eee;8ad447a9-cd6b-4712-9f09-94c214da46f0;f7bd6f04-f68a-49d5-8434-67dc508f71b7;8e5a6290-6bab-43dd-a32c-c8ff7c7119b0;86de7f41-db87-4fa2-9dc6-e1c351f26312;c93de437-5bc0-4404-880c-661c3ad4af00]]
2026-04-26 10:07:41.167,34.285,CrossSignalRelativeStable_SYS,atomic,[CrossSignalRelativeStable_SYS],[0.9289],1,6,0.9289,[dt-1;dt-2;dt-3],[[c312d6ab-778e-4409-b255-bd95e224b091;d0cbd550-ef31-46ad-a894-70091826d566;c93de437-5bc0-4404-880c-661c3ad4af00;8e5a6290-6bab-43dd-a32c-c8ff7c7119b0;471da9ef-0134-4a33-a241-e2a7cd8b66fb;5afd5db2-82a5-48ee-8a23-ef96c76dc061]]
2026-04-26 10:07:41.167,34.285,CrossSignalDivergence_SYS,atomic,[CrossSignalDivergence_SYS],[0.9289],1,6,0.9289,[dt-1;dt-2;dt-3],[[c312d6ab-778e-4409-b255-bd95e224b091;d0cbd550-ef31-46ad-a894-70091826d566;c93de437-5bc0-4404-880c-661c3ad4af00;8e5a6290-6bab-43dd-a32c-c8ff7c7119b0;471da9ef-0134-4a33-a241-e2a7cd8b66fb;5afd5db2-82a5-48ee-8a23-ef96c76dc061]]
2026-04-26 10:07:41.173,34.291,CrossSignalRelativeStable_GT,atomic,[CrossSignalRelativeStable_GT],[1.0000],1,6,1.0000,[dt-1;dt-2;dt-3],[[5ff87e2c-1e55-4506-a6ac-a2faed1cf089;78f63076-7e7d-4372-93be-e914517bb36f;5133f91d-945b-414b-8105-62b877d360a5;16ca9c21-7bf1-4ce7-bea1-d916e275451a;a649b58f-7055-4f2b-9309-5937ff0ed51f;8b16c171-ab44-4684-a842-d5e4d72e8208]]
2026-04-26 10:07:41.173,34.291,CrossSignalDivergence_GT,atomic,[CrossSignalDivergence_GT],[1.0000],1,6,1.0000,[dt-1;dt-2;dt-3],[[5ff87e2c-1e55-4506-a6ac-a2faed1cf089;78f63076-7e7d-4372-93be-e914517bb36f;5133f91d-945b-414b-8105-62b877d360a5;16ca9c21-7bf1-4ce7-bea1-d916e275451a;a649b58f-7055-4f2b-9309-5937ff0ed51f;8b16c171-ab44-4684-a842-d5e4d72e8208]]
2026-04-26 10:07:41.282,34.400,CrossSignalRelativeStable_GT,atomic,[CrossSignalRelativeStable_GT],[1.0000],1,6,1.0000,[dt-1;dt-2;dt-3],[[16ca9c21-7bf1-4ce7-bea1-d916e275451a;a649b58f-7055-4f2b-9309-5937ff0ed51f;8b16c171-ab44-4684-a842-d5e4d72e8208;fba62957-192b-45dc-8e8e-636c8897e59a;3386eed3-4d5c-47d1-ae16-6e4160daac79;970fd13c-7b5f-47a3-97b9-63ecad9563e2]]
2026-04-26 10:07:41.282,34.400,CrossSignalDivergence_GT,atomic,[CrossSignalDivergence_GT],[1.0000],1,6,1.0000,[dt-1;dt-2;dt-3],[[16ca9c21-7bf1-4ce7-bea1-d916e275451a;a649b58f-7055-4f2b-9309-5937ff0ed51f;8b16c171-ab44-4684-a842-d5e4d72e8208;fba62957-192b-45dc-8e8e-636c8897e59a;3386eed3-4d5c-47d1-ae16-6e4160daac79;970fd13c-7b5f-47a3-97b9-63ecad9563e2]]
2026-04-26 10:07:41.381,34.499,CrossSignalRelativeStable_SYS,atomic,[CrossSignalRelativeStable_SYS],[0.9435],1,6,0.9435,[dt-1;dt-2;dt-3],[[8e5a6290-6bab-43dd-a32c-c8ff7c7119b0;471da9ef-0134-4a33-a241-e2a7cd8b66fb;5afd5db2-82a5-48ee-8a23-ef96c76dc061;d4faa614-ede8-4b97-9e53-631c63ae48f6;f7c20ef9-f31e-4dd9-96e2-250a2437a801;d67d5a67-38bc-4602-b7ec-b41523b992e2]]
2026-04-26 10:07:41.382,34.500,CrossSignalDivergence_SYS,atomic,[CrossSignalDivergence_SYS],[0.9435],1,6,0.9435,[dt-1;dt-2;dt-3],[[8e5a6290-6bab-43dd-a32c-c8ff7c7119b0;471da9ef-0134-4a33-a241-e2a7cd8b66fb;5afd5db2-82a5-48ee-8a23-ef96c76dc061;d4faa614-ede8-4b97-9e53-631c63ae48f6;f7c20ef9-f31e-4dd9-96e2-250a2437a801;d67d5a67-38bc-4602-b7ec-b41523b992e2]]
2026-04-26 10:07:41.394,34.512,CrossSignalRelativeStable_GT,atomic,[CrossSignalRelativeStable_GT],[1.0000],1,6,1.0000,[dt-1;dt-2;dt-3],[[fba62957-192b-45dc-8e8e-636c8897e59a;3386eed3-4d5c-47d1-ae16-6e4160daac79;970fd13c-7b5f-47a3-97b9-63ecad9563e2;775d36a3-bb04-44e6-9dcb-e37ced92031b;9d246414-f5f8-4e96-8f3b-37eea158fb10;3c720da2-8575-4ae8-9b24-efdf6e0f1c29]]
2026-04-26 10:07:41.394,34.512,CrossSignalDivergence_GT,atomic,[CrossSignalDivergence_GT],[1.0000],1,6,1.0000,[dt-1;dt-2;dt-3],[[fba62957-192b-45dc-8e8e-636c8897e59a;3386eed3-4d5c-47d1-ae16-6e4160daac79;970fd13c-7b5f-47a3-97b9-63ecad9563e2;775d36a3-bb04-44e6-9dcb-e37ced92031b;9d246414-f5f8-4e96-8f3b-37eea158fb10;3c720da2-8575-4ae8-9b24-efdf6e0f1c29]]
2026-04-26 10:07:41.394,34.512,CrossSignalRelativeStable_OBS,atomic,[CrossSignalRelativeStable_OBS],[1.0000],1,6,1.0000,[dt-1;dt-2;dt-3],[[8e5a6290-6bab-43dd-a32c-c8ff7c7119b0;86de7f41-db87-4fa2-9dc6-e1c351f26312;c93de437-5bc0-4404-880c-661c3ad4af00;d4faa614-ede8-4b97-9e53-631c63ae48f6;471da9ef-0134-4a33-a241-e2a7cd8b66fb;67888b0f-0823-4413-bc9c-156b85c6c36e]]
2026-04-26 10:07:41.394,34.512,CrossSignalDivergence_OBS,atomic,[CrossSignalDivergence_OBS],[1.0000],1,6,1.0000,[dt-1;dt-2;dt-3],[[8e5a6290-6bab-43dd-a32c-c8ff7c7119b0;86de7f41-db87-4fa2-9dc6-e1c351f26312;c93de437-5bc0-4404-880c-661c3ad4af00;d4faa614-ede8-4b97-9e53-631c63ae48f6;471da9ef-0134-4a33-a241-e2a7cd8b66fb;67888b0f-0823-4413-bc9c-156b85c6c36e]]
2026-04-26 10:07:41.492,34.610,CrossSignalRelativeStable_SYS,atomic,[CrossSignalRelativeStable_SYS],[0.9631],1,6,0.9631,[dt-1;dt-2;dt-3],[[d4faa614-ede8-4b97-9e53-631c63ae48f6;f7c20ef9-f31e-4dd9-96e2-250a2437a801;d67d5a67-38bc-4602-b7ec-b41523b992e2;e9d71925-b1db-4840-932a-4db8d9fdc609;a867e9eb-26ea-4599-a280-0a171081422e;67888b0f-0823-4413-bc9c-156b85c6c36e]]
2026-04-26 10:07:41.493,34.611,CrossSignalDivergence_SYS,atomic,[CrossSignalDivergence_SYS],[0.9631],1,6,0.9631,[dt-1;dt-2;dt-3],[[d4faa614-ede8-4b97-9e53-631c63ae48f6;f7c20ef9-f31e-4dd9-96e2-250a2437a801;d67d5a67-38bc-4602-b7ec-b41523b992e2;e9d71925-b1db-4840-932a-4db8d9fdc609;a867e9eb-26ea-4599-a280-0a171081422e;67888b0f-0823-4413-bc9c-156b85c6c36e]]
2026-04-26 10:07:41.505,34.623,CrossSignalRelativeStable_GT,atomic,[CrossSignalRelativeStable_GT],[1.0000],1,6,1.0000,[dt-1;dt-2;dt-3],[[775d36a3-bb04-44e6-9dcb-e37ced92031b;9d246414-f5f8-4e96-8f3b-37eea158fb10;3c720da2-8575-4ae8-9b24-efdf6e0f1c29;50d8f8f7-dc86-446a-b0b1-23bac47ed32e;f57c5a68-1666-4754-995e-0a4ecae2a6d0;ee6b2c96-3c26-4cb5-b18c-f72b13dfa947]]
2026-04-26 10:07:41.505,34.623,CrossSignalDivergence_GT,atomic,[CrossSignalDivergence_GT],[1.0000],1,6,1.0000,[dt-1;dt-2;dt-3],[[775d36a3-bb04-44e6-9dcb-e37ced92031b;9d246414-f5f8-4e96-8f3b-37eea158fb10;3c720da2-8575-4ae8-9b24-efdf6e0f1c29;50d8f8f7-dc86-446a-b0b1-23bac47ed32e;f57c5a68-1666-4754-995e-0a4ecae2a6d0;ee6b2c96-3c26-4cb5-b18c-f72b13dfa947]]
2026-04-26 10:07:41.505,34.623,CrossSignalRelativeStable_OBS,atomic,[CrossSignalRelativeStable_OBS],[1.0000],1,6,1.0000,[dt-1;dt-2;dt-3],[[d4faa614-ede8-4b97-9e53-631c63ae48f6;471da9ef-0134-4a33-a241-e2a7cd8b66fb;67888b0f-0823-4413-bc9c-156b85c6c36e;e9d71925-b1db-4840-932a-4db8d9fdc609;2f3cf793-7f96-403d-ad55-b291562a439b;46a91bc7-892b-4df8-9522-78e9841ce082]]
2026-04-26 10:07:41.506,34.624,CrossSignalDivergence_OBS,atomic,[CrossSignalDivergence_OBS],[1.0000],1,6,1.0000,[dt-1;dt-2;dt-3],[[d4faa614-ede8-4b97-9e53-631c63ae48f6;471da9ef-0134-4a33-a241-e2a7cd8b66fb;67888b0f-0823-4413-bc9c-156b85c6c36e;e9d71925-b1db-4840-932a-4db8d9fdc609;2f3cf793-7f96-403d-ad55-b291562a439b;46a91bc7-892b-4df8-9522-78e9841ce082]]
2026-04-26 10:07:41.632,34.750,CrossSignalRelativeStable_GT,atomic,[CrossSignalRelativeStable_GT],[1.0000],1,6,1.0000,[dt-1;dt-2;dt-3],[[50d8f8f7-dc86-446a-b0b1-23bac47ed32e;f57c5a68-1666-4754-995e-0a4ecae2a6d0;ee6b2c96-3c26-4cb5-b18c-f72b13dfa947;209664b8-34c1-45d1-8ca1-f25bab7592f5;9a41b26b-a304-4238-bda4-e93ff9472094;41ed3246-9b16-4a18-a527-1c69c6f13fc1]]
2026-04-26 10:07:41.633,34.751,CrossSignalDivergence_GT,atomic,[CrossSignalDivergence_GT],[1.0000],1,6,1.0000,[dt-1;dt-2;dt-3],[[50d8f8f7-dc86-446a-b0b1-23bac47ed32e;f57c5a68-1666-4754-995e-0a4ecae2a6d0;ee6b2c96-3c26-4cb5-b18c-f72b13dfa947;209664b8-34c1-45d1-8ca1-f25bab7592f5;9a41b26b-a304-4238-bda4-e93ff9472094;41ed3246-9b16-4a18-a527-1c69c6f13fc1]]
2026-04-26 10:07:41.718,34.836,CrossSignalRelativeStable_SYS,atomic,[CrossSignalRelativeStable_SYS],[0.9804],1,6,0.9804,[dt-1;dt-2;dt-3],[[e9d71925-b1db-4840-932a-4db8d9fdc609;a867e9eb-26ea-4599-a280-0a171081422e;67888b0f-0823-4413-bc9c-156b85c6c36e;c08cb1f8-c26e-48c9-9203-8ee5558b0c92;2f3cf793-7f96-403d-ad55-b291562a439b;46a91bc7-892b-4df8-9522-78e9841ce082]]
2026-04-26 10:07:41.718,34.836,CrossSignalDivergence_SYS,atomic,[CrossSignalDivergence_SYS],[0.9804],1,6,0.9804,[dt-1;dt-2;dt-3],[[e9d71925-b1db-4840-932a-4db8d9fdc609;a867e9eb-26ea-4599-a280-0a171081422e;67888b0f-0823-4413-bc9c-156b85c6c36e;c08cb1f8-c26e-48c9-9203-8ee5558b0c92;2f3cf793-7f96-403d-ad55-b291562a439b;46a91bc7-892b-4df8-9522-78e9841ce082]]
2026-04-26 10:07:41.731,34.849,CrossSignalRelativeStable_GT,atomic,[CrossSignalRelativeStable_GT],[1.0000],1,6,1.0000,[dt-1;dt-2;dt-3],[[209664b8-34c1-45d1-8ca1-f25bab7592f5;9a41b26b-a304-4238-bda4-e93ff9472094;41ed3246-9b16-4a18-a527-1c69c6f13fc1;b230e529-0742-4b72-804a-dac7f031a71e;0820e40a-815d-494f-be13-af8a10571e06;667bca45-a313-47ff-991b-2becc8e50f2a]]
2026-04-26 10:07:41.731,34.849,CrossSignalDivergence_GT,atomic,[CrossSignalDivergence_GT],[1.0000],1,6,1.0000,[dt-1;dt-2;dt-3],[[209664b8-34c1-45d1-8ca1-f25bab7592f5;9a41b26b-a304-4238-bda4-e93ff9472094;41ed3246-9b16-4a18-a527-1c69c6f13fc1;b230e529-0742-4b72-804a-dac7f031a71e;0820e40a-815d-494f-be13-af8a10571e06;667bca45-a313-47ff-991b-2becc8e50f2a]]
2026-04-26 10:07:41.823,34.941,CrossSignalRelativeStable_OBS,atomic,[CrossSignalRelativeStable_OBS],[1.0000],1,6,1.0000,[dt-1;dt-2;dt-3],[[e9d71925-b1db-4840-932a-4db8d9fdc609;2f3cf793-7f96-403d-ad55-b291562a439b;46a91bc7-892b-4df8-9522-78e9841ce082;47771494-b97e-4e23-bae5-be700a2ad859;fcaf0103-bbdd-40e8-a972-6c6dc2490500;3ff7e507-526b-4ea7-a599-0068e19b6df5]]
2026-04-26 10:07:41.823,34.941,CrossSignalDivergence_OBS,atomic,[CrossSignalDivergence_OBS],[1.0000],1,6,1.0000,[dt-1;dt-2;dt-3],[[e9d71925-b1db-4840-932a-4db8d9fdc609;2f3cf793-7f96-403d-ad55-b291562a439b;46a91bc7-892b-4df8-9522-78e9841ce082;47771494-b97e-4e23-bae5-be700a2ad859;fcaf0103-bbdd-40e8-a972-6c6dc2490500;3ff7e507-526b-4ea7-a599-0068e19b6df5]]
2026-04-26 10:07:41.834,34.952,CrossSignalRelativeStable_GT,atomic,[CrossSignalRelativeStable_GT],[1.0000],1,6,1.0000,[dt-1;dt-2;dt-3],[[b230e529-0742-4b72-804a-dac7f031a71e;0820e40a-815d-494f-be13-af8a10571e06;667bca45-a313-47ff-991b-2becc8e50f2a;8b6d8dad-ec52-41c9-b7a2-1079b3707974;3eb3ff6a-5b52-4376-bbc6-64cc0e018e01;ad2954cc-4352-49b1-85c9-f63c73df844b]]
2026-04-26 10:07:41.834,34.952,CrossSignalDivergence_GT,atomic,[CrossSignalDivergence_GT],[1.0000],1,6,1.0000,[dt-1;dt-2;dt-3],[[b230e529-0742-4b72-804a-dac7f031a71e;0820e40a-815d-494f-be13-af8a10571e06;667bca45-a313-47ff-991b-2becc8e50f2a;8b6d8dad-ec52-41c9-b7a2-1079b3707974;3eb3ff6a-5b52-4376-bbc6-64cc0e018e01;ad2954cc-4352-49b1-85c9-f63c73df844b]]
2026-04-26 10:07:41.834,34.952,CrossSignalRelativeStable_SYS,atomic,[CrossSignalRelativeStable_SYS],[0.9804],1,6,0.9804,[dt-1;dt-2;dt-3],[[c08cb1f8-c26e-48c9-9203-8ee5558b0c92;2f3cf793-7f96-403d-ad55-b291562a439b;46a91bc7-892b-4df8-9522-78e9841ce082;47771494-b97e-4e23-bae5-be700a2ad859;899f4375-1a96-4c82-8404-a38dce4a602e;1d3f765a-2a5c-40d5-ba6c-1ca9bc056566]]
2026-04-26 10:07:41.834,34.952,CrossSignalDivergence_SYS,atomic,[CrossSignalDivergence_SYS],[0.9804],1,6,0.9804,[dt-1;dt-2;dt-3],[[c08cb1f8-c26e-48c9-9203-8ee5558b0c92;2f3cf793-7f96-403d-ad55-b291562a439b;46a91bc7-892b-4df8-9522-78e9841ce082;47771494-b97e-4e23-bae5-be700a2ad859;899f4375-1a96-4c82-8404-a38dce4a602e;1d3f765a-2a5c-40d5-ba6c-1ca9bc056566]]
2026-04-26 10:07:41.933,35.051,CrossSignalRelativeStable_OBS,atomic,[CrossSignalRelativeStable_OBS],[1.0000],1,6,1.0000,[dt-1;dt-2;dt-3],[[47771494-b97e-4e23-bae5-be700a2ad859;fcaf0103-bbdd-40e8-a972-6c6dc2490500;3ff7e507-526b-4ea7-a599-0068e19b6df5;981c8e35-6e5f-4827-b350-46d4a73fbf11;899f4375-1a96-4c82-8404-a38dce4a602e;1d3f765a-2a5c-40d5-ba6c-1ca9bc056566]]
2026-04-26 10:07:41.933,35.051,CrossSignalDivergence_OBS,atomic,[CrossSignalDivergence_OBS],[1.0000],1,6,1.0000,[dt-1;dt-2;dt-3],[[47771494-b97e-4e23-bae5-be700a2ad859;fcaf0103-bbdd-40e8-a972-6c6dc2490500;3ff7e507-526b-4ea7-a599-0068e19b6df5;981c8e35-6e5f-4827-b350-46d4a73fbf11;899f4375-1a96-4c82-8404-a38dce4a602e;1d3f765a-2a5c-40d5-ba6c-1ca9bc056566]]
2026-04-26 10:07:41.962,35.080,CrossSignalRelativeStable_GT,atomic,[CrossSignalRelativeStable_GT],[1.0000],1,6,1.0000,[dt-1;dt-2;dt-3],[[8b6d8dad-ec52-41c9-b7a2-1079b3707974;3eb3ff6a-5b52-4376-bbc6-64cc0e018e01;ad2954cc-4352-49b1-85c9-f63c73df844b;d44b42c8-0454-461f-94ad-ed45fc92bcfd;b3a58900-e332-4495-8c62-91eb336d5d1f;dc79c5c7-cae6-484d-b776-144da6c9a839]]
2026-04-26 10:07:41.962,35.080,CrossSignalDivergence_GT,atomic,[CrossSignalDivergence_GT],[1.0000],1,6,1.0000,[dt-1;dt-2;dt-3],[[8b6d8dad-ec52-41c9-b7a2-1079b3707974;3eb3ff6a-5b52-4376-bbc6-64cc0e018e01;ad2954cc-4352-49b1-85c9-f63c73df844b;d44b42c8-0454-461f-94ad-ed45fc92bcfd;b3a58900-e332-4495-8c62-91eb336d5d1f;dc79c5c7-cae6-484d-b776-144da6c9a839]]
2026-04-26 10:07:42.049,35.167,CrossSignalRelativeStable_SYS,atomic,[CrossSignalRelativeStable_SYS],[1.0000],1,6,1.0000,[dt-1;dt-2;dt-3],[[47771494-b97e-4e23-bae5-be700a2ad859;899f4375-1a96-4c82-8404-a38dce4a602e;1d3f765a-2a5c-40d5-ba6c-1ca9bc056566;981c8e35-6e5f-4827-b350-46d4a73fbf11;108fe38c-e752-4c5b-ba5f-f8a28fa1e476;ce253455-54a4-421f-811f-c86f29021a89]]
2026-04-26 10:07:42.049,35.167,CrossSignalDivergence_SYS,atomic,[CrossSignalDivergence_SYS],[1.0000],1,6,1.0000,[dt-1;dt-2;dt-3],[[47771494-b97e-4e23-bae5-be700a2ad859;899f4375-1a96-4c82-8404-a38dce4a602e;1d3f765a-2a5c-40d5-ba6c-1ca9bc056566;981c8e35-6e5f-4827-b350-46d4a73fbf11;108fe38c-e752-4c5b-ba5f-f8a28fa1e476;ce253455-54a4-421f-811f-c86f29021a89]]
2026-04-26 10:07:42.056,35.174,CrossSignalRelativeStable_GT,atomic,[CrossSignalRelativeStable_GT],[1.0000],1,6,1.0000,[dt-1;dt-2;dt-3],[[d44b42c8-0454-461f-94ad-ed45fc92bcfd;b3a58900-e332-4495-8c62-91eb336d5d1f;dc79c5c7-cae6-484d-b776-144da6c9a839;629c2a96-9486-4409-9d83-9d7867ded6b1;00fac38d-ef70-4419-a02e-a4529fffdc3d;9c44b811-9ad5-4371-be95-b47d9b69c2a2]]
2026-04-26 10:07:42.056,35.174,CrossSignalDivergence_GT,atomic,[CrossSignalDivergence_GT],[1.0000],1,6,1.0000,[dt-1;dt-2;dt-3],[[d44b42c8-0454-461f-94ad-ed45fc92bcfd;b3a58900-e332-4495-8c62-91eb336d5d1f;dc79c5c7-cae6-484d-b776-144da6c9a839;629c2a96-9486-4409-9d83-9d7867ded6b1;00fac38d-ef70-4419-a02e-a4529fffdc3d;9c44b811-9ad5-4371-be95-b47d9b69c2a2]]
2026-04-26 10:07:42.152,35.270,CrossSignalRelativeStable_OBS,atomic,[CrossSignalRelativeStable_OBS],[1.0000],1,6,1.0000,[dt-1;dt-2;dt-3],[[981c8e35-6e5f-4827-b350-46d4a73fbf11;899f4375-1a96-4c82-8404-a38dce4a602e;1d3f765a-2a5c-40d5-ba6c-1ca9bc056566;a9f209ec-f2f2-4ee6-bf58-c0263b260ffc;108fe38c-e752-4c5b-ba5f-f8a28fa1e476;ce253455-54a4-421f-811f-c86f29021a89]]
2026-04-26 10:07:42.152,35.270,CrossSignalDivergence_OBS,atomic,[CrossSignalDivergence_OBS],[1.0000],1,6,1.0000,[dt-1;dt-2;dt-3],[[981c8e35-6e5f-4827-b350-46d4a73fbf11;899f4375-1a96-4c82-8404-a38dce4a602e;1d3f765a-2a5c-40d5-ba6c-1ca9bc056566;a9f209ec-f2f2-4ee6-bf58-c0263b260ffc;108fe38c-e752-4c5b-ba5f-f8a28fa1e476;ce253455-54a4-421f-811f-c86f29021a89]]
2026-04-26 10:07:42.164,35.282,CrossSignalRelativeStable_GT,atomic,[CrossSignalRelativeStable_GT],[1.0000],1,6,1.0000,[dt-1;dt-2;dt-3],[[629c2a96-9486-4409-9d83-9d7867ded6b1;00fac38d-ef70-4419-a02e-a4529fffdc3d;9c44b811-9ad5-4371-be95-b47d9b69c2a2;6e2cc684-10e7-4aa1-a1de-11a4c9954d54;3b58414f-7d94-4f12-b316-fdf2f12ce99c;14f138da-54a3-48c5-a9ee-383d6c77ef4d]]
2026-04-26 10:07:42.164,35.282,CrossSignalDivergence_GT,atomic,[CrossSignalDivergence_GT],[1.0000],1,6,1.0000,[dt-1;dt-2;dt-3],[[629c2a96-9486-4409-9d83-9d7867ded6b1;00fac38d-ef70-4419-a02e-a4529fffdc3d;9c44b811-9ad5-4371-be95-b47d9b69c2a2;6e2cc684-10e7-4aa1-a1de-11a4c9954d54;3b58414f-7d94-4f12-b316-fdf2f12ce99c;14f138da-54a3-48c5-a9ee-383d6c77ef4d]]
2026-04-26 10:07:42.266,35.384,CrossSignalRelativeStable_SYS,atomic,[CrossSignalRelativeStable_SYS],[0.9798],1,6,0.9798,[dt-1;dt-2;dt-3],[[981c8e35-6e5f-4827-b350-46d4a73fbf11;108fe38c-e752-4c5b-ba5f-f8a28fa1e476;ce253455-54a4-421f-811f-c86f29021a89;a9f209ec-f2f2-4ee6-bf58-c0263b260ffc;4edaf298-9f4d-4341-86c0-40209eb3a48c;e7f944b4-6e05-4ca5-94ae-97e0d4f2813d]]
2026-04-26 10:07:42.267,35.385,CrossSignalDivergence_SYS,atomic,[CrossSignalDivergence_SYS],[0.9798],1,6,0.9798,[dt-1;dt-2;dt-3],[[981c8e35-6e5f-4827-b350-46d4a73fbf11;108fe38c-e752-4c5b-ba5f-f8a28fa1e476;ce253455-54a4-421f-811f-c86f29021a89;a9f209ec-f2f2-4ee6-bf58-c0263b260ffc;4edaf298-9f4d-4341-86c0-40209eb3a48c;e7f944b4-6e05-4ca5-94ae-97e0d4f2813d]]
2026-04-26 10:07:42.274,35.392,CrossSignalRelativeStable_GT,atomic,[CrossSignalRelativeStable_GT],[1.0000],1,6,1.0000,[dt-1;dt-2;dt-3],[[6e2cc684-10e7-4aa1-a1de-11a4c9954d54;3b58414f-7d94-4f12-b316-fdf2f12ce99c;14f138da-54a3-48c5-a9ee-383d6c77ef4d;a67d1119-4fa7-4829-9de6-c447de9dec29;cadb23f5-62c5-4956-90ea-63f70c213561;8d11f0dc-433b-4689-b59d-129b8176f3e7]]
2026-04-26 10:07:42.274,35.392,CrossSignalDivergence_GT,atomic,[CrossSignalDivergence_GT],[1.0000],1,6,1.0000,[dt-1;dt-2;dt-3],[[6e2cc684-10e7-4aa1-a1de-11a4c9954d54;3b58414f-7d94-4f12-b316-fdf2f12ce99c;14f138da-54a3-48c5-a9ee-383d6c77ef4d;a67d1119-4fa7-4829-9de6-c447de9dec29;cadb23f5-62c5-4956-90ea-63f70c213561;8d11f0dc-433b-4689-b59d-129b8176f3e7]]
2026-04-26 10:07:42.374,35.492,CrossSignalRelativeStable_OBS,atomic,[CrossSignalRelativeStable_OBS],[1.0000],1,6,1.0000,[dt-1;dt-2;dt-3],[[a9f209ec-f2f2-4ee6-bf58-c0263b260ffc;108fe38c-e752-4c5b-ba5f-f8a28fa1e476;ce253455-54a4-421f-811f-c86f29021a89;20944872-a8bc-4517-be7e-609babf31d35;4edaf298-9f4d-4341-86c0-40209eb3a48c;66025dcf-3c65-4ce7-83ee-1dc1512a5eb3]]
2026-04-26 10:07:42.374,35.492,CrossSignalDivergence_OBS,atomic,[CrossSignalDivergence_OBS],[1.0000],1,6,1.0000,[dt-1;dt-2;dt-3],[[a9f209ec-f2f2-4ee6-bf58-c0263b260ffc;108fe38c-e752-4c5b-ba5f-f8a28fa1e476;ce253455-54a4-421f-811f-c86f29021a89;20944872-a8bc-4517-be7e-609babf31d35;4edaf298-9f4d-4341-86c0-40209eb3a48c;66025dcf-3c65-4ce7-83ee-1dc1512a5eb3]]
2026-04-26 10:07:42.385,35.503,CrossSignalRelativeStable_GT,atomic,[CrossSignalRelativeStable_GT],[1.0000],1,6,1.0000,[dt-1;dt-2;dt-3],[[a67d1119-4fa7-4829-9de6-c447de9dec29;cadb23f5-62c5-4956-90ea-63f70c213561;8d11f0dc-433b-4689-b59d-129b8176f3e7;a6c3f19d-4642-4970-8223-c7646dea086b;a5ef640b-d6e3-4a2c-9c4c-19d49aa2ddb5;ce33ad28-32d3-435b-a5c9-ae56f087f986]]
2026-04-26 10:07:42.385,35.503,CrossSignalDivergence_GT,atomic,[CrossSignalDivergence_GT],[1.0000],1,6,1.0000,[dt-1;dt-2;dt-3],[[a67d1119-4fa7-4829-9de6-c447de9dec29;cadb23f5-62c5-4956-90ea-63f70c213561;8d11f0dc-433b-4689-b59d-129b8176f3e7;a6c3f19d-4642-4970-8223-c7646dea086b;a5ef640b-d6e3-4a2c-9c4c-19d49aa2ddb5;ce33ad28-32d3-435b-a5c9-ae56f087f986]]
2026-04-26 10:07:42.494,35.612,CrossSignalRelativeStable_SYS,atomic,[CrossSignalRelativeStable_SYS],[0.9406],1,6,0.9406,[dt-1;dt-2;dt-3],[[a9f209ec-f2f2-4ee6-bf58-c0263b260ffc;4edaf298-9f4d-4341-86c0-40209eb3a48c;e7f944b4-6e05-4ca5-94ae-97e0d4f2813d;c86ce41a-5490-436a-8ffb-1dc8ca2d526b;963aead6-03b1-4074-bff7-f9f67f3823b3;66025dcf-3c65-4ce7-83ee-1dc1512a5eb3]]
2026-04-26 10:07:42.495,35.613,CrossSignalDivergence_SYS,atomic,[CrossSignalDivergence_SYS],[0.9406],1,6,0.9406,[dt-1;dt-2;dt-3],[[a9f209ec-f2f2-4ee6-bf58-c0263b260ffc;4edaf298-9f4d-4341-86c0-40209eb3a48c;e7f944b4-6e05-4ca5-94ae-97e0d4f2813d;c86ce41a-5490-436a-8ffb-1dc8ca2d526b;963aead6-03b1-4074-bff7-f9f67f3823b3;66025dcf-3c65-4ce7-83ee-1dc1512a5eb3]]
2026-04-26 10:07:42.495,35.613,CrossSignalRelativeStable_GT,atomic,[CrossSignalRelativeStable_GT],[1.0000],1,6,1.0000,[dt-1;dt-2;dt-3],[[a6c3f19d-4642-4970-8223-c7646dea086b;a5ef640b-d6e3-4a2c-9c4c-19d49aa2ddb5;ce33ad28-32d3-435b-a5c9-ae56f087f986;a8178c3c-3d2b-410f-9eb3-b97504378adf;0491f810-c359-4de3-9235-29850607d915;6b1e68b5-a7f0-494b-8432-8969ad96b3a5]]
2026-04-26 10:07:42.495,35.613,CrossSignalDivergence_GT,atomic,[CrossSignalDivergence_GT],[1.0000],1,6,1.0000,[dt-1;dt-2;dt-3],[[a6c3f19d-4642-4970-8223-c7646dea086b;a5ef640b-d6e3-4a2c-9c4c-19d49aa2ddb5;ce33ad28-32d3-435b-a5c9-ae56f087f986;a8178c3c-3d2b-410f-9eb3-b97504378adf;0491f810-c359-4de3-9235-29850607d915;6b1e68b5-a7f0-494b-8432-8969ad96b3a5]]
2026-04-26 10:07:42.603,35.721,CrossSignalRelativeStable_GT,atomic,[CrossSignalRelativeStable_GT],[1.0000],1,6,1.0000,[dt-1;dt-2;dt-3],[[a8178c3c-3d2b-410f-9eb3-b97504378adf;0491f810-c359-4de3-9235-29850607d915;6b1e68b5-a7f0-494b-8432-8969ad96b3a5;68734062-1178-4f84-b456-5997aca7de7c;87fa20ba-8194-4ecd-b92a-7e1b347d5a29;66ea9a91-9c7d-4f13-bd7e-38f97b5d4a51]]
2026-04-26 10:07:42.603,35.721,CrossSignalDivergence_GT,atomic,[CrossSignalDivergence_GT],[1.0000],1,6,1.0000,[dt-1;dt-2;dt-3],[[a8178c3c-3d2b-410f-9eb3-b97504378adf;0491f810-c359-4de3-9235-29850607d915;6b1e68b5-a7f0-494b-8432-8969ad96b3a5;68734062-1178-4f84-b456-5997aca7de7c;87fa20ba-8194-4ecd-b92a-7e1b347d5a29;66ea9a91-9c7d-4f13-bd7e-38f97b5d4a51]]
2026-04-26 10:07:42.610,35.728,CrossSignalRelativeStable_SYS,atomic,[CrossSignalRelativeStable_SYS],[0.9239],1,6,0.9239,[dt-1;dt-2;dt-3],[[c86ce41a-5490-436a-8ffb-1dc8ca2d526b;963aead6-03b1-4074-bff7-f9f67f3823b3;66025dcf-3c65-4ce7-83ee-1dc1512a5eb3;40b14c57-c0c5-4ba2-ab36-828dbde0aa5f;116b9ec1-301b-40a8-91ec-2a99a1f9e95d;e9b40ed1-700a-4ae4-b532-4f2343d6ea2d]]
2026-04-26 10:07:42.610,35.728,CrossSignalDivergence_SYS,atomic,[CrossSignalDivergence_SYS],[0.9239],1,6,0.9239,[dt-1;dt-2;dt-3],[[c86ce41a-5490-436a-8ffb-1dc8ca2d526b;963aead6-03b1-4074-bff7-f9f67f3823b3;66025dcf-3c65-4ce7-83ee-1dc1512a5eb3;40b14c57-c0c5-4ba2-ab36-828dbde0aa5f;116b9ec1-301b-40a8-91ec-2a99a1f9e95d;e9b40ed1-700a-4ae4-b532-4f2343d6ea2d]]
2026-04-26 10:07:42.719,35.837,CrossSignalRelativeStable_SYS,atomic,[CrossSignalRelativeStable_SYS],[0.9631],1,6,0.9631,[dt-1;dt-2;dt-3],[[40b14c57-c0c5-4ba2-ab36-828dbde0aa5f;116b9ec1-301b-40a8-91ec-2a99a1f9e95d;e9b40ed1-700a-4ae4-b532-4f2343d6ea2d;359859e2-b557-49cc-8f51-b511b0a54833;d5a7274e-d52c-4cc5-8400-e7aaedae3a50;b33df76a-0a21-4307-91d7-3241b5971fec]]
2026-04-26 10:07:42.719,35.837,CrossSignalRelativeStable_OBS,atomic,[CrossSignalRelativeStable_OBS],[1.0000],1,6,1.0000,[dt-1;dt-2;dt-3],[[20944872-a8bc-4517-be7e-609babf31d35;4edaf298-9f4d-4341-86c0-40209eb3a48c;66025dcf-3c65-4ce7-83ee-1dc1512a5eb3;40b14c57-c0c5-4ba2-ab36-828dbde0aa5f;d5a7274e-d52c-4cc5-8400-e7aaedae3a50;b33df76a-0a21-4307-91d7-3241b5971fec]]
2026-04-26 10:07:42.720,35.838,CrossSignalDivergence_SYS,atomic,[CrossSignalDivergence_SYS],[0.9631],1,6,0.9631,[dt-1;dt-2;dt-3],[[40b14c57-c0c5-4ba2-ab36-828dbde0aa5f;116b9ec1-301b-40a8-91ec-2a99a1f9e95d;e9b40ed1-700a-4ae4-b532-4f2343d6ea2d;359859e2-b557-49cc-8f51-b511b0a54833;d5a7274e-d52c-4cc5-8400-e7aaedae3a50;b33df76a-0a21-4307-91d7-3241b5971fec]]
2026-04-26 10:07:42.720,35.838,CrossSignalDivergence_OBS,atomic,[CrossSignalDivergence_OBS],[1.0000],1,6,1.0000,[dt-1;dt-2;dt-3],[[20944872-a8bc-4517-be7e-609babf31d35;4edaf298-9f4d-4341-86c0-40209eb3a48c;66025dcf-3c65-4ce7-83ee-1dc1512a5eb3;40b14c57-c0c5-4ba2-ab36-828dbde0aa5f;d5a7274e-d52c-4cc5-8400-e7aaedae3a50;b33df76a-0a21-4307-91d7-3241b5971fec]]
2026-04-26 10:07:42.726,35.844,CrossSignalRelativeStable_GT,atomic,[CrossSignalRelativeStable_GT],[1.0000],1,6,1.0000,[dt-1;dt-2;dt-3],[[68734062-1178-4f84-b456-5997aca7de7c;87fa20ba-8194-4ecd-b92a-7e1b347d5a29;66ea9a91-9c7d-4f13-bd7e-38f97b5d4a51;72950ac6-8da7-49b2-a6fb-0dda20af7d17;1b33ed2b-7b9c-432a-8f78-9f55bfc7538a;8caed6f1-37e1-4cc6-8289-fa98516fa4fb]]
2026-04-26 10:07:42.726,35.844,CrossSignalDivergence_GT,atomic,[CrossSignalDivergence_GT],[1.0000],1,6,1.0000,[dt-1;dt-2;dt-3],[[68734062-1178-4f84-b456-5997aca7de7c;87fa20ba-8194-4ecd-b92a-7e1b347d5a29;66ea9a91-9c7d-4f13-bd7e-38f97b5d4a51;72950ac6-8da7-49b2-a6fb-0dda20af7d17;1b33ed2b-7b9c-432a-8f78-9f55bfc7538a;8caed6f1-37e1-4cc6-8289-fa98516fa4fb]]
2026-04-26 10:07:42.845,35.963,CrossSignalRelativeStable_GT,atomic,[CrossSignalRelativeStable_GT],[1.0000],1,6,1.0000,[dt-1;dt-2;dt-3],[[72950ac6-8da7-49b2-a6fb-0dda20af7d17;1b33ed2b-7b9c-432a-8f78-9f55bfc7538a;8caed6f1-37e1-4cc6-8289-fa98516fa4fb;076e5954-43ad-4ad4-b7fa-f758d00c6904;1e4d262c-50be-4e37-bc1f-8316590b5ac1;47824d18-917a-4231-8f0b-b5f79ebec602]]
2026-04-26 10:07:42.845,35.963,CrossSignalDivergence_GT,atomic,[CrossSignalDivergence_GT],[1.0000],1,6,1.0000,[dt-1;dt-2;dt-3],[[72950ac6-8da7-49b2-a6fb-0dda20af7d17;1b33ed2b-7b9c-432a-8f78-9f55bfc7538a;8caed6f1-37e1-4cc6-8289-fa98516fa4fb;076e5954-43ad-4ad4-b7fa-f758d00c6904;1e4d262c-50be-4e37-bc1f-8316590b5ac1;47824d18-917a-4231-8f0b-b5f79ebec602]]
2026-04-26 10:07:42.940,36.058,CrossSignalRelativeStable_SYS,atomic,[CrossSignalRelativeStable_SYS],[0.9619],1,6,0.9619,[dt-1;dt-2;dt-3],[[359859e2-b557-49cc-8f51-b511b0a54833;d5a7274e-d52c-4cc5-8400-e7aaedae3a50;b33df76a-0a21-4307-91d7-3241b5971fec;4322adfe-e821-4fdb-98a5-c9b77df3a8ea;752701be-3448-42d2-b826-4c9b726c902e;e54d283c-b931-46f1-a77c-16ffe372bd52]]
2026-04-26 10:07:42.940,36.058,CrossSignalDivergence_SYS,atomic,[CrossSignalDivergence_SYS],[0.9619],1,6,0.9619,[dt-1;dt-2;dt-3],[[359859e2-b557-49cc-8f51-b511b0a54833;d5a7274e-d52c-4cc5-8400-e7aaedae3a50;b33df76a-0a21-4307-91d7-3241b5971fec;4322adfe-e821-4fdb-98a5-c9b77df3a8ea;752701be-3448-42d2-b826-4c9b726c902e;e54d283c-b931-46f1-a77c-16ffe372bd52]]
2026-04-26 10:07:42.940,36.058,CrossSignalRelativeStable_GT,atomic,[CrossSignalRelativeStable_GT],[1.0000],1,6,1.0000,[dt-1;dt-2;dt-3],[[076e5954-43ad-4ad4-b7fa-f758d00c6904;1e4d262c-50be-4e37-bc1f-8316590b5ac1;47824d18-917a-4231-8f0b-b5f79ebec602;c8b42d24-8ee3-4921-aaf1-a4ffc8367130;caee08c8-b8a2-4f84-98df-03eec4c89076;3900b4e4-4323-45a2-ae81-8cdac9068974]]
2026-04-26 10:07:42.940,36.058,CrossSignalDivergence_GT,atomic,[CrossSignalDivergence_GT],[1.0000],1,6,1.0000,[dt-1;dt-2;dt-3],[[076e5954-43ad-4ad4-b7fa-f758d00c6904;1e4d262c-50be-4e37-bc1f-8316590b5ac1;47824d18-917a-4231-8f0b-b5f79ebec602;c8b42d24-8ee3-4921-aaf1-a4ffc8367130;caee08c8-b8a2-4f84-98df-03eec4c89076;3900b4e4-4323-45a2-ae81-8cdac9068974]]
2026-04-26 10:07:43.081,36.199,CrossSignalRelativeStable_SYS,atomic,[CrossSignalRelativeStable_SYS],[0.8891],1,6,0.8891,[dt-1;dt-2;dt-3],[[4322adfe-e821-4fdb-98a5-c9b77df3a8ea;752701be-3448-42d2-b826-4c9b726c902e;e54d283c-b931-46f1-a77c-16ffe372bd52;cd57cd14-d105-477c-906b-1fd99d222e88;2293be09-7448-44e3-be7d-b801c98546d4;3a145f69-7e0b-47e5-9f58-729a494c3852]]
2026-04-26 10:07:43.081,36.199,CrossSignalDivergence_SYS,atomic,[CrossSignalDivergence_SYS],[0.8891],1,6,0.8891,[dt-1;dt-2;dt-3],[[4322adfe-e821-4fdb-98a5-c9b77df3a8ea;752701be-3448-42d2-b826-4c9b726c902e;e54d283c-b931-46f1-a77c-16ffe372bd52;cd57cd14-d105-477c-906b-1fd99d222e88;2293be09-7448-44e3-be7d-b801c98546d4;3a145f69-7e0b-47e5-9f58-729a494c3852]]
2026-04-26 10:07:43.081,36.199,CrossSignalRelativeStable_GT,atomic,[CrossSignalRelativeStable_GT],[1.0000],1,6,1.0000,[dt-1;dt-2;dt-3],[[c8b42d24-8ee3-4921-aaf1-a4ffc8367130;caee08c8-b8a2-4f84-98df-03eec4c89076;3900b4e4-4323-45a2-ae81-8cdac9068974;3029d619-0462-4b29-bd49-252ebd0821d2;aa5304bc-aeef-4150-aa44-e5533c423849;e9ac9f7b-beda-46db-88c1-a25fc329a19b]]
2026-04-26 10:07:43.081,36.199,CrossSignalDivergence_GT,atomic,[CrossSignalDivergence_GT],[1.0000],1,6,1.0000,[dt-1;dt-2;dt-3],[[c8b42d24-8ee3-4921-aaf1-a4ffc8367130;caee08c8-b8a2-4f84-98df-03eec4c89076;3900b4e4-4323-45a2-ae81-8cdac9068974;3029d619-0462-4b29-bd49-252ebd0821d2;aa5304bc-aeef-4150-aa44-e5533c423849;e9ac9f7b-beda-46db-88c1-a25fc329a19b]]
2026-04-26 10:07:43.186,36.304,CrossSignalRelativeStable_GT,atomic,[CrossSignalRelativeStable_GT],[1.0000],1,6,1.0000,[dt-1;dt-2;dt-3],[[3029d619-0462-4b29-bd49-252ebd0821d2;aa5304bc-aeef-4150-aa44-e5533c423849;e9ac9f7b-beda-46db-88c1-a25fc329a19b;6a608c8f-44ce-4111-bea2-a514b3d187f3;61be5765-c434-4465-aaae-95fcbb190f1f;6dae58b5-9e4f-447e-94dc-11f5e3529b15]]
2026-04-26 10:07:43.186,36.304,CrossSignalDivergence_GT,atomic,[CrossSignalDivergence_GT],[1.0000],1,6,1.0000,[dt-1;dt-2;dt-3],[[3029d619-0462-4b29-bd49-252ebd0821d2;aa5304bc-aeef-4150-aa44-e5533c423849;e9ac9f7b-beda-46db-88c1-a25fc329a19b;6a608c8f-44ce-4111-bea2-a514b3d187f3;61be5765-c434-4465-aaae-95fcbb190f1f;6dae58b5-9e4f-447e-94dc-11f5e3529b15]]
2026-04-26 10:07:43.289,36.407,CrossSignalRelativeStable_OBS,atomic,[CrossSignalRelativeStable_OBS],[1.0000],1,6,1.0000,[dt-1;dt-2;dt-3],[[40b14c57-c0c5-4ba2-ab36-828dbde0aa5f;d5a7274e-d52c-4cc5-8400-e7aaedae3a50;b33df76a-0a21-4307-91d7-3241b5971fec;82b3cc8d-7c54-48c0-8b62-83602473156c;752701be-3448-42d2-b826-4c9b726c902e;292077f3-af58-46c8-8ec6-c585c5793894]]
2026-04-26 10:07:43.289,36.407,CrossSignalDivergence_OBS,atomic,[CrossSignalDivergence_OBS],[1.0000],1,6,1.0000,[dt-1;dt-2;dt-3],[[40b14c57-c0c5-4ba2-ab36-828dbde0aa5f;d5a7274e-d52c-4cc5-8400-e7aaedae3a50;b33df76a-0a21-4307-91d7-3241b5971fec;82b3cc8d-7c54-48c0-8b62-83602473156c;752701be-3448-42d2-b826-4c9b726c902e;292077f3-af58-46c8-8ec6-c585c5793894]]
2026-04-26 10:07:43.306,36.424,CrossSignalRelativeStable_SYS,atomic,[CrossSignalRelativeStable_SYS],[0.8552],1,6,0.8552,[dt-1;dt-2;dt-3],[[cd57cd14-d105-477c-906b-1fd99d222e88;2293be09-7448-44e3-be7d-b801c98546d4;3a145f69-7e0b-47e5-9f58-729a494c3852;281c5565-4177-4ba6-83a7-036950f2d27d;e57a088a-bd03-4b13-b667-8fde516a999c;292077f3-af58-46c8-8ec6-c585c5793894]]
2026-04-26 10:07:43.306,36.424,CrossSignalDivergence_SYS,atomic,[CrossSignalDivergence_SYS],[0.8552],1,6,0.8552,[dt-1;dt-2;dt-3],[[cd57cd14-d105-477c-906b-1fd99d222e88;2293be09-7448-44e3-be7d-b801c98546d4;3a145f69-7e0b-47e5-9f58-729a494c3852;281c5565-4177-4ba6-83a7-036950f2d27d;e57a088a-bd03-4b13-b667-8fde516a999c;292077f3-af58-46c8-8ec6-c585c5793894]]
2026-04-26 10:07:43.319,36.437,CrossSignalRelativeStable_GT,atomic,[CrossSignalRelativeStable_GT],[1.0000],1,6,1.0000,[dt-1;dt-2;dt-3],[[6a608c8f-44ce-4111-bea2-a514b3d187f3;61be5765-c434-4465-aaae-95fcbb190f1f;6dae58b5-9e4f-447e-94dc-11f5e3529b15;ce032ca7-3fa9-41d8-9625-26d3d44c8d82;8d5cdea2-df9f-4d9c-b931-218858865fc3;c0684676-f666-454b-87be-f238475b3658]]
2026-04-26 10:07:43.319,36.437,CrossSignalDivergence_GT,atomic,[CrossSignalDivergence_GT],[1.0000],1,6,1.0000,[dt-1;dt-2;dt-3],[[6a608c8f-44ce-4111-bea2-a514b3d187f3;61be5765-c434-4465-aaae-95fcbb190f1f;6dae58b5-9e4f-447e-94dc-11f5e3529b15;ce032ca7-3fa9-41d8-9625-26d3d44c8d82;8d5cdea2-df9f-4d9c-b931-218858865fc3;c0684676-f666-454b-87be-f238475b3658]]
2026-04-26 10:07:43.435,36.553,CrossSignalRelativeStable_GT,atomic,[CrossSignalRelativeStable_GT],[1.0000],1,6,1.0000,[dt-1;dt-2;dt-3],[[ce032ca7-3fa9-41d8-9625-26d3d44c8d82;8d5cdea2-df9f-4d9c-b931-218858865fc3;c0684676-f666-454b-87be-f238475b3658;f37bae37-2a92-4bdb-b2aa-a7e5ae7e9d6a;d4beaa88-9a3b-40c9-af6e-82bf4ae42dbd;adb82303-cfbe-4845-bc4a-43f464dc5b56]]
2026-04-26 10:07:43.435,36.553,CrossSignalDivergence_GT,atomic,[CrossSignalDivergence_GT],[1.0000],1,6,1.0000,[dt-1;dt-2;dt-3],[[ce032ca7-3fa9-41d8-9625-26d3d44c8d82;8d5cdea2-df9f-4d9c-b931-218858865fc3;c0684676-f666-454b-87be-f238475b3658;f37bae37-2a92-4bdb-b2aa-a7e5ae7e9d6a;d4beaa88-9a3b-40c9-af6e-82bf4ae42dbd;adb82303-cfbe-4845-bc4a-43f464dc5b56]]
2026-04-26 10:07:43.531,36.649,CrossSignalRelativeStable_SYS,atomic,[CrossSignalRelativeStable_SYS],[0.9080],1,6,0.9080,[dt-1;dt-2;dt-3],[[281c5565-4177-4ba6-83a7-036950f2d27d;e57a088a-bd03-4b13-b667-8fde516a999c;292077f3-af58-46c8-8ec6-c585c5793894;e9764291-c58a-4371-93d3-d440fef2dd47;da2dc574-c97b-4ab0-944a-1983e5614c89;68a4918c-6754-4c3a-90e5-770398801233]]
2026-04-26 10:07:43.531,36.649,CrossSignalDivergence_SYS,atomic,[CrossSignalDivergence_SYS],[0.9080],1,6,0.9080,[dt-1;dt-2;dt-3],[[281c5565-4177-4ba6-83a7-036950f2d27d;e57a088a-bd03-4b13-b667-8fde516a999c;292077f3-af58-46c8-8ec6-c585c5793894;e9764291-c58a-4371-93d3-d440fef2dd47;da2dc574-c97b-4ab0-944a-1983e5614c89;68a4918c-6754-4c3a-90e5-770398801233]]
2026-04-26 10:07:43.531,36.649,CrossSignalRelativeStable_GT,atomic,[CrossSignalRelativeStable_GT],[1.0000],1,6,1.0000,[dt-1;dt-2;dt-3],[[f37bae37-2a92-4bdb-b2aa-a7e5ae7e9d6a;d4beaa88-9a3b-40c9-af6e-82bf4ae42dbd;adb82303-cfbe-4845-bc4a-43f464dc5b56;db10c5c4-c9e2-4563-8fd8-3b23f724d393;d4aced3c-6894-4e4c-9b55-bb347398d2cf;1e004a7e-9fb0-4df6-856c-b9ec7b98e57e]]
2026-04-26 10:07:43.531,36.649,CrossSignalDivergence_GT,atomic,[CrossSignalDivergence_GT],[1.0000],1,6,1.0000,[dt-1;dt-2;dt-3],[[f37bae37-2a92-4bdb-b2aa-a7e5ae7e9d6a;d4beaa88-9a3b-40c9-af6e-82bf4ae42dbd;adb82303-cfbe-4845-bc4a-43f464dc5b56;db10c5c4-c9e2-4563-8fd8-3b23f724d393;d4aced3c-6894-4e4c-9b55-bb347398d2cf;1e004a7e-9fb0-4df6-856c-b9ec7b98e57e]]
2026-04-26 10:07:43.629,36.747,CrossSignalRelativeStable_OBS,atomic,[CrossSignalRelativeStable_OBS],[1.0000],1,6,1.0000,[dt-1;dt-2;dt-3],[[82b3cc8d-7c54-48c0-8b62-83602473156c;752701be-3448-42d2-b826-4c9b726c902e;292077f3-af58-46c8-8ec6-c585c5793894;a12f9e8e-8b05-4bc1-a9c4-18235c463faa;da2dc574-c97b-4ab0-944a-1983e5614c89;b269cf2c-3fad-4845-9c6f-2f2649f1ac52]]
2026-04-26 10:07:43.629,36.747,CrossSignalDivergence_OBS,atomic,[CrossSignalDivergence_OBS],[1.0000],1,6,1.0000,[dt-1;dt-2;dt-3],[[82b3cc8d-7c54-48c0-8b62-83602473156c;752701be-3448-42d2-b826-4c9b726c902e;292077f3-af58-46c8-8ec6-c585c5793894;a12f9e8e-8b05-4bc1-a9c4-18235c463faa;da2dc574-c97b-4ab0-944a-1983e5614c89;b269cf2c-3fad-4845-9c6f-2f2649f1ac52]]
2026-04-26 10:07:43.630,36.748,CrossSignalRelativeStable_SYS,atomic,[CrossSignalRelativeStable_SYS],[0.9786],1,6,0.9786,[dt-1;dt-2;dt-3],[[e9764291-c58a-4371-93d3-d440fef2dd47;da2dc574-c97b-4ab0-944a-1983e5614c89;68a4918c-6754-4c3a-90e5-770398801233;a12f9e8e-8b05-4bc1-a9c4-18235c463faa;4daac385-0c93-4496-b4d6-b6f2aaa7177a;e14aefdc-8906-4ae8-80cb-96ec0d505291]]
2026-04-26 10:07:43.630,36.748,CrossSignalDivergence_SYS,atomic,[CrossSignalDivergence_SYS],[0.9786],1,6,0.9786,[dt-1;dt-2;dt-3],[[e9764291-c58a-4371-93d3-d440fef2dd47;da2dc574-c97b-4ab0-944a-1983e5614c89;68a4918c-6754-4c3a-90e5-770398801233;a12f9e8e-8b05-4bc1-a9c4-18235c463faa;4daac385-0c93-4496-b4d6-b6f2aaa7177a;e14aefdc-8906-4ae8-80cb-96ec0d505291]]
2026-04-26 10:07:43.630,36.748,CrossSignalRelativeStable_GT,atomic,[CrossSignalRelativeStable_GT],[1.0000],1,6,1.0000,[dt-1;dt-2;dt-3],[[db10c5c4-c9e2-4563-8fd8-3b23f724d393;d4aced3c-6894-4e4c-9b55-bb347398d2cf;1e004a7e-9fb0-4df6-856c-b9ec7b98e57e;4508336a-2439-480b-a41d-37e84ec5dbb7;0ffbfdf9-da0b-4d1b-9f09-e3d587e804a3;8da39da9-756b-4674-b075-f8359cc42552]]
2026-04-26 10:07:43.631,36.749,CrossSignalDivergence_GT,atomic,[CrossSignalDivergence_GT],[1.0000],1,6,1.0000,[dt-1;dt-2;dt-3],[[db10c5c4-c9e2-4563-8fd8-3b23f724d393;d4aced3c-6894-4e4c-9b55-bb347398d2cf;1e004a7e-9fb0-4df6-856c-b9ec7b98e57e;4508336a-2439-480b-a41d-37e84ec5dbb7;0ffbfdf9-da0b-4d1b-9f09-e3d587e804a3;8da39da9-756b-4674-b075-f8359cc42552]]
2026-04-26 10:07:43.747,36.865,CrossSignalRelativeStable_SYS,atomic,[CrossSignalRelativeStable_SYS],[0.9614],1,6,0.9614,[dt-1;dt-2;dt-3],[[a12f9e8e-8b05-4bc1-a9c4-18235c463faa;4daac385-0c93-4496-b4d6-b6f2aaa7177a;e14aefdc-8906-4ae8-80cb-96ec0d505291;62da2a4a-86ef-4aea-89a6-3418a1c5bbf8;8534141b-f3ed-44ee-96bd-0a0b195d2669;b414a5d5-dd72-454c-849a-97b64ab093f2]]
2026-04-26 10:07:43.747,36.865,CrossSignalRelativeStable_OBS,atomic,[CrossSignalRelativeStable_OBS],[1.0000],1,6,1.0000,[dt-1;dt-2;dt-3],[[a12f9e8e-8b05-4bc1-a9c4-18235c463faa;da2dc574-c97b-4ab0-944a-1983e5614c89;b269cf2c-3fad-4845-9c6f-2f2649f1ac52;62da2a4a-86ef-4aea-89a6-3418a1c5bbf8;8534141b-f3ed-44ee-96bd-0a0b195d2669;e14aefdc-8906-4ae8-80cb-96ec0d505291]]
2026-04-26 10:07:43.747,36.865,CrossSignalDivergence_SYS,atomic,[CrossSignalDivergence_SYS],[0.9614],1,6,0.9614,[dt-1;dt-2;dt-3],[[a12f9e8e-8b05-4bc1-a9c4-18235c463faa;4daac385-0c93-4496-b4d6-b6f2aaa7177a;e14aefdc-8906-4ae8-80cb-96ec0d505291;62da2a4a-86ef-4aea-89a6-3418a1c5bbf8;8534141b-f3ed-44ee-96bd-0a0b195d2669;b414a5d5-dd72-454c-849a-97b64ab093f2]]
2026-04-26 10:07:43.747,36.865,CrossSignalDivergence_OBS,atomic,[CrossSignalDivergence_OBS],[1.0000],1,6,1.0000,[dt-1;dt-2;dt-3],[[a12f9e8e-8b05-4bc1-a9c4-18235c463faa;da2dc574-c97b-4ab0-944a-1983e5614c89;b269cf2c-3fad-4845-9c6f-2f2649f1ac52;62da2a4a-86ef-4aea-89a6-3418a1c5bbf8;8534141b-f3ed-44ee-96bd-0a0b195d2669;e14aefdc-8906-4ae8-80cb-96ec0d505291]]
2026-04-26 10:07:43.753,36.871,CrossSignalRelativeStable_GT,atomic,[CrossSignalRelativeStable_GT],[1.0000],1,6,1.0000,[dt-1;dt-2;dt-3],[[4508336a-2439-480b-a41d-37e84ec5dbb7;0ffbfdf9-da0b-4d1b-9f09-e3d587e804a3;8da39da9-756b-4674-b075-f8359cc42552;c524206b-4111-478e-8566-cf9e7e0a4732;594640d3-0dae-4c4c-89bc-2fdb0b74cb75;fe4c996a-aae7-4f51-a9e2-cb0bac33cb1e]]
2026-04-26 10:07:43.753,36.871,CrossSignalDivergence_GT,atomic,[CrossSignalDivergence_GT],[1.0000],1,6,1.0000,[dt-1;dt-2;dt-3],[[4508336a-2439-480b-a41d-37e84ec5dbb7;0ffbfdf9-da0b-4d1b-9f09-e3d587e804a3;8da39da9-756b-4674-b075-f8359cc42552;c524206b-4111-478e-8566-cf9e7e0a4732;594640d3-0dae-4c4c-89bc-2fdb0b74cb75;fe4c996a-aae7-4f51-a9e2-cb0bac33cb1e]]
2026-04-26 10:07:43.864,36.982,CrossSignalRelativeStable_GT,atomic,[CrossSignalRelativeStable_GT],[1.0000],1,6,1.0000,[dt-1;dt-2;dt-3],[[c524206b-4111-478e-8566-cf9e7e0a4732;594640d3-0dae-4c4c-89bc-2fdb0b74cb75;fe4c996a-aae7-4f51-a9e2-cb0bac33cb1e;26370deb-b185-4d75-8ce3-bb777a963f6e;6c35bc27-7cde-45bd-8aa4-8a2451069642;95053971-97fb-4c5f-bdb9-3398dba7c7c3]]
2026-04-26 10:07:43.864,36.982,CrossSignalDivergence_GT,atomic,[CrossSignalDivergence_GT],[1.0000],1,6,1.0000,[dt-1;dt-2;dt-3],[[c524206b-4111-478e-8566-cf9e7e0a4732;594640d3-0dae-4c4c-89bc-2fdb0b74cb75;fe4c996a-aae7-4f51-a9e2-cb0bac33cb1e;26370deb-b185-4d75-8ce3-bb777a963f6e;6c35bc27-7cde-45bd-8aa4-8a2451069642;95053971-97fb-4c5f-bdb9-3398dba7c7c3]]
2026-04-26 10:07:43.963,37.081,CrossSignalRelativeStable_SYS,atomic,[CrossSignalRelativeStable_SYS],[0.9628],1,6,0.9628,[dt-1;dt-2;dt-3],[[62da2a4a-86ef-4aea-89a6-3418a1c5bbf8;8534141b-f3ed-44ee-96bd-0a0b195d2669;b414a5d5-dd72-454c-849a-97b64ab093f2;5e61c9e4-078e-45eb-b631-e78ddda05724;ef762973-f4e2-40ed-b16b-c91b54cbf1b0;565a2e37-ecef-41c3-a6af-0da41ea0542c]]
2026-04-26 10:07:43.963,37.081,CrossSignalDivergence_SYS,atomic,[CrossSignalDivergence_SYS],[0.9628],1,6,0.9628,[dt-1;dt-2;dt-3],[[62da2a4a-86ef-4aea-89a6-3418a1c5bbf8;8534141b-f3ed-44ee-96bd-0a0b195d2669;b414a5d5-dd72-454c-849a-97b64ab093f2;5e61c9e4-078e-45eb-b631-e78ddda05724;ef762973-f4e2-40ed-b16b-c91b54cbf1b0;565a2e37-ecef-41c3-a6af-0da41ea0542c]]
2026-04-26 10:07:43.975,37.093,CrossSignalRelativeStable_GT,atomic,[CrossSignalRelativeStable_GT],[1.0000],1,6,1.0000,[dt-1;dt-2;dt-3],[[26370deb-b185-4d75-8ce3-bb777a963f6e;6c35bc27-7cde-45bd-8aa4-8a2451069642;95053971-97fb-4c5f-bdb9-3398dba7c7c3;7c310566-dadd-4029-8479-83551442d09b;d9911ca8-a1ef-40c0-afa2-5b990fc692d6;c7dae56f-e517-4e6c-be7a-32bdeb11c34a]]
2026-04-26 10:07:43.975,37.093,CrossSignalDivergence_GT,atomic,[CrossSignalDivergence_GT],[1.0000],1,6,1.0000,[dt-1;dt-2;dt-3],[[26370deb-b185-4d75-8ce3-bb777a963f6e;6c35bc27-7cde-45bd-8aa4-8a2451069642;95053971-97fb-4c5f-bdb9-3398dba7c7c3;7c310566-dadd-4029-8479-83551442d09b;d9911ca8-a1ef-40c0-afa2-5b990fc692d6;c7dae56f-e517-4e6c-be7a-32bdeb11c34a]]
2026-04-26 10:07:44.068,37.186,CrossSignalRelativeStable_SYS,atomic,[CrossSignalRelativeStable_SYS],[0.9808],1,6,0.9808,[dt-1;dt-2;dt-3],[[5e61c9e4-078e-45eb-b631-e78ddda05724;ef762973-f4e2-40ed-b16b-c91b54cbf1b0;565a2e37-ecef-41c3-a6af-0da41ea0542c;a8e284e2-b9d1-480a-9fe3-401d37869d93;af526bcc-1a58-4062-988a-51226ca5ecd4;905bac85-f6b6-46e4-a5ca-52e23bb99921]]
2026-04-26 10:07:44.068,37.186,CrossSignalDivergence_SYS,atomic,[CrossSignalDivergence_SYS],[0.9808],1,6,0.9808,[dt-1;dt-2;dt-3],[[5e61c9e4-078e-45eb-b631-e78ddda05724;ef762973-f4e2-40ed-b16b-c91b54cbf1b0;565a2e37-ecef-41c3-a6af-0da41ea0542c;a8e284e2-b9d1-480a-9fe3-401d37869d93;af526bcc-1a58-4062-988a-51226ca5ecd4;905bac85-f6b6-46e4-a5ca-52e23bb99921]]
2026-04-26 10:07:44.084,37.202,CrossSignalRelativeStable_GT,atomic,[CrossSignalRelativeStable_GT],[1.0000],1,6,1.0000,[dt-1;dt-2;dt-3],[[7c310566-dadd-4029-8479-83551442d09b;d9911ca8-a1ef-40c0-afa2-5b990fc692d6;c7dae56f-e517-4e6c-be7a-32bdeb11c34a;2681f88c-52be-42b1-8ee1-b78865e4b336;6a117120-c92d-40e0-a3a1-df35c535cd1e;0f509c61-62e7-4873-8156-1c14c7ec8ffb]]
2026-04-26 10:07:44.084,37.202,CrossSignalDivergence_GT,atomic,[CrossSignalDivergence_GT],[1.0000],1,6,1.0000,[dt-1;dt-2;dt-3],[[7c310566-dadd-4029-8479-83551442d09b;d9911ca8-a1ef-40c0-afa2-5b990fc692d6;c7dae56f-e517-4e6c-be7a-32bdeb11c34a;2681f88c-52be-42b1-8ee1-b78865e4b336;6a117120-c92d-40e0-a3a1-df35c535cd1e;0f509c61-62e7-4873-8156-1c14c7ec8ffb]]
2026-04-26 10:07:44.186,37.304,CrossSignalRelativeStable_SYS,atomic,[CrossSignalRelativeStable_SYS],[0.9268],1,6,0.9268,[dt-1;dt-2;dt-3],[[a8e284e2-b9d1-480a-9fe3-401d37869d93;af526bcc-1a58-4062-988a-51226ca5ecd4;905bac85-f6b6-46e4-a5ca-52e23bb99921;876dd078-f916-4882-8eef-da562892284e;2ab667e0-1d63-44c9-bf8b-2bb00be92124;746a34a6-780f-46d5-8814-db8e25fa9405]]
2026-04-26 10:07:44.186,37.304,CrossSignalDivergence_SYS,atomic,[CrossSignalDivergence_SYS],[0.9268],1,6,0.9268,[dt-1;dt-2;dt-3],[[a8e284e2-b9d1-480a-9fe3-401d37869d93;af526bcc-1a58-4062-988a-51226ca5ecd4;905bac85-f6b6-46e4-a5ca-52e23bb99921;876dd078-f916-4882-8eef-da562892284e;2ab667e0-1d63-44c9-bf8b-2bb00be92124;746a34a6-780f-46d5-8814-db8e25fa9405]]
2026-04-26 10:07:44.186,37.304,CrossSignalRelativeStable_GT,atomic,[CrossSignalRelativeStable_GT],[1.0000],1,6,1.0000,[dt-1;dt-2;dt-3],[[2681f88c-52be-42b1-8ee1-b78865e4b336;6a117120-c92d-40e0-a3a1-df35c535cd1e;0f509c61-62e7-4873-8156-1c14c7ec8ffb;44185f16-9fdc-46ff-bba0-7427b0f2d680;f9c149d5-4278-47ec-b423-9cbb17381d0e;6f1de487-eba3-4a0f-8751-7fa9057c67f0]]
2026-04-26 10:07:44.186,37.304,CrossSignalDivergence_GT,atomic,[CrossSignalDivergence_GT],[1.0000],1,6,1.0000,[dt-1;dt-2;dt-3],[[2681f88c-52be-42b1-8ee1-b78865e4b336;6a117120-c92d-40e0-a3a1-df35c535cd1e;0f509c61-62e7-4873-8156-1c14c7ec8ffb;44185f16-9fdc-46ff-bba0-7427b0f2d680;f9c149d5-4278-47ec-b423-9cbb17381d0e;6f1de487-eba3-4a0f-8751-7fa9057c67f0]]
2026-04-26 10:07:44.288,37.406,CrossSignalRelativeStable_OBS,atomic,[CrossSignalRelativeStable_OBS],[1.0000],1,6,1.0000,[dt-1;dt-2;dt-3],[[62da2a4a-86ef-4aea-89a6-3418a1c5bbf8;8534141b-f3ed-44ee-96bd-0a0b195d2669;e14aefdc-8906-4ae8-80cb-96ec0d505291;5e61c9e4-078e-45eb-b631-e78ddda05724;21ece6ad-5359-4264-9651-989d250ad556;905bac85-f6b6-46e4-a5ca-52e23bb99921]]
2026-04-26 10:07:44.288,37.406,CrossSignalDivergence_OBS,atomic,[CrossSignalDivergence_OBS],[1.0000],1,6,1.0000,[dt-1;dt-2;dt-3],[[62da2a4a-86ef-4aea-89a6-3418a1c5bbf8;8534141b-f3ed-44ee-96bd-0a0b195d2669;e14aefdc-8906-4ae8-80cb-96ec0d505291;5e61c9e4-078e-45eb-b631-e78ddda05724;21ece6ad-5359-4264-9651-989d250ad556;905bac85-f6b6-46e4-a5ca-52e23bb99921]]
2026-04-26 10:07:44.305,37.423,CrossSignalRelativeStable_GT,atomic,[CrossSignalRelativeStable_GT],[1.0000],1,6,1.0000,[dt-1;dt-2;dt-3],[[44185f16-9fdc-46ff-bba0-7427b0f2d680;f9c149d5-4278-47ec-b423-9cbb17381d0e;6f1de487-eba3-4a0f-8751-7fa9057c67f0;259c3a08-ca62-4bd2-aad5-b38a312e837a;022f1445-3629-4787-acb6-51cfdde97518;2d140f38-92db-43fd-8c3e-366ede617006]]
2026-04-26 10:07:44.305,37.423,CrossSignalDivergence_GT,atomic,[CrossSignalDivergence_GT],[1.0000],1,6,1.0000,[dt-1;dt-2;dt-3],[[44185f16-9fdc-46ff-bba0-7427b0f2d680;f9c149d5-4278-47ec-b423-9cbb17381d0e;6f1de487-eba3-4a0f-8751-7fa9057c67f0;259c3a08-ca62-4bd2-aad5-b38a312e837a;022f1445-3629-4787-acb6-51cfdde97518;2d140f38-92db-43fd-8c3e-366ede617006]]
2026-04-26 10:07:44.403,37.521,CrossSignalRelativeStable_SYS,atomic,[CrossSignalRelativeStable_SYS],[0.8894],1,6,0.8894,[dt-1;dt-2;dt-3],[[876dd078-f916-4882-8eef-da562892284e;2ab667e0-1d63-44c9-bf8b-2bb00be92124;746a34a6-780f-46d5-8814-db8e25fa9405;bf3dc96c-09cb-4fbc-94a8-eaa9e63233a7;21ece6ad-5359-4264-9651-989d250ad556;27529205-51f2-4a75-a6c6-4e6cad0dddd4]]
2026-04-26 10:07:44.403,37.521,CrossSignalDivergence_SYS,atomic,[CrossSignalDivergence_SYS],[0.8894],1,6,0.8894,[dt-1;dt-2;dt-3],[[876dd078-f916-4882-8eef-da562892284e;2ab667e0-1d63-44c9-bf8b-2bb00be92124;746a34a6-780f-46d5-8814-db8e25fa9405;bf3dc96c-09cb-4fbc-94a8-eaa9e63233a7;21ece6ad-5359-4264-9651-989d250ad556;27529205-51f2-4a75-a6c6-4e6cad0dddd4]]
2026-04-26 10:07:44.413,37.531,CrossSignalRelativeStable_GT,atomic,[CrossSignalRelativeStable_GT],[1.0000],1,6,1.0000,[dt-1;dt-2;dt-3],[[259c3a08-ca62-4bd2-aad5-b38a312e837a;022f1445-3629-4787-acb6-51cfdde97518;2d140f38-92db-43fd-8c3e-366ede617006;6c1dac06-7e81-498b-87cb-09d1ae774aeb;fc14a206-f711-418f-ba02-3719dd4de81b;eb5902a4-f593-4e3d-82d0-f206ce167511]]
2026-04-26 10:07:44.413,37.531,CrossSignalDivergence_GT,atomic,[CrossSignalDivergence_GT],[1.0000],1,6,1.0000,[dt-1;dt-2;dt-3],[[259c3a08-ca62-4bd2-aad5-b38a312e837a;022f1445-3629-4787-acb6-51cfdde97518;2d140f38-92db-43fd-8c3e-366ede617006;6c1dac06-7e81-498b-87cb-09d1ae774aeb;fc14a206-f711-418f-ba02-3719dd4de81b;eb5902a4-f593-4e3d-82d0-f206ce167511]]
2026-04-26 10:07:44.510,37.628,CrossSignalRelativeStable_SYS,atomic,[CrossSignalRelativeStable_SYS],[0.9065],1,6,0.9065,[dt-1;dt-2;dt-3],[[bf3dc96c-09cb-4fbc-94a8-eaa9e63233a7;21ece6ad-5359-4264-9651-989d250ad556;27529205-51f2-4a75-a6c6-4e6cad0dddd4;98e33cd2-ba9a-4ae7-a18c-a2fdba2c513d;cc633bb5-592c-4ada-9b07-d349474fea3b;f53f01aa-7986-46af-a348-caf2246dcab7]]
2026-04-26 10:07:44.510,37.628,CrossSignalDivergence_SYS,atomic,[CrossSignalDivergence_SYS],[0.9065],1,6,0.9065,[dt-1;dt-2;dt-3],[[bf3dc96c-09cb-4fbc-94a8-eaa9e63233a7;21ece6ad-5359-4264-9651-989d250ad556;27529205-51f2-4a75-a6c6-4e6cad0dddd4;98e33cd2-ba9a-4ae7-a18c-a2fdba2c513d;cc633bb5-592c-4ada-9b07-d349474fea3b;f53f01aa-7986-46af-a348-caf2246dcab7]]
2026-04-26 10:07:44.521,37.639,CrossSignalRelativeStable_GT,atomic,[CrossSignalRelativeStable_GT],[1.0000],1,6,1.0000,[dt-1;dt-2;dt-3],[[6c1dac06-7e81-498b-87cb-09d1ae774aeb;fc14a206-f711-418f-ba02-3719dd4de81b;eb5902a4-f593-4e3d-82d0-f206ce167511;19b1dd27-2680-46c0-974b-8b902917d117;9966453c-bd74-419a-bdda-557dc5b325e4;7b325098-f37e-4144-9f03-cf348a1c39c4]]
2026-04-26 10:07:44.521,37.639,CrossSignalDivergence_GT,atomic,[CrossSignalDivergence_GT],[1.0000],1,6,1.0000,[dt-1;dt-2;dt-3],[[6c1dac06-7e81-498b-87cb-09d1ae774aeb;fc14a206-f711-418f-ba02-3719dd4de81b;eb5902a4-f593-4e3d-82d0-f206ce167511;19b1dd27-2680-46c0-974b-8b902917d117;9966453c-bd74-419a-bdda-557dc5b325e4;7b325098-f37e-4144-9f03-cf348a1c39c4]]
2026-04-26 10:07:44.628,37.746,CrossSignalRelativeStable_SYS,atomic,[CrossSignalRelativeStable_SYS],[0.8917],1,6,0.8917,[dt-1;dt-2;dt-3],[[98e33cd2-ba9a-4ae7-a18c-a2fdba2c513d;cc633bb5-592c-4ada-9b07-d349474fea3b;f53f01aa-7986-46af-a348-caf2246dcab7;fbe763d8-9615-496e-82d7-a32466b95bbf;35ccec5f-9174-49a0-bac1-09614d6cae77;a4910369-6891-4184-aa34-0edefe5d6e0e]]
2026-04-26 10:07:44.628,37.746,CrossSignalDivergence_SYS,atomic,[CrossSignalDivergence_SYS],[0.8917],1,6,0.8917,[dt-1;dt-2;dt-3],[[98e33cd2-ba9a-4ae7-a18c-a2fdba2c513d;cc633bb5-592c-4ada-9b07-d349474fea3b;f53f01aa-7986-46af-a348-caf2246dcab7;fbe763d8-9615-496e-82d7-a32466b95bbf;35ccec5f-9174-49a0-bac1-09614d6cae77;a4910369-6891-4184-aa34-0edefe5d6e0e]]
2026-04-26 10:07:44.628,37.746,CrossSignalRelativeStable_GT,atomic,[CrossSignalRelativeStable_GT],[1.0000],1,6,1.0000,[dt-1;dt-2;dt-3],[[19b1dd27-2680-46c0-974b-8b902917d117;9966453c-bd74-419a-bdda-557dc5b325e4;7b325098-f37e-4144-9f03-cf348a1c39c4;b39cea15-3ddb-4a7f-8643-4b2d248eeaf4;9e324e90-23ef-419b-85a4-fe09d8df6814;02646bf3-d831-46a4-9c1d-efdd6e71c786]]
2026-04-26 10:07:44.628,37.746,CrossSignalDivergence_GT,atomic,[CrossSignalDivergence_GT],[1.0000],1,6,1.0000,[dt-1;dt-2;dt-3],[[19b1dd27-2680-46c0-974b-8b902917d117;9966453c-bd74-419a-bdda-557dc5b325e4;7b325098-f37e-4144-9f03-cf348a1c39c4;b39cea15-3ddb-4a7f-8643-4b2d248eeaf4;9e324e90-23ef-419b-85a4-fe09d8df6814;02646bf3-d831-46a4-9c1d-efdd6e71c786]]
2026-04-26 10:07:44.742,37.860,CrossSignalRelativeStable_GT,atomic,[CrossSignalRelativeStable_GT],[1.0000],1,6,1.0000,[dt-1;dt-2;dt-3],[[b39cea15-3ddb-4a7f-8643-4b2d248eeaf4;9e324e90-23ef-419b-85a4-fe09d8df6814;02646bf3-d831-46a4-9c1d-efdd6e71c786;fe4eaa87-c56c-409a-abf8-11f013ed58af;921c8cf2-6d5e-47f8-a07d-65eb212538f8;333fd4e7-4b00-42cc-ba09-fc2001535061]]
2026-04-26 10:07:44.742,37.860,CrossSignalDivergence_GT,atomic,[CrossSignalDivergence_GT],[1.0000],1,6,1.0000,[dt-1;dt-2;dt-3],[[b39cea15-3ddb-4a7f-8643-4b2d248eeaf4;9e324e90-23ef-419b-85a4-fe09d8df6814;02646bf3-d831-46a4-9c1d-efdd6e71c786;fe4eaa87-c56c-409a-abf8-11f013ed58af;921c8cf2-6d5e-47f8-a07d-65eb212538f8;333fd4e7-4b00-42cc-ba09-fc2001535061]]
2026-04-26 10:07:44.841,37.959,CrossSignalRelativeStable_OBS,atomic,[CrossSignalRelativeStable_OBS],[1.0000],1,6,1.0000,[dt-1;dt-2;dt-3],[[5e61c9e4-078e-45eb-b631-e78ddda05724;21ece6ad-5359-4264-9651-989d250ad556;905bac85-f6b6-46e4-a5ca-52e23bb99921;98e33cd2-ba9a-4ae7-a18c-a2fdba2c513d;9f76fa37-736a-4c91-9b11-caf7e014b3af;8e254473-8268-4ded-89ba-c490ff361cb5]]
2026-04-26 10:07:44.841,37.959,CrossSignalDivergence_OBS,atomic,[CrossSignalDivergence_OBS],[1.0000],1,6,1.0000,[dt-1;dt-2;dt-3],[[5e61c9e4-078e-45eb-b631-e78ddda05724;21ece6ad-5359-4264-9651-989d250ad556;905bac85-f6b6-46e4-a5ca-52e23bb99921;98e33cd2-ba9a-4ae7-a18c-a2fdba2c513d;9f76fa37-736a-4c91-9b11-caf7e014b3af;8e254473-8268-4ded-89ba-c490ff361cb5]]
2026-04-26 10:07:44.843,37.961,CrossSignalRelativeStable_SYS,atomic,[CrossSignalRelativeStable_SYS],[0.8924],1,6,0.8924,[dt-1;dt-2;dt-3],[[fbe763d8-9615-496e-82d7-a32466b95bbf;35ccec5f-9174-49a0-bac1-09614d6cae77;a4910369-6891-4184-aa34-0edefe5d6e0e;a1554f1d-04d2-48bd-9e01-b6509d316e20;87e90cbc-a061-4816-8800-94252e240b46;8e254473-8268-4ded-89ba-c490ff361cb5]]
2026-04-26 10:07:44.843,37.961,CrossSignalDivergence_SYS,atomic,[CrossSignalDivergence_SYS],[0.8924],1,6,0.8924,[dt-1;dt-2;dt-3],[[fbe763d8-9615-496e-82d7-a32466b95bbf;35ccec5f-9174-49a0-bac1-09614d6cae77;a4910369-6891-4184-aa34-0edefe5d6e0e;a1554f1d-04d2-48bd-9e01-b6509d316e20;87e90cbc-a061-4816-8800-94252e240b46;8e254473-8268-4ded-89ba-c490ff361cb5]]
2026-04-26 10:07:44.854,37.972,CrossSignalRelativeStable_GT,atomic,[CrossSignalRelativeStable_GT],[1.0000],1,6,1.0000,[dt-1;dt-2;dt-3],[[fe4eaa87-c56c-409a-abf8-11f013ed58af;921c8cf2-6d5e-47f8-a07d-65eb212538f8;333fd4e7-4b00-42cc-ba09-fc2001535061;4027b911-febc-4671-ab49-5c275e66a587;a36b9681-b486-4239-825a-ed8e2bd0f71d;1736f760-dd6d-4ce2-80bd-6b0d7f010b91]]
2026-04-26 10:07:44.854,37.972,CrossSignalDivergence_GT,atomic,[CrossSignalDivergence_GT],[1.0000],1,6,1.0000,[dt-1;dt-2;dt-3],[[fe4eaa87-c56c-409a-abf8-11f013ed58af;921c8cf2-6d5e-47f8-a07d-65eb212538f8;333fd4e7-4b00-42cc-ba09-fc2001535061;4027b911-febc-4671-ab49-5c275e66a587;a36b9681-b486-4239-825a-ed8e2bd0f71d;1736f760-dd6d-4ce2-80bd-6b0d7f010b91]]
2026-04-26 10:07:44.958,38.076,CrossSignalRelativeStable_GT,atomic,[CrossSignalRelativeStable_GT],[1.0000],1,6,1.0000,[dt-1;dt-2;dt-3],[[4027b911-febc-4671-ab49-5c275e66a587;a36b9681-b486-4239-825a-ed8e2bd0f71d;1736f760-dd6d-4ce2-80bd-6b0d7f010b91;b0cec669-9680-46ff-be6e-cb5eb9ccd72c;44f31630-ca9a-4f97-bfce-588d6323eff2;9d59b3aa-013b-43f0-92b9-b2f6f70e2d3d]]
2026-04-26 10:07:44.958,38.076,CrossSignalDivergence_GT,atomic,[CrossSignalDivergence_GT],[1.0000],1,6,1.0000,[dt-1;dt-2;dt-3],[[4027b911-febc-4671-ab49-5c275e66a587;a36b9681-b486-4239-825a-ed8e2bd0f71d;1736f760-dd6d-4ce2-80bd-6b0d7f010b91;b0cec669-9680-46ff-be6e-cb5eb9ccd72c;44f31630-ca9a-4f97-bfce-588d6323eff2;9d59b3aa-013b-43f0-92b9-b2f6f70e2d3d]]
2026-04-26 10:07:45.064,38.182,CrossSignalRelativeStable_SYS,atomic,[CrossSignalRelativeStable_SYS],[0.9638],1,6,0.9638,[dt-1;dt-2;dt-3],[[a1554f1d-04d2-48bd-9e01-b6509d316e20;87e90cbc-a061-4816-8800-94252e240b46;8e254473-8268-4ded-89ba-c490ff361cb5;81bee250-9804-4d73-a7d9-8e22378aaa4b;67c66b9f-79c9-41d7-9924-5f81328087ff;c752b2e7-229c-40db-8cbd-83a0f90e9e14]]
2026-04-26 10:07:45.064,38.182,CrossSignalDivergence_SYS,atomic,[CrossSignalDivergence_SYS],[0.9638],1,6,0.9638,[dt-1;dt-2;dt-3],[[a1554f1d-04d2-48bd-9e01-b6509d316e20;87e90cbc-a061-4816-8800-94252e240b46;8e254473-8268-4ded-89ba-c490ff361cb5;81bee250-9804-4d73-a7d9-8e22378aaa4b;67c66b9f-79c9-41d7-9924-5f81328087ff;c752b2e7-229c-40db-8cbd-83a0f90e9e14]]
2026-04-26 10:07:45.088,38.206,CrossSignalRelativeStable_GT,atomic,[CrossSignalRelativeStable_GT],[1.0000],1,6,1.0000,[dt-1;dt-2;dt-3],[[b0cec669-9680-46ff-be6e-cb5eb9ccd72c;44f31630-ca9a-4f97-bfce-588d6323eff2;9d59b3aa-013b-43f0-92b9-b2f6f70e2d3d;278d36fa-8f20-4704-8128-828c7103d55c;558aa118-8d61-4198-a4c2-fad73429407c;f79432b5-5619-48cd-8563-4271e4900070]]
2026-04-26 10:07:45.088,38.206,CrossSignalDivergence_GT,atomic,[CrossSignalDivergence_GT],[1.0000],1,6,1.0000,[dt-1;dt-2;dt-3],[[b0cec669-9680-46ff-be6e-cb5eb9ccd72c;44f31630-ca9a-4f97-bfce-588d6323eff2;9d59b3aa-013b-43f0-92b9-b2f6f70e2d3d;278d36fa-8f20-4704-8128-828c7103d55c;558aa118-8d61-4198-a4c2-fad73429407c;f79432b5-5619-48cd-8563-4271e4900070]]
2026-04-26 10:07:45.192,38.310,CrossSignalRelativeStable_SYS,atomic,[CrossSignalRelativeStable_SYS],[0.9813],1,6,0.9813,[dt-1;dt-2;dt-3],[[81bee250-9804-4d73-a7d9-8e22378aaa4b;67c66b9f-79c9-41d7-9924-5f81328087ff;c752b2e7-229c-40db-8cbd-83a0f90e9e14;818e3ed1-c20f-4b87-8465-cc00183e5189;30a1973b-c928-4ee1-8a1e-18db39ae2cf5;6af0a164-8596-489f-9df7-a073382856f3]]
2026-04-26 10:07:45.192,38.310,CrossSignalDivergence_SYS,atomic,[CrossSignalDivergence_SYS],[0.9813],1,6,0.9813,[dt-1;dt-2;dt-3],[[81bee250-9804-4d73-a7d9-8e22378aaa4b;67c66b9f-79c9-41d7-9924-5f81328087ff;c752b2e7-229c-40db-8cbd-83a0f90e9e14;818e3ed1-c20f-4b87-8465-cc00183e5189;30a1973b-c928-4ee1-8a1e-18db39ae2cf5;6af0a164-8596-489f-9df7-a073382856f3]]
2026-04-26 10:07:45.204,38.322,CrossSignalRelativeStable_GT,atomic,[CrossSignalRelativeStable_GT],[1.0000],1,6,1.0000,[dt-1;dt-2;dt-3],[[278d36fa-8f20-4704-8128-828c7103d55c;558aa118-8d61-4198-a4c2-fad73429407c;f79432b5-5619-48cd-8563-4271e4900070;66761eac-b189-47e5-bf27-f94710456b10;8e5f9fdf-d35b-4f4c-a435-f887a802742f;a7e742f3-6363-4276-a85c-98160fd14e63]]
2026-04-26 10:07:45.204,38.322,CrossSignalDivergence_GT,atomic,[CrossSignalDivergence_GT],[1.0000],1,6,1.0000,[dt-1;dt-2;dt-3],[[278d36fa-8f20-4704-8128-828c7103d55c;558aa118-8d61-4198-a4c2-fad73429407c;f79432b5-5619-48cd-8563-4271e4900070;66761eac-b189-47e5-bf27-f94710456b10;8e5f9fdf-d35b-4f4c-a435-f887a802742f;a7e742f3-6363-4276-a85c-98160fd14e63]]
2026-04-26 10:07:45.315,38.433,CrossSignalRelativeStable_GT,atomic,[CrossSignalRelativeStable_GT],[1.0000],1,6,1.0000,[dt-1;dt-2;dt-3],[[66761eac-b189-47e5-bf27-f94710456b10;8e5f9fdf-d35b-4f4c-a435-f887a802742f;a7e742f3-6363-4276-a85c-98160fd14e63;275a24cc-3d00-4eda-a0bb-6e6f75361fc5;eba1c935-1bd3-4adf-ba5f-a5da8708d820;adca3b7e-bd7a-4186-90d0-6d816b3027c0]]
2026-04-26 10:07:45.315,38.433,CrossSignalDivergence_GT,atomic,[CrossSignalDivergence_GT],[1.0000],1,6,1.0000,[dt-1;dt-2;dt-3],[[66761eac-b189-47e5-bf27-f94710456b10;8e5f9fdf-d35b-4f4c-a435-f887a802742f;a7e742f3-6363-4276-a85c-98160fd14e63;275a24cc-3d00-4eda-a0bb-6e6f75361fc5;eba1c935-1bd3-4adf-ba5f-a5da8708d820;adca3b7e-bd7a-4186-90d0-6d816b3027c0]]
2026-04-26 10:07:45.411,38.529,CrossSignalRelativeStable_OBS,atomic,[CrossSignalRelativeStable_OBS],[1.0000],1,6,1.0000,[dt-1;dt-2;dt-3],[[98e33cd2-ba9a-4ae7-a18c-a2fdba2c513d;9f76fa37-736a-4c91-9b11-caf7e014b3af;8e254473-8268-4ded-89ba-c490ff361cb5;81bee250-9804-4d73-a7d9-8e22378aaa4b;67c66b9f-79c9-41d7-9924-5f81328087ff;5e55e182-05d3-4399-b852-ad56e1e2f922]]
2026-04-26 10:07:45.412,38.530,CrossSignalDivergence_OBS,atomic,[CrossSignalDivergence_OBS],[1.0000],1,6,1.0000,[dt-1;dt-2;dt-3],[[98e33cd2-ba9a-4ae7-a18c-a2fdba2c513d;9f76fa37-736a-4c91-9b11-caf7e014b3af;8e254473-8268-4ded-89ba-c490ff361cb5;81bee250-9804-4d73-a7d9-8e22378aaa4b;67c66b9f-79c9-41d7-9924-5f81328087ff;5e55e182-05d3-4399-b852-ad56e1e2f922]]
2026-04-26 10:07:45.412,38.530,CrossSignalRelativeStable_SYS,atomic,[CrossSignalRelativeStable_SYS],[0.9476],1,6,0.9476,[dt-1;dt-2;dt-3],[[818e3ed1-c20f-4b87-8465-cc00183e5189;30a1973b-c928-4ee1-8a1e-18db39ae2cf5;6af0a164-8596-489f-9df7-a073382856f3;a57eb726-6421-48a8-bd73-0eb5a2978cb4;ae6c2923-47a3-4c3c-bd39-c4a101ea5621;4082c416-5bf3-49b7-8587-742776a9e427]]
2026-04-26 10:07:45.412,38.530,CrossSignalDivergence_SYS,atomic,[CrossSignalDivergence_SYS],[0.9476],1,6,0.9476,[dt-1;dt-2;dt-3],[[818e3ed1-c20f-4b87-8465-cc00183e5189;30a1973b-c928-4ee1-8a1e-18db39ae2cf5;6af0a164-8596-489f-9df7-a073382856f3;a57eb726-6421-48a8-bd73-0eb5a2978cb4;ae6c2923-47a3-4c3c-bd39-c4a101ea5621;4082c416-5bf3-49b7-8587-742776a9e427]]
2026-04-26 10:07:45.418,38.536,CrossSignalRelativeStable_GT,atomic,[CrossSignalRelativeStable_GT],[1.0000],1,6,1.0000,[dt-1;dt-2;dt-3],[[275a24cc-3d00-4eda-a0bb-6e6f75361fc5;eba1c935-1bd3-4adf-ba5f-a5da8708d820;adca3b7e-bd7a-4186-90d0-6d816b3027c0;0b96f6d2-2896-432a-96b6-65c5ab216a33;d80bb8db-ae55-4a9e-bc60-00897687be85;34991fd4-aef0-4faa-b535-d47ce48cc5d2]]
2026-04-26 10:07:45.418,38.536,CrossSignalDivergence_GT,atomic,[CrossSignalDivergence_GT],[1.0000],1,6,1.0000,[dt-1;dt-2;dt-3],[[275a24cc-3d00-4eda-a0bb-6e6f75361fc5;eba1c935-1bd3-4adf-ba5f-a5da8708d820;adca3b7e-bd7a-4186-90d0-6d816b3027c0;0b96f6d2-2896-432a-96b6-65c5ab216a33;d80bb8db-ae55-4a9e-bc60-00897687be85;34991fd4-aef0-4faa-b535-d47ce48cc5d2]]
2026-04-26 10:07:45.522,38.640,CrossSignalRelativeStable_SYS,atomic,[CrossSignalRelativeStable_SYS],[0.8910],1,6,0.8910,[dt-1;dt-2;dt-3],[[a57eb726-6421-48a8-bd73-0eb5a2978cb4;ae6c2923-47a3-4c3c-bd39-c4a101ea5621;4082c416-5bf3-49b7-8587-742776a9e427;3bcfd26c-1099-4035-9155-c1f0e1ed399c;9aa6c477-df27-4526-a9ac-8dd7cb8519bd;5a87cbf9-728b-490d-8941-54207cfb54d3]]
2026-04-26 10:07:45.522,38.640,CrossSignalDivergence_SYS,atomic,[CrossSignalDivergence_SYS],[0.8910],1,6,0.8910,[dt-1;dt-2;dt-3],[[a57eb726-6421-48a8-bd73-0eb5a2978cb4;ae6c2923-47a3-4c3c-bd39-c4a101ea5621;4082c416-5bf3-49b7-8587-742776a9e427;3bcfd26c-1099-4035-9155-c1f0e1ed399c;9aa6c477-df27-4526-a9ac-8dd7cb8519bd;5a87cbf9-728b-490d-8941-54207cfb54d3]]
2026-04-26 10:07:45.534,38.652,CrossSignalRelativeStable_GT,atomic,[CrossSignalRelativeStable_GT],[1.0000],1,6,1.0000,[dt-1;dt-2;dt-3],[[0b96f6d2-2896-432a-96b6-65c5ab216a33;d80bb8db-ae55-4a9e-bc60-00897687be85;34991fd4-aef0-4faa-b535-d47ce48cc5d2;29c091c9-be89-41d1-82ea-afab114d6991;06be4170-4d4a-452f-b93b-669bbfacae1a;8ab4c0a5-0da8-4e28-9764-90d958990df6]]
2026-04-26 10:07:45.534,38.652,CrossSignalDivergence_GT,atomic,[CrossSignalDivergence_GT],[1.0000],1,6,1.0000,[dt-1;dt-2;dt-3],[[0b96f6d2-2896-432a-96b6-65c5ab216a33;d80bb8db-ae55-4a9e-bc60-00897687be85;34991fd4-aef0-4faa-b535-d47ce48cc5d2;29c091c9-be89-41d1-82ea-afab114d6991;06be4170-4d4a-452f-b93b-669bbfacae1a;8ab4c0a5-0da8-4e28-9764-90d958990df6]]
2026-04-26 10:07:45.640,38.758,CrossSignalRelativeStable_SYS,atomic,[CrossSignalRelativeStable_SYS],[0.8878],1,6,0.8878,[dt-1;dt-2;dt-3],[[3bcfd26c-1099-4035-9155-c1f0e1ed399c;9aa6c477-df27-4526-a9ac-8dd7cb8519bd;5a87cbf9-728b-490d-8941-54207cfb54d3;976ababf-4c64-434b-a67a-8c0cbc8ecb3a;a31bb52d-de75-46a0-9866-36ffce120c2e;b750930e-052e-43f2-b046-39e607c89a08]]
2026-04-26 10:07:45.640,38.758,CrossSignalDivergence_SYS,atomic,[CrossSignalDivergence_SYS],[0.8878],1,6,0.8878,[dt-1;dt-2;dt-3],[[3bcfd26c-1099-4035-9155-c1f0e1ed399c;9aa6c477-df27-4526-a9ac-8dd7cb8519bd;5a87cbf9-728b-490d-8941-54207cfb54d3;976ababf-4c64-434b-a67a-8c0cbc8ecb3a;a31bb52d-de75-46a0-9866-36ffce120c2e;b750930e-052e-43f2-b046-39e607c89a08]]
2026-04-26 10:07:45.640,38.758,CrossSignalRelativeStable_GT,atomic,[CrossSignalRelativeStable_GT],[1.0000],1,6,1.0000,[dt-1;dt-2;dt-3],[[29c091c9-be89-41d1-82ea-afab114d6991;06be4170-4d4a-452f-b93b-669bbfacae1a;8ab4c0a5-0da8-4e28-9764-90d958990df6;579b74bb-7cfb-4346-a2f8-60eb91f64cb0;d05fb005-aff7-4a06-8f90-147b91502558;f84b5f02-c024-4222-a489-86f1638335b1]]
2026-04-26 10:07:45.641,38.759,CrossSignalDivergence_GT,atomic,[CrossSignalDivergence_GT],[1.0000],1,6,1.0000,[dt-1;dt-2;dt-3],[[29c091c9-be89-41d1-82ea-afab114d6991;06be4170-4d4a-452f-b93b-669bbfacae1a;8ab4c0a5-0da8-4e28-9764-90d958990df6;579b74bb-7cfb-4346-a2f8-60eb91f64cb0;d05fb005-aff7-4a06-8f90-147b91502558;f84b5f02-c024-4222-a489-86f1638335b1]]
2026-04-26 10:07:45.753,38.871,CrossSignalRelativeStable_SYS,atomic,[CrossSignalRelativeStable_SYS],[0.8931],1,6,0.8931,[dt-1;dt-2;dt-3],[[976ababf-4c64-434b-a67a-8c0cbc8ecb3a;a31bb52d-de75-46a0-9866-36ffce120c2e;b750930e-052e-43f2-b046-39e607c89a08;93210e96-630a-48f7-8f52-8ae6b99e41b9;6da8593e-d011-47b8-8c99-c0d6d1e52e03;77a3daf7-5dae-4e85-ab42-46c537647bc6]]
2026-04-26 10:07:45.753,38.871,CrossSignalDivergence_SYS,atomic,[CrossSignalDivergence_SYS],[0.8931],1,6,0.8931,[dt-1;dt-2;dt-3],[[976ababf-4c64-434b-a67a-8c0cbc8ecb3a;a31bb52d-de75-46a0-9866-36ffce120c2e;b750930e-052e-43f2-b046-39e607c89a08;93210e96-630a-48f7-8f52-8ae6b99e41b9;6da8593e-d011-47b8-8c99-c0d6d1e52e03;77a3daf7-5dae-4e85-ab42-46c537647bc6]]
2026-04-26 10:07:45.766,38.884,CrossSignalRelativeStable_GT,atomic,[CrossSignalRelativeStable_GT],[1.0000],1,6,1.0000,[dt-1;dt-2;dt-3],[[579b74bb-7cfb-4346-a2f8-60eb91f64cb0;d05fb005-aff7-4a06-8f90-147b91502558;f84b5f02-c024-4222-a489-86f1638335b1;f2b56bf0-cb3d-43c7-82a0-0148d79fa577;b212d973-9a05-44ac-bf66-c5d73a3cf00b;61c17fc6-dcd7-4d4a-9945-42cd95d660cc]]
2026-04-26 10:07:45.766,38.884,CrossSignalDivergence_GT,atomic,[CrossSignalDivergence_GT],[1.0000],1,6,1.0000,[dt-1;dt-2;dt-3],[[579b74bb-7cfb-4346-a2f8-60eb91f64cb0;d05fb005-aff7-4a06-8f90-147b91502558;f84b5f02-c024-4222-a489-86f1638335b1;f2b56bf0-cb3d-43c7-82a0-0148d79fa577;b212d973-9a05-44ac-bf66-c5d73a3cf00b;61c17fc6-dcd7-4d4a-9945-42cd95d660cc]]
2026-04-26 10:07:45.861,38.979,CrossSignalRelativeStable_SYS,atomic,[CrossSignalRelativeStable_SYS],[0.8324],1,6,0.8324,[dt-1;dt-2;dt-3],[[93210e96-630a-48f7-8f52-8ae6b99e41b9;6da8593e-d011-47b8-8c99-c0d6d1e52e03;77a3daf7-5dae-4e85-ab42-46c537647bc6;2c71d311-39bb-4c71-b08a-238521b07163;1d3ac1e0-c3c3-4aca-a06f-bbbb6d4c857c;438e33e6-3825-46b8-b77f-449ca4fdb382]]
2026-04-26 10:07:45.861,38.979,CrossSignalDivergence_SYS,atomic,[CrossSignalDivergence_SYS],[0.8324],1,6,0.8324,[dt-1;dt-2;dt-3],[[93210e96-630a-48f7-8f52-8ae6b99e41b9;6da8593e-d011-47b8-8c99-c0d6d1e52e03;77a3daf7-5dae-4e85-ab42-46c537647bc6;2c71d311-39bb-4c71-b08a-238521b07163;1d3ac1e0-c3c3-4aca-a06f-bbbb6d4c857c;438e33e6-3825-46b8-b77f-449ca4fdb382]]
2026-04-26 10:07:45.861,38.979,CrossSignalRelativeStable_GT,atomic,[CrossSignalRelativeStable_GT],[1.0000],1,6,1.0000,[dt-1;dt-2;dt-3],[[f2b56bf0-cb3d-43c7-82a0-0148d79fa577;b212d973-9a05-44ac-bf66-c5d73a3cf00b;61c17fc6-dcd7-4d4a-9945-42cd95d660cc;6052a6d6-c006-47d7-8946-82009cd0a3c8;83e4c5df-8b77-4ad5-8397-ccd189164b02;e4a26d64-b70b-4a0f-a012-540110776682]]
2026-04-26 10:07:45.861,38.979,CrossSignalDivergence_GT,atomic,[CrossSignalDivergence_GT],[1.0000],1,6,1.0000,[dt-1;dt-2;dt-3],[[f2b56bf0-cb3d-43c7-82a0-0148d79fa577;b212d973-9a05-44ac-bf66-c5d73a3cf00b;61c17fc6-dcd7-4d4a-9945-42cd95d660cc;6052a6d6-c006-47d7-8946-82009cd0a3c8;83e4c5df-8b77-4ad5-8397-ccd189164b02;e4a26d64-b70b-4a0f-a012-540110776682]]
2026-04-26 10:07:45.975,39.093,CrossSignalRelativeStable_SYS,atomic,[CrossSignalRelativeStable_SYS],[0.7827],1,6,0.7827,[dt-1;dt-2;dt-3],[[2c71d311-39bb-4c71-b08a-238521b07163;1d3ac1e0-c3c3-4aca-a06f-bbbb6d4c857c;438e33e6-3825-46b8-b77f-449ca4fdb382;de6d5861-7a51-4a0b-a925-8b792fda8033;730bbab1-1ffe-4303-915b-bd420e85f07f;d668c231-65a2-49f9-99d0-5cf432b55ba4]]
2026-04-26 10:07:45.975,39.093,CrossSignalDivergence_SYS,atomic,[CrossSignalDivergence_SYS],[0.7827],1,6,0.7827,[dt-1;dt-2;dt-3],[[2c71d311-39bb-4c71-b08a-238521b07163;1d3ac1e0-c3c3-4aca-a06f-bbbb6d4c857c;438e33e6-3825-46b8-b77f-449ca4fdb382;de6d5861-7a51-4a0b-a925-8b792fda8033;730bbab1-1ffe-4303-915b-bd420e85f07f;d668c231-65a2-49f9-99d0-5cf432b55ba4]]
2026-04-26 10:07:45.987,39.105,CrossSignalRelativeStable_GT,atomic,[CrossSignalRelativeStable_GT],[1.0000],1,6,1.0000,[dt-1;dt-2;dt-3],[[6052a6d6-c006-47d7-8946-82009cd0a3c8;83e4c5df-8b77-4ad5-8397-ccd189164b02;e4a26d64-b70b-4a0f-a012-540110776682;a5c60419-b78c-4cde-88e5-e2d3c53ea974;2a1c55f8-f9cb-4c44-9f7f-68a377b73b61;e3196521-56c6-48db-8219-d0d325f0bba0]]
2026-04-26 10:07:45.987,39.105,CrossSignalDivergence_GT,atomic,[CrossSignalDivergence_GT],[1.0000],1,6,1.0000,[dt-1;dt-2;dt-3],[[6052a6d6-c006-47d7-8946-82009cd0a3c8;83e4c5df-8b77-4ad5-8397-ccd189164b02;e4a26d64-b70b-4a0f-a012-540110776682;a5c60419-b78c-4cde-88e5-e2d3c53ea974;2a1c55f8-f9cb-4c44-9f7f-68a377b73b61;e3196521-56c6-48db-8219-d0d325f0bba0]]
2026-04-26 10:07:46.089,39.207,CrossSignalRelativeStable_SYS,atomic,[CrossSignalRelativeStable_SYS],[0.8198],1,6,0.8198,[dt-1;dt-2;dt-3],[[de6d5861-7a51-4a0b-a925-8b792fda8033;730bbab1-1ffe-4303-915b-bd420e85f07f;d668c231-65a2-49f9-99d0-5cf432b55ba4;4d86074a-0534-43ba-9b4a-e7acd40a0f97;250bcae4-7c1b-4e6d-a4e6-1d7fec39cf89;9a2468b7-a1d3-4fda-beab-bdc18ac8d608]]
2026-04-26 10:07:46.089,39.207,CrossSignalDivergence_SYS,atomic,[CrossSignalDivergence_SYS],[0.8198],1,6,0.8198,[dt-1;dt-2;dt-3],[[de6d5861-7a51-4a0b-a925-8b792fda8033;730bbab1-1ffe-4303-915b-bd420e85f07f;d668c231-65a2-49f9-99d0-5cf432b55ba4;4d86074a-0534-43ba-9b4a-e7acd40a0f97;250bcae4-7c1b-4e6d-a4e6-1d7fec39cf89;9a2468b7-a1d3-4fda-beab-bdc18ac8d608]]
2026-04-26 10:07:46.095,39.213,CrossSignalRelativeStable_GT,atomic,[CrossSignalRelativeStable_GT],[1.0000],1,6,1.0000,[dt-1;dt-2;dt-3],[[a5c60419-b78c-4cde-88e5-e2d3c53ea974;2a1c55f8-f9cb-4c44-9f7f-68a377b73b61;e3196521-56c6-48db-8219-d0d325f0bba0;13c463e4-bc81-49ae-b51c-13dc627ad6a9;c956c287-ddbb-4668-9013-2248f2f76fd1;60dab269-85e7-4f57-b47d-e1b3b64e978b]]
2026-04-26 10:07:46.095,39.213,CrossSignalDivergence_GT,atomic,[CrossSignalDivergence_GT],[1.0000],1,6,1.0000,[dt-1;dt-2;dt-3],[[a5c60419-b78c-4cde-88e5-e2d3c53ea974;2a1c55f8-f9cb-4c44-9f7f-68a377b73b61;e3196521-56c6-48db-8219-d0d325f0bba0;13c463e4-bc81-49ae-b51c-13dc627ad6a9;c956c287-ddbb-4668-9013-2248f2f76fd1;60dab269-85e7-4f57-b47d-e1b3b64e978b]]
2026-04-26 10:07:46.095,39.213,CrossSignalRelativeStable_OBS,atomic,[CrossSignalRelativeStable_OBS],[1.0000],1,6,1.0000,[dt-1;dt-2;dt-3],[[81bee250-9804-4d73-a7d9-8e22378aaa4b;67c66b9f-79c9-41d7-9924-5f81328087ff;5e55e182-05d3-4399-b852-ad56e1e2f922;4d86074a-0534-43ba-9b4a-e7acd40a0f97;9aa6c477-df27-4526-a9ac-8dd7cb8519bd;a3e2316f-8103-4004-9c37-fa02006ae12d]]
2026-04-26 10:07:46.095,39.213,CrossSignalDivergence_OBS,atomic,[CrossSignalDivergence_OBS],[1.0000],1,6,1.0000,[dt-1;dt-2;dt-3],[[81bee250-9804-4d73-a7d9-8e22378aaa4b;67c66b9f-79c9-41d7-9924-5f81328087ff;5e55e182-05d3-4399-b852-ad56e1e2f922;4d86074a-0534-43ba-9b4a-e7acd40a0f97;9aa6c477-df27-4526-a9ac-8dd7cb8519bd;a3e2316f-8103-4004-9c37-fa02006ae12d]]
2026-04-26 10:07:46.207,39.325,CrossSignalRelativeStable_SYS,atomic,[CrossSignalRelativeStable_SYS],[0.9396],1,6,0.9396,[dt-1;dt-2;dt-3],[[4d86074a-0534-43ba-9b4a-e7acd40a0f97;250bcae4-7c1b-4e6d-a4e6-1d7fec39cf89;9a2468b7-a1d3-4fda-beab-bdc18ac8d608;a525e3d2-e06b-43f8-afbc-7f53f441bac0;ee54cc19-e982-4d26-9400-3d818f9f4df0;a3e2316f-8103-4004-9c37-fa02006ae12d]]
2026-04-26 10:07:46.207,39.325,CrossSignalDivergence_SYS,atomic,[CrossSignalDivergence_SYS],[0.9396],1,6,0.9396,[dt-1;dt-2;dt-3],[[4d86074a-0534-43ba-9b4a-e7acd40a0f97;250bcae4-7c1b-4e6d-a4e6-1d7fec39cf89;9a2468b7-a1d3-4fda-beab-bdc18ac8d608;a525e3d2-e06b-43f8-afbc-7f53f441bac0;ee54cc19-e982-4d26-9400-3d818f9f4df0;a3e2316f-8103-4004-9c37-fa02006ae12d]]
2026-04-26 10:07:46.213,39.331,CrossSignalRelativeStable_GT,atomic,[CrossSignalRelativeStable_GT],[1.0000],1,6,1.0000,[dt-1;dt-2;dt-3],[[13c463e4-bc81-49ae-b51c-13dc627ad6a9;c956c287-ddbb-4668-9013-2248f2f76fd1;60dab269-85e7-4f57-b47d-e1b3b64e978b;a8b883ac-b5e1-4924-97d9-2311a92e13b1;217254a5-2787-44dd-97ce-e430c6bb565b;62b433b2-9112-460b-8d42-9d4d15675124]]
2026-04-26 10:07:46.213,39.331,CrossSignalDivergence_GT,atomic,[CrossSignalDivergence_GT],[1.0000],1,6,1.0000,[dt-1;dt-2;dt-3],[[13c463e4-bc81-49ae-b51c-13dc627ad6a9;c956c287-ddbb-4668-9013-2248f2f76fd1;60dab269-85e7-4f57-b47d-e1b3b64e978b;a8b883ac-b5e1-4924-97d9-2311a92e13b1;217254a5-2787-44dd-97ce-e430c6bb565b;62b433b2-9112-460b-8d42-9d4d15675124]]
2026-04-26 10:07:46.328,39.446,CrossSignalRelativeStable_GT,atomic,[CrossSignalRelativeStable_GT],[1.0000],1,6,1.0000,[dt-1;dt-2;dt-3],[[a8b883ac-b5e1-4924-97d9-2311a92e13b1;217254a5-2787-44dd-97ce-e430c6bb565b;62b433b2-9112-460b-8d42-9d4d15675124;58fa8964-bcce-43ab-886d-cd3afd7b015b;6a0ce5aa-f4b8-48b7-ad4f-022c8a6d891b;8efc67c3-11b0-46ac-a0f7-96c2f32588f3]]
2026-04-26 10:07:46.328,39.446,CrossSignalDivergence_GT,atomic,[CrossSignalDivergence_GT],[1.0000],1,6,1.0000,[dt-1;dt-2;dt-3],[[a8b883ac-b5e1-4924-97d9-2311a92e13b1;217254a5-2787-44dd-97ce-e430c6bb565b;62b433b2-9112-460b-8d42-9d4d15675124;58fa8964-bcce-43ab-886d-cd3afd7b015b;6a0ce5aa-f4b8-48b7-ad4f-022c8a6d891b;8efc67c3-11b0-46ac-a0f7-96c2f32588f3]]
2026-04-26 10:07:46.425,39.543,CrossSignalRelativeStable_SYS,atomic,[CrossSignalRelativeStable_SYS],[0.9601],1,6,0.9601,[dt-1;dt-2;dt-3],[[a525e3d2-e06b-43f8-afbc-7f53f441bac0;ee54cc19-e982-4d26-9400-3d818f9f4df0;a3e2316f-8103-4004-9c37-fa02006ae12d;12ec8693-d1d3-4087-b718-25debd2ea951;c078fa70-7696-45d7-944b-635567f1cb1c;96d29f50-3a26-4260-bfe4-0bbefec22deb]]
2026-04-26 10:07:46.425,39.543,CrossSignalDivergence_SYS,atomic,[CrossSignalDivergence_SYS],[0.9601],1,6,0.9601,[dt-1;dt-2;dt-3],[[a525e3d2-e06b-43f8-afbc-7f53f441bac0;ee54cc19-e982-4d26-9400-3d818f9f4df0;a3e2316f-8103-4004-9c37-fa02006ae12d;12ec8693-d1d3-4087-b718-25debd2ea951;c078fa70-7696-45d7-944b-635567f1cb1c;96d29f50-3a26-4260-bfe4-0bbefec22deb]]
2026-04-26 10:07:46.431,39.549,CrossSignalRelativeStable_GT,atomic,[CrossSignalRelativeStable_GT],[1.0000],1,6,1.0000,[dt-1;dt-2;dt-3],[[58fa8964-bcce-43ab-886d-cd3afd7b015b;6a0ce5aa-f4b8-48b7-ad4f-022c8a6d891b;8efc67c3-11b0-46ac-a0f7-96c2f32588f3;66aa1f0f-b7bf-41ee-82b0-ea294885c8c6;b039463e-71a9-4896-9cb3-56b09002382e;b04edc5a-98a5-47ab-a3c9-e63e0b6eefb5]]
2026-04-26 10:07:46.432,39.550,CrossSignalDivergence_GT,atomic,[CrossSignalDivergence_GT],[1.0000],1,6,1.0000,[dt-1;dt-2;dt-3],[[58fa8964-bcce-43ab-886d-cd3afd7b015b;6a0ce5aa-f4b8-48b7-ad4f-022c8a6d891b;8efc67c3-11b0-46ac-a0f7-96c2f32588f3;66aa1f0f-b7bf-41ee-82b0-ea294885c8c6;b039463e-71a9-4896-9cb3-56b09002382e;b04edc5a-98a5-47ab-a3c9-e63e0b6eefb5]]
2026-04-26 10:07:46.535,39.653,CrossSignalRelativeStable_SYS,atomic,[CrossSignalRelativeStable_SYS],[0.9037],1,6,0.9037,[dt-1;dt-2;dt-3],[[12ec8693-d1d3-4087-b718-25debd2ea951;c078fa70-7696-45d7-944b-635567f1cb1c;96d29f50-3a26-4260-bfe4-0bbefec22deb;5a453957-01e3-4ec9-b189-5a64c04743f4;fa6a95bd-f12f-4996-bf40-07edc9ddd106;cf737a0d-cb56-4873-b724-9d58be0a6d9e]]
2026-04-26 10:07:46.535,39.653,CrossSignalDivergence_SYS,atomic,[CrossSignalDivergence_SYS],[0.9037],1,6,0.9037,[dt-1;dt-2;dt-3],[[12ec8693-d1d3-4087-b718-25debd2ea951;c078fa70-7696-45d7-944b-635567f1cb1c;96d29f50-3a26-4260-bfe4-0bbefec22deb;5a453957-01e3-4ec9-b189-5a64c04743f4;fa6a95bd-f12f-4996-bf40-07edc9ddd106;cf737a0d-cb56-4873-b724-9d58be0a6d9e]]
2026-04-26 10:07:46.554,39.672,CrossSignalRelativeStable_GT,atomic,[CrossSignalRelativeStable_GT],[1.0000],1,6,1.0000,[dt-1;dt-2;dt-3],[[66aa1f0f-b7bf-41ee-82b0-ea294885c8c6;b039463e-71a9-4896-9cb3-56b09002382e;b04edc5a-98a5-47ab-a3c9-e63e0b6eefb5;0bdac129-4def-4d97-b5a3-e0ef2808b71b;7451e9ad-a712-409a-a700-455d3b7c1edc;842fa916-aeaa-43aa-8e22-10825b7e407e]]
2026-04-26 10:07:46.554,39.672,CrossSignalDivergence_GT,atomic,[CrossSignalDivergence_GT],[1.0000],1,6,1.0000,[dt-1;dt-2;dt-3],[[66aa1f0f-b7bf-41ee-82b0-ea294885c8c6;b039463e-71a9-4896-9cb3-56b09002382e;b04edc5a-98a5-47ab-a3c9-e63e0b6eefb5;0bdac129-4def-4d97-b5a3-e0ef2808b71b;7451e9ad-a712-409a-a700-455d3b7c1edc;842fa916-aeaa-43aa-8e22-10825b7e407e]]
2026-04-26 10:07:46.646,39.764,CrossSignalRelativeStable_SYS,atomic,[CrossSignalRelativeStable_SYS],[0.8561],1,6,0.8561,[dt-1;dt-2;dt-3],[[5a453957-01e3-4ec9-b189-5a64c04743f4;fa6a95bd-f12f-4996-bf40-07edc9ddd106;cf737a0d-cb56-4873-b724-9d58be0a6d9e;a6e22b88-66d4-4acb-bb7a-ba97169f040f;73a38a50-777f-47db-aacb-e86a2399329e;d3e0fb78-73af-4201-b290-3b7659ec9aca]]
2026-04-26 10:07:46.646,39.764,CrossSignalDivergence_SYS,atomic,[CrossSignalDivergence_SYS],[0.8561],1,6,0.8561,[dt-1;dt-2;dt-3],[[5a453957-01e3-4ec9-b189-5a64c04743f4;fa6a95bd-f12f-4996-bf40-07edc9ddd106;cf737a0d-cb56-4873-b724-9d58be0a6d9e;a6e22b88-66d4-4acb-bb7a-ba97169f040f;73a38a50-777f-47db-aacb-e86a2399329e;d3e0fb78-73af-4201-b290-3b7659ec9aca]]
2026-04-26 10:07:46.663,39.781,CrossSignalRelativeStable_GT,atomic,[CrossSignalRelativeStable_GT],[1.0000],1,6,1.0000,[dt-1;dt-2;dt-3],[[0bdac129-4def-4d97-b5a3-e0ef2808b71b;7451e9ad-a712-409a-a700-455d3b7c1edc;842fa916-aeaa-43aa-8e22-10825b7e407e;30929681-1722-42ab-83cf-c13ad7e6f3a8;1520134c-664d-4058-8977-e729dc545730;c6252681-b789-424a-b83b-2e3cca702f1f]]
2026-04-26 10:07:46.663,39.781,CrossSignalDivergence_GT,atomic,[CrossSignalDivergence_GT],[1.0000],1,6,1.0000,[dt-1;dt-2;dt-3],[[0bdac129-4def-4d97-b5a3-e0ef2808b71b;7451e9ad-a712-409a-a700-455d3b7c1edc;842fa916-aeaa-43aa-8e22-10825b7e407e;30929681-1722-42ab-83cf-c13ad7e6f3a8;1520134c-664d-4058-8977-e729dc545730;c6252681-b789-424a-b83b-2e3cca702f1f]]
2026-04-26 10:07:46.776,39.894,CrossSignalRelativeStable_GT,atomic,[CrossSignalRelativeStable_GT],[1.0000],1,6,1.0000,[dt-1;dt-2;dt-3],[[30929681-1722-42ab-83cf-c13ad7e6f3a8;1520134c-664d-4058-8977-e729dc545730;c6252681-b789-424a-b83b-2e3cca702f1f;6bfb46fb-011a-4ffc-a305-addc75820613;0e838f36-6373-4a0d-9a74-fe70d9a210ae;831fdfa3-0957-462d-a5f9-aef50acfa958]]
2026-04-26 10:07:46.777,39.895,CrossSignalDivergence_GT,atomic,[CrossSignalDivergence_GT],[1.0000],1,6,1.0000,[dt-1;dt-2;dt-3],[[30929681-1722-42ab-83cf-c13ad7e6f3a8;1520134c-664d-4058-8977-e729dc545730;c6252681-b789-424a-b83b-2e3cca702f1f;6bfb46fb-011a-4ffc-a305-addc75820613;0e838f36-6373-4a0d-9a74-fe70d9a210ae;831fdfa3-0957-462d-a5f9-aef50acfa958]]
2026-04-26 10:07:46.869,39.987,CrossSignalRelativeStable_SYS,atomic,[CrossSignalRelativeStable_SYS],[0.8630],1,6,0.8630,[dt-1;dt-2;dt-3],[[a6e22b88-66d4-4acb-bb7a-ba97169f040f;73a38a50-777f-47db-aacb-e86a2399329e;d3e0fb78-73af-4201-b290-3b7659ec9aca;765c671b-395f-4aca-bb91-11193192a473;042e5917-1e64-404a-8f69-ccca466199d4;c7229c6a-c57e-41fd-b432-a42c29f255f2]]
2026-04-26 10:07:46.869,39.987,CrossSignalDivergence_SYS,atomic,[CrossSignalDivergence_SYS],[0.8630],1,6,0.8630,[dt-1;dt-2;dt-3],[[a6e22b88-66d4-4acb-bb7a-ba97169f040f;73a38a50-777f-47db-aacb-e86a2399329e;d3e0fb78-73af-4201-b290-3b7659ec9aca;765c671b-395f-4aca-bb91-11193192a473;042e5917-1e64-404a-8f69-ccca466199d4;c7229c6a-c57e-41fd-b432-a42c29f255f2]]
2026-04-26 10:07:46.876,39.994,CrossSignalRelativeStable_GT,atomic,[CrossSignalRelativeStable_GT],[1.0000],1,6,1.0000,[dt-1;dt-2;dt-3],[[6bfb46fb-011a-4ffc-a305-addc75820613;0e838f36-6373-4a0d-9a74-fe70d9a210ae;831fdfa3-0957-462d-a5f9-aef50acfa958;48b982db-39a7-4f88-a2d8-9ad6757ff539;1dc797d0-0e39-4b31-b010-6d3600c92466;b6c5b975-5f76-463f-92ce-2ab13b215c5f]]
2026-04-26 10:07:46.876,39.994,CrossSignalDivergence_GT,atomic,[CrossSignalDivergence_GT],[1.0000],1,6,1.0000,[dt-1;dt-2;dt-3],[[6bfb46fb-011a-4ffc-a305-addc75820613;0e838f36-6373-4a0d-9a74-fe70d9a210ae;831fdfa3-0957-462d-a5f9-aef50acfa958;48b982db-39a7-4f88-a2d8-9ad6757ff539;1dc797d0-0e39-4b31-b010-6d3600c92466;b6c5b975-5f76-463f-92ce-2ab13b215c5f]]
2026-04-26 10:07:46.876,39.994,CrossSignalRelativeStable_OBS,atomic,[CrossSignalRelativeStable_OBS],[1.0000],1,6,1.0000,[dt-1;dt-2;dt-3],[[4d86074a-0534-43ba-9b4a-e7acd40a0f97;9aa6c477-df27-4526-a9ac-8dd7cb8519bd;a3e2316f-8103-4004-9c37-fa02006ae12d;a525e3d2-e06b-43f8-afbc-7f53f441bac0;ee54cc19-e982-4d26-9400-3d818f9f4df0;b4845db8-6f47-41e1-af8c-17db082f98cc]]
2026-04-26 10:07:46.876,39.994,CrossSignalDivergence_OBS,atomic,[CrossSignalDivergence_OBS],[1.0000],1,6,1.0000,[dt-1;dt-2;dt-3],[[4d86074a-0534-43ba-9b4a-e7acd40a0f97;9aa6c477-df27-4526-a9ac-8dd7cb8519bd;a3e2316f-8103-4004-9c37-fa02006ae12d;a525e3d2-e06b-43f8-afbc-7f53f441bac0;ee54cc19-e982-4d26-9400-3d818f9f4df0;b4845db8-6f47-41e1-af8c-17db082f98cc]]
2026-04-26 10:07:46.980,40.098,CrossSignalRelativeStable_SYS,atomic,[CrossSignalRelativeStable_SYS],[0.9504],1,6,0.9504,[dt-1;dt-2;dt-3],[[765c671b-395f-4aca-bb91-11193192a473;042e5917-1e64-404a-8f69-ccca466199d4;c7229c6a-c57e-41fd-b432-a42c29f255f2;fbac5a19-e017-4e42-ba1d-2b8c92519897;cd10de69-11e4-4d9f-958f-eb43e9a86d95;b4845db8-6f47-41e1-af8c-17db082f98cc]]
2026-04-26 10:07:46.980,40.098,CrossSignalDivergence_SYS,atomic,[CrossSignalDivergence_SYS],[0.9504],1,6,0.9504,[dt-1;dt-2;dt-3],[[765c671b-395f-4aca-bb91-11193192a473;042e5917-1e64-404a-8f69-ccca466199d4;c7229c6a-c57e-41fd-b432-a42c29f255f2;fbac5a19-e017-4e42-ba1d-2b8c92519897;cd10de69-11e4-4d9f-958f-eb43e9a86d95;b4845db8-6f47-41e1-af8c-17db082f98cc]]
2026-04-26 10:07:46.986,40.104,CrossSignalRelativeStable_GT,atomic,[CrossSignalRelativeStable_GT],[1.0000],1,6,1.0000,[dt-1;dt-2;dt-3],[[48b982db-39a7-4f88-a2d8-9ad6757ff539;1dc797d0-0e39-4b31-b010-6d3600c92466;b6c5b975-5f76-463f-92ce-2ab13b215c5f;54e99c53-1196-49c0-b37c-92793244c840;9ce4fac2-be02-4dd8-ba1b-749fa873438c;18a77e91-ee13-41c4-bfa9-da1e865777f4]]
2026-04-26 10:07:46.986,40.104,CrossSignalDivergence_GT,atomic,[CrossSignalDivergence_GT],[1.0000],1,6,1.0000,[dt-1;dt-2;dt-3],[[48b982db-39a7-4f88-a2d8-9ad6757ff539;1dc797d0-0e39-4b31-b010-6d3600c92466;b6c5b975-5f76-463f-92ce-2ab13b215c5f;54e99c53-1196-49c0-b37c-92793244c840;9ce4fac2-be02-4dd8-ba1b-749fa873438c;18a77e91-ee13-41c4-bfa9-da1e865777f4]]
2026-04-26 10:07:47.083,40.201,CrossSignalRelativeStable_OBS,atomic,[CrossSignalRelativeStable_OBS],[1.0000],1,6,1.0000,[dt-1;dt-2;dt-3],[[a525e3d2-e06b-43f8-afbc-7f53f441bac0;ee54cc19-e982-4d26-9400-3d818f9f4df0;b4845db8-6f47-41e1-af8c-17db082f98cc;fbac5a19-e017-4e42-ba1d-2b8c92519897;cd10de69-11e4-4d9f-958f-eb43e9a86d95;ed4bbc44-c82e-488c-ba1b-c0be8a07d549]]
2026-04-26 10:07:47.083,40.201,CrossSignalDivergence_OBS,atomic,[CrossSignalDivergence_OBS],[1.0000],1,6,1.0000,[dt-1;dt-2;dt-3],[[a525e3d2-e06b-43f8-afbc-7f53f441bac0;ee54cc19-e982-4d26-9400-3d818f9f4df0;b4845db8-6f47-41e1-af8c-17db082f98cc;fbac5a19-e017-4e42-ba1d-2b8c92519897;cd10de69-11e4-4d9f-958f-eb43e9a86d95;ed4bbc44-c82e-488c-ba1b-c0be8a07d549]]
2026-04-26 10:07:47.095,40.213,CrossSignalRelativeStable_GT,atomic,[CrossSignalRelativeStable_GT],[1.0000],1,6,1.0000,[dt-1;dt-2;dt-3],[[54e99c53-1196-49c0-b37c-92793244c840;9ce4fac2-be02-4dd8-ba1b-749fa873438c;18a77e91-ee13-41c4-bfa9-da1e865777f4;a68b772e-b604-4021-b217-214e8e90241a;d320318f-005d-4cd7-9162-4c5d82b8a126;dabe1599-aa49-4da1-aea9-859b731473e0]]
2026-04-26 10:07:47.095,40.213,CrossSignalDivergence_GT,atomic,[CrossSignalDivergence_GT],[1.0000],1,6,1.0000,[dt-1;dt-2;dt-3],[[54e99c53-1196-49c0-b37c-92793244c840;9ce4fac2-be02-4dd8-ba1b-749fa873438c;18a77e91-ee13-41c4-bfa9-da1e865777f4;a68b772e-b604-4021-b217-214e8e90241a;d320318f-005d-4cd7-9162-4c5d82b8a126;dabe1599-aa49-4da1-aea9-859b731473e0]]
2026-04-26 10:07:47.202,40.320,CrossSignalRelativeStable_SYS,atomic,[CrossSignalRelativeStable_SYS],[1.0000],1,6,1.0000,[dt-1;dt-2;dt-3],[[fbac5a19-e017-4e42-ba1d-2b8c92519897;cd10de69-11e4-4d9f-958f-eb43e9a86d95;b4845db8-6f47-41e1-af8c-17db082f98cc;7dcaf695-18ab-4c22-847e-cb23ad6a12ce;adda6bd8-60a3-4bd6-a2b0-01b3819e2dcf;ed4bbc44-c82e-488c-ba1b-c0be8a07d549]]
2026-04-26 10:07:47.202,40.320,CrossSignalDivergence_SYS,atomic,[CrossSignalDivergence_SYS],[1.0000],1,6,1.0000,[dt-1;dt-2;dt-3],[[fbac5a19-e017-4e42-ba1d-2b8c92519897;cd10de69-11e4-4d9f-958f-eb43e9a86d95;b4845db8-6f47-41e1-af8c-17db082f98cc;7dcaf695-18ab-4c22-847e-cb23ad6a12ce;adda6bd8-60a3-4bd6-a2b0-01b3819e2dcf;ed4bbc44-c82e-488c-ba1b-c0be8a07d549]]
2026-04-26 10:07:47.209,40.327,CrossSignalRelativeStable_GT,atomic,[CrossSignalRelativeStable_GT],[1.0000],1,6,1.0000,[dt-1;dt-2;dt-3],[[a68b772e-b604-4021-b217-214e8e90241a;d320318f-005d-4cd7-9162-4c5d82b8a126;dabe1599-aa49-4da1-aea9-859b731473e0;05ea1b51-e1c2-4af5-9730-0f3a0e25a9fd;4da4e71a-a946-47f6-a283-7a25556e527b;fd1e9cfc-de21-45c6-9853-50a99930d9ba]]
2026-04-26 10:07:47.209,40.327,CrossSignalDivergence_GT,atomic,[CrossSignalDivergence_GT],[1.0000],1,6,1.0000,[dt-1;dt-2;dt-3],[[a68b772e-b604-4021-b217-214e8e90241a;d320318f-005d-4cd7-9162-4c5d82b8a126;dabe1599-aa49-4da1-aea9-859b731473e0;05ea1b51-e1c2-4af5-9730-0f3a0e25a9fd;4da4e71a-a946-47f6-a283-7a25556e527b;fd1e9cfc-de21-45c6-9853-50a99930d9ba]]
2026-04-26 10:07:47.210,40.328,CrossSignalRelativeStable_OBS,atomic,[CrossSignalRelativeStable_OBS],[1.0000],1,6,1.0000,[dt-1;dt-2;dt-3],[[fbac5a19-e017-4e42-ba1d-2b8c92519897;cd10de69-11e4-4d9f-958f-eb43e9a86d95;ed4bbc44-c82e-488c-ba1b-c0be8a07d549;7dcaf695-18ab-4c22-847e-cb23ad6a12ce;adda6bd8-60a3-4bd6-a2b0-01b3819e2dcf;ac7babb5-5942-4663-a97b-723f24897d41]]
2026-04-26 10:07:47.210,40.328,CrossSignalDivergence_OBS,atomic,[CrossSignalDivergence_OBS],[1.0000],1,6,1.0000,[dt-1;dt-2;dt-3],[[fbac5a19-e017-4e42-ba1d-2b8c92519897;cd10de69-11e4-4d9f-958f-eb43e9a86d95;ed4bbc44-c82e-488c-ba1b-c0be8a07d549;7dcaf695-18ab-4c22-847e-cb23ad6a12ce;adda6bd8-60a3-4bd6-a2b0-01b3819e2dcf;ac7babb5-5942-4663-a97b-723f24897d41]]
2026-04-26 10:07:47.312,40.430,CrossSignalRelativeStable_SYS,atomic,[CrossSignalRelativeStable_SYS],[1.0000],1,6,1.0000,[dt-1;dt-2;dt-3],[[7dcaf695-18ab-4c22-847e-cb23ad6a12ce;adda6bd8-60a3-4bd6-a2b0-01b3819e2dcf;ed4bbc44-c82e-488c-ba1b-c0be8a07d549;292d4a8c-535d-4a2c-b6c3-f983d17dfcb1;4f327403-907e-4bc4-ae3d-a9492f9afe22;ac7babb5-5942-4663-a97b-723f24897d41]]
2026-04-26 10:07:47.312,40.430,CrossSignalDivergence_SYS,atomic,[CrossSignalDivergence_SYS],[1.0000],1,6,1.0000,[dt-1;dt-2;dt-3],[[7dcaf695-18ab-4c22-847e-cb23ad6a12ce;adda6bd8-60a3-4bd6-a2b0-01b3819e2dcf;ed4bbc44-c82e-488c-ba1b-c0be8a07d549;292d4a8c-535d-4a2c-b6c3-f983d17dfcb1;4f327403-907e-4bc4-ae3d-a9492f9afe22;ac7babb5-5942-4663-a97b-723f24897d41]]
2026-04-26 10:07:47.319,40.437,CrossSignalRelativeStable_GT,atomic,[CrossSignalRelativeStable_GT],[1.0000],1,6,1.0000,[dt-1;dt-2;dt-3],[[05ea1b51-e1c2-4af5-9730-0f3a0e25a9fd;4da4e71a-a946-47f6-a283-7a25556e527b;fd1e9cfc-de21-45c6-9853-50a99930d9ba;7dcb3b0c-3bf6-4c15-b790-41cecb2f34c6;6f325e1d-a297-4b8f-a6c8-f36b36a653e0;872e1a35-1360-4d15-889f-62bb4dfb34d5]]
2026-04-26 10:07:47.319,40.437,CrossSignalDivergence_GT,atomic,[CrossSignalDivergence_GT],[1.0000],1,6,1.0000,[dt-1;dt-2;dt-3],[[05ea1b51-e1c2-4af5-9730-0f3a0e25a9fd;4da4e71a-a946-47f6-a283-7a25556e527b;fd1e9cfc-de21-45c6-9853-50a99930d9ba;7dcb3b0c-3bf6-4c15-b790-41cecb2f34c6;6f325e1d-a297-4b8f-a6c8-f36b36a653e0;872e1a35-1360-4d15-889f-62bb4dfb34d5]]
2026-04-26 10:07:47.422,40.540,CrossSignalRelativeStable_OBS,atomic,[CrossSignalRelativeStable_OBS],[1.0000],1,6,1.0000,[dt-1;dt-2;dt-3],[[7dcaf695-18ab-4c22-847e-cb23ad6a12ce;adda6bd8-60a3-4bd6-a2b0-01b3819e2dcf;ac7babb5-5942-4663-a97b-723f24897d41;292d4a8c-535d-4a2c-b6c3-f983d17dfcb1;4f327403-907e-4bc4-ae3d-a9492f9afe22;8e02c455-7126-4d74-b12e-bb97b880ea7f]]
2026-04-26 10:07:47.423,40.541,CrossSignalDivergence_OBS,atomic,[CrossSignalDivergence_OBS],[1.0000],1,6,1.0000,[dt-1;dt-2;dt-3],[[7dcaf695-18ab-4c22-847e-cb23ad6a12ce;adda6bd8-60a3-4bd6-a2b0-01b3819e2dcf;ac7babb5-5942-4663-a97b-723f24897d41;292d4a8c-535d-4a2c-b6c3-f983d17dfcb1;4f327403-907e-4bc4-ae3d-a9492f9afe22;8e02c455-7126-4d74-b12e-bb97b880ea7f]]
2026-04-26 10:07:47.430,40.548,CrossSignalRelativeStable_GT,atomic,[CrossSignalRelativeStable_GT],[1.0000],1,6,1.0000,[dt-1;dt-2;dt-3],[[7dcb3b0c-3bf6-4c15-b790-41cecb2f34c6;6f325e1d-a297-4b8f-a6c8-f36b36a653e0;872e1a35-1360-4d15-889f-62bb4dfb34d5;2a2067be-7aa0-48d4-bdf4-ee005f7d2b7b;2cf93830-1990-4c68-a0a2-f6ebbe13b458;70bba7a8-2cd6-4c59-8e2d-209668d748f5]]
2026-04-26 10:07:47.430,40.548,CrossSignalDivergence_GT,atomic,[CrossSignalDivergence_GT],[1.0000],1,6,1.0000,[dt-1;dt-2;dt-3],[[7dcb3b0c-3bf6-4c15-b790-41cecb2f34c6;6f325e1d-a297-4b8f-a6c8-f36b36a653e0;872e1a35-1360-4d15-889f-62bb4dfb34d5;2a2067be-7aa0-48d4-bdf4-ee005f7d2b7b;2cf93830-1990-4c68-a0a2-f6ebbe13b458;70bba7a8-2cd6-4c59-8e2d-209668d748f5]]
2026-04-26 10:07:47.532,40.650,CrossSignalRelativeStable_SYS,atomic,[CrossSignalRelativeStable_SYS],[0.9946],1,6,0.9946,[dt-1;dt-2;dt-3],[[292d4a8c-535d-4a2c-b6c3-f983d17dfcb1;4f327403-907e-4bc4-ae3d-a9492f9afe22;ac7babb5-5942-4663-a97b-723f24897d41;2f07be04-ade4-4148-88e4-40089e0989a1;3fb0072c-35a8-436e-bb94-227c585b3868;8e02c455-7126-4d74-b12e-bb97b880ea7f]]
2026-04-26 10:07:47.532,40.650,CrossSignalDivergence_SYS,atomic,[CrossSignalDivergence_SYS],[0.9946],1,6,0.9946,[dt-1;dt-2;dt-3],[[292d4a8c-535d-4a2c-b6c3-f983d17dfcb1;4f327403-907e-4bc4-ae3d-a9492f9afe22;ac7babb5-5942-4663-a97b-723f24897d41;2f07be04-ade4-4148-88e4-40089e0989a1;3fb0072c-35a8-436e-bb94-227c585b3868;8e02c455-7126-4d74-b12e-bb97b880ea7f]]
2026-04-26 10:07:47.545,40.663,CrossSignalRelativeStable_GT,atomic,[CrossSignalRelativeStable_GT],[1.0000],1,6,1.0000,[dt-1;dt-2;dt-3],[[2a2067be-7aa0-48d4-bdf4-ee005f7d2b7b;2cf93830-1990-4c68-a0a2-f6ebbe13b458;70bba7a8-2cd6-4c59-8e2d-209668d748f5;7e771723-b5b0-4963-9477-5f7d75c756af;d180d8f6-84fa-4307-b4c3-fadd4b7da981;322dc1ad-8f8e-4b0c-a11f-9f6ed3f5a770]]
2026-04-26 10:07:47.545,40.663,CrossSignalDivergence_GT,atomic,[CrossSignalDivergence_GT],[1.0000],1,6,1.0000,[dt-1;dt-2;dt-3],[[2a2067be-7aa0-48d4-bdf4-ee005f7d2b7b;2cf93830-1990-4c68-a0a2-f6ebbe13b458;70bba7a8-2cd6-4c59-8e2d-209668d748f5;7e771723-b5b0-4963-9477-5f7d75c756af;d180d8f6-84fa-4307-b4c3-fadd4b7da981;322dc1ad-8f8e-4b0c-a11f-9f6ed3f5a770]]
2026-04-26 10:07:47.643,40.761,CrossSignalRelativeStable_SYS,atomic,[CrossSignalRelativeStable_SYS],[0.9744],1,6,0.9744,[dt-1;dt-2;dt-3],[[2f07be04-ade4-4148-88e4-40089e0989a1;3fb0072c-35a8-436e-bb94-227c585b3868;8e02c455-7126-4d74-b12e-bb97b880ea7f;4c6c882e-6b66-4b42-93ee-00ef92df0fec;ce91744e-2d37-4d82-82a9-b5c243b1e150;80ef4d85-d1b5-45de-8d43-ba95705e54b4]]
2026-04-26 10:07:47.643,40.761,CrossSignalDivergence_SYS,atomic,[CrossSignalDivergence_SYS],[0.9744],1,6,0.9744,[dt-1;dt-2;dt-3],[[2f07be04-ade4-4148-88e4-40089e0989a1;3fb0072c-35a8-436e-bb94-227c585b3868;8e02c455-7126-4d74-b12e-bb97b880ea7f;4c6c882e-6b66-4b42-93ee-00ef92df0fec;ce91744e-2d37-4d82-82a9-b5c243b1e150;80ef4d85-d1b5-45de-8d43-ba95705e54b4]]
2026-04-26 10:07:47.650,40.768,CrossSignalRelativeStable_GT,atomic,[CrossSignalRelativeStable_GT],[1.0000],1,6,1.0000,[dt-1;dt-2;dt-3],[[7e771723-b5b0-4963-9477-5f7d75c756af;d180d8f6-84fa-4307-b4c3-fadd4b7da981;322dc1ad-8f8e-4b0c-a11f-9f6ed3f5a770;e33fc8d9-92ef-4d85-bcb2-b4b8f340098e;b8fbcaa7-2584-4f7a-8781-b247b83ff812;451ab199-de65-4059-906e-23a2a903974b]]
2026-04-26 10:07:47.650,40.768,CrossSignalDivergence_GT,atomic,[CrossSignalDivergence_GT],[1.0000],1,6,1.0000,[dt-1;dt-2;dt-3],[[7e771723-b5b0-4963-9477-5f7d75c756af;d180d8f6-84fa-4307-b4c3-fadd4b7da981;322dc1ad-8f8e-4b0c-a11f-9f6ed3f5a770;e33fc8d9-92ef-4d85-bcb2-b4b8f340098e;b8fbcaa7-2584-4f7a-8781-b247b83ff812;451ab199-de65-4059-906e-23a2a903974b]]
2026-04-26 10:07:47.753,40.871,CrossSignalRelativeStable_OBS,atomic,[CrossSignalRelativeStable_OBS],[1.0000],1,6,1.0000,[dt-1;dt-2;dt-3],[[292d4a8c-535d-4a2c-b6c3-f983d17dfcb1;4f327403-907e-4bc4-ae3d-a9492f9afe22;8e02c455-7126-4d74-b12e-bb97b880ea7f;ac0ed32b-07c7-4b83-a858-63c8861da1cf;ce91744e-2d37-4d82-82a9-b5c243b1e150;95861371-7523-4bb5-914e-4e25a8143fe5]]
2026-04-26 10:07:47.754,40.872,CrossSignalDivergence_OBS,atomic,[CrossSignalDivergence_OBS],[1.0000],1,6,1.0000,[dt-1;dt-2;dt-3],[[292d4a8c-535d-4a2c-b6c3-f983d17dfcb1;4f327403-907e-4bc4-ae3d-a9492f9afe22;8e02c455-7126-4d74-b12e-bb97b880ea7f;ac0ed32b-07c7-4b83-a858-63c8861da1cf;ce91744e-2d37-4d82-82a9-b5c243b1e150;95861371-7523-4bb5-914e-4e25a8143fe5]]
2026-04-26 10:07:47.765,40.883,CrossSignalRelativeStable_SYS,atomic,[CrossSignalRelativeStable_SYS],[0.9798],1,6,0.9798,[dt-1;dt-2;dt-3],[[4c6c882e-6b66-4b42-93ee-00ef92df0fec;ce91744e-2d37-4d82-82a9-b5c243b1e150;80ef4d85-d1b5-45de-8d43-ba95705e54b4;ac0ed32b-07c7-4b83-a858-63c8861da1cf;d87c05a7-d690-4be2-b8d4-6f8599585e27;d7b9e2d1-f73c-46a7-9f5c-ba4de6e245c2]]
2026-04-26 10:07:47.765,40.883,CrossSignalDivergence_SYS,atomic,[CrossSignalDivergence_SYS],[0.9798],1,6,0.9798,[dt-1;dt-2;dt-3],[[4c6c882e-6b66-4b42-93ee-00ef92df0fec;ce91744e-2d37-4d82-82a9-b5c243b1e150;80ef4d85-d1b5-45de-8d43-ba95705e54b4;ac0ed32b-07c7-4b83-a858-63c8861da1cf;d87c05a7-d690-4be2-b8d4-6f8599585e27;d7b9e2d1-f73c-46a7-9f5c-ba4de6e245c2]]
2026-04-26 10:07:47.773,40.891,CrossSignalRelativeStable_GT,atomic,[CrossSignalRelativeStable_GT],[1.0000],1,6,1.0000,[dt-1;dt-2;dt-3],[[e33fc8d9-92ef-4d85-bcb2-b4b8f340098e;b8fbcaa7-2584-4f7a-8781-b247b83ff812;451ab199-de65-4059-906e-23a2a903974b;699c5340-ccfb-49c3-a37b-795e2a78c472;bd2d812a-e95d-406b-b381-b78cc123aec5;88d16325-51c8-41fa-a77e-f5faa35c2cef]]
2026-04-26 10:07:47.773,40.891,CrossSignalDivergence_GT,atomic,[CrossSignalDivergence_GT],[1.0000],1,6,1.0000,[dt-1;dt-2;dt-3],[[e33fc8d9-92ef-4d85-bcb2-b4b8f340098e;b8fbcaa7-2584-4f7a-8781-b247b83ff812;451ab199-de65-4059-906e-23a2a903974b;699c5340-ccfb-49c3-a37b-795e2a78c472;bd2d812a-e95d-406b-b381-b78cc123aec5;88d16325-51c8-41fa-a77e-f5faa35c2cef]]
2026-04-26 10:07:47.891,41.009,CrossSignalRelativeStable_GT,atomic,[CrossSignalRelativeStable_GT],[1.0000],1,6,1.0000,[dt-1;dt-2;dt-3],[[699c5340-ccfb-49c3-a37b-795e2a78c472;bd2d812a-e95d-406b-b381-b78cc123aec5;88d16325-51c8-41fa-a77e-f5faa35c2cef;1645cb67-6d02-4ad1-b80c-f53ee50c152b;0ab118f4-1821-4047-b1f1-29624bb19588;388a17e7-2753-4464-a596-201cf156e8b7]]
2026-04-26 10:07:47.891,41.009,CrossSignalDivergence_GT,atomic,[CrossSignalDivergence_GT],[1.0000],1,6,1.0000,[dt-1;dt-2;dt-3],[[699c5340-ccfb-49c3-a37b-795e2a78c472;bd2d812a-e95d-406b-b381-b78cc123aec5;88d16325-51c8-41fa-a77e-f5faa35c2cef;1645cb67-6d02-4ad1-b80c-f53ee50c152b;0ab118f4-1821-4047-b1f1-29624bb19588;388a17e7-2753-4464-a596-201cf156e8b7]]
2026-04-26 10:07:47.997,41.115,CrossSignalRelativeStable_GT,atomic,[CrossSignalRelativeStable_GT],[1.0000],1,6,1.0000,[dt-1;dt-2;dt-3],[[1645cb67-6d02-4ad1-b80c-f53ee50c152b;0ab118f4-1821-4047-b1f1-29624bb19588;388a17e7-2753-4464-a596-201cf156e8b7;7d7018ef-b090-4203-93bf-cebd94998370;8922681e-25a0-40f9-8ce3-3489a37610ed;dae40888-1a88-46de-934f-a093e5555bf7]]
2026-04-26 10:07:47.997,41.115,CrossSignalDivergence_GT,atomic,[CrossSignalDivergence_GT],[1.0000],1,6,1.0000,[dt-1;dt-2;dt-3],[[1645cb67-6d02-4ad1-b80c-f53ee50c152b;0ab118f4-1821-4047-b1f1-29624bb19588;388a17e7-2753-4464-a596-201cf156e8b7;7d7018ef-b090-4203-93bf-cebd94998370;8922681e-25a0-40f9-8ce3-3489a37610ed;dae40888-1a88-46de-934f-a093e5555bf7]]
2026-04-26 10:07:48.115,41.233,CrossSignalRelativeStable_GT,atomic,[CrossSignalRelativeStable_GT],[1.0000],1,6,1.0000,[dt-1;dt-2;dt-3],[[7d7018ef-b090-4203-93bf-cebd94998370;8922681e-25a0-40f9-8ce3-3489a37610ed;dae40888-1a88-46de-934f-a093e5555bf7;e60e85e0-1017-4f2f-849a-d7a651394de1;565f040f-16ff-4f86-b465-856e2999df8b;35597656-db2f-45fc-a1a2-c64a5d341c73]]
2026-04-26 10:07:48.115,41.233,CrossSignalDivergence_GT,atomic,[CrossSignalDivergence_GT],[1.0000],1,6,1.0000,[dt-1;dt-2;dt-3],[[7d7018ef-b090-4203-93bf-cebd94998370;8922681e-25a0-40f9-8ce3-3489a37610ed;dae40888-1a88-46de-934f-a093e5555bf7;e60e85e0-1017-4f2f-849a-d7a651394de1;565f040f-16ff-4f86-b465-856e2999df8b;35597656-db2f-45fc-a1a2-c64a5d341c73]]
2026-04-26 10:07:48.216,41.334,CrossSignalRelativeStable_GT,atomic,[CrossSignalRelativeStable_GT],[1.0000],1,6,1.0000,[dt-1;dt-2;dt-3],[[e60e85e0-1017-4f2f-849a-d7a651394de1;565f040f-16ff-4f86-b465-856e2999df8b;35597656-db2f-45fc-a1a2-c64a5d341c73;7c596724-f5fb-4c28-8596-bf937d6b3a6c;8a41469f-0d49-4579-a2b7-26e3b00c6ef7;74e55d53-d9a9-4e4d-985a-eb8d610d4174]]
2026-04-26 10:07:48.217,41.335,CrossSignalDivergence_GT,atomic,[CrossSignalDivergence_GT],[1.0000],1,6,1.0000,[dt-1;dt-2;dt-3],[[e60e85e0-1017-4f2f-849a-d7a651394de1;565f040f-16ff-4f86-b465-856e2999df8b;35597656-db2f-45fc-a1a2-c64a5d341c73;7c596724-f5fb-4c28-8596-bf937d6b3a6c;8a41469f-0d49-4579-a2b7-26e3b00c6ef7;74e55d53-d9a9-4e4d-985a-eb8d610d4174]]
2026-04-26 10:07:48.345,41.463,CrossSignalRelativeStable_GT,atomic,[CrossSignalRelativeStable_GT],[1.0000],1,6,1.0000,[dt-1;dt-2;dt-3],[[7c596724-f5fb-4c28-8596-bf937d6b3a6c;8a41469f-0d49-4579-a2b7-26e3b00c6ef7;74e55d53-d9a9-4e4d-985a-eb8d610d4174;b1689342-6ab4-45b5-bdc6-e4ea7498e3d4;94e62579-00fb-4bcc-aeb1-a3530e44bdc9;6e1f8070-773b-4318-86c0-3db62632c777]]
2026-04-26 10:07:48.345,41.463,CrossSignalDivergence_GT,atomic,[CrossSignalDivergence_GT],[1.0000],1,6,1.0000,[dt-1;dt-2;dt-3],[[7c596724-f5fb-4c28-8596-bf937d6b3a6c;8a41469f-0d49-4579-a2b7-26e3b00c6ef7;74e55d53-d9a9-4e4d-985a-eb8d610d4174;b1689342-6ab4-45b5-bdc6-e4ea7498e3d4;94e62579-00fb-4bcc-aeb1-a3530e44bdc9;6e1f8070-773b-4318-86c0-3db62632c777]]
2026-04-26 10:07:48.452,41.570,CrossSignalRelativeStable_GT,atomic,[CrossSignalRelativeStable_GT],[1.0000],1,6,1.0000,[dt-1;dt-2;dt-3],[[b1689342-6ab4-45b5-bdc6-e4ea7498e3d4;94e62579-00fb-4bcc-aeb1-a3530e44bdc9;6e1f8070-773b-4318-86c0-3db62632c777;35ad2643-3f15-46a8-8a6d-dba46abb6a31;2cd446f6-b855-4d81-96bf-433160684d09;7ea0f107-e011-44dd-864c-409db89a9ef3]]
2026-04-26 10:07:48.452,41.570,CrossSignalDivergence_GT,atomic,[CrossSignalDivergence_GT],[1.0000],1,6,1.0000,[dt-1;dt-2;dt-3],[[b1689342-6ab4-45b5-bdc6-e4ea7498e3d4;94e62579-00fb-4bcc-aeb1-a3530e44bdc9;6e1f8070-773b-4318-86c0-3db62632c777;35ad2643-3f15-46a8-8a6d-dba46abb6a31;2cd446f6-b855-4d81-96bf-433160684d09;7ea0f107-e011-44dd-864c-409db89a9ef3]]
2026-04-26 10:07:48.572,41.690,CrossSignalRelativeStable_GT,atomic,[CrossSignalRelativeStable_GT],[1.0000],1,6,1.0000,[dt-1;dt-2;dt-3],[[35ad2643-3f15-46a8-8a6d-dba46abb6a31;2cd446f6-b855-4d81-96bf-433160684d09;7ea0f107-e011-44dd-864c-409db89a9ef3;c3399e64-fb2b-43ac-986f-d630dfad6729;8424aa6c-49b2-48aa-8a8c-6840e44c9602;65455f8e-8a1b-477f-b474-c8206b3ecc95]]
2026-04-26 10:07:48.572,41.690,CrossSignalDivergence_GT,atomic,[CrossSignalDivergence_GT],[1.0000],1,6,1.0000,[dt-1;dt-2;dt-3],[[35ad2643-3f15-46a8-8a6d-dba46abb6a31;2cd446f6-b855-4d81-96bf-433160684d09;7ea0f107-e011-44dd-864c-409db89a9ef3;c3399e64-fb2b-43ac-986f-d630dfad6729;8424aa6c-49b2-48aa-8a8c-6840e44c9602;65455f8e-8a1b-477f-b474-c8206b3ecc95]]
2026-04-26 10:07:48.678,41.796,CrossSignalRelativeStable_GT,atomic,[CrossSignalRelativeStable_GT],[1.0000],1,6,1.0000,[dt-1;dt-2;dt-3],[[c3399e64-fb2b-43ac-986f-d630dfad6729;8424aa6c-49b2-48aa-8a8c-6840e44c9602;65455f8e-8a1b-477f-b474-c8206b3ecc95;2e23c70c-c94b-4705-abf0-baaf92c9762f;bad6715c-a053-4cbc-9dfd-71c03c08e20c;321503fb-34d1-4e1c-8463-e23153681236]]
2026-04-26 10:07:48.678,41.796,CrossSignalDivergence_GT,atomic,[CrossSignalDivergence_GT],[1.0000],1,6,1.0000,[dt-1;dt-2;dt-3],[[c3399e64-fb2b-43ac-986f-d630dfad6729;8424aa6c-49b2-48aa-8a8c-6840e44c9602;65455f8e-8a1b-477f-b474-c8206b3ecc95;2e23c70c-c94b-4705-abf0-baaf92c9762f;bad6715c-a053-4cbc-9dfd-71c03c08e20c;321503fb-34d1-4e1c-8463-e23153681236]]
2026-04-26 10:07:48.797,41.915,CrossSignalRelativeStable_GT,atomic,[CrossSignalRelativeStable_GT],[1.0000],1,6,1.0000,[dt-1;dt-2;dt-3],[[2e23c70c-c94b-4705-abf0-baaf92c9762f;bad6715c-a053-4cbc-9dfd-71c03c08e20c;321503fb-34d1-4e1c-8463-e23153681236;cc79e855-3a70-40ba-8c69-d587b62f2940;9387d81f-3b47-4aec-a06f-4c0eb66c716c;17f292ac-e8a8-472b-b9c9-02f773c8f5be]]
2026-04-26 10:07:48.797,41.915,CrossSignalDivergence_GT,atomic,[CrossSignalDivergence_GT],[1.0000],1,6,1.0000,[dt-1;dt-2;dt-3],[[2e23c70c-c94b-4705-abf0-baaf92c9762f;bad6715c-a053-4cbc-9dfd-71c03c08e20c;321503fb-34d1-4e1c-8463-e23153681236;cc79e855-3a70-40ba-8c69-d587b62f2940;9387d81f-3b47-4aec-a06f-4c0eb66c716c;17f292ac-e8a8-472b-b9c9-02f773c8f5be]]
2026-04-26 10:07:48.903,42.021,CrossSignalRelativeStable_GT,atomic,[CrossSignalRelativeStable_GT],[1.0000],1,6,1.0000,[dt-1;dt-2;dt-3],[[cc79e855-3a70-40ba-8c69-d587b62f2940;9387d81f-3b47-4aec-a06f-4c0eb66c716c;17f292ac-e8a8-472b-b9c9-02f773c8f5be;222c37bc-3145-404d-8a2b-b478423c16b9;c5509d8f-35e9-4ab7-a4de-27d511e6cf93;90243fb0-2281-45fa-906a-d5dabdf53a06]]
2026-04-26 10:07:48.903,42.021,CrossSignalDivergence_GT,atomic,[CrossSignalDivergence_GT],[1.0000],1,6,1.0000,[dt-1;dt-2;dt-3],[[cc79e855-3a70-40ba-8c69-d587b62f2940;9387d81f-3b47-4aec-a06f-4c0eb66c716c;17f292ac-e8a8-472b-b9c9-02f773c8f5be;222c37bc-3145-404d-8a2b-b478423c16b9;c5509d8f-35e9-4ab7-a4de-27d511e6cf93;90243fb0-2281-45fa-906a-d5dabdf53a06]]
2026-04-26 10:07:49.008,42.126,CrossSignalRelativeStable_GT,atomic,[CrossSignalRelativeStable_GT],[1.0000],1,6,1.0000,[dt-1;dt-2;dt-3],[[222c37bc-3145-404d-8a2b-b478423c16b9;c5509d8f-35e9-4ab7-a4de-27d511e6cf93;90243fb0-2281-45fa-906a-d5dabdf53a06;39c6452a-8b8a-47eb-94dc-1faff9bf0e1d;8533debe-97d2-470a-8bae-ba6dffaa7fc8;11c01f0b-9a77-4a70-991d-ae97c65440de]]
2026-04-26 10:07:49.008,42.126,CrossSignalDivergence_GT,atomic,[CrossSignalDivergence_GT],[1.0000],1,6,1.0000,[dt-1;dt-2;dt-3],[[222c37bc-3145-404d-8a2b-b478423c16b9;c5509d8f-35e9-4ab7-a4de-27d511e6cf93;90243fb0-2281-45fa-906a-d5dabdf53a06;39c6452a-8b8a-47eb-94dc-1faff9bf0e1d;8533debe-97d2-470a-8bae-ba6dffaa7fc8;11c01f0b-9a77-4a70-991d-ae97c65440de]]
2026-04-26 10:07:49.126,42.244,CrossSignalRelativeStable_GT,atomic,[CrossSignalRelativeStable_GT],[1.0000],1,6,1.0000,[dt-1;dt-2;dt-3],[[39c6452a-8b8a-47eb-94dc-1faff9bf0e1d;8533debe-97d2-470a-8bae-ba6dffaa7fc8;11c01f0b-9a77-4a70-991d-ae97c65440de;bf84c7ca-32d8-4e44-9f90-0d6ddeab5939;6cde4b1d-7e22-4bc6-9eed-485321a16a52;1f01a6aa-5313-49dc-872d-69a844972015]]
2026-04-26 10:07:49.126,42.244,CrossSignalDivergence_GT,atomic,[CrossSignalDivergence_GT],[1.0000],1,6,1.0000,[dt-1;dt-2;dt-3],[[39c6452a-8b8a-47eb-94dc-1faff9bf0e1d;8533debe-97d2-470a-8bae-ba6dffaa7fc8;11c01f0b-9a77-4a70-991d-ae97c65440de;bf84c7ca-32d8-4e44-9f90-0d6ddeab5939;6cde4b1d-7e22-4bc6-9eed-485321a16a52;1f01a6aa-5313-49dc-872d-69a844972015]]
2026-04-26 10:07:49.232,42.350,CrossSignalRelativeStable_GT,atomic,[CrossSignalRelativeStable_GT],[1.0000],1,6,1.0000,[dt-1;dt-2;dt-3],[[bf84c7ca-32d8-4e44-9f90-0d6ddeab5939;6cde4b1d-7e22-4bc6-9eed-485321a16a52;1f01a6aa-5313-49dc-872d-69a844972015;12d90d4e-cf76-4d2b-85d6-9ec5bcdbd7f0;de027e40-1edd-4a1d-a788-6ed792a97233;9d9e2c3d-3f35-4796-932c-6206fb4f93e2]]
2026-04-26 10:07:49.233,42.351,CrossSignalDivergence_GT,atomic,[CrossSignalDivergence_GT],[1.0000],1,6,1.0000,[dt-1;dt-2;dt-3],[[bf84c7ca-32d8-4e44-9f90-0d6ddeab5939;6cde4b1d-7e22-4bc6-9eed-485321a16a52;1f01a6aa-5313-49dc-872d-69a844972015;12d90d4e-cf76-4d2b-85d6-9ec5bcdbd7f0;de027e40-1edd-4a1d-a788-6ed792a97233;9d9e2c3d-3f35-4796-932c-6206fb4f93e2]]
2026-04-26 10:07:49.341,42.459,CrossSignalRelativeStable_GT,atomic,[CrossSignalRelativeStable_GT],[1.0000],1,6,1.0000,[dt-1;dt-2;dt-3],[[12d90d4e-cf76-4d2b-85d6-9ec5bcdbd7f0;de027e40-1edd-4a1d-a788-6ed792a97233;9d9e2c3d-3f35-4796-932c-6206fb4f93e2;043af7fe-d7ab-402c-a3c8-916b99cacd75;e09030ca-0ecc-462b-9160-f10d32deb379;6caff666-ec16-446f-90d7-ed2d2f5c2b65]]
2026-04-26 10:07:49.342,42.460,CrossSignalDivergence_GT,atomic,[CrossSignalDivergence_GT],[1.0000],1,6,1.0000,[dt-1;dt-2;dt-3],[[12d90d4e-cf76-4d2b-85d6-9ec5bcdbd7f0;de027e40-1edd-4a1d-a788-6ed792a97233;9d9e2c3d-3f35-4796-932c-6206fb4f93e2;043af7fe-d7ab-402c-a3c8-916b99cacd75;e09030ca-0ecc-462b-9160-f10d32deb379;6caff666-ec16-446f-90d7-ed2d2f5c2b65]]
2026-04-26 10:07:49.449,42.567,CrossSignalRelativeStable_GT,atomic,[CrossSignalRelativeStable_GT],[1.0000],1,6,1.0000,[dt-1;dt-2;dt-3],[[043af7fe-d7ab-402c-a3c8-916b99cacd75;e09030ca-0ecc-462b-9160-f10d32deb379;6caff666-ec16-446f-90d7-ed2d2f5c2b65;556272b3-003b-49c4-a09f-0f9db9a59f5c;59e9a72e-400a-4bfa-9090-3bf66919cc9d;82f36abf-fc60-4719-93ed-656cab22dd7b]]
2026-04-26 10:07:49.449,42.567,CrossSignalDivergence_GT,atomic,[CrossSignalDivergence_GT],[1.0000],1,6,1.0000,[dt-1;dt-2;dt-3],[[043af7fe-d7ab-402c-a3c8-916b99cacd75;e09030ca-0ecc-462b-9160-f10d32deb379;6caff666-ec16-446f-90d7-ed2d2f5c2b65;556272b3-003b-49c4-a09f-0f9db9a59f5c;59e9a72e-400a-4bfa-9090-3bf66919cc9d;82f36abf-fc60-4719-93ed-656cab22dd7b]]
2026-04-26 10:07:49.561,42.679,CrossSignalRelativeStable_GT,atomic,[CrossSignalRelativeStable_GT],[1.0000],1,6,1.0000,[dt-1;dt-2;dt-3],[[556272b3-003b-49c4-a09f-0f9db9a59f5c;59e9a72e-400a-4bfa-9090-3bf66919cc9d;82f36abf-fc60-4719-93ed-656cab22dd7b;14a90861-ce0f-4048-90a6-9ba16dd660d1;862b7b8f-b066-45a0-9775-89f2c165f5ca;17b9d633-55ce-453f-83bc-6cc93835e84f]]
2026-04-26 10:07:49.561,42.679,CrossSignalDivergence_GT,atomic,[CrossSignalDivergence_GT],[1.0000],1,6,1.0000,[dt-1;dt-2;dt-3],[[556272b3-003b-49c4-a09f-0f9db9a59f5c;59e9a72e-400a-4bfa-9090-3bf66919cc9d;82f36abf-fc60-4719-93ed-656cab22dd7b;14a90861-ce0f-4048-90a6-9ba16dd660d1;862b7b8f-b066-45a0-9775-89f2c165f5ca;17b9d633-55ce-453f-83bc-6cc93835e84f]]
2026-04-26 10:07:49.681,42.799,CrossSignalRelativeStable_GT,atomic,[CrossSignalRelativeStable_GT],[1.0000],1,6,1.0000,[dt-1;dt-2;dt-3],[[14a90861-ce0f-4048-90a6-9ba16dd660d1;862b7b8f-b066-45a0-9775-89f2c165f5ca;17b9d633-55ce-453f-83bc-6cc93835e84f;6f38fbfb-a417-4de4-a28d-114a31109076;e5877a4d-7de2-4a29-a040-dab98dc226dc;092f16ab-a19b-492c-82e2-d4a446865797]]
2026-04-26 10:07:49.681,42.799,CrossSignalDivergence_GT,atomic,[CrossSignalDivergence_GT],[1.0000],1,6,1.0000,[dt-1;dt-2;dt-3],[[14a90861-ce0f-4048-90a6-9ba16dd660d1;862b7b8f-b066-45a0-9775-89f2c165f5ca;17b9d633-55ce-453f-83bc-6cc93835e84f;6f38fbfb-a417-4de4-a28d-114a31109076;e5877a4d-7de2-4a29-a040-dab98dc226dc;092f16ab-a19b-492c-82e2-d4a446865797]]
2026-04-26 10:07:49.784,42.902,CrossSignalRelativeStable_GT,atomic,[CrossSignalRelativeStable_GT],[1.0000],1,6,1.0000,[dt-1;dt-2;dt-3],[[6f38fbfb-a417-4de4-a28d-114a31109076;e5877a4d-7de2-4a29-a040-dab98dc226dc;092f16ab-a19b-492c-82e2-d4a446865797;ef758ada-4dbe-4117-8ab8-6541b3b87af8;6c78ddbd-ae73-491a-b12c-6df346282366;721015bc-af8a-49ae-b467-f98f70300742]]
2026-04-26 10:07:49.784,42.902,CrossSignalDivergence_GT,atomic,[CrossSignalDivergence_GT],[1.0000],1,6,1.0000,[dt-1;dt-2;dt-3],[[6f38fbfb-a417-4de4-a28d-114a31109076;e5877a4d-7de2-4a29-a040-dab98dc226dc;092f16ab-a19b-492c-82e2-d4a446865797;ef758ada-4dbe-4117-8ab8-6541b3b87af8;6c78ddbd-ae73-491a-b12c-6df346282366;721015bc-af8a-49ae-b467-f98f70300742]]
2026-04-26 10:07:49.903,43.021,CrossSignalRelativeStable_GT,atomic,[CrossSignalRelativeStable_GT],[1.0000],1,6,1.0000,[dt-1;dt-2;dt-3],[[ef758ada-4dbe-4117-8ab8-6541b3b87af8;6c78ddbd-ae73-491a-b12c-6df346282366;721015bc-af8a-49ae-b467-f98f70300742;2f228d2a-e815-4dd7-8c19-878bfee2ad14;21a5dfee-7dd7-47dc-814d-684da31361ed;6f324b79-e5e4-4acc-bd04-aae8f7213907]]
2026-04-26 10:07:49.903,43.021,CrossSignalDivergence_GT,atomic,[CrossSignalDivergence_GT],[1.0000],1,6,1.0000,[dt-1;dt-2;dt-3],[[ef758ada-4dbe-4117-8ab8-6541b3b87af8;6c78ddbd-ae73-491a-b12c-6df346282366;721015bc-af8a-49ae-b467-f98f70300742;2f228d2a-e815-4dd7-8c19-878bfee2ad14;21a5dfee-7dd7-47dc-814d-684da31361ed;6f324b79-e5e4-4acc-bd04-aae8f7213907]]
2026-04-26 10:07:50.005,43.123,CrossSignalRelativeStable_GT,atomic,[CrossSignalRelativeStable_GT],[1.0000],1,6,1.0000,[dt-1;dt-2;dt-3],[[2f228d2a-e815-4dd7-8c19-878bfee2ad14;21a5dfee-7dd7-47dc-814d-684da31361ed;6f324b79-e5e4-4acc-bd04-aae8f7213907;8ffec755-de9c-491b-bf2c-fbdd18195f60;cc7b5dea-f2d2-464c-8091-b16c684b88c1;31f506fb-9bba-4ba1-9018-86e940a91cca]]
2026-04-26 10:07:50.005,43.123,CrossSignalDivergence_GT,atomic,[CrossSignalDivergence_GT],[1.0000],1,6,1.0000,[dt-1;dt-2;dt-3],[[2f228d2a-e815-4dd7-8c19-878bfee2ad14;21a5dfee-7dd7-47dc-814d-684da31361ed;6f324b79-e5e4-4acc-bd04-aae8f7213907;8ffec755-de9c-491b-bf2c-fbdd18195f60;cc7b5dea-f2d2-464c-8091-b16c684b88c1;31f506fb-9bba-4ba1-9018-86e940a91cca]]
2026-04-26 10:07:50.122,43.240,CrossSignalRelativeStable_GT,atomic,[CrossSignalRelativeStable_GT],[1.0000],1,6,1.0000,[dt-1;dt-2;dt-3],[[8ffec755-de9c-491b-bf2c-fbdd18195f60;cc7b5dea-f2d2-464c-8091-b16c684b88c1;31f506fb-9bba-4ba1-9018-86e940a91cca;c57c5433-fa38-42c7-97e4-4e0d776121b7;3d209053-e19d-4e26-b61c-f85cf461d643;653fba79-68a9-4b19-91b2-6d60e0927330]]
2026-04-26 10:07:50.123,43.241,CrossSignalDivergence_GT,atomic,[CrossSignalDivergence_GT],[1.0000],1,6,1.0000,[dt-1;dt-2;dt-3],[[8ffec755-de9c-491b-bf2c-fbdd18195f60;cc7b5dea-f2d2-464c-8091-b16c684b88c1;31f506fb-9bba-4ba1-9018-86e940a91cca;c57c5433-fa38-42c7-97e4-4e0d776121b7;3d209053-e19d-4e26-b61c-f85cf461d643;653fba79-68a9-4b19-91b2-6d60e0927330]]
2026-04-26 10:07:50.225,43.343,CrossSignalRelativeStable_GT,atomic,[CrossSignalRelativeStable_GT],[1.0000],1,6,1.0000,[dt-1;dt-2;dt-3],[[c57c5433-fa38-42c7-97e4-4e0d776121b7;3d209053-e19d-4e26-b61c-f85cf461d643;653fba79-68a9-4b19-91b2-6d60e0927330;42d5d5bf-fad2-47bf-add9-1e292e8f8cc6;a5f6bcd9-eeb7-4724-ac85-2ea374c4b460;ed9a9524-864d-4bf2-b076-834ca49631aa]]
2026-04-26 10:07:50.227,43.345,CrossSignalDivergence_GT,atomic,[CrossSignalDivergence_GT],[1.0000],1,6,1.0000,[dt-1;dt-2;dt-3],[[c57c5433-fa38-42c7-97e4-4e0d776121b7;3d209053-e19d-4e26-b61c-f85cf461d643;653fba79-68a9-4b19-91b2-6d60e0927330;42d5d5bf-fad2-47bf-add9-1e292e8f8cc6;a5f6bcd9-eeb7-4724-ac85-2ea374c4b460;ed9a9524-864d-4bf2-b076-834ca49631aa]]
2026-04-26 10:07:50.346,43.464,CrossSignalRelativeStable_GT,atomic,[CrossSignalRelativeStable_GT],[1.0000],1,6,1.0000,[dt-1;dt-2;dt-3],[[42d5d5bf-fad2-47bf-add9-1e292e8f8cc6;a5f6bcd9-eeb7-4724-ac85-2ea374c4b460;ed9a9524-864d-4bf2-b076-834ca49631aa;208c82ba-0287-4257-848b-fd13a5d9952b;24dbff9a-30f2-4e28-aa1b-aa0a086c25c5;b940d669-fa37-4813-9d7c-9a59760f6113]]
2026-04-26 10:07:50.346,43.464,CrossSignalDivergence_GT,atomic,[CrossSignalDivergence_GT],[1.0000],1,6,1.0000,[dt-1;dt-2;dt-3],[[42d5d5bf-fad2-47bf-add9-1e292e8f8cc6;a5f6bcd9-eeb7-4724-ac85-2ea374c4b460;ed9a9524-864d-4bf2-b076-834ca49631aa;208c82ba-0287-4257-848b-fd13a5d9952b;24dbff9a-30f2-4e28-aa1b-aa0a086c25c5;b940d669-fa37-4813-9d7c-9a59760f6113]]
2026-04-26 10:07:50.447,43.565,CrossSignalRelativeStable_GT,atomic,[CrossSignalRelativeStable_GT],[1.0000],1,6,1.0000,[dt-1;dt-2;dt-3],[[208c82ba-0287-4257-848b-fd13a5d9952b;24dbff9a-30f2-4e28-aa1b-aa0a086c25c5;b940d669-fa37-4813-9d7c-9a59760f6113;453c9837-6fa2-47e3-b417-4b6f85aaa157;de789e03-736f-4bf0-95eb-0ab75f6d841e;e474d3dc-509f-4e2b-a392-c2859a72ada0]]
2026-04-26 10:07:50.447,43.565,CrossSignalDivergence_GT,atomic,[CrossSignalDivergence_GT],[1.0000],1,6,1.0000,[dt-1;dt-2;dt-3],[[208c82ba-0287-4257-848b-fd13a5d9952b;24dbff9a-30f2-4e28-aa1b-aa0a086c25c5;b940d669-fa37-4813-9d7c-9a59760f6113;453c9837-6fa2-47e3-b417-4b6f85aaa157;de789e03-736f-4bf0-95eb-0ab75f6d841e;e474d3dc-509f-4e2b-a392-c2859a72ada0]]
2026-04-26 10:07:50.566,43.684,CrossSignalRelativeStable_GT,atomic,[CrossSignalRelativeStable_GT],[1.0000],1,6,1.0000,[dt-1;dt-2;dt-3],[[453c9837-6fa2-47e3-b417-4b6f85aaa157;de789e03-736f-4bf0-95eb-0ab75f6d841e;e474d3dc-509f-4e2b-a392-c2859a72ada0;34cab03b-e28b-4db4-a420-e8f70574bc92;a1beed33-ce0f-4a67-b46c-f6d898f56b85;5e3e8150-00dd-4b31-91b3-9847bdcc6d1e]]
2026-04-26 10:07:50.566,43.684,CrossSignalDivergence_GT,atomic,[CrossSignalDivergence_GT],[1.0000],1,6,1.0000,[dt-1;dt-2;dt-3],[[453c9837-6fa2-47e3-b417-4b6f85aaa157;de789e03-736f-4bf0-95eb-0ab75f6d841e;e474d3dc-509f-4e2b-a392-c2859a72ada0;34cab03b-e28b-4db4-a420-e8f70574bc92;a1beed33-ce0f-4a67-b46c-f6d898f56b85;5e3e8150-00dd-4b31-91b3-9847bdcc6d1e]]
2026-04-26 10:07:50.665,43.783,CrossSignalRelativeStable_GT,atomic,[CrossSignalRelativeStable_GT],[1.0000],1,6,1.0000,[dt-1;dt-2;dt-3],[[34cab03b-e28b-4db4-a420-e8f70574bc92;a1beed33-ce0f-4a67-b46c-f6d898f56b85;5e3e8150-00dd-4b31-91b3-9847bdcc6d1e;39b50be5-304d-4528-bcc7-6eabfe294c15;0137f660-0a0d-4983-a15a-833b36f1ee76;1425d120-e2d3-4745-98b7-95abefb06fd1]]
2026-04-26 10:07:50.665,43.783,CrossSignalDivergence_GT,atomic,[CrossSignalDivergence_GT],[1.0000],1,6,1.0000,[dt-1;dt-2;dt-3],[[34cab03b-e28b-4db4-a420-e8f70574bc92;a1beed33-ce0f-4a67-b46c-f6d898f56b85;5e3e8150-00dd-4b31-91b3-9847bdcc6d1e;39b50be5-304d-4528-bcc7-6eabfe294c15;0137f660-0a0d-4983-a15a-833b36f1ee76;1425d120-e2d3-4745-98b7-95abefb06fd1]]
2026-04-26 10:07:50.785,43.903,CrossSignalRelativeStable_GT,atomic,[CrossSignalRelativeStable_GT],[1.0000],1,6,1.0000,[dt-1;dt-2;dt-3],[[39b50be5-304d-4528-bcc7-6eabfe294c15;0137f660-0a0d-4983-a15a-833b36f1ee76;1425d120-e2d3-4745-98b7-95abefb06fd1;5b9e7e7d-2ebd-451d-88bb-bbcccdeba582;e8355699-a754-4d86-94b2-ec09bf3d15f2;4ea8dbd4-ca76-4513-91d8-344b813d1228]]
2026-04-26 10:07:50.785,43.903,CrossSignalDivergence_GT,atomic,[CrossSignalDivergence_GT],[1.0000],1,6,1.0000,[dt-1;dt-2;dt-3],[[39b50be5-304d-4528-bcc7-6eabfe294c15;0137f660-0a0d-4983-a15a-833b36f1ee76;1425d120-e2d3-4745-98b7-95abefb06fd1;5b9e7e7d-2ebd-451d-88bb-bbcccdeba582;e8355699-a754-4d86-94b2-ec09bf3d15f2;4ea8dbd4-ca76-4513-91d8-344b813d1228]]
2026-04-26 10:07:50.890,44.008,CrossSignalRelativeStable_GT,atomic,[CrossSignalRelativeStable_GT],[1.0000],1,6,1.0000,[dt-1;dt-2;dt-3],[[5b9e7e7d-2ebd-451d-88bb-bbcccdeba582;e8355699-a754-4d86-94b2-ec09bf3d15f2;4ea8dbd4-ca76-4513-91d8-344b813d1228;2aa64616-f266-4722-9ec4-6fa89aabfae7;b495305e-1bc1-41f3-b6c3-70ace50fa3c4;fc694b64-bd99-4c7f-a10e-56150eb7294b]]
2026-04-26 10:07:50.890,44.008,CrossSignalDivergence_GT,atomic,[CrossSignalDivergence_GT],[1.0000],1,6,1.0000,[dt-1;dt-2;dt-3],[[5b9e7e7d-2ebd-451d-88bb-bbcccdeba582;e8355699-a754-4d86-94b2-ec09bf3d15f2;4ea8dbd4-ca76-4513-91d8-344b813d1228;2aa64616-f266-4722-9ec4-6fa89aabfae7;b495305e-1bc1-41f3-b6c3-70ace50fa3c4;fc694b64-bd99-4c7f-a10e-56150eb7294b]]
2026-04-26 10:07:50.995,44.113,CrossSignalRelativeStable_GT,atomic,[CrossSignalRelativeStable_GT],[1.0000],1,6,1.0000,[dt-1;dt-2;dt-3],[[2aa64616-f266-4722-9ec4-6fa89aabfae7;b495305e-1bc1-41f3-b6c3-70ace50fa3c4;fc694b64-bd99-4c7f-a10e-56150eb7294b;47fb33f0-a0bc-44e9-a56f-a6a6805ba057;bcc092c6-1efd-476b-aafc-056d89daaf8e;1e234f2b-838d-4d1c-90bc-704a1b206d83]]
2026-04-26 10:07:50.995,44.113,CrossSignalDivergence_GT,atomic,[CrossSignalDivergence_GT],[1.0000],1,6,1.0000,[dt-1;dt-2;dt-3],[[2aa64616-f266-4722-9ec4-6fa89aabfae7;b495305e-1bc1-41f3-b6c3-70ace50fa3c4;fc694b64-bd99-4c7f-a10e-56150eb7294b;47fb33f0-a0bc-44e9-a56f-a6a6805ba057;bcc092c6-1efd-476b-aafc-056d89daaf8e;1e234f2b-838d-4d1c-90bc-704a1b206d83]]
2026-04-26 10:07:51.115,44.233,CrossSignalRelativeStable_GT,atomic,[CrossSignalRelativeStable_GT],[1.0000],1,6,1.0000,[dt-1;dt-2;dt-3],[[47fb33f0-a0bc-44e9-a56f-a6a6805ba057;bcc092c6-1efd-476b-aafc-056d89daaf8e;1e234f2b-838d-4d1c-90bc-704a1b206d83;76ffec99-cf64-4574-9fdc-31290f9e0c5f;5b2b7796-fb02-47a6-b55e-a1ba3a0740a2;eac35fbb-f622-492d-9c2c-583bda943314]]
2026-04-26 10:07:51.115,44.233,CrossSignalDivergence_GT,atomic,[CrossSignalDivergence_GT],[1.0000],1,6,1.0000,[dt-1;dt-2;dt-3],[[47fb33f0-a0bc-44e9-a56f-a6a6805ba057;bcc092c6-1efd-476b-aafc-056d89daaf8e;1e234f2b-838d-4d1c-90bc-704a1b206d83;76ffec99-cf64-4574-9fdc-31290f9e0c5f;5b2b7796-fb02-47a6-b55e-a1ba3a0740a2;eac35fbb-f622-492d-9c2c-583bda943314]]
2026-04-26 10:07:51.218,44.336,CrossSignalRelativeStable_GT,atomic,[CrossSignalRelativeStable_GT],[1.0000],1,6,1.0000,[dt-1;dt-2;dt-3],[[76ffec99-cf64-4574-9fdc-31290f9e0c5f;5b2b7796-fb02-47a6-b55e-a1ba3a0740a2;eac35fbb-f622-492d-9c2c-583bda943314;cac13b7c-941f-41bd-8736-a61cd82f3b75;7a4ba48b-9c44-4e89-a49e-d6c4b497c73b;be7f8d77-8ac9-4bee-9504-ea35bcc9054e]]
2026-04-26 10:07:51.218,44.336,CrossSignalDivergence_GT,atomic,[CrossSignalDivergence_GT],[1.0000],1,6,1.0000,[dt-1;dt-2;dt-3],[[76ffec99-cf64-4574-9fdc-31290f9e0c5f;5b2b7796-fb02-47a6-b55e-a1ba3a0740a2;eac35fbb-f622-492d-9c2c-583bda943314;cac13b7c-941f-41bd-8736-a61cd82f3b75;7a4ba48b-9c44-4e89-a49e-d6c4b497c73b;be7f8d77-8ac9-4bee-9504-ea35bcc9054e]]
2026-04-26 10:07:51.325,44.443,CrossSignalRelativeStable_GT,atomic,[CrossSignalRelativeStable_GT],[1.0000],1,6,1.0000,[dt-1;dt-2;dt-3],[[cac13b7c-941f-41bd-8736-a61cd82f3b75;7a4ba48b-9c44-4e89-a49e-d6c4b497c73b;be7f8d77-8ac9-4bee-9504-ea35bcc9054e;c81a9523-86aa-488d-ad62-76e4828ebc16;20d96094-8ec4-43d5-962d-21332462b3b2;49e7c7de-b455-41bf-8d30-28e18856b576]]
2026-04-26 10:07:51.325,44.443,CrossSignalDivergence_GT,atomic,[CrossSignalDivergence_GT],[1.0000],1,6,1.0000,[dt-1;dt-2;dt-3],[[cac13b7c-941f-41bd-8736-a61cd82f3b75;7a4ba48b-9c44-4e89-a49e-d6c4b497c73b;be7f8d77-8ac9-4bee-9504-ea35bcc9054e;c81a9523-86aa-488d-ad62-76e4828ebc16;20d96094-8ec4-43d5-962d-21332462b3b2;49e7c7de-b455-41bf-8d30-28e18856b576]]
2026-04-26 10:07:51.445,44.563,CrossSignalRelativeStable_GT,atomic,[CrossSignalRelativeStable_GT],[1.0000],1,6,1.0000,[dt-1;dt-2;dt-3],[[c81a9523-86aa-488d-ad62-76e4828ebc16;20d96094-8ec4-43d5-962d-21332462b3b2;49e7c7de-b455-41bf-8d30-28e18856b576;5c611346-f0df-4992-a5db-8ad9bf927b6f;ba052967-afc6-458e-b0ff-85f2f71bba7c;d30a0dd1-cb61-476e-8046-43a37488866a]]
2026-04-26 10:07:51.445,44.563,CrossSignalDivergence_GT,atomic,[CrossSignalDivergence_GT],[1.0000],1,6,1.0000,[dt-1;dt-2;dt-3],[[c81a9523-86aa-488d-ad62-76e4828ebc16;20d96094-8ec4-43d5-962d-21332462b3b2;49e7c7de-b455-41bf-8d30-28e18856b576;5c611346-f0df-4992-a5db-8ad9bf927b6f;ba052967-afc6-458e-b0ff-85f2f71bba7c;d30a0dd1-cb61-476e-8046-43a37488866a]]
2026-04-26 10:07:51.550,44.668,CrossSignalRelativeStable_GT,atomic,[CrossSignalRelativeStable_GT],[1.0000],1,6,1.0000,[dt-1;dt-2;dt-3],[[5c611346-f0df-4992-a5db-8ad9bf927b6f;ba052967-afc6-458e-b0ff-85f2f71bba7c;d30a0dd1-cb61-476e-8046-43a37488866a;a51d8e7d-f82b-4bbc-8728-7ab4dfff9c76;39bb578d-7017-42fc-b49e-a2502843ab59;d1f3bf25-0c33-4c7e-b5e1-98f13e8c4edc]]
2026-04-26 10:07:51.550,44.668,CrossSignalDivergence_GT,atomic,[CrossSignalDivergence_GT],[1.0000],1,6,1.0000,[dt-1;dt-2;dt-3],[[5c611346-f0df-4992-a5db-8ad9bf927b6f;ba052967-afc6-458e-b0ff-85f2f71bba7c;d30a0dd1-cb61-476e-8046-43a37488866a;a51d8e7d-f82b-4bbc-8728-7ab4dfff9c76;39bb578d-7017-42fc-b49e-a2502843ab59;d1f3bf25-0c33-4c7e-b5e1-98f13e8c4edc]]
2026-04-26 10:07:51.670,44.788,CrossSignalRelativeStable_GT,atomic,[CrossSignalRelativeStable_GT],[1.0000],1,6,1.0000,[dt-1;dt-2;dt-3],[[a51d8e7d-f82b-4bbc-8728-7ab4dfff9c76;39bb578d-7017-42fc-b49e-a2502843ab59;d1f3bf25-0c33-4c7e-b5e1-98f13e8c4edc;d74c74cd-d771-48fc-8363-12cc26d129e0;d8b199ad-de58-48e7-b708-1e9dc11b8d12;64e46333-6c55-4a6e-8876-552f8d13e0c0]]
2026-04-26 10:07:51.670,44.788,CrossSignalDivergence_GT,atomic,[CrossSignalDivergence_GT],[1.0000],1,6,1.0000,[dt-1;dt-2;dt-3],[[a51d8e7d-f82b-4bbc-8728-7ab4dfff9c76;39bb578d-7017-42fc-b49e-a2502843ab59;d1f3bf25-0c33-4c7e-b5e1-98f13e8c4edc;d74c74cd-d771-48fc-8363-12cc26d129e0;d8b199ad-de58-48e7-b708-1e9dc11b8d12;64e46333-6c55-4a6e-8876-552f8d13e0c0]]
2026-04-26 10:07:51.771,44.889,CrossSignalRelativeStable_GT,atomic,[CrossSignalRelativeStable_GT],[1.0000],1,6,1.0000,[dt-1;dt-2;dt-3],[[d74c74cd-d771-48fc-8363-12cc26d129e0;d8b199ad-de58-48e7-b708-1e9dc11b8d12;64e46333-6c55-4a6e-8876-552f8d13e0c0;3768ee2e-2079-4f20-a93e-daf89455c119;f68e1d22-b0aa-4c39-bad2-2752a6076d9f;fb6129ad-4b80-4211-9bcd-dd4f00beb23a]]
2026-04-26 10:07:51.772,44.890,CrossSignalDivergence_GT,atomic,[CrossSignalDivergence_GT],[1.0000],1,6,1.0000,[dt-1;dt-2;dt-3],[[d74c74cd-d771-48fc-8363-12cc26d129e0;d8b199ad-de58-48e7-b708-1e9dc11b8d12;64e46333-6c55-4a6e-8876-552f8d13e0c0;3768ee2e-2079-4f20-a93e-daf89455c119;f68e1d22-b0aa-4c39-bad2-2752a6076d9f;fb6129ad-4b80-4211-9bcd-dd4f00beb23a]]
2026-04-26 10:07:51.879,44.997,CrossSignalRelativeStable_GT,atomic,[CrossSignalRelativeStable_GT],[1.0000],1,6,1.0000,[dt-1;dt-2;dt-3],[[3768ee2e-2079-4f20-a93e-daf89455c119;f68e1d22-b0aa-4c39-bad2-2752a6076d9f;fb6129ad-4b80-4211-9bcd-dd4f00beb23a;048ac034-3dd6-4ef4-8bb4-e73ff65070a2;6e53040d-28e3-486f-a13e-e381ba8eacba;115665ce-995f-473a-af91-081333783e6f]]
2026-04-26 10:07:51.879,44.997,CrossSignalDivergence_GT,atomic,[CrossSignalDivergence_GT],[1.0000],1,6,1.0000,[dt-1;dt-2;dt-3],[[3768ee2e-2079-4f20-a93e-daf89455c119;f68e1d22-b0aa-4c39-bad2-2752a6076d9f;fb6129ad-4b80-4211-9bcd-dd4f00beb23a;048ac034-3dd6-4ef4-8bb4-e73ff65070a2;6e53040d-28e3-486f-a13e-e381ba8eacba;115665ce-995f-473a-af91-081333783e6f]]
2026-04-26 10:07:51.996,45.114,CrossSignalRelativeStable_GT,atomic,[CrossSignalRelativeStable_GT],[1.0000],1,6,1.0000,[dt-1;dt-2;dt-3],[[048ac034-3dd6-4ef4-8bb4-e73ff65070a2;6e53040d-28e3-486f-a13e-e381ba8eacba;115665ce-995f-473a-af91-081333783e6f;c74bc076-27d9-44c4-a818-5fce8442275d;6121cf37-b3ee-45fe-a5a3-fe96ff79fbb3;755db6db-11ba-41b6-a0cd-411a19098dcf]]
2026-04-26 10:07:51.996,45.114,CrossSignalDivergence_GT,atomic,[CrossSignalDivergence_GT],[1.0000],1,6,1.0000,[dt-1;dt-2;dt-3],[[048ac034-3dd6-4ef4-8bb4-e73ff65070a2;6e53040d-28e3-486f-a13e-e381ba8eacba;115665ce-995f-473a-af91-081333783e6f;c74bc076-27d9-44c4-a818-5fce8442275d;6121cf37-b3ee-45fe-a5a3-fe96ff79fbb3;755db6db-11ba-41b6-a0cd-411a19098dcf]]
2026-04-26 10:07:52.103,45.221,CrossSignalRelativeStable_GT,atomic,[CrossSignalRelativeStable_GT],[1.0000],1,6,1.0000,[dt-1;dt-2;dt-3],[[c74bc076-27d9-44c4-a818-5fce8442275d;6121cf37-b3ee-45fe-a5a3-fe96ff79fbb3;755db6db-11ba-41b6-a0cd-411a19098dcf;bcf7e59b-67b9-45fc-9c74-df138e34194b;e41f7eb4-0892-479e-9183-0f024fe67073;35d380fe-5432-4568-b504-3eaf3c34c574]]
2026-04-26 10:07:52.104,45.222,CrossSignalDivergence_GT,atomic,[CrossSignalDivergence_GT],[1.0000],1,6,1.0000,[dt-1;dt-2;dt-3],[[c74bc076-27d9-44c4-a818-5fce8442275d;6121cf37-b3ee-45fe-a5a3-fe96ff79fbb3;755db6db-11ba-41b6-a0cd-411a19098dcf;bcf7e59b-67b9-45fc-9c74-df138e34194b;e41f7eb4-0892-479e-9183-0f024fe67073;35d380fe-5432-4568-b504-3eaf3c34c574]]
2026-04-26 10:07:52.223,45.341,CrossSignalRelativeStable_GT,atomic,[CrossSignalRelativeStable_GT],[1.0000],1,6,1.0000,[dt-1;dt-2;dt-3],[[bcf7e59b-67b9-45fc-9c74-df138e34194b;e41f7eb4-0892-479e-9183-0f024fe67073;35d380fe-5432-4568-b504-3eaf3c34c574;65db467a-8e10-44b6-9fc4-ac360e78dc9f;32ca30de-8c9e-4442-a2a2-63b5d3fa37c5;913fdc17-1939-4515-b2eb-224c419f3c09]]
2026-04-26 10:07:52.223,45.341,CrossSignalDivergence_GT,atomic,[CrossSignalDivergence_GT],[1.0000],1,6,1.0000,[dt-1;dt-2;dt-3],[[bcf7e59b-67b9-45fc-9c74-df138e34194b;e41f7eb4-0892-479e-9183-0f024fe67073;35d380fe-5432-4568-b504-3eaf3c34c574;65db467a-8e10-44b6-9fc4-ac360e78dc9f;32ca30de-8c9e-4442-a2a2-63b5d3fa37c5;913fdc17-1939-4515-b2eb-224c419f3c09]]
2026-04-26 10:07:52.327,45.445,CrossSignalRelativeStable_GT,atomic,[CrossSignalRelativeStable_GT],[1.0000],1,6,1.0000,[dt-1;dt-2;dt-3],[[65db467a-8e10-44b6-9fc4-ac360e78dc9f;32ca30de-8c9e-4442-a2a2-63b5d3fa37c5;913fdc17-1939-4515-b2eb-224c419f3c09;31df4047-7fd0-4cf3-85c4-396ca853edb4;b14d8b1d-3c46-40df-8082-21bea2988a61;1d557532-a6fd-4092-8fb4-029fabd96869]]
2026-04-26 10:07:52.327,45.445,CrossSignalDivergence_GT,atomic,[CrossSignalDivergence_GT],[1.0000],1,6,1.0000,[dt-1;dt-2;dt-3],[[65db467a-8e10-44b6-9fc4-ac360e78dc9f;32ca30de-8c9e-4442-a2a2-63b5d3fa37c5;913fdc17-1939-4515-b2eb-224c419f3c09;31df4047-7fd0-4cf3-85c4-396ca853edb4;b14d8b1d-3c46-40df-8082-21bea2988a61;1d557532-a6fd-4092-8fb4-029fabd96869]]
2026-04-26 10:07:52.445,45.563,CrossSignalRelativeStable_GT,atomic,[CrossSignalRelativeStable_GT],[1.0000],1,6,1.0000,[dt-1;dt-2;dt-3],[[31df4047-7fd0-4cf3-85c4-396ca853edb4;b14d8b1d-3c46-40df-8082-21bea2988a61;1d557532-a6fd-4092-8fb4-029fabd96869;5642e797-a149-4bf6-bffc-1bf9242a6e87;afeff499-767d-431a-b8e2-4133a5062c9f;27142df3-dbe8-47fa-88a1-57e1fe7d2c25]]
2026-04-26 10:07:52.445,45.563,CrossSignalDivergence_GT,atomic,[CrossSignalDivergence_GT],[1.0000],1,6,1.0000,[dt-1;dt-2;dt-3],[[31df4047-7fd0-4cf3-85c4-396ca853edb4;b14d8b1d-3c46-40df-8082-21bea2988a61;1d557532-a6fd-4092-8fb4-029fabd96869;5642e797-a149-4bf6-bffc-1bf9242a6e87;afeff499-767d-431a-b8e2-4133a5062c9f;27142df3-dbe8-47fa-88a1-57e1fe7d2c25]]
2026-04-26 10:07:52.548,45.666,CrossSignalRelativeStable_GT,atomic,[CrossSignalRelativeStable_GT],[1.0000],1,6,1.0000,[dt-1;dt-2;dt-3],[[5642e797-a149-4bf6-bffc-1bf9242a6e87;afeff499-767d-431a-b8e2-4133a5062c9f;27142df3-dbe8-47fa-88a1-57e1fe7d2c25;566a83b1-c06a-44b7-8d7d-e6a6b0584929;474c9880-7519-4023-ba5d-e99cc87b0df2;b60ce1b7-0e82-40d2-b32f-4e4ac132956f]]
2026-04-26 10:07:52.548,45.666,CrossSignalDivergence_GT,atomic,[CrossSignalDivergence_GT],[1.0000],1,6,1.0000,[dt-1;dt-2;dt-3],[[5642e797-a149-4bf6-bffc-1bf9242a6e87;afeff499-767d-431a-b8e2-4133a5062c9f;27142df3-dbe8-47fa-88a1-57e1fe7d2c25;566a83b1-c06a-44b7-8d7d-e6a6b0584929;474c9880-7519-4023-ba5d-e99cc87b0df2;b60ce1b7-0e82-40d2-b32f-4e4ac132956f]]
2026-04-26 10:07:52.657,45.775,CrossSignalRelativeStable_GT,atomic,[CrossSignalRelativeStable_GT],[1.0000],1,6,1.0000,[dt-1;dt-2;dt-3],[[566a83b1-c06a-44b7-8d7d-e6a6b0584929;474c9880-7519-4023-ba5d-e99cc87b0df2;b60ce1b7-0e82-40d2-b32f-4e4ac132956f;a8febb9c-80e2-4b78-94ae-30cbaa76f60c;05d6d8a2-4f23-4064-ae7e-863de391e563;582da45d-0608-486d-a183-828376191c50]]
2026-04-26 10:07:52.657,45.775,CrossSignalDivergence_GT,atomic,[CrossSignalDivergence_GT],[1.0000],1,6,1.0000,[dt-1;dt-2;dt-3],[[566a83b1-c06a-44b7-8d7d-e6a6b0584929;474c9880-7519-4023-ba5d-e99cc87b0df2;b60ce1b7-0e82-40d2-b32f-4e4ac132956f;a8febb9c-80e2-4b78-94ae-30cbaa76f60c;05d6d8a2-4f23-4064-ae7e-863de391e563;582da45d-0608-486d-a183-828376191c50]]
2026-04-26 10:07:52.765,45.883,CrossSignalRelativeStable_GT,atomic,[CrossSignalRelativeStable_GT],[1.0000],1,6,1.0000,[dt-1;dt-2;dt-3],[[a8febb9c-80e2-4b78-94ae-30cbaa76f60c;05d6d8a2-4f23-4064-ae7e-863de391e563;582da45d-0608-486d-a183-828376191c50;d22e8c9e-1175-45ee-911b-573daaaa7c64;a49586ad-38c0-41b5-8cde-a06ff0d8a6af;62dc9c8b-2a08-4385-886d-d2e2ee48e4b0]]
2026-04-26 10:07:52.765,45.883,CrossSignalDivergence_GT,atomic,[CrossSignalDivergence_GT],[1.0000],1,6,1.0000,[dt-1;dt-2;dt-3],[[a8febb9c-80e2-4b78-94ae-30cbaa76f60c;05d6d8a2-4f23-4064-ae7e-863de391e563;582da45d-0608-486d-a183-828376191c50;d22e8c9e-1175-45ee-911b-573daaaa7c64;a49586ad-38c0-41b5-8cde-a06ff0d8a6af;62dc9c8b-2a08-4385-886d-d2e2ee48e4b0]]
2026-04-26 10:07:52.884,46.002,CrossSignalRelativeStable_GT,atomic,[CrossSignalRelativeStable_GT],[1.0000],1,6,1.0000,[dt-1;dt-2;dt-3],[[d22e8c9e-1175-45ee-911b-573daaaa7c64;a49586ad-38c0-41b5-8cde-a06ff0d8a6af;62dc9c8b-2a08-4385-886d-d2e2ee48e4b0;2a9292f7-9a09-412b-a774-bb31f3308391;ee9c3499-9251-476a-9ac1-5867da052808;8c11f163-e99d-485a-9071-f648b573b641]]
2026-04-26 10:07:52.884,46.002,CrossSignalDivergence_GT,atomic,[CrossSignalDivergence_GT],[1.0000],1,6,1.0000,[dt-1;dt-2;dt-3],[[d22e8c9e-1175-45ee-911b-573daaaa7c64;a49586ad-38c0-41b5-8cde-a06ff0d8a6af;62dc9c8b-2a08-4385-886d-d2e2ee48e4b0;2a9292f7-9a09-412b-a774-bb31f3308391;ee9c3499-9251-476a-9ac1-5867da052808;8c11f163-e99d-485a-9071-f648b573b641]]
2026-04-26 10:07:52.992,46.110,CrossSignalRelativeStable_GT,atomic,[CrossSignalRelativeStable_GT],[1.0000],1,6,1.0000,[dt-1;dt-2;dt-3],[[2a9292f7-9a09-412b-a774-bb31f3308391;ee9c3499-9251-476a-9ac1-5867da052808;8c11f163-e99d-485a-9071-f648b573b641;95b19394-e412-4eeb-9a58-4a98da0623ee;f9307f65-ca32-40f8-b86d-820a1c73bacd;65fd3cd5-86d1-4093-a693-e972032fea53]]
2026-04-26 10:07:52.992,46.110,CrossSignalDivergence_GT,atomic,[CrossSignalDivergence_GT],[1.0000],1,6,1.0000,[dt-1;dt-2;dt-3],[[2a9292f7-9a09-412b-a774-bb31f3308391;ee9c3499-9251-476a-9ac1-5867da052808;8c11f163-e99d-485a-9071-f648b573b641;95b19394-e412-4eeb-9a58-4a98da0623ee;f9307f65-ca32-40f8-b86d-820a1c73bacd;65fd3cd5-86d1-4093-a693-e972032fea53]]
2026-04-26 10:07:53.097,46.215,CrossSignalRelativeStable_GT,atomic,[CrossSignalRelativeStable_GT],[1.0000],1,6,1.0000,[dt-1;dt-2;dt-3],[[95b19394-e412-4eeb-9a58-4a98da0623ee;f9307f65-ca32-40f8-b86d-820a1c73bacd;65fd3cd5-86d1-4093-a693-e972032fea53;da7604d1-3f82-4922-8834-e01b959c751a;cace0557-a776-483b-8ee7-798df90d686b;57a4be65-a056-4091-926a-b6576198cb0f]]
2026-04-26 10:07:53.097,46.215,CrossSignalDivergence_GT,atomic,[CrossSignalDivergence_GT],[1.0000],1,6,1.0000,[dt-1;dt-2;dt-3],[[95b19394-e412-4eeb-9a58-4a98da0623ee;f9307f65-ca32-40f8-b86d-820a1c73bacd;65fd3cd5-86d1-4093-a693-e972032fea53;da7604d1-3f82-4922-8834-e01b959c751a;cace0557-a776-483b-8ee7-798df90d686b;57a4be65-a056-4091-926a-b6576198cb0f]]
2026-04-26 10:07:53.219,46.337,CrossSignalRelativeStable_GT,atomic,[CrossSignalRelativeStable_GT],[1.0000],1,6,1.0000,[dt-1;dt-2;dt-3],[[da7604d1-3f82-4922-8834-e01b959c751a;cace0557-a776-483b-8ee7-798df90d686b;57a4be65-a056-4091-926a-b6576198cb0f;f1898ac1-fb9d-468e-86b5-6af95fe2aca8;9bf09df9-bb65-4c6f-92ad-7d13472be68e;994becc0-3f25-4914-9279-ada6ab5fda68]]
2026-04-26 10:07:53.219,46.337,CrossSignalDivergence_GT,atomic,[CrossSignalDivergence_GT],[1.0000],1,6,1.0000,[dt-1;dt-2;dt-3],[[da7604d1-3f82-4922-8834-e01b959c751a;cace0557-a776-483b-8ee7-798df90d686b;57a4be65-a056-4091-926a-b6576198cb0f;f1898ac1-fb9d-468e-86b5-6af95fe2aca8;9bf09df9-bb65-4c6f-92ad-7d13472be68e;994becc0-3f25-4914-9279-ada6ab5fda68]]
2026-04-26 10:07:53.320,46.438,CrossSignalRelativeStable_GT,atomic,[CrossSignalRelativeStable_GT],[1.0000],1,6,1.0000,[dt-1;dt-2;dt-3],[[f1898ac1-fb9d-468e-86b5-6af95fe2aca8;9bf09df9-bb65-4c6f-92ad-7d13472be68e;994becc0-3f25-4914-9279-ada6ab5fda68;b84a9677-0133-4f60-b1bd-8d598033ac03;c1885b39-1474-4445-bd89-179d0de8a29d;7d31f456-67a6-4900-a5fe-5ea3550c1604]]
2026-04-26 10:07:53.320,46.438,CrossSignalDivergence_GT,atomic,[CrossSignalDivergence_GT],[1.0000],1,6,1.0000,[dt-1;dt-2;dt-3],[[f1898ac1-fb9d-468e-86b5-6af95fe2aca8;9bf09df9-bb65-4c6f-92ad-7d13472be68e;994becc0-3f25-4914-9279-ada6ab5fda68;b84a9677-0133-4f60-b1bd-8d598033ac03;c1885b39-1474-4445-bd89-179d0de8a29d;7d31f456-67a6-4900-a5fe-5ea3550c1604]]
2026-04-26 10:07:53.443,46.561,CrossSignalRelativeStable_GT,atomic,[CrossSignalRelativeStable_GT],[1.0000],1,6,1.0000,[dt-1;dt-2;dt-3],[[b84a9677-0133-4f60-b1bd-8d598033ac03;c1885b39-1474-4445-bd89-179d0de8a29d;7d31f456-67a6-4900-a5fe-5ea3550c1604;fac41e1d-eb1f-4518-b91d-39de41b115ed;ac11c5fa-f478-48fc-ad56-2f9767d4833b;da85286c-8613-47ce-8ffb-c17043eda873]]
2026-04-26 10:07:53.443,46.561,CrossSignalDivergence_GT,atomic,[CrossSignalDivergence_GT],[1.0000],1,6,1.0000,[dt-1;dt-2;dt-3],[[b84a9677-0133-4f60-b1bd-8d598033ac03;c1885b39-1474-4445-bd89-179d0de8a29d;7d31f456-67a6-4900-a5fe-5ea3550c1604;fac41e1d-eb1f-4518-b91d-39de41b115ed;ac11c5fa-f478-48fc-ad56-2f9767d4833b;da85286c-8613-47ce-8ffb-c17043eda873]]
2026-04-26 10:07:53.545,46.663,CrossSignalRelativeStable_GT,atomic,[CrossSignalRelativeStable_GT],[1.0000],1,6,1.0000,[dt-1;dt-2;dt-3],[[fac41e1d-eb1f-4518-b91d-39de41b115ed;ac11c5fa-f478-48fc-ad56-2f9767d4833b;da85286c-8613-47ce-8ffb-c17043eda873;2f336f0b-abeb-45d6-ba1d-f5a437cf54a8;7deff766-993e-4416-a3a9-05db09448f84;2fa5a0f7-a9b8-4162-bf60-e51811285e07]]
2026-04-26 10:07:53.545,46.663,CrossSignalDivergence_GT,atomic,[CrossSignalDivergence_GT],[1.0000],1,6,1.0000,[dt-1;dt-2;dt-3],[[fac41e1d-eb1f-4518-b91d-39de41b115ed;ac11c5fa-f478-48fc-ad56-2f9767d4833b;da85286c-8613-47ce-8ffb-c17043eda873;2f336f0b-abeb-45d6-ba1d-f5a437cf54a8;7deff766-993e-4416-a3a9-05db09448f84;2fa5a0f7-a9b8-4162-bf60-e51811285e07]]
2026-04-26 10:07:53.667,46.785,CrossSignalRelativeStable_GT,atomic,[CrossSignalRelativeStable_GT],[1.0000],1,6,1.0000,[dt-1;dt-2;dt-3],[[2f336f0b-abeb-45d6-ba1d-f5a437cf54a8;7deff766-993e-4416-a3a9-05db09448f84;2fa5a0f7-a9b8-4162-bf60-e51811285e07;1eadd65d-00fc-451b-a6e5-8e600fa60019;4367e03e-7de4-4c01-a456-0c8cb834e8e0;c0f3ce9e-1182-4238-8fec-accf992f47a7]]
2026-04-26 10:07:53.667,46.785,CrossSignalDivergence_GT,atomic,[CrossSignalDivergence_GT],[1.0000],1,6,1.0000,[dt-1;dt-2;dt-3],[[2f336f0b-abeb-45d6-ba1d-f5a437cf54a8;7deff766-993e-4416-a3a9-05db09448f84;2fa5a0f7-a9b8-4162-bf60-e51811285e07;1eadd65d-00fc-451b-a6e5-8e600fa60019;4367e03e-7de4-4c01-a456-0c8cb834e8e0;c0f3ce9e-1182-4238-8fec-accf992f47a7]]
2026-04-26 10:07:53.769,46.887,CrossSignalRelativeStable_GT,atomic,[CrossSignalRelativeStable_GT],[1.0000],1,6,1.0000,[dt-1;dt-2;dt-3],[[1eadd65d-00fc-451b-a6e5-8e600fa60019;4367e03e-7de4-4c01-a456-0c8cb834e8e0;c0f3ce9e-1182-4238-8fec-accf992f47a7;32650858-bb39-421d-8b45-6165a95c13a2;a5a2f48b-dccd-4fc1-a3fe-2fc1e973aa75;2c1b5067-09f4-4dd7-a83a-a7d35e14b8f3]]
2026-04-26 10:07:53.769,46.887,CrossSignalDivergence_GT,atomic,[CrossSignalDivergence_GT],[1.0000],1,6,1.0000,[dt-1;dt-2;dt-3],[[1eadd65d-00fc-451b-a6e5-8e600fa60019;4367e03e-7de4-4c01-a456-0c8cb834e8e0;c0f3ce9e-1182-4238-8fec-accf992f47a7;32650858-bb39-421d-8b45-6165a95c13a2;a5a2f48b-dccd-4fc1-a3fe-2fc1e973aa75;2c1b5067-09f4-4dd7-a83a-a7d35e14b8f3]]
2026-04-26 10:07:53.879,46.997,CrossSignalRelativeStable_GT,atomic,[CrossSignalRelativeStable_GT],[1.0000],1,6,1.0000,[dt-1;dt-2;dt-3],[[32650858-bb39-421d-8b45-6165a95c13a2;a5a2f48b-dccd-4fc1-a3fe-2fc1e973aa75;2c1b5067-09f4-4dd7-a83a-a7d35e14b8f3;58b799b9-99a3-48fb-828e-0f656b731ffa;974cbe32-788a-483a-baaa-5dc074f0d787;e598e51e-5b75-4fad-9fdc-04e93364ac56]]
2026-04-26 10:07:53.879,46.997,CrossSignalDivergence_GT,atomic,[CrossSignalDivergence_GT],[1.0000],1,6,1.0000,[dt-1;dt-2;dt-3],[[32650858-bb39-421d-8b45-6165a95c13a2;a5a2f48b-dccd-4fc1-a3fe-2fc1e973aa75;2c1b5067-09f4-4dd7-a83a-a7d35e14b8f3;58b799b9-99a3-48fb-828e-0f656b731ffa;974cbe32-788a-483a-baaa-5dc074f0d787;e598e51e-5b75-4fad-9fdc-04e93364ac56]]
2026-04-26 10:07:54.000,47.118,CrossSignalRelativeStable_GT,atomic,[CrossSignalRelativeStable_GT],[1.0000],1,6,1.0000,[dt-1;dt-2;dt-3],[[58b799b9-99a3-48fb-828e-0f656b731ffa;974cbe32-788a-483a-baaa-5dc074f0d787;e598e51e-5b75-4fad-9fdc-04e93364ac56;4429442f-5769-4379-8e79-65e99c6da98d;4c6f58d2-1997-43ec-8c44-e1d15053d971;8996f2db-7dc3-40f2-86db-ba364f079ec8]]
2026-04-26 10:07:54.000,47.118,CrossSignalDivergence_GT,atomic,[CrossSignalDivergence_GT],[1.0000],1,6,1.0000,[dt-1;dt-2;dt-3],[[58b799b9-99a3-48fb-828e-0f656b731ffa;974cbe32-788a-483a-baaa-5dc074f0d787;e598e51e-5b75-4fad-9fdc-04e93364ac56;4429442f-5769-4379-8e79-65e99c6da98d;4c6f58d2-1997-43ec-8c44-e1d15053d971;8996f2db-7dc3-40f2-86db-ba364f079ec8]]
2026-04-26 10:07:54.110,47.228,CrossSignalRelativeStable_GT,atomic,[CrossSignalRelativeStable_GT],[1.0000],1,6,1.0000,[dt-1;dt-2;dt-3],[[4429442f-5769-4379-8e79-65e99c6da98d;4c6f58d2-1997-43ec-8c44-e1d15053d971;8996f2db-7dc3-40f2-86db-ba364f079ec8;c527eacc-1de7-41e1-8b12-cf78aa1c33b1;da69bd69-6f1a-4e60-be94-9a16b8311db2;ca088540-2dce-4394-9b60-acdc310da5f5]]
2026-04-26 10:07:54.110,47.228,CrossSignalDivergence_GT,atomic,[CrossSignalDivergence_GT],[1.0000],1,6,1.0000,[dt-1;dt-2;dt-3],[[4429442f-5769-4379-8e79-65e99c6da98d;4c6f58d2-1997-43ec-8c44-e1d15053d971;8996f2db-7dc3-40f2-86db-ba364f079ec8;c527eacc-1de7-41e1-8b12-cf78aa1c33b1;da69bd69-6f1a-4e60-be94-9a16b8311db2;ca088540-2dce-4394-9b60-acdc310da5f5]]
2026-04-26 10:07:54.234,47.352,CrossSignalRelativeStable_GT,atomic,[CrossSignalRelativeStable_GT],[1.0000],1,6,1.0000,[dt-1;dt-2;dt-3],[[c527eacc-1de7-41e1-8b12-cf78aa1c33b1;da69bd69-6f1a-4e60-be94-9a16b8311db2;ca088540-2dce-4394-9b60-acdc310da5f5;98e8d5aa-74cd-4e77-bf8e-251a1a77c710;c6f6f5de-e04f-47f0-8098-6ba89bd21ae0;7d6f40ec-5fc1-4a29-8414-e150e60d1476]]
2026-04-26 10:07:54.234,47.352,CrossSignalDivergence_GT,atomic,[CrossSignalDivergence_GT],[1.0000],1,6,1.0000,[dt-1;dt-2;dt-3],[[c527eacc-1de7-41e1-8b12-cf78aa1c33b1;da69bd69-6f1a-4e60-be94-9a16b8311db2;ca088540-2dce-4394-9b60-acdc310da5f5;98e8d5aa-74cd-4e77-bf8e-251a1a77c710;c6f6f5de-e04f-47f0-8098-6ba89bd21ae0;7d6f40ec-5fc1-4a29-8414-e150e60d1476]]
2026-04-26 10:07:54.340,47.458,CrossSignalRelativeStable_GT,atomic,[CrossSignalRelativeStable_GT],[1.0000],1,6,1.0000,[dt-1;dt-2;dt-3],[[98e8d5aa-74cd-4e77-bf8e-251a1a77c710;c6f6f5de-e04f-47f0-8098-6ba89bd21ae0;7d6f40ec-5fc1-4a29-8414-e150e60d1476;3840d12a-41d6-4d71-b6fa-934e1950f4cd;2a3798ba-06be-43de-b43d-676cae87816d;0e8a8750-50b9-429a-9676-347db884a9c5]]
2026-04-26 10:07:54.340,47.458,CrossSignalDivergence_GT,atomic,[CrossSignalDivergence_GT],[1.0000],1,6,1.0000,[dt-1;dt-2;dt-3],[[98e8d5aa-74cd-4e77-bf8e-251a1a77c710;c6f6f5de-e04f-47f0-8098-6ba89bd21ae0;7d6f40ec-5fc1-4a29-8414-e150e60d1476;3840d12a-41d6-4d71-b6fa-934e1950f4cd;2a3798ba-06be-43de-b43d-676cae87816d;0e8a8750-50b9-429a-9676-347db884a9c5]]
2026-04-26 10:07:54.462,47.580,CrossSignalRelativeStable_GT,atomic,[CrossSignalRelativeStable_GT],[1.0000],1,6,1.0000,[dt-1;dt-2;dt-3],[[3840d12a-41d6-4d71-b6fa-934e1950f4cd;2a3798ba-06be-43de-b43d-676cae87816d;0e8a8750-50b9-429a-9676-347db884a9c5;fb20f3d3-945e-4b26-b317-e0a40c676f3f;d44382c6-23d7-4124-950b-56ecdd1cddd8;688ca68a-4804-4484-a6bd-f2c41a5e4387]]
2026-04-26 10:07:54.462,47.580,CrossSignalDivergence_GT,atomic,[CrossSignalDivergence_GT],[1.0000],1,6,1.0000,[dt-1;dt-2;dt-3],[[3840d12a-41d6-4d71-b6fa-934e1950f4cd;2a3798ba-06be-43de-b43d-676cae87816d;0e8a8750-50b9-429a-9676-347db884a9c5;fb20f3d3-945e-4b26-b317-e0a40c676f3f;d44382c6-23d7-4124-950b-56ecdd1cddd8;688ca68a-4804-4484-a6bd-f2c41a5e4387]]
2026-04-26 10:07:54.564,47.682,CrossSignalRelativeStable_GT,atomic,[CrossSignalRelativeStable_GT],[1.0000],1,6,1.0000,[dt-1;dt-2;dt-3],[[fb20f3d3-945e-4b26-b317-e0a40c676f3f;d44382c6-23d7-4124-950b-56ecdd1cddd8;688ca68a-4804-4484-a6bd-f2c41a5e4387;9f69b38d-64e9-4838-bdec-0744d63753f9;63c81e16-a652-417d-a8e0-49bc23441446;9add04f4-6bb2-4f23-8b4c-0a736fb55381]]
2026-04-26 10:07:54.564,47.682,CrossSignalDivergence_GT,atomic,[CrossSignalDivergence_GT],[1.0000],1,6,1.0000,[dt-1;dt-2;dt-3],[[fb20f3d3-945e-4b26-b317-e0a40c676f3f;d44382c6-23d7-4124-950b-56ecdd1cddd8;688ca68a-4804-4484-a6bd-f2c41a5e4387;9f69b38d-64e9-4838-bdec-0744d63753f9;63c81e16-a652-417d-a8e0-49bc23441446;9add04f4-6bb2-4f23-8b4c-0a736fb55381]]
2026-04-26 10:07:54.684,47.802,CrossSignalRelativeStable_GT,atomic,[CrossSignalRelativeStable_GT],[1.0000],1,6,1.0000,[dt-1;dt-2;dt-3],[[9f69b38d-64e9-4838-bdec-0744d63753f9;63c81e16-a652-417d-a8e0-49bc23441446;9add04f4-6bb2-4f23-8b4c-0a736fb55381;2770415b-ecc7-498e-820b-69e582140fbf;1cbd1be4-576d-4dc7-923e-e29c3c0a84b3;04a14da7-9913-4414-8975-ff08a8106694]]
2026-04-26 10:07:54.685,47.803,CrossSignalDivergence_GT,atomic,[CrossSignalDivergence_GT],[1.0000],1,6,1.0000,[dt-1;dt-2;dt-3],[[9f69b38d-64e9-4838-bdec-0744d63753f9;63c81e16-a652-417d-a8e0-49bc23441446;9add04f4-6bb2-4f23-8b4c-0a736fb55381;2770415b-ecc7-498e-820b-69e582140fbf;1cbd1be4-576d-4dc7-923e-e29c3c0a84b3;04a14da7-9913-4414-8975-ff08a8106694]]
2026-04-26 10:07:54.786,47.904,CrossSignalRelativeStable_GT,atomic,[CrossSignalRelativeStable_GT],[1.0000],1,6,1.0000,[dt-1;dt-2;dt-3],[[2770415b-ecc7-498e-820b-69e582140fbf;1cbd1be4-576d-4dc7-923e-e29c3c0a84b3;04a14da7-9913-4414-8975-ff08a8106694;1af90958-6754-4926-b653-d27d328ba6b6;d5450fbe-0810-4468-be2f-19e528eacc2b;a16b20ec-ff74-4fe1-9c07-8b8849ff4c25]]
2026-04-26 10:07:54.787,47.905,CrossSignalDivergence_GT,atomic,[CrossSignalDivergence_GT],[1.0000],1,6,1.0000,[dt-1;dt-2;dt-3],[[2770415b-ecc7-498e-820b-69e582140fbf;1cbd1be4-576d-4dc7-923e-e29c3c0a84b3;04a14da7-9913-4414-8975-ff08a8106694;1af90958-6754-4926-b653-d27d328ba6b6;d5450fbe-0810-4468-be2f-19e528eacc2b;a16b20ec-ff74-4fe1-9c07-8b8849ff4c25]]
2026-04-26 10:07:54.896,48.014,CrossSignalRelativeStable_GT,atomic,[CrossSignalRelativeStable_GT],[1.0000],1,6,1.0000,[dt-1;dt-2;dt-3],[[1af90958-6754-4926-b653-d27d328ba6b6;d5450fbe-0810-4468-be2f-19e528eacc2b;a16b20ec-ff74-4fe1-9c07-8b8849ff4c25;3768d3cd-fe72-4f61-82c5-76443b207338;d7be55ab-8083-4cd1-9857-aa72599f71e9;a8f278ca-76bf-4a3e-ad76-7488ec40892d]]
2026-04-26 10:07:54.896,48.014,CrossSignalDivergence_GT,atomic,[CrossSignalDivergence_GT],[1.0000],1,6,1.0000,[dt-1;dt-2;dt-3],[[1af90958-6754-4926-b653-d27d328ba6b6;d5450fbe-0810-4468-be2f-19e528eacc2b;a16b20ec-ff74-4fe1-9c07-8b8849ff4c25;3768d3cd-fe72-4f61-82c5-76443b207338;d7be55ab-8083-4cd1-9857-aa72599f71e9;a8f278ca-76bf-4a3e-ad76-7488ec40892d]]
2026-04-26 10:07:55.015,48.133,CrossSignalRelativeStable_GT,atomic,[CrossSignalRelativeStable_GT],[1.0000],1,6,1.0000,[dt-1;dt-2;dt-3],[[3768d3cd-fe72-4f61-82c5-76443b207338;d7be55ab-8083-4cd1-9857-aa72599f71e9;a8f278ca-76bf-4a3e-ad76-7488ec40892d;fe36a604-7546-4f29-90bc-fe8a88a179bc;731768b8-91f5-4714-b415-b28e53917482;261cf993-79e7-4cf7-a833-758cf74abd88]]
2026-04-26 10:07:55.015,48.133,CrossSignalDivergence_GT,atomic,[CrossSignalDivergence_GT],[1.0000],1,6,1.0000,[dt-1;dt-2;dt-3],[[3768d3cd-fe72-4f61-82c5-76443b207338;d7be55ab-8083-4cd1-9857-aa72599f71e9;a8f278ca-76bf-4a3e-ad76-7488ec40892d;fe36a604-7546-4f29-90bc-fe8a88a179bc;731768b8-91f5-4714-b415-b28e53917482;261cf993-79e7-4cf7-a833-758cf74abd88]]
2026-04-26 10:07:55.123,48.241,CrossSignalRelativeStable_GT,atomic,[CrossSignalRelativeStable_GT],[1.0000],1,6,1.0000,[dt-1;dt-2;dt-3],[[fe36a604-7546-4f29-90bc-fe8a88a179bc;731768b8-91f5-4714-b415-b28e53917482;261cf993-79e7-4cf7-a833-758cf74abd88;a0a8617f-0b61-4488-bf1d-a6929826d1af;164c7bd4-a4fa-4efd-b5b1-d477b77d3877;6ec028b2-2aea-4b7c-97cc-51808c3b1294]]
2026-04-26 10:07:55.123,48.241,CrossSignalDivergence_GT,atomic,[CrossSignalDivergence_GT],[1.0000],1,6,1.0000,[dt-1;dt-2;dt-3],[[fe36a604-7546-4f29-90bc-fe8a88a179bc;731768b8-91f5-4714-b415-b28e53917482;261cf993-79e7-4cf7-a833-758cf74abd88;a0a8617f-0b61-4488-bf1d-a6929826d1af;164c7bd4-a4fa-4efd-b5b1-d477b77d3877;6ec028b2-2aea-4b7c-97cc-51808c3b1294]]
2026-04-26 10:07:55.230,48.348,CrossSignalRelativeStable_GT,atomic,[CrossSignalRelativeStable_GT],[1.0000],1,6,1.0000,[dt-1;dt-2;dt-3],[[a0a8617f-0b61-4488-bf1d-a6929826d1af;164c7bd4-a4fa-4efd-b5b1-d477b77d3877;6ec028b2-2aea-4b7c-97cc-51808c3b1294;f06a85c2-af59-4e82-b44a-7774685f228f;e7ffbc03-0c98-4af0-8fd0-7a561c5aa89c;e5236e19-eed8-4845-86e4-78cdafdebc2b]]
2026-04-26 10:07:55.230,48.348,CrossSignalDivergence_GT,atomic,[CrossSignalDivergence_GT],[1.0000],1,6,1.0000,[dt-1;dt-2;dt-3],[[a0a8617f-0b61-4488-bf1d-a6929826d1af;164c7bd4-a4fa-4efd-b5b1-d477b77d3877;6ec028b2-2aea-4b7c-97cc-51808c3b1294;f06a85c2-af59-4e82-b44a-7774685f228f;e7ffbc03-0c98-4af0-8fd0-7a561c5aa89c;e5236e19-eed8-4845-86e4-78cdafdebc2b]]
2026-04-26 10:07:55.343,48.461,CrossSignalRelativeStable_GT,atomic,[CrossSignalRelativeStable_GT],[1.0000],1,6,1.0000,[dt-1;dt-2;dt-3],[[f06a85c2-af59-4e82-b44a-7774685f228f;e7ffbc03-0c98-4af0-8fd0-7a561c5aa89c;e5236e19-eed8-4845-86e4-78cdafdebc2b;54d1345c-879e-46cc-a8f6-8e263be139bd;610e390e-7dc2-4b03-848f-429cabcde328;9e38fc7a-76be-4e1c-95b6-7e410adad13a]]
2026-04-26 10:07:55.343,48.461,CrossSignalDivergence_GT,atomic,[CrossSignalDivergence_GT],[1.0000],1,6,1.0000,[dt-1;dt-2;dt-3],[[f06a85c2-af59-4e82-b44a-7774685f228f;e7ffbc03-0c98-4af0-8fd0-7a561c5aa89c;e5236e19-eed8-4845-86e4-78cdafdebc2b;54d1345c-879e-46cc-a8f6-8e263be139bd;610e390e-7dc2-4b03-848f-429cabcde328;9e38fc7a-76be-4e1c-95b6-7e410adad13a]]
2026-04-26 10:07:55.426,48.544,CrossSignalRelativeStable_OBS,atomic,[CrossSignalRelativeStable_OBS],[1.0000],1,6,1.0000,[dt-1;dt-2;dt-3],[[ac0ed32b-07c7-4b83-a858-63c8861da1cf;ce91744e-2d37-4d82-82a9-b5c243b1e150;95861371-7523-4bb5-914e-4e25a8143fe5;21de6404-8dad-4a02-bc2a-7d9fb49ae2e2;d87c05a7-d690-4be2-b8d4-6f8599585e27;d7b9e2d1-f73c-46a7-9f5c-ba4de6e245c2]]
2026-04-26 10:07:55.426,48.544,CrossSignalDivergence_OBS,atomic,[CrossSignalDivergence_OBS],[1.0000],1,6,1.0000,[dt-1;dt-2;dt-3],[[ac0ed32b-07c7-4b83-a858-63c8861da1cf;ce91744e-2d37-4d82-82a9-b5c243b1e150;95861371-7523-4bb5-914e-4e25a8143fe5;21de6404-8dad-4a02-bc2a-7d9fb49ae2e2;d87c05a7-d690-4be2-b8d4-6f8599585e27;d7b9e2d1-f73c-46a7-9f5c-ba4de6e245c2]]
2026-04-26 10:07:55.438,48.556,CrossSignalRelativeStable_GT,atomic,[CrossSignalRelativeStable_GT],[1.0000],1,6,1.0000,[dt-1;dt-2;dt-3],[[54d1345c-879e-46cc-a8f6-8e263be139bd;610e390e-7dc2-4b03-848f-429cabcde328;9e38fc7a-76be-4e1c-95b6-7e410adad13a;5bd33452-c9ff-491a-b3d6-80bab8101b0a;b4996db8-0d49-4a99-9e0d-456dbaf870ad;3d6c705e-dd3d-4a46-99ab-b386e768f643]]
2026-04-26 10:07:55.438,48.556,CrossSignalDivergence_GT,atomic,[CrossSignalDivergence_GT],[1.0000],1,6,1.0000,[dt-1;dt-2;dt-3],[[54d1345c-879e-46cc-a8f6-8e263be139bd;610e390e-7dc2-4b03-848f-429cabcde328;9e38fc7a-76be-4e1c-95b6-7e410adad13a;5bd33452-c9ff-491a-b3d6-80bab8101b0a;b4996db8-0d49-4a99-9e0d-456dbaf870ad;3d6c705e-dd3d-4a46-99ab-b386e768f643]]
2026-04-26 10:07:55.438,48.556,CrossSignalDivergence_SYS,atomic,[CrossSignalDivergence_SYS],[1.0000],1,6,1.0000,[dt-1;dt-2;dt-3],[[ac0ed32b-07c7-4b83-a858-63c8861da1cf;d87c05a7-d690-4be2-b8d4-6f8599585e27;d7b9e2d1-f73c-46a7-9f5c-ba4de6e245c2;21de6404-8dad-4a02-bc2a-7d9fb49ae2e2;810c77a1-593c-44d1-ad94-899874f66e64;6d1ae49b-f64a-44b3-b38e-4e4c5726e66b]]
2026-04-26 10:07:55.540,48.658,CrossSignalDivergence_OBS,atomic,[CrossSignalDivergence_OBS],[1.0000],1,6,1.0000,[dt-1;dt-2;dt-3],[[21de6404-8dad-4a02-bc2a-7d9fb49ae2e2;d87c05a7-d690-4be2-b8d4-6f8599585e27;d7b9e2d1-f73c-46a7-9f5c-ba4de6e245c2;a8562974-202e-4695-b210-1d2a34e1f65c;810c77a1-593c-44d1-ad94-899874f66e64;6d1ae49b-f64a-44b3-b38e-4e4c5726e66b]]
2026-04-26 10:07:55.551,48.669,CrossSignalRelativeStable_SYS,atomic,[CrossSignalRelativeStable_SYS],[1.0000],1,6,1.0000,[dt-1;dt-2;dt-3],[[21de6404-8dad-4a02-bc2a-7d9fb49ae2e2;810c77a1-593c-44d1-ad94-899874f66e64;6d1ae49b-f64a-44b3-b38e-4e4c5726e66b;a8562974-202e-4695-b210-1d2a34e1f65c;ba7d4683-e4be-4aef-a966-6ce312959fbf;063e8e61-ef43-4219-bbfd-a714fee94414]]
2026-04-26 10:07:55.551,48.669,CrossSignalDivergence_SYS,atomic,[CrossSignalDivergence_SYS],[1.0000],1,6,1.0000,[dt-1;dt-2;dt-3],[[21de6404-8dad-4a02-bc2a-7d9fb49ae2e2;810c77a1-593c-44d1-ad94-899874f66e64;6d1ae49b-f64a-44b3-b38e-4e4c5726e66b;a8562974-202e-4695-b210-1d2a34e1f65c;ba7d4683-e4be-4aef-a966-6ce312959fbf;063e8e61-ef43-4219-bbfd-a714fee94414]]
2026-04-26 10:07:55.558,48.676,CrossSignalRelativeStable_GT,atomic,[CrossSignalRelativeStable_GT],[1.0000],1,6,1.0000,[dt-1;dt-2;dt-3],[[5bd33452-c9ff-491a-b3d6-80bab8101b0a;b4996db8-0d49-4a99-9e0d-456dbaf870ad;3d6c705e-dd3d-4a46-99ab-b386e768f643;24a3ceb8-20c0-4734-83d4-cd64224574e1;694e00ea-ad33-4076-9d26-51f842a33f0a;4d9a9662-0dc8-4fa2-8a1d-5fea65c52f79]]
2026-04-26 10:07:55.558,48.676,CrossSignalDivergence_GT,atomic,[CrossSignalDivergence_GT],[1.0000],1,6,1.0000,[dt-1;dt-2;dt-3],[[5bd33452-c9ff-491a-b3d6-80bab8101b0a;b4996db8-0d49-4a99-9e0d-456dbaf870ad;3d6c705e-dd3d-4a46-99ab-b386e768f643;24a3ceb8-20c0-4734-83d4-cd64224574e1;694e00ea-ad33-4076-9d26-51f842a33f0a;4d9a9662-0dc8-4fa2-8a1d-5fea65c52f79]]
2026-04-26 10:07:55.654,48.772,CrossSignalRelativeStable_OBS,atomic,[CrossSignalRelativeStable_OBS],[1.0000],1,6,1.0000,[dt-1;dt-2;dt-3],[[a8562974-202e-4695-b210-1d2a34e1f65c;810c77a1-593c-44d1-ad94-899874f66e64;6d1ae49b-f64a-44b3-b38e-4e4c5726e66b;bf2f8a8d-54d0-4be3-93e0-fd14d78487e2;ba7d4683-e4be-4aef-a966-6ce312959fbf;063e8e61-ef43-4219-bbfd-a714fee94414]]
2026-04-26 10:07:55.654,48.772,CrossSignalDivergence_OBS,atomic,[CrossSignalDivergence_OBS],[1.0000],1,6,1.0000,[dt-1;dt-2;dt-3],[[a8562974-202e-4695-b210-1d2a34e1f65c;810c77a1-593c-44d1-ad94-899874f66e64;6d1ae49b-f64a-44b3-b38e-4e4c5726e66b;bf2f8a8d-54d0-4be3-93e0-fd14d78487e2;ba7d4683-e4be-4aef-a966-6ce312959fbf;063e8e61-ef43-4219-bbfd-a714fee94414]]
2026-04-26 10:07:55.667,48.785,CrossSignalRelativeStable_GT,atomic,[CrossSignalRelativeStable_GT],[1.0000],1,6,1.0000,[dt-1;dt-2;dt-3],[[24a3ceb8-20c0-4734-83d4-cd64224574e1;694e00ea-ad33-4076-9d26-51f842a33f0a;4d9a9662-0dc8-4fa2-8a1d-5fea65c52f79;f17a305d-db63-49a3-87a4-548ec845759e;7f01c0e8-83f9-4577-9245-e616887c7239;9813a095-415e-4a58-be52-c6bb73e3005e]]
2026-04-26 10:07:55.667,48.785,CrossSignalDivergence_GT,atomic,[CrossSignalDivergence_GT],[1.0000],1,6,1.0000,[dt-1;dt-2;dt-3],[[24a3ceb8-20c0-4734-83d4-cd64224574e1;694e00ea-ad33-4076-9d26-51f842a33f0a;4d9a9662-0dc8-4fa2-8a1d-5fea65c52f79;f17a305d-db63-49a3-87a4-548ec845759e;7f01c0e8-83f9-4577-9245-e616887c7239;9813a095-415e-4a58-be52-c6bb73e3005e]]
2026-04-26 10:07:55.667,48.785,CrossSignalRelativeStable_SYS,atomic,[CrossSignalRelativeStable_SYS],[1.0000],1,6,1.0000,[dt-1;dt-2;dt-3],[[a8562974-202e-4695-b210-1d2a34e1f65c;ba7d4683-e4be-4aef-a966-6ce312959fbf;063e8e61-ef43-4219-bbfd-a714fee94414;bf2f8a8d-54d0-4be3-93e0-fd14d78487e2;ed411dea-13da-452b-9802-4fd70a620911;60a74604-5fd5-4e76-9020-deec5aaf21ef]]
2026-04-26 10:07:55.667,48.785,CrossSignalDivergence_SYS,atomic,[CrossSignalDivergence_SYS],[1.0000],1,6,1.0000,[dt-1;dt-2;dt-3],[[a8562974-202e-4695-b210-1d2a34e1f65c;ba7d4683-e4be-4aef-a966-6ce312959fbf;063e8e61-ef43-4219-bbfd-a714fee94414;bf2f8a8d-54d0-4be3-93e0-fd14d78487e2;ed411dea-13da-452b-9802-4fd70a620911;60a74604-5fd5-4e76-9020-deec5aaf21ef]]
2026-04-26 10:07:55.766,48.884,CrossSignalRelativeStable_OBS,atomic,[CrossSignalRelativeStable_OBS],[1.0000],1,6,1.0000,[dt-1;dt-2;dt-3],[[bf2f8a8d-54d0-4be3-93e0-fd14d78487e2;ba7d4683-e4be-4aef-a966-6ce312959fbf;063e8e61-ef43-4219-bbfd-a714fee94414;34a21faa-9ba6-407f-8335-8b6c634f48ff;ed411dea-13da-452b-9802-4fd70a620911;60a74604-5fd5-4e76-9020-deec5aaf21ef]]
2026-04-26 10:07:55.766,48.884,CrossSignalDivergence_OBS,atomic,[CrossSignalDivergence_OBS],[1.0000],1,6,1.0000,[dt-1;dt-2;dt-3],[[bf2f8a8d-54d0-4be3-93e0-fd14d78487e2;ba7d4683-e4be-4aef-a966-6ce312959fbf;063e8e61-ef43-4219-bbfd-a714fee94414;34a21faa-9ba6-407f-8335-8b6c634f48ff;ed411dea-13da-452b-9802-4fd70a620911;60a74604-5fd5-4e76-9020-deec5aaf21ef]]
2026-04-26 10:07:55.779,48.897,CrossSignalRelativeStable_SYS,atomic,[CrossSignalRelativeStable_SYS],[1.0000],1,6,1.0000,[dt-1;dt-2;dt-3],[[bf2f8a8d-54d0-4be3-93e0-fd14d78487e2;ed411dea-13da-452b-9802-4fd70a620911;60a74604-5fd5-4e76-9020-deec5aaf21ef;34a21faa-9ba6-407f-8335-8b6c634f48ff;ae2cdff7-6faf-4081-8283-758b6870810f;65fe9d95-ad42-4cd8-915e-fb718177a862]]
2026-04-26 10:07:55.779,48.897,CrossSignalDivergence_SYS,atomic,[CrossSignalDivergence_SYS],[1.0000],1,6,1.0000,[dt-1;dt-2;dt-3],[[bf2f8a8d-54d0-4be3-93e0-fd14d78487e2;ed411dea-13da-452b-9802-4fd70a620911;60a74604-5fd5-4e76-9020-deec5aaf21ef;34a21faa-9ba6-407f-8335-8b6c634f48ff;ae2cdff7-6faf-4081-8283-758b6870810f;65fe9d95-ad42-4cd8-915e-fb718177a862]]
2026-04-26 10:07:55.785,48.903,CrossSignalRelativeStable_GT,atomic,[CrossSignalRelativeStable_GT],[1.0000],1,6,1.0000,[dt-1;dt-2;dt-3],[[f17a305d-db63-49a3-87a4-548ec845759e;7f01c0e8-83f9-4577-9245-e616887c7239;9813a095-415e-4a58-be52-c6bb73e3005e;bdec4fca-f478-40bd-a73d-84320ae08811;79e12939-e9e7-4f2c-9080-e620e7037d1a;db6e9867-c293-4e99-b689-bcca429372ed]]
2026-04-26 10:07:55.785,48.903,CrossSignalDivergence_GT,atomic,[CrossSignalDivergence_GT],[1.0000],1,6,1.0000,[dt-1;dt-2;dt-3],[[f17a305d-db63-49a3-87a4-548ec845759e;7f01c0e8-83f9-4577-9245-e616887c7239;9813a095-415e-4a58-be52-c6bb73e3005e;bdec4fca-f478-40bd-a73d-84320ae08811;79e12939-e9e7-4f2c-9080-e620e7037d1a;db6e9867-c293-4e99-b689-bcca429372ed]]
2026-04-26 10:07:55.874,48.992,CrossSignalRelativeStable_OBS,atomic,[CrossSignalRelativeStable_OBS],[1.0000],1,6,1.0000,[dt-1;dt-2;dt-3],[[34a21faa-9ba6-407f-8335-8b6c634f48ff;ed411dea-13da-452b-9802-4fd70a620911;60a74604-5fd5-4e76-9020-deec5aaf21ef;f9f79fb6-0a27-4c0c-af73-b30f87e77f9e;ae2cdff7-6faf-4081-8283-758b6870810f;65fe9d95-ad42-4cd8-915e-fb718177a862]]
2026-04-26 10:07:55.875,48.993,CrossSignalDivergence_OBS,atomic,[CrossSignalDivergence_OBS],[1.0000],1,6,1.0000,[dt-1;dt-2;dt-3],[[34a21faa-9ba6-407f-8335-8b6c634f48ff;ed411dea-13da-452b-9802-4fd70a620911;60a74604-5fd5-4e76-9020-deec5aaf21ef;f9f79fb6-0a27-4c0c-af73-b30f87e77f9e;ae2cdff7-6faf-4081-8283-758b6870810f;65fe9d95-ad42-4cd8-915e-fb718177a862]]
2026-04-26 10:07:55.886,49.004,CrossSignalRelativeStable_SYS,atomic,[CrossSignalRelativeStable_SYS],[1.0000],1,6,1.0000,[dt-1;dt-2;dt-3],[[34a21faa-9ba6-407f-8335-8b6c634f48ff;ae2cdff7-6faf-4081-8283-758b6870810f;65fe9d95-ad42-4cd8-915e-fb718177a862;f9f79fb6-0a27-4c0c-af73-b30f87e77f9e;642a457a-bb33-4e1d-863a-2222abc0d962;c3b04a58-d28e-4d3f-8d44-4c89317b828c]]
2026-04-26 10:07:55.886,49.004,CrossSignalDivergence_SYS,atomic,[CrossSignalDivergence_SYS],[1.0000],1,6,1.0000,[dt-1;dt-2;dt-3],[[34a21faa-9ba6-407f-8335-8b6c634f48ff;ae2cdff7-6faf-4081-8283-758b6870810f;65fe9d95-ad42-4cd8-915e-fb718177a862;f9f79fb6-0a27-4c0c-af73-b30f87e77f9e;642a457a-bb33-4e1d-863a-2222abc0d962;c3b04a58-d28e-4d3f-8d44-4c89317b828c]]
2026-04-26 10:07:55.893,49.011,CrossSignalRelativeStable_GT,atomic,[CrossSignalRelativeStable_GT],[1.0000],1,6,1.0000,[dt-1;dt-2;dt-3],[[bdec4fca-f478-40bd-a73d-84320ae08811;79e12939-e9e7-4f2c-9080-e620e7037d1a;db6e9867-c293-4e99-b689-bcca429372ed;009d76c8-94c1-4364-8fcd-ec64f766fb54;3ecf7dac-488e-403a-b76e-d9f1964edc9b;40086466-d5e1-4331-a0bd-eeead814e53a]]
2026-04-26 10:07:55.893,49.011,CrossSignalDivergence_GT,atomic,[CrossSignalDivergence_GT],[1.0000],1,6,1.0000,[dt-1;dt-2;dt-3],[[bdec4fca-f478-40bd-a73d-84320ae08811;79e12939-e9e7-4f2c-9080-e620e7037d1a;db6e9867-c293-4e99-b689-bcca429372ed;009d76c8-94c1-4364-8fcd-ec64f766fb54;3ecf7dac-488e-403a-b76e-d9f1964edc9b;40086466-d5e1-4331-a0bd-eeead814e53a]]
2026-04-26 10:07:55.993,49.111,CrossSignalRelativeStable_OBS,atomic,[CrossSignalRelativeStable_OBS],[1.0000],1,6,1.0000,[dt-1;dt-2;dt-3],[[f9f79fb6-0a27-4c0c-af73-b30f87e77f9e;ae2cdff7-6faf-4081-8283-758b6870810f;65fe9d95-ad42-4cd8-915e-fb718177a862;3e576314-3888-496e-94d5-36b2cc5542ca;642a457a-bb33-4e1d-863a-2222abc0d962;c3b04a58-d28e-4d3f-8d44-4c89317b828c]]
2026-04-26 10:07:55.993,49.111,CrossSignalDivergence_OBS,atomic,[CrossSignalDivergence_OBS],[1.0000],1,6,1.0000,[dt-1;dt-2;dt-3],[[f9f79fb6-0a27-4c0c-af73-b30f87e77f9e;ae2cdff7-6faf-4081-8283-758b6870810f;65fe9d95-ad42-4cd8-915e-fb718177a862;3e576314-3888-496e-94d5-36b2cc5542ca;642a457a-bb33-4e1d-863a-2222abc0d962;c3b04a58-d28e-4d3f-8d44-4c89317b828c]]
2026-04-26 10:07:56.005,49.123,CrossSignalRelativeStable_GT,atomic,[CrossSignalRelativeStable_GT],[1.0000],1,6,1.0000,[dt-1;dt-2;dt-3],[[009d76c8-94c1-4364-8fcd-ec64f766fb54;3ecf7dac-488e-403a-b76e-d9f1964edc9b;40086466-d5e1-4331-a0bd-eeead814e53a;be1036a2-c67c-4bbf-bcca-c078d221871e;350b115c-a499-47e0-8c6e-659af53cc234;39c7c69f-c05c-4ab3-952d-ec714302d3dd]]
2026-04-26 10:07:56.005,49.123,CrossSignalDivergence_GT,atomic,[CrossSignalDivergence_GT],[1.0000],1,6,1.0000,[dt-1;dt-2;dt-3],[[009d76c8-94c1-4364-8fcd-ec64f766fb54;3ecf7dac-488e-403a-b76e-d9f1964edc9b;40086466-d5e1-4331-a0bd-eeead814e53a;be1036a2-c67c-4bbf-bcca-c078d221871e;350b115c-a499-47e0-8c6e-659af53cc234;39c7c69f-c05c-4ab3-952d-ec714302d3dd]]
2026-04-26 10:07:56.005,49.123,CrossSignalRelativeStable_SYS,atomic,[CrossSignalRelativeStable_SYS],[1.0000],1,6,1.0000,[dt-1;dt-2;dt-3],[[f9f79fb6-0a27-4c0c-af73-b30f87e77f9e;642a457a-bb33-4e1d-863a-2222abc0d962;c3b04a58-d28e-4d3f-8d44-4c89317b828c;3e576314-3888-496e-94d5-36b2cc5542ca;787f1166-52aa-47c7-93b8-710e9504cdfe;9470f8e0-45c9-40ca-a819-58f83f11c10f]]
2026-04-26 10:07:56.005,49.123,CrossSignalDivergence_SYS,atomic,[CrossSignalDivergence_SYS],[1.0000],1,6,1.0000,[dt-1;dt-2;dt-3],[[f9f79fb6-0a27-4c0c-af73-b30f87e77f9e;642a457a-bb33-4e1d-863a-2222abc0d962;c3b04a58-d28e-4d3f-8d44-4c89317b828c;3e576314-3888-496e-94d5-36b2cc5542ca;787f1166-52aa-47c7-93b8-710e9504cdfe;9470f8e0-45c9-40ca-a819-58f83f11c10f]]
2026-04-26 10:07:56.100,49.218,CrossSignalRelativeStable_OBS,atomic,[CrossSignalRelativeStable_OBS],[1.0000],1,6,1.0000,[dt-1;dt-2;dt-3],[[3e576314-3888-496e-94d5-36b2cc5542ca;642a457a-bb33-4e1d-863a-2222abc0d962;c3b04a58-d28e-4d3f-8d44-4c89317b828c;3d59b13c-df4c-425e-a44c-9d1a5b4a0ac6;787f1166-52aa-47c7-93b8-710e9504cdfe;9470f8e0-45c9-40ca-a819-58f83f11c10f]]
2026-04-26 10:07:56.100,49.218,CrossSignalDivergence_OBS,atomic,[CrossSignalDivergence_OBS],[1.0000],1,6,1.0000,[dt-1;dt-2;dt-3],[[3e576314-3888-496e-94d5-36b2cc5542ca;642a457a-bb33-4e1d-863a-2222abc0d962;c3b04a58-d28e-4d3f-8d44-4c89317b828c;3d59b13c-df4c-425e-a44c-9d1a5b4a0ac6;787f1166-52aa-47c7-93b8-710e9504cdfe;9470f8e0-45c9-40ca-a819-58f83f11c10f]]
2026-04-26 10:07:56.112,49.230,CrossSignalRelativeStable_GT,atomic,[CrossSignalRelativeStable_GT],[1.0000],1,6,1.0000,[dt-1;dt-2;dt-3],[[be1036a2-c67c-4bbf-bcca-c078d221871e;350b115c-a499-47e0-8c6e-659af53cc234;39c7c69f-c05c-4ab3-952d-ec714302d3dd;18e497ba-8143-409f-a7e3-4b33beed9b23;360facf3-a47b-48d9-9b2a-f6eba9b5ade5;afe2568d-c94b-4eda-88c5-7503c1080420]]
2026-04-26 10:07:56.113,49.231,CrossSignalDivergence_GT,atomic,[CrossSignalDivergence_GT],[1.0000],1,6,1.0000,[dt-1;dt-2;dt-3],[[be1036a2-c67c-4bbf-bcca-c078d221871e;350b115c-a499-47e0-8c6e-659af53cc234;39c7c69f-c05c-4ab3-952d-ec714302d3dd;18e497ba-8143-409f-a7e3-4b33beed9b23;360facf3-a47b-48d9-9b2a-f6eba9b5ade5;afe2568d-c94b-4eda-88c5-7503c1080420]]
2026-04-26 10:07:56.113,49.231,CrossSignalRelativeStable_SYS,atomic,[CrossSignalRelativeStable_SYS],[1.0000],1,6,1.0000,[dt-1;dt-2;dt-3],[[3e576314-3888-496e-94d5-36b2cc5542ca;787f1166-52aa-47c7-93b8-710e9504cdfe;9470f8e0-45c9-40ca-a819-58f83f11c10f;3d59b13c-df4c-425e-a44c-9d1a5b4a0ac6;d7edfd9f-34c6-43b1-9233-87d51e9e7c95;7a6ec107-e646-49f7-810c-934999a5a5b0]]
2026-04-26 10:07:56.113,49.231,CrossSignalDivergence_SYS,atomic,[CrossSignalDivergence_SYS],[1.0000],1,6,1.0000,[dt-1;dt-2;dt-3],[[3e576314-3888-496e-94d5-36b2cc5542ca;787f1166-52aa-47c7-93b8-710e9504cdfe;9470f8e0-45c9-40ca-a819-58f83f11c10f;3d59b13c-df4c-425e-a44c-9d1a5b4a0ac6;d7edfd9f-34c6-43b1-9233-87d51e9e7c95;7a6ec107-e646-49f7-810c-934999a5a5b0]]
2026-04-26 10:07:56.209,49.327,CrossSignalRelativeStable_OBS,atomic,[CrossSignalRelativeStable_OBS],[1.0000],1,6,1.0000,[dt-1;dt-2;dt-3],[[3d59b13c-df4c-425e-a44c-9d1a5b4a0ac6;787f1166-52aa-47c7-93b8-710e9504cdfe;9470f8e0-45c9-40ca-a819-58f83f11c10f;6ed31b4b-2d4e-4187-8f3e-14a64f714008;d7edfd9f-34c6-43b1-9233-87d51e9e7c95;7a6ec107-e646-49f7-810c-934999a5a5b0]]
2026-04-26 10:07:56.209,49.327,CrossSignalDivergence_OBS,atomic,[CrossSignalDivergence_OBS],[1.0000],1,6,1.0000,[dt-1;dt-2;dt-3],[[3d59b13c-df4c-425e-a44c-9d1a5b4a0ac6;787f1166-52aa-47c7-93b8-710e9504cdfe;9470f8e0-45c9-40ca-a819-58f83f11c10f;6ed31b4b-2d4e-4187-8f3e-14a64f714008;d7edfd9f-34c6-43b1-9233-87d51e9e7c95;7a6ec107-e646-49f7-810c-934999a5a5b0]]
2026-04-26 10:07:56.222,49.340,CrossSignalRelativeStable_GT,atomic,[CrossSignalRelativeStable_GT],[1.0000],1,6,1.0000,[dt-1;dt-2;dt-3],[[18e497ba-8143-409f-a7e3-4b33beed9b23;360facf3-a47b-48d9-9b2a-f6eba9b5ade5;afe2568d-c94b-4eda-88c5-7503c1080420;c904d04a-65d5-4f06-b73c-7e4992d9c28e;7776badc-9bfc-4396-bb47-7446a730d31d;419e227c-9343-427e-a8a1-c082f100227f]]
2026-04-26 10:07:56.222,49.340,CrossSignalDivergence_GT,atomic,[CrossSignalDivergence_GT],[1.0000],1,6,1.0000,[dt-1;dt-2;dt-3],[[18e497ba-8143-409f-a7e3-4b33beed9b23;360facf3-a47b-48d9-9b2a-f6eba9b5ade5;afe2568d-c94b-4eda-88c5-7503c1080420;c904d04a-65d5-4f06-b73c-7e4992d9c28e;7776badc-9bfc-4396-bb47-7446a730d31d;419e227c-9343-427e-a8a1-c082f100227f]]
2026-04-26 10:07:56.223,49.341,CrossSignalRelativeStable_SYS,atomic,[CrossSignalRelativeStable_SYS],[1.0000],1,6,1.0000,[dt-1;dt-2;dt-3],[[3d59b13c-df4c-425e-a44c-9d1a5b4a0ac6;d7edfd9f-34c6-43b1-9233-87d51e9e7c95;7a6ec107-e646-49f7-810c-934999a5a5b0;6ed31b4b-2d4e-4187-8f3e-14a64f714008;d8df3ba5-195c-4586-911d-119d37b964a0;40836424-81e9-4129-8eb6-838e8cd286c3]]
2026-04-26 10:07:56.223,49.341,CrossSignalDivergence_SYS,atomic,[CrossSignalDivergence_SYS],[1.0000],1,6,1.0000,[dt-1;dt-2;dt-3],[[3d59b13c-df4c-425e-a44c-9d1a5b4a0ac6;d7edfd9f-34c6-43b1-9233-87d51e9e7c95;7a6ec107-e646-49f7-810c-934999a5a5b0;6ed31b4b-2d4e-4187-8f3e-14a64f714008;d8df3ba5-195c-4586-911d-119d37b964a0;40836424-81e9-4129-8eb6-838e8cd286c3]]
2026-04-26 10:07:56.320,49.438,CrossSignalRelativeStable_OBS,atomic,[CrossSignalRelativeStable_OBS],[1.0000],1,6,1.0000,[dt-1;dt-2;dt-3],[[6ed31b4b-2d4e-4187-8f3e-14a64f714008;d7edfd9f-34c6-43b1-9233-87d51e9e7c95;7a6ec107-e646-49f7-810c-934999a5a5b0;aa1ddfbf-b236-4ec6-97bd-6d226f260279;d8df3ba5-195c-4586-911d-119d37b964a0;40836424-81e9-4129-8eb6-838e8cd286c3]]
2026-04-26 10:07:56.320,49.438,CrossSignalDivergence_OBS,atomic,[CrossSignalDivergence_OBS],[1.0000],1,6,1.0000,[dt-1;dt-2;dt-3],[[6ed31b4b-2d4e-4187-8f3e-14a64f714008;d7edfd9f-34c6-43b1-9233-87d51e9e7c95;7a6ec107-e646-49f7-810c-934999a5a5b0;aa1ddfbf-b236-4ec6-97bd-6d226f260279;d8df3ba5-195c-4586-911d-119d37b964a0;40836424-81e9-4129-8eb6-838e8cd286c3]]
2026-04-26 10:07:56.333,49.451,CrossSignalRelativeStable_GT,atomic,[CrossSignalRelativeStable_GT],[1.0000],1,6,1.0000,[dt-1;dt-2;dt-3],[[c904d04a-65d5-4f06-b73c-7e4992d9c28e;7776badc-9bfc-4396-bb47-7446a730d31d;419e227c-9343-427e-a8a1-c082f100227f;3d620aa3-b88d-4389-b3bd-3b978034874d;1b84cdbd-61b4-4737-9404-fd3c8d2987cc;c26d5d61-1e95-49dc-9317-1650109f78a8]]
2026-04-26 10:07:56.333,49.451,CrossSignalDivergence_GT,atomic,[CrossSignalDivergence_GT],[1.0000],1,6,1.0000,[dt-1;dt-2;dt-3],[[c904d04a-65d5-4f06-b73c-7e4992d9c28e;7776badc-9bfc-4396-bb47-7446a730d31d;419e227c-9343-427e-a8a1-c082f100227f;3d620aa3-b88d-4389-b3bd-3b978034874d;1b84cdbd-61b4-4737-9404-fd3c8d2987cc;c26d5d61-1e95-49dc-9317-1650109f78a8]]
2026-04-26 10:07:56.333,49.451,CrossSignalRelativeStable_SYS,atomic,[CrossSignalRelativeStable_SYS],[1.0000],1,6,1.0000,[dt-1;dt-2;dt-3],[[6ed31b4b-2d4e-4187-8f3e-14a64f714008;d8df3ba5-195c-4586-911d-119d37b964a0;40836424-81e9-4129-8eb6-838e8cd286c3;aa1ddfbf-b236-4ec6-97bd-6d226f260279;d2ef242d-e0c7-4634-b84c-3b217e8d058c;c355a421-9adc-41d4-92cc-59927df866dd]]
2026-04-26 10:07:56.333,49.451,CrossSignalDivergence_SYS,atomic,[CrossSignalDivergence_SYS],[1.0000],1,6,1.0000,[dt-1;dt-2;dt-3],[[6ed31b4b-2d4e-4187-8f3e-14a64f714008;d8df3ba5-195c-4586-911d-119d37b964a0;40836424-81e9-4129-8eb6-838e8cd286c3;aa1ddfbf-b236-4ec6-97bd-6d226f260279;d2ef242d-e0c7-4634-b84c-3b217e8d058c;c355a421-9adc-41d4-92cc-59927df866dd]]
2026-04-26 10:07:56.431,49.549,CrossSignalRelativeStable_OBS,atomic,[CrossSignalRelativeStable_OBS],[1.0000],1,6,1.0000,[dt-1;dt-2;dt-3],[[aa1ddfbf-b236-4ec6-97bd-6d226f260279;d8df3ba5-195c-4586-911d-119d37b964a0;40836424-81e9-4129-8eb6-838e8cd286c3;d2fc07c6-7707-470c-8aa9-bb2deb88c87f;d2ef242d-e0c7-4634-b84c-3b217e8d058c;c355a421-9adc-41d4-92cc-59927df866dd]]
2026-04-26 10:07:56.432,49.550,CrossSignalDivergence_OBS,atomic,[CrossSignalDivergence_OBS],[1.0000],1,6,1.0000,[dt-1;dt-2;dt-3],[[aa1ddfbf-b236-4ec6-97bd-6d226f260279;d8df3ba5-195c-4586-911d-119d37b964a0;40836424-81e9-4129-8eb6-838e8cd286c3;d2fc07c6-7707-470c-8aa9-bb2deb88c87f;d2ef242d-e0c7-4634-b84c-3b217e8d058c;c355a421-9adc-41d4-92cc-59927df866dd]]
2026-04-26 10:07:56.442,49.560,CrossSignalRelativeStable_SYS,atomic,[CrossSignalRelativeStable_SYS],[1.0000],1,6,1.0000,[dt-1;dt-2;dt-3],[[aa1ddfbf-b236-4ec6-97bd-6d226f260279;d2ef242d-e0c7-4634-b84c-3b217e8d058c;c355a421-9adc-41d4-92cc-59927df866dd;d2fc07c6-7707-470c-8aa9-bb2deb88c87f;ccfcbe22-3a5b-4837-8ad0-c9d171101bf2;153b4cc8-4c6d-4a12-b232-03bf71aa5f83]]
2026-04-26 10:07:56.442,49.560,CrossSignalDivergence_SYS,atomic,[CrossSignalDivergence_SYS],[1.0000],1,6,1.0000,[dt-1;dt-2;dt-3],[[aa1ddfbf-b236-4ec6-97bd-6d226f260279;d2ef242d-e0c7-4634-b84c-3b217e8d058c;c355a421-9adc-41d4-92cc-59927df866dd;d2fc07c6-7707-470c-8aa9-bb2deb88c87f;ccfcbe22-3a5b-4837-8ad0-c9d171101bf2;153b4cc8-4c6d-4a12-b232-03bf71aa5f83]]
2026-04-26 10:07:56.449,49.567,CrossSignalRelativeStable_GT,atomic,[CrossSignalRelativeStable_GT],[1.0000],1,6,1.0000,[dt-1;dt-2;dt-3],[[3d620aa3-b88d-4389-b3bd-3b978034874d;1b84cdbd-61b4-4737-9404-fd3c8d2987cc;c26d5d61-1e95-49dc-9317-1650109f78a8;459bf0d0-3d47-4097-971f-48012aedc2ac;2801c3d1-d715-47ca-9711-30cec1f2d4af;b013fae3-b47c-49e1-a84e-98bf1caf66bd]]
2026-04-26 10:07:56.450,49.568,CrossSignalDivergence_GT,atomic,[CrossSignalDivergence_GT],[1.0000],1,6,1.0000,[dt-1;dt-2;dt-3],[[3d620aa3-b88d-4389-b3bd-3b978034874d;1b84cdbd-61b4-4737-9404-fd3c8d2987cc;c26d5d61-1e95-49dc-9317-1650109f78a8;459bf0d0-3d47-4097-971f-48012aedc2ac;2801c3d1-d715-47ca-9711-30cec1f2d4af;b013fae3-b47c-49e1-a84e-98bf1caf66bd]]
2026-04-26 10:07:56.544,49.662,CrossSignalRelativeStable_OBS,atomic,[CrossSignalRelativeStable_OBS],[1.0000],1,6,1.0000,[dt-1;dt-2;dt-3],[[d2fc07c6-7707-470c-8aa9-bb2deb88c87f;d2ef242d-e0c7-4634-b84c-3b217e8d058c;c355a421-9adc-41d4-92cc-59927df866dd;5b7301f7-bacd-4f50-8424-ecce8eba1128;ccfcbe22-3a5b-4837-8ad0-c9d171101bf2;153b4cc8-4c6d-4a12-b232-03bf71aa5f83]]
2026-04-26 10:07:56.544,49.662,CrossSignalDivergence_OBS,atomic,[CrossSignalDivergence_OBS],[1.0000],1,6,1.0000,[dt-1;dt-2;dt-3],[[d2fc07c6-7707-470c-8aa9-bb2deb88c87f;d2ef242d-e0c7-4634-b84c-3b217e8d058c;c355a421-9adc-41d4-92cc-59927df866dd;5b7301f7-bacd-4f50-8424-ecce8eba1128;ccfcbe22-3a5b-4837-8ad0-c9d171101bf2;153b4cc8-4c6d-4a12-b232-03bf71aa5f83]]
2026-04-26 10:07:56.557,49.675,CrossSignalRelativeStable_GT,atomic,[CrossSignalRelativeStable_GT],[1.0000],1,6,1.0000,[dt-1;dt-2;dt-3],[[459bf0d0-3d47-4097-971f-48012aedc2ac;2801c3d1-d715-47ca-9711-30cec1f2d4af;b013fae3-b47c-49e1-a84e-98bf1caf66bd;3bf958f3-205c-4100-ae4a-7c80ae5ad147;dd29e24d-41da-428e-b75d-7bdd0a1511e2;7587dcee-5ab7-4d35-8d16-26743a5bacaf]]
2026-04-26 10:07:56.557,49.675,CrossSignalDivergence_GT,atomic,[CrossSignalDivergence_GT],[1.0000],1,6,1.0000,[dt-1;dt-2;dt-3],[[459bf0d0-3d47-4097-971f-48012aedc2ac;2801c3d1-d715-47ca-9711-30cec1f2d4af;b013fae3-b47c-49e1-a84e-98bf1caf66bd;3bf958f3-205c-4100-ae4a-7c80ae5ad147;dd29e24d-41da-428e-b75d-7bdd0a1511e2;7587dcee-5ab7-4d35-8d16-26743a5bacaf]]
2026-04-26 10:07:56.557,49.675,CrossSignalRelativeStable_SYS,atomic,[CrossSignalRelativeStable_SYS],[1.0000],1,6,1.0000,[dt-1;dt-2;dt-3],[[d2fc07c6-7707-470c-8aa9-bb2deb88c87f;ccfcbe22-3a5b-4837-8ad0-c9d171101bf2;153b4cc8-4c6d-4a12-b232-03bf71aa5f83;5b7301f7-bacd-4f50-8424-ecce8eba1128;61d37277-0cfc-469c-9112-d3f373b51391;07cad0e1-3802-4bdd-acae-b7f6b10dfcd5]]
2026-04-26 10:07:56.557,49.675,CrossSignalDivergence_SYS,atomic,[CrossSignalDivergence_SYS],[1.0000],1,6,1.0000,[dt-1;dt-2;dt-3],[[d2fc07c6-7707-470c-8aa9-bb2deb88c87f;ccfcbe22-3a5b-4837-8ad0-c9d171101bf2;153b4cc8-4c6d-4a12-b232-03bf71aa5f83;5b7301f7-bacd-4f50-8424-ecce8eba1128;61d37277-0cfc-469c-9112-d3f373b51391;07cad0e1-3802-4bdd-acae-b7f6b10dfcd5]]
2026-04-26 10:07:56.655,49.773,CrossSignalRelativeStable_OBS,atomic,[CrossSignalRelativeStable_OBS],[1.0000],1,6,1.0000,[dt-1;dt-2;dt-3],[[5b7301f7-bacd-4f50-8424-ecce8eba1128;ccfcbe22-3a5b-4837-8ad0-c9d171101bf2;153b4cc8-4c6d-4a12-b232-03bf71aa5f83;fb821d9f-f97e-4a91-9def-9cc690024e03;61d37277-0cfc-469c-9112-d3f373b51391;07cad0e1-3802-4bdd-acae-b7f6b10dfcd5]]
2026-04-26 10:07:56.656,49.774,CrossSignalDivergence_OBS,atomic,[CrossSignalDivergence_OBS],[1.0000],1,6,1.0000,[dt-1;dt-2;dt-3],[[5b7301f7-bacd-4f50-8424-ecce8eba1128;ccfcbe22-3a5b-4837-8ad0-c9d171101bf2;153b4cc8-4c6d-4a12-b232-03bf71aa5f83;fb821d9f-f97e-4a91-9def-9cc690024e03;61d37277-0cfc-469c-9112-d3f373b51391;07cad0e1-3802-4bdd-acae-b7f6b10dfcd5]]
2026-04-26 10:07:56.667,49.785,CrossSignalRelativeStable_GT,atomic,[CrossSignalRelativeStable_GT],[1.0000],1,6,1.0000,[dt-1;dt-2;dt-3],[[3bf958f3-205c-4100-ae4a-7c80ae5ad147;dd29e24d-41da-428e-b75d-7bdd0a1511e2;7587dcee-5ab7-4d35-8d16-26743a5bacaf;c88ce709-6d67-4d5b-8eac-704a7eed447a;d7147e41-3e62-4ec5-b6ee-fcc4764a3275;562e99d7-ebd2-477d-a5e3-6f4acf3e2e3f]]
2026-04-26 10:07:56.667,49.785,CrossSignalDivergence_GT,atomic,[CrossSignalDivergence_GT],[1.0000],1,6,1.0000,[dt-1;dt-2;dt-3],[[3bf958f3-205c-4100-ae4a-7c80ae5ad147;dd29e24d-41da-428e-b75d-7bdd0a1511e2;7587dcee-5ab7-4d35-8d16-26743a5bacaf;c88ce709-6d67-4d5b-8eac-704a7eed447a;d7147e41-3e62-4ec5-b6ee-fcc4764a3275;562e99d7-ebd2-477d-a5e3-6f4acf3e2e3f]]
2026-04-26 10:07:56.668,49.786,CrossSignalRelativeStable_SYS,atomic,[CrossSignalRelativeStable_SYS],[1.0000],1,6,1.0000,[dt-1;dt-2;dt-3],[[5b7301f7-bacd-4f50-8424-ecce8eba1128;61d37277-0cfc-469c-9112-d3f373b51391;07cad0e1-3802-4bdd-acae-b7f6b10dfcd5;fb821d9f-f97e-4a91-9def-9cc690024e03;e6cc14fd-82a6-4833-a847-11b0612795ca;1a26913b-66c7-42f4-a4b6-5d4672199fa8]]
2026-04-26 10:07:56.668,49.786,CrossSignalDivergence_SYS,atomic,[CrossSignalDivergence_SYS],[1.0000],1,6,1.0000,[dt-1;dt-2;dt-3],[[5b7301f7-bacd-4f50-8424-ecce8eba1128;61d37277-0cfc-469c-9112-d3f373b51391;07cad0e1-3802-4bdd-acae-b7f6b10dfcd5;fb821d9f-f97e-4a91-9def-9cc690024e03;e6cc14fd-82a6-4833-a847-11b0612795ca;1a26913b-66c7-42f4-a4b6-5d4672199fa8]]
2026-04-26 10:07:56.766,49.884,CrossSignalRelativeStable_OBS,atomic,[CrossSignalRelativeStable_OBS],[1.0000],1,6,1.0000,[dt-1;dt-2;dt-3],[[fb821d9f-f97e-4a91-9def-9cc690024e03;61d37277-0cfc-469c-9112-d3f373b51391;07cad0e1-3802-4bdd-acae-b7f6b10dfcd5;b2ff4c6e-15c2-4498-8dc9-fd444527efca;e6cc14fd-82a6-4833-a847-11b0612795ca;1a26913b-66c7-42f4-a4b6-5d4672199fa8]]
2026-04-26 10:07:56.766,49.884,CrossSignalDivergence_OBS,atomic,[CrossSignalDivergence_OBS],[1.0000],1,6,1.0000,[dt-1;dt-2;dt-3],[[fb821d9f-f97e-4a91-9def-9cc690024e03;61d37277-0cfc-469c-9112-d3f373b51391;07cad0e1-3802-4bdd-acae-b7f6b10dfcd5;b2ff4c6e-15c2-4498-8dc9-fd444527efca;e6cc14fd-82a6-4833-a847-11b0612795ca;1a26913b-66c7-42f4-a4b6-5d4672199fa8]]
2026-04-26 10:07:56.778,49.896,CrossSignalRelativeStable_GT,atomic,[CrossSignalRelativeStable_GT],[1.0000],1,6,1.0000,[dt-1;dt-2;dt-3],[[c88ce709-6d67-4d5b-8eac-704a7eed447a;d7147e41-3e62-4ec5-b6ee-fcc4764a3275;562e99d7-ebd2-477d-a5e3-6f4acf3e2e3f;506c08f3-4f52-4304-9297-2689acff6264;c33819ff-97fa-4e81-995e-9c82100749ef;6716302b-4976-4c8a-be1e-3234068c053f]]
2026-04-26 10:07:56.779,49.897,CrossSignalDivergence_GT,atomic,[CrossSignalDivergence_GT],[1.0000],1,6,1.0000,[dt-1;dt-2;dt-3],[[c88ce709-6d67-4d5b-8eac-704a7eed447a;d7147e41-3e62-4ec5-b6ee-fcc4764a3275;562e99d7-ebd2-477d-a5e3-6f4acf3e2e3f;506c08f3-4f52-4304-9297-2689acff6264;c33819ff-97fa-4e81-995e-9c82100749ef;6716302b-4976-4c8a-be1e-3234068c053f]]
2026-04-26 10:07:56.779,49.897,CrossSignalRelativeStable_SYS,atomic,[CrossSignalRelativeStable_SYS],[1.0000],1,6,1.0000,[dt-1;dt-2;dt-3],[[fb821d9f-f97e-4a91-9def-9cc690024e03;e6cc14fd-82a6-4833-a847-11b0612795ca;1a26913b-66c7-42f4-a4b6-5d4672199fa8;b2ff4c6e-15c2-4498-8dc9-fd444527efca;a922df44-0bc9-4de4-ab72-e6cb52dba6ba;191ea628-5eda-4498-a03f-4495c3e87f22]]
2026-04-26 10:07:56.779,49.897,CrossSignalDivergence_SYS,atomic,[CrossSignalDivergence_SYS],[1.0000],1,6,1.0000,[dt-1;dt-2;dt-3],[[fb821d9f-f97e-4a91-9def-9cc690024e03;e6cc14fd-82a6-4833-a847-11b0612795ca;1a26913b-66c7-42f4-a4b6-5d4672199fa8;b2ff4c6e-15c2-4498-8dc9-fd444527efca;a922df44-0bc9-4de4-ab72-e6cb52dba6ba;191ea628-5eda-4498-a03f-4495c3e87f22]]
2026-04-26 10:07:56.876,49.994,CrossSignalRelativeStable_OBS,atomic,[CrossSignalRelativeStable_OBS],[1.0000],1,6,1.0000,[dt-1;dt-2;dt-3],[[b2ff4c6e-15c2-4498-8dc9-fd444527efca;e6cc14fd-82a6-4833-a847-11b0612795ca;1a26913b-66c7-42f4-a4b6-5d4672199fa8;0216d39d-af30-46af-958f-abbb0b5d2835;a922df44-0bc9-4de4-ab72-e6cb52dba6ba;191ea628-5eda-4498-a03f-4495c3e87f22]]
2026-04-26 10:07:56.876,49.994,CrossSignalDivergence_OBS,atomic,[CrossSignalDivergence_OBS],[1.0000],1,6,1.0000,[dt-1;dt-2;dt-3],[[b2ff4c6e-15c2-4498-8dc9-fd444527efca;e6cc14fd-82a6-4833-a847-11b0612795ca;1a26913b-66c7-42f4-a4b6-5d4672199fa8;0216d39d-af30-46af-958f-abbb0b5d2835;a922df44-0bc9-4de4-ab72-e6cb52dba6ba;191ea628-5eda-4498-a03f-4495c3e87f22]]
2026-04-26 10:07:56.888,50.006,CrossSignalRelativeStable_SYS,atomic,[CrossSignalRelativeStable_SYS],[1.0000],1,6,1.0000,[dt-1;dt-2;dt-3],[[b2ff4c6e-15c2-4498-8dc9-fd444527efca;a922df44-0bc9-4de4-ab72-e6cb52dba6ba;191ea628-5eda-4498-a03f-4495c3e87f22;0216d39d-af30-46af-958f-abbb0b5d2835;c3f41d86-64ca-4807-bae1-b16f9e97ef85;095790c2-c5e1-4040-8d1e-5a73b4dd0661]]
2026-04-26 10:07:56.888,50.006,CrossSignalDivergence_SYS,atomic,[CrossSignalDivergence_SYS],[1.0000],1,6,1.0000,[dt-1;dt-2;dt-3],[[b2ff4c6e-15c2-4498-8dc9-fd444527efca;a922df44-0bc9-4de4-ab72-e6cb52dba6ba;191ea628-5eda-4498-a03f-4495c3e87f22;0216d39d-af30-46af-958f-abbb0b5d2835;c3f41d86-64ca-4807-bae1-b16f9e97ef85;095790c2-c5e1-4040-8d1e-5a73b4dd0661]]
2026-04-26 10:07:56.894,50.012,CrossSignalRelativeStable_GT,atomic,[CrossSignalRelativeStable_GT],[1.0000],1,6,1.0000,[dt-1;dt-2;dt-3],[[506c08f3-4f52-4304-9297-2689acff6264;c33819ff-97fa-4e81-995e-9c82100749ef;6716302b-4976-4c8a-be1e-3234068c053f;3ba07ef2-eb31-4607-beab-fb0532322e39;7b17397c-8c95-4f70-a575-4a46735f69cc;69c5cd4e-f8fc-497f-818e-beb734bd1e0a]]
2026-04-26 10:07:56.894,50.012,CrossSignalDivergence_GT,atomic,[CrossSignalDivergence_GT],[1.0000],1,6,1.0000,[dt-1;dt-2;dt-3],[[506c08f3-4f52-4304-9297-2689acff6264;c33819ff-97fa-4e81-995e-9c82100749ef;6716302b-4976-4c8a-be1e-3234068c053f;3ba07ef2-eb31-4607-beab-fb0532322e39;7b17397c-8c95-4f70-a575-4a46735f69cc;69c5cd4e-f8fc-497f-818e-beb734bd1e0a]]
2026-04-26 10:07:56.986,50.104,CrossSignalRelativeStable_OBS,atomic,[CrossSignalRelativeStable_OBS],[1.0000],1,6,1.0000,[dt-1;dt-2;dt-3],[[0216d39d-af30-46af-958f-abbb0b5d2835;a922df44-0bc9-4de4-ab72-e6cb52dba6ba;191ea628-5eda-4498-a03f-4495c3e87f22;0eda22ea-4ffd-438c-a355-2f5fe80dac90;c3f41d86-64ca-4807-bae1-b16f9e97ef85;095790c2-c5e1-4040-8d1e-5a73b4dd0661]]
2026-04-26 10:07:56.986,50.104,CrossSignalDivergence_OBS,atomic,[CrossSignalDivergence_OBS],[1.0000],1,6,1.0000,[dt-1;dt-2;dt-3],[[0216d39d-af30-46af-958f-abbb0b5d2835;a922df44-0bc9-4de4-ab72-e6cb52dba6ba;191ea628-5eda-4498-a03f-4495c3e87f22;0eda22ea-4ffd-438c-a355-2f5fe80dac90;c3f41d86-64ca-4807-bae1-b16f9e97ef85;095790c2-c5e1-4040-8d1e-5a73b4dd0661]]
2026-04-26 10:07:56.997,50.115,CrossSignalRelativeStable_SYS,atomic,[CrossSignalRelativeStable_SYS],[1.0000],1,6,1.0000,[dt-1;dt-2;dt-3],[[0216d39d-af30-46af-958f-abbb0b5d2835;c3f41d86-64ca-4807-bae1-b16f9e97ef85;095790c2-c5e1-4040-8d1e-5a73b4dd0661;0eda22ea-4ffd-438c-a355-2f5fe80dac90;e312f587-b80f-44df-8661-6a65e074701c;e4f31c66-5512-4de4-aa33-e8b28c2628c0]]
2026-04-26 10:07:56.997,50.115,CrossSignalDivergence_SYS,atomic,[CrossSignalDivergence_SYS],[1.0000],1,6,1.0000,[dt-1;dt-2;dt-3],[[0216d39d-af30-46af-958f-abbb0b5d2835;c3f41d86-64ca-4807-bae1-b16f9e97ef85;095790c2-c5e1-4040-8d1e-5a73b4dd0661;0eda22ea-4ffd-438c-a355-2f5fe80dac90;e312f587-b80f-44df-8661-6a65e074701c;e4f31c66-5512-4de4-aa33-e8b28c2628c0]]
2026-04-26 10:07:57.004,50.122,CrossSignalRelativeStable_GT,atomic,[CrossSignalRelativeStable_GT],[1.0000],1,6,1.0000,[dt-1;dt-2;dt-3],[[3ba07ef2-eb31-4607-beab-fb0532322e39;7b17397c-8c95-4f70-a575-4a46735f69cc;69c5cd4e-f8fc-497f-818e-beb734bd1e0a;c69383f2-da3f-4082-bbe3-1b33db18e4df;61834de7-37fc-4a01-aae8-3c4b062a576a;d66c7f6c-5472-42f3-8f5a-3cdc9af84887]]
2026-04-26 10:07:57.004,50.122,CrossSignalDivergence_GT,atomic,[CrossSignalDivergence_GT],[1.0000],1,6,1.0000,[dt-1;dt-2;dt-3],[[3ba07ef2-eb31-4607-beab-fb0532322e39;7b17397c-8c95-4f70-a575-4a46735f69cc;69c5cd4e-f8fc-497f-818e-beb734bd1e0a;c69383f2-da3f-4082-bbe3-1b33db18e4df;61834de7-37fc-4a01-aae8-3c4b062a576a;d66c7f6c-5472-42f3-8f5a-3cdc9af84887]]
2026-04-26 10:07:57.102,50.220,CrossSignalRelativeStable_OBS,atomic,[CrossSignalRelativeStable_OBS],[1.0000],1,6,1.0000,[dt-1;dt-2;dt-3],[[0eda22ea-4ffd-438c-a355-2f5fe80dac90;c3f41d86-64ca-4807-bae1-b16f9e97ef85;095790c2-c5e1-4040-8d1e-5a73b4dd0661;743fb807-3d06-488c-bb7b-47a26d2a2f47;e312f587-b80f-44df-8661-6a65e074701c;e4f31c66-5512-4de4-aa33-e8b28c2628c0]]
2026-04-26 10:07:57.102,50.220,CrossSignalDivergence_OBS,atomic,[CrossSignalDivergence_OBS],[1.0000],1,6,1.0000,[dt-1;dt-2;dt-3],[[0eda22ea-4ffd-438c-a355-2f5fe80dac90;c3f41d86-64ca-4807-bae1-b16f9e97ef85;095790c2-c5e1-4040-8d1e-5a73b4dd0661;743fb807-3d06-488c-bb7b-47a26d2a2f47;e312f587-b80f-44df-8661-6a65e074701c;e4f31c66-5512-4de4-aa33-e8b28c2628c0]]
2026-04-26 10:07:57.116,50.234,CrossSignalRelativeStable_GT,atomic,[CrossSignalRelativeStable_GT],[1.0000],1,6,1.0000,[dt-1;dt-2;dt-3],[[c69383f2-da3f-4082-bbe3-1b33db18e4df;61834de7-37fc-4a01-aae8-3c4b062a576a;d66c7f6c-5472-42f3-8f5a-3cdc9af84887;0ca94c37-7217-4c02-aa3f-a78472f14ccd;61e5e3e2-7524-476d-9561-8d83279a6b01;4b637bdd-3863-4149-99dd-283f11caa56c]]
2026-04-26 10:07:57.116,50.234,CrossSignalDivergence_GT,atomic,[CrossSignalDivergence_GT],[1.0000],1,6,1.0000,[dt-1;dt-2;dt-3],[[c69383f2-da3f-4082-bbe3-1b33db18e4df;61834de7-37fc-4a01-aae8-3c4b062a576a;d66c7f6c-5472-42f3-8f5a-3cdc9af84887;0ca94c37-7217-4c02-aa3f-a78472f14ccd;61e5e3e2-7524-476d-9561-8d83279a6b01;4b637bdd-3863-4149-99dd-283f11caa56c]]
2026-04-26 10:07:57.116,50.234,CrossSignalRelativeStable_SYS,atomic,[CrossSignalRelativeStable_SYS],[1.0000],1,6,1.0000,[dt-1;dt-2;dt-3],[[0eda22ea-4ffd-438c-a355-2f5fe80dac90;e312f587-b80f-44df-8661-6a65e074701c;e4f31c66-5512-4de4-aa33-e8b28c2628c0;743fb807-3d06-488c-bb7b-47a26d2a2f47;3a004b7e-771c-4a1c-925b-6c45a2416dde;bfbf6b6d-dee7-4edb-8ebb-dc0328ad4476]]
2026-04-26 10:07:57.116,50.234,CrossSignalDivergence_SYS,atomic,[CrossSignalDivergence_SYS],[1.0000],1,6,1.0000,[dt-1;dt-2;dt-3],[[0eda22ea-4ffd-438c-a355-2f5fe80dac90;e312f587-b80f-44df-8661-6a65e074701c;e4f31c66-5512-4de4-aa33-e8b28c2628c0;743fb807-3d06-488c-bb7b-47a26d2a2f47;3a004b7e-771c-4a1c-925b-6c45a2416dde;bfbf6b6d-dee7-4edb-8ebb-dc0328ad4476]]
2026-04-26 10:07:57.205,50.323,CrossSignalRelativeStable_OBS,atomic,[CrossSignalRelativeStable_OBS],[1.0000],1,6,1.0000,[dt-1;dt-2;dt-3],[[743fb807-3d06-488c-bb7b-47a26d2a2f47;e312f587-b80f-44df-8661-6a65e074701c;e4f31c66-5512-4de4-aa33-e8b28c2628c0;309e11b0-3372-4183-81d1-dd035b51bd72;3a004b7e-771c-4a1c-925b-6c45a2416dde;bfbf6b6d-dee7-4edb-8ebb-dc0328ad4476]]
2026-04-26 10:07:57.206,50.324,CrossSignalDivergence_OBS,atomic,[CrossSignalDivergence_OBS],[1.0000],1,6,1.0000,[dt-1;dt-2;dt-3],[[743fb807-3d06-488c-bb7b-47a26d2a2f47;e312f587-b80f-44df-8661-6a65e074701c;e4f31c66-5512-4de4-aa33-e8b28c2628c0;309e11b0-3372-4183-81d1-dd035b51bd72;3a004b7e-771c-4a1c-925b-6c45a2416dde;bfbf6b6d-dee7-4edb-8ebb-dc0328ad4476]]
2026-04-26 10:07:57.217,50.335,CrossSignalRelativeStable_GT,atomic,[CrossSignalRelativeStable_GT],[1.0000],1,6,1.0000,[dt-1;dt-2;dt-3],[[0ca94c37-7217-4c02-aa3f-a78472f14ccd;61e5e3e2-7524-476d-9561-8d83279a6b01;4b637bdd-3863-4149-99dd-283f11caa56c;563e1094-0b5e-4eff-b0de-8febae9bb16a;2e0c1f02-5d56-490c-b867-aa4fe5c79aa3;3c343130-63f0-4594-bc7b-c4f769e3a30f]]
2026-04-26 10:07:57.217,50.335,CrossSignalDivergence_GT,atomic,[CrossSignalDivergence_GT],[1.0000],1,6,1.0000,[dt-1;dt-2;dt-3],[[0ca94c37-7217-4c02-aa3f-a78472f14ccd;61e5e3e2-7524-476d-9561-8d83279a6b01;4b637bdd-3863-4149-99dd-283f11caa56c;563e1094-0b5e-4eff-b0de-8febae9bb16a;2e0c1f02-5d56-490c-b867-aa4fe5c79aa3;3c343130-63f0-4594-bc7b-c4f769e3a30f]]
2026-04-26 10:07:57.217,50.335,CrossSignalRelativeStable_SYS,atomic,[CrossSignalRelativeStable_SYS],[1.0000],1,6,1.0000,[dt-1;dt-2;dt-3],[[743fb807-3d06-488c-bb7b-47a26d2a2f47;3a004b7e-771c-4a1c-925b-6c45a2416dde;bfbf6b6d-dee7-4edb-8ebb-dc0328ad4476;309e11b0-3372-4183-81d1-dd035b51bd72;f78be59a-39ec-4619-9322-8e1c1e0f677e;56367628-338f-4a72-877b-0faca3fa259f]]
2026-04-26 10:07:57.217,50.335,CrossSignalDivergence_SYS,atomic,[CrossSignalDivergence_SYS],[1.0000],1,6,1.0000,[dt-1;dt-2;dt-3],[[743fb807-3d06-488c-bb7b-47a26d2a2f47;3a004b7e-771c-4a1c-925b-6c45a2416dde;bfbf6b6d-dee7-4edb-8ebb-dc0328ad4476;309e11b0-3372-4183-81d1-dd035b51bd72;f78be59a-39ec-4619-9322-8e1c1e0f677e;56367628-338f-4a72-877b-0faca3fa259f]]
2026-04-26 10:07:57.314,50.432,CrossSignalRelativeStable_OBS,atomic,[CrossSignalRelativeStable_OBS],[1.0000],1,6,1.0000,[dt-1;dt-2;dt-3],[[309e11b0-3372-4183-81d1-dd035b51bd72;3a004b7e-771c-4a1c-925b-6c45a2416dde;bfbf6b6d-dee7-4edb-8ebb-dc0328ad4476;d299a76a-1fb8-45da-a340-38ff686079ca;f78be59a-39ec-4619-9322-8e1c1e0f677e;56367628-338f-4a72-877b-0faca3fa259f]]
2026-04-26 10:07:57.314,50.432,CrossSignalDivergence_OBS,atomic,[CrossSignalDivergence_OBS],[1.0000],1,6,1.0000,[dt-1;dt-2;dt-3],[[309e11b0-3372-4183-81d1-dd035b51bd72;3a004b7e-771c-4a1c-925b-6c45a2416dde;bfbf6b6d-dee7-4edb-8ebb-dc0328ad4476;d299a76a-1fb8-45da-a340-38ff686079ca;f78be59a-39ec-4619-9322-8e1c1e0f677e;56367628-338f-4a72-877b-0faca3fa259f]]
2026-04-26 10:07:57.325,50.443,CrossSignalRelativeStable_GT,atomic,[CrossSignalRelativeStable_GT],[1.0000],1,6,1.0000,[dt-1;dt-2;dt-3],[[563e1094-0b5e-4eff-b0de-8febae9bb16a;2e0c1f02-5d56-490c-b867-aa4fe5c79aa3;3c343130-63f0-4594-bc7b-c4f769e3a30f;2812e218-93f3-42b0-b595-2d568e8e4ba7;87f7f230-7aaa-48fc-a531-40f6e13a849c;a99535ea-3339-4752-9128-7a16f7508350]]
2026-04-26 10:07:57.325,50.443,CrossSignalDivergence_GT,atomic,[CrossSignalDivergence_GT],[1.0000],1,6,1.0000,[dt-1;dt-2;dt-3],[[563e1094-0b5e-4eff-b0de-8febae9bb16a;2e0c1f02-5d56-490c-b867-aa4fe5c79aa3;3c343130-63f0-4594-bc7b-c4f769e3a30f;2812e218-93f3-42b0-b595-2d568e8e4ba7;87f7f230-7aaa-48fc-a531-40f6e13a849c;a99535ea-3339-4752-9128-7a16f7508350]]
2026-04-26 10:07:57.326,50.444,CrossSignalRelativeStable_SYS,atomic,[CrossSignalRelativeStable_SYS],[1.0000],1,6,1.0000,[dt-1;dt-2;dt-3],[[309e11b0-3372-4183-81d1-dd035b51bd72;f78be59a-39ec-4619-9322-8e1c1e0f677e;56367628-338f-4a72-877b-0faca3fa259f;d299a76a-1fb8-45da-a340-38ff686079ca;98304423-53ee-4360-96a4-12ea5add1d77;561f4bf8-6662-48d6-aaaa-cc1fdd0a714f]]
2026-04-26 10:07:57.326,50.444,CrossSignalDivergence_SYS,atomic,[CrossSignalDivergence_SYS],[1.0000],1,6,1.0000,[dt-1;dt-2;dt-3],[[309e11b0-3372-4183-81d1-dd035b51bd72;f78be59a-39ec-4619-9322-8e1c1e0f677e;56367628-338f-4a72-877b-0faca3fa259f;d299a76a-1fb8-45da-a340-38ff686079ca;98304423-53ee-4360-96a4-12ea5add1d77;561f4bf8-6662-48d6-aaaa-cc1fdd0a714f]]
2026-04-26 10:07:57.424,50.542,CrossSignalRelativeStable_OBS,atomic,[CrossSignalRelativeStable_OBS],[1.0000],1,6,1.0000,[dt-1;dt-2;dt-3],[[d299a76a-1fb8-45da-a340-38ff686079ca;f78be59a-39ec-4619-9322-8e1c1e0f677e;56367628-338f-4a72-877b-0faca3fa259f;d4ea2754-9593-4fb9-a73f-27f266f2cf87;98304423-53ee-4360-96a4-12ea5add1d77;561f4bf8-6662-48d6-aaaa-cc1fdd0a714f]]
2026-04-26 10:07:57.424,50.542,CrossSignalDivergence_OBS,atomic,[CrossSignalDivergence_OBS],[1.0000],1,6,1.0000,[dt-1;dt-2;dt-3],[[d299a76a-1fb8-45da-a340-38ff686079ca;f78be59a-39ec-4619-9322-8e1c1e0f677e;56367628-338f-4a72-877b-0faca3fa259f;d4ea2754-9593-4fb9-a73f-27f266f2cf87;98304423-53ee-4360-96a4-12ea5add1d77;561f4bf8-6662-48d6-aaaa-cc1fdd0a714f]]
2026-04-26 10:07:57.436,50.554,CrossSignalRelativeStable_GT,atomic,[CrossSignalRelativeStable_GT],[1.0000],1,6,1.0000,[dt-1;dt-2;dt-3],[[2812e218-93f3-42b0-b595-2d568e8e4ba7;87f7f230-7aaa-48fc-a531-40f6e13a849c;a99535ea-3339-4752-9128-7a16f7508350;46ad8bf4-bc8c-4619-93cd-b83972b84408;1a46fb1b-acd0-4c24-bdbc-ed60592d2d6b;7f1d35b5-4782-4cba-87dc-f54a1f5a3347]]
2026-04-26 10:07:57.436,50.554,CrossSignalDivergence_GT,atomic,[CrossSignalDivergence_GT],[1.0000],1,6,1.0000,[dt-1;dt-2;dt-3],[[2812e218-93f3-42b0-b595-2d568e8e4ba7;87f7f230-7aaa-48fc-a531-40f6e13a849c;a99535ea-3339-4752-9128-7a16f7508350;46ad8bf4-bc8c-4619-93cd-b83972b84408;1a46fb1b-acd0-4c24-bdbc-ed60592d2d6b;7f1d35b5-4782-4cba-87dc-f54a1f5a3347]]
2026-04-26 10:07:57.436,50.554,CrossSignalRelativeStable_SYS,atomic,[CrossSignalRelativeStable_SYS],[1.0000],1,6,1.0000,[dt-1;dt-2;dt-3],[[d299a76a-1fb8-45da-a340-38ff686079ca;98304423-53ee-4360-96a4-12ea5add1d77;561f4bf8-6662-48d6-aaaa-cc1fdd0a714f;d4ea2754-9593-4fb9-a73f-27f266f2cf87;1f8dd4a0-3abb-40de-b87d-6acb2988658d;fc1ad69f-4f5f-4cf5-8b4d-2ceb46b5518d]]
2026-04-26 10:07:57.436,50.554,CrossSignalDivergence_SYS,atomic,[CrossSignalDivergence_SYS],[1.0000],1,6,1.0000,[dt-1;dt-2;dt-3],[[d299a76a-1fb8-45da-a340-38ff686079ca;98304423-53ee-4360-96a4-12ea5add1d77;561f4bf8-6662-48d6-aaaa-cc1fdd0a714f;d4ea2754-9593-4fb9-a73f-27f266f2cf87;1f8dd4a0-3abb-40de-b87d-6acb2988658d;fc1ad69f-4f5f-4cf5-8b4d-2ceb46b5518d]]
2026-04-26 10:07:57.532,50.650,CrossSignalRelativeStable_OBS,atomic,[CrossSignalRelativeStable_OBS],[1.0000],1,6,1.0000,[dt-1;dt-2;dt-3],[[d4ea2754-9593-4fb9-a73f-27f266f2cf87;98304423-53ee-4360-96a4-12ea5add1d77;561f4bf8-6662-48d6-aaaa-cc1fdd0a714f;adb7477d-cfae-4cea-9ad3-b8dbe4733132;1f8dd4a0-3abb-40de-b87d-6acb2988658d;fc1ad69f-4f5f-4cf5-8b4d-2ceb46b5518d]]
2026-04-26 10:07:57.532,50.650,CrossSignalDivergence_OBS,atomic,[CrossSignalDivergence_OBS],[1.0000],1,6,1.0000,[dt-1;dt-2;dt-3],[[d4ea2754-9593-4fb9-a73f-27f266f2cf87;98304423-53ee-4360-96a4-12ea5add1d77;561f4bf8-6662-48d6-aaaa-cc1fdd0a714f;adb7477d-cfae-4cea-9ad3-b8dbe4733132;1f8dd4a0-3abb-40de-b87d-6acb2988658d;fc1ad69f-4f5f-4cf5-8b4d-2ceb46b5518d]]
2026-04-26 10:07:57.544,50.662,CrossSignalRelativeStable_GT,atomic,[CrossSignalRelativeStable_GT],[1.0000],1,6,1.0000,[dt-1;dt-2;dt-3],[[46ad8bf4-bc8c-4619-93cd-b83972b84408;1a46fb1b-acd0-4c24-bdbc-ed60592d2d6b;7f1d35b5-4782-4cba-87dc-f54a1f5a3347;8982e2f8-0b40-4909-815f-472ef9d22ae7;39166e47-217c-4198-ad77-fe37c9911141;f926f3a9-6044-413e-83f1-e632b7b557c9]]
2026-04-26 10:07:57.544,50.662,CrossSignalDivergence_GT,atomic,[CrossSignalDivergence_GT],[1.0000],1,6,1.0000,[dt-1;dt-2;dt-3],[[46ad8bf4-bc8c-4619-93cd-b83972b84408;1a46fb1b-acd0-4c24-bdbc-ed60592d2d6b;7f1d35b5-4782-4cba-87dc-f54a1f5a3347;8982e2f8-0b40-4909-815f-472ef9d22ae7;39166e47-217c-4198-ad77-fe37c9911141;f926f3a9-6044-413e-83f1-e632b7b557c9]]
2026-04-26 10:07:57.544,50.662,CrossSignalRelativeStable_SYS,atomic,[CrossSignalRelativeStable_SYS],[1.0000],1,6,1.0000,[dt-1;dt-2;dt-3],[[d4ea2754-9593-4fb9-a73f-27f266f2cf87;1f8dd4a0-3abb-40de-b87d-6acb2988658d;fc1ad69f-4f5f-4cf5-8b4d-2ceb46b5518d;adb7477d-cfae-4cea-9ad3-b8dbe4733132;b430bbe1-6d22-46e4-9399-6e9422098111;acb5137f-0c1c-4a2c-b285-ea59282ade37]]
2026-04-26 10:07:57.544,50.662,CrossSignalDivergence_SYS,atomic,[CrossSignalDivergence_SYS],[1.0000],1,6,1.0000,[dt-1;dt-2;dt-3],[[d4ea2754-9593-4fb9-a73f-27f266f2cf87;1f8dd4a0-3abb-40de-b87d-6acb2988658d;fc1ad69f-4f5f-4cf5-8b4d-2ceb46b5518d;adb7477d-cfae-4cea-9ad3-b8dbe4733132;b430bbe1-6d22-46e4-9399-6e9422098111;acb5137f-0c1c-4a2c-b285-ea59282ade37]]
2026-04-26 10:07:57.643,50.761,CrossSignalRelativeStable_OBS,atomic,[CrossSignalRelativeStable_OBS],[1.0000],1,6,1.0000,[dt-1;dt-2;dt-3],[[adb7477d-cfae-4cea-9ad3-b8dbe4733132;1f8dd4a0-3abb-40de-b87d-6acb2988658d;fc1ad69f-4f5f-4cf5-8b4d-2ceb46b5518d;41278168-df89-4746-bd3d-6c2e01c2a070;b430bbe1-6d22-46e4-9399-6e9422098111;acb5137f-0c1c-4a2c-b285-ea59282ade37]]
2026-04-26 10:07:57.644,50.762,CrossSignalDivergence_OBS,atomic,[CrossSignalDivergence_OBS],[1.0000],1,6,1.0000,[dt-1;dt-2;dt-3],[[adb7477d-cfae-4cea-9ad3-b8dbe4733132;1f8dd4a0-3abb-40de-b87d-6acb2988658d;fc1ad69f-4f5f-4cf5-8b4d-2ceb46b5518d;41278168-df89-4746-bd3d-6c2e01c2a070;b430bbe1-6d22-46e4-9399-6e9422098111;acb5137f-0c1c-4a2c-b285-ea59282ade37]]
2026-04-26 10:07:57.656,50.774,CrossSignalRelativeStable_SYS,atomic,[CrossSignalRelativeStable_SYS],[1.0000],1,6,1.0000,[dt-1;dt-2;dt-3],[[adb7477d-cfae-4cea-9ad3-b8dbe4733132;b430bbe1-6d22-46e4-9399-6e9422098111;acb5137f-0c1c-4a2c-b285-ea59282ade37;41278168-df89-4746-bd3d-6c2e01c2a070;9d621d21-2e24-44b7-8aa4-63626a088c04;db5cb5d2-b85c-4806-95cd-2055791670a0]]
2026-04-26 10:07:57.656,50.774,CrossSignalDivergence_SYS,atomic,[CrossSignalDivergence_SYS],[1.0000],1,6,1.0000,[dt-1;dt-2;dt-3],[[adb7477d-cfae-4cea-9ad3-b8dbe4733132;b430bbe1-6d22-46e4-9399-6e9422098111;acb5137f-0c1c-4a2c-b285-ea59282ade37;41278168-df89-4746-bd3d-6c2e01c2a070;9d621d21-2e24-44b7-8aa4-63626a088c04;db5cb5d2-b85c-4806-95cd-2055791670a0]]
2026-04-26 10:07:57.662,50.780,CrossSignalRelativeStable_GT,atomic,[CrossSignalRelativeStable_GT],[1.0000],1,6,1.0000,[dt-1;dt-2;dt-3],[[8982e2f8-0b40-4909-815f-472ef9d22ae7;39166e47-217c-4198-ad77-fe37c9911141;f926f3a9-6044-413e-83f1-e632b7b557c9;ac959c15-604a-4f18-96c8-11339a6a30ff;cda37f5c-b214-4ece-9ce8-c109a4b800b1;82ebf4cb-6afc-436a-ae97-7d692a3cdfa5]]
2026-04-26 10:07:57.662,50.780,CrossSignalDivergence_GT,atomic,[CrossSignalDivergence_GT],[1.0000],1,6,1.0000,[dt-1;dt-2;dt-3],[[8982e2f8-0b40-4909-815f-472ef9d22ae7;39166e47-217c-4198-ad77-fe37c9911141;f926f3a9-6044-413e-83f1-e632b7b557c9;ac959c15-604a-4f18-96c8-11339a6a30ff;cda37f5c-b214-4ece-9ce8-c109a4b800b1;82ebf4cb-6afc-436a-ae97-7d692a3cdfa5]]
2026-04-26 10:07:57.756,50.874,CrossSignalRelativeStable_OBS,atomic,[CrossSignalRelativeStable_OBS],[1.0000],1,6,1.0000,[dt-1;dt-2;dt-3],[[41278168-df89-4746-bd3d-6c2e01c2a070;b430bbe1-6d22-46e4-9399-6e9422098111;acb5137f-0c1c-4a2c-b285-ea59282ade37;99d707cf-e444-458d-915c-b377a93bd2c3;9d621d21-2e24-44b7-8aa4-63626a088c04;db5cb5d2-b85c-4806-95cd-2055791670a0]]
2026-04-26 10:07:57.758,50.876,CrossSignalDivergence_OBS,atomic,[CrossSignalDivergence_OBS],[1.0000],1,6,1.0000,[dt-1;dt-2;dt-3],[[41278168-df89-4746-bd3d-6c2e01c2a070;b430bbe1-6d22-46e4-9399-6e9422098111;acb5137f-0c1c-4a2c-b285-ea59282ade37;99d707cf-e444-458d-915c-b377a93bd2c3;9d621d21-2e24-44b7-8aa4-63626a088c04;db5cb5d2-b85c-4806-95cd-2055791670a0]]
2026-04-26 10:07:57.770,50.888,CrossSignalRelativeStable_GT,atomic,[CrossSignalRelativeStable_GT],[1.0000],1,6,1.0000,[dt-1;dt-2;dt-3],[[ac959c15-604a-4f18-96c8-11339a6a30ff;cda37f5c-b214-4ece-9ce8-c109a4b800b1;82ebf4cb-6afc-436a-ae97-7d692a3cdfa5;b3a8f8ab-c73f-4bde-b7cd-5f569fc86a27;1acf63dd-095e-4131-9db9-53904e3e2c1c;f2c3e8f7-2261-4e7f-8e40-c3ba6785ab85]]
2026-04-26 10:07:57.770,50.888,CrossSignalDivergence_GT,atomic,[CrossSignalDivergence_GT],[1.0000],1,6,1.0000,[dt-1;dt-2;dt-3],[[ac959c15-604a-4f18-96c8-11339a6a30ff;cda37f5c-b214-4ece-9ce8-c109a4b800b1;82ebf4cb-6afc-436a-ae97-7d692a3cdfa5;b3a8f8ab-c73f-4bde-b7cd-5f569fc86a27;1acf63dd-095e-4131-9db9-53904e3e2c1c;f2c3e8f7-2261-4e7f-8e40-c3ba6785ab85]]
2026-04-26 10:07:57.771,50.889,CrossSignalRelativeStable_SYS,atomic,[CrossSignalRelativeStable_SYS],[1.0000],1,6,1.0000,[dt-1;dt-2;dt-3],[[41278168-df89-4746-bd3d-6c2e01c2a070;9d621d21-2e24-44b7-8aa4-63626a088c04;db5cb5d2-b85c-4806-95cd-2055791670a0;99d707cf-e444-458d-915c-b377a93bd2c3;fd2be72c-e8cf-4fc9-9a2a-eb0851d51ecb;d21005c6-80c6-4e2e-ade2-3beff94cb114]]
2026-04-26 10:07:57.771,50.889,CrossSignalDivergence_SYS,atomic,[CrossSignalDivergence_SYS],[1.0000],1,6,1.0000,[dt-1;dt-2;dt-3],[[41278168-df89-4746-bd3d-6c2e01c2a070;9d621d21-2e24-44b7-8aa4-63626a088c04;db5cb5d2-b85c-4806-95cd-2055791670a0;99d707cf-e444-458d-915c-b377a93bd2c3;fd2be72c-e8cf-4fc9-9a2a-eb0851d51ecb;d21005c6-80c6-4e2e-ade2-3beff94cb114]]
2026-04-26 10:07:57.866,50.984,CrossSignalRelativeStable_OBS,atomic,[CrossSignalRelativeStable_OBS],[1.0000],1,6,1.0000,[dt-1;dt-2;dt-3],[[99d707cf-e444-458d-915c-b377a93bd2c3;9d621d21-2e24-44b7-8aa4-63626a088c04;db5cb5d2-b85c-4806-95cd-2055791670a0;7026aeff-ab05-4b9c-a3ea-78dcac9bd289;fd2be72c-e8cf-4fc9-9a2a-eb0851d51ecb;d21005c6-80c6-4e2e-ade2-3beff94cb114]]
2026-04-26 10:07:57.866,50.984,CrossSignalDivergence_OBS,atomic,[CrossSignalDivergence_OBS],[1.0000],1,6,1.0000,[dt-1;dt-2;dt-3],[[99d707cf-e444-458d-915c-b377a93bd2c3;9d621d21-2e24-44b7-8aa4-63626a088c04;db5cb5d2-b85c-4806-95cd-2055791670a0;7026aeff-ab05-4b9c-a3ea-78dcac9bd289;fd2be72c-e8cf-4fc9-9a2a-eb0851d51ecb;d21005c6-80c6-4e2e-ade2-3beff94cb114]]
2026-04-26 10:07:57.879,50.997,CrossSignalRelativeStable_GT,atomic,[CrossSignalRelativeStable_GT],[1.0000],1,6,1.0000,[dt-1;dt-2;dt-3],[[b3a8f8ab-c73f-4bde-b7cd-5f569fc86a27;1acf63dd-095e-4131-9db9-53904e3e2c1c;f2c3e8f7-2261-4e7f-8e40-c3ba6785ab85;eb7d4345-6b1a-4292-8e78-fec1083158f5;944085ce-06e1-4646-b391-b8275caac995;0bfb6e86-5b8a-4f97-bd5a-45b67a72c41d]]
2026-04-26 10:07:57.879,50.997,CrossSignalDivergence_GT,atomic,[CrossSignalDivergence_GT],[1.0000],1,6,1.0000,[dt-1;dt-2;dt-3],[[b3a8f8ab-c73f-4bde-b7cd-5f569fc86a27;1acf63dd-095e-4131-9db9-53904e3e2c1c;f2c3e8f7-2261-4e7f-8e40-c3ba6785ab85;eb7d4345-6b1a-4292-8e78-fec1083158f5;944085ce-06e1-4646-b391-b8275caac995;0bfb6e86-5b8a-4f97-bd5a-45b67a72c41d]]
2026-04-26 10:07:57.880,50.998,CrossSignalRelativeStable_SYS,atomic,[CrossSignalRelativeStable_SYS],[1.0000],1,6,1.0000,[dt-1;dt-2;dt-3],[[99d707cf-e444-458d-915c-b377a93bd2c3;fd2be72c-e8cf-4fc9-9a2a-eb0851d51ecb;d21005c6-80c6-4e2e-ade2-3beff94cb114;7026aeff-ab05-4b9c-a3ea-78dcac9bd289;03416c9e-ef55-4338-a865-afcddf967fb4;d6175924-8626-4042-a104-19b05e2605dc]]
2026-04-26 10:07:57.880,50.998,CrossSignalDivergence_SYS,atomic,[CrossSignalDivergence_SYS],[1.0000],1,6,1.0000,[dt-1;dt-2;dt-3],[[99d707cf-e444-458d-915c-b377a93bd2c3;fd2be72c-e8cf-4fc9-9a2a-eb0851d51ecb;d21005c6-80c6-4e2e-ade2-3beff94cb114;7026aeff-ab05-4b9c-a3ea-78dcac9bd289;03416c9e-ef55-4338-a865-afcddf967fb4;d6175924-8626-4042-a104-19b05e2605dc]]
2026-04-26 10:07:57.974,51.092,CrossSignalRelativeStable_OBS,atomic,[CrossSignalRelativeStable_OBS],[1.0000],1,6,1.0000,[dt-1;dt-2;dt-3],[[7026aeff-ab05-4b9c-a3ea-78dcac9bd289;fd2be72c-e8cf-4fc9-9a2a-eb0851d51ecb;d21005c6-80c6-4e2e-ade2-3beff94cb114;07974422-5610-45e8-8cd1-fee92e7053b2;03416c9e-ef55-4338-a865-afcddf967fb4;d6175924-8626-4042-a104-19b05e2605dc]]
2026-04-26 10:07:57.974,51.092,CrossSignalDivergence_OBS,atomic,[CrossSignalDivergence_OBS],[1.0000],1,6,1.0000,[dt-1;dt-2;dt-3],[[7026aeff-ab05-4b9c-a3ea-78dcac9bd289;fd2be72c-e8cf-4fc9-9a2a-eb0851d51ecb;d21005c6-80c6-4e2e-ade2-3beff94cb114;07974422-5610-45e8-8cd1-fee92e7053b2;03416c9e-ef55-4338-a865-afcddf967fb4;d6175924-8626-4042-a104-19b05e2605dc]]
2026-04-26 10:07:57.986,51.104,CrossSignalRelativeStable_GT,atomic,[CrossSignalRelativeStable_GT],[1.0000],1,6,1.0000,[dt-1;dt-2;dt-3],[[eb7d4345-6b1a-4292-8e78-fec1083158f5;944085ce-06e1-4646-b391-b8275caac995;0bfb6e86-5b8a-4f97-bd5a-45b67a72c41d;91325c6a-da57-4ee2-b87c-93034a63fcc9;98d58e9e-b090-49bc-97be-a9fa4e796862;19983fde-380b-462a-a798-e1a4ecad81ab]]
2026-04-26 10:07:57.987,51.105,CrossSignalDivergence_GT,atomic,[CrossSignalDivergence_GT],[1.0000],1,6,1.0000,[dt-1;dt-2;dt-3],[[eb7d4345-6b1a-4292-8e78-fec1083158f5;944085ce-06e1-4646-b391-b8275caac995;0bfb6e86-5b8a-4f97-bd5a-45b67a72c41d;91325c6a-da57-4ee2-b87c-93034a63fcc9;98d58e9e-b090-49bc-97be-a9fa4e796862;19983fde-380b-462a-a798-e1a4ecad81ab]]
2026-04-26 10:07:57.987,51.105,CrossSignalRelativeStable_SYS,atomic,[CrossSignalRelativeStable_SYS],[1.0000],1,6,1.0000,[dt-1;dt-2;dt-3],[[7026aeff-ab05-4b9c-a3ea-78dcac9bd289;03416c9e-ef55-4338-a865-afcddf967fb4;d6175924-8626-4042-a104-19b05e2605dc;07974422-5610-45e8-8cd1-fee92e7053b2;00d3ce3b-bc07-4532-a966-9a29d4005160;becd03eb-0f44-49c5-a588-23f5dc475cf1]]
2026-04-26 10:07:57.987,51.105,CrossSignalDivergence_SYS,atomic,[CrossSignalDivergence_SYS],[1.0000],1,6,1.0000,[dt-1;dt-2;dt-3],[[7026aeff-ab05-4b9c-a3ea-78dcac9bd289;03416c9e-ef55-4338-a865-afcddf967fb4;d6175924-8626-4042-a104-19b05e2605dc;07974422-5610-45e8-8cd1-fee92e7053b2;00d3ce3b-bc07-4532-a966-9a29d4005160;becd03eb-0f44-49c5-a588-23f5dc475cf1]]
2026-04-26 10:07:58.089,51.207,CrossSignalRelativeStable_OBS,atomic,[CrossSignalRelativeStable_OBS],[1.0000],1,6,1.0000,[dt-1;dt-2;dt-3],[[07974422-5610-45e8-8cd1-fee92e7053b2;03416c9e-ef55-4338-a865-afcddf967fb4;d6175924-8626-4042-a104-19b05e2605dc;84adbfe6-7e8a-4540-9818-2e1359ff2c17;00d3ce3b-bc07-4532-a966-9a29d4005160;becd03eb-0f44-49c5-a588-23f5dc475cf1]]
2026-04-26 10:07:58.089,51.207,CrossSignalDivergence_OBS,atomic,[CrossSignalDivergence_OBS],[1.0000],1,6,1.0000,[dt-1;dt-2;dt-3],[[07974422-5610-45e8-8cd1-fee92e7053b2;03416c9e-ef55-4338-a865-afcddf967fb4;d6175924-8626-4042-a104-19b05e2605dc;84adbfe6-7e8a-4540-9818-2e1359ff2c17;00d3ce3b-bc07-4532-a966-9a29d4005160;becd03eb-0f44-49c5-a588-23f5dc475cf1]]
2026-04-26 10:07:58.101,51.219,CrossSignalRelativeStable_SYS,atomic,[CrossSignalRelativeStable_SYS],[1.0000],1,6,1.0000,[dt-1;dt-2;dt-3],[[07974422-5610-45e8-8cd1-fee92e7053b2;00d3ce3b-bc07-4532-a966-9a29d4005160;becd03eb-0f44-49c5-a588-23f5dc475cf1;84adbfe6-7e8a-4540-9818-2e1359ff2c17;8a47abcb-5bd3-4b06-b317-a5803a268c7f;9156a61d-0548-4074-b824-12b757ca012f]]
2026-04-26 10:07:58.101,51.219,CrossSignalDivergence_SYS,atomic,[CrossSignalDivergence_SYS],[1.0000],1,6,1.0000,[dt-1;dt-2;dt-3],[[07974422-5610-45e8-8cd1-fee92e7053b2;00d3ce3b-bc07-4532-a966-9a29d4005160;becd03eb-0f44-49c5-a588-23f5dc475cf1;84adbfe6-7e8a-4540-9818-2e1359ff2c17;8a47abcb-5bd3-4b06-b317-a5803a268c7f;9156a61d-0548-4074-b824-12b757ca012f]]
2026-04-26 10:07:58.107,51.225,CrossSignalRelativeStable_GT,atomic,[CrossSignalRelativeStable_GT],[1.0000],1,6,1.0000,[dt-1;dt-2;dt-3],[[91325c6a-da57-4ee2-b87c-93034a63fcc9;98d58e9e-b090-49bc-97be-a9fa4e796862;19983fde-380b-462a-a798-e1a4ecad81ab;d58aa3e7-0867-4833-add9-c77f0524f432;47eff2a4-fbea-4cbe-ae4f-4704b5115cc7;3d7fae38-bdc6-4559-86ec-0e193d37e36a]]
2026-04-26 10:07:58.108,51.226,CrossSignalDivergence_GT,atomic,[CrossSignalDivergence_GT],[1.0000],1,6,1.0000,[dt-1;dt-2;dt-3],[[91325c6a-da57-4ee2-b87c-93034a63fcc9;98d58e9e-b090-49bc-97be-a9fa4e796862;19983fde-380b-462a-a798-e1a4ecad81ab;d58aa3e7-0867-4833-add9-c77f0524f432;47eff2a4-fbea-4cbe-ae4f-4704b5115cc7;3d7fae38-bdc6-4559-86ec-0e193d37e36a]]
2026-04-26 10:07:58.205,51.323,CrossSignalRelativeStable_OBS,atomic,[CrossSignalRelativeStable_OBS],[1.0000],1,6,1.0000,[dt-1;dt-2;dt-3],[[84adbfe6-7e8a-4540-9818-2e1359ff2c17;00d3ce3b-bc07-4532-a966-9a29d4005160;becd03eb-0f44-49c5-a588-23f5dc475cf1;e4f60f7a-6cc8-429e-ad2a-272a1ded1877;8a47abcb-5bd3-4b06-b317-a5803a268c7f;9156a61d-0548-4074-b824-12b757ca012f]]
2026-04-26 10:07:58.205,51.323,CrossSignalDivergence_OBS,atomic,[CrossSignalDivergence_OBS],[1.0000],1,6,1.0000,[dt-1;dt-2;dt-3],[[84adbfe6-7e8a-4540-9818-2e1359ff2c17;00d3ce3b-bc07-4532-a966-9a29d4005160;becd03eb-0f44-49c5-a588-23f5dc475cf1;e4f60f7a-6cc8-429e-ad2a-272a1ded1877;8a47abcb-5bd3-4b06-b317-a5803a268c7f;9156a61d-0548-4074-b824-12b757ca012f]]
2026-04-26 10:07:58.217,51.335,CrossSignalRelativeStable_GT,atomic,[CrossSignalRelativeStable_GT],[1.0000],1,6,1.0000,[dt-1;dt-2;dt-3],[[d58aa3e7-0867-4833-add9-c77f0524f432;47eff2a4-fbea-4cbe-ae4f-4704b5115cc7;3d7fae38-bdc6-4559-86ec-0e193d37e36a;647f7c48-787c-41b2-9cc8-ec0d12399076;902b82ac-ac71-4036-8209-9a84db92ea85;a15cbef4-f700-41bc-81ec-d27becb38a4e]]
2026-04-26 10:07:58.217,51.335,CrossSignalDivergence_GT,atomic,[CrossSignalDivergence_GT],[1.0000],1,6,1.0000,[dt-1;dt-2;dt-3],[[d58aa3e7-0867-4833-add9-c77f0524f432;47eff2a4-fbea-4cbe-ae4f-4704b5115cc7;3d7fae38-bdc6-4559-86ec-0e193d37e36a;647f7c48-787c-41b2-9cc8-ec0d12399076;902b82ac-ac71-4036-8209-9a84db92ea85;a15cbef4-f700-41bc-81ec-d27becb38a4e]]
2026-04-26 10:07:58.217,51.335,CrossSignalRelativeStable_SYS,atomic,[CrossSignalRelativeStable_SYS],[1.0000],1,6,1.0000,[dt-1;dt-2;dt-3],[[84adbfe6-7e8a-4540-9818-2e1359ff2c17;8a47abcb-5bd3-4b06-b317-a5803a268c7f;9156a61d-0548-4074-b824-12b757ca012f;e4f60f7a-6cc8-429e-ad2a-272a1ded1877;7f2a6d2d-1a63-44c8-a69d-00a5fc8cb55c;ad697860-9ba1-471a-bc98-38b1dcb09807]]
2026-04-26 10:07:58.217,51.335,CrossSignalDivergence_SYS,atomic,[CrossSignalDivergence_SYS],[1.0000],1,6,1.0000,[dt-1;dt-2;dt-3],[[84adbfe6-7e8a-4540-9818-2e1359ff2c17;8a47abcb-5bd3-4b06-b317-a5803a268c7f;9156a61d-0548-4074-b824-12b757ca012f;e4f60f7a-6cc8-429e-ad2a-272a1ded1877;7f2a6d2d-1a63-44c8-a69d-00a5fc8cb55c;ad697860-9ba1-471a-bc98-38b1dcb09807]]
2026-04-26 10:07:58.311,51.429,CrossSignalRelativeStable_OBS,atomic,[CrossSignalRelativeStable_OBS],[1.0000],1,6,1.0000,[dt-1;dt-2;dt-3],[[e4f60f7a-6cc8-429e-ad2a-272a1ded1877;8a47abcb-5bd3-4b06-b317-a5803a268c7f;9156a61d-0548-4074-b824-12b757ca012f;a67697c3-be18-4e81-8cb3-4e31336e1db7;7f2a6d2d-1a63-44c8-a69d-00a5fc8cb55c;ad697860-9ba1-471a-bc98-38b1dcb09807]]
2026-04-26 10:07:58.312,51.430,CrossSignalDivergence_OBS,atomic,[CrossSignalDivergence_OBS],[1.0000],1,6,1.0000,[dt-1;dt-2;dt-3],[[e4f60f7a-6cc8-429e-ad2a-272a1ded1877;8a47abcb-5bd3-4b06-b317-a5803a268c7f;9156a61d-0548-4074-b824-12b757ca012f;a67697c3-be18-4e81-8cb3-4e31336e1db7;7f2a6d2d-1a63-44c8-a69d-00a5fc8cb55c;ad697860-9ba1-471a-bc98-38b1dcb09807]]
2026-04-26 10:07:58.324,51.442,CrossSignalRelativeStable_GT,atomic,[CrossSignalRelativeStable_GT],[1.0000],1,6,1.0000,[dt-1;dt-2;dt-3],[[647f7c48-787c-41b2-9cc8-ec0d12399076;902b82ac-ac71-4036-8209-9a84db92ea85;a15cbef4-f700-41bc-81ec-d27becb38a4e;bc27ddc3-28eb-4a57-a082-560907e4e561;8e27b7e9-0dce-438c-99ba-17f09c00cb89;6c31cb77-b789-4645-ae29-e7046f9e189d]]
2026-04-26 10:07:58.325,51.443,CrossSignalDivergence_GT,atomic,[CrossSignalDivergence_GT],[1.0000],1,6,1.0000,[dt-1;dt-2;dt-3],[[647f7c48-787c-41b2-9cc8-ec0d12399076;902b82ac-ac71-4036-8209-9a84db92ea85;a15cbef4-f700-41bc-81ec-d27becb38a4e;bc27ddc3-28eb-4a57-a082-560907e4e561;8e27b7e9-0dce-438c-99ba-17f09c00cb89;6c31cb77-b789-4645-ae29-e7046f9e189d]]
2026-04-26 10:07:58.325,51.443,CrossSignalRelativeStable_SYS,atomic,[CrossSignalRelativeStable_SYS],[1.0000],1,6,1.0000,[dt-1;dt-2;dt-3],[[e4f60f7a-6cc8-429e-ad2a-272a1ded1877;7f2a6d2d-1a63-44c8-a69d-00a5fc8cb55c;ad697860-9ba1-471a-bc98-38b1dcb09807;a67697c3-be18-4e81-8cb3-4e31336e1db7;f9649ff9-ba71-4eb9-8195-3e4fd8818104;2479a69f-32a5-4038-9708-a924fbc184b3]]
2026-04-26 10:07:58.325,51.443,CrossSignalDivergence_SYS,atomic,[CrossSignalDivergence_SYS],[1.0000],1,6,1.0000,[dt-1;dt-2;dt-3],[[e4f60f7a-6cc8-429e-ad2a-272a1ded1877;7f2a6d2d-1a63-44c8-a69d-00a5fc8cb55c;ad697860-9ba1-471a-bc98-38b1dcb09807;a67697c3-be18-4e81-8cb3-4e31336e1db7;f9649ff9-ba71-4eb9-8195-3e4fd8818104;2479a69f-32a5-4038-9708-a924fbc184b3]]
2026-04-26 10:07:58.425,51.543,CrossSignalRelativeStable_OBS,atomic,[CrossSignalRelativeStable_OBS],[1.0000],1,6,1.0000,[dt-1;dt-2;dt-3],[[a67697c3-be18-4e81-8cb3-4e31336e1db7;7f2a6d2d-1a63-44c8-a69d-00a5fc8cb55c;ad697860-9ba1-471a-bc98-38b1dcb09807;f7b95ea3-7038-4e2f-8f5e-3bfe19f03c56;f9649ff9-ba71-4eb9-8195-3e4fd8818104;2479a69f-32a5-4038-9708-a924fbc184b3]]
2026-04-26 10:07:58.425,51.543,CrossSignalDivergence_OBS,atomic,[CrossSignalDivergence_OBS],[1.0000],1,6,1.0000,[dt-1;dt-2;dt-3],[[a67697c3-be18-4e81-8cb3-4e31336e1db7;7f2a6d2d-1a63-44c8-a69d-00a5fc8cb55c;ad697860-9ba1-471a-bc98-38b1dcb09807;f7b95ea3-7038-4e2f-8f5e-3bfe19f03c56;f9649ff9-ba71-4eb9-8195-3e4fd8818104;2479a69f-32a5-4038-9708-a924fbc184b3]]
2026-04-26 10:07:58.436,51.554,CrossSignalRelativeStable_GT,atomic,[CrossSignalRelativeStable_GT],[1.0000],1,6,1.0000,[dt-1;dt-2;dt-3],[[bc27ddc3-28eb-4a57-a082-560907e4e561;8e27b7e9-0dce-438c-99ba-17f09c00cb89;6c31cb77-b789-4645-ae29-e7046f9e189d;a94e3323-7a5b-4109-bf9d-910ba530866c;313ebb9e-d1e1-49aa-a40a-8c3518014457;fb332c88-83ec-49df-a7ef-515c15b76675]]
2026-04-26 10:07:58.436,51.554,CrossSignalDivergence_GT,atomic,[CrossSignalDivergence_GT],[1.0000],1,6,1.0000,[dt-1;dt-2;dt-3],[[bc27ddc3-28eb-4a57-a082-560907e4e561;8e27b7e9-0dce-438c-99ba-17f09c00cb89;6c31cb77-b789-4645-ae29-e7046f9e189d;a94e3323-7a5b-4109-bf9d-910ba530866c;313ebb9e-d1e1-49aa-a40a-8c3518014457;fb332c88-83ec-49df-a7ef-515c15b76675]]
2026-04-26 10:07:58.436,51.554,CrossSignalRelativeStable_SYS,atomic,[CrossSignalRelativeStable_SYS],[1.0000],1,6,1.0000,[dt-1;dt-2;dt-3],[[a67697c3-be18-4e81-8cb3-4e31336e1db7;f9649ff9-ba71-4eb9-8195-3e4fd8818104;2479a69f-32a5-4038-9708-a924fbc184b3;f7b95ea3-7038-4e2f-8f5e-3bfe19f03c56;88ed9bb8-bd51-4090-9dfc-7d32e62f3193;5b2413e5-fcde-44cf-98bc-c28d440e532b]]
2026-04-26 10:07:58.436,51.554,CrossSignalDivergence_SYS,atomic,[CrossSignalDivergence_SYS],[1.0000],1,6,1.0000,[dt-1;dt-2;dt-3],[[a67697c3-be18-4e81-8cb3-4e31336e1db7;f9649ff9-ba71-4eb9-8195-3e4fd8818104;2479a69f-32a5-4038-9708-a924fbc184b3;f7b95ea3-7038-4e2f-8f5e-3bfe19f03c56;88ed9bb8-bd51-4090-9dfc-7d32e62f3193;5b2413e5-fcde-44cf-98bc-c28d440e532b]]
2026-04-26 10:07:58.533,51.651,CrossSignalRelativeStable_OBS,atomic,[CrossSignalRelativeStable_OBS],[1.0000],1,6,1.0000,[dt-1;dt-2;dt-3],[[f7b95ea3-7038-4e2f-8f5e-3bfe19f03c56;f9649ff9-ba71-4eb9-8195-3e4fd8818104;2479a69f-32a5-4038-9708-a924fbc184b3;fbec9cdf-3a8e-4213-a307-59b6cf25aeba;88ed9bb8-bd51-4090-9dfc-7d32e62f3193;5b2413e5-fcde-44cf-98bc-c28d440e532b]]
2026-04-26 10:07:58.533,51.651,CrossSignalDivergence_OBS,atomic,[CrossSignalDivergence_OBS],[1.0000],1,6,1.0000,[dt-1;dt-2;dt-3],[[f7b95ea3-7038-4e2f-8f5e-3bfe19f03c56;f9649ff9-ba71-4eb9-8195-3e4fd8818104;2479a69f-32a5-4038-9708-a924fbc184b3;fbec9cdf-3a8e-4213-a307-59b6cf25aeba;88ed9bb8-bd51-4090-9dfc-7d32e62f3193;5b2413e5-fcde-44cf-98bc-c28d440e532b]]
2026-04-26 10:07:58.544,51.662,CrossSignalRelativeStable_GT,atomic,[CrossSignalRelativeStable_GT],[1.0000],1,6,1.0000,[dt-1;dt-2;dt-3],[[a94e3323-7a5b-4109-bf9d-910ba530866c;313ebb9e-d1e1-49aa-a40a-8c3518014457;fb332c88-83ec-49df-a7ef-515c15b76675;99701952-2f2a-4eaf-90a2-9793f3d65930;710f62da-b86b-49e6-a5c0-9f481991613d;865d981f-3071-4eff-a01a-89a83e988e78]]
2026-04-26 10:07:58.545,51.663,CrossSignalDivergence_GT,atomic,[CrossSignalDivergence_GT],[1.0000],1,6,1.0000,[dt-1;dt-2;dt-3],[[a94e3323-7a5b-4109-bf9d-910ba530866c;313ebb9e-d1e1-49aa-a40a-8c3518014457;fb332c88-83ec-49df-a7ef-515c15b76675;99701952-2f2a-4eaf-90a2-9793f3d65930;710f62da-b86b-49e6-a5c0-9f481991613d;865d981f-3071-4eff-a01a-89a83e988e78]]
2026-04-26 10:07:58.545,51.663,CrossSignalRelativeStable_SYS,atomic,[CrossSignalRelativeStable_SYS],[1.0000],1,6,1.0000,[dt-1;dt-2;dt-3],[[f7b95ea3-7038-4e2f-8f5e-3bfe19f03c56;88ed9bb8-bd51-4090-9dfc-7d32e62f3193;5b2413e5-fcde-44cf-98bc-c28d440e532b;fbec9cdf-3a8e-4213-a307-59b6cf25aeba;9bf1a841-f207-4f3c-b25a-9238d2989bd7;e9bd8de6-5841-47e3-aea4-c92e92e21539]]
2026-04-26 10:07:58.545,51.663,CrossSignalDivergence_SYS,atomic,[CrossSignalDivergence_SYS],[1.0000],1,6,1.0000,[dt-1;dt-2;dt-3],[[f7b95ea3-7038-4e2f-8f5e-3bfe19f03c56;88ed9bb8-bd51-4090-9dfc-7d32e62f3193;5b2413e5-fcde-44cf-98bc-c28d440e532b;fbec9cdf-3a8e-4213-a307-59b6cf25aeba;9bf1a841-f207-4f3c-b25a-9238d2989bd7;e9bd8de6-5841-47e3-aea4-c92e92e21539]]
2026-04-26 10:07:58.642,51.760,CrossSignalRelativeStable_OBS,atomic,[CrossSignalRelativeStable_OBS],[1.0000],1,6,1.0000,[dt-1;dt-2;dt-3],[[fbec9cdf-3a8e-4213-a307-59b6cf25aeba;88ed9bb8-bd51-4090-9dfc-7d32e62f3193;5b2413e5-fcde-44cf-98bc-c28d440e532b;27923f2e-0a16-4a53-ac8b-1dc0c849d56b;9bf1a841-f207-4f3c-b25a-9238d2989bd7;e9bd8de6-5841-47e3-aea4-c92e92e21539]]
2026-04-26 10:07:58.642,51.760,CrossSignalDivergence_OBS,atomic,[CrossSignalDivergence_OBS],[1.0000],1,6,1.0000,[dt-1;dt-2;dt-3],[[fbec9cdf-3a8e-4213-a307-59b6cf25aeba;88ed9bb8-bd51-4090-9dfc-7d32e62f3193;5b2413e5-fcde-44cf-98bc-c28d440e532b;27923f2e-0a16-4a53-ac8b-1dc0c849d56b;9bf1a841-f207-4f3c-b25a-9238d2989bd7;e9bd8de6-5841-47e3-aea4-c92e92e21539]]
2026-04-26 10:07:58.653,51.771,CrossSignalRelativeStable_GT,atomic,[CrossSignalRelativeStable_GT],[1.0000],1,6,1.0000,[dt-1;dt-2;dt-3],[[99701952-2f2a-4eaf-90a2-9793f3d65930;710f62da-b86b-49e6-a5c0-9f481991613d;865d981f-3071-4eff-a01a-89a83e988e78;6f3dc65c-2c04-4303-ba28-5b66c49f2f49;28d0cd07-7d2c-4d71-9cf7-d4c8100a8bdb;5bb00fb8-9c81-4003-9a40-4c8e49e26af5]]
2026-04-26 10:07:58.653,51.771,CrossSignalDivergence_GT,atomic,[CrossSignalDivergence_GT],[1.0000],1,6,1.0000,[dt-1;dt-2;dt-3],[[99701952-2f2a-4eaf-90a2-9793f3d65930;710f62da-b86b-49e6-a5c0-9f481991613d;865d981f-3071-4eff-a01a-89a83e988e78;6f3dc65c-2c04-4303-ba28-5b66c49f2f49;28d0cd07-7d2c-4d71-9cf7-d4c8100a8bdb;5bb00fb8-9c81-4003-9a40-4c8e49e26af5]]
2026-04-26 10:07:58.653,51.771,CrossSignalRelativeStable_SYS,atomic,[CrossSignalRelativeStable_SYS],[1.0000],1,6,1.0000,[dt-1;dt-2;dt-3],[[fbec9cdf-3a8e-4213-a307-59b6cf25aeba;9bf1a841-f207-4f3c-b25a-9238d2989bd7;e9bd8de6-5841-47e3-aea4-c92e92e21539;27923f2e-0a16-4a53-ac8b-1dc0c849d56b;8be69277-31fd-4135-bebd-1b79b182840c;c08e8ade-e84f-430a-83ef-4e848a0c5cff]]
2026-04-26 10:07:58.654,51.772,CrossSignalDivergence_SYS,atomic,[CrossSignalDivergence_SYS],[1.0000],1,6,1.0000,[dt-1;dt-2;dt-3],[[fbec9cdf-3a8e-4213-a307-59b6cf25aeba;9bf1a841-f207-4f3c-b25a-9238d2989bd7;e9bd8de6-5841-47e3-aea4-c92e92e21539;27923f2e-0a16-4a53-ac8b-1dc0c849d56b;8be69277-31fd-4135-bebd-1b79b182840c;c08e8ade-e84f-430a-83ef-4e848a0c5cff]]
2026-04-26 10:07:58.752,51.870,CrossSignalRelativeStable_OBS,atomic,[CrossSignalRelativeStable_OBS],[1.0000],1,6,1.0000,[dt-1;dt-2;dt-3],[[27923f2e-0a16-4a53-ac8b-1dc0c849d56b;9bf1a841-f207-4f3c-b25a-9238d2989bd7;e9bd8de6-5841-47e3-aea4-c92e92e21539;cc084b4e-a6e7-4b9c-be62-0ed62f447bda;8be69277-31fd-4135-bebd-1b79b182840c;c08e8ade-e84f-430a-83ef-4e848a0c5cff]]
2026-04-26 10:07:58.752,51.870,CrossSignalDivergence_OBS,atomic,[CrossSignalDivergence_OBS],[1.0000],1,6,1.0000,[dt-1;dt-2;dt-3],[[27923f2e-0a16-4a53-ac8b-1dc0c849d56b;9bf1a841-f207-4f3c-b25a-9238d2989bd7;e9bd8de6-5841-47e3-aea4-c92e92e21539;cc084b4e-a6e7-4b9c-be62-0ed62f447bda;8be69277-31fd-4135-bebd-1b79b182840c;c08e8ade-e84f-430a-83ef-4e848a0c5cff]]
2026-04-26 10:07:58.764,51.882,CrossSignalRelativeStable_GT,atomic,[CrossSignalRelativeStable_GT],[1.0000],1,6,1.0000,[dt-1;dt-2;dt-3],[[6f3dc65c-2c04-4303-ba28-5b66c49f2f49;28d0cd07-7d2c-4d71-9cf7-d4c8100a8bdb;5bb00fb8-9c81-4003-9a40-4c8e49e26af5;08ab3402-b282-430e-96c1-fa21f0031e92;a6c33036-1bf9-4599-a857-6d18192a89fa;6294102b-3217-40b8-a24c-d435f116baea]]
2026-04-26 10:07:58.764,51.882,CrossSignalDivergence_GT,atomic,[CrossSignalDivergence_GT],[1.0000],1,6,1.0000,[dt-1;dt-2;dt-3],[[6f3dc65c-2c04-4303-ba28-5b66c49f2f49;28d0cd07-7d2c-4d71-9cf7-d4c8100a8bdb;5bb00fb8-9c81-4003-9a40-4c8e49e26af5;08ab3402-b282-430e-96c1-fa21f0031e92;a6c33036-1bf9-4599-a857-6d18192a89fa;6294102b-3217-40b8-a24c-d435f116baea]]
2026-04-26 10:07:58.764,51.882,CrossSignalRelativeStable_SYS,atomic,[CrossSignalRelativeStable_SYS],[1.0000],1,6,1.0000,[dt-1;dt-2;dt-3],[[27923f2e-0a16-4a53-ac8b-1dc0c849d56b;8be69277-31fd-4135-bebd-1b79b182840c;c08e8ade-e84f-430a-83ef-4e848a0c5cff;cc084b4e-a6e7-4b9c-be62-0ed62f447bda;f3f20c77-b49d-4b6c-a42e-4c45df3e6c39;1f648b9c-e06b-4125-a8e4-cd32fe01bac8]]
2026-04-26 10:07:58.764,51.882,CrossSignalDivergence_SYS,atomic,[CrossSignalDivergence_SYS],[1.0000],1,6,1.0000,[dt-1;dt-2;dt-3],[[27923f2e-0a16-4a53-ac8b-1dc0c849d56b;8be69277-31fd-4135-bebd-1b79b182840c;c08e8ade-e84f-430a-83ef-4e848a0c5cff;cc084b4e-a6e7-4b9c-be62-0ed62f447bda;f3f20c77-b49d-4b6c-a42e-4c45df3e6c39;1f648b9c-e06b-4125-a8e4-cd32fe01bac8]]
2026-04-26 10:07:58.869,51.987,CrossSignalRelativeStable_OBS,atomic,[CrossSignalRelativeStable_OBS],[1.0000],1,6,1.0000,[dt-1;dt-2;dt-3],[[cc084b4e-a6e7-4b9c-be62-0ed62f447bda;8be69277-31fd-4135-bebd-1b79b182840c;c08e8ade-e84f-430a-83ef-4e848a0c5cff;4344cf3f-c022-478b-b9cc-79393418a71f;f3f20c77-b49d-4b6c-a42e-4c45df3e6c39;1f648b9c-e06b-4125-a8e4-cd32fe01bac8]]
2026-04-26 10:07:58.869,51.987,CrossSignalDivergence_OBS,atomic,[CrossSignalDivergence_OBS],[1.0000],1,6,1.0000,[dt-1;dt-2;dt-3],[[cc084b4e-a6e7-4b9c-be62-0ed62f447bda;8be69277-31fd-4135-bebd-1b79b182840c;c08e8ade-e84f-430a-83ef-4e848a0c5cff;4344cf3f-c022-478b-b9cc-79393418a71f;f3f20c77-b49d-4b6c-a42e-4c45df3e6c39;1f648b9c-e06b-4125-a8e4-cd32fe01bac8]]
2026-04-26 10:07:58.880,51.998,CrossSignalRelativeStable_GT,atomic,[CrossSignalRelativeStable_GT],[1.0000],1,6,1.0000,[dt-1;dt-2;dt-3],[[08ab3402-b282-430e-96c1-fa21f0031e92;a6c33036-1bf9-4599-a857-6d18192a89fa;6294102b-3217-40b8-a24c-d435f116baea;78d5c289-6d2e-457a-abe5-65f91b3b123f;0ce79de9-048c-49d3-890a-42a1ce1d5533;280bcb24-f102-44e8-8f04-1f932c5bce4e]]
2026-04-26 10:07:58.880,51.998,CrossSignalDivergence_GT,atomic,[CrossSignalDivergence_GT],[1.0000],1,6,1.0000,[dt-1;dt-2;dt-3],[[08ab3402-b282-430e-96c1-fa21f0031e92;a6c33036-1bf9-4599-a857-6d18192a89fa;6294102b-3217-40b8-a24c-d435f116baea;78d5c289-6d2e-457a-abe5-65f91b3b123f;0ce79de9-048c-49d3-890a-42a1ce1d5533;280bcb24-f102-44e8-8f04-1f932c5bce4e]]
2026-04-26 10:07:58.880,51.998,CrossSignalRelativeStable_SYS,atomic,[CrossSignalRelativeStable_SYS],[1.0000],1,6,1.0000,[dt-1;dt-2;dt-3],[[cc084b4e-a6e7-4b9c-be62-0ed62f447bda;f3f20c77-b49d-4b6c-a42e-4c45df3e6c39;1f648b9c-e06b-4125-a8e4-cd32fe01bac8;4344cf3f-c022-478b-b9cc-79393418a71f;e62baadf-568a-4d58-bda4-9510a07afdb6;48014315-3662-4206-8c1c-30590e9787b5]]
2026-04-26 10:07:58.880,51.998,CrossSignalDivergence_SYS,atomic,[CrossSignalDivergence_SYS],[1.0000],1,6,1.0000,[dt-1;dt-2;dt-3],[[cc084b4e-a6e7-4b9c-be62-0ed62f447bda;f3f20c77-b49d-4b6c-a42e-4c45df3e6c39;1f648b9c-e06b-4125-a8e4-cd32fe01bac8;4344cf3f-c022-478b-b9cc-79393418a71f;e62baadf-568a-4d58-bda4-9510a07afdb6;48014315-3662-4206-8c1c-30590e9787b5]]
2026-04-26 10:07:58.973,52.091,CrossSignalRelativeStable_OBS,atomic,[CrossSignalRelativeStable_OBS],[1.0000],1,6,1.0000,[dt-1;dt-2;dt-3],[[4344cf3f-c022-478b-b9cc-79393418a71f;f3f20c77-b49d-4b6c-a42e-4c45df3e6c39;1f648b9c-e06b-4125-a8e4-cd32fe01bac8;2ebcb192-3ca0-4334-b7b2-ea9996395bde;e62baadf-568a-4d58-bda4-9510a07afdb6;48014315-3662-4206-8c1c-30590e9787b5]]
2026-04-26 10:07:58.973,52.091,CrossSignalDivergence_OBS,atomic,[CrossSignalDivergence_OBS],[1.0000],1,6,1.0000,[dt-1;dt-2;dt-3],[[4344cf3f-c022-478b-b9cc-79393418a71f;f3f20c77-b49d-4b6c-a42e-4c45df3e6c39;1f648b9c-e06b-4125-a8e4-cd32fe01bac8;2ebcb192-3ca0-4334-b7b2-ea9996395bde;e62baadf-568a-4d58-bda4-9510a07afdb6;48014315-3662-4206-8c1c-30590e9787b5]]
2026-04-26 10:07:58.986,52.104,CrossSignalRelativeStable_GT,atomic,[CrossSignalRelativeStable_GT],[1.0000],1,6,1.0000,[dt-1;dt-2;dt-3],[[78d5c289-6d2e-457a-abe5-65f91b3b123f;0ce79de9-048c-49d3-890a-42a1ce1d5533;280bcb24-f102-44e8-8f04-1f932c5bce4e;3fc51f9d-5278-4356-8c23-2abda46d6d22;b2bf5eca-b67e-4acb-8e36-8fb6108a77e8;30d499ae-c3a9-4826-a1be-0307dcaf76ce]]
2026-04-26 10:07:58.986,52.104,CrossSignalDivergence_GT,atomic,[CrossSignalDivergence_GT],[1.0000],1,6,1.0000,[dt-1;dt-2;dt-3],[[78d5c289-6d2e-457a-abe5-65f91b3b123f;0ce79de9-048c-49d3-890a-42a1ce1d5533;280bcb24-f102-44e8-8f04-1f932c5bce4e;3fc51f9d-5278-4356-8c23-2abda46d6d22;b2bf5eca-b67e-4acb-8e36-8fb6108a77e8;30d499ae-c3a9-4826-a1be-0307dcaf76ce]]
2026-04-26 10:07:58.986,52.104,CrossSignalRelativeStable_SYS,atomic,[CrossSignalRelativeStable_SYS],[1.0000],1,6,1.0000,[dt-1;dt-2;dt-3],[[4344cf3f-c022-478b-b9cc-79393418a71f;e62baadf-568a-4d58-bda4-9510a07afdb6;48014315-3662-4206-8c1c-30590e9787b5;2ebcb192-3ca0-4334-b7b2-ea9996395bde;d060c365-0b0a-4949-b1a6-ce2d7eeb75f8;24c6991f-6c94-4b34-8861-dc6428ba61fd]]
2026-04-26 10:07:58.986,52.104,CrossSignalDivergence_SYS,atomic,[CrossSignalDivergence_SYS],[1.0000],1,6,1.0000,[dt-1;dt-2;dt-3],[[4344cf3f-c022-478b-b9cc-79393418a71f;e62baadf-568a-4d58-bda4-9510a07afdb6;48014315-3662-4206-8c1c-30590e9787b5;2ebcb192-3ca0-4334-b7b2-ea9996395bde;d060c365-0b0a-4949-b1a6-ce2d7eeb75f8;24c6991f-6c94-4b34-8861-dc6428ba61fd]]
2026-04-26 10:07:59.081,52.199,CrossSignalRelativeStable_OBS,atomic,[CrossSignalRelativeStable_OBS],[1.0000],1,6,1.0000,[dt-1;dt-2;dt-3],[[2ebcb192-3ca0-4334-b7b2-ea9996395bde;e62baadf-568a-4d58-bda4-9510a07afdb6;48014315-3662-4206-8c1c-30590e9787b5;f2a643b4-67cb-4919-812a-6f670139d7e2;d060c365-0b0a-4949-b1a6-ce2d7eeb75f8;24c6991f-6c94-4b34-8861-dc6428ba61fd]]
2026-04-26 10:07:59.081,52.199,CrossSignalDivergence_OBS,atomic,[CrossSignalDivergence_OBS],[1.0000],1,6,1.0000,[dt-1;dt-2;dt-3],[[2ebcb192-3ca0-4334-b7b2-ea9996395bde;e62baadf-568a-4d58-bda4-9510a07afdb6;48014315-3662-4206-8c1c-30590e9787b5;f2a643b4-67cb-4919-812a-6f670139d7e2;d060c365-0b0a-4949-b1a6-ce2d7eeb75f8;24c6991f-6c94-4b34-8861-dc6428ba61fd]]
2026-04-26 10:07:59.092,52.210,CrossSignalRelativeStable_GT,atomic,[CrossSignalRelativeStable_GT],[1.0000],1,6,1.0000,[dt-1;dt-2;dt-3],[[3fc51f9d-5278-4356-8c23-2abda46d6d22;b2bf5eca-b67e-4acb-8e36-8fb6108a77e8;30d499ae-c3a9-4826-a1be-0307dcaf76ce;400a5aa9-0893-4a2d-adc1-fdae55d3d75a;ea626262-5c48-4366-a870-8eb2b36f4bf8;f3330702-bcfe-4a23-aeab-2c6ea9af86eb]]
2026-04-26 10:07:59.092,52.210,CrossSignalDivergence_GT,atomic,[CrossSignalDivergence_GT],[1.0000],1,6,1.0000,[dt-1;dt-2;dt-3],[[3fc51f9d-5278-4356-8c23-2abda46d6d22;b2bf5eca-b67e-4acb-8e36-8fb6108a77e8;30d499ae-c3a9-4826-a1be-0307dcaf76ce;400a5aa9-0893-4a2d-adc1-fdae55d3d75a;ea626262-5c48-4366-a870-8eb2b36f4bf8;f3330702-bcfe-4a23-aeab-2c6ea9af86eb]]
2026-04-26 10:07:59.092,52.210,CrossSignalRelativeStable_SYS,atomic,[CrossSignalRelativeStable_SYS],[1.0000],1,6,1.0000,[dt-1;dt-2;dt-3],[[2ebcb192-3ca0-4334-b7b2-ea9996395bde;d060c365-0b0a-4949-b1a6-ce2d7eeb75f8;24c6991f-6c94-4b34-8861-dc6428ba61fd;f2a643b4-67cb-4919-812a-6f670139d7e2;aa02f92c-53fb-4977-98ee-af7703ca8129;3c8059e2-321b-43b4-a4fd-abb7e44b8061]]
2026-04-26 10:07:59.092,52.210,CrossSignalDivergence_SYS,atomic,[CrossSignalDivergence_SYS],[1.0000],1,6,1.0000,[dt-1;dt-2;dt-3],[[2ebcb192-3ca0-4334-b7b2-ea9996395bde;d060c365-0b0a-4949-b1a6-ce2d7eeb75f8;24c6991f-6c94-4b34-8861-dc6428ba61fd;f2a643b4-67cb-4919-812a-6f670139d7e2;aa02f92c-53fb-4977-98ee-af7703ca8129;3c8059e2-321b-43b4-a4fd-abb7e44b8061]]
2026-04-26 10:07:59.194,52.312,CrossSignalRelativeStable_OBS,atomic,[CrossSignalRelativeStable_OBS],[1.0000],1,6,1.0000,[dt-1;dt-2;dt-3],[[f2a643b4-67cb-4919-812a-6f670139d7e2;d060c365-0b0a-4949-b1a6-ce2d7eeb75f8;24c6991f-6c94-4b34-8861-dc6428ba61fd;21ebbc16-f85f-462a-948b-ad93db5d94fa;aa02f92c-53fb-4977-98ee-af7703ca8129;3c8059e2-321b-43b4-a4fd-abb7e44b8061]]
2026-04-26 10:07:59.194,52.312,CrossSignalDivergence_OBS,atomic,[CrossSignalDivergence_OBS],[1.0000],1,6,1.0000,[dt-1;dt-2;dt-3],[[f2a643b4-67cb-4919-812a-6f670139d7e2;d060c365-0b0a-4949-b1a6-ce2d7eeb75f8;24c6991f-6c94-4b34-8861-dc6428ba61fd;21ebbc16-f85f-462a-948b-ad93db5d94fa;aa02f92c-53fb-4977-98ee-af7703ca8129;3c8059e2-321b-43b4-a4fd-abb7e44b8061]]
2026-04-26 10:07:59.205,52.323,CrossSignalRelativeStable_SYS,atomic,[CrossSignalRelativeStable_SYS],[1.0000],1,6,1.0000,[dt-1;dt-2;dt-3],[[f2a643b4-67cb-4919-812a-6f670139d7e2;aa02f92c-53fb-4977-98ee-af7703ca8129;3c8059e2-321b-43b4-a4fd-abb7e44b8061;21ebbc16-f85f-462a-948b-ad93db5d94fa;e6af93c6-2a7c-46ee-be12-655f1bafd5d0;cf87e4b1-7f38-4f4d-beee-2696e2e96b30]]
2026-04-26 10:07:59.205,52.323,CrossSignalDivergence_SYS,atomic,[CrossSignalDivergence_SYS],[1.0000],1,6,1.0000,[dt-1;dt-2;dt-3],[[f2a643b4-67cb-4919-812a-6f670139d7e2;aa02f92c-53fb-4977-98ee-af7703ca8129;3c8059e2-321b-43b4-a4fd-abb7e44b8061;21ebbc16-f85f-462a-948b-ad93db5d94fa;e6af93c6-2a7c-46ee-be12-655f1bafd5d0;cf87e4b1-7f38-4f4d-beee-2696e2e96b30]]
2026-04-26 10:07:59.212,52.330,CrossSignalRelativeStable_GT,atomic,[CrossSignalRelativeStable_GT],[1.0000],1,6,1.0000,[dt-1;dt-2;dt-3],[[400a5aa9-0893-4a2d-adc1-fdae55d3d75a;ea626262-5c48-4366-a870-8eb2b36f4bf8;f3330702-bcfe-4a23-aeab-2c6ea9af86eb;e73e96b1-e295-4f71-acd3-13c88e69460b;fa6277e8-c35d-4ae0-b0ff-b6496737ba04;cd5a988f-e321-4b63-86f8-8989632c8457]]
2026-04-26 10:07:59.212,52.330,CrossSignalDivergence_GT,atomic,[CrossSignalDivergence_GT],[1.0000],1,6,1.0000,[dt-1;dt-2;dt-3],[[400a5aa9-0893-4a2d-adc1-fdae55d3d75a;ea626262-5c48-4366-a870-8eb2b36f4bf8;f3330702-bcfe-4a23-aeab-2c6ea9af86eb;e73e96b1-e295-4f71-acd3-13c88e69460b;fa6277e8-c35d-4ae0-b0ff-b6496737ba04;cd5a988f-e321-4b63-86f8-8989632c8457]]
2026-04-26 10:07:59.306,52.424,CrossSignalRelativeStable_OBS,atomic,[CrossSignalRelativeStable_OBS],[1.0000],1,6,1.0000,[dt-1;dt-2;dt-3],[[21ebbc16-f85f-462a-948b-ad93db5d94fa;aa02f92c-53fb-4977-98ee-af7703ca8129;3c8059e2-321b-43b4-a4fd-abb7e44b8061;44ee5db2-b28a-4d0c-9795-b815fc809f51;e6af93c6-2a7c-46ee-be12-655f1bafd5d0;cf87e4b1-7f38-4f4d-beee-2696e2e96b30]]
2026-04-26 10:07:59.306,52.424,CrossSignalDivergence_OBS,atomic,[CrossSignalDivergence_OBS],[1.0000],1,6,1.0000,[dt-1;dt-2;dt-3],[[21ebbc16-f85f-462a-948b-ad93db5d94fa;aa02f92c-53fb-4977-98ee-af7703ca8129;3c8059e2-321b-43b4-a4fd-abb7e44b8061;44ee5db2-b28a-4d0c-9795-b815fc809f51;e6af93c6-2a7c-46ee-be12-655f1bafd5d0;cf87e4b1-7f38-4f4d-beee-2696e2e96b30]]
2026-04-26 10:07:59.318,52.436,CrossSignalRelativeStable_GT,atomic,[CrossSignalRelativeStable_GT],[1.0000],1,6,1.0000,[dt-1;dt-2;dt-3],[[e73e96b1-e295-4f71-acd3-13c88e69460b;fa6277e8-c35d-4ae0-b0ff-b6496737ba04;cd5a988f-e321-4b63-86f8-8989632c8457;ce907992-a306-418d-a9b4-9c90e8e48d72;882f0be2-263a-43e7-a8e0-ac44f428802e;8a15153f-46c8-4cea-a6ba-07650ca71288]]
2026-04-26 10:07:59.318,52.436,CrossSignalDivergence_GT,atomic,[CrossSignalDivergence_GT],[1.0000],1,6,1.0000,[dt-1;dt-2;dt-3],[[e73e96b1-e295-4f71-acd3-13c88e69460b;fa6277e8-c35d-4ae0-b0ff-b6496737ba04;cd5a988f-e321-4b63-86f8-8989632c8457;ce907992-a306-418d-a9b4-9c90e8e48d72;882f0be2-263a-43e7-a8e0-ac44f428802e;8a15153f-46c8-4cea-a6ba-07650ca71288]]
2026-04-26 10:07:59.318,52.436,CrossSignalRelativeStable_SYS,atomic,[CrossSignalRelativeStable_SYS],[1.0000],1,6,1.0000,[dt-1;dt-2;dt-3],[[21ebbc16-f85f-462a-948b-ad93db5d94fa;e6af93c6-2a7c-46ee-be12-655f1bafd5d0;cf87e4b1-7f38-4f4d-beee-2696e2e96b30;44ee5db2-b28a-4d0c-9795-b815fc809f51;297f51ce-798f-447d-928f-87d82e26a3bf;6d23bda6-8ac1-446c-970d-27c4aba2c71d]]
2026-04-26 10:07:59.319,52.437,CrossSignalDivergence_SYS,atomic,[CrossSignalDivergence_SYS],[1.0000],1,6,1.0000,[dt-1;dt-2;dt-3],[[21ebbc16-f85f-462a-948b-ad93db5d94fa;e6af93c6-2a7c-46ee-be12-655f1bafd5d0;cf87e4b1-7f38-4f4d-beee-2696e2e96b30;44ee5db2-b28a-4d0c-9795-b815fc809f51;297f51ce-798f-447d-928f-87d82e26a3bf;6d23bda6-8ac1-446c-970d-27c4aba2c71d]]
2026-04-26 10:07:59.416,52.534,CrossSignalRelativeStable_OBS,atomic,[CrossSignalRelativeStable_OBS],[1.0000],1,6,1.0000,[dt-1;dt-2;dt-3],[[44ee5db2-b28a-4d0c-9795-b815fc809f51;e6af93c6-2a7c-46ee-be12-655f1bafd5d0;cf87e4b1-7f38-4f4d-beee-2696e2e96b30;d7dba1dd-a96e-49fc-9d9f-ea8092bc9c76;297f51ce-798f-447d-928f-87d82e26a3bf;6d23bda6-8ac1-446c-970d-27c4aba2c71d]]
2026-04-26 10:07:59.416,52.534,CrossSignalDivergence_OBS,atomic,[CrossSignalDivergence_OBS],[1.0000],1,6,1.0000,[dt-1;dt-2;dt-3],[[44ee5db2-b28a-4d0c-9795-b815fc809f51;e6af93c6-2a7c-46ee-be12-655f1bafd5d0;cf87e4b1-7f38-4f4d-beee-2696e2e96b30;d7dba1dd-a96e-49fc-9d9f-ea8092bc9c76;297f51ce-798f-447d-928f-87d82e26a3bf;6d23bda6-8ac1-446c-970d-27c4aba2c71d]]
2026-04-26 10:07:59.428,52.546,CrossSignalRelativeStable_SYS,atomic,[CrossSignalRelativeStable_SYS],[1.0000],1,6,1.0000,[dt-1;dt-2;dt-3],[[44ee5db2-b28a-4d0c-9795-b815fc809f51;297f51ce-798f-447d-928f-87d82e26a3bf;6d23bda6-8ac1-446c-970d-27c4aba2c71d;d7dba1dd-a96e-49fc-9d9f-ea8092bc9c76;0bb2445c-f331-4ac7-ad13-5ddd9150db9d;a5637f69-b871-41a8-a450-606e2a3814a1]]
2026-04-26 10:07:59.428,52.546,CrossSignalDivergence_SYS,atomic,[CrossSignalDivergence_SYS],[1.0000],1,6,1.0000,[dt-1;dt-2;dt-3],[[44ee5db2-b28a-4d0c-9795-b815fc809f51;297f51ce-798f-447d-928f-87d82e26a3bf;6d23bda6-8ac1-446c-970d-27c4aba2c71d;d7dba1dd-a96e-49fc-9d9f-ea8092bc9c76;0bb2445c-f331-4ac7-ad13-5ddd9150db9d;a5637f69-b871-41a8-a450-606e2a3814a1]]
2026-04-26 10:07:59.434,52.552,CrossSignalRelativeStable_GT,atomic,[CrossSignalRelativeStable_GT],[1.0000],1,6,1.0000,[dt-1;dt-2;dt-3],[[ce907992-a306-418d-a9b4-9c90e8e48d72;882f0be2-263a-43e7-a8e0-ac44f428802e;8a15153f-46c8-4cea-a6ba-07650ca71288;654eb0fa-5883-4b2b-ae70-1b7462bc3474;2c2be83b-f953-4d10-9b49-990f8a120949;adfe7a14-de03-4e3d-ab33-9ebe4727a8ee]]
2026-04-26 10:07:59.435,52.553,CrossSignalDivergence_GT,atomic,[CrossSignalDivergence_GT],[1.0000],1,6,1.0000,[dt-1;dt-2;dt-3],[[ce907992-a306-418d-a9b4-9c90e8e48d72;882f0be2-263a-43e7-a8e0-ac44f428802e;8a15153f-46c8-4cea-a6ba-07650ca71288;654eb0fa-5883-4b2b-ae70-1b7462bc3474;2c2be83b-f953-4d10-9b49-990f8a120949;adfe7a14-de03-4e3d-ab33-9ebe4727a8ee]]
2026-04-26 10:07:59.525,52.643,CrossSignalRelativeStable_OBS,atomic,[CrossSignalRelativeStable_OBS],[1.0000],1,6,1.0000,[dt-1;dt-2;dt-3],[[d7dba1dd-a96e-49fc-9d9f-ea8092bc9c76;297f51ce-798f-447d-928f-87d82e26a3bf;6d23bda6-8ac1-446c-970d-27c4aba2c71d;01491e8e-9f7b-44d6-992c-8e17353cd277;0bb2445c-f331-4ac7-ad13-5ddd9150db9d;a5637f69-b871-41a8-a450-606e2a3814a1]]
2026-04-26 10:07:59.525,52.643,CrossSignalDivergence_OBS,atomic,[CrossSignalDivergence_OBS],[1.0000],1,6,1.0000,[dt-1;dt-2;dt-3],[[d7dba1dd-a96e-49fc-9d9f-ea8092bc9c76;297f51ce-798f-447d-928f-87d82e26a3bf;6d23bda6-8ac1-446c-970d-27c4aba2c71d;01491e8e-9f7b-44d6-992c-8e17353cd277;0bb2445c-f331-4ac7-ad13-5ddd9150db9d;a5637f69-b871-41a8-a450-606e2a3814a1]]
2026-04-26 10:07:59.537,52.655,CrossSignalRelativeStable_SYS,atomic,[CrossSignalRelativeStable_SYS],[1.0000],1,6,1.0000,[dt-1;dt-2;dt-3],[[d7dba1dd-a96e-49fc-9d9f-ea8092bc9c76;0bb2445c-f331-4ac7-ad13-5ddd9150db9d;a5637f69-b871-41a8-a450-606e2a3814a1;01491e8e-9f7b-44d6-992c-8e17353cd277;12251ccd-5331-4744-bfb1-d0e0f22e0b4c;a652cebf-65dc-47b5-b7d3-e6b3177a2230]]
2026-04-26 10:07:59.538,52.656,CrossSignalDivergence_SYS,atomic,[CrossSignalDivergence_SYS],[1.0000],1,6,1.0000,[dt-1;dt-2;dt-3],[[d7dba1dd-a96e-49fc-9d9f-ea8092bc9c76;0bb2445c-f331-4ac7-ad13-5ddd9150db9d;a5637f69-b871-41a8-a450-606e2a3814a1;01491e8e-9f7b-44d6-992c-8e17353cd277;12251ccd-5331-4744-bfb1-d0e0f22e0b4c;a652cebf-65dc-47b5-b7d3-e6b3177a2230]]
2026-04-26 10:07:59.544,52.662,CrossSignalRelativeStable_GT,atomic,[CrossSignalRelativeStable_GT],[1.0000],1,6,1.0000,[dt-1;dt-2;dt-3],[[654eb0fa-5883-4b2b-ae70-1b7462bc3474;2c2be83b-f953-4d10-9b49-990f8a120949;adfe7a14-de03-4e3d-ab33-9ebe4727a8ee;c147c0e2-7029-42fe-b2c6-f08d43ef0d58;79dc326a-9a3d-42a8-94a1-b7b16a1efa32;d366ac71-1c34-48b0-8495-71acb52e85e8]]
2026-04-26 10:07:59.544,52.662,CrossSignalDivergence_GT,atomic,[CrossSignalDivergence_GT],[1.0000],1,6,1.0000,[dt-1;dt-2;dt-3],[[654eb0fa-5883-4b2b-ae70-1b7462bc3474;2c2be83b-f953-4d10-9b49-990f8a120949;adfe7a14-de03-4e3d-ab33-9ebe4727a8ee;c147c0e2-7029-42fe-b2c6-f08d43ef0d58;79dc326a-9a3d-42a8-94a1-b7b16a1efa32;d366ac71-1c34-48b0-8495-71acb52e85e8]]
2026-04-26 10:07:59.636,52.754,CrossSignalRelativeStable_OBS,atomic,[CrossSignalRelativeStable_OBS],[1.0000],1,6,1.0000,[dt-1;dt-2;dt-3],[[01491e8e-9f7b-44d6-992c-8e17353cd277;0bb2445c-f331-4ac7-ad13-5ddd9150db9d;a5637f69-b871-41a8-a450-606e2a3814a1;a053c730-7b3e-40fd-aef6-8599fb5c1af6;12251ccd-5331-4744-bfb1-d0e0f22e0b4c;a652cebf-65dc-47b5-b7d3-e6b3177a2230]]
2026-04-26 10:07:59.637,52.755,CrossSignalDivergence_OBS,atomic,[CrossSignalDivergence_OBS],[1.0000],1,6,1.0000,[dt-1;dt-2;dt-3],[[01491e8e-9f7b-44d6-992c-8e17353cd277;0bb2445c-f331-4ac7-ad13-5ddd9150db9d;a5637f69-b871-41a8-a450-606e2a3814a1;a053c730-7b3e-40fd-aef6-8599fb5c1af6;12251ccd-5331-4744-bfb1-d0e0f22e0b4c;a652cebf-65dc-47b5-b7d3-e6b3177a2230]]
2026-04-26 10:07:59.648,52.766,CrossSignalRelativeStable_SYS,atomic,[CrossSignalRelativeStable_SYS],[1.0000],1,6,1.0000,[dt-1;dt-2;dt-3],[[01491e8e-9f7b-44d6-992c-8e17353cd277;12251ccd-5331-4744-bfb1-d0e0f22e0b4c;a652cebf-65dc-47b5-b7d3-e6b3177a2230;a053c730-7b3e-40fd-aef6-8599fb5c1af6;41e21ae6-30c0-498e-a94c-1a2bf6a03aed;12966330-cd17-47c0-aecd-80b1abc732f6]]
2026-04-26 10:07:59.648,52.766,CrossSignalDivergence_SYS,atomic,[CrossSignalDivergence_SYS],[1.0000],1,6,1.0000,[dt-1;dt-2;dt-3],[[01491e8e-9f7b-44d6-992c-8e17353cd277;12251ccd-5331-4744-bfb1-d0e0f22e0b4c;a652cebf-65dc-47b5-b7d3-e6b3177a2230;a053c730-7b3e-40fd-aef6-8599fb5c1af6;41e21ae6-30c0-498e-a94c-1a2bf6a03aed;12966330-cd17-47c0-aecd-80b1abc732f6]]
2026-04-26 10:07:59.654,52.772,CrossSignalRelativeStable_GT,atomic,[CrossSignalRelativeStable_GT],[1.0000],1,6,1.0000,[dt-1;dt-2;dt-3],[[c147c0e2-7029-42fe-b2c6-f08d43ef0d58;79dc326a-9a3d-42a8-94a1-b7b16a1efa32;d366ac71-1c34-48b0-8495-71acb52e85e8;10e45d66-6fac-42e5-b307-86102bd18993;ba380f46-bb48-4ece-bc43-ddf809b70b8e;2c08f36a-9d2e-41a9-9676-0aabc3456849]]
2026-04-26 10:07:59.654,52.772,CrossSignalDivergence_GT,atomic,[CrossSignalDivergence_GT],[1.0000],1,6,1.0000,[dt-1;dt-2;dt-3],[[c147c0e2-7029-42fe-b2c6-f08d43ef0d58;79dc326a-9a3d-42a8-94a1-b7b16a1efa32;d366ac71-1c34-48b0-8495-71acb52e85e8;10e45d66-6fac-42e5-b307-86102bd18993;ba380f46-bb48-4ece-bc43-ddf809b70b8e;2c08f36a-9d2e-41a9-9676-0aabc3456849]]
2026-04-26 10:07:59.750,52.868,CrossSignalRelativeStable_OBS,atomic,[CrossSignalRelativeStable_OBS],[1.0000],1,6,1.0000,[dt-1;dt-2;dt-3],[[a053c730-7b3e-40fd-aef6-8599fb5c1af6;12251ccd-5331-4744-bfb1-d0e0f22e0b4c;a652cebf-65dc-47b5-b7d3-e6b3177a2230;e755826f-49ad-4c6b-9c02-6be57b4cf531;41e21ae6-30c0-498e-a94c-1a2bf6a03aed;12966330-cd17-47c0-aecd-80b1abc732f6]]
2026-04-26 10:07:59.750,52.868,CrossSignalDivergence_OBS,atomic,[CrossSignalDivergence_OBS],[1.0000],1,6,1.0000,[dt-1;dt-2;dt-3],[[a053c730-7b3e-40fd-aef6-8599fb5c1af6;12251ccd-5331-4744-bfb1-d0e0f22e0b4c;a652cebf-65dc-47b5-b7d3-e6b3177a2230;e755826f-49ad-4c6b-9c02-6be57b4cf531;41e21ae6-30c0-498e-a94c-1a2bf6a03aed;12966330-cd17-47c0-aecd-80b1abc732f6]]
2026-04-26 10:07:59.761,52.879,CrossSignalRelativeStable_GT,atomic,[CrossSignalRelativeStable_GT],[1.0000],1,6,1.0000,[dt-1;dt-2;dt-3],[[10e45d66-6fac-42e5-b307-86102bd18993;ba380f46-bb48-4ece-bc43-ddf809b70b8e;2c08f36a-9d2e-41a9-9676-0aabc3456849;652050ef-c045-42ab-a35a-ef3e2ef2aac8;4c57798e-4b81-45b2-a41d-a772efdf1748;4f5e64bb-5f93-47c0-ae23-ca3c68d0387e]]
2026-04-26 10:07:59.761,52.879,CrossSignalDivergence_GT,atomic,[CrossSignalDivergence_GT],[1.0000],1,6,1.0000,[dt-1;dt-2;dt-3],[[10e45d66-6fac-42e5-b307-86102bd18993;ba380f46-bb48-4ece-bc43-ddf809b70b8e;2c08f36a-9d2e-41a9-9676-0aabc3456849;652050ef-c045-42ab-a35a-ef3e2ef2aac8;4c57798e-4b81-45b2-a41d-a772efdf1748;4f5e64bb-5f93-47c0-ae23-ca3c68d0387e]]
2026-04-26 10:07:59.761,52.879,CrossSignalRelativeStable_SYS,atomic,[CrossSignalRelativeStable_SYS],[1.0000],1,6,1.0000,[dt-1;dt-2;dt-3],[[a053c730-7b3e-40fd-aef6-8599fb5c1af6;41e21ae6-30c0-498e-a94c-1a2bf6a03aed;12966330-cd17-47c0-aecd-80b1abc732f6;e755826f-49ad-4c6b-9c02-6be57b4cf531;5b0e1091-146b-46f2-b25f-28bacb2d3cc4;46866da7-b684-4758-9a53-621099379f02]]
2026-04-26 10:07:59.761,52.879,CrossSignalDivergence_SYS,atomic,[CrossSignalDivergence_SYS],[1.0000],1,6,1.0000,[dt-1;dt-2;dt-3],[[a053c730-7b3e-40fd-aef6-8599fb5c1af6;41e21ae6-30c0-498e-a94c-1a2bf6a03aed;12966330-cd17-47c0-aecd-80b1abc732f6;e755826f-49ad-4c6b-9c02-6be57b4cf531;5b0e1091-146b-46f2-b25f-28bacb2d3cc4;46866da7-b684-4758-9a53-621099379f02]]
2026-04-26 10:07:59.858,52.976,CrossSignalRelativeStable_OBS,atomic,[CrossSignalRelativeStable_OBS],[1.0000],1,6,1.0000,[dt-1;dt-2;dt-3],[[e755826f-49ad-4c6b-9c02-6be57b4cf531;41e21ae6-30c0-498e-a94c-1a2bf6a03aed;12966330-cd17-47c0-aecd-80b1abc732f6;8b949d7c-91e5-4a08-a9ef-0351989db5d9;5b0e1091-146b-46f2-b25f-28bacb2d3cc4;46866da7-b684-4758-9a53-621099379f02]]
2026-04-26 10:07:59.858,52.976,CrossSignalDivergence_OBS,atomic,[CrossSignalDivergence_OBS],[1.0000],1,6,1.0000,[dt-1;dt-2;dt-3],[[e755826f-49ad-4c6b-9c02-6be57b4cf531;41e21ae6-30c0-498e-a94c-1a2bf6a03aed;12966330-cd17-47c0-aecd-80b1abc732f6;8b949d7c-91e5-4a08-a9ef-0351989db5d9;5b0e1091-146b-46f2-b25f-28bacb2d3cc4;46866da7-b684-4758-9a53-621099379f02]]
2026-04-26 10:07:59.869,52.987,CrossSignalRelativeStable_GT,atomic,[CrossSignalRelativeStable_GT],[1.0000],1,6,1.0000,[dt-1;dt-2;dt-3],[[652050ef-c045-42ab-a35a-ef3e2ef2aac8;4c57798e-4b81-45b2-a41d-a772efdf1748;4f5e64bb-5f93-47c0-ae23-ca3c68d0387e;57d3920f-a40c-4761-8fca-afe1bb5351bb;c7a91b35-1b27-4ade-be1e-5de4e8252396;83722e8e-304b-4dff-902c-fbe609b68d9c]]
2026-04-26 10:07:59.869,52.987,CrossSignalDivergence_GT,atomic,[CrossSignalDivergence_GT],[1.0000],1,6,1.0000,[dt-1;dt-2;dt-3],[[652050ef-c045-42ab-a35a-ef3e2ef2aac8;4c57798e-4b81-45b2-a41d-a772efdf1748;4f5e64bb-5f93-47c0-ae23-ca3c68d0387e;57d3920f-a40c-4761-8fca-afe1bb5351bb;c7a91b35-1b27-4ade-be1e-5de4e8252396;83722e8e-304b-4dff-902c-fbe609b68d9c]]
2026-04-26 10:07:59.869,52.987,CrossSignalRelativeStable_SYS,atomic,[CrossSignalRelativeStable_SYS],[1.0000],1,6,1.0000,[dt-1;dt-2;dt-3],[[e755826f-49ad-4c6b-9c02-6be57b4cf531;5b0e1091-146b-46f2-b25f-28bacb2d3cc4;46866da7-b684-4758-9a53-621099379f02;8b949d7c-91e5-4a08-a9ef-0351989db5d9;24cf2c25-4d56-45fa-95fd-9e5ea8cc5555;1ced0dec-6e33-4af4-b1fc-18f49f743eec]]
2026-04-26 10:07:59.869,52.987,CrossSignalDivergence_SYS,atomic,[CrossSignalDivergence_SYS],[1.0000],1,6,1.0000,[dt-1;dt-2;dt-3],[[e755826f-49ad-4c6b-9c02-6be57b4cf531;5b0e1091-146b-46f2-b25f-28bacb2d3cc4;46866da7-b684-4758-9a53-621099379f02;8b949d7c-91e5-4a08-a9ef-0351989db5d9;24cf2c25-4d56-45fa-95fd-9e5ea8cc5555;1ced0dec-6e33-4af4-b1fc-18f49f743eec]]
2026-04-26 10:07:59.968,53.086,CrossSignalRelativeStable_OBS,atomic,[CrossSignalRelativeStable_OBS],[1.0000],1,6,1.0000,[dt-1;dt-2;dt-3],[[8b949d7c-91e5-4a08-a9ef-0351989db5d9;5b0e1091-146b-46f2-b25f-28bacb2d3cc4;46866da7-b684-4758-9a53-621099379f02;02ef30f0-d309-4e0f-9ab3-34cc64e7f820;24cf2c25-4d56-45fa-95fd-9e5ea8cc5555;1ced0dec-6e33-4af4-b1fc-18f49f743eec]]
2026-04-26 10:07:59.968,53.086,CrossSignalDivergence_OBS,atomic,[CrossSignalDivergence_OBS],[1.0000],1,6,1.0000,[dt-1;dt-2;dt-3],[[8b949d7c-91e5-4a08-a9ef-0351989db5d9;5b0e1091-146b-46f2-b25f-28bacb2d3cc4;46866da7-b684-4758-9a53-621099379f02;02ef30f0-d309-4e0f-9ab3-34cc64e7f820;24cf2c25-4d56-45fa-95fd-9e5ea8cc5555;1ced0dec-6e33-4af4-b1fc-18f49f743eec]]
2026-04-26 10:07:59.981,53.099,CrossSignalRelativeStable_SYS,atomic,[CrossSignalRelativeStable_SYS],[1.0000],1,6,1.0000,[dt-1;dt-2;dt-3],[[8b949d7c-91e5-4a08-a9ef-0351989db5d9;24cf2c25-4d56-45fa-95fd-9e5ea8cc5555;1ced0dec-6e33-4af4-b1fc-18f49f743eec;02ef30f0-d309-4e0f-9ab3-34cc64e7f820;06b0ac4c-3f38-4877-857b-79624a0fdc77;63178c18-28ec-458b-b516-d440ef3c15bc]]
2026-04-26 10:07:59.981,53.099,CrossSignalDivergence_SYS,atomic,[CrossSignalDivergence_SYS],[1.0000],1,6,1.0000,[dt-1;dt-2;dt-3],[[8b949d7c-91e5-4a08-a9ef-0351989db5d9;24cf2c25-4d56-45fa-95fd-9e5ea8cc5555;1ced0dec-6e33-4af4-b1fc-18f49f743eec;02ef30f0-d309-4e0f-9ab3-34cc64e7f820;06b0ac4c-3f38-4877-857b-79624a0fdc77;63178c18-28ec-458b-b516-d440ef3c15bc]]
2026-04-26 10:07:59.987,53.105,CrossSignalRelativeStable_GT,atomic,[CrossSignalRelativeStable_GT],[1.0000],1,6,1.0000,[dt-1;dt-2;dt-3],[[57d3920f-a40c-4761-8fca-afe1bb5351bb;c7a91b35-1b27-4ade-be1e-5de4e8252396;83722e8e-304b-4dff-902c-fbe609b68d9c;45fe50e8-262d-44de-bb66-f9f224e63f4f;bcb97eb1-9093-4736-8669-b2e747ee6163;b585337b-f029-4045-aac2-9a8483df6d4c]]
2026-04-26 10:07:59.987,53.105,CrossSignalDivergence_GT,atomic,[CrossSignalDivergence_GT],[1.0000],1,6,1.0000,[dt-1;dt-2;dt-3],[[57d3920f-a40c-4761-8fca-afe1bb5351bb;c7a91b35-1b27-4ade-be1e-5de4e8252396;83722e8e-304b-4dff-902c-fbe609b68d9c;45fe50e8-262d-44de-bb66-f9f224e63f4f;bcb97eb1-9093-4736-8669-b2e747ee6163;b585337b-f029-4045-aac2-9a8483df6d4c]]
2026-04-26 10:08:00.084,53.202,CrossSignalRelativeStable_OBS,atomic,[CrossSignalRelativeStable_OBS],[1.0000],1,6,1.0000,[dt-1;dt-2;dt-3],[[02ef30f0-d309-4e0f-9ab3-34cc64e7f820;24cf2c25-4d56-45fa-95fd-9e5ea8cc5555;1ced0dec-6e33-4af4-b1fc-18f49f743eec;25293e47-cdb8-45df-8e67-300015b58b90;06b0ac4c-3f38-4877-857b-79624a0fdc77;63178c18-28ec-458b-b516-d440ef3c15bc]]
2026-04-26 10:08:00.084,53.202,CrossSignalDivergence_OBS,atomic,[CrossSignalDivergence_OBS],[1.0000],1,6,1.0000,[dt-1;dt-2;dt-3],[[02ef30f0-d309-4e0f-9ab3-34cc64e7f820;24cf2c25-4d56-45fa-95fd-9e5ea8cc5555;1ced0dec-6e33-4af4-b1fc-18f49f743eec;25293e47-cdb8-45df-8e67-300015b58b90;06b0ac4c-3f38-4877-857b-79624a0fdc77;63178c18-28ec-458b-b516-d440ef3c15bc]]
2026-04-26 10:08:00.095,53.213,CrossSignalRelativeStable_GT,atomic,[CrossSignalRelativeStable_GT],[1.0000],1,6,1.0000,[dt-1;dt-2;dt-3],[[45fe50e8-262d-44de-bb66-f9f224e63f4f;bcb97eb1-9093-4736-8669-b2e747ee6163;b585337b-f029-4045-aac2-9a8483df6d4c;30623e12-2482-4d62-b382-fb3482f2c332;3b7c812e-33ec-4491-9f52-9d2ae9aba008;aaceaa4e-b909-4613-aef3-f89237217e9d]]
2026-04-26 10:08:00.095,53.213,CrossSignalDivergence_GT,atomic,[CrossSignalDivergence_GT],[1.0000],1,6,1.0000,[dt-1;dt-2;dt-3],[[45fe50e8-262d-44de-bb66-f9f224e63f4f;bcb97eb1-9093-4736-8669-b2e747ee6163;b585337b-f029-4045-aac2-9a8483df6d4c;30623e12-2482-4d62-b382-fb3482f2c332;3b7c812e-33ec-4491-9f52-9d2ae9aba008;aaceaa4e-b909-4613-aef3-f89237217e9d]]
2026-04-26 10:08:00.095,53.213,CrossSignalRelativeStable_SYS,atomic,[CrossSignalRelativeStable_SYS],[1.0000],1,6,1.0000,[dt-1;dt-2;dt-3],[[02ef30f0-d309-4e0f-9ab3-34cc64e7f820;06b0ac4c-3f38-4877-857b-79624a0fdc77;63178c18-28ec-458b-b516-d440ef3c15bc;25293e47-cdb8-45df-8e67-300015b58b90;a98f3a1f-a6c5-4e58-a200-374391d4a2af;d99eae9f-f2ac-41fb-bb83-bb6a28c7cf2b]]
2026-04-26 10:08:00.095,53.213,CrossSignalDivergence_SYS,atomic,[CrossSignalDivergence_SYS],[1.0000],1,6,1.0000,[dt-1;dt-2;dt-3],[[02ef30f0-d309-4e0f-9ab3-34cc64e7f820;06b0ac4c-3f38-4877-857b-79624a0fdc77;63178c18-28ec-458b-b516-d440ef3c15bc;25293e47-cdb8-45df-8e67-300015b58b90;a98f3a1f-a6c5-4e58-a200-374391d4a2af;d99eae9f-f2ac-41fb-bb83-bb6a28c7cf2b]]
2026-04-26 10:08:00.190,53.308,CrossSignalRelativeStable_OBS,atomic,[CrossSignalRelativeStable_OBS],[1.0000],1,6,1.0000,[dt-1;dt-2;dt-3],[[25293e47-cdb8-45df-8e67-300015b58b90;06b0ac4c-3f38-4877-857b-79624a0fdc77;63178c18-28ec-458b-b516-d440ef3c15bc;87d8eb79-5c37-44d2-b461-c3bf8e25755f;a98f3a1f-a6c5-4e58-a200-374391d4a2af;d99eae9f-f2ac-41fb-bb83-bb6a28c7cf2b]]
2026-04-26 10:08:00.190,53.308,CrossSignalDivergence_OBS,atomic,[CrossSignalDivergence_OBS],[1.0000],1,6,1.0000,[dt-1;dt-2;dt-3],[[25293e47-cdb8-45df-8e67-300015b58b90;06b0ac4c-3f38-4877-857b-79624a0fdc77;63178c18-28ec-458b-b516-d440ef3c15bc;87d8eb79-5c37-44d2-b461-c3bf8e25755f;a98f3a1f-a6c5-4e58-a200-374391d4a2af;d99eae9f-f2ac-41fb-bb83-bb6a28c7cf2b]]
2026-04-26 10:08:00.202,53.320,CrossSignalRelativeStable_GT,atomic,[CrossSignalRelativeStable_GT],[1.0000],1,6,1.0000,[dt-1;dt-2;dt-3],[[30623e12-2482-4d62-b382-fb3482f2c332;3b7c812e-33ec-4491-9f52-9d2ae9aba008;aaceaa4e-b909-4613-aef3-f89237217e9d;f5ef18ae-706a-47e3-a73d-eb4367b82f5b;67d1f75a-c0c3-484d-94e2-2cf23ae43c6f;bd5d3437-ddd4-4d68-baf8-1299cc9faa9a]]
2026-04-26 10:08:00.202,53.320,CrossSignalDivergence_GT,atomic,[CrossSignalDivergence_GT],[1.0000],1,6,1.0000,[dt-1;dt-2;dt-3],[[30623e12-2482-4d62-b382-fb3482f2c332;3b7c812e-33ec-4491-9f52-9d2ae9aba008;aaceaa4e-b909-4613-aef3-f89237217e9d;f5ef18ae-706a-47e3-a73d-eb4367b82f5b;67d1f75a-c0c3-484d-94e2-2cf23ae43c6f;bd5d3437-ddd4-4d68-baf8-1299cc9faa9a]]
2026-04-26 10:08:00.202,53.320,CrossSignalRelativeStable_SYS,atomic,[CrossSignalRelativeStable_SYS],[1.0000],1,6,1.0000,[dt-1;dt-2;dt-3],[[25293e47-cdb8-45df-8e67-300015b58b90;a98f3a1f-a6c5-4e58-a200-374391d4a2af;d99eae9f-f2ac-41fb-bb83-bb6a28c7cf2b;87d8eb79-5c37-44d2-b461-c3bf8e25755f;489cd976-8da7-4c72-9f19-53517bc75d68;edc6d195-70e1-49a8-b0a9-8c1a0e7be3c7]]
2026-04-26 10:08:00.202,53.320,CrossSignalDivergence_SYS,atomic,[CrossSignalDivergence_SYS],[1.0000],1,6,1.0000,[dt-1;dt-2;dt-3],[[25293e47-cdb8-45df-8e67-300015b58b90;a98f3a1f-a6c5-4e58-a200-374391d4a2af;d99eae9f-f2ac-41fb-bb83-bb6a28c7cf2b;87d8eb79-5c37-44d2-b461-c3bf8e25755f;489cd976-8da7-4c72-9f19-53517bc75d68;edc6d195-70e1-49a8-b0a9-8c1a0e7be3c7]]
2026-04-26 10:08:00.299,53.417,CrossSignalRelativeStable_OBS,atomic,[CrossSignalRelativeStable_OBS],[1.0000],1,6,1.0000,[dt-1;dt-2;dt-3],[[87d8eb79-5c37-44d2-b461-c3bf8e25755f;a98f3a1f-a6c5-4e58-a200-374391d4a2af;d99eae9f-f2ac-41fb-bb83-bb6a28c7cf2b;3fc62fb0-ffb2-4ddd-a468-8b86c4ca78ca;489cd976-8da7-4c72-9f19-53517bc75d68;edc6d195-70e1-49a8-b0a9-8c1a0e7be3c7]]
2026-04-26 10:08:00.300,53.418,CrossSignalDivergence_OBS,atomic,[CrossSignalDivergence_OBS],[1.0000],1,6,1.0000,[dt-1;dt-2;dt-3],[[87d8eb79-5c37-44d2-b461-c3bf8e25755f;a98f3a1f-a6c5-4e58-a200-374391d4a2af;d99eae9f-f2ac-41fb-bb83-bb6a28c7cf2b;3fc62fb0-ffb2-4ddd-a468-8b86c4ca78ca;489cd976-8da7-4c72-9f19-53517bc75d68;edc6d195-70e1-49a8-b0a9-8c1a0e7be3c7]]
2026-04-26 10:08:00.312,53.430,CrossSignalRelativeStable_SYS,atomic,[CrossSignalRelativeStable_SYS],[1.0000],1,6,1.0000,[dt-1;dt-2;dt-3],[[87d8eb79-5c37-44d2-b461-c3bf8e25755f;489cd976-8da7-4c72-9f19-53517bc75d68;edc6d195-70e1-49a8-b0a9-8c1a0e7be3c7;3fc62fb0-ffb2-4ddd-a468-8b86c4ca78ca;58f37c08-0c8f-4cf7-8b4d-52b5d6b2e7ff;44be4ef0-3790-4fab-9edf-6d65f09a83dc]]
2026-04-26 10:08:00.312,53.430,CrossSignalDivergence_SYS,atomic,[CrossSignalDivergence_SYS],[1.0000],1,6,1.0000,[dt-1;dt-2;dt-3],[[87d8eb79-5c37-44d2-b461-c3bf8e25755f;489cd976-8da7-4c72-9f19-53517bc75d68;edc6d195-70e1-49a8-b0a9-8c1a0e7be3c7;3fc62fb0-ffb2-4ddd-a468-8b86c4ca78ca;58f37c08-0c8f-4cf7-8b4d-52b5d6b2e7ff;44be4ef0-3790-4fab-9edf-6d65f09a83dc]]
2026-04-26 10:08:00.317,53.435,CrossSignalRelativeStable_GT,atomic,[CrossSignalRelativeStable_GT],[1.0000],1,6,1.0000,[dt-1;dt-2;dt-3],[[f5ef18ae-706a-47e3-a73d-eb4367b82f5b;67d1f75a-c0c3-484d-94e2-2cf23ae43c6f;bd5d3437-ddd4-4d68-baf8-1299cc9faa9a;2be9e111-3c2d-4080-a925-1124e8ffdeee;a4ac0c87-30db-47ae-bbb8-08c5880caee9;b408528b-63e7-478e-9370-f7eb96356085]]
2026-04-26 10:08:00.317,53.435,CrossSignalDivergence_GT,atomic,[CrossSignalDivergence_GT],[1.0000],1,6,1.0000,[dt-1;dt-2;dt-3],[[f5ef18ae-706a-47e3-a73d-eb4367b82f5b;67d1f75a-c0c3-484d-94e2-2cf23ae43c6f;bd5d3437-ddd4-4d68-baf8-1299cc9faa9a;2be9e111-3c2d-4080-a925-1124e8ffdeee;a4ac0c87-30db-47ae-bbb8-08c5880caee9;b408528b-63e7-478e-9370-f7eb96356085]]
2026-04-26 10:08:00.415,53.533,CrossSignalRelativeStable_OBS,atomic,[CrossSignalRelativeStable_OBS],[1.0000],1,6,1.0000,[dt-1;dt-2;dt-3],[[3fc62fb0-ffb2-4ddd-a468-8b86c4ca78ca;489cd976-8da7-4c72-9f19-53517bc75d68;edc6d195-70e1-49a8-b0a9-8c1a0e7be3c7;c25ab439-a659-474a-8bc0-3ca57a4839a1;58f37c08-0c8f-4cf7-8b4d-52b5d6b2e7ff;44be4ef0-3790-4fab-9edf-6d65f09a83dc]]
2026-04-26 10:08:00.415,53.533,CrossSignalDivergence_OBS,atomic,[CrossSignalDivergence_OBS],[1.0000],1,6,1.0000,[dt-1;dt-2;dt-3],[[3fc62fb0-ffb2-4ddd-a468-8b86c4ca78ca;489cd976-8da7-4c72-9f19-53517bc75d68;edc6d195-70e1-49a8-b0a9-8c1a0e7be3c7;c25ab439-a659-474a-8bc0-3ca57a4839a1;58f37c08-0c8f-4cf7-8b4d-52b5d6b2e7ff;44be4ef0-3790-4fab-9edf-6d65f09a83dc]]
2026-04-26 10:08:00.428,53.546,CrossSignalRelativeStable_GT,atomic,[CrossSignalRelativeStable_GT],[1.0000],1,6,1.0000,[dt-1;dt-2;dt-3],[[2be9e111-3c2d-4080-a925-1124e8ffdeee;a4ac0c87-30db-47ae-bbb8-08c5880caee9;b408528b-63e7-478e-9370-f7eb96356085;7f2c50d8-c279-437c-bddc-bcadc9f982a5;6a59eb35-2ccb-4229-b675-3da3b0f39333;5ff45e1f-ed5c-44c4-a97a-ad13bfd2f758]]
2026-04-26 10:08:00.428,53.546,CrossSignalDivergence_GT,atomic,[CrossSignalDivergence_GT],[1.0000],1,6,1.0000,[dt-1;dt-2;dt-3],[[2be9e111-3c2d-4080-a925-1124e8ffdeee;a4ac0c87-30db-47ae-bbb8-08c5880caee9;b408528b-63e7-478e-9370-f7eb96356085;7f2c50d8-c279-437c-bddc-bcadc9f982a5;6a59eb35-2ccb-4229-b675-3da3b0f39333;5ff45e1f-ed5c-44c4-a97a-ad13bfd2f758]]
2026-04-26 10:08:00.428,53.546,CrossSignalRelativeStable_SYS,atomic,[CrossSignalRelativeStable_SYS],[1.0000],1,6,1.0000,[dt-1;dt-2;dt-3],[[3fc62fb0-ffb2-4ddd-a468-8b86c4ca78ca;58f37c08-0c8f-4cf7-8b4d-52b5d6b2e7ff;44be4ef0-3790-4fab-9edf-6d65f09a83dc;c25ab439-a659-474a-8bc0-3ca57a4839a1;7c7588f6-fa80-4c3c-b8ee-541bcf6c2587;ca1abf61-d199-41fd-ab71-46cfd1b25751]]
2026-04-26 10:08:00.428,53.546,CrossSignalDivergence_SYS,atomic,[CrossSignalDivergence_SYS],[1.0000],1,6,1.0000,[dt-1;dt-2;dt-3],[[3fc62fb0-ffb2-4ddd-a468-8b86c4ca78ca;58f37c08-0c8f-4cf7-8b4d-52b5d6b2e7ff;44be4ef0-3790-4fab-9edf-6d65f09a83dc;c25ab439-a659-474a-8bc0-3ca57a4839a1;7c7588f6-fa80-4c3c-b8ee-541bcf6c2587;ca1abf61-d199-41fd-ab71-46cfd1b25751]]
2026-04-26 10:08:00.522,53.640,CrossSignalRelativeStable_OBS,atomic,[CrossSignalRelativeStable_OBS],[1.0000],1,6,1.0000,[dt-1;dt-2;dt-3],[[c25ab439-a659-474a-8bc0-3ca57a4839a1;58f37c08-0c8f-4cf7-8b4d-52b5d6b2e7ff;44be4ef0-3790-4fab-9edf-6d65f09a83dc;4a5fbc13-f817-46b0-9657-31a5ded813ae;7c7588f6-fa80-4c3c-b8ee-541bcf6c2587;ca1abf61-d199-41fd-ab71-46cfd1b25751]]
2026-04-26 10:08:00.522,53.640,CrossSignalDivergence_OBS,atomic,[CrossSignalDivergence_OBS],[1.0000],1,6,1.0000,[dt-1;dt-2;dt-3],[[c25ab439-a659-474a-8bc0-3ca57a4839a1;58f37c08-0c8f-4cf7-8b4d-52b5d6b2e7ff;44be4ef0-3790-4fab-9edf-6d65f09a83dc;4a5fbc13-f817-46b0-9657-31a5ded813ae;7c7588f6-fa80-4c3c-b8ee-541bcf6c2587;ca1abf61-d199-41fd-ab71-46cfd1b25751]]
2026-04-26 10:08:00.535,53.653,CrossSignalRelativeStable_GT,atomic,[CrossSignalRelativeStable_GT],[1.0000],1,6,1.0000,[dt-1;dt-2;dt-3],[[7f2c50d8-c279-437c-bddc-bcadc9f982a5;6a59eb35-2ccb-4229-b675-3da3b0f39333;5ff45e1f-ed5c-44c4-a97a-ad13bfd2f758;e34b16f4-976a-40bf-a49b-6e112e583670;73b96b94-a68b-47b2-9257-89c45dd0e31d;5c19897a-ba20-46cd-81d5-d0de4a5d04b1]]
2026-04-26 10:08:00.535,53.653,CrossSignalDivergence_GT,atomic,[CrossSignalDivergence_GT],[1.0000],1,6,1.0000,[dt-1;dt-2;dt-3],[[7f2c50d8-c279-437c-bddc-bcadc9f982a5;6a59eb35-2ccb-4229-b675-3da3b0f39333;5ff45e1f-ed5c-44c4-a97a-ad13bfd2f758;e34b16f4-976a-40bf-a49b-6e112e583670;73b96b94-a68b-47b2-9257-89c45dd0e31d;5c19897a-ba20-46cd-81d5-d0de4a5d04b1]]
2026-04-26 10:08:00.535,53.653,CrossSignalRelativeStable_SYS,atomic,[CrossSignalRelativeStable_SYS],[1.0000],1,6,1.0000,[dt-1;dt-2;dt-3],[[c25ab439-a659-474a-8bc0-3ca57a4839a1;7c7588f6-fa80-4c3c-b8ee-541bcf6c2587;ca1abf61-d199-41fd-ab71-46cfd1b25751;4a5fbc13-f817-46b0-9657-31a5ded813ae;df7b2f4c-53b5-4d9d-9e3a-31dc4e56e2c0;c6435848-8d0a-41d2-9aaf-1c035992d83c]]
2026-04-26 10:08:00.535,53.653,CrossSignalDivergence_SYS,atomic,[CrossSignalDivergence_SYS],[1.0000],1,6,1.0000,[dt-1;dt-2;dt-3],[[c25ab439-a659-474a-8bc0-3ca57a4839a1;7c7588f6-fa80-4c3c-b8ee-541bcf6c2587;ca1abf61-d199-41fd-ab71-46cfd1b25751;4a5fbc13-f817-46b0-9657-31a5ded813ae;df7b2f4c-53b5-4d9d-9e3a-31dc4e56e2c0;c6435848-8d0a-41d2-9aaf-1c035992d83c]]
2026-04-26 10:08:00.634,53.752,CrossSignalRelativeStable_OBS,atomic,[CrossSignalRelativeStable_OBS],[1.0000],1,6,1.0000,[dt-1;dt-2;dt-3],[[4a5fbc13-f817-46b0-9657-31a5ded813ae;7c7588f6-fa80-4c3c-b8ee-541bcf6c2587;ca1abf61-d199-41fd-ab71-46cfd1b25751;0e21673c-d5fb-4ccb-afd3-e41d229ba695;df7b2f4c-53b5-4d9d-9e3a-31dc4e56e2c0;c6435848-8d0a-41d2-9aaf-1c035992d83c]]
2026-04-26 10:08:00.634,53.752,CrossSignalDivergence_OBS,atomic,[CrossSignalDivergence_OBS],[1.0000],1,6,1.0000,[dt-1;dt-2;dt-3],[[4a5fbc13-f817-46b0-9657-31a5ded813ae;7c7588f6-fa80-4c3c-b8ee-541bcf6c2587;ca1abf61-d199-41fd-ab71-46cfd1b25751;0e21673c-d5fb-4ccb-afd3-e41d229ba695;df7b2f4c-53b5-4d9d-9e3a-31dc4e56e2c0;c6435848-8d0a-41d2-9aaf-1c035992d83c]]
2026-04-26 10:08:00.647,53.765,CrossSignalRelativeStable_SYS,atomic,[CrossSignalRelativeStable_SYS],[1.0000],1,6,1.0000,[dt-1;dt-2;dt-3],[[4a5fbc13-f817-46b0-9657-31a5ded813ae;df7b2f4c-53b5-4d9d-9e3a-31dc4e56e2c0;c6435848-8d0a-41d2-9aaf-1c035992d83c;0e21673c-d5fb-4ccb-afd3-e41d229ba695;18c6728b-0f24-44a6-97a1-fc835aa77f3b;794b5c06-740f-42df-b0ca-1a75b91b0596]]
2026-04-26 10:08:00.647,53.765,CrossSignalDivergence_SYS,atomic,[CrossSignalDivergence_SYS],[1.0000],1,6,1.0000,[dt-1;dt-2;dt-3],[[4a5fbc13-f817-46b0-9657-31a5ded813ae;df7b2f4c-53b5-4d9d-9e3a-31dc4e56e2c0;c6435848-8d0a-41d2-9aaf-1c035992d83c;0e21673c-d5fb-4ccb-afd3-e41d229ba695;18c6728b-0f24-44a6-97a1-fc835aa77f3b;794b5c06-740f-42df-b0ca-1a75b91b0596]]
2026-04-26 10:08:00.653,53.771,CrossSignalRelativeStable_GT,atomic,[CrossSignalRelativeStable_GT],[1.0000],1,6,1.0000,[dt-1;dt-2;dt-3],[[e34b16f4-976a-40bf-a49b-6e112e583670;73b96b94-a68b-47b2-9257-89c45dd0e31d;5c19897a-ba20-46cd-81d5-d0de4a5d04b1;c3c15b01-7df4-47da-8db0-41ab9606d2f3;62d003b8-158b-4351-88cd-66a06ad5f059;d933ff6a-1638-41e2-b5ed-13ab2d34f12a]]
2026-04-26 10:08:00.653,53.771,CrossSignalDivergence_GT,atomic,[CrossSignalDivergence_GT],[1.0000],1,6,1.0000,[dt-1;dt-2;dt-3],[[e34b16f4-976a-40bf-a49b-6e112e583670;73b96b94-a68b-47b2-9257-89c45dd0e31d;5c19897a-ba20-46cd-81d5-d0de4a5d04b1;c3c15b01-7df4-47da-8db0-41ab9606d2f3;62d003b8-158b-4351-88cd-66a06ad5f059;d933ff6a-1638-41e2-b5ed-13ab2d34f12a]]
2026-04-26 10:08:00.750,53.868,CrossSignalRelativeStable_OBS,atomic,[CrossSignalRelativeStable_OBS],[1.0000],1,6,1.0000,[dt-1;dt-2;dt-3],[[0e21673c-d5fb-4ccb-afd3-e41d229ba695;df7b2f4c-53b5-4d9d-9e3a-31dc4e56e2c0;c6435848-8d0a-41d2-9aaf-1c035992d83c;aa68ba17-ae0f-44fa-8a43-8e90e878ca56;18c6728b-0f24-44a6-97a1-fc835aa77f3b;794b5c06-740f-42df-b0ca-1a75b91b0596]]
2026-04-26 10:08:00.750,53.868,CrossSignalDivergence_OBS,atomic,[CrossSignalDivergence_OBS],[1.0000],1,6,1.0000,[dt-1;dt-2;dt-3],[[0e21673c-d5fb-4ccb-afd3-e41d229ba695;df7b2f4c-53b5-4d9d-9e3a-31dc4e56e2c0;c6435848-8d0a-41d2-9aaf-1c035992d83c;aa68ba17-ae0f-44fa-8a43-8e90e878ca56;18c6728b-0f24-44a6-97a1-fc835aa77f3b;794b5c06-740f-42df-b0ca-1a75b91b0596]]
2026-04-26 10:08:00.762,53.880,CrossSignalRelativeStable_GT,atomic,[CrossSignalRelativeStable_GT],[1.0000],1,6,1.0000,[dt-1;dt-2;dt-3],[[c3c15b01-7df4-47da-8db0-41ab9606d2f3;62d003b8-158b-4351-88cd-66a06ad5f059;d933ff6a-1638-41e2-b5ed-13ab2d34f12a;32bbea42-d7a8-4a7f-9d08-438c9e620d1b;b489bd86-7f1c-45b0-9705-5bac0c79709f;a4bc0023-9c7e-4275-a1e9-f83aee9334ab]]
2026-04-26 10:08:00.762,53.880,CrossSignalDivergence_GT,atomic,[CrossSignalDivergence_GT],[1.0000],1,6,1.0000,[dt-1;dt-2;dt-3],[[c3c15b01-7df4-47da-8db0-41ab9606d2f3;62d003b8-158b-4351-88cd-66a06ad5f059;d933ff6a-1638-41e2-b5ed-13ab2d34f12a;32bbea42-d7a8-4a7f-9d08-438c9e620d1b;b489bd86-7f1c-45b0-9705-5bac0c79709f;a4bc0023-9c7e-4275-a1e9-f83aee9334ab]]
2026-04-26 10:08:00.762,53.880,CrossSignalRelativeStable_SYS,atomic,[CrossSignalRelativeStable_SYS],[1.0000],1,6,1.0000,[dt-1;dt-2;dt-3],[[0e21673c-d5fb-4ccb-afd3-e41d229ba695;18c6728b-0f24-44a6-97a1-fc835aa77f3b;794b5c06-740f-42df-b0ca-1a75b91b0596;aa68ba17-ae0f-44fa-8a43-8e90e878ca56;050fa176-eec7-406f-b144-9fd5401e3b13;b13db555-6659-4dc8-bcaa-47a3f7d1c40a]]
2026-04-26 10:08:00.762,53.880,CrossSignalDivergence_SYS,atomic,[CrossSignalDivergence_SYS],[1.0000],1,6,1.0000,[dt-1;dt-2;dt-3],[[0e21673c-d5fb-4ccb-afd3-e41d229ba695;18c6728b-0f24-44a6-97a1-fc835aa77f3b;794b5c06-740f-42df-b0ca-1a75b91b0596;aa68ba17-ae0f-44fa-8a43-8e90e878ca56;050fa176-eec7-406f-b144-9fd5401e3b13;b13db555-6659-4dc8-bcaa-47a3f7d1c40a]]
2026-04-26 10:08:00.859,53.977,CrossSignalRelativeStable_OBS,atomic,[CrossSignalRelativeStable_OBS],[1.0000],1,6,1.0000,[dt-1;dt-2;dt-3],[[aa68ba17-ae0f-44fa-8a43-8e90e878ca56;18c6728b-0f24-44a6-97a1-fc835aa77f3b;794b5c06-740f-42df-b0ca-1a75b91b0596;56afeb87-c922-4a49-bb83-4302249ed2bb;050fa176-eec7-406f-b144-9fd5401e3b13;b13db555-6659-4dc8-bcaa-47a3f7d1c40a]]
2026-04-26 10:08:00.859,53.977,CrossSignalDivergence_OBS,atomic,[CrossSignalDivergence_OBS],[1.0000],1,6,1.0000,[dt-1;dt-2;dt-3],[[aa68ba17-ae0f-44fa-8a43-8e90e878ca56;18c6728b-0f24-44a6-97a1-fc835aa77f3b;794b5c06-740f-42df-b0ca-1a75b91b0596;56afeb87-c922-4a49-bb83-4302249ed2bb;050fa176-eec7-406f-b144-9fd5401e3b13;b13db555-6659-4dc8-bcaa-47a3f7d1c40a]]
2026-04-26 10:08:00.871,53.989,CrossSignalRelativeStable_GT,atomic,[CrossSignalRelativeStable_GT],[1.0000],1,6,1.0000,[dt-1;dt-2;dt-3],[[32bbea42-d7a8-4a7f-9d08-438c9e620d1b;b489bd86-7f1c-45b0-9705-5bac0c79709f;a4bc0023-9c7e-4275-a1e9-f83aee9334ab;dddff96f-d9f8-4310-9f1b-6a9b2467cd38;b85df199-7b77-464b-ad67-2c197c5af061;68478992-8253-4ea0-b1b5-e93ec0829678]]
2026-04-26 10:08:00.871,53.989,CrossSignalDivergence_GT,atomic,[CrossSignalDivergence_GT],[1.0000],1,6,1.0000,[dt-1;dt-2;dt-3],[[32bbea42-d7a8-4a7f-9d08-438c9e620d1b;b489bd86-7f1c-45b0-9705-5bac0c79709f;a4bc0023-9c7e-4275-a1e9-f83aee9334ab;dddff96f-d9f8-4310-9f1b-6a9b2467cd38;b85df199-7b77-464b-ad67-2c197c5af061;68478992-8253-4ea0-b1b5-e93ec0829678]]
2026-04-26 10:08:00.871,53.989,CrossSignalRelativeStable_SYS,atomic,[CrossSignalRelativeStable_SYS],[1.0000],1,6,1.0000,[dt-1;dt-2;dt-3],[[aa68ba17-ae0f-44fa-8a43-8e90e878ca56;050fa176-eec7-406f-b144-9fd5401e3b13;b13db555-6659-4dc8-bcaa-47a3f7d1c40a;56afeb87-c922-4a49-bb83-4302249ed2bb;eccb06b5-e684-41b1-b444-123bd0f13248;7b146bbc-f42c-4249-aaae-cf24ebc9bab5]]
2026-04-26 10:08:00.871,53.989,CrossSignalDivergence_SYS,atomic,[CrossSignalDivergence_SYS],[1.0000],1,6,1.0000,[dt-1;dt-2;dt-3],[[aa68ba17-ae0f-44fa-8a43-8e90e878ca56;050fa176-eec7-406f-b144-9fd5401e3b13;b13db555-6659-4dc8-bcaa-47a3f7d1c40a;56afeb87-c922-4a49-bb83-4302249ed2bb;eccb06b5-e684-41b1-b444-123bd0f13248;7b146bbc-f42c-4249-aaae-cf24ebc9bab5]]
2026-04-26 10:08:00.968,54.086,CrossSignalRelativeStable_OBS,atomic,[CrossSignalRelativeStable_OBS],[1.0000],1,6,1.0000,[dt-1;dt-2;dt-3],[[56afeb87-c922-4a49-bb83-4302249ed2bb;050fa176-eec7-406f-b144-9fd5401e3b13;b13db555-6659-4dc8-bcaa-47a3f7d1c40a;47a8d6f6-e6dc-4360-8e8e-35439fa39efc;eccb06b5-e684-41b1-b444-123bd0f13248;7b146bbc-f42c-4249-aaae-cf24ebc9bab5]]
2026-04-26 10:08:00.968,54.086,CrossSignalDivergence_OBS,atomic,[CrossSignalDivergence_OBS],[1.0000],1,6,1.0000,[dt-1;dt-2;dt-3],[[56afeb87-c922-4a49-bb83-4302249ed2bb;050fa176-eec7-406f-b144-9fd5401e3b13;b13db555-6659-4dc8-bcaa-47a3f7d1c40a;47a8d6f6-e6dc-4360-8e8e-35439fa39efc;eccb06b5-e684-41b1-b444-123bd0f13248;7b146bbc-f42c-4249-aaae-cf24ebc9bab5]]
2026-04-26 10:08:00.980,54.098,CrossSignalRelativeStable_GT,atomic,[CrossSignalRelativeStable_GT],[1.0000],1,6,1.0000,[dt-1;dt-2;dt-3],[[dddff96f-d9f8-4310-9f1b-6a9b2467cd38;b85df199-7b77-464b-ad67-2c197c5af061;68478992-8253-4ea0-b1b5-e93ec0829678;86025f12-d73f-444c-82d2-4823a30d8008;6039e27b-0ef0-4723-92a3-5bc1bdc801ab;cad82e83-c7e8-4bb2-ab54-1e10bf2d4c6b]]
2026-04-26 10:08:00.980,54.098,CrossSignalDivergence_GT,atomic,[CrossSignalDivergence_GT],[1.0000],1,6,1.0000,[dt-1;dt-2;dt-3],[[dddff96f-d9f8-4310-9f1b-6a9b2467cd38;b85df199-7b77-464b-ad67-2c197c5af061;68478992-8253-4ea0-b1b5-e93ec0829678;86025f12-d73f-444c-82d2-4823a30d8008;6039e27b-0ef0-4723-92a3-5bc1bdc801ab;cad82e83-c7e8-4bb2-ab54-1e10bf2d4c6b]]
2026-04-26 10:08:00.980,54.098,CrossSignalRelativeStable_SYS,atomic,[CrossSignalRelativeStable_SYS],[1.0000],1,6,1.0000,[dt-1;dt-2;dt-3],[[56afeb87-c922-4a49-bb83-4302249ed2bb;eccb06b5-e684-41b1-b444-123bd0f13248;7b146bbc-f42c-4249-aaae-cf24ebc9bab5;47a8d6f6-e6dc-4360-8e8e-35439fa39efc;de9a0521-3d89-4537-8c70-03604891a8d2;8804d01d-a1e9-41fa-9454-372d57365342]]
2026-04-26 10:08:00.980,54.098,CrossSignalDivergence_SYS,atomic,[CrossSignalDivergence_SYS],[1.0000],1,6,1.0000,[dt-1;dt-2;dt-3],[[56afeb87-c922-4a49-bb83-4302249ed2bb;eccb06b5-e684-41b1-b444-123bd0f13248;7b146bbc-f42c-4249-aaae-cf24ebc9bab5;47a8d6f6-e6dc-4360-8e8e-35439fa39efc;de9a0521-3d89-4537-8c70-03604891a8d2;8804d01d-a1e9-41fa-9454-372d57365342]]
2026-04-26 10:08:01.077,54.195,CrossSignalRelativeStable_OBS,atomic,[CrossSignalRelativeStable_OBS],[1.0000],1,6,1.0000,[dt-1;dt-2;dt-3],[[47a8d6f6-e6dc-4360-8e8e-35439fa39efc;eccb06b5-e684-41b1-b444-123bd0f13248;7b146bbc-f42c-4249-aaae-cf24ebc9bab5;092dd3f2-f9a6-4f07-8897-6b64643c7e49;de9a0521-3d89-4537-8c70-03604891a8d2;8804d01d-a1e9-41fa-9454-372d57365342]]
2026-04-26 10:08:01.077,54.195,CrossSignalDivergence_OBS,atomic,[CrossSignalDivergence_OBS],[1.0000],1,6,1.0000,[dt-1;dt-2;dt-3],[[47a8d6f6-e6dc-4360-8e8e-35439fa39efc;eccb06b5-e684-41b1-b444-123bd0f13248;7b146bbc-f42c-4249-aaae-cf24ebc9bab5;092dd3f2-f9a6-4f07-8897-6b64643c7e49;de9a0521-3d89-4537-8c70-03604891a8d2;8804d01d-a1e9-41fa-9454-372d57365342]]
2026-04-26 10:08:01.089,54.207,CrossSignalRelativeStable_SYS,atomic,[CrossSignalRelativeStable_SYS],[1.0000],1,6,1.0000,[dt-1;dt-2;dt-3],[[47a8d6f6-e6dc-4360-8e8e-35439fa39efc;de9a0521-3d89-4537-8c70-03604891a8d2;8804d01d-a1e9-41fa-9454-372d57365342;092dd3f2-f9a6-4f07-8897-6b64643c7e49;72f56f6a-5fea-4eac-b5f1-5f3d6700af2b;0f8ce319-40ef-4bfe-9a11-0245289b29f6]]
2026-04-26 10:08:01.089,54.207,CrossSignalDivergence_SYS,atomic,[CrossSignalDivergence_SYS],[1.0000],1,6,1.0000,[dt-1;dt-2;dt-3],[[47a8d6f6-e6dc-4360-8e8e-35439fa39efc;de9a0521-3d89-4537-8c70-03604891a8d2;8804d01d-a1e9-41fa-9454-372d57365342;092dd3f2-f9a6-4f07-8897-6b64643c7e49;72f56f6a-5fea-4eac-b5f1-5f3d6700af2b;0f8ce319-40ef-4bfe-9a11-0245289b29f6]]
2026-04-26 10:08:01.095,54.213,CrossSignalRelativeStable_GT,atomic,[CrossSignalRelativeStable_GT],[1.0000],1,6,1.0000,[dt-1;dt-2;dt-3],[[86025f12-d73f-444c-82d2-4823a30d8008;6039e27b-0ef0-4723-92a3-5bc1bdc801ab;cad82e83-c7e8-4bb2-ab54-1e10bf2d4c6b;449fc60f-c7e5-4fc7-8987-027d2d5d8973;e9fc1c7f-1ca4-4796-a635-f288dba082cc;99aea870-aeb5-498c-b49a-804bca6bf7b7]]
2026-04-26 10:08:01.095,54.213,CrossSignalDivergence_GT,atomic,[CrossSignalDivergence_GT],[1.0000],1,6,1.0000,[dt-1;dt-2;dt-3],[[86025f12-d73f-444c-82d2-4823a30d8008;6039e27b-0ef0-4723-92a3-5bc1bdc801ab;cad82e83-c7e8-4bb2-ab54-1e10bf2d4c6b;449fc60f-c7e5-4fc7-8987-027d2d5d8973;e9fc1c7f-1ca4-4796-a635-f288dba082cc;99aea870-aeb5-498c-b49a-804bca6bf7b7]]
2026-04-26 10:08:01.188,54.306,CrossSignalRelativeStable_OBS,atomic,[CrossSignalRelativeStable_OBS],[1.0000],1,6,1.0000,[dt-1;dt-2;dt-3],[[092dd3f2-f9a6-4f07-8897-6b64643c7e49;de9a0521-3d89-4537-8c70-03604891a8d2;8804d01d-a1e9-41fa-9454-372d57365342;2f4c393d-c4f5-4dda-88b2-0bd91091705a;72f56f6a-5fea-4eac-b5f1-5f3d6700af2b;0f8ce319-40ef-4bfe-9a11-0245289b29f6]]
2026-04-26 10:08:01.189,54.307,CrossSignalDivergence_OBS,atomic,[CrossSignalDivergence_OBS],[1.0000],1,6,1.0000,[dt-1;dt-2;dt-3],[[092dd3f2-f9a6-4f07-8897-6b64643c7e49;de9a0521-3d89-4537-8c70-03604891a8d2;8804d01d-a1e9-41fa-9454-372d57365342;2f4c393d-c4f5-4dda-88b2-0bd91091705a;72f56f6a-5fea-4eac-b5f1-5f3d6700af2b;0f8ce319-40ef-4bfe-9a11-0245289b29f6]]
2026-04-26 10:08:01.200,54.318,CrossSignalRelativeStable_GT,atomic,[CrossSignalRelativeStable_GT],[1.0000],1,6,1.0000,[dt-1;dt-2;dt-3],[[449fc60f-c7e5-4fc7-8987-027d2d5d8973;e9fc1c7f-1ca4-4796-a635-f288dba082cc;99aea870-aeb5-498c-b49a-804bca6bf7b7;cae05995-dffc-4611-b6c1-ac6b40a85c18;459b5d49-7e31-4841-ac81-eac7f4ec0896;59d91ba9-c43c-4ab7-82ac-382322903c94]]
2026-04-26 10:08:01.200,54.318,CrossSignalDivergence_GT,atomic,[CrossSignalDivergence_GT],[1.0000],1,6,1.0000,[dt-1;dt-2;dt-3],[[449fc60f-c7e5-4fc7-8987-027d2d5d8973;e9fc1c7f-1ca4-4796-a635-f288dba082cc;99aea870-aeb5-498c-b49a-804bca6bf7b7;cae05995-dffc-4611-b6c1-ac6b40a85c18;459b5d49-7e31-4841-ac81-eac7f4ec0896;59d91ba9-c43c-4ab7-82ac-382322903c94]]
2026-04-26 10:08:01.200,54.318,CrossSignalRelativeStable_SYS,atomic,[CrossSignalRelativeStable_SYS],[1.0000],1,6,1.0000,[dt-1;dt-2;dt-3],[[092dd3f2-f9a6-4f07-8897-6b64643c7e49;72f56f6a-5fea-4eac-b5f1-5f3d6700af2b;0f8ce319-40ef-4bfe-9a11-0245289b29f6;2f4c393d-c4f5-4dda-88b2-0bd91091705a;7fb60ecd-bc17-4aa7-8f1e-8124ac10de60;e1556478-ccbf-4e6e-b59f-9e7049b94e7b]]
2026-04-26 10:08:01.200,54.318,CrossSignalDivergence_SYS,atomic,[CrossSignalDivergence_SYS],[1.0000],1,6,1.0000,[dt-1;dt-2;dt-3],[[092dd3f2-f9a6-4f07-8897-6b64643c7e49;72f56f6a-5fea-4eac-b5f1-5f3d6700af2b;0f8ce319-40ef-4bfe-9a11-0245289b29f6;2f4c393d-c4f5-4dda-88b2-0bd91091705a;7fb60ecd-bc17-4aa7-8f1e-8124ac10de60;e1556478-ccbf-4e6e-b59f-9e7049b94e7b]]
2026-04-26 10:08:01.299,54.417,CrossSignalRelativeStable_OBS,atomic,[CrossSignalRelativeStable_OBS],[1.0000],1,6,1.0000,[dt-1;dt-2;dt-3],[[2f4c393d-c4f5-4dda-88b2-0bd91091705a;72f56f6a-5fea-4eac-b5f1-5f3d6700af2b;0f8ce319-40ef-4bfe-9a11-0245289b29f6;c4c22a61-ee15-42cb-8d5c-f4e12a44c741;7fb60ecd-bc17-4aa7-8f1e-8124ac10de60;e1556478-ccbf-4e6e-b59f-9e7049b94e7b]]
2026-04-26 10:08:01.299,54.417,CrossSignalDivergence_OBS,atomic,[CrossSignalDivergence_OBS],[1.0000],1,6,1.0000,[dt-1;dt-2;dt-3],[[2f4c393d-c4f5-4dda-88b2-0bd91091705a;72f56f6a-5fea-4eac-b5f1-5f3d6700af2b;0f8ce319-40ef-4bfe-9a11-0245289b29f6;c4c22a61-ee15-42cb-8d5c-f4e12a44c741;7fb60ecd-bc17-4aa7-8f1e-8124ac10de60;e1556478-ccbf-4e6e-b59f-9e7049b94e7b]]
2026-04-26 10:08:01.311,54.429,CrossSignalRelativeStable_SYS,atomic,[CrossSignalRelativeStable_SYS],[1.0000],1,6,1.0000,[dt-1;dt-2;dt-3],[[2f4c393d-c4f5-4dda-88b2-0bd91091705a;7fb60ecd-bc17-4aa7-8f1e-8124ac10de60;e1556478-ccbf-4e6e-b59f-9e7049b94e7b;c4c22a61-ee15-42cb-8d5c-f4e12a44c741;78f3a38a-c9ce-40d3-86c4-0ae91ea4f45e;9d861440-2976-4b36-b314-d6e51a1ac8bd]]
2026-04-26 10:08:01.311,54.429,CrossSignalDivergence_SYS,atomic,[CrossSignalDivergence_SYS],[1.0000],1,6,1.0000,[dt-1;dt-2;dt-3],[[2f4c393d-c4f5-4dda-88b2-0bd91091705a;7fb60ecd-bc17-4aa7-8f1e-8124ac10de60;e1556478-ccbf-4e6e-b59f-9e7049b94e7b;c4c22a61-ee15-42cb-8d5c-f4e12a44c741;78f3a38a-c9ce-40d3-86c4-0ae91ea4f45e;9d861440-2976-4b36-b314-d6e51a1ac8bd]]
2026-04-26 10:08:01.317,54.435,CrossSignalRelativeStable_GT,atomic,[CrossSignalRelativeStable_GT],[1.0000],1,6,1.0000,[dt-1;dt-2;dt-3],[[cae05995-dffc-4611-b6c1-ac6b40a85c18;459b5d49-7e31-4841-ac81-eac7f4ec0896;59d91ba9-c43c-4ab7-82ac-382322903c94;15f6a9c8-cf87-4305-b4a8-b9f21309eabf;c44711c2-a72a-4888-9448-e65a004cce1d;dc21269b-2d57-4c3f-9210-d6b6ae1bd16b]]
2026-04-26 10:08:01.317,54.435,CrossSignalDivergence_GT,atomic,[CrossSignalDivergence_GT],[1.0000],1,6,1.0000,[dt-1;dt-2;dt-3],[[cae05995-dffc-4611-b6c1-ac6b40a85c18;459b5d49-7e31-4841-ac81-eac7f4ec0896;59d91ba9-c43c-4ab7-82ac-382322903c94;15f6a9c8-cf87-4305-b4a8-b9f21309eabf;c44711c2-a72a-4888-9448-e65a004cce1d;dc21269b-2d57-4c3f-9210-d6b6ae1bd16b]]
2026-04-26 10:08:01.413,54.531,CrossSignalRelativeStable_OBS,atomic,[CrossSignalRelativeStable_OBS],[1.0000],1,6,1.0000,[dt-1;dt-2;dt-3],[[c4c22a61-ee15-42cb-8d5c-f4e12a44c741;7fb60ecd-bc17-4aa7-8f1e-8124ac10de60;e1556478-ccbf-4e6e-b59f-9e7049b94e7b;882a5020-53fd-4517-bd2f-d0deb9892062;78f3a38a-c9ce-40d3-86c4-0ae91ea4f45e;9d861440-2976-4b36-b314-d6e51a1ac8bd]]
2026-04-26 10:08:01.413,54.531,CrossSignalDivergence_OBS,atomic,[CrossSignalDivergence_OBS],[1.0000],1,6,1.0000,[dt-1;dt-2;dt-3],[[c4c22a61-ee15-42cb-8d5c-f4e12a44c741;7fb60ecd-bc17-4aa7-8f1e-8124ac10de60;e1556478-ccbf-4e6e-b59f-9e7049b94e7b;882a5020-53fd-4517-bd2f-d0deb9892062;78f3a38a-c9ce-40d3-86c4-0ae91ea4f45e;9d861440-2976-4b36-b314-d6e51a1ac8bd]]
2026-04-26 10:08:01.425,54.543,CrossSignalRelativeStable_GT,atomic,[CrossSignalRelativeStable_GT],[1.0000],1,6,1.0000,[dt-1;dt-2;dt-3],[[15f6a9c8-cf87-4305-b4a8-b9f21309eabf;c44711c2-a72a-4888-9448-e65a004cce1d;dc21269b-2d57-4c3f-9210-d6b6ae1bd16b;47f5b8bd-0a21-4348-a46d-22184b5d08f6;3c849372-6f04-417a-8056-f3146dd95677;524bafe5-1a88-4c28-8673-2204d12c3b50]]
2026-04-26 10:08:01.425,54.543,CrossSignalDivergence_GT,atomic,[CrossSignalDivergence_GT],[1.0000],1,6,1.0000,[dt-1;dt-2;dt-3],[[15f6a9c8-cf87-4305-b4a8-b9f21309eabf;c44711c2-a72a-4888-9448-e65a004cce1d;dc21269b-2d57-4c3f-9210-d6b6ae1bd16b;47f5b8bd-0a21-4348-a46d-22184b5d08f6;3c849372-6f04-417a-8056-f3146dd95677;524bafe5-1a88-4c28-8673-2204d12c3b50]]
2026-04-26 10:08:01.425,54.543,CrossSignalRelativeStable_SYS,atomic,[CrossSignalRelativeStable_SYS],[1.0000],1,6,1.0000,[dt-1;dt-2;dt-3],[[c4c22a61-ee15-42cb-8d5c-f4e12a44c741;78f3a38a-c9ce-40d3-86c4-0ae91ea4f45e;9d861440-2976-4b36-b314-d6e51a1ac8bd;882a5020-53fd-4517-bd2f-d0deb9892062;267e94b8-02aa-47b2-bb3c-0c3fb0fe93d2;fb5fab01-3cdd-4878-a70d-a7d7f9261c71]]
2026-04-26 10:08:01.426,54.544,CrossSignalDivergence_SYS,atomic,[CrossSignalDivergence_SYS],[1.0000],1,6,1.0000,[dt-1;dt-2;dt-3],[[c4c22a61-ee15-42cb-8d5c-f4e12a44c741;78f3a38a-c9ce-40d3-86c4-0ae91ea4f45e;9d861440-2976-4b36-b314-d6e51a1ac8bd;882a5020-53fd-4517-bd2f-d0deb9892062;267e94b8-02aa-47b2-bb3c-0c3fb0fe93d2;fb5fab01-3cdd-4878-a70d-a7d7f9261c71]]
2026-04-26 10:08:01.521,54.639,CrossSignalRelativeStable_OBS,atomic,[CrossSignalRelativeStable_OBS],[1.0000],1,6,1.0000,[dt-1;dt-2;dt-3],[[882a5020-53fd-4517-bd2f-d0deb9892062;78f3a38a-c9ce-40d3-86c4-0ae91ea4f45e;9d861440-2976-4b36-b314-d6e51a1ac8bd;8dbe1b3e-d13c-42c5-a1d2-165f2dafbcca;267e94b8-02aa-47b2-bb3c-0c3fb0fe93d2;fb5fab01-3cdd-4878-a70d-a7d7f9261c71]]
2026-04-26 10:08:01.521,54.639,CrossSignalDivergence_OBS,atomic,[CrossSignalDivergence_OBS],[1.0000],1,6,1.0000,[dt-1;dt-2;dt-3],[[882a5020-53fd-4517-bd2f-d0deb9892062;78f3a38a-c9ce-40d3-86c4-0ae91ea4f45e;9d861440-2976-4b36-b314-d6e51a1ac8bd;8dbe1b3e-d13c-42c5-a1d2-165f2dafbcca;267e94b8-02aa-47b2-bb3c-0c3fb0fe93d2;fb5fab01-3cdd-4878-a70d-a7d7f9261c71]]
2026-04-26 10:08:01.533,54.651,CrossSignalRelativeStable_GT,atomic,[CrossSignalRelativeStable_GT],[1.0000],1,6,1.0000,[dt-1;dt-2;dt-3],[[47f5b8bd-0a21-4348-a46d-22184b5d08f6;3c849372-6f04-417a-8056-f3146dd95677;524bafe5-1a88-4c28-8673-2204d12c3b50;82f5ab99-9bb6-42c9-9807-9dabf1eb20d8;6a71e0ee-db3f-4c11-8cea-3183b2b82097;2903dcb1-6a84-40c3-81e8-cc9e0fd8371a]]
2026-04-26 10:08:01.533,54.651,CrossSignalDivergence_GT,atomic,[CrossSignalDivergence_GT],[1.0000],1,6,1.0000,[dt-1;dt-2;dt-3],[[47f5b8bd-0a21-4348-a46d-22184b5d08f6;3c849372-6f04-417a-8056-f3146dd95677;524bafe5-1a88-4c28-8673-2204d12c3b50;82f5ab99-9bb6-42c9-9807-9dabf1eb20d8;6a71e0ee-db3f-4c11-8cea-3183b2b82097;2903dcb1-6a84-40c3-81e8-cc9e0fd8371a]]
2026-04-26 10:08:01.533,54.651,CrossSignalRelativeStable_SYS,atomic,[CrossSignalRelativeStable_SYS],[1.0000],1,6,1.0000,[dt-1;dt-2;dt-3],[[882a5020-53fd-4517-bd2f-d0deb9892062;267e94b8-02aa-47b2-bb3c-0c3fb0fe93d2;fb5fab01-3cdd-4878-a70d-a7d7f9261c71;8dbe1b3e-d13c-42c5-a1d2-165f2dafbcca;c96dbb07-f2d7-4f2d-9db0-c612f495db2c;f182e5f0-bdeb-4055-a736-41e54d6ff5b9]]
2026-04-26 10:08:01.534,54.652,CrossSignalDivergence_SYS,atomic,[CrossSignalDivergence_SYS],[1.0000],1,6,1.0000,[dt-1;dt-2;dt-3],[[882a5020-53fd-4517-bd2f-d0deb9892062;267e94b8-02aa-47b2-bb3c-0c3fb0fe93d2;fb5fab01-3cdd-4878-a70d-a7d7f9261c71;8dbe1b3e-d13c-42c5-a1d2-165f2dafbcca;c96dbb07-f2d7-4f2d-9db0-c612f495db2c;f182e5f0-bdeb-4055-a736-41e54d6ff5b9]]
2026-04-26 10:08:01.626,54.744,CrossSignalRelativeStable_OBS,atomic,[CrossSignalRelativeStable_OBS],[1.0000],1,6,1.0000,[dt-1;dt-2;dt-3],[[8dbe1b3e-d13c-42c5-a1d2-165f2dafbcca;267e94b8-02aa-47b2-bb3c-0c3fb0fe93d2;fb5fab01-3cdd-4878-a70d-a7d7f9261c71;9d0316e6-a6e4-4173-b1f0-6c3266e4de83;c96dbb07-f2d7-4f2d-9db0-c612f495db2c;f182e5f0-bdeb-4055-a736-41e54d6ff5b9]]
2026-04-26 10:08:01.626,54.744,CrossSignalDivergence_OBS,atomic,[CrossSignalDivergence_OBS],[1.0000],1,6,1.0000,[dt-1;dt-2;dt-3],[[8dbe1b3e-d13c-42c5-a1d2-165f2dafbcca;267e94b8-02aa-47b2-bb3c-0c3fb0fe93d2;fb5fab01-3cdd-4878-a70d-a7d7f9261c71;9d0316e6-a6e4-4173-b1f0-6c3266e4de83;c96dbb07-f2d7-4f2d-9db0-c612f495db2c;f182e5f0-bdeb-4055-a736-41e54d6ff5b9]]
2026-04-26 10:08:01.638,54.756,CrossSignalRelativeStable_GT,atomic,[CrossSignalRelativeStable_GT],[1.0000],1,6,1.0000,[dt-1;dt-2;dt-3],[[82f5ab99-9bb6-42c9-9807-9dabf1eb20d8;6a71e0ee-db3f-4c11-8cea-3183b2b82097;2903dcb1-6a84-40c3-81e8-cc9e0fd8371a;10193def-750b-48f1-96c9-c9b4f893edbf;bb2694cf-0298-400d-a455-9be84837bc1f;2f446bc2-2b68-4e93-8b5f-5d7d0b641e66]]
2026-04-26 10:08:01.638,54.756,CrossSignalDivergence_GT,atomic,[CrossSignalDivergence_GT],[1.0000],1,6,1.0000,[dt-1;dt-2;dt-3],[[82f5ab99-9bb6-42c9-9807-9dabf1eb20d8;6a71e0ee-db3f-4c11-8cea-3183b2b82097;2903dcb1-6a84-40c3-81e8-cc9e0fd8371a;10193def-750b-48f1-96c9-c9b4f893edbf;bb2694cf-0298-400d-a455-9be84837bc1f;2f446bc2-2b68-4e93-8b5f-5d7d0b641e66]]
2026-04-26 10:08:01.638,54.756,CrossSignalRelativeStable_SYS,atomic,[CrossSignalRelativeStable_SYS],[1.0000],1,6,1.0000,[dt-1;dt-2;dt-3],[[8dbe1b3e-d13c-42c5-a1d2-165f2dafbcca;c96dbb07-f2d7-4f2d-9db0-c612f495db2c;f182e5f0-bdeb-4055-a736-41e54d6ff5b9;9d0316e6-a6e4-4173-b1f0-6c3266e4de83;4dd3a81b-0995-471f-8ce5-37a14c8f3881;ffafa006-e282-4884-b3b1-677d95765e75]]
2026-04-26 10:08:01.638,54.756,CrossSignalDivergence_SYS,atomic,[CrossSignalDivergence_SYS],[1.0000],1,6,1.0000,[dt-1;dt-2;dt-3],[[8dbe1b3e-d13c-42c5-a1d2-165f2dafbcca;c96dbb07-f2d7-4f2d-9db0-c612f495db2c;f182e5f0-bdeb-4055-a736-41e54d6ff5b9;9d0316e6-a6e4-4173-b1f0-6c3266e4de83;4dd3a81b-0995-471f-8ce5-37a14c8f3881;ffafa006-e282-4884-b3b1-677d95765e75]]
