# Logger: PatternLogger | Started: Wed Oct 15 19:25:47 EDT 2025
fired_at,fired_offset_sec,pattern_name,pattern_type,subpatterns,subpattern_confidences,num_subpatterns,num_events,confidence,nested_event_ids
2025-10-15 19:25:54.112,6.691,63rd_WaterTempDrop_85,atomic,[63rd_WaterTempDrop_85],[1.0000],1,1,1.0000,[[63rdStreetBeach201505191000_Water_Temperature]]
2025-10-15 19:25:54.136,6.715,Montrose_WaterTempDrop_85,atomic,[Montrose_WaterTempDrop_85],[1.0000],1,1,1.0000,[[MontroseBeach201505191200_Water_Temperature]]
2025-10-15 19:25:54.142,6.721,Calumet_WaterTempDrop_85,atomic,[Calumet_WaterTempDrop_85],[1.0000],1,1,1.0000,[[CalumetBeach201505191300_Water_Temperature]]
2025-10-15 19:25:54.144,6.723,63rd_WaterTempDrop_85,atomic,[63rd_WaterTempDrop_85],[1.0000],1,1,1.0000,[[63rdStreetBeach201505191300_Water_Temperature]]
2025-10-15 19:25:54.186,6.765,Calumet_WaterTempDrop_85,atomic,[Calumet_WaterTempDrop_85],[1.0000],1,1,1.0000,[[CalumetBeach201505191400_Water_Temperature]]
2025-10-15 19:25:54.189,6.768,63rd_WaterTempDrop_85,atomic,[63rd_WaterTempDrop_85],[1.0000],1,1,1.0000,[[63rdStreetBeach201505191400_Water_Temperature]]
2025-10-15 19:25:54.191,6.770,Montrose_WaterTempDrop_85,atomic,[Montrose_WaterTempDrop_85],[1.0000],1,1,1.0000,[[MontroseBeach201505191400_Water_Temperature]]
2025-10-15 19:25:54.247,6.826,Montrose_WaterTempDrop_85,atomic,[Montrose_WaterTempDrop_85],[0.8805],1,1,0.8805,[[MontroseBeach201505191500_Water_Temperature]]
2025-10-15 19:25:54.252,6.831,Calumet_WaterTempDrop_85,atomic,[Calumet_WaterTempDrop_85],[1.0000],1,1,1.0000,[[CalumetBeach201505191500_Water_Temperature]]
2025-10-15 19:25:54.254,6.833,63rd_WaterTempDrop_85,atomic,[63rd_WaterTempDrop_85],[1.0000],1,1,1.0000,[[63rdStreetBeach201505191500_Water_Temperature]]
2025-10-15 19:25:54.313,6.892,63rd_WaterTempDrop_85,atomic,[63rd_WaterTempDrop_85],[1.0000],1,1,1.0000,[[63rdStreetBeach201505191600_Water_Temperature]]
2025-10-15 19:25:54.316,6.895,Montrose_WaterTempDrop_85,atomic,[Montrose_WaterTempDrop_85],[1.0000],1,1,1.0000,[[MontroseBeach201505191600_Water_Temperature]]
2025-10-15 19:25:54.317,6.896,Calumet_WaterTempDrop_85,atomic,[Calumet_WaterTempDrop_85],[1.0000],1,1,1.0000,[[CalumetBeach201505191600_Water_Temperature]]
2025-10-15 19:25:54.374,6.953,Montrose_WaterTempDrop_85,atomic,[Montrose_WaterTempDrop_85],[0.8771],1,1,0.8771,[[MontroseBeach201505191700_Water_Temperature]]
2025-10-15 19:25:54.377,6.956,Calumet_WaterTempDrop_85,atomic,[Calumet_WaterTempDrop_85],[1.0000],1,1,1.0000,[[CalumetBeach201505191700_Water_Temperature]]
2025-10-15 19:25:54.380,6.959,63rd_WaterTempDrop_85,atomic,[63rd_WaterTempDrop_85],[1.0000],1,1,1.0000,[[63rdStreetBeach201505191700_Water_Temperature]]
2025-10-15 19:25:54.440,7.019,Calumet_WaterTempDrop_85,atomic,[Calumet_WaterTempDrop_85],[1.0000],1,1,1.0000,[[CalumetBeach201505191800_Water_Temperature]]
2025-10-15 19:25:54.443,7.022,63rd_WaterTempDrop_85,atomic,[63rd_WaterTempDrop_85],[1.0000],1,1,1.0000,[[63rdStreetBeach201505191800_Water_Temperature]]
2025-10-15 19:25:54.500,7.079,Calumet_WaterTempDrop_85,atomic,[Calumet_WaterTempDrop_85],[1.0000],1,1,1.0000,[[CalumetBeach201505191900_Water_Temperature]]
2025-10-15 19:25:54.503,7.082,Montrose_WaterTempDrop_85,atomic,[Montrose_WaterTempDrop_85],[1.0000],1,1,1.0000,[[MontroseBeach201505191900_Water_Temperature]]
2025-10-15 19:25:54.504,7.083,63rd_WaterTempDrop_85,atomic,[63rd_WaterTempDrop_85],[1.0000],1,1,1.0000,[[63rdStreetBeach201505191900_Water_Temperature]]
2025-10-15 19:25:54.564,7.143,63rd_WaterTempDrop_85,atomic,[63rd_WaterTempDrop_85],[1.0000],1,1,1.0000,[[63rdStreetBeach201505192000_Water_Temperature]]
2025-10-15 19:25:54.565,7.144,Calumet_WaterTempDrop_85,atomic,[Calumet_WaterTempDrop_85],[1.0000],1,1,1.0000,[[CalumetBeach201505192000_Water_Temperature]]
2025-10-15 19:25:54.567,7.146,Montrose_WaterTempDrop_85,atomic,[Montrose_WaterTempDrop_85],[1.0000],1,1,1.0000,[[MontroseBeach201505192000_Water_Temperature]]
2025-10-15 19:25:54.625,7.204,63rd_WaterTempDrop_85,atomic,[63rd_WaterTempDrop_85],[1.0000],1,1,1.0000,[[63rdStreetBeach201505192100_Water_Temperature]]
2025-10-15 19:25:54.628,7.207,Montrose_WaterTempDrop_85,atomic,[Montrose_WaterTempDrop_85],[1.0000],1,1,1.0000,[[MontroseBeach201505192100_Water_Temperature]]
2025-10-15 19:25:54.629,7.208,Calumet_WaterTempDrop_85,atomic,[Calumet_WaterTempDrop_85],[1.0000],1,1,1.0000,[[CalumetBeach201505192100_Water_Temperature]]
2025-10-15 19:25:54.685,7.264,Calumet_WaterTempDrop_85,atomic,[Calumet_WaterTempDrop_85],[0.9056],1,1,0.9056,[[CalumetBeach201505192200_Water_Temperature]]
2025-10-15 19:25:54.690,7.269,Montrose_WaterTempDrop_85,atomic,[Montrose_WaterTempDrop_85],[1.0000],1,1,1.0000,[[MontroseBeach201505192200_Water_Temperature]]
2025-10-15 19:25:54.699,7.278,63rd_WaterTempDrop_85,atomic,[63rd_WaterTempDrop_85],[1.0000],1,1,1.0000,[[63rdStreetBeach201505192200_Water_Temperature]]
2025-10-15 19:25:54.749,7.328,Montrose_WaterTempDrop_85,atomic,[Montrose_WaterTempDrop_85],[1.0000],1,1,1.0000,[[MontroseBeach201505192300_Water_Temperature]]
2025-10-15 19:25:54.751,7.330,63rd_WaterTempDrop_85,atomic,[63rd_WaterTempDrop_85],[1.0000],1,1,1.0000,[[63rdStreetBeach201505192300_Water_Temperature]]
2025-10-15 19:25:54.752,7.331,Calumet_WaterTempDrop_85,atomic,[Calumet_WaterTempDrop_85],[1.0000],1,1,1.0000,[[CalumetBeach201505192300_Water_Temperature]]
2025-10-15 19:25:54.811,7.390,63rd_WaterTempDrop_85,atomic,[63rd_WaterTempDrop_85],[1.0000],1,1,1.0000,[[63rdStreetBeach201505202400_Water_Temperature]]
2025-10-15 19:25:54.814,7.393,Calumet_WaterTempDrop_85,atomic,[Calumet_WaterTempDrop_85],[1.0000],1,1,1.0000,[[CalumetBeach201505202400_Water_Temperature]]
2025-10-15 19:25:54.814,7.393,Montrose_WaterTempDrop_85,atomic,[Montrose_WaterTempDrop_85],[1.0000],1,1,1.0000,[[MontroseBeach201505202400_Water_Temperature]]
2025-10-15 19:25:54.876,7.455,63rd_WaterTempDrop_85,atomic,[63rd_WaterTempDrop_85],[1.0000],1,1,1.0000,[[63rdStreetBeach201505200100_Water_Temperature]]
2025-10-15 19:25:54.878,7.457,Montrose_WaterTempDrop_85,atomic,[Montrose_WaterTempDrop_85],[1.0000],1,1,1.0000,[[MontroseBeach201505200100_Water_Temperature]]
2025-10-15 19:25:54.880,7.459,Calumet_WaterTempDrop_85,atomic,[Calumet_WaterTempDrop_85],[1.0000],1,1,1.0000,[[CalumetBeach201505200100_Water_Temperature]]
2025-10-15 19:25:54.934,7.513,Montrose_WaterTempDrop_85,atomic,[Montrose_WaterTempDrop_85],[1.0000],1,1,1.0000,[[MontroseBeach201505200200_Water_Temperature]]
2025-10-15 19:25:54.937,7.516,Calumet_WaterTempDrop_85,atomic,[Calumet_WaterTempDrop_85],[1.0000],1,1,1.0000,[[CalumetBeach201505200200_Water_Temperature]]
2025-10-15 19:25:54.942,7.521,63rd_WaterTempDrop_85,atomic,[63rd_WaterTempDrop_85],[1.0000],1,1,1.0000,[[63rdStreetBeach201505200200_Water_Temperature]]
2025-10-15 19:25:54.998,7.577,Calumet_WaterTempDrop_85,atomic,[Calumet_WaterTempDrop_85],[1.0000],1,1,1.0000,[[CalumetBeach201505200300_Water_Temperature]]
2025-10-15 19:25:54.999,7.578,63rd_WaterTempDrop_85,atomic,[63rd_WaterTempDrop_85],[1.0000],1,1,1.0000,[[63rdStreetBeach201505200300_Water_Temperature]]
2025-10-15 19:25:55.000,7.579,Montrose_WaterTempDrop_85,atomic,[Montrose_WaterTempDrop_85],[1.0000],1,1,1.0000,[[MontroseBeach201505200300_Water_Temperature]]
2025-10-15 19:25:55.061,7.640,Calumet_WaterTempDrop_85,atomic,[Calumet_WaterTempDrop_85],[1.0000],1,1,1.0000,[[CalumetBeach201505200400_Water_Temperature]]
2025-10-15 19:25:55.061,7.640,Montrose_WaterTempDrop_85,atomic,[Montrose_WaterTempDrop_85],[1.0000],1,1,1.0000,[[MontroseBeach201505200400_Water_Temperature]]
2025-10-15 19:25:55.062,7.641,63rd_WaterTempDrop_85,atomic,[63rd_WaterTempDrop_85],[1.0000],1,1,1.0000,[[63rdStreetBeach201505200400_Water_Temperature]]
2025-10-15 19:25:55.122,7.701,63rd_WaterTempDrop_85,atomic,[63rd_WaterTempDrop_85],[1.0000],1,1,1.0000,[[63rdStreetBeach201505200500_Water_Temperature]]
2025-10-15 19:25:55.123,7.702,Montrose_WaterTempDrop_85,atomic,[Montrose_WaterTempDrop_85],[1.0000],1,1,1.0000,[[MontroseBeach201505200500_Water_Temperature]]
2025-10-15 19:25:55.124,7.703,Calumet_WaterTempDrop_85,atomic,[Calumet_WaterTempDrop_85],[1.0000],1,1,1.0000,[[CalumetBeach201505200500_Water_Temperature]]
2025-10-15 19:25:55.185,7.764,Calumet_WaterTempDrop_85,atomic,[Calumet_WaterTempDrop_85],[1.0000],1,1,1.0000,[[CalumetBeach201505200600_Water_Temperature]]
2025-10-15 19:25:55.186,7.765,Montrose_WaterTempDrop_85,atomic,[Montrose_WaterTempDrop_85],[0.9179],1,1,0.9179,[[MontroseBeach201505200600_Water_Temperature]]
2025-10-15 19:25:55.190,7.769,63rd_WaterTempDrop_85,atomic,[63rd_WaterTempDrop_85],[1.0000],1,1,1.0000,[[63rdStreetBeach201505200600_Water_Temperature]]
2025-10-15 19:25:55.255,7.834,Montrose_WaterTempDrop_85,atomic,[Montrose_WaterTempDrop_85],[1.0000],1,1,1.0000,[[MontroseBeach201505200700_Water_Temperature]]
2025-10-15 19:25:55.256,7.835,63rd_WaterTempDrop_85,atomic,[63rd_WaterTempDrop_85],[1.0000],1,1,1.0000,[[63rdStreetBeach201505200700_Water_Temperature]]
2025-10-15 19:25:55.256,7.835,Calumet_WaterTempDrop_85,atomic,[Calumet_WaterTempDrop_85],[1.0000],1,1,1.0000,[[CalumetBeach201505200700_Water_Temperature]]
2025-10-15 19:25:55.312,7.891,Montrose_WaterTempDrop_85,atomic,[Montrose_WaterTempDrop_85],[0.9028],1,1,0.9028,[[MontroseBeach201505200800_Water_Temperature]]
2025-10-15 19:25:55.312,7.891,63rd_WaterTempDrop_85,atomic,[63rd_WaterTempDrop_85],[1.0000],1,1,1.0000,[[63rdStreetBeach201505200800_Water_Temperature]]
2025-10-15 19:25:55.315,7.894,Calumet_WaterTempDrop_85,atomic,[Calumet_WaterTempDrop_85],[1.0000],1,1,1.0000,[[CalumetBeach201505200800_Water_Temperature]]
2025-10-15 19:25:55.377,7.956,Calumet_WaterTempDrop_85,atomic,[Calumet_WaterTempDrop_85],[1.0000],1,1,1.0000,[[CalumetBeach201505200900_Water_Temperature]]
2025-10-15 19:25:55.378,7.957,63rd_WaterTempDrop_85,atomic,[63rd_WaterTempDrop_85],[1.0000],1,1,1.0000,[[63rdStreetBeach201505200900_Water_Temperature]]
2025-10-15 19:25:55.380,7.959,Montrose_WaterTempDrop_85,atomic,[Montrose_WaterTempDrop_85],[1.0000],1,1,1.0000,[[MontroseBeach201505200900_Water_Temperature]]
2025-10-15 19:25:55.436,8.015,Montrose_WaterTempDrop_85,atomic,[Montrose_WaterTempDrop_85],[1.0000],1,1,1.0000,[[MontroseBeach201505201000_Water_Temperature]]
2025-10-15 19:25:55.437,8.016,Calumet_WaterTempDrop_85,atomic,[Calumet_WaterTempDrop_85],[1.0000],1,1,1.0000,[[CalumetBeach201505201000_Water_Temperature]]
2025-10-15 19:25:55.500,8.079,Calumet_WaterTempDrop_85,atomic,[Calumet_WaterTempDrop_85],[1.0000],1,1,1.0000,[[CalumetBeach201505201100_Water_Temperature]]
2025-10-15 19:25:55.502,8.081,Montrose_WaterTempDrop_85,atomic,[Montrose_WaterTempDrop_85],[1.0000],1,1,1.0000,[[MontroseBeach201505201100_Water_Temperature]]
2025-10-15 19:25:55.563,8.142,Montrose_WaterTempDrop_85,atomic,[Montrose_WaterTempDrop_85],[1.0000],1,1,1.0000,[[MontroseBeach201505201200_Water_Temperature]]
2025-10-15 19:25:55.564,8.143,Calumet_WaterTempDrop_85,atomic,[Calumet_WaterTempDrop_85],[1.0000],1,1,1.0000,[[CalumetBeach201505201200_Water_Temperature]]
2025-10-15 19:25:55.629,8.208,Montrose_WaterTempDrop_85,atomic,[Montrose_WaterTempDrop_85],[1.0000],1,1,1.0000,[[MontroseBeach201505201300_Water_Temperature]]
2025-10-15 19:25:55.630,8.209,63rd_WaterTempDrop_85,atomic,[63rd_WaterTempDrop_85],[1.0000],1,1,1.0000,[[63rdStreetBeach201505201300_Water_Temperature]]
2025-10-15 19:25:55.632,8.211,Calumet_WaterTempDrop_85,atomic,[Calumet_WaterTempDrop_85],[1.0000],1,1,1.0000,[[CalumetBeach201505201300_Water_Temperature]]
2025-10-15 19:25:55.690,8.269,Calumet_WaterTempDrop_85,atomic,[Calumet_WaterTempDrop_85],[1.0000],1,1,1.0000,[[CalumetBeach201505201400_Water_Temperature]]
2025-10-15 19:25:55.692,8.271,63rd_WaterTempDrop_85,atomic,[63rd_WaterTempDrop_85],[1.0000],1,1,1.0000,[[63rdStreetBeach201505201400_Water_Temperature]]
2025-10-15 19:25:55.692,8.271,Montrose_WaterTempDrop_85,atomic,[Montrose_WaterTempDrop_85],[1.0000],1,1,1.0000,[[MontroseBeach201505201400_Water_Temperature]]
2025-10-15 19:25:55.753,8.332,63rd_WaterTempDrop_85,atomic,[63rd_WaterTempDrop_85],[1.0000],1,1,1.0000,[[63rdStreetBeach201505201500_Water_Temperature]]
2025-10-15 19:25:55.754,8.333,Calumet_WaterTempDrop_85,atomic,[Calumet_WaterTempDrop_85],[1.0000],1,1,1.0000,[[CalumetBeach201505201500_Water_Temperature]]
2025-10-15 19:25:55.754,8.333,Montrose_WaterTempDrop_85,atomic,[Montrose_WaterTempDrop_85],[1.0000],1,1,1.0000,[[MontroseBeach201505201500_Water_Temperature]]
2025-10-15 19:25:55.813,8.392,Calumet_WaterTempDrop_85,atomic,[Calumet_WaterTempDrop_85],[0.9353],1,1,0.9353,[[CalumetBeach201505201600_Water_Temperature]]
2025-10-15 19:25:55.814,8.393,Montrose_WaterTempDrop_85,atomic,[Montrose_WaterTempDrop_85],[1.0000],1,1,1.0000,[[MontroseBeach201505201600_Water_Temperature]]
2025-10-15 19:25:55.815,8.394,63rd_WaterTempDrop_85,atomic,[63rd_WaterTempDrop_85],[1.0000],1,1,1.0000,[[63rdStreetBeach201505201600_Water_Temperature]]
2025-10-15 19:25:55.877,8.456,Calumet_WaterTempDrop_85,atomic,[Calumet_WaterTempDrop_85],[1.0000],1,1,1.0000,[[CalumetBeach201505201700_Water_Temperature]]
2025-10-15 19:25:55.879,8.458,Montrose_WaterTempDrop_85,atomic,[Montrose_WaterTempDrop_85],[1.0000],1,1,1.0000,[[MontroseBeach201505201700_Water_Temperature]]
2025-10-15 19:25:55.879,8.458,63rd_WaterTempDrop_85,atomic,[63rd_WaterTempDrop_85],[1.0000],1,1,1.0000,[[63rdStreetBeach201505201700_Water_Temperature]]
2025-10-15 19:25:55.941,8.520,Montrose_WaterTempDrop_85,atomic,[Montrose_WaterTempDrop_85],[1.0000],1,1,1.0000,[[MontroseBeach201505201800_Water_Temperature]]
2025-10-15 19:25:55.942,8.521,Montrose_HighWave_85,atomic,[Montrose_HighWave_85],[1.0000],1,1,1.0000,[[MontroseBeach201505201800_Wave_Height]]
2025-10-15 19:25:55.942,8.521,Calumet_WaterTempDrop_85,atomic,[Calumet_WaterTempDrop_85],[1.0000],1,1,1.0000,[[CalumetBeach201505201800_Water_Temperature]]
2025-10-15 19:25:55.943,8.522,63rd_WaterTempDrop_85,atomic,[63rd_WaterTempDrop_85],[1.0000],1,1,1.0000,[[63rdStreetBeach201505201800_Water_Temperature]]
2025-10-15 19:25:55.944,8.523,63rd_HighWave_85,atomic,[63rd_HighWave_85],[1.0000],1,1,1.0000,[[63rdStreetBeach201505201800_Wave_Height]]
2025-10-15 19:25:56.000,8.579,Montrose_WaterTempDrop_85,atomic,[Montrose_WaterTempDrop_85],[0.9410],1,1,0.9410,[[MontroseBeach201505201900_Water_Temperature]]
2025-10-15 19:25:56.001,8.580,63rd_WaterTempDrop_85,atomic,[63rd_WaterTempDrop_85],[1.0000],1,1,1.0000,[[63rdStreetBeach201505201900_Water_Temperature]]
2025-10-15 19:25:56.001,8.580,Calumet_WaterTempDrop_85,atomic,[Calumet_WaterTempDrop_85],[1.0000],1,1,1.0000,[[CalumetBeach201505201900_Water_Temperature]]
2025-10-15 19:25:56.063,8.642,Montrose_WaterTempDrop_85,atomic,[Montrose_WaterTempDrop_85],[1.0000],1,1,1.0000,[[MontroseBeach201505202000_Water_Temperature]]
2025-10-15 19:25:56.065,8.644,Calumet_WaterTempDrop_85,atomic,[Calumet_WaterTempDrop_85],[1.0000],1,1,1.0000,[[CalumetBeach201505202000_Water_Temperature]]
2025-10-15 19:25:56.065,8.644,63rd_WaterTempDrop_85,atomic,[63rd_WaterTempDrop_85],[1.0000],1,1,1.0000,[[63rdStreetBeach201505202000_Water_Temperature]]
2025-10-15 19:25:56.125,8.704,Montrose_WaterTempDrop_85,atomic,[Montrose_WaterTempDrop_85],[1.0000],1,1,1.0000,[[MontroseBeach201505202100_Water_Temperature]]
2025-10-15 19:25:56.127,8.706,Calumet_WaterTempDrop_85,atomic,[Calumet_WaterTempDrop_85],[1.0000],1,1,1.0000,[[CalumetBeach201505202100_Water_Temperature]]
2025-10-15 19:25:56.128,8.707,63rd_WaterTempDrop_85,atomic,[63rd_WaterTempDrop_85],[1.0000],1,1,1.0000,[[63rdStreetBeach201505202100_Water_Temperature]]
2025-10-15 19:25:56.185,8.764,Montrose_WaterTempDrop_85,atomic,[Montrose_WaterTempDrop_85],[1.0000],1,1,1.0000,[[MontroseBeach201505202200_Water_Temperature]]
2025-10-15 19:25:56.187,8.766,Calumet_WaterTempDrop_85,atomic,[Calumet_WaterTempDrop_85],[1.0000],1,1,1.0000,[[CalumetBeach201505202200_Water_Temperature]]
2025-10-15 19:25:56.248,8.827,Calumet_WaterTempDrop_85,atomic,[Calumet_WaterTempDrop_85],[1.0000],1,1,1.0000,[[CalumetBeach201505202300_Water_Temperature]]
2025-10-15 19:25:56.251,8.830,63rd_WaterTempDrop_85,atomic,[63rd_WaterTempDrop_85],[1.0000],1,1,1.0000,[[63rdStreetBeach201505202300_Water_Temperature]]
2025-10-15 19:25:56.252,8.831,Montrose_WaterTempDrop_85,atomic,[Montrose_WaterTempDrop_85],[1.0000],1,1,1.0000,[[MontroseBeach201505202300_Water_Temperature]]
2025-10-15 19:25:56.310,8.889,Montrose_WaterTempDrop_85,atomic,[Montrose_WaterTempDrop_85],[1.0000],1,1,1.0000,[[MontroseBeach201505212400_Water_Temperature]]
2025-10-15 19:25:56.311,8.890,63rd_WaterTempDrop_85,atomic,[63rd_WaterTempDrop_85],[1.0000],1,1,1.0000,[[63rdStreetBeach201505212400_Water_Temperature]]
2025-10-15 19:25:56.312,8.891,Calumet_WaterTempDrop_85,atomic,[Calumet_WaterTempDrop_85],[1.0000],1,1,1.0000,[[CalumetBeach201505212400_Water_Temperature]]
2025-10-15 19:25:56.373,8.952,63rd_WaterTempDrop_85,atomic,[63rd_WaterTempDrop_85],[1.0000],1,1,1.0000,[[63rdStreetBeach201505210100_Water_Temperature]]
2025-10-15 19:25:56.376,8.955,Montrose_WaterTempDrop_85,atomic,[Montrose_WaterTempDrop_85],[1.0000],1,1,1.0000,[[MontroseBeach201505210100_Water_Temperature]]
2025-10-15 19:25:56.376,8.955,Calumet_WaterTempDrop_85,atomic,[Calumet_WaterTempDrop_85],[1.0000],1,1,1.0000,[[CalumetBeach201505210100_Water_Temperature]]
2025-10-15 19:25:56.437,9.016,Calumet_WaterTempDrop_85,atomic,[Calumet_WaterTempDrop_85],[1.0000],1,1,1.0000,[[CalumetBeach201505210200_Water_Temperature]]
2025-10-15 19:25:56.440,9.019,63rd_WaterTempDrop_85,atomic,[63rd_WaterTempDrop_85],[1.0000],1,1,1.0000,[[63rdStreetBeach201505210200_Water_Temperature]]
2025-10-15 19:25:56.440,9.019,Montrose_WaterTempDrop_85,atomic,[Montrose_WaterTempDrop_85],[1.0000],1,1,1.0000,[[MontroseBeach201505210200_Water_Temperature]]
2025-10-15 19:25:56.497,9.076,Montrose_WaterTempDrop_85,atomic,[Montrose_WaterTempDrop_85],[1.0000],1,1,1.0000,[[MontroseBeach201505210300_Water_Temperature]]
2025-10-15 19:25:56.499,9.078,63rd_WaterTempDrop_85,atomic,[63rd_WaterTempDrop_85],[1.0000],1,1,1.0000,[[63rdStreetBeach201505210300_Water_Temperature]]
2025-10-15 19:25:56.500,9.079,Calumet_WaterTempDrop_85,atomic,[Calumet_WaterTempDrop_85],[1.0000],1,1,1.0000,[[CalumetBeach201505210300_Water_Temperature]]
2025-10-15 19:25:56.561,9.140,Calumet_WaterTempDrop_85,atomic,[Calumet_WaterTempDrop_85],[1.0000],1,1,1.0000,[[CalumetBeach201505210400_Water_Temperature]]
2025-10-15 19:25:56.563,9.142,Montrose_WaterTempDrop_85,atomic,[Montrose_WaterTempDrop_85],[1.0000],1,1,1.0000,[[MontroseBeach201505210400_Water_Temperature]]
2025-10-15 19:25:56.563,9.142,63rd_WaterTempDrop_85,atomic,[63rd_WaterTempDrop_85],[1.0000],1,1,1.0000,[[63rdStreetBeach201505210400_Water_Temperature]]
2025-10-15 19:25:56.623,9.202,63rd_WaterTempDrop_85,atomic,[63rd_WaterTempDrop_85],[1.0000],1,1,1.0000,[[63rdStreetBeach201505210500_Water_Temperature]]
2025-10-15 19:25:56.625,9.204,Montrose_WaterTempDrop_85,atomic,[Montrose_WaterTempDrop_85],[1.0000],1,1,1.0000,[[MontroseBeach201505210500_Water_Temperature]]
2025-10-15 19:25:56.626,9.205,Calumet_WaterTempDrop_85,atomic,[Calumet_WaterTempDrop_85],[1.0000],1,1,1.0000,[[CalumetBeach201505210500_Water_Temperature]]
2025-10-15 19:25:56.686,9.265,63rd_WaterTempDrop_85,atomic,[63rd_WaterTempDrop_85],[1.0000],1,1,1.0000,[[63rdStreetBeach201505210600_Water_Temperature]]
2025-10-15 19:25:56.687,9.266,Montrose_WaterTempDrop_85,atomic,[Montrose_WaterTempDrop_85],[1.0000],1,1,1.0000,[[MontroseBeach201505210600_Water_Temperature]]
2025-10-15 19:25:56.688,9.267,Calumet_WaterTempDrop_85,atomic,[Calumet_WaterTempDrop_85],[1.0000],1,1,1.0000,[[CalumetBeach201505210600_Water_Temperature]]
2025-10-15 19:25:56.749,9.328,Montrose_WaterTempDrop_85,atomic,[Montrose_WaterTempDrop_85],[1.0000],1,1,1.0000,[[MontroseBeach201505210700_Water_Temperature]]
2025-10-15 19:25:56.750,9.329,63rd_WaterTempDrop_85,atomic,[63rd_WaterTempDrop_85],[1.0000],1,1,1.0000,[[63rdStreetBeach201505210700_Water_Temperature]]
2025-10-15 19:25:56.753,9.332,Calumet_WaterTempDrop_85,atomic,[Calumet_WaterTempDrop_85],[1.0000],1,1,1.0000,[[CalumetBeach201505210700_Water_Temperature]]
2025-10-15 19:25:56.809,9.388,Montrose_WaterTempDrop_85,atomic,[Montrose_WaterTempDrop_85],[1.0000],1,1,1.0000,[[MontroseBeach201505210800_Water_Temperature]]
2025-10-15 19:25:56.812,9.391,63rd_WaterTempDrop_85,atomic,[63rd_WaterTempDrop_85],[1.0000],1,1,1.0000,[[63rdStreetBeach201505210800_Water_Temperature]]
2025-10-15 19:25:56.813,9.392,Calumet_WaterTempDrop_85,atomic,[Calumet_WaterTempDrop_85],[1.0000],1,1,1.0000,[[CalumetBeach201505210800_Water_Temperature]]
2025-10-15 19:25:56.871,9.450,Calumet_WaterTempDrop_85,atomic,[Calumet_WaterTempDrop_85],[1.0000],1,1,1.0000,[[CalumetBeach201505210900_Water_Temperature]]
2025-10-15 19:25:56.875,9.454,Montrose_WaterTempDrop_85,atomic,[Montrose_WaterTempDrop_85],[1.0000],1,1,1.0000,[[MontroseBeach201505210900_Water_Temperature]]
2025-10-15 19:25:56.876,9.455,63rd_WaterTempDrop_85,atomic,[63rd_WaterTempDrop_85],[1.0000],1,1,1.0000,[[63rdStreetBeach201505210900_Water_Temperature]]
2025-10-15 19:25:56.932,9.511,Montrose_WaterTempDrop_85,atomic,[Montrose_WaterTempDrop_85],[1.0000],1,1,1.0000,[[MontroseBeach201505211000_Water_Temperature]]
2025-10-15 19:25:56.934,9.513,Calumet_WaterTempDrop_85,atomic,[Calumet_WaterTempDrop_85],[1.0000],1,1,1.0000,[[CalumetBeach201505211000_Water_Temperature]]
2025-10-15 19:25:56.935,9.514,63rd_WaterTempDrop_85,atomic,[63rd_WaterTempDrop_85],[1.0000],1,1,1.0000,[[63rdStreetBeach201505211000_Water_Temperature]]
2025-10-15 19:25:56.994,9.573,63rd_WaterTempDrop_85,atomic,[63rd_WaterTempDrop_85],[1.0000],1,1,1.0000,[[63rdStreetBeach201505211100_Water_Temperature]]
2025-10-15 19:25:56.995,9.574,Calumet_WaterTempDrop_85,atomic,[Calumet_WaterTempDrop_85],[1.0000],1,1,1.0000,[[CalumetBeach201505211100_Water_Temperature]]
2025-10-15 19:25:56.997,9.576,Montrose_WaterTempDrop_85,atomic,[Montrose_WaterTempDrop_85],[1.0000],1,1,1.0000,[[MontroseBeach201505211100_Water_Temperature]]
2025-10-15 19:25:57.055,9.634,Calumet_WaterTempDrop_85,atomic,[Calumet_WaterTempDrop_85],[1.0000],1,1,1.0000,[[CalumetBeach201505211200_Water_Temperature]]
2025-10-15 19:25:57.059,9.638,63rd_WaterTempDrop_85,atomic,[63rd_WaterTempDrop_85],[1.0000],1,1,1.0000,[[63rdStreetBeach201505211200_Water_Temperature]]
2025-10-15 19:25:57.059,9.638,Montrose_WaterTempDrop_85,atomic,[Montrose_WaterTempDrop_85],[1.0000],1,1,1.0000,[[MontroseBeach201505211200_Water_Temperature]]
2025-10-15 19:25:57.118,9.697,Calumet_WaterTempDrop_85,atomic,[Calumet_WaterTempDrop_85],[1.0000],1,1,1.0000,[[CalumetBeach201505211300_Water_Temperature]]
2025-10-15 19:25:57.119,9.698,Montrose_WaterTempDrop_85,atomic,[Montrose_WaterTempDrop_85],[1.0000],1,1,1.0000,[[MontroseBeach201505211300_Water_Temperature]]
2025-10-15 19:25:57.180,9.759,Montrose_WaterTempDrop_85,atomic,[Montrose_WaterTempDrop_85],[1.0000],1,1,1.0000,[[MontroseBeach201505211400_Water_Temperature]]
2025-10-15 19:25:57.181,9.760,Calumet_WaterTempDrop_85,atomic,[Calumet_WaterTempDrop_85],[1.0000],1,1,1.0000,[[CalumetBeach201505211400_Water_Temperature]]
2025-10-15 19:25:57.242,9.821,Montrose_WaterTempDrop_85,atomic,[Montrose_WaterTempDrop_85],[0.9614],1,1,0.9614,[[MontroseBeach201505211500_Water_Temperature]]
2025-10-15 19:25:57.243,9.822,63rd_WaterTempDrop_85,atomic,[63rd_WaterTempDrop_85],[1.0000],1,1,1.0000,[[63rdStreetBeach201505211500_Water_Temperature]]
2025-10-15 19:25:57.246,9.825,Calumet_WaterTempDrop_85,atomic,[Calumet_WaterTempDrop_85],[1.0000],1,1,1.0000,[[CalumetBeach201505211500_Water_Temperature]]
2025-10-15 19:25:57.321,9.900,Montrose_WaterTempDrop_85,atomic,[Montrose_WaterTempDrop_85],[1.0000],1,1,1.0000,[[MontroseBeach201505211600_Water_Temperature]]
2025-10-15 19:25:57.321,9.900,Calumet_WaterTempDrop_85,atomic,[Calumet_WaterTempDrop_85],[1.0000],1,1,1.0000,[[CalumetBeach201505211600_Water_Temperature]]
2025-10-15 19:25:57.366,9.945,Montrose_WaterTempDrop_85,atomic,[Montrose_WaterTempDrop_85],[1.0000],1,1,1.0000,[[MontroseBeach201505211700_Water_Temperature]]
2025-10-15 19:25:57.367,9.946,Calumet_WaterTempDrop_85,atomic,[Calumet_WaterTempDrop_85],[1.0000],1,1,1.0000,[[CalumetBeach201505211700_Water_Temperature]]
2025-10-15 19:25:57.369,9.948,63rd_WaterTempDrop_85,atomic,[63rd_WaterTempDrop_85],[1.0000],1,1,1.0000,[[63rdStreetBeach201505211700_Water_Temperature]]
2025-10-15 19:25:57.430,10.009,63rd_WaterTempDrop_85,atomic,[63rd_WaterTempDrop_85],[1.0000],1,1,1.0000,[[63rdStreetBeach201505211800_Water_Temperature]]
2025-10-15 19:25:57.431,10.010,Calumet_WaterTempDrop_85,atomic,[Calumet_WaterTempDrop_85],[1.0000],1,1,1.0000,[[CalumetBeach201505211800_Water_Temperature]]
2025-10-15 19:25:57.432,10.011,Montrose_WaterTempDrop_85,atomic,[Montrose_WaterTempDrop_85],[1.0000],1,1,1.0000,[[MontroseBeach201505211800_Water_Temperature]]
2025-10-15 19:25:57.489,10.068,63rd_WaterTempDrop_85,atomic,[63rd_WaterTempDrop_85],[1.0000],1,1,1.0000,[[63rdStreetBeach201505211900_Water_Temperature]]
2025-10-15 19:25:57.491,10.070,Montrose_WaterTempDrop_85,atomic,[Montrose_WaterTempDrop_85],[1.0000],1,1,1.0000,[[MontroseBeach201505211900_Water_Temperature]]
2025-10-15 19:25:57.494,10.073,Calumet_WaterTempDrop_85,atomic,[Calumet_WaterTempDrop_85],[1.0000],1,1,1.0000,[[CalumetBeach201505211900_Water_Temperature]]
2025-10-15 19:25:57.553,10.132,63rd_WaterTempDrop_85,atomic,[63rd_WaterTempDrop_85],[1.0000],1,1,1.0000,[[63rdStreetBeach201505212000_Water_Temperature]]
2025-10-15 19:25:57.555,10.134,Calumet_WaterTempDrop_85,atomic,[Calumet_WaterTempDrop_85],[1.0000],1,1,1.0000,[[CalumetBeach201505212000_Water_Temperature]]
2025-10-15 19:25:57.556,10.135,Montrose_WaterTempDrop_85,atomic,[Montrose_WaterTempDrop_85],[1.0000],1,1,1.0000,[[MontroseBeach201505212000_Water_Temperature]]
2025-10-15 19:25:57.616,10.195,63rd_WaterTempDrop_85,atomic,[63rd_WaterTempDrop_85],[1.0000],1,1,1.0000,[[63rdStreetBeach201505212100_Water_Temperature]]
2025-10-15 19:25:57.617,10.196,Calumet_WaterTempDrop_85,atomic,[Calumet_WaterTempDrop_85],[1.0000],1,1,1.0000,[[CalumetBeach201505212100_Water_Temperature]]
2025-10-15 19:25:57.619,10.198,Montrose_WaterTempDrop_85,atomic,[Montrose_WaterTempDrop_85],[1.0000],1,1,1.0000,[[MontroseBeach201505212100_Water_Temperature]]
2025-10-15 19:25:57.678,10.257,Calumet_WaterTempDrop_85,atomic,[Calumet_WaterTempDrop_85],[1.0000],1,1,1.0000,[[CalumetBeach201505212200_Water_Temperature]]
2025-10-15 19:25:57.679,10.258,Montrose_WaterTempDrop_85,atomic,[Montrose_WaterTempDrop_85],[1.0000],1,1,1.0000,[[MontroseBeach201505212200_Water_Temperature]]
2025-10-15 19:25:57.680,10.259,63rd_WaterTempDrop_85,atomic,[63rd_WaterTempDrop_85],[1.0000],1,1,1.0000,[[63rdStreetBeach201505212200_Water_Temperature]]
2025-10-15 19:25:57.740,10.319,63rd_WaterTempDrop_85,atomic,[63rd_WaterTempDrop_85],[1.0000],1,1,1.0000,[[63rdStreetBeach201505212300_Water_Temperature]]
2025-10-15 19:25:57.743,10.322,Montrose_WaterTempDrop_85,atomic,[Montrose_WaterTempDrop_85],[1.0000],1,1,1.0000,[[MontroseBeach201505212300_Water_Temperature]]
2025-10-15 19:25:57.743,10.322,Calumet_WaterTempDrop_85,atomic,[Calumet_WaterTempDrop_85],[1.0000],1,1,1.0000,[[CalumetBeach201505212300_Water_Temperature]]
2025-10-15 19:25:57.803,10.382,63rd_WaterTempDrop_85,atomic,[63rd_WaterTempDrop_85],[1.0000],1,1,1.0000,[[63rdStreetBeach201505222400_Water_Temperature]]
2025-10-15 19:25:57.806,10.385,Calumet_WaterTempDrop_85,atomic,[Calumet_WaterTempDrop_85],[1.0000],1,1,1.0000,[[CalumetBeach201505222400_Water_Temperature]]
2025-10-15 19:25:57.808,10.387,Montrose_WaterTempDrop_85,atomic,[Montrose_WaterTempDrop_85],[1.0000],1,1,1.0000,[[MontroseBeach201505222400_Water_Temperature]]
2025-10-15 19:25:57.866,10.445,Calumet_WaterTempDrop_85,atomic,[Calumet_WaterTempDrop_85],[1.0000],1,1,1.0000,[[CalumetBeach201505220100_Water_Temperature]]
2025-10-15 19:25:57.869,10.448,63rd_WaterTempDrop_85,atomic,[63rd_WaterTempDrop_85],[1.0000],1,1,1.0000,[[63rdStreetBeach201505220100_Water_Temperature]]
2025-10-15 19:25:57.870,10.449,Montrose_WaterTempDrop_85,atomic,[Montrose_WaterTempDrop_85],[1.0000],1,1,1.0000,[[MontroseBeach201505220100_Water_Temperature]]
2025-10-15 19:25:57.930,10.509,63rd_WaterTempDrop_85,atomic,[63rd_WaterTempDrop_85],[1.0000],1,1,1.0000,[[63rdStreetBeach201505220200_Water_Temperature]]
2025-10-15 19:25:57.933,10.512,Montrose_WaterTempDrop_85,atomic,[Montrose_WaterTempDrop_85],[0.9666],1,1,0.9666,[[MontroseBeach201505220200_Water_Temperature]]
2025-10-15 19:25:57.933,10.512,Calumet_WaterTempDrop_85,atomic,[Calumet_WaterTempDrop_85],[1.0000],1,1,1.0000,[[CalumetBeach201505220200_Water_Temperature]]
2025-10-15 19:25:57.994,10.573,Montrose_WaterTempDrop_85,atomic,[Montrose_WaterTempDrop_85],[1.0000],1,1,1.0000,[[MontroseBeach201505220300_Water_Temperature]]
2025-10-15 19:25:57.996,10.575,Calumet_WaterTempDrop_85,atomic,[Calumet_WaterTempDrop_85],[1.0000],1,1,1.0000,[[CalumetBeach201505220300_Water_Temperature]]
2025-10-15 19:25:57.997,10.576,63rd_WaterTempDrop_85,atomic,[63rd_WaterTempDrop_85],[1.0000],1,1,1.0000,[[63rdStreetBeach201505220300_Water_Temperature]]
2025-10-15 19:25:58.055,10.634,Montrose_WaterTempDrop_85,atomic,[Montrose_WaterTempDrop_85],[1.0000],1,1,1.0000,[[MontroseBeach201505220400_Water_Temperature]]
2025-10-15 19:25:58.057,10.636,Calumet_WaterTempDrop_85,atomic,[Calumet_WaterTempDrop_85],[1.0000],1,1,1.0000,[[CalumetBeach201505220400_Water_Temperature]]
2025-10-15 19:25:58.059,10.638,63rd_WaterTempDrop_85,atomic,[63rd_WaterTempDrop_85],[1.0000],1,1,1.0000,[[63rdStreetBeach201505220400_Water_Temperature]]
2025-10-15 19:25:58.120,10.699,Montrose_WaterTempDrop_85,atomic,[Montrose_WaterTempDrop_85],[1.0000],1,1,1.0000,[[MontroseBeach201505220500_Water_Temperature]]
2025-10-15 19:25:58.123,10.702,63rd_WaterTempDrop_85,atomic,[63rd_WaterTempDrop_85],[1.0000],1,1,1.0000,[[63rdStreetBeach201505220500_Water_Temperature]]
2025-10-15 19:25:58.124,10.703,Calumet_WaterTempDrop_85,atomic,[Calumet_WaterTempDrop_85],[1.0000],1,1,1.0000,[[CalumetBeach201505220500_Water_Temperature]]
2025-10-15 19:25:58.184,10.763,63rd_WaterTempDrop_85,atomic,[63rd_WaterTempDrop_85],[1.0000],1,1,1.0000,[[63rdStreetBeach201505220600_Water_Temperature]]
2025-10-15 19:25:58.185,10.764,Montrose_WaterTempDrop_85,atomic,[Montrose_WaterTempDrop_85],[1.0000],1,1,1.0000,[[MontroseBeach201505220600_Water_Temperature]]
2025-10-15 19:25:58.187,10.766,Calumet_WaterTempDrop_85,atomic,[Calumet_WaterTempDrop_85],[1.0000],1,1,1.0000,[[CalumetBeach201505220600_Water_Temperature]]
2025-10-15 19:25:58.246,10.825,63rd_WaterTempDrop_85,atomic,[63rd_WaterTempDrop_85],[1.0000],1,1,1.0000,[[63rdStreetBeach201505220700_Water_Temperature]]
2025-10-15 19:25:58.247,10.826,Montrose_WaterTempDrop_85,atomic,[Montrose_WaterTempDrop_85],[1.0000],1,1,1.0000,[[MontroseBeach201505220700_Water_Temperature]]
2025-10-15 19:25:58.248,10.827,Calumet_WaterTempDrop_85,atomic,[Calumet_WaterTempDrop_85],[1.0000],1,1,1.0000,[[CalumetBeach201505220700_Water_Temperature]]
2025-10-15 19:25:58.307,10.886,Montrose_WaterTempDrop_85,atomic,[Montrose_WaterTempDrop_85],[1.0000],1,1,1.0000,[[MontroseBeach201505220800_Water_Temperature]]
2025-10-15 19:25:58.309,10.888,Calumet_WaterTempDrop_85,atomic,[Calumet_WaterTempDrop_85],[1.0000],1,1,1.0000,[[CalumetBeach201505220800_Water_Temperature]]
2025-10-15 19:25:58.311,10.890,63rd_WaterTempDrop_85,atomic,[63rd_WaterTempDrop_85],[1.0000],1,1,1.0000,[[63rdStreetBeach201505220800_Water_Temperature]]
2025-10-15 19:25:58.370,10.949,63rd_WaterTempDrop_85,atomic,[63rd_WaterTempDrop_85],[1.0000],1,1,1.0000,[[63rdStreetBeach201505220900_Water_Temperature]]
2025-10-15 19:25:58.371,10.950,Montrose_WaterTempDrop_85,atomic,[Montrose_WaterTempDrop_85],[1.0000],1,1,1.0000,[[MontroseBeach201505220900_Water_Temperature]]
2025-10-15 19:25:58.372,10.951,Calumet_WaterTempDrop_85,atomic,[Calumet_WaterTempDrop_85],[1.0000],1,1,1.0000,[[CalumetBeach201505220900_Water_Temperature]]
2025-10-15 19:25:58.429,11.008,Montrose_WaterTempDrop_85,atomic,[Montrose_WaterTempDrop_85],[1.0000],1,1,1.0000,[[MontroseBeach201505221000_Water_Temperature]]
2025-10-15 19:25:58.431,11.010,Calumet_WaterTempDrop_85,atomic,[Calumet_WaterTempDrop_85],[1.0000],1,1,1.0000,[[CalumetBeach201505221000_Water_Temperature]]
2025-10-15 19:25:58.432,11.011,63rd_WaterTempDrop_85,atomic,[63rd_WaterTempDrop_85],[1.0000],1,1,1.0000,[[63rdStreetBeach201505221000_Water_Temperature]]
2025-10-15 19:25:58.493,11.072,63rd_WaterTempDrop_85,atomic,[63rd_WaterTempDrop_85],[1.0000],1,1,1.0000,[[63rdStreetBeach201505221100_Water_Temperature]]
2025-10-15 19:25:58.496,11.075,Montrose_WaterTempDrop_85,atomic,[Montrose_WaterTempDrop_85],[1.0000],1,1,1.0000,[[MontroseBeach201505221100_Water_Temperature]]
2025-10-15 19:25:58.498,11.077,Calumet_WaterTempDrop_85,atomic,[Calumet_WaterTempDrop_85],[1.0000],1,1,1.0000,[[CalumetBeach201505221100_Water_Temperature]]
2025-10-15 19:25:58.566,11.145,Calumet_WaterTempDrop_85,atomic,[Calumet_WaterTempDrop_85],[1.0000],1,1,1.0000,[[CalumetBeach201505221200_Water_Temperature]]
2025-10-15 19:25:58.567,11.146,63rd_WaterTempDrop_85,atomic,[63rd_WaterTempDrop_85],[1.0000],1,1,1.0000,[[63rdStreetBeach201505221200_Water_Temperature]]
2025-10-15 19:25:58.567,11.146,Montrose_WaterTempDrop_85,atomic,[Montrose_WaterTempDrop_85],[1.0000],1,1,1.0000,[[MontroseBeach201505221200_Water_Temperature]]
2025-10-15 19:25:58.620,11.199,Calumet_WaterTempDrop_85,atomic,[Calumet_WaterTempDrop_85],[1.0000],1,1,1.0000,[[CalumetBeach201505221300_Water_Temperature]]
2025-10-15 19:25:58.622,11.201,63rd_WaterTempDrop_85,atomic,[63rd_WaterTempDrop_85],[1.0000],1,1,1.0000,[[63rdStreetBeach201505221300_Water_Temperature]]
2025-10-15 19:25:58.622,11.201,Montrose_WaterTempDrop_85,atomic,[Montrose_WaterTempDrop_85],[1.0000],1,1,1.0000,[[MontroseBeach201505221300_Water_Temperature]]
2025-10-15 19:25:58.682,11.261,Montrose_WaterTempDrop_85,atomic,[Montrose_WaterTempDrop_85],[1.0000],1,1,1.0000,[[MontroseBeach201505221400_Water_Temperature]]
2025-10-15 19:25:58.683,11.262,Calumet_WaterTempDrop_85,atomic,[Calumet_WaterTempDrop_85],[1.0000],1,1,1.0000,[[CalumetBeach201505221400_Water_Temperature]]
2025-10-15 19:25:58.744,11.323,Montrose_WaterTempDrop_85,atomic,[Montrose_WaterTempDrop_85],[1.0000],1,1,1.0000,[[MontroseBeach201505221500_Water_Temperature]]
2025-10-15 19:25:58.746,11.325,Calumet_WaterTempDrop_85,atomic,[Calumet_WaterTempDrop_85],[1.0000],1,1,1.0000,[[CalumetBeach201505221500_Water_Temperature]]
2025-10-15 19:25:58.747,11.326,63rd_WaterTempDrop_85,atomic,[63rd_WaterTempDrop_85],[1.0000],1,1,1.0000,[[63rdStreetBeach201505221500_Water_Temperature]]
2025-10-15 19:25:58.808,11.387,Montrose_WaterTempDrop_85,atomic,[Montrose_WaterTempDrop_85],[1.0000],1,1,1.0000,[[MontroseBeach201505221600_Water_Temperature]]
2025-10-15 19:25:58.809,11.388,Calumet_WaterTempDrop_85,atomic,[Calumet_WaterTempDrop_85],[1.0000],1,1,1.0000,[[CalumetBeach201505221600_Water_Temperature]]
2025-10-15 19:25:58.812,11.391,63rd_WaterTempDrop_85,atomic,[63rd_WaterTempDrop_85],[1.0000],1,1,1.0000,[[63rdStreetBeach201505221600_Water_Temperature]]
2025-10-15 19:25:58.867,11.446,Montrose_WaterTempDrop_85,atomic,[Montrose_WaterTempDrop_85],[0.9713],1,1,0.9713,[[MontroseBeach201505221700_Water_Temperature]]
2025-10-15 19:25:58.869,11.448,Calumet_WaterTempDrop_85,atomic,[Calumet_WaterTempDrop_85],[1.0000],1,1,1.0000,[[CalumetBeach201505221700_Water_Temperature]]
2025-10-15 19:25:58.870,11.449,63rd_WaterTempDrop_85,atomic,[63rd_WaterTempDrop_85],[1.0000],1,1,1.0000,[[63rdStreetBeach201505221700_Water_Temperature]]
2025-10-15 19:25:58.931,11.510,Montrose_WaterTempDrop_85,atomic,[Montrose_WaterTempDrop_85],[1.0000],1,1,1.0000,[[MontroseBeach201505221800_Water_Temperature]]
2025-10-15 19:25:58.934,11.513,63rd_WaterTempDrop_85,atomic,[63rd_WaterTempDrop_85],[1.0000],1,1,1.0000,[[63rdStreetBeach201505221800_Water_Temperature]]
2025-10-15 19:25:58.934,11.513,Calumet_WaterTempDrop_85,atomic,[Calumet_WaterTempDrop_85],[1.0000],1,1,1.0000,[[CalumetBeach201505221800_Water_Temperature]]
2025-10-15 19:25:58.993,11.572,Calumet_WaterTempDrop_85,atomic,[Calumet_WaterTempDrop_85],[1.0000],1,1,1.0000,[[CalumetBeach201505221900_Water_Temperature]]
2025-10-15 19:25:58.994,11.573,Montrose_WaterTempDrop_85,atomic,[Montrose_WaterTempDrop_85],[1.0000],1,1,1.0000,[[MontroseBeach201505221900_Water_Temperature]]
2025-10-15 19:25:59.056,11.635,Calumet_WaterTempDrop_85,atomic,[Calumet_WaterTempDrop_85],[1.0000],1,1,1.0000,[[CalumetBeach201505222000_Water_Temperature]]
2025-10-15 19:25:59.057,11.636,63rd_WaterTempDrop_85,atomic,[63rd_WaterTempDrop_85],[1.0000],1,1,1.0000,[[63rdStreetBeach201505222000_Water_Temperature]]
2025-10-15 19:25:59.058,11.637,Montrose_WaterTempDrop_85,atomic,[Montrose_WaterTempDrop_85],[1.0000],1,1,1.0000,[[MontroseBeach201505222000_Water_Temperature]]
2025-10-15 19:25:59.118,11.697,Calumet_WaterTempDrop_85,atomic,[Calumet_WaterTempDrop_85],[1.0000],1,1,1.0000,[[CalumetBeach201505222100_Water_Temperature]]
2025-10-15 19:25:59.120,11.699,Montrose_WaterTempDrop_85,atomic,[Montrose_WaterTempDrop_85],[0.9697],1,1,0.9697,[[MontroseBeach201505222100_Water_Temperature]]
2025-10-15 19:25:59.120,11.699,63rd_WaterTempDrop_85,atomic,[63rd_WaterTempDrop_85],[1.0000],1,1,1.0000,[[63rdStreetBeach201505222100_Water_Temperature]]
2025-10-15 19:25:59.182,11.761,Montrose_WaterTempDrop_85,atomic,[Montrose_WaterTempDrop_85],[1.0000],1,1,1.0000,[[MontroseBeach201505222200_Water_Temperature]]
2025-10-15 19:25:59.183,11.762,Calumet_WaterTempDrop_85,atomic,[Calumet_WaterTempDrop_85],[1.0000],1,1,1.0000,[[CalumetBeach201505222200_Water_Temperature]]
2025-10-15 19:25:59.245,11.824,Calumet_WaterTempDrop_85,atomic,[Calumet_WaterTempDrop_85],[1.0000],1,1,1.0000,[[CalumetBeach201505230800_Water_Temperature]]
2025-10-15 19:25:59.249,11.828,63rd_WaterTempDrop_85,atomic,[63rd_WaterTempDrop_85],[1.0000],1,1,1.0000,[[63rdStreetBeach201505230800_Water_Temperature]]
2025-10-15 19:25:59.252,11.831,Montrose_WaterTempDrop_85,atomic,[Montrose_WaterTempDrop_85],[1.0000],1,1,1.0000,[[MontroseBeach201505230800_Water_Temperature]]
2025-10-15 19:25:59.309,11.888,Calumet_WaterTempDrop_85,atomic,[Calumet_WaterTempDrop_85],[1.0000],1,1,1.0000,[[CalumetBeach201505230900_Water_Temperature]]
2025-10-15 19:25:59.310,11.889,63rd_WaterTempDrop_85,atomic,[63rd_WaterTempDrop_85],[1.0000],1,1,1.0000,[[63rdStreetBeach201505230900_Water_Temperature]]
2025-10-15 19:25:59.310,11.889,Montrose_WaterTempDrop_85,atomic,[Montrose_WaterTempDrop_85],[1.0000],1,1,1.0000,[[MontroseBeach201505230900_Water_Temperature]]
2025-10-15 19:25:59.369,11.948,63rd_WaterTempDrop_85,atomic,[63rd_WaterTempDrop_85],[0.9717],1,1,0.9717,[[63rdStreetBeach201505231000_Water_Temperature]]
2025-10-15 19:25:59.373,11.952,Calumet_WaterTempDrop_85,atomic,[Calumet_WaterTempDrop_85],[1.0000],1,1,1.0000,[[CalumetBeach201505231000_Water_Temperature]]
2025-10-15 19:25:59.374,11.953,Montrose_WaterTempDrop_85,atomic,[Montrose_WaterTempDrop_85],[1.0000],1,1,1.0000,[[MontroseBeach201505231000_Water_Temperature]]
2025-10-15 19:25:59.432,12.011,Montrose_WaterTempDrop_85,atomic,[Montrose_WaterTempDrop_85],[1.0000],1,1,1.0000,[[MontroseBeach201505231100_Water_Temperature]]
2025-10-15 19:25:59.433,12.012,63rd_WaterTempDrop_85,atomic,[63rd_WaterTempDrop_85],[1.0000],1,1,1.0000,[[63rdStreetBeach201505231100_Water_Temperature]]
2025-10-15 19:25:59.435,12.014,Calumet_WaterTempDrop_85,atomic,[Calumet_WaterTempDrop_85],[1.0000],1,1,1.0000,[[CalumetBeach201505231100_Water_Temperature]]
2025-10-15 19:25:59.497,12.076,Calumet_WaterTempDrop_85,atomic,[Calumet_WaterTempDrop_85],[1.0000],1,1,1.0000,[[CalumetBeach201505231200_Water_Temperature]]
2025-10-15 19:25:59.498,12.077,Montrose_WaterTempDrop_85,atomic,[Montrose_WaterTempDrop_85],[1.0000],1,1,1.0000,[[MontroseBeach201505231200_Water_Temperature]]
2025-10-15 19:25:59.500,12.079,63rd_WaterTempDrop_85,atomic,[63rd_WaterTempDrop_85],[1.0000],1,1,1.0000,[[63rdStreetBeach201505231200_Water_Temperature]]
2025-10-15 19:25:59.559,12.138,Montrose_WaterTempDrop_85,atomic,[Montrose_WaterTempDrop_85],[1.0000],1,1,1.0000,[[MontroseBeach201505231300_Water_Temperature]]
2025-10-15 19:25:59.561,12.140,Calumet_WaterTempDrop_85,atomic,[Calumet_WaterTempDrop_85],[1.0000],1,1,1.0000,[[CalumetBeach201505231300_Water_Temperature]]
2025-10-15 19:25:59.621,12.200,63rd_WaterTempDrop_85,atomic,[63rd_WaterTempDrop_85],[0.9694],1,1,0.9694,[[63rdStreetBeach201505231400_Water_Temperature]]
2025-10-15 19:25:59.624,12.203,Calumet_WaterTempDrop_85,atomic,[Calumet_WaterTempDrop_85],[1.0000],1,1,1.0000,[[CalumetBeach201505231400_Water_Temperature]]
2025-10-15 19:25:59.625,12.204,Montrose_WaterTempDrop_85,atomic,[Montrose_WaterTempDrop_85],[1.0000],1,1,1.0000,[[MontroseBeach201505231400_Water_Temperature]]
2025-10-15 19:25:59.683,12.262,63rd_WaterTempDrop_85,atomic,[63rd_WaterTempDrop_85],[1.0000],1,1,1.0000,[[63rdStreetBeach201505231500_Water_Temperature]]
2025-10-15 19:25:59.684,12.263,Montrose_WaterTempDrop_85,atomic,[Montrose_WaterTempDrop_85],[1.0000],1,1,1.0000,[[MontroseBeach201505231500_Water_Temperature]]
2025-10-15 19:25:59.684,12.263,Calumet_WaterTempDrop_85,atomic,[Calumet_WaterTempDrop_85],[1.0000],1,1,1.0000,[[CalumetBeach201505231500_Water_Temperature]]
2025-10-15 19:25:59.746,12.325,Montrose_WaterTempDrop_85,atomic,[Montrose_WaterTempDrop_85],[1.0000],1,1,1.0000,[[MontroseBeach201505231600_Water_Temperature]]
2025-10-15 19:25:59.748,12.327,Calumet_WaterTempDrop_85,atomic,[Calumet_WaterTempDrop_85],[1.0000],1,1,1.0000,[[CalumetBeach201505231600_Water_Temperature]]
2025-10-15 19:25:59.750,12.329,63rd_WaterTempDrop_85,atomic,[63rd_WaterTempDrop_85],[1.0000],1,1,1.0000,[[63rdStreetBeach201505231600_Water_Temperature]]
2025-10-15 19:25:59.810,12.389,Calumet_WaterTempDrop_85,atomic,[Calumet_WaterTempDrop_85],[1.0000],1,1,1.0000,[[CalumetBeach201505231700_Water_Temperature]]
2025-10-15 19:25:59.812,12.391,Montrose_WaterTempDrop_85,atomic,[Montrose_WaterTempDrop_85],[1.0000],1,1,1.0000,[[MontroseBeach201505231700_Water_Temperature]]
2025-10-15 19:25:59.813,12.392,63rd_WaterTempDrop_85,atomic,[63rd_WaterTempDrop_85],[1.0000],1,1,1.0000,[[63rdStreetBeach201505231700_Water_Temperature]]
2025-10-15 19:25:59.875,12.454,Montrose_WaterTempDrop_85,atomic,[Montrose_WaterTempDrop_85],[1.0000],1,1,1.0000,[[MontroseBeach201505231800_Water_Temperature]]
2025-10-15 19:25:59.876,12.455,Calumet_WaterTempDrop_85,atomic,[Calumet_WaterTempDrop_85],[1.0000],1,1,1.0000,[[CalumetBeach201505231800_Water_Temperature]]
2025-10-15 19:25:59.878,12.457,63rd_WaterTempDrop_85,atomic,[63rd_WaterTempDrop_85],[1.0000],1,1,1.0000,[[63rdStreetBeach201505231800_Water_Temperature]]
2025-10-15 19:25:59.934,12.513,Calumet_WaterTempDrop_85,atomic,[Calumet_WaterTempDrop_85],[1.0000],1,1,1.0000,[[CalumetBeach201505231900_Water_Temperature]]
2025-10-15 19:25:59.935,12.514,Montrose_WaterTempDrop_85,atomic,[Montrose_WaterTempDrop_85],[1.0000],1,1,1.0000,[[MontroseBeach201505231900_Water_Temperature]]
2025-10-15 19:25:59.996,12.575,63rd_WaterTempDrop_85,atomic,[63rd_WaterTempDrop_85],[0.9694],1,1,0.9694,[[63rdStreetBeach201505232000_Water_Temperature]]
2025-10-15 19:25:59.999,12.578,Calumet_WaterTempDrop_85,atomic,[Calumet_WaterTempDrop_85],[1.0000],1,1,1.0000,[[CalumetBeach201505232000_Water_Temperature]]
2025-10-15 19:26:00.001,12.580,Montrose_WaterTempDrop_85,atomic,[Montrose_WaterTempDrop_85],[0.9728],1,1,0.9728,[[MontroseBeach201505232000_Water_Temperature]]
2025-10-15 19:26:00.059,12.638,63rd_WaterTempDrop_85,atomic,[63rd_WaterTempDrop_85],[1.0000],1,1,1.0000,[[63rdStreetBeach201505232100_Water_Temperature]]
2025-10-15 19:26:00.060,12.639,Calumet_WaterTempDrop_85,atomic,[Calumet_WaterTempDrop_85],[1.0000],1,1,1.0000,[[CalumetBeach201505232100_Water_Temperature]]
2025-10-15 19:26:00.062,12.641,Montrose_WaterTempDrop_85,atomic,[Montrose_WaterTempDrop_85],[1.0000],1,1,1.0000,[[MontroseBeach201505232100_Water_Temperature]]
2025-10-15 19:26:00.119,12.698,63rd_WaterTempDrop_85,atomic,[63rd_WaterTempDrop_85],[1.0000],1,1,1.0000,[[63rdStreetBeach201505232200_Water_Temperature]]
2025-10-15 19:26:00.120,12.699,Calumet_WaterTempDrop_85,atomic,[Calumet_WaterTempDrop_85],[1.0000],1,1,1.0000,[[CalumetBeach201505232200_Water_Temperature]]
2025-10-15 19:26:00.121,12.700,Montrose_WaterTempDrop_85,atomic,[Montrose_WaterTempDrop_85],[1.0000],1,1,1.0000,[[MontroseBeach201505232200_Water_Temperature]]
2025-10-15 19:26:00.179,12.758,Calumet_WaterTempDrop_85,atomic,[Calumet_WaterTempDrop_85],[0.9734],1,1,0.9734,[[CalumetBeach201505232300_Water_Temperature]]
2025-10-15 19:26:00.181,12.760,Montrose_WaterTempDrop_85,atomic,[Montrose_WaterTempDrop_85],[1.0000],1,1,1.0000,[[MontroseBeach201505232300_Water_Temperature]]
2025-10-15 19:26:00.184,12.763,63rd_WaterTempDrop_85,atomic,[63rd_WaterTempDrop_85],[1.0000],1,1,1.0000,[[63rdStreetBeach201505232300_Water_Temperature]]
2025-10-15 19:26:00.243,12.822,Calumet_WaterTempDrop_85,atomic,[Calumet_WaterTempDrop_85],[1.0000],1,1,1.0000,[[CalumetBeach201505242400_Water_Temperature]]
2025-10-15 19:26:00.244,12.823,Montrose_WaterTempDrop_85,atomic,[Montrose_WaterTempDrop_85],[1.0000],1,1,1.0000,[[MontroseBeach201505242400_Water_Temperature]]
2025-10-15 19:26:00.245,12.824,63rd_WaterTempDrop_85,atomic,[63rd_WaterTempDrop_85],[1.0000],1,1,1.0000,[[63rdStreetBeach201505242400_Water_Temperature]]
2025-10-15 19:26:00.304,12.883,63rd_WaterTempDrop_85,atomic,[63rd_WaterTempDrop_85],[1.0000],1,1,1.0000,[[63rdStreetBeach201505240200_Water_Temperature]]
2025-10-15 19:26:00.305,12.884,Montrose_WaterTempDrop_85,atomic,[Montrose_WaterTempDrop_85],[1.0000],1,1,1.0000,[[MontroseBeach201505240200_Water_Temperature]]
2025-10-15 19:26:00.306,12.885,Calumet_WaterTempDrop_85,atomic,[Calumet_WaterTempDrop_85],[1.0000],1,1,1.0000,[[CalumetBeach201505240200_Water_Temperature]]
2025-10-15 19:26:00.368,12.947,Calumet_WaterTempDrop_85,atomic,[Calumet_WaterTempDrop_85],[1.0000],1,1,1.0000,[[CalumetBeach201505240300_Water_Temperature]]
2025-10-15 19:26:00.369,12.948,63rd_WaterTempDrop_85,atomic,[63rd_WaterTempDrop_85],[1.0000],1,1,1.0000,[[63rdStreetBeach201505240300_Water_Temperature]]
2025-10-15 19:26:00.370,12.949,Montrose_WaterTempDrop_85,atomic,[Montrose_WaterTempDrop_85],[1.0000],1,1,1.0000,[[MontroseBeach201505240300_Water_Temperature]]
2025-10-15 19:26:00.431,13.010,Montrose_WaterTempDrop_85,atomic,[Montrose_WaterTempDrop_85],[1.0000],1,1,1.0000,[[MontroseBeach201505240400_Water_Temperature]]
2025-10-15 19:26:00.432,13.011,Calumet_WaterTempDrop_85,atomic,[Calumet_WaterTempDrop_85],[1.0000],1,1,1.0000,[[CalumetBeach201505240400_Water_Temperature]]
2025-10-15 19:26:00.433,13.012,63rd_WaterTempDrop_85,atomic,[63rd_WaterTempDrop_85],[1.0000],1,1,1.0000,[[63rdStreetBeach201505240400_Water_Temperature]]
2025-10-15 19:26:00.493,13.072,Calumet_WaterTempDrop_85,atomic,[Calumet_WaterTempDrop_85],[1.0000],1,1,1.0000,[[CalumetBeach201505240500_Water_Temperature]]
2025-10-15 19:26:00.496,13.075,Montrose_WaterTempDrop_85,atomic,[Montrose_WaterTempDrop_85],[1.0000],1,1,1.0000,[[MontroseBeach201505240500_Water_Temperature]]
2025-10-15 19:26:00.497,13.076,63rd_WaterTempDrop_85,atomic,[63rd_WaterTempDrop_85],[1.0000],1,1,1.0000,[[63rdStreetBeach201505240500_Water_Temperature]]
2025-10-15 19:26:00.556,13.135,63rd_WaterTempDrop_85,atomic,[63rd_WaterTempDrop_85],[1.0000],1,1,1.0000,[[63rdStreetBeach201505240600_Water_Temperature]]
2025-10-15 19:26:00.556,13.135,Calumet_WaterTempDrop_85,atomic,[Calumet_WaterTempDrop_85],[1.0000],1,1,1.0000,[[CalumetBeach201505240600_Water_Temperature]]
2025-10-15 19:26:00.558,13.137,Montrose_WaterTempDrop_85,atomic,[Montrose_WaterTempDrop_85],[1.0000],1,1,1.0000,[[MontroseBeach201505240600_Water_Temperature]]
2025-10-15 19:26:00.618,13.197,Montrose_WaterTempDrop_85,atomic,[Montrose_WaterTempDrop_85],[0.9726],1,1,0.9726,[[MontroseBeach201505240700_Water_Temperature]]
2025-10-15 19:26:00.619,13.198,63rd_WaterTempDrop_85,atomic,[63rd_WaterTempDrop_85],[1.0000],1,1,1.0000,[[63rdStreetBeach201505240700_Water_Temperature]]
2025-10-15 19:26:00.622,13.201,Calumet_WaterTempDrop_85,atomic,[Calumet_WaterTempDrop_85],[1.0000],1,1,1.0000,[[CalumetBeach201505240700_Water_Temperature]]
2025-10-15 19:26:00.680,13.259,63rd_WaterTempDrop_85,atomic,[63rd_WaterTempDrop_85],[1.0000],1,1,1.0000,[[63rdStreetBeach201505240800_Water_Temperature]]
2025-10-15 19:26:00.683,13.262,Calumet_WaterTempDrop_85,atomic,[Calumet_WaterTempDrop_85],[1.0000],1,1,1.0000,[[CalumetBeach201505240800_Water_Temperature]]
2025-10-15 19:26:00.684,13.263,Montrose_WaterTempDrop_85,atomic,[Montrose_WaterTempDrop_85],[1.0000],1,1,1.0000,[[MontroseBeach201505240800_Water_Temperature]]
2025-10-15 19:26:00.742,13.321,63rd_WaterTempDrop_85,atomic,[63rd_WaterTempDrop_85],[0.9726],1,1,0.9726,[[63rdStreetBeach201505240900_Water_Temperature]]
2025-10-15 19:26:00.746,13.325,Montrose_WaterTempDrop_85,atomic,[Montrose_WaterTempDrop_85],[1.0000],1,1,1.0000,[[MontroseBeach201505240900_Water_Temperature]]
2025-10-15 19:26:00.747,13.326,Calumet_WaterTempDrop_85,atomic,[Calumet_WaterTempDrop_85],[1.0000],1,1,1.0000,[[CalumetBeach201505240900_Water_Temperature]]
2025-10-15 19:26:00.805,13.384,Calumet_WaterTempDrop_85,atomic,[Calumet_WaterTempDrop_85],[0.9727],1,1,0.9727,[[CalumetBeach201505241000_Water_Temperature]]
2025-10-15 19:26:00.806,13.385,63rd_WaterTempDrop_85,atomic,[63rd_WaterTempDrop_85],[1.0000],1,1,1.0000,[[63rdStreetBeach201505241000_Water_Temperature]]
2025-10-15 19:26:00.807,13.386,Montrose_WaterTempDrop_85,atomic,[Montrose_WaterTempDrop_85],[1.0000],1,1,1.0000,[[MontroseBeach201505241000_Water_Temperature]]
2025-10-15 19:26:00.866,13.445,Montrose_WaterTempDrop_85,atomic,[Montrose_WaterTempDrop_85],[0.9708],1,1,0.9708,[[MontroseBeach201505241100_Water_Temperature]]
2025-10-15 19:26:00.870,13.449,Calumet_WaterTempDrop_85,atomic,[Calumet_WaterTempDrop_85],[1.0000],1,1,1.0000,[[CalumetBeach201505241100_Water_Temperature]]
2025-10-15 19:26:00.870,13.449,63rd_WaterTempDrop_85,atomic,[63rd_WaterTempDrop_85],[1.0000],1,1,1.0000,[[63rdStreetBeach201505241100_Water_Temperature]]
2025-10-15 19:26:00.931,13.510,Montrose_WaterTempDrop_85,atomic,[Montrose_WaterTempDrop_85],[1.0000],1,1,1.0000,[[MontroseBeach201505241200_Water_Temperature]]
2025-10-15 19:26:00.931,13.510,Calumet_WaterTempDrop_85,atomic,[Calumet_WaterTempDrop_85],[1.0000],1,1,1.0000,[[CalumetBeach201505241200_Water_Temperature]]
2025-10-15 19:26:00.993,13.572,Calumet_WaterTempDrop_85,atomic,[Calumet_WaterTempDrop_85],[1.0000],1,1,1.0000,[[CalumetBeach201505241300_Water_Temperature]]
2025-10-15 19:26:00.994,13.573,63rd_WaterTempDrop_85,atomic,[63rd_WaterTempDrop_85],[1.0000],1,1,1.0000,[[63rdStreetBeach201505241300_Water_Temperature]]
2025-10-15 19:26:00.995,13.574,Montrose_WaterTempDrop_85,atomic,[Montrose_WaterTempDrop_85],[1.0000],1,1,1.0000,[[MontroseBeach201505241300_Water_Temperature]]
2025-10-15 19:26:01.056,13.635,Calumet_WaterTempDrop_85,atomic,[Calumet_WaterTempDrop_85],[0.9709],1,1,0.9709,[[CalumetBeach201505241400_Water_Temperature]]
2025-10-15 19:26:01.056,13.635,Montrose_WaterTempDrop_85,atomic,[Montrose_WaterTempDrop_85],[1.0000],1,1,1.0000,[[MontroseBeach201505241400_Water_Temperature]]
2025-10-15 19:26:01.057,13.636,63rd_WaterTempDrop_85,atomic,[63rd_WaterTempDrop_85],[1.0000],1,1,1.0000,[[63rdStreetBeach201505241400_Water_Temperature]]
2025-10-15 19:26:01.119,13.698,Montrose_WaterTempDrop_85,atomic,[Montrose_WaterTempDrop_85],[1.0000],1,1,1.0000,[[MontroseBeach201505241500_Water_Temperature]]
2025-10-15 19:26:01.121,13.700,63rd_WaterTempDrop_85,atomic,[63rd_WaterTempDrop_85],[1.0000],1,1,1.0000,[[63rdStreetBeach201505241500_Water_Temperature]]
2025-10-15 19:26:01.122,13.701,Calumet_WaterTempDrop_85,atomic,[Calumet_WaterTempDrop_85],[1.0000],1,1,1.0000,[[CalumetBeach201505241500_Water_Temperature]]
2025-10-15 19:26:01.182,13.761,63rd_WaterTempDrop_85,atomic,[63rd_WaterTempDrop_85],[1.0000],1,1,1.0000,[[63rdStreetBeach201505241600_Water_Temperature]]
2025-10-15 19:26:01.184,13.763,Montrose_WaterTempDrop_85,atomic,[Montrose_WaterTempDrop_85],[1.0000],1,1,1.0000,[[MontroseBeach201505241600_Water_Temperature]]
2025-10-15 19:26:01.185,13.764,Calumet_WaterTempDrop_85,atomic,[Calumet_WaterTempDrop_85],[1.0000],1,1,1.0000,[[CalumetBeach201505241600_Water_Temperature]]
2025-10-15 19:26:01.245,13.824,63rd_WaterTempDrop_85,atomic,[63rd_WaterTempDrop_85],[1.0000],1,1,1.0000,[[63rdStreetBeach201505241700_Water_Temperature]]
2025-10-15 19:26:01.246,13.825,Calumet_WaterTempDrop_85,atomic,[Calumet_WaterTempDrop_85],[1.0000],1,1,1.0000,[[CalumetBeach201505241700_Water_Temperature]]
2025-10-15 19:26:01.248,13.827,Montrose_WaterTempDrop_85,atomic,[Montrose_WaterTempDrop_85],[1.0000],1,1,1.0000,[[MontroseBeach201505241700_Water_Temperature]]
2025-10-15 19:26:01.308,13.887,63rd_WaterTempDrop_85,atomic,[63rd_WaterTempDrop_85],[0.9723],1,1,0.9723,[[63rdStreetBeach201505241800_Water_Temperature]]
2025-10-15 19:26:01.309,13.888,Calumet_WaterTempDrop_85,atomic,[Calumet_WaterTempDrop_85],[1.0000],1,1,1.0000,[[CalumetBeach201505241800_Water_Temperature]]
2025-10-15 19:26:01.310,13.889,Montrose_WaterTempDrop_85,atomic,[Montrose_WaterTempDrop_85],[1.0000],1,1,1.0000,[[MontroseBeach201505241800_Water_Temperature]]
2025-10-15 19:26:01.371,13.950,Montrose_WaterTempDrop_85,atomic,[Montrose_WaterTempDrop_85],[1.0000],1,1,1.0000,[[MontroseBeach201505241900_Water_Temperature]]
2025-10-15 19:26:01.372,13.951,Calumet_WaterTempDrop_85,atomic,[Calumet_WaterTempDrop_85],[1.0000],1,1,1.0000,[[CalumetBeach201505241900_Water_Temperature]]
2025-10-15 19:26:01.433,14.012,Montrose_WaterTempDrop_85,atomic,[Montrose_WaterTempDrop_85],[1.0000],1,1,1.0000,[[MontroseBeach201505242000_Water_Temperature]]
2025-10-15 19:26:01.434,14.013,Calumet_WaterTempDrop_85,atomic,[Calumet_WaterTempDrop_85],[1.0000],1,1,1.0000,[[CalumetBeach201505242000_Water_Temperature]]
2025-10-15 19:26:01.434,14.013,63rd_WaterTempDrop_85,atomic,[63rd_WaterTempDrop_85],[1.0000],1,1,1.0000,[[63rdStreetBeach201505242000_Water_Temperature]]
2025-10-15 19:26:01.496,14.075,63rd_WaterTempDrop_85,atomic,[63rd_WaterTempDrop_85],[1.0000],1,1,1.0000,[[63rdStreetBeach201505242100_Water_Temperature]]
2025-10-15 19:26:01.498,14.077,Montrose_WaterTempDrop_85,atomic,[Montrose_WaterTempDrop_85],[0.9723],1,1,0.9723,[[MontroseBeach201505242100_Water_Temperature]]
2025-10-15 19:26:01.500,14.079,Calumet_WaterTempDrop_85,atomic,[Calumet_WaterTempDrop_85],[1.0000],1,1,1.0000,[[CalumetBeach201505242100_Water_Temperature]]
2025-10-15 19:26:01.559,14.138,Calumet_WaterTempDrop_85,atomic,[Calumet_WaterTempDrop_85],[1.0000],1,1,1.0000,[[CalumetBeach201505242200_Water_Temperature]]
2025-10-15 19:26:01.560,14.139,Montrose_WaterTempDrop_85,atomic,[Montrose_WaterTempDrop_85],[1.0000],1,1,1.0000,[[MontroseBeach201505242200_Water_Temperature]]
2025-10-15 19:26:01.622,14.201,63rd_WaterTempDrop_85,atomic,[63rd_WaterTempDrop_85],[0.9701],1,1,0.9701,[[63rdStreetBeach201505242300_Water_Temperature]]
2025-10-15 19:26:01.622,14.201,Montrose_WaterTempDrop_85,atomic,[Montrose_WaterTempDrop_85],[1.0000],1,1,1.0000,[[MontroseBeach201505242300_Water_Temperature]]
2025-10-15 19:26:01.623,14.202,Calumet_WaterTempDrop_85,atomic,[Calumet_WaterTempDrop_85],[1.0000],1,1,1.0000,[[CalumetBeach201505242300_Water_Temperature]]
2025-10-15 19:26:01.685,14.264,Montrose_WaterTempDrop_85,atomic,[Montrose_WaterTempDrop_85],[1.0000],1,1,1.0000,[[MontroseBeach201505252400_Water_Temperature]]
2025-10-15 19:26:01.691,14.270,Calumet_WaterTempDrop_85,atomic,[Calumet_WaterTempDrop_85],[1.0000],1,1,1.0000,[[CalumetBeach201505252400_Water_Temperature]]
2025-10-15 19:26:01.691,14.270,63rd_WaterTempDrop_85,atomic,[63rd_WaterTempDrop_85],[1.0000],1,1,1.0000,[[63rdStreetBeach201505252400_Water_Temperature]]
2025-10-15 19:26:01.746,14.325,Calumet_WaterTempDrop_85,atomic,[Calumet_WaterTempDrop_85],[0.9726],1,1,0.9726,[[CalumetBeach201505250100_Water_Temperature]]
2025-10-15 19:26:01.750,14.329,Montrose_WaterTempDrop_85,atomic,[Montrose_WaterTempDrop_85],[1.0000],1,1,1.0000,[[MontroseBeach201505250100_Water_Temperature]]
2025-10-15 19:26:01.751,14.330,63rd_WaterTempDrop_85,atomic,[63rd_WaterTempDrop_85],[1.0000],1,1,1.0000,[[63rdStreetBeach201505250100_Water_Temperature]]
2025-10-15 19:26:01.816,14.395,Montrose_WaterTempDrop_85,atomic,[Montrose_WaterTempDrop_85],[0.9711],1,1,0.9711,[[MontroseBeach201505250200_Water_Temperature]]
2025-10-15 19:26:01.819,14.398,63rd_WaterTempDrop_85,atomic,[63rd_WaterTempDrop_85],[1.0000],1,1,1.0000,[[63rdStreetBeach201505250200_Water_Temperature]]
2025-10-15 19:26:01.819,14.398,Calumet_WaterTempDrop_85,atomic,[Calumet_WaterTempDrop_85],[1.0000],1,1,1.0000,[[CalumetBeach201505250200_Water_Temperature]]
2025-10-15 19:26:01.887,14.466,63rd_WaterTempDrop_85,atomic,[63rd_WaterTempDrop_85],[0.9693],1,1,0.9693,[[63rdStreetBeach201505250300_Water_Temperature]]
2025-10-15 19:26:01.891,14.470,Calumet_WaterTempDrop_85,atomic,[Calumet_WaterTempDrop_85],[1.0000],1,1,1.0000,[[CalumetBeach201505250300_Water_Temperature]]
2025-10-15 19:26:01.891,14.470,Montrose_WaterTempDrop_85,atomic,[Montrose_WaterTempDrop_85],[1.0000],1,1,1.0000,[[MontroseBeach201505250300_Water_Temperature]]
2025-10-15 19:26:01.952,14.531,63rd_WaterTempDrop_85,atomic,[63rd_WaterTempDrop_85],[1.0000],1,1,1.0000,[[63rdStreetBeach201505250400_Water_Temperature]]
2025-10-15 19:26:01.955,14.534,Calumet_WaterTempDrop_85,atomic,[Calumet_WaterTempDrop_85],[1.0000],1,1,1.0000,[[CalumetBeach201505250400_Water_Temperature]]
2025-10-15 19:26:01.955,14.534,Montrose_WaterTempDrop_85,atomic,[Montrose_WaterTempDrop_85],[1.0000],1,1,1.0000,[[MontroseBeach201505250400_Water_Temperature]]
2025-10-15 19:26:02.012,14.591,Montrose_WaterTempDrop_85,atomic,[Montrose_WaterTempDrop_85],[0.9693],1,1,0.9693,[[MontroseBeach201505250500_Water_Temperature]]
2025-10-15 19:26:02.015,14.594,Calumet_WaterTempDrop_85,atomic,[Calumet_WaterTempDrop_85],[1.0000],1,1,1.0000,[[CalumetBeach201505250500_Water_Temperature]]
2025-10-15 19:26:02.016,14.595,63rd_WaterTempDrop_85,atomic,[63rd_WaterTempDrop_85],[1.0000],1,1,1.0000,[[63rdStreetBeach201505250500_Water_Temperature]]
2025-10-15 19:26:02.076,14.655,Montrose_WaterTempDrop_85,atomic,[Montrose_WaterTempDrop_85],[0.9654],1,1,0.9654,[[MontroseBeach201505250600_Water_Temperature]]
2025-10-15 19:26:02.077,14.656,63rd_WaterTempDrop_85,atomic,[63rd_WaterTempDrop_85],[1.0000],1,1,1.0000,[[63rdStreetBeach201505250600_Water_Temperature]]
2025-10-15 19:26:02.080,14.659,Calumet_WaterTempDrop_85,atomic,[Calumet_WaterTempDrop_85],[1.0000],1,1,1.0000,[[CalumetBeach201505250600_Water_Temperature]]
2025-10-15 19:26:02.139,14.718,63rd_WaterTempDrop_85,atomic,[63rd_WaterTempDrop_85],[1.0000],1,1,1.0000,[[63rdStreetBeach201505250700_Water_Temperature]]
2025-10-15 19:26:02.141,14.720,Calumet_WaterTempDrop_85,atomic,[Calumet_WaterTempDrop_85],[1.0000],1,1,1.0000,[[CalumetBeach201505250700_Water_Temperature]]
2025-10-15 19:26:02.141,14.720,Montrose_WaterTempDrop_85,atomic,[Montrose_WaterTempDrop_85],[1.0000],1,1,1.0000,[[MontroseBeach201505250700_Water_Temperature]]
2025-10-15 19:26:02.200,14.779,Calumet_WaterTempDrop_85,atomic,[Calumet_WaterTempDrop_85],[1.0000],1,1,1.0000,[[CalumetBeach201505250800_Water_Temperature]]
2025-10-15 19:26:02.202,14.781,63rd_WaterTempDrop_85,atomic,[63rd_WaterTempDrop_85],[1.0000],1,1,1.0000,[[63rdStreetBeach201505250800_Water_Temperature]]
2025-10-15 19:26:02.203,14.782,Montrose_WaterTempDrop_85,atomic,[Montrose_WaterTempDrop_85],[1.0000],1,1,1.0000,[[MontroseBeach201505250800_Water_Temperature]]
2025-10-15 19:26:02.264,14.843,63rd_WaterTempDrop_85,atomic,[63rd_WaterTempDrop_85],[1.0000],1,1,1.0000,[[63rdStreetBeach201505250900_Water_Temperature]]
2025-10-15 19:26:02.265,14.844,Calumet_WaterTempDrop_85,atomic,[Calumet_WaterTempDrop_85],[1.0000],1,1,1.0000,[[CalumetBeach201505250900_Water_Temperature]]
2025-10-15 19:26:02.267,14.846,Montrose_WaterTempDrop_85,atomic,[Montrose_WaterTempDrop_85],[1.0000],1,1,1.0000,[[MontroseBeach201505250900_Water_Temperature]]
2025-10-15 19:26:02.327,14.906,63rd_WaterTempDrop_85,atomic,[63rd_WaterTempDrop_85],[1.0000],1,1,1.0000,[[63rdStreetBeach201505251000_Water_Temperature]]
2025-10-15 19:26:02.328,14.907,Montrose_WaterTempDrop_85,atomic,[Montrose_WaterTempDrop_85],[1.0000],1,1,1.0000,[[MontroseBeach201505251000_Water_Temperature]]
2025-10-15 19:26:02.329,14.908,Calumet_WaterTempDrop_85,atomic,[Calumet_WaterTempDrop_85],[1.0000],1,1,1.0000,[[CalumetBeach201505251000_Water_Temperature]]
2025-10-15 19:26:02.390,14.969,Montrose_WaterTempDrop_85,atomic,[Montrose_WaterTempDrop_85],[0.9679],1,1,0.9679,[[MontroseBeach201505251100_Water_Temperature]]
2025-10-15 19:26:02.392,14.971,63rd_WaterTempDrop_85,atomic,[63rd_WaterTempDrop_85],[1.0000],1,1,1.0000,[[63rdStreetBeach201505251100_Water_Temperature]]
2025-10-15 19:26:02.393,14.972,Calumet_WaterTempDrop_85,atomic,[Calumet_WaterTempDrop_85],[1.0000],1,1,1.0000,[[CalumetBeach201505251100_Water_Temperature]]
2025-10-15 19:26:02.455,15.034,Calumet_WaterTempDrop_85,atomic,[Calumet_WaterTempDrop_85],[1.0000],1,1,1.0000,[[CalumetBeach201505251200_Water_Temperature]]
2025-10-15 19:26:02.458,15.037,Montrose_WaterTempDrop_85,atomic,[Montrose_WaterTempDrop_85],[1.0000],1,1,1.0000,[[MontroseBeach201505251200_Water_Temperature]]
2025-10-15 19:26:02.458,15.037,63rd_WaterTempDrop_85,atomic,[63rd_WaterTempDrop_85],[1.0000],1,1,1.0000,[[63rdStreetBeach201505251200_Water_Temperature]]
2025-10-15 19:26:02.520,15.099,63rd_WaterTempDrop_85,atomic,[63rd_WaterTempDrop_85],[1.0000],1,1,1.0000,[[63rdStreetBeach201505251300_Water_Temperature]]
2025-10-15 19:26:02.522,15.101,Montrose_WaterTempDrop_85,atomic,[Montrose_WaterTempDrop_85],[1.0000],1,1,1.0000,[[MontroseBeach201505251300_Water_Temperature]]
2025-10-15 19:26:02.523,15.102,Calumet_WaterTempDrop_85,atomic,[Calumet_WaterTempDrop_85],[1.0000],1,1,1.0000,[[CalumetBeach201505251300_Water_Temperature]]
2025-10-15 19:26:02.579,15.158,Calumet_WaterTempDrop_85,atomic,[Calumet_WaterTempDrop_85],[1.0000],1,1,1.0000,[[CalumetBeach201505251400_Water_Temperature]]
2025-10-15 19:26:02.580,15.159,63rd_WaterTempDrop_85,atomic,[63rd_WaterTempDrop_85],[1.0000],1,1,1.0000,[[63rdStreetBeach201505251400_Water_Temperature]]
2025-10-15 19:26:02.581,15.160,Montrose_WaterTempDrop_85,atomic,[Montrose_WaterTempDrop_85],[1.0000],1,1,1.0000,[[MontroseBeach201505251400_Water_Temperature]]
2025-10-15 19:26:02.641,15.220,Montrose_WaterTempDrop_85,atomic,[Montrose_WaterTempDrop_85],[0.9683],1,1,0.9683,[[MontroseBeach201505251500_Water_Temperature]]
2025-10-15 19:26:02.641,15.220,63rd_WaterTempDrop_85,atomic,[63rd_WaterTempDrop_85],[0.9726],1,1,0.9726,[[63rdStreetBeach201505251500_Water_Temperature]]
2025-10-15 19:26:02.643,15.222,Calumet_WaterTempDrop_85,atomic,[Calumet_WaterTempDrop_85],[0.9732],1,1,0.9732,[[CalumetBeach201505251500_Water_Temperature]]
2025-10-15 19:26:02.705,15.284,Calumet_WaterTempDrop_85,atomic,[Calumet_WaterTempDrop_85],[1.0000],1,1,1.0000,[[CalumetBeach201505251600_Water_Temperature]]
2025-10-15 19:26:02.707,15.286,Montrose_WaterTempDrop_85,atomic,[Montrose_WaterTempDrop_85],[1.0000],1,1,1.0000,[[MontroseBeach201505251600_Water_Temperature]]
2025-10-15 19:26:02.766,15.345,63rd_WaterTempDrop_85,atomic,[63rd_WaterTempDrop_85],[0.9691],1,1,0.9691,[[63rdStreetBeach201505251700_Water_Temperature]]
2025-10-15 19:26:02.768,15.347,Montrose_WaterTempDrop_85,atomic,[Montrose_WaterTempDrop_85],[1.0000],1,1,1.0000,[[MontroseBeach201505251700_Water_Temperature]]
2025-10-15 19:26:02.769,15.348,Calumet_WaterTempDrop_85,atomic,[Calumet_WaterTempDrop_85],[1.0000],1,1,1.0000,[[CalumetBeach201505251700_Water_Temperature]]
2025-10-15 19:26:02.828,15.407,Calumet_WaterTempDrop_85,atomic,[Calumet_WaterTempDrop_85],[0.9707],1,1,0.9707,[[CalumetBeach201505251800_Water_Temperature]]
2025-10-15 19:26:02.832,15.411,63rd_WaterTempDrop_85,atomic,[63rd_WaterTempDrop_85],[1.0000],1,1,1.0000,[[63rdStreetBeach201505251800_Water_Temperature]]
2025-10-15 19:26:02.833,15.412,Montrose_WaterTempDrop_85,atomic,[Montrose_WaterTempDrop_85],[1.0000],1,1,1.0000,[[MontroseBeach201505251800_Water_Temperature]]
2025-10-15 19:26:02.892,15.471,Calumet_WaterTempDrop_85,atomic,[Calumet_WaterTempDrop_85],[1.0000],1,1,1.0000,[[CalumetBeach201505251900_Water_Temperature]]
2025-10-15 19:26:02.894,15.473,Montrose_WaterTempDrop_85,atomic,[Montrose_WaterTempDrop_85],[1.0000],1,1,1.0000,[[MontroseBeach201505251900_Water_Temperature]]
2025-10-15 19:26:02.895,15.474,63rd_WaterTempDrop_85,atomic,[63rd_WaterTempDrop_85],[1.0000],1,1,1.0000,[[63rdStreetBeach201505251900_Water_Temperature]]
2025-10-15 19:26:02.953,15.532,63rd_WaterTempDrop_85,atomic,[63rd_WaterTempDrop_85],[0.9677],1,1,0.9677,[[63rdStreetBeach201505252000_Water_Temperature]]
2025-10-15 19:26:02.955,15.534,Calumet_WaterTempDrop_85,atomic,[Calumet_WaterTempDrop_85],[1.0000],1,1,1.0000,[[CalumetBeach201505252000_Water_Temperature]]
2025-10-15 19:26:02.957,15.536,Montrose_WaterTempDrop_85,atomic,[Montrose_WaterTempDrop_85],[1.0000],1,1,1.0000,[[MontroseBeach201505252000_Water_Temperature]]
2025-10-15 19:26:03.016,15.595,Calumet_WaterTempDrop_85,atomic,[Calumet_WaterTempDrop_85],[0.9689],1,1,0.9689,[[CalumetBeach201505252100_Water_Temperature]]
2025-10-15 19:26:03.017,15.596,63rd_WaterTempDrop_85,atomic,[63rd_WaterTempDrop_85],[1.0000],1,1,1.0000,[[63rdStreetBeach201505252100_Water_Temperature]]
2025-10-15 19:26:03.020,15.599,Montrose_WaterTempDrop_85,atomic,[Montrose_WaterTempDrop_85],[1.0000],1,1,1.0000,[[MontroseBeach201505252100_Water_Temperature]]
2025-10-15 19:26:03.078,15.657,Montrose_WaterTempDrop_85,atomic,[Montrose_WaterTempDrop_85],[1.0000],1,1,1.0000,[[MontroseBeach201505252200_Water_Temperature]]
2025-10-15 19:26:03.079,15.658,Calumet_WaterTempDrop_85,atomic,[Calumet_WaterTempDrop_85],[1.0000],1,1,1.0000,[[CalumetBeach201505252200_Water_Temperature]]
2025-10-15 19:26:03.081,15.660,63rd_WaterTempDrop_85,atomic,[63rd_WaterTempDrop_85],[1.0000],1,1,1.0000,[[63rdStreetBeach201505252200_Water_Temperature]]
2025-10-15 19:26:03.142,15.721,Montrose_WaterTempDrop_85,atomic,[Montrose_WaterTempDrop_85],[0.9713],1,1,0.9713,[[MontroseBeach201505252300_Water_Temperature]]
2025-10-15 19:26:03.144,15.723,Calumet_WaterTempDrop_85,atomic,[Calumet_WaterTempDrop_85],[1.0000],1,1,1.0000,[[CalumetBeach201505252300_Water_Temperature]]
2025-10-15 19:26:03.146,15.725,63rd_WaterTempDrop_85,atomic,[63rd_WaterTempDrop_85],[1.0000],1,1,1.0000,[[63rdStreetBeach201505252300_Water_Temperature]]
2025-10-15 19:26:03.200,15.779,Montrose_WaterTempDrop_85,atomic,[Montrose_WaterTempDrop_85],[0.9678],1,1,0.9678,[[MontroseBeach201505262400_Water_Temperature]]
2025-10-15 19:26:03.203,15.782,63rd_WaterTempDrop_85,atomic,[63rd_WaterTempDrop_85],[1.0000],1,1,1.0000,[[63rdStreetBeach201505262400_Water_Temperature]]
2025-10-15 19:26:03.206,15.785,Calumet_WaterTempDrop_85,atomic,[Calumet_WaterTempDrop_85],[1.0000],1,1,1.0000,[[CalumetBeach201505262400_Water_Temperature]]
2025-10-15 19:26:03.268,15.847,Calumet_WaterTempDrop_85,atomic,[Calumet_WaterTempDrop_85],[1.0000],1,1,1.0000,[[CalumetBeach201505260100_Water_Temperature]]
2025-10-15 19:26:03.269,15.848,63rd_WaterTempDrop_85,atomic,[63rd_WaterTempDrop_85],[0.9689],1,1,0.9689,[[63rdStreetBeach201505260100_Water_Temperature]]
2025-10-15 19:26:03.270,15.849,Montrose_WaterTempDrop_85,atomic,[Montrose_WaterTempDrop_85],[1.0000],1,1,1.0000,[[MontroseBeach201505260100_Water_Temperature]]
2025-10-15 19:26:03.330,15.909,63rd_WaterTempDrop_85,atomic,[63rd_WaterTempDrop_85],[1.0000],1,1,1.0000,[[63rdStreetBeach201505260200_Water_Temperature]]
2025-10-15 19:26:03.331,15.910,Montrose_WaterTempDrop_85,atomic,[Montrose_WaterTempDrop_85],[1.0000],1,1,1.0000,[[MontroseBeach201505260200_Water_Temperature]]
2025-10-15 19:26:03.332,15.911,Calumet_WaterTempDrop_85,atomic,[Calumet_WaterTempDrop_85],[1.0000],1,1,1.0000,[[CalumetBeach201505260200_Water_Temperature]]
2025-10-15 19:26:03.391,15.970,Montrose_WaterTempDrop_85,atomic,[Montrose_WaterTempDrop_85],[1.0000],1,1,1.0000,[[MontroseBeach201505260300_Water_Temperature]]
2025-10-15 19:26:03.393,15.972,63rd_WaterTempDrop_85,atomic,[63rd_WaterTempDrop_85],[1.0000],1,1,1.0000,[[63rdStreetBeach201505260300_Water_Temperature]]
2025-10-15 19:26:03.394,15.973,Calumet_WaterTempDrop_85,atomic,[Calumet_WaterTempDrop_85],[1.0000],1,1,1.0000,[[CalumetBeach201505260300_Water_Temperature]]
2025-10-15 19:26:03.454,16.033,Montrose_WaterTempDrop_85,atomic,[Montrose_WaterTempDrop_85],[1.0000],1,1,1.0000,[[MontroseBeach201505260400_Water_Temperature]]
2025-10-15 19:26:03.455,16.034,63rd_WaterTempDrop_85,atomic,[63rd_WaterTempDrop_85],[1.0000],1,1,1.0000,[[63rdStreetBeach201505260400_Water_Temperature]]
2025-10-15 19:26:03.455,16.034,Calumet_WaterTempDrop_85,atomic,[Calumet_WaterTempDrop_85],[1.0000],1,1,1.0000,[[CalumetBeach201505260400_Water_Temperature]]
2025-10-15 19:26:03.530,16.109,Calumet_WaterTempDrop_85,atomic,[Calumet_WaterTempDrop_85],[1.0000],1,1,1.0000,[[CalumetBeach201505260500_Water_Temperature]]
2025-10-15 19:26:03.531,16.110,63rd_WaterTempDrop_85,atomic,[63rd_WaterTempDrop_85],[1.0000],1,1,1.0000,[[63rdStreetBeach201505260500_Water_Temperature]]
2025-10-15 19:26:03.532,16.111,Montrose_WaterTempDrop_85,atomic,[Montrose_WaterTempDrop_85],[1.0000],1,1,1.0000,[[MontroseBeach201505260500_Water_Temperature]]
2025-10-15 19:26:03.579,16.158,63rd_WaterTempDrop_85,atomic,[63rd_WaterTempDrop_85],[1.0000],1,1,1.0000,[[63rdStreetBeach201505260600_Water_Temperature]]
2025-10-15 19:26:03.581,16.160,Montrose_WaterTempDrop_85,atomic,[Montrose_WaterTempDrop_85],[1.0000],1,1,1.0000,[[MontroseBeach201505260600_Water_Temperature]]
2025-10-15 19:26:03.583,16.162,Calumet_WaterTempDrop_85,atomic,[Calumet_WaterTempDrop_85],[1.0000],1,1,1.0000,[[CalumetBeach201505260600_Water_Temperature]]
2025-10-15 19:26:03.655,16.234,63rd_WaterTempDrop_85,atomic,[63rd_WaterTempDrop_85],[1.0000],1,1,1.0000,[[63rdStreetBeach201505260900_Water_Temperature]]
2025-10-15 19:26:03.705,16.284,Montrose_WaterTempDrop_85,atomic,[Montrose_WaterTempDrop_85],[1.0000],1,1,1.0000,[[MontroseBeach201505261000_Water_Temperature]]
2025-10-15 19:26:03.705,16.284,Calumet_WaterTempDrop_85,atomic,[Calumet_WaterTempDrop_85],[1.0000],1,1,1.0000,[[CalumetBeach201505261000_Water_Temperature]]
2025-10-15 19:26:03.767,16.346,Calumet_WaterTempDrop_85,atomic,[Calumet_WaterTempDrop_85],[0.9723],1,1,0.9723,[[CalumetBeach201505261100_Water_Temperature]]
2025-10-15 19:26:03.767,16.346,63rd_WaterTempDrop_85,atomic,[63rd_WaterTempDrop_85],[1.0000],1,1,1.0000,[[63rdStreetBeach201505261100_Water_Temperature]]
2025-10-15 19:26:03.768,16.347,Montrose_WaterTempDrop_85,atomic,[Montrose_WaterTempDrop_85],[1.0000],1,1,1.0000,[[MontroseBeach201505261100_Water_Temperature]]
2025-10-15 19:26:03.840,16.419,63rd_WaterTempDrop_85,atomic,[63rd_WaterTempDrop_85],[1.0000],1,1,1.0000,[[63rdStreetBeach201505261200_Water_Temperature]]
2025-10-15 19:26:03.841,16.420,Montrose_WaterTempDrop_85,atomic,[Montrose_WaterTempDrop_85],[1.0000],1,1,1.0000,[[MontroseBeach201505261200_Water_Temperature]]
2025-10-15 19:26:03.843,16.422,Calumet_WaterTempDrop_85,atomic,[Calumet_WaterTempDrop_85],[1.0000],1,1,1.0000,[[CalumetBeach201505261200_Water_Temperature]]
2025-10-15 19:26:03.889,16.468,63rd_WaterTempDrop_85,atomic,[63rd_WaterTempDrop_85],[1.0000],1,1,1.0000,[[63rdStreetBeach201505261300_Water_Temperature]]
2025-10-15 19:26:03.954,16.533,Calumet_WaterTempDrop_85,atomic,[Calumet_WaterTempDrop_85],[1.0000],1,1,1.0000,[[CalumetBeach201505261500_Water_Temperature]]
2025-10-15 19:26:03.954,16.533,Montrose_WaterTempDrop_85,atomic,[Montrose_WaterTempDrop_85],[1.0000],1,1,1.0000,[[MontroseBeach201505261500_Water_Temperature]]
2025-10-15 19:26:04.015,16.594,Calumet_WaterTempDrop_85,atomic,[Calumet_WaterTempDrop_85],[1.0000],1,1,1.0000,[[CalumetBeach201505261600_Water_Temperature]]
2025-10-15 19:26:04.017,16.596,Montrose_WaterTempDrop_85,atomic,[Montrose_WaterTempDrop_85],[1.0000],1,1,1.0000,[[MontroseBeach201505261600_Water_Temperature]]
2025-10-15 19:26:04.076,16.655,63rd_WaterTempDrop_85,atomic,[63rd_WaterTempDrop_85],[0.9721],1,1,0.9721,[[63rdStreetBeach201505261700_Water_Temperature]]
2025-10-15 19:26:04.078,16.657,Calumet_WaterTempDrop_85,atomic,[Calumet_WaterTempDrop_85],[1.0000],1,1,1.0000,[[CalumetBeach201505261700_Water_Temperature]]
2025-10-15 19:26:04.080,16.659,Montrose_WaterTempDrop_85,atomic,[Montrose_WaterTempDrop_85],[1.0000],1,1,1.0000,[[MontroseBeach201505261700_Water_Temperature]]
2025-10-15 19:26:04.139,16.718,Calumet_WaterTempDrop_85,atomic,[Calumet_WaterTempDrop_85],[0.9712],1,1,0.9712,[[CalumetBeach201505261800_Water_Temperature]]
2025-10-15 19:26:04.142,16.721,Montrose_WaterTempDrop_85,atomic,[Montrose_WaterTempDrop_85],[1.0000],1,1,1.0000,[[MontroseBeach201505261800_Water_Temperature]]
2025-10-15 19:26:04.201,16.780,Montrose_WaterTempDrop_85,atomic,[Montrose_WaterTempDrop_85],[0.9728],1,1,0.9728,[[MontroseBeach201505261900_Water_Temperature]]
2025-10-15 19:26:04.204,16.783,63rd_WaterTempDrop_85,atomic,[63rd_WaterTempDrop_85],[1.0000],1,1,1.0000,[[63rdStreetBeach201505261900_Water_Temperature]]
2025-10-15 19:26:04.205,16.784,Calumet_WaterTempDrop_85,atomic,[Calumet_WaterTempDrop_85],[1.0000],1,1,1.0000,[[CalumetBeach201505261900_Water_Temperature]]
2025-10-15 19:26:04.267,16.846,Calumet_WaterTempDrop_85,atomic,[Calumet_WaterTempDrop_85],[1.0000],1,1,1.0000,[[CalumetBeach201505262000_Water_Temperature]]
2025-10-15 19:26:04.268,16.847,63rd_WaterTempDrop_85,atomic,[63rd_WaterTempDrop_85],[1.0000],1,1,1.0000,[[63rdStreetBeach201505262000_Water_Temperature]]
2025-10-15 19:26:04.269,16.848,Montrose_WaterTempDrop_85,atomic,[Montrose_WaterTempDrop_85],[1.0000],1,1,1.0000,[[MontroseBeach201505262000_Water_Temperature]]
2025-10-15 19:26:04.330,16.909,63rd_WaterTempDrop_85,atomic,[63rd_WaterTempDrop_85],[1.0000],1,1,1.0000,[[63rdStreetBeach201505262100_Water_Temperature]]
2025-10-15 19:26:04.331,16.910,Calumet_WaterTempDrop_85,atomic,[Calumet_WaterTempDrop_85],[1.0000],1,1,1.0000,[[CalumetBeach201505262100_Water_Temperature]]
2025-10-15 19:26:04.332,16.911,Montrose_WaterTempDrop_85,atomic,[Montrose_WaterTempDrop_85],[1.0000],1,1,1.0000,[[MontroseBeach201505262100_Water_Temperature]]
2025-10-15 19:26:04.389,16.968,Calumet_WaterTempDrop_85,atomic,[Calumet_WaterTempDrop_85],[0.9700],1,1,0.9700,[[CalumetBeach201505262200_Water_Temperature]]
2025-10-15 19:26:04.394,16.973,Montrose_WaterTempDrop_85,atomic,[Montrose_WaterTempDrop_85],[1.0000],1,1,1.0000,[[MontroseBeach201505262200_Water_Temperature]]
2025-10-15 19:26:04.395,16.974,63rd_WaterTempDrop_85,atomic,[63rd_WaterTempDrop_85],[1.0000],1,1,1.0000,[[63rdStreetBeach201505262200_Water_Temperature]]
2025-10-15 19:26:04.454,17.033,Calumet_WaterTempDrop_85,atomic,[Calumet_WaterTempDrop_85],[1.0000],1,1,1.0000,[[CalumetBeach201505262300_Water_Temperature]]
2025-10-15 19:26:04.455,17.034,Montrose_WaterTempDrop_85,atomic,[Montrose_WaterTempDrop_85],[0.9709],1,1,0.9709,[[MontroseBeach201505262300_Water_Temperature]]
2025-10-15 19:26:04.456,17.035,63rd_WaterTempDrop_85,atomic,[63rd_WaterTempDrop_85],[1.0000],1,1,1.0000,[[63rdStreetBeach201505262300_Water_Temperature]]
2025-10-15 19:26:04.514,17.093,Montrose_WaterTempDrop_85,atomic,[Montrose_WaterTempDrop_85],[0.9672],1,1,0.9672,[[MontroseBeach201505272400_Water_Temperature]]
2025-10-15 19:26:04.516,17.095,Calumet_WaterTempDrop_85,atomic,[Calumet_WaterTempDrop_85],[1.0000],1,1,1.0000,[[CalumetBeach201505272400_Water_Temperature]]
2025-10-15 19:26:04.518,17.097,63rd_WaterTempDrop_85,atomic,[63rd_WaterTempDrop_85],[1.0000],1,1,1.0000,[[63rdStreetBeach201505272400_Water_Temperature]]
2025-10-15 19:26:04.574,17.153,63rd_WaterTempDrop_85,atomic,[63rd_WaterTempDrop_85],[0.9719],1,1,0.9719,[[63rdStreetBeach201505270100_Water_Temperature]]
2025-10-15 19:26:04.577,17.156,Montrose_WaterTempDrop_85,atomic,[Montrose_WaterTempDrop_85],[1.0000],1,1,1.0000,[[MontroseBeach201505270100_Water_Temperature]]
2025-10-15 19:26:04.578,17.157,Calumet_WaterTempDrop_85,atomic,[Calumet_WaterTempDrop_85],[1.0000],1,1,1.0000,[[CalumetBeach201505270100_Water_Temperature]]
2025-10-15 19:26:04.640,17.219,Montrose_WaterTempDrop_85,atomic,[Montrose_WaterTempDrop_85],[1.0000],1,1,1.0000,[[MontroseBeach201505270200_Water_Temperature]]
2025-10-15 19:26:04.641,17.220,Calumet_WaterTempDrop_85,atomic,[Calumet_WaterTempDrop_85],[1.0000],1,1,1.0000,[[CalumetBeach201505270200_Water_Temperature]]
2025-10-15 19:26:04.642,17.221,63rd_WaterTempDrop_85,atomic,[63rd_WaterTempDrop_85],[1.0000],1,1,1.0000,[[63rdStreetBeach201505270200_Water_Temperature]]
2025-10-15 19:26:04.699,17.278,Calumet_WaterTempDrop_85,atomic,[Calumet_WaterTempDrop_85],[1.0000],1,1,1.0000,[[CalumetBeach201505270300_Water_Temperature]]
2025-10-15 19:26:04.700,17.279,63rd_WaterTempDrop_85,atomic,[63rd_WaterTempDrop_85],[1.0000],1,1,1.0000,[[63rdStreetBeach201505270300_Water_Temperature]]
2025-10-15 19:26:04.700,17.279,Montrose_WaterTempDrop_85,atomic,[Montrose_WaterTempDrop_85],[1.0000],1,1,1.0000,[[MontroseBeach201505270300_Water_Temperature]]
2025-10-15 19:26:04.760,17.339,63rd_WaterTempDrop_85,atomic,[63rd_WaterTempDrop_85],[0.9698],1,1,0.9698,[[63rdStreetBeach201505270900_Water_Temperature]]
2025-10-15 19:26:04.762,17.341,Montrose_WaterTempDrop_85,atomic,[Montrose_WaterTempDrop_85],[1.0000],1,1,1.0000,[[MontroseBeach201505270900_Water_Temperature]]
2025-10-15 19:26:04.764,17.343,Calumet_WaterTempDrop_85,atomic,[Calumet_WaterTempDrop_85],[1.0000],1,1,1.0000,[[CalumetBeach201505270900_Water_Temperature]]
2025-10-15 19:26:04.824,17.403,Montrose_WaterTempDrop_85,atomic,[Montrose_WaterTempDrop_85],[1.0000],1,1,1.0000,[[MontroseBeach201505271000_Water_Temperature]]
2025-10-15 19:26:04.826,17.405,63rd_WaterTempDrop_85,atomic,[63rd_WaterTempDrop_85],[1.0000],1,1,1.0000,[[63rdStreetBeach201505271000_Water_Temperature]]
2025-10-15 19:26:04.827,17.406,Calumet_WaterTempDrop_85,atomic,[Calumet_WaterTempDrop_85],[1.0000],1,1,1.0000,[[CalumetBeach201505271000_Water_Temperature]]
2025-10-15 19:26:04.886,17.465,Montrose_WaterTempDrop_85,atomic,[Montrose_WaterTempDrop_85],[1.0000],1,1,1.0000,[[MontroseBeach201505271100_Water_Temperature]]
2025-10-15 19:26:04.887,17.466,Calumet_WaterTempDrop_85,atomic,[Calumet_WaterTempDrop_85],[1.0000],1,1,1.0000,[[CalumetBeach201505271100_Water_Temperature]]
2025-10-15 19:26:04.949,17.528,Montrose_WaterTempDrop_85,atomic,[Montrose_WaterTempDrop_85],[1.0000],1,1,1.0000,[[MontroseBeach201505271200_Water_Temperature]]
2025-10-15 19:26:04.950,17.529,Calumet_WaterTempDrop_85,atomic,[Calumet_WaterTempDrop_85],[1.0000],1,1,1.0000,[[CalumetBeach201505271200_Water_Temperature]]
2025-10-15 19:26:04.951,17.530,63rd_WaterTempDrop_85,atomic,[63rd_WaterTempDrop_85],[1.0000],1,1,1.0000,[[63rdStreetBeach201505271200_Water_Temperature]]
2025-10-15 19:26:05.013,17.592,Montrose_WaterTempDrop_85,atomic,[Montrose_WaterTempDrop_85],[1.0000],1,1,1.0000,[[MontroseBeach201505271300_Water_Temperature]]
2025-10-15 19:26:05.014,17.593,Calumet_WaterTempDrop_85,atomic,[Calumet_WaterTempDrop_85],[1.0000],1,1,1.0000,[[CalumetBeach201505271300_Water_Temperature]]
2025-10-15 19:26:05.074,17.653,Montrose_WaterTempDrop_85,atomic,[Montrose_WaterTempDrop_85],[0.9712],1,1,0.9712,[[MontroseBeach201505271600_Water_Temperature]]
2025-10-15 19:26:05.078,17.657,Calumet_WaterTempDrop_85,atomic,[Calumet_WaterTempDrop_85],[1.0000],1,1,1.0000,[[CalumetBeach201505271600_Water_Temperature]]
2025-10-15 19:26:05.078,17.657,63rd_WaterTempDrop_85,atomic,[63rd_WaterTempDrop_85],[1.0000],1,1,1.0000,[[63rdStreetBeach201505271600_Water_Temperature]]
2025-10-15 19:26:05.138,17.717,Calumet_WaterTempDrop_85,atomic,[Calumet_WaterTempDrop_85],[0.9727],1,1,0.9727,[[CalumetBeach201505271700_Water_Temperature]]
2025-10-15 19:26:05.142,17.721,63rd_WaterTempDrop_85,atomic,[63rd_WaterTempDrop_85],[1.0000],1,1,1.0000,[[63rdStreetBeach201505271700_Water_Temperature]]
2025-10-15 19:26:05.142,17.721,Montrose_WaterTempDrop_85,atomic,[Montrose_WaterTempDrop_85],[1.0000],1,1,1.0000,[[MontroseBeach201505271700_Water_Temperature]]
2025-10-15 19:26:05.202,17.781,Calumet_WaterTempDrop_85,atomic,[Calumet_WaterTempDrop_85],[1.0000],1,1,1.0000,[[CalumetBeach201505271800_Water_Temperature]]
2025-10-15 19:26:05.203,17.782,Montrose_WaterTempDrop_85,atomic,[Montrose_WaterTempDrop_85],[1.0000],1,1,1.0000,[[MontroseBeach201505271800_Water_Temperature]]
2025-10-15 19:26:05.203,17.782,63rd_WaterTempDrop_85,atomic,[63rd_WaterTempDrop_85],[1.0000],1,1,1.0000,[[63rdStreetBeach201505271800_Water_Temperature]]
2025-10-15 19:26:05.263,17.842,Calumet_WaterTempDrop_85,atomic,[Calumet_WaterTempDrop_85],[0.9698],1,1,0.9698,[[CalumetBeach201505281100_Water_Temperature]]
2025-10-15 19:26:05.265,17.844,Montrose_WaterTempDrop_85,atomic,[Montrose_WaterTempDrop_85],[1.0000],1,1,1.0000,[[MontroseBeach201505281100_Water_Temperature]]
2025-10-15 19:26:05.266,17.845,63rd_WaterTempDrop_85,atomic,[63rd_WaterTempDrop_85],[1.0000],1,1,1.0000,[[63rdStreetBeach201505281100_Water_Temperature]]
2025-10-15 19:26:05.328,17.907,Calumet_WaterTempDrop_85,atomic,[Calumet_WaterTempDrop_85],[0.9660],1,1,0.9660,[[CalumetBeach201505281200_Water_Temperature]]
2025-10-15 19:26:05.330,17.909,Montrose_WaterTempDrop_85,atomic,[Montrose_WaterTempDrop_85],[1.0000],1,1,1.0000,[[MontroseBeach201505281200_Water_Temperature]]
2025-10-15 19:26:05.333,17.912,63rd_WaterTempDrop_85,atomic,[63rd_WaterTempDrop_85],[1.0000],1,1,1.0000,[[63rdStreetBeach201505281200_Water_Temperature]]
2025-10-15 19:26:05.390,17.969,Montrose_WaterTempDrop_85,atomic,[Montrose_WaterTempDrop_85],[0.9706],1,1,0.9706,[[MontroseBeach201505281300_Water_Temperature]]
2025-10-15 19:26:05.390,17.969,Calumet_WaterTempDrop_85,atomic,[Calumet_WaterTempDrop_85],[1.0000],1,1,1.0000,[[CalumetBeach201505281300_Water_Temperature]]
2025-10-15 19:26:05.391,17.970,63rd_WaterTempDrop_85,atomic,[63rd_WaterTempDrop_85],[1.0000],1,1,1.0000,[[63rdStreetBeach201505281300_Water_Temperature]]
2025-10-15 19:26:05.454,18.033,Calumet_WaterTempDrop_85,atomic,[Calumet_WaterTempDrop_85],[1.0000],1,1,1.0000,[[CalumetBeach201505281400_Water_Temperature]]
2025-10-15 19:26:05.456,18.035,Montrose_WaterTempDrop_85,atomic,[Montrose_WaterTempDrop_85],[1.0000],1,1,1.0000,[[MontroseBeach201505281400_Water_Temperature]]
2025-10-15 19:26:05.457,18.036,63rd_WaterTempDrop_85,atomic,[63rd_WaterTempDrop_85],[1.0000],1,1,1.0000,[[63rdStreetBeach201505281400_Water_Temperature]]
2025-10-15 19:26:05.516,18.095,63rd_WaterTempDrop_85,atomic,[63rd_WaterTempDrop_85],[0.9721],1,1,0.9721,[[63rdStreetBeach201505281500_Water_Temperature]]
2025-10-15 19:26:05.516,18.095,Montrose_WaterTempDrop_85,atomic,[Montrose_WaterTempDrop_85],[0.9680],1,1,0.9680,[[MontroseBeach201505281500_Water_Temperature]]
2025-10-15 19:26:05.519,18.098,Calumet_WaterTempDrop_85,atomic,[Calumet_WaterTempDrop_85],[1.0000],1,1,1.0000,[[CalumetBeach201505281500_Water_Temperature]]
2025-10-15 19:26:05.580,18.159,Calumet_WaterTempDrop_85,atomic,[Calumet_WaterTempDrop_85],[0.9669],1,1,0.9669,[[CalumetBeach201505281600_Water_Temperature]]
2025-10-15 19:26:05.583,18.162,63rd_WaterTempDrop_85,atomic,[63rd_WaterTempDrop_85],[1.0000],1,1,1.0000,[[63rdStreetBeach201505281600_Water_Temperature]]
2025-10-15 19:26:05.583,18.162,Montrose_WaterTempDrop_85,atomic,[Montrose_WaterTempDrop_85],[1.0000],1,1,1.0000,[[MontroseBeach201505281600_Water_Temperature]]
2025-10-15 19:26:05.642,18.221,Montrose_WaterTempDrop_85,atomic,[Montrose_WaterTempDrop_85],[1.0000],1,1,1.0000,[[MontroseBeach201505281700_Water_Temperature]]
2025-10-15 19:26:05.643,18.222,Calumet_WaterTempDrop_85,atomic,[Calumet_WaterTempDrop_85],[1.0000],1,1,1.0000,[[CalumetBeach201505281700_Water_Temperature]]
2025-10-15 19:26:05.644,18.223,63rd_WaterTempDrop_85,atomic,[63rd_WaterTempDrop_85],[1.0000],1,1,1.0000,[[63rdStreetBeach201505281700_Water_Temperature]]
2025-10-15 19:26:05.705,18.284,63rd_WaterTempDrop_85,atomic,[63rd_WaterTempDrop_85],[0.9700],1,1,0.9700,[[63rdStreetBeach201505281800_Water_Temperature]]
2025-10-15 19:26:05.706,18.285,Montrose_WaterTempDrop_85,atomic,[Montrose_WaterTempDrop_85],[1.0000],1,1,1.0000,[[MontroseBeach201505281800_Water_Temperature]]
2025-10-15 19:26:05.707,18.286,Calumet_WaterTempDrop_85,atomic,[Calumet_WaterTempDrop_85],[1.0000],1,1,1.0000,[[CalumetBeach201505281800_Water_Temperature]]
2025-10-15 19:26:05.769,18.348,63rd_WaterTempDrop_85,atomic,[63rd_WaterTempDrop_85],[1.0000],1,1,1.0000,[[63rdStreetBeach201505281900_Water_Temperature]]
2025-10-15 19:26:05.772,18.351,Montrose_WaterTempDrop_85,atomic,[Montrose_WaterTempDrop_85],[1.0000],1,1,1.0000,[[MontroseBeach201505281900_Water_Temperature]]
2025-10-15 19:26:05.772,18.351,Calumet_WaterTempDrop_85,atomic,[Calumet_WaterTempDrop_85],[1.0000],1,1,1.0000,[[CalumetBeach201505281900_Water_Temperature]]
2025-10-15 19:26:05.830,18.409,Calumet_WaterTempDrop_85,atomic,[Calumet_WaterTempDrop_85],[0.9676],1,1,0.9676,[[CalumetBeach201505282000_Water_Temperature]]
2025-10-15 19:26:05.831,18.410,Montrose_WaterTempDrop_85,atomic,[Montrose_WaterTempDrop_85],[0.9691],1,1,0.9691,[[MontroseBeach201505282000_Water_Temperature]]
2025-10-15 19:26:05.893,18.472,63rd_WaterTempDrop_85,atomic,[63rd_WaterTempDrop_85],[0.9674],1,1,0.9674,[[63rdStreetBeach201505282100_Water_Temperature]]
2025-10-15 19:26:05.894,18.473,Calumet_WaterTempDrop_85,atomic,[Calumet_WaterTempDrop_85],[1.0000],1,1,1.0000,[[CalumetBeach201505282100_Water_Temperature]]
2025-10-15 19:26:05.895,18.474,Montrose_WaterTempDrop_85,atomic,[Montrose_WaterTempDrop_85],[1.0000],1,1,1.0000,[[MontroseBeach201505282100_Water_Temperature]]
2025-10-15 19:26:05.955,18.534,Calumet_WaterTempDrop_85,atomic,[Calumet_WaterTempDrop_85],[1.0000],1,1,1.0000,[[CalumetBeach201505282200_Water_Temperature]]
2025-10-15 19:26:05.955,18.534,63rd_WaterTempDrop_85,atomic,[63rd_WaterTempDrop_85],[0.9633],1,1,0.9633,[[63rdStreetBeach201505282200_Water_Temperature]]
2025-10-15 19:26:05.956,18.535,Montrose_WaterTempDrop_85,atomic,[Montrose_WaterTempDrop_85],[0.9667],1,1,0.9667,[[MontroseBeach201505282200_Water_Temperature]]
2025-10-15 19:26:06.020,18.599,Calumet_WaterTempDrop_85,atomic,[Calumet_WaterTempDrop_85],[1.0000],1,1,1.0000,[[CalumetBeach201505282300_Water_Temperature]]
2025-10-15 19:26:06.021,18.600,63rd_WaterTempDrop_85,atomic,[63rd_WaterTempDrop_85],[1.0000],1,1,1.0000,[[63rdStreetBeach201505282300_Water_Temperature]]
2025-10-15 19:26:06.021,18.600,Montrose_WaterTempDrop_85,atomic,[Montrose_WaterTempDrop_85],[1.0000],1,1,1.0000,[[MontroseBeach201505282300_Water_Temperature]]
2025-10-15 19:26:06.081,18.660,Montrose_WaterTempDrop_85,atomic,[Montrose_WaterTempDrop_85],[1.0000],1,1,1.0000,[[MontroseBeach201505292400_Water_Temperature]]
2025-10-15 19:26:06.082,18.661,Calumet_WaterTempDrop_85,atomic,[Calumet_WaterTempDrop_85],[1.0000],1,1,1.0000,[[CalumetBeach201505292400_Water_Temperature]]
2025-10-15 19:26:06.143,18.722,63rd_WaterTempDrop_85,atomic,[63rd_WaterTempDrop_85],[0.9616],1,1,0.9616,[[63rdStreetBeach201505290100_Water_Temperature]]
2025-10-15 19:26:06.147,18.726,Calumet_WaterTempDrop_85,atomic,[Calumet_WaterTempDrop_85],[1.0000],1,1,1.0000,[[CalumetBeach201505290100_Water_Temperature]]
2025-10-15 19:26:06.147,18.726,Montrose_WaterTempDrop_85,atomic,[Montrose_WaterTempDrop_85],[1.0000],1,1,1.0000,[[MontroseBeach201505290100_Water_Temperature]]
2025-10-15 19:26:06.204,18.783,63rd_WaterTempDrop_85,atomic,[63rd_WaterTempDrop_85],[0.9570],1,1,0.9570,[[63rdStreetBeach201505290200_Water_Temperature]]
2025-10-15 19:26:06.206,18.785,Montrose_WaterTempDrop_85,atomic,[Montrose_WaterTempDrop_85],[1.0000],1,1,1.0000,[[MontroseBeach201505290200_Water_Temperature]]
2025-10-15 19:26:06.209,18.788,Calumet_WaterTempDrop_85,atomic,[Calumet_WaterTempDrop_85],[1.0000],1,1,1.0000,[[CalumetBeach201505290200_Water_Temperature]]
2025-10-15 19:26:06.267,18.846,63rd_WaterTempDrop_85,atomic,[63rd_WaterTempDrop_85],[1.0000],1,1,1.0000,[[63rdStreetBeach201505290300_Water_Temperature]]
2025-10-15 19:26:06.268,18.847,Calumet_WaterTempDrop_85,atomic,[Calumet_WaterTempDrop_85],[1.0000],1,1,1.0000,[[CalumetBeach201505290300_Water_Temperature]]
2025-10-15 19:26:06.269,18.848,Montrose_WaterTempDrop_85,atomic,[Montrose_WaterTempDrop_85],[1.0000],1,1,1.0000,[[MontroseBeach201505290300_Water_Temperature]]
2025-10-15 19:26:06.327,18.906,Montrose_WaterTempDrop_85,atomic,[Montrose_WaterTempDrop_85],[0.9695],1,1,0.9695,[[MontroseBeach201505290400_Water_Temperature]]
2025-10-15 19:26:06.331,18.910,63rd_WaterTempDrop_85,atomic,[63rd_WaterTempDrop_85],[1.0000],1,1,1.0000,[[63rdStreetBeach201505290400_Water_Temperature]]
2025-10-15 19:26:06.331,18.910,Calumet_WaterTempDrop_85,atomic,[Calumet_WaterTempDrop_85],[1.0000],1,1,1.0000,[[CalumetBeach201505290400_Water_Temperature]]
2025-10-15 19:26:06.390,18.969,Montrose_WaterTempDrop_85,atomic,[Montrose_WaterTempDrop_85],[0.9658],1,1,0.9658,[[MontroseBeach201505290500_Water_Temperature]]
2025-10-15 19:26:06.391,18.970,Calumet_WaterTempDrop_85,atomic,[Calumet_WaterTempDrop_85],[1.0000],1,1,1.0000,[[CalumetBeach201505290500_Water_Temperature]]
2025-10-15 19:26:06.392,18.971,63rd_WaterTempDrop_85,atomic,[63rd_WaterTempDrop_85],[1.0000],1,1,1.0000,[[63rdStreetBeach201505290500_Water_Temperature]]
2025-10-15 19:26:06.454,19.033,Montrose_WaterTempDrop_85,atomic,[Montrose_WaterTempDrop_85],[0.9616],1,1,0.9616,[[MontroseBeach201505290600_Water_Temperature]]
2025-10-15 19:26:06.454,19.033,Calumet_WaterTempDrop_85,atomic,[Calumet_WaterTempDrop_85],[1.0000],1,1,1.0000,[[CalumetBeach201505290600_Water_Temperature]]
2025-10-15 19:26:06.456,19.035,63rd_WaterTempDrop_85,atomic,[63rd_WaterTempDrop_85],[1.0000],1,1,1.0000,[[63rdStreetBeach201505290600_Water_Temperature]]
2025-10-15 19:26:06.528,19.107,Calumet_WaterTempDrop_85,atomic,[Calumet_WaterTempDrop_85],[1.0000],1,1,1.0000,[[CalumetBeach201505290700_Water_Temperature]]
2025-10-15 19:26:06.530,19.109,Montrose_WaterTempDrop_85,atomic,[Montrose_WaterTempDrop_85],[1.0000],1,1,1.0000,[[MontroseBeach201505290700_Water_Temperature]]
2025-10-15 19:26:06.590,19.169,Montrose_WaterTempDrop_85,atomic,[Montrose_WaterTempDrop_85],[1.0000],1,1,1.0000,[[MontroseBeach201505290800_Water_Temperature]]
2025-10-15 19:26:06.591,19.170,Calumet_WaterTempDrop_85,atomic,[Calumet_WaterTempDrop_85],[1.0000],1,1,1.0000,[[CalumetBeach201505290800_Water_Temperature]]
2025-10-15 19:26:06.641,19.220,Calumet_WaterTempDrop_85,atomic,[Calumet_WaterTempDrop_85],[0.9727],1,1,0.9727,[[CalumetBeach201505290900_Water_Temperature]]
2025-10-15 19:26:06.641,19.220,Montrose_WaterTempDrop_85,atomic,[Montrose_WaterTempDrop_85],[1.0000],1,1,1.0000,[[MontroseBeach201505290900_Water_Temperature]]
2025-10-15 19:26:06.642,19.221,63rd_WaterTempDrop_85,atomic,[63rd_WaterTempDrop_85],[1.0000],1,1,1.0000,[[63rdStreetBeach201505290900_Water_Temperature]]
2025-10-15 19:26:06.700,19.279,Montrose_WaterTempDrop_85,atomic,[Montrose_WaterTempDrop_85],[0.9649],1,1,0.9649,[[MontroseBeach201505291000_Water_Temperature]]
2025-10-15 19:26:06.701,19.280,63rd_WaterTempDrop_85,atomic,[63rd_WaterTempDrop_85],[1.0000],1,1,1.0000,[[63rdStreetBeach201505291000_Water_Temperature]]
2025-10-15 19:26:06.702,19.281,Calumet_WaterTempDrop_85,atomic,[Calumet_WaterTempDrop_85],[1.0000],1,1,1.0000,[[CalumetBeach201505291000_Water_Temperature]]
2025-10-15 19:26:06.763,19.342,Montrose_WaterTempDrop_85,atomic,[Montrose_WaterTempDrop_85],[1.0000],1,1,1.0000,[[MontroseBeach201505291100_Water_Temperature]]
2025-10-15 19:26:06.765,19.344,Calumet_WaterTempDrop_85,atomic,[Calumet_WaterTempDrop_85],[1.0000],1,1,1.0000,[[CalumetBeach201505291100_Water_Temperature]]
2025-10-15 19:26:06.765,19.344,63rd_WaterTempDrop_85,atomic,[63rd_WaterTempDrop_85],[1.0000],1,1,1.0000,[[63rdStreetBeach201505291100_Water_Temperature]]
2025-10-15 19:26:06.824,19.403,63rd_WaterTempDrop_85,atomic,[63rd_WaterTempDrop_85],[0.9690],1,1,0.9690,[[63rdStreetBeach201505291200_Water_Temperature]]
2025-10-15 19:26:06.825,19.404,Calumet_WaterTempDrop_85,atomic,[Calumet_WaterTempDrop_85],[1.0000],1,1,1.0000,[[CalumetBeach201505291200_Water_Temperature]]
2025-10-15 19:26:06.826,19.405,Montrose_WaterTempDrop_85,atomic,[Montrose_WaterTempDrop_85],[1.0000],1,1,1.0000,[[MontroseBeach201505291200_Water_Temperature]]
2025-10-15 19:26:06.886,19.465,Calumet_WaterTempDrop_85,atomic,[Calumet_WaterTempDrop_85],[1.0000],1,1,1.0000,[[CalumetBeach201505291300_Water_Temperature]]
2025-10-15 19:26:06.888,19.467,Montrose_WaterTempDrop_85,atomic,[Montrose_WaterTempDrop_85],[1.0000],1,1,1.0000,[[MontroseBeach201505291300_Water_Temperature]]
2025-10-15 19:26:06.948,19.527,Montrose_WaterTempDrop_85,atomic,[Montrose_WaterTempDrop_85],[0.9668],1,1,0.9668,[[MontroseBeach201505291400_Water_Temperature]]
2025-10-15 19:26:06.950,19.529,Calumet_WaterTempDrop_85,atomic,[Calumet_WaterTempDrop_85],[1.0000],1,1,1.0000,[[CalumetBeach201505291400_Water_Temperature]]
2025-10-15 19:26:06.951,19.530,63rd_WaterTempDrop_85,atomic,[63rd_WaterTempDrop_85],[1.0000],1,1,1.0000,[[63rdStreetBeach201505291400_Water_Temperature]]
2025-10-15 19:26:07.011,19.590,Calumet_WaterTempDrop_85,atomic,[Calumet_WaterTempDrop_85],[0.9717],1,1,0.9717,[[CalumetBeach201505291500_Water_Temperature]]
2025-10-15 19:26:07.012,19.591,Montrose_WaterTempDrop_85,atomic,[Montrose_WaterTempDrop_85],[1.0000],1,1,1.0000,[[MontroseBeach201505291500_Water_Temperature]]
2025-10-15 19:26:07.013,19.592,63rd_WaterTempDrop_85,atomic,[63rd_WaterTempDrop_85],[1.0000],1,1,1.0000,[[63rdStreetBeach201505291500_Water_Temperature]]
2025-10-15 19:26:07.074,19.653,Montrose_WaterTempDrop_85,atomic,[Montrose_WaterTempDrop_85],[1.0000],1,1,1.0000,[[MontroseBeach201505291600_Water_Temperature]]
2025-10-15 19:26:07.074,19.653,Calumet_WaterTempDrop_85,atomic,[Calumet_WaterTempDrop_85],[1.0000],1,1,1.0000,[[CalumetBeach201505291600_Water_Temperature]]
2025-10-15 19:26:07.136,19.715,Calumet_WaterTempDrop_85,atomic,[Calumet_WaterTempDrop_85],[1.0000],1,1,1.0000,[[CalumetBeach201505291700_Water_Temperature]]
2025-10-15 19:26:07.139,19.718,63rd_WaterTempDrop_85,atomic,[63rd_WaterTempDrop_85],[1.0000],1,1,1.0000,[[63rdStreetBeach201505291700_Water_Temperature]]
2025-10-15 19:26:07.139,19.718,Montrose_WaterTempDrop_85,atomic,[Montrose_WaterTempDrop_85],[1.0000],1,1,1.0000,[[MontroseBeach201505291700_Water_Temperature]]
2025-10-15 19:26:07.198,19.777,63rd_WaterTempDrop_85,atomic,[63rd_WaterTempDrop_85],[1.0000],1,1,1.0000,[[63rdStreetBeach201505291800_Water_Temperature]]
2025-10-15 19:26:07.199,19.778,Calumet_WaterTempDrop_85,atomic,[Calumet_WaterTempDrop_85],[1.0000],1,1,1.0000,[[CalumetBeach201505291800_Water_Temperature]]
2025-10-15 19:26:07.199,19.778,Montrose_WaterTempDrop_85,atomic,[Montrose_WaterTempDrop_85],[1.0000],1,1,1.0000,[[MontroseBeach201505291800_Water_Temperature]]
2025-10-15 19:26:07.262,19.841,63rd_WaterTempDrop_85,atomic,[63rd_WaterTempDrop_85],[1.0000],1,1,1.0000,[[63rdStreetBeach201505291900_Water_Temperature]]
2025-10-15 19:26:07.262,19.841,Calumet_WaterTempDrop_85,atomic,[Calumet_WaterTempDrop_85],[1.0000],1,1,1.0000,[[CalumetBeach201505291900_Water_Temperature]]
2025-10-15 19:26:07.263,19.842,Montrose_WaterTempDrop_85,atomic,[Montrose_WaterTempDrop_85],[1.0000],1,1,1.0000,[[MontroseBeach201505291900_Water_Temperature]]
2025-10-15 19:26:07.324,19.903,63rd_WaterTempDrop_85,atomic,[63rd_WaterTempDrop_85],[1.0000],1,1,1.0000,[[63rdStreetBeach201505292000_Water_Temperature]]
2025-10-15 19:26:07.325,19.904,Calumet_WaterTempDrop_85,atomic,[Calumet_WaterTempDrop_85],[1.0000],1,1,1.0000,[[CalumetBeach201505292000_Water_Temperature]]
2025-10-15 19:26:07.326,19.905,Montrose_WaterTempDrop_85,atomic,[Montrose_WaterTempDrop_85],[1.0000],1,1,1.0000,[[MontroseBeach201505292000_Water_Temperature]]
2025-10-15 19:26:07.390,19.969,63rd_WaterTempDrop_85,atomic,[63rd_WaterTempDrop_85],[0.9712],1,1,0.9712,[[63rdStreetBeach201505292100_Water_Temperature]]
2025-10-15 19:26:07.390,19.969,Montrose_WaterTempDrop_85,atomic,[Montrose_WaterTempDrop_85],[1.0000],1,1,1.0000,[[MontroseBeach201505292100_Water_Temperature]]
2025-10-15 19:26:07.391,19.970,Calumet_WaterTempDrop_85,atomic,[Calumet_WaterTempDrop_85],[1.0000],1,1,1.0000,[[CalumetBeach201505292100_Water_Temperature]]
2025-10-15 19:26:07.449,20.028,Montrose_WaterTempDrop_85,atomic,[Montrose_WaterTempDrop_85],[1.0000],1,1,1.0000,[[MontroseBeach201505292200_Water_Temperature]]
2025-10-15 19:26:07.450,20.029,Calumet_WaterTempDrop_85,atomic,[Calumet_WaterTempDrop_85],[0.9716],1,1,0.9716,[[CalumetBeach201505292200_Water_Temperature]]
2025-10-15 19:26:07.450,20.029,63rd_WaterTempDrop_85,atomic,[63rd_WaterTempDrop_85],[1.0000],1,1,1.0000,[[63rdStreetBeach201505292200_Water_Temperature]]
2025-10-15 19:26:07.512,20.091,Calumet_WaterTempDrop_85,atomic,[Calumet_WaterTempDrop_85],[1.0000],1,1,1.0000,[[CalumetBeach201505292300_Water_Temperature]]
2025-10-15 19:26:07.514,20.093,Montrose_WaterTempDrop_85,atomic,[Montrose_WaterTempDrop_85],[1.0000],1,1,1.0000,[[MontroseBeach201505292300_Water_Temperature]]
2025-10-15 19:26:07.514,20.093,63rd_WaterTempDrop_85,atomic,[63rd_WaterTempDrop_85],[1.0000],1,1,1.0000,[[63rdStreetBeach201505292300_Water_Temperature]]
2025-10-15 19:26:07.572,20.151,Montrose_WaterTempDrop_85,atomic,[Montrose_WaterTempDrop_85],[1.0000],1,1,1.0000,[[MontroseBeach201505302400_Water_Temperature]]
2025-10-15 19:26:07.573,20.152,63rd_WaterTempDrop_85,atomic,[63rd_WaterTempDrop_85],[1.0000],1,1,1.0000,[[63rdStreetBeach201505302400_Water_Temperature]]
2025-10-15 19:26:07.575,20.154,Calumet_WaterTempDrop_85,atomic,[Calumet_WaterTempDrop_85],[1.0000],1,1,1.0000,[[CalumetBeach201505302400_Water_Temperature]]
2025-10-15 19:26:07.635,20.214,63rd_WaterTempDrop_85,atomic,[63rd_WaterTempDrop_85],[1.0000],1,1,1.0000,[[63rdStreetBeach201505300100_Water_Temperature]]
2025-10-15 19:26:07.636,20.215,Calumet_WaterTempDrop_85,atomic,[Calumet_WaterTempDrop_85],[1.0000],1,1,1.0000,[[CalumetBeach201505300100_Water_Temperature]]
2025-10-15 19:26:07.637,20.216,Montrose_WaterTempDrop_85,atomic,[Montrose_WaterTempDrop_85],[1.0000],1,1,1.0000,[[MontroseBeach201505300100_Water_Temperature]]
2025-10-15 19:26:07.699,20.278,63rd_WaterTempDrop_85,atomic,[63rd_WaterTempDrop_85],[1.0000],1,1,1.0000,[[63rdStreetBeach201505300200_Water_Temperature]]
2025-10-15 19:26:07.700,20.279,Montrose_WaterTempDrop_85,atomic,[Montrose_WaterTempDrop_85],[1.0000],1,1,1.0000,[[MontroseBeach201505300200_Water_Temperature]]
2025-10-15 19:26:07.700,20.279,Calumet_WaterTempDrop_85,atomic,[Calumet_WaterTempDrop_85],[1.0000],1,1,1.0000,[[CalumetBeach201505300200_Water_Temperature]]
2025-10-15 19:26:07.760,20.339,63rd_WaterTempDrop_85,atomic,[63rd_WaterTempDrop_85],[0.9712],1,1,0.9712,[[63rdStreetBeach201505300300_Water_Temperature]]
2025-10-15 19:26:07.760,20.339,Calumet_WaterTempDrop_85,atomic,[Calumet_WaterTempDrop_85],[0.9707],1,1,0.9707,[[CalumetBeach201505300300_Water_Temperature]]
2025-10-15 19:26:07.761,20.340,Montrose_WaterTempDrop_85,atomic,[Montrose_WaterTempDrop_85],[1.0000],1,1,1.0000,[[MontroseBeach201505300300_Water_Temperature]]
2025-10-15 19:26:07.822,20.401,Calumet_WaterTempDrop_85,atomic,[Calumet_WaterTempDrop_85],[0.9670],1,1,0.9670,[[CalumetBeach201505300400_Water_Temperature]]
2025-10-15 19:26:07.823,20.402,63rd_WaterTempDrop_85,atomic,[63rd_WaterTempDrop_85],[1.0000],1,1,1.0000,[[63rdStreetBeach201505300400_Water_Temperature]]
2025-10-15 19:26:07.825,20.404,Montrose_WaterTempDrop_85,atomic,[Montrose_WaterTempDrop_85],[1.0000],1,1,1.0000,[[MontroseBeach201505300400_Water_Temperature]]
2025-10-15 19:26:07.888,20.467,Calumet_WaterTempDrop_85,atomic,[Calumet_WaterTempDrop_85],[1.0000],1,1,1.0000,[[CalumetBeach201505300500_Water_Temperature]]
2025-10-15 19:26:07.889,20.468,Montrose_WaterTempDrop_85,atomic,[Montrose_WaterTempDrop_85],[1.0000],1,1,1.0000,[[MontroseBeach201505300500_Water_Temperature]]
2025-10-15 19:26:07.889,20.468,63rd_WaterTempDrop_85,atomic,[63rd_WaterTempDrop_85],[1.0000],1,1,1.0000,[[63rdStreetBeach201505300500_Water_Temperature]]
2025-10-15 19:26:07.948,20.527,Calumet_WaterTempDrop_85,atomic,[Calumet_WaterTempDrop_85],[1.0000],1,1,1.0000,[[CalumetBeach201505300600_Water_Temperature]]
2025-10-15 19:26:07.949,20.528,63rd_WaterTempDrop_85,atomic,[63rd_WaterTempDrop_85],[1.0000],1,1,1.0000,[[63rdStreetBeach201505300600_Water_Temperature]]
2025-10-15 19:26:07.949,20.528,Montrose_WaterTempDrop_85,atomic,[Montrose_WaterTempDrop_85],[1.0000],1,1,1.0000,[[MontroseBeach201505300600_Water_Temperature]]
2025-10-15 19:26:08.010,20.589,Montrose_WaterTempDrop_85,atomic,[Montrose_WaterTempDrop_85],[1.0000],1,1,1.0000,[[MontroseBeach201505300700_Water_Temperature]]
2025-10-15 19:26:08.012,20.591,Calumet_WaterTempDrop_85,atomic,[Calumet_WaterTempDrop_85],[1.0000],1,1,1.0000,[[CalumetBeach201505300700_Water_Temperature]]
2025-10-15 19:26:08.013,20.592,63rd_WaterTempDrop_85,atomic,[63rd_WaterTempDrop_85],[1.0000],1,1,1.0000,[[63rdStreetBeach201505300700_Water_Temperature]]
2025-10-15 19:26:08.072,20.651,Montrose_WaterTempDrop_85,atomic,[Montrose_WaterTempDrop_85],[1.0000],1,1,1.0000,[[MontroseBeach201505300800_Water_Temperature]]
2025-10-15 19:26:08.074,20.653,Calumet_WaterTempDrop_85,atomic,[Calumet_WaterTempDrop_85],[1.0000],1,1,1.0000,[[CalumetBeach201505300800_Water_Temperature]]
2025-10-15 19:26:08.074,20.653,63rd_WaterTempDrop_85,atomic,[63rd_WaterTempDrop_85],[1.0000],1,1,1.0000,[[63rdStreetBeach201505300800_Water_Temperature]]
2025-10-15 19:26:08.136,20.715,63rd_WaterTempDrop_85,atomic,[63rd_WaterTempDrop_85],[1.0000],1,1,1.0000,[[63rdStreetBeach201505300900_Water_Temperature]]
2025-10-15 19:26:08.137,20.716,Calumet_WaterTempDrop_85,atomic,[Calumet_WaterTempDrop_85],[1.0000],1,1,1.0000,[[CalumetBeach201505300900_Water_Temperature]]
2025-10-15 19:26:08.138,20.717,Montrose_WaterTempDrop_85,atomic,[Montrose_WaterTempDrop_85],[1.0000],1,1,1.0000,[[MontroseBeach201505300900_Water_Temperature]]
2025-10-15 19:26:08.198,20.777,Montrose_WaterTempDrop_85,atomic,[Montrose_WaterTempDrop_85],[1.0000],1,1,1.0000,[[MontroseBeach201505301000_Water_Temperature]]
2025-10-15 19:26:08.199,20.778,63rd_WaterTempDrop_85,atomic,[63rd_WaterTempDrop_85],[1.0000],1,1,1.0000,[[63rdStreetBeach201505301000_Water_Temperature]]
2025-10-15 19:26:08.200,20.779,Calumet_WaterTempDrop_85,atomic,[Calumet_WaterTempDrop_85],[1.0000],1,1,1.0000,[[CalumetBeach201505301000_Water_Temperature]]
2025-10-15 19:26:08.262,20.841,Calumet_WaterTempDrop_85,atomic,[Calumet_WaterTempDrop_85],[1.0000],1,1,1.0000,[[CalumetBeach201505301100_Water_Temperature]]
2025-10-15 19:26:08.263,20.842,Montrose_WaterTempDrop_85,atomic,[Montrose_WaterTempDrop_85],[1.0000],1,1,1.0000,[[MontroseBeach201505301100_Water_Temperature]]
2025-10-15 19:26:08.264,20.843,63rd_WaterTempDrop_85,atomic,[63rd_WaterTempDrop_85],[1.0000],1,1,1.0000,[[63rdStreetBeach201505301100_Water_Temperature]]
2025-10-15 19:26:08.324,20.903,Calumet_WaterTempDrop_85,atomic,[Calumet_WaterTempDrop_85],[1.0000],1,1,1.0000,[[CalumetBeach201505301200_Water_Temperature]]
2025-10-15 19:26:08.325,20.904,Montrose_WaterTempDrop_85,atomic,[Montrose_WaterTempDrop_85],[1.0000],1,1,1.0000,[[MontroseBeach201505301200_Water_Temperature]]
2025-10-15 19:26:08.325,20.904,Montrose_HighWave_85,atomic,[Montrose_HighWave_85],[1.0000],1,1,1.0000,[[MontroseBeach201505301200_Wave_Height]]
2025-10-15 19:26:08.325,20.904,63rd_WaterTempDrop_85,atomic,[63rd_WaterTempDrop_85],[1.0000],1,1,1.0000,[[63rdStreetBeach201505301200_Water_Temperature]]
2025-10-15 19:26:08.388,20.967,63rd_WaterTempDrop_85,atomic,[63rd_WaterTempDrop_85],[1.0000],1,1,1.0000,[[63rdStreetBeach201505301300_Water_Temperature]]
2025-10-15 19:26:08.388,20.967,63rd_HighWave_85,atomic,[63rd_HighWave_85],[1.0000],1,1,1.0000,[[63rdStreetBeach201505301300_Wave_Height]]
2025-10-15 19:26:08.389,20.968,Montrose_WaterTempDrop_85,atomic,[Montrose_WaterTempDrop_85],[1.0000],1,1,1.0000,[[MontroseBeach201505301300_Water_Temperature]]
2025-10-15 19:26:08.389,20.968,Montrose_HighWave_85,atomic,[Montrose_HighWave_85],[1.0000],1,1,1.0000,[[MontroseBeach201505301300_Wave_Height]]
2025-10-15 19:26:08.389,20.968,Calumet_WaterTempDrop_85,atomic,[Calumet_WaterTempDrop_85],[1.0000],1,1,1.0000,[[CalumetBeach201505301300_Water_Temperature]]
2025-10-15 19:26:08.449,21.028,63rd_WaterTempDrop_85,atomic,[63rd_WaterTempDrop_85],[1.0000],1,1,1.0000,[[63rdStreetBeach201505301400_Water_Temperature]]
2025-10-15 19:26:08.450,21.029,63rd_HighWave_85,atomic,[63rd_HighWave_85],[1.0000],1,1,1.0000,[[63rdStreetBeach201505301400_Wave_Height]]
2025-10-15 19:26:08.452,21.031,Calumet_WaterTempDrop_85,atomic,[Calumet_WaterTempDrop_85],[1.0000],1,1,1.0000,[[CalumetBeach201505301400_Water_Temperature]]
2025-10-15 19:26:08.452,21.031,Montrose_WaterTempDrop_85,atomic,[Montrose_WaterTempDrop_85],[1.0000],1,1,1.0000,[[MontroseBeach201505301400_Water_Temperature]]
2025-10-15 19:26:08.513,21.092,Montrose_WaterTempDrop_85,atomic,[Montrose_WaterTempDrop_85],[1.0000],1,1,1.0000,[[MontroseBeach201505301500_Water_Temperature]]
2025-10-15 19:26:08.514,21.093,63rd_WaterTempDrop_85,atomic,[63rd_WaterTempDrop_85],[1.0000],1,1,1.0000,[[63rdStreetBeach201505301500_Water_Temperature]]
2025-10-15 19:26:08.515,21.094,Calumet_WaterTempDrop_85,atomic,[Calumet_WaterTempDrop_85],[1.0000],1,1,1.0000,[[CalumetBeach201505301500_Water_Temperature]]
2025-10-15 19:26:08.573,21.152,Montrose_WaterTempDrop_85,atomic,[Montrose_WaterTempDrop_85],[1.0000],1,1,1.0000,[[MontroseBeach201505301600_Water_Temperature]]
2025-10-15 19:26:08.575,21.154,Montrose_HighWave_85,atomic,[Montrose_HighWave_85],[1.0000],1,1,1.0000,[[MontroseBeach201505301600_Wave_Height]]
2025-10-15 19:26:08.575,21.154,63rd_WaterTempDrop_85,atomic,[63rd_WaterTempDrop_85],[1.0000],1,1,1.0000,[[63rdStreetBeach201505301600_Water_Temperature]]
2025-10-15 19:26:08.576,21.155,Calumet_WaterTempDrop_85,atomic,[Calumet_WaterTempDrop_85],[1.0000],1,1,1.0000,[[CalumetBeach201505301600_Water_Temperature]]
2025-10-15 19:26:08.635,21.214,63rd_WaterTempDrop_85,atomic,[63rd_WaterTempDrop_85],[1.0000],1,1,1.0000,[[63rdStreetBeach201505301700_Water_Temperature]]
2025-10-15 19:26:08.635,21.214,Calumet_WaterTempDrop_85,atomic,[Calumet_WaterTempDrop_85],[1.0000],1,1,1.0000,[[CalumetBeach201505301700_Water_Temperature]]
2025-10-15 19:26:08.635,21.214,Montrose_WaterTempDrop_85,atomic,[Montrose_WaterTempDrop_85],[1.0000],1,1,1.0000,[[MontroseBeach201505301700_Water_Temperature]]
2025-10-15 19:26:08.636,21.215,Montrose_HighWave_85,atomic,[Montrose_HighWave_85],[1.0000],1,1,1.0000,[[MontroseBeach201505301700_Wave_Height]]
2025-10-15 19:26:08.696,21.275,Calumet_WaterTempDrop_85,atomic,[Calumet_WaterTempDrop_85],[1.0000],1,1,1.0000,[[CalumetBeach201505301800_Water_Temperature]]
2025-10-15 19:26:08.759,21.338,Montrose_HighWave_85,atomic,[Montrose_HighWave_85],[0.8726],1,1,0.8726,[[MontroseBeach201505301900_Wave_Height]]
2025-10-15 19:26:08.760,21.339,Calumet_WaterTempDrop_85,atomic,[Calumet_WaterTempDrop_85],[1.0000],1,1,1.0000,[[CalumetBeach201505301900_Water_Temperature]]
2025-10-15 19:26:08.760,21.339,Montrose_WaterTempDrop_85,atomic,[Montrose_WaterTempDrop_85],[1.0000],1,1,1.0000,[[MontroseBeach201505301900_Water_Temperature]]
2025-10-15 19:26:08.821,21.400,Calumet_WaterTempDrop_85,atomic,[Calumet_WaterTempDrop_85],[1.0000],1,1,1.0000,[[CalumetBeach201505302000_Water_Temperature]]
2025-10-15 19:26:08.822,21.401,Montrose_WaterTempDrop_85,atomic,[Montrose_WaterTempDrop_85],[1.0000],1,1,1.0000,[[MontroseBeach201505302000_Water_Temperature]]
2025-10-15 19:26:08.822,21.401,Montrose_HighWave_85,atomic,[Montrose_HighWave_85],[1.0000],1,1,1.0000,[[MontroseBeach201505302000_Wave_Height]]
2025-10-15 19:26:08.883,21.462,Calumet_WaterTempDrop_85,atomic,[Calumet_WaterTempDrop_85],[0.9731],1,1,0.9731,[[CalumetBeach201505302100_Water_Temperature]]
2025-10-15 19:26:08.896,21.475,Montrose_WaterTempDrop_85,atomic,[Montrose_WaterTempDrop_85],[1.0000],1,1,1.0000,[[MontroseBeach201505302100_Water_Temperature]]
2025-10-15 19:26:08.896,21.475,Montrose_HighWave_85,atomic,[Montrose_HighWave_85],[1.0000],1,1,1.0000,[[MontroseBeach201505302100_Wave_Height]]
2025-10-15 19:26:08.947,21.526,Montrose_HighWave_85,atomic,[Montrose_HighWave_85],[0.8749],1,1,0.8749,[[MontroseBeach201505302200_Wave_Height]]
2025-10-15 19:26:08.947,21.526,Montrose_WaterTempDrop_85,atomic,[Montrose_WaterTempDrop_85],[1.0000],1,1,1.0000,[[MontroseBeach201505302200_Water_Temperature]]
2025-10-15 19:26:08.950,21.529,63rd_WaterTempDrop_85,atomic,[63rd_WaterTempDrop_85],[1.0000],1,1,1.0000,[[63rdStreetBeach201505302200_Water_Temperature]]
2025-10-15 19:26:08.950,21.529,Calumet_WaterTempDrop_85,atomic,[Calumet_WaterTempDrop_85],[1.0000],1,1,1.0000,[[CalumetBeach201505302200_Water_Temperature]]
2025-10-15 19:26:09.008,21.587,Calumet_WaterTempDrop_85,atomic,[Calumet_WaterTempDrop_85],[1.0000],1,1,1.0000,[[CalumetBeach201505302300_Water_Temperature]]
2025-10-15 19:26:09.069,21.648,Calumet_WaterTempDrop_85,atomic,[Calumet_WaterTempDrop_85],[1.0000],1,1,1.0000,[[CalumetBeach201505312400_Water_Temperature]]
2025-10-15 19:26:09.070,21.649,Montrose_WaterTempDrop_85,atomic,[Montrose_WaterTempDrop_85],[1.0000],1,1,1.0000,[[MontroseBeach201505312400_Water_Temperature]]
2025-10-15 19:26:09.132,21.711,Calumet_WaterTempDrop_85,atomic,[Calumet_WaterTempDrop_85],[1.0000],1,1,1.0000,[[CalumetBeach201505310200_Water_Temperature]]
2025-10-15 19:26:09.198,21.777,Calumet_WaterTempDrop_85,atomic,[Calumet_WaterTempDrop_85],[1.0000],1,1,1.0000,[[CalumetBeach201505310300_Water_Temperature]]
2025-10-15 19:26:09.198,21.777,Calumet_HighWave_85,atomic,[Calumet_HighWave_85],[1.0000],1,1,1.0000,[[CalumetBeach201505310300_Wave_Height]]
2025-10-15 19:26:09.259,21.838,Calumet_WaterTempDrop_85,atomic,[Calumet_WaterTempDrop_85],[1.0000],1,1,1.0000,[[CalumetBeach201505310400_Water_Temperature]]
2025-10-15 19:26:09.259,21.838,Calumet_HighTurbidity_85,atomic,[Calumet_HighTurbidity_85],[1.0000],1,1,1.0000,[[CalumetBeach201505310400_Turbidity]]
2025-10-15 19:26:09.265,21.844,Calumet_LocalAlert_85,complex,[Calumet_HighTurbidity_85;Calumet_WaterTempDrop_85],[1.0000;1.0000],2,2,1.0000,[[CalumetBeach201505310400_Turbidity];[CalumetBeach201505302000_Water_Temperature]]
2025-10-15 19:26:09.319,21.898,Calumet_WaterTempDrop_85,atomic,[Calumet_WaterTempDrop_85],[1.0000],1,1,1.0000,[[CalumetBeach201505310500_Water_Temperature]]
2025-10-15 19:26:09.383,21.962,Calumet_WaterTempDrop_85,atomic,[Calumet_WaterTempDrop_85],[1.0000],1,1,1.0000,[[CalumetBeach201505310600_Water_Temperature]]
2025-10-15 19:26:09.443,22.022,Calumet_WaterTempDrop_85,atomic,[Calumet_WaterTempDrop_85],[1.0000],1,1,1.0000,[[CalumetBeach201505310700_Water_Temperature]]
2025-10-15 19:26:09.508,22.087,Calumet_WaterTempDrop_85,atomic,[Calumet_WaterTempDrop_85],[1.0000],1,1,1.0000,[[CalumetBeach201505310800_Water_Temperature]]
2025-10-15 19:26:09.569,22.148,Calumet_WaterTempDrop_85,atomic,[Calumet_WaterTempDrop_85],[0.9728],1,1,0.9728,[[CalumetBeach201505310900_Water_Temperature]]
2025-10-15 19:26:09.633,22.212,Calumet_WaterTempDrop_85,atomic,[Calumet_WaterTempDrop_85],[1.0000],1,1,1.0000,[[CalumetBeach201505311000_Water_Temperature]]
2025-10-15 19:26:09.696,22.275,Calumet_WaterTempDrop_85,atomic,[Calumet_WaterTempDrop_85],[1.0000],1,1,1.0000,[[CalumetBeach201505311100_Water_Temperature]]
2025-10-15 19:26:09.756,22.335,Calumet_WaterTempDrop_85,atomic,[Calumet_WaterTempDrop_85],[1.0000],1,1,1.0000,[[CalumetBeach201505311200_Water_Temperature]]
2025-10-15 19:26:09.818,22.397,Calumet_WaterTempDrop_85,atomic,[Calumet_WaterTempDrop_85],[1.0000],1,1,1.0000,[[CalumetBeach201505311300_Water_Temperature]]
2025-10-15 19:26:09.880,22.459,Calumet_WaterTempDrop_85,atomic,[Calumet_WaterTempDrop_85],[1.0000],1,1,1.0000,[[CalumetBeach201505311400_Water_Temperature]]
2025-10-15 19:26:09.943,22.522,Calumet_WaterTempDrop_85,atomic,[Calumet_WaterTempDrop_85],[1.0000],1,1,1.0000,[[CalumetBeach201505311500_Water_Temperature]]
2025-10-15 19:26:10.005,22.584,Calumet_WaterTempDrop_85,atomic,[Calumet_WaterTempDrop_85],[1.0000],1,1,1.0000,[[CalumetBeach201505311600_Water_Temperature]]
2025-10-15 19:26:10.067,22.646,Calumet_WaterTempDrop_85,atomic,[Calumet_WaterTempDrop_85],[1.0000],1,1,1.0000,[[CalumetBeach201505311700_Water_Temperature]]
2025-10-15 19:26:10.130,22.709,Calumet_WaterTempDrop_85,atomic,[Calumet_WaterTempDrop_85],[1.0000],1,1,1.0000,[[CalumetBeach201505311800_Water_Temperature]]
2025-10-15 19:26:10.192,22.771,Calumet_WaterTempDrop_85,atomic,[Calumet_WaterTempDrop_85],[1.0000],1,1,1.0000,[[CalumetBeach201505311900_Water_Temperature]]
2025-10-15 19:26:10.255,22.834,Calumet_WaterTempDrop_85,atomic,[Calumet_WaterTempDrop_85],[1.0000],1,1,1.0000,[[CalumetBeach201505312000_Water_Temperature]]
2025-10-15 19:26:10.318,22.897,63rd_WaterTempDrop_85,atomic,[63rd_WaterTempDrop_85],[1.0000],1,1,1.0000,[[63rdStreetBeach201505312100_Water_Temperature]]
2025-10-15 19:26:10.319,22.898,Calumet_WaterTempDrop_85,atomic,[Calumet_WaterTempDrop_85],[1.0000],1,1,1.0000,[[CalumetBeach201505312100_Water_Temperature]]
2025-10-15 19:26:10.382,22.961,Calumet_WaterTempDrop_85,atomic,[Calumet_WaterTempDrop_85],[1.0000],1,1,1.0000,[[CalumetBeach201505312200_Water_Temperature]]
2025-10-15 19:26:10.382,22.961,63rd_WaterTempDrop_85,atomic,[63rd_WaterTempDrop_85],[1.0000],1,1,1.0000,[[63rdStreetBeach201505312200_Water_Temperature]]
2025-10-15 19:26:10.443,23.022,Calumet_WaterTempDrop_85,atomic,[Calumet_WaterTempDrop_85],[1.0000],1,1,1.0000,[[CalumetBeach201505312300_Water_Temperature]]
2025-10-15 19:26:10.443,23.022,63rd_WaterTempDrop_85,atomic,[63rd_WaterTempDrop_85],[1.0000],1,1,1.0000,[[63rdStreetBeach201505312300_Water_Temperature]]
2025-10-15 19:26:10.443,23.022,63rd_HighWave_85,atomic,[63rd_HighWave_85],[1.0000],1,1,1.0000,[[63rdStreetBeach201505312300_Wave_Height]]
2025-10-15 19:26:10.505,23.084,Calumet_WaterTempDrop_85,atomic,[Calumet_WaterTempDrop_85],[1.0000],1,1,1.0000,[[CalumetBeach201506012400_Water_Temperature]]
2025-10-15 19:26:10.505,23.084,63rd_WaterTempDrop_85,atomic,[63rd_WaterTempDrop_85],[1.0000],1,1,1.0000,[[63rdStreetBeach201506012400_Water_Temperature]]
2025-10-15 19:26:10.566,23.145,63rd_WaterTempDrop_85,atomic,[63rd_WaterTempDrop_85],[1.0000],1,1,1.0000,[[63rdStreetBeach201506010100_Water_Temperature]]
2025-10-15 19:26:10.566,23.145,Calumet_WaterTempDrop_85,atomic,[Calumet_WaterTempDrop_85],[1.0000],1,1,1.0000,[[CalumetBeach201506010100_Water_Temperature]]
2025-10-15 19:26:10.628,23.207,Calumet_WaterTempDrop_85,atomic,[Calumet_WaterTempDrop_85],[1.0000],1,1,1.0000,[[CalumetBeach201506010200_Water_Temperature]]
2025-10-15 19:26:10.630,23.209,63rd_WaterTempDrop_85,atomic,[63rd_WaterTempDrop_85],[1.0000],1,1,1.0000,[[63rdStreetBeach201506010200_Water_Temperature]]
2025-10-15 19:26:10.630,23.209,63rd_HighWave_85,atomic,[63rd_HighWave_85],[1.0000],1,1,1.0000,[[63rdStreetBeach201506010200_Wave_Height]]
2025-10-15 19:26:10.689,23.268,Calumet_WaterTempDrop_85,atomic,[Calumet_WaterTempDrop_85],[1.0000],1,1,1.0000,[[CalumetBeach201506010300_Water_Temperature]]
2025-10-15 19:26:10.689,23.268,63rd_WaterTempDrop_85,atomic,[63rd_WaterTempDrop_85],[1.0000],1,1,1.0000,[[63rdStreetBeach201506010300_Water_Temperature]]
2025-10-15 19:26:10.752,23.331,63rd_WaterTempDrop_85,atomic,[63rd_WaterTempDrop_85],[1.0000],1,1,1.0000,[[63rdStreetBeach201506010400_Water_Temperature]]
2025-10-15 19:26:10.753,23.332,Calumet_WaterTempDrop_85,atomic,[Calumet_WaterTempDrop_85],[1.0000],1,1,1.0000,[[CalumetBeach201506010400_Water_Temperature]]
2025-10-15 19:26:10.753,23.332,Calumet_HighTurbidity_85,atomic,[Calumet_HighTurbidity_85],[1.0000],1,1,1.0000,[[CalumetBeach201506010400_Turbidity]]
2025-10-15 19:26:10.753,23.332,Calumet_LocalAlert_85,complex,[Calumet_HighTurbidity_85;Calumet_WaterTempDrop_85],[1.0000;1.0000],2,2,1.0000,[[CalumetBeach201506010400_Turbidity];[CalumetBeach201505310500_Water_Temperature]]
2025-10-15 19:26:10.814,23.393,63rd_WaterTempDrop_85,atomic,[63rd_WaterTempDrop_85],[1.0000],1,1,1.0000,[[63rdStreetBeach201506010500_Water_Temperature]]
2025-10-15 19:26:10.814,23.393,Calumet_WaterTempDrop_85,atomic,[Calumet_WaterTempDrop_85],[1.0000],1,1,1.0000,[[CalumetBeach201506010500_Water_Temperature]]
2025-10-15 19:26:10.876,23.455,63rd_WaterTempDrop_85,atomic,[63rd_WaterTempDrop_85],[1.0000],1,1,1.0000,[[63rdStreetBeach201506010600_Water_Temperature]]
2025-10-15 19:26:10.876,23.455,Calumet_WaterTempDrop_85,atomic,[Calumet_WaterTempDrop_85],[1.0000],1,1,1.0000,[[CalumetBeach201506010600_Water_Temperature]]
2025-10-15 19:26:10.940,23.519,Calumet_WaterTempDrop_85,atomic,[Calumet_WaterTempDrop_85],[1.0000],1,1,1.0000,[[CalumetBeach201506010700_Water_Temperature]]
2025-10-15 19:26:11.002,23.581,Calumet_WaterTempDrop_85,atomic,[Calumet_WaterTempDrop_85],[1.0000],1,1,1.0000,[[CalumetBeach201506010800_Water_Temperature]]
2025-10-15 19:26:11.064,23.643,Calumet_WaterTempDrop_85,atomic,[Calumet_WaterTempDrop_85],[1.0000],1,1,1.0000,[[CalumetBeach201506010900_Water_Temperature]]
2025-10-15 19:26:11.127,23.706,63rd_WaterTempDrop_85,atomic,[63rd_WaterTempDrop_85],[1.0000],1,1,1.0000,[[63rdStreetBeach201506011000_Water_Temperature]]
2025-10-15 19:26:11.127,23.706,Calumet_WaterTempDrop_85,atomic,[Calumet_WaterTempDrop_85],[1.0000],1,1,1.0000,[[CalumetBeach201506011000_Water_Temperature]]
2025-10-15 19:26:11.188,23.767,63rd_WaterTempDrop_85,atomic,[63rd_WaterTempDrop_85],[1.0000],1,1,1.0000,[[63rdStreetBeach201506011100_Water_Temperature]]
2025-10-15 19:26:11.188,23.767,63rd_HighWave_85,atomic,[63rd_HighWave_85],[1.0000],1,1,1.0000,[[63rdStreetBeach201506011100_Wave_Height]]
2025-10-15 19:26:11.189,23.768,Calumet_WaterTempDrop_85,atomic,[Calumet_WaterTempDrop_85],[1.0000],1,1,1.0000,[[CalumetBeach201506011100_Water_Temperature]]
2025-10-15 19:26:11.250,23.829,Calumet_WaterTempDrop_85,atomic,[Calumet_WaterTempDrop_85],[1.0000],1,1,1.0000,[[CalumetBeach201506011200_Water_Temperature]]
2025-10-15 19:26:11.313,23.892,Calumet_HighTurbidity_85,atomic,[Calumet_HighTurbidity_85],[0.8771],1,1,0.8771,[[CalumetBeach201506011300_Turbidity]]
2025-10-15 19:26:11.313,23.892,Calumet_LocalAlert_85,complex,[Calumet_HighTurbidity_85;Calumet_WaterTempDrop_85],[0.8771;1.0000],2,2,0.9386,[[CalumetBeach201506011300_Turbidity];[CalumetBeach201506010500_Water_Temperature]]
2025-10-15 19:26:11.313,23.892,Calumet_WaterTempDrop_85,atomic,[Calumet_WaterTempDrop_85],[1.0000],1,1,1.0000,[[CalumetBeach201506011300_Water_Temperature]]
2025-10-15 19:26:11.375,23.954,Calumet_HighTurbidity_85,atomic,[Calumet_HighTurbidity_85],[0.8635],1,1,0.8635,[[CalumetBeach201506011400_Turbidity]]
2025-10-15 19:26:11.375,23.954,Calumet_LocalAlert_85,complex,[Calumet_HighTurbidity_85;Calumet_WaterTempDrop_85],[0.8635;1.0000],2,2,0.9317,[[CalumetBeach201506011400_Turbidity];[CalumetBeach201506011300_Water_Temperature]]
2025-10-15 19:26:11.375,23.954,63rd_WaterTempDrop_85,atomic,[63rd_WaterTempDrop_85],[0.9733],1,1,0.9733,[[63rdStreetBeach201506011400_Water_Temperature]]
2025-10-15 19:26:11.377,23.956,Calumet_WaterTempDrop_85,atomic,[Calumet_WaterTempDrop_85],[1.0000],1,1,1.0000,[[CalumetBeach201506011400_Water_Temperature]]
2025-10-15 19:26:11.377,23.956,63rd_HighWave_85,atomic,[63rd_HighWave_85],[1.0000],1,1,1.0000,[[63rdStreetBeach201506011400_Wave_Height]]
2025-10-15 19:26:11.438,24.017,63rd_WaterTempDrop_85,atomic,[63rd_WaterTempDrop_85],[1.0000],1,1,1.0000,[[63rdStreetBeach201506011500_Water_Temperature]]
2025-10-15 19:26:11.438,24.017,Calumet_WaterTempDrop_85,atomic,[Calumet_WaterTempDrop_85],[1.0000],1,1,1.0000,[[CalumetBeach201506011500_Water_Temperature]]
2025-10-15 19:26:11.500,24.079,Calumet_WaterTempDrop_85,atomic,[Calumet_WaterTempDrop_85],[1.0000],1,1,1.0000,[[CalumetBeach201506011600_Water_Temperature]]
2025-10-15 19:26:11.563,24.142,Calumet_WaterTempDrop_85,atomic,[Calumet_WaterTempDrop_85],[0.9734],1,1,0.9734,[[CalumetBeach201506011700_Water_Temperature]]
2025-10-15 19:26:11.563,24.142,63rd_WaterTempDrop_85,atomic,[63rd_WaterTempDrop_85],[1.0000],1,1,1.0000,[[63rdStreetBeach201506011700_Water_Temperature]]
2025-10-15 19:26:11.564,24.143,63rd_HighWave_85,atomic,[63rd_HighWave_85],[1.0000],1,1,1.0000,[[63rdStreetBeach201506011700_Wave_Height]]
2025-10-15 19:26:11.621,24.200,Calumet_WaterTempDrop_85,atomic,[Calumet_WaterTempDrop_85],[0.9700],1,1,0.9700,[[CalumetBeach201506011800_Water_Temperature]]
2025-10-15 19:26:11.683,24.262,Calumet_WaterTempDrop_85,atomic,[Calumet_WaterTempDrop_85],[1.0000],1,1,1.0000,[[CalumetBeach201506011900_Water_Temperature]]
2025-10-15 19:26:11.685,24.264,63rd_WaterTempDrop_85,atomic,[63rd_WaterTempDrop_85],[1.0000],1,1,1.0000,[[63rdStreetBeach201506011900_Water_Temperature]]
2025-10-15 19:26:11.746,24.325,63rd_WaterTempDrop_85,atomic,[63rd_WaterTempDrop_85],[1.0000],1,1,1.0000,[[63rdStreetBeach201506012000_Water_Temperature]]
2025-10-15 19:26:11.746,24.325,Calumet_WaterTempDrop_85,atomic,[Calumet_WaterTempDrop_85],[1.0000],1,1,1.0000,[[CalumetBeach201506012000_Water_Temperature]]
2025-10-15 19:26:11.809,24.388,63rd_HighWave_85,atomic,[63rd_HighWave_85],[0.8503],1,1,0.8503,[[63rdStreetBeach201506012100_Wave_Height]]
2025-10-15 19:26:11.809,24.388,63rd_WaterTempDrop_85,atomic,[63rd_WaterTempDrop_85],[1.0000],1,1,1.0000,[[63rdStreetBeach201506012100_Water_Temperature]]
2025-10-15 19:26:11.810,24.389,Calumet_WaterTempDrop_85,atomic,[Calumet_WaterTempDrop_85],[1.0000],1,1,1.0000,[[CalumetBeach201506012100_Water_Temperature]]
2025-10-15 19:26:11.870,24.449,Calumet_WaterTempDrop_85,atomic,[Calumet_WaterTempDrop_85],[0.9691],1,1,0.9691,[[CalumetBeach201506012200_Water_Temperature]]
2025-10-15 19:26:11.870,24.449,63rd_WaterTempDrop_85,atomic,[63rd_WaterTempDrop_85],[1.0000],1,1,1.0000,[[63rdStreetBeach201506012200_Water_Temperature]]
2025-10-15 19:26:11.928,24.507,Calumet_WaterTempDrop_85,atomic,[Calumet_WaterTempDrop_85],[1.0000],1,1,1.0000,[[CalumetBeach201506012300_Water_Temperature]]
2025-10-15 19:26:11.993,24.572,63rd_HighWave_85,atomic,[63rd_HighWave_85],[0.8521],1,1,0.8521,[[63rdStreetBeach201506022400_Wave_Height]]
2025-10-15 19:26:11.993,24.572,63rd_WaterTempDrop_85,atomic,[63rd_WaterTempDrop_85],[1.0000],1,1,1.0000,[[63rdStreetBeach201506022400_Water_Temperature]]
2025-10-15 19:26:11.993,24.572,Calumet_WaterTempDrop_85,atomic,[Calumet_WaterTempDrop_85],[1.0000],1,1,1.0000,[[CalumetBeach201506022400_Water_Temperature]]
2025-10-15 19:26:12.053,24.632,Calumet_WaterTempDrop_85,atomic,[Calumet_WaterTempDrop_85],[1.0000],1,1,1.0000,[[CalumetBeach201506020100_Water_Temperature]]
2025-10-15 19:26:12.118,24.697,63rd_WaterTempDrop_85,atomic,[63rd_WaterTempDrop_85],[1.0000],1,1,1.0000,[[63rdStreetBeach201506020200_Water_Temperature]]
2025-10-15 19:26:12.119,24.698,Calumet_WaterTempDrop_85,atomic,[Calumet_WaterTempDrop_85],[1.0000],1,1,1.0000,[[CalumetBeach201506020200_Water_Temperature]]
2025-10-15 19:26:12.180,24.759,63rd_WaterTempDrop_85,atomic,[63rd_WaterTempDrop_85],[1.0000],1,1,1.0000,[[63rdStreetBeach201506020300_Water_Temperature]]
2025-10-15 19:26:12.180,24.759,Calumet_WaterTempDrop_85,atomic,[Calumet_WaterTempDrop_85],[1.0000],1,1,1.0000,[[CalumetBeach201506020300_Water_Temperature]]
2025-10-15 19:26:12.243,24.822,Calumet_WaterTempDrop_85,atomic,[Calumet_WaterTempDrop_85],[1.0000],1,1,1.0000,[[CalumetBeach201506020400_Water_Temperature]]
2025-10-15 19:26:12.245,24.824,63rd_WaterTempDrop_85,atomic,[63rd_WaterTempDrop_85],[1.0000],1,1,1.0000,[[63rdStreetBeach201506020400_Water_Temperature]]
2025-10-15 19:26:12.303,24.882,Calumet_WaterTempDrop_85,atomic,[Calumet_WaterTempDrop_85],[1.0000],1,1,1.0000,[[CalumetBeach201506020500_Water_Temperature]]
2025-10-15 19:26:12.369,24.948,Calumet_WaterTempDrop_85,atomic,[Calumet_WaterTempDrop_85],[1.0000],1,1,1.0000,[[CalumetBeach201506020600_Water_Temperature]]
2025-10-15 19:26:12.369,24.948,63rd_WaterTempDrop_85,atomic,[63rd_WaterTempDrop_85],[1.0000],1,1,1.0000,[[63rdStreetBeach201506020600_Water_Temperature]]
2025-10-15 19:26:12.429,25.008,Calumet_WaterTempDrop_85,atomic,[Calumet_WaterTempDrop_85],[1.0000],1,1,1.0000,[[CalumetBeach201506020700_Water_Temperature]]
2025-10-15 19:26:12.430,25.009,63rd_WaterTempDrop_85,atomic,[63rd_WaterTempDrop_85],[1.0000],1,1,1.0000,[[63rdStreetBeach201506020700_Water_Temperature]]
2025-10-15 19:26:12.491,25.070,63rd_WaterTempDrop_85,atomic,[63rd_WaterTempDrop_85],[1.0000],1,1,1.0000,[[63rdStreetBeach201506020800_Water_Temperature]]
2025-10-15 19:26:12.492,25.071,Calumet_WaterTempDrop_85,atomic,[Calumet_WaterTempDrop_85],[1.0000],1,1,1.0000,[[CalumetBeach201506020800_Water_Temperature]]
2025-10-15 19:26:12.552,25.131,63rd_WaterTempDrop_85,atomic,[63rd_WaterTempDrop_85],[1.0000],1,1,1.0000,[[63rdStreetBeach201506020900_Water_Temperature]]
2025-10-15 19:26:12.553,25.132,Calumet_WaterTempDrop_85,atomic,[Calumet_WaterTempDrop_85],[1.0000],1,1,1.0000,[[CalumetBeach201506020900_Water_Temperature]]
2025-10-15 19:26:12.614,25.193,Calumet_WaterTempDrop_85,atomic,[Calumet_WaterTempDrop_85],[0.9726],1,1,0.9726,[[CalumetBeach201506021000_Water_Temperature]]
2025-10-15 19:26:12.678,25.257,63rd_WaterTempDrop_85,atomic,[63rd_WaterTempDrop_85],[0.9732],1,1,0.9732,[[63rdStreetBeach201506021100_Water_Temperature]]
2025-10-15 19:26:12.680,25.259,Calumet_WaterTempDrop_85,atomic,[Calumet_WaterTempDrop_85],[1.0000],1,1,1.0000,[[CalumetBeach201506021100_Water_Temperature]]
2025-10-15 19:26:12.683,25.262,Montrose_WaterTempDrop_85,atomic,[Montrose_WaterTempDrop_85],[1.0000],1,1,1.0000,[[MontroseBeach201506021100_Water_Temperature]]
2025-10-15 19:26:12.741,25.320,Calumet_WaterTempDrop_85,atomic,[Calumet_WaterTempDrop_85],[1.0000],1,1,1.0000,[[CalumetBeach201506021200_Water_Temperature]]
2025-10-15 19:26:12.741,25.320,63rd_WaterTempDrop_85,atomic,[63rd_WaterTempDrop_85],[1.0000],1,1,1.0000,[[63rdStreetBeach201506021200_Water_Temperature]]
2025-10-15 19:26:12.801,25.380,Montrose_WaterTempDrop_85,atomic,[Montrose_WaterTempDrop_85],[0.9732],1,1,0.9732,[[MontroseBeach201506021300_Water_Temperature]]
2025-10-15 19:26:12.804,25.383,Calumet_WaterTempDrop_85,atomic,[Calumet_WaterTempDrop_85],[1.0000],1,1,1.0000,[[CalumetBeach201506021300_Water_Temperature]]
2025-10-15 19:26:12.806,25.385,63rd_WaterTempDrop_85,atomic,[63rd_WaterTempDrop_85],[1.0000],1,1,1.0000,[[63rdStreetBeach201506021300_Water_Temperature]]
2025-10-15 19:26:12.866,25.445,Calumet_WaterTempDrop_85,atomic,[Calumet_WaterTempDrop_85],[1.0000],1,1,1.0000,[[CalumetBeach201506021400_Water_Temperature]]
2025-10-15 19:26:12.866,25.445,Montrose_WaterTempDrop_85,atomic,[Montrose_WaterTempDrop_85],[1.0000],1,1,1.0000,[[MontroseBeach201506021400_Water_Temperature]]
2025-10-15 19:26:12.867,25.446,63rd_WaterTempDrop_85,atomic,[63rd_WaterTempDrop_85],[0.9707],1,1,0.9707,[[63rdStreetBeach201506021400_Water_Temperature]]
2025-10-15 19:26:12.923,25.502,Calumet_WaterTempDrop_85,atomic,[Calumet_WaterTempDrop_85],[1.0000],1,1,1.0000,[[CalumetBeach201506021500_Water_Temperature]]
2025-10-15 19:26:12.985,25.564,63rd_WaterTempDrop_85,atomic,[63rd_WaterTempDrop_85],[0.9670],1,1,0.9670,[[63rdStreetBeach201506021600_Water_Temperature]]
2025-10-15 19:26:12.985,25.564,Calumet_WaterTempDrop_85,atomic,[Calumet_WaterTempDrop_85],[0.9718],1,1,0.9718,[[CalumetBeach201506021600_Water_Temperature]]
2025-10-15 19:26:13.045,25.624,Calumet_WaterTempDrop_85,atomic,[Calumet_WaterTempDrop_85],[1.0000],1,1,1.0000,[[CalumetBeach201506021700_Water_Temperature]]
2025-10-15 19:26:13.108,25.687,Montrose_WaterTempDrop_85,atomic,[Montrose_WaterTempDrop_85],[0.9702],1,1,0.9702,[[MontroseBeach201506021800_Water_Temperature]]
2025-10-15 19:26:13.109,25.688,63rd_WaterTempDrop_85,atomic,[63rd_WaterTempDrop_85],[1.0000],1,1,1.0000,[[63rdStreetBeach201506021800_Water_Temperature]]
2025-10-15 19:26:13.111,25.690,Calumet_WaterTempDrop_85,atomic,[Calumet_WaterTempDrop_85],[1.0000],1,1,1.0000,[[CalumetBeach201506021800_Water_Temperature]]
2025-10-15 19:26:13.168,25.747,Calumet_WaterTempDrop_85,atomic,[Calumet_WaterTempDrop_85],[0.9698],1,1,0.9698,[[CalumetBeach201506021900_Water_Temperature]]
2025-10-15 19:26:13.169,25.748,Montrose_WaterTempDrop_85,atomic,[Montrose_WaterTempDrop_85],[1.0000],1,1,1.0000,[[MontroseBeach201506021900_Water_Temperature]]
2025-10-15 19:26:13.232,25.811,63rd_WaterTempDrop_85,atomic,[63rd_WaterTempDrop_85],[0.9647],1,1,0.9647,[[63rdStreetBeach201506022000_Water_Temperature]]
2025-10-15 19:26:13.234,25.813,Calumet_WaterTempDrop_85,atomic,[Calumet_WaterTempDrop_85],[0.9659],1,1,0.9659,[[CalumetBeach201506022000_Water_Temperature]]
2025-10-15 19:26:13.234,25.813,Montrose_WaterTempDrop_85,atomic,[Montrose_WaterTempDrop_85],[1.0000],1,1,1.0000,[[MontroseBeach201506022000_Water_Temperature]]
2025-10-15 19:26:13.295,25.874,Calumet_WaterTempDrop_85,atomic,[Calumet_WaterTempDrop_85],[1.0000],1,1,1.0000,[[CalumetBeach201506022100_Water_Temperature]]
2025-10-15 19:26:13.295,25.874,63rd_WaterTempDrop_85,atomic,[63rd_WaterTempDrop_85],[1.0000],1,1,1.0000,[[63rdStreetBeach201506022100_Water_Temperature]]
2025-10-15 19:26:13.296,25.875,Montrose_WaterTempDrop_85,atomic,[Montrose_WaterTempDrop_85],[1.0000],1,1,1.0000,[[MontroseBeach201506022100_Water_Temperature]]
2025-10-15 19:26:13.355,25.934,Montrose_WaterTempDrop_85,atomic,[Montrose_WaterTempDrop_85],[0.9692],1,1,0.9692,[[MontroseBeach201506022200_Water_Temperature]]
2025-10-15 19:26:13.356,25.935,Calumet_WaterTempDrop_85,atomic,[Calumet_WaterTempDrop_85],[0.9639],1,1,0.9639,[[CalumetBeach201506022200_Water_Temperature]]
2025-10-15 19:26:13.358,25.937,63rd_WaterTempDrop_85,atomic,[63rd_WaterTempDrop_85],[1.0000],1,1,1.0000,[[63rdStreetBeach201506022200_Water_Temperature]]
2025-10-15 19:26:13.359,25.938,63rd_HighTurbidity_85,atomic,[63rd_HighTurbidity_85],[1.0000],1,1,1.0000,[[63rdStreetBeach201506022200_Turbidity]]
2025-10-15 19:26:13.359,25.938,63rd_LocalAlert_85,complex,[63rd_HighTurbidity_85;63rd_WaterTempDrop_85],[1.0000;1.0000],2,2,1.0000,[[63rdStreetBeach201506022200_Turbidity];[63rdStreetBeach201505302200_Water_Temperature]]
2025-10-15 19:26:13.359,25.938,CalumetTo63rd_AlertSpread_85,complex,[Calumet_LocalAlert_85;63rd_LocalAlert_85],[1.0000;1.0000],4,4,1.0000,[[CalumetBeach201505310400_Turbidity];[CalumetBeach201505302000_Water_Temperature];[63rdStreetBeach201506022200_Turbidity];[63rdStreetBeach201505302200_Water_Temperature]]
2025-10-15 19:26:13.421,26.000,Calumet_WaterTempDrop_85,atomic,[Calumet_WaterTempDrop_85],[1.0000],1,1,1.0000,[[CalumetBeach201506022300_Water_Temperature]]
2025-10-15 19:26:13.421,26.000,Montrose_WaterTempDrop_85,atomic,[Montrose_WaterTempDrop_85],[1.0000],1,1,1.0000,[[MontroseBeach201506022300_Water_Temperature]]
2025-10-15 19:26:13.421,26.000,63rd_WaterTempDrop_85,atomic,[63rd_WaterTempDrop_85],[1.0000],1,1,1.0000,[[63rdStreetBeach201506022300_Water_Temperature]]
2025-10-15 19:26:13.479,26.058,Montrose_WaterTempDrop_85,atomic,[Montrose_WaterTempDrop_85],[1.0000],1,1,1.0000,[[MontroseBeach201506032400_Water_Temperature]]
2025-10-15 19:26:13.481,26.060,63rd_WaterTempDrop_85,atomic,[63rd_WaterTempDrop_85],[1.0000],1,1,1.0000,[[63rdStreetBeach201506032400_Water_Temperature]]
2025-10-15 19:26:13.543,26.122,Calumet_WaterTempDrop_85,atomic,[Calumet_WaterTempDrop_85],[1.0000],1,1,1.0000,[[CalumetBeach201506030100_Water_Temperature]]
2025-10-15 19:26:13.543,26.122,Montrose_WaterTempDrop_85,atomic,[Montrose_WaterTempDrop_85],[0.9678],1,1,0.9678,[[MontroseBeach201506030100_Water_Temperature]]
2025-10-15 19:26:13.607,26.186,Montrose_WaterTempDrop_85,atomic,[Montrose_WaterTempDrop_85],[1.0000],1,1,1.0000,[[MontroseBeach201506030200_Water_Temperature]]
2025-10-15 19:26:13.608,26.187,Calumet_WaterTempDrop_85,atomic,[Calumet_WaterTempDrop_85],[1.0000],1,1,1.0000,[[CalumetBeach201506030200_Water_Temperature]]
2025-10-15 19:26:13.667,26.246,Calumet_WaterTempDrop_85,atomic,[Calumet_WaterTempDrop_85],[0.9660],1,1,0.9660,[[CalumetBeach201506030300_Water_Temperature]]
2025-10-15 19:26:13.669,26.248,63rd_WaterTempDrop_85,atomic,[63rd_WaterTempDrop_85],[1.0000],1,1,1.0000,[[63rdStreetBeach201506030300_Water_Temperature]]
2025-10-15 19:26:13.671,26.250,Montrose_WaterTempDrop_85,atomic,[Montrose_WaterTempDrop_85],[1.0000],1,1,1.0000,[[MontroseBeach201506030300_Water_Temperature]]
2025-10-15 19:26:13.730,26.309,Calumet_WaterTempDrop_85,atomic,[Calumet_WaterTempDrop_85],[1.0000],1,1,1.0000,[[CalumetBeach201506030400_Water_Temperature]]
2025-10-15 19:26:13.733,26.312,63rd_WaterTempDrop_85,atomic,[63rd_WaterTempDrop_85],[1.0000],1,1,1.0000,[[63rdStreetBeach201506030400_Water_Temperature]]
2025-10-15 19:26:13.793,26.372,63rd_WaterTempDrop_85,atomic,[63rd_WaterTempDrop_85],[1.0000],1,1,1.0000,[[63rdStreetBeach201506030500_Water_Temperature]]
2025-10-15 19:26:13.856,26.435,63rd_WaterTempDrop_85,atomic,[63rd_WaterTempDrop_85],[0.9703],1,1,0.9703,[[63rdStreetBeach201506031100_Water_Temperature]]
2025-10-15 19:26:13.857,26.436,Calumet_WaterTempDrop_85,atomic,[Calumet_WaterTempDrop_85],[1.0000],1,1,1.0000,[[CalumetBeach201506031100_Water_Temperature]]
2025-10-15 19:26:13.921,26.500,Calumet_WaterTempDrop_85,atomic,[Calumet_WaterTempDrop_85],[0.9659],1,1,0.9659,[[CalumetBeach201506031200_Water_Temperature]]
2025-10-15 19:26:13.922,26.501,63rd_WaterTempDrop_85,atomic,[63rd_WaterTempDrop_85],[1.0000],1,1,1.0000,[[63rdStreetBeach201506031200_Water_Temperature]]
2025-10-15 19:26:13.923,26.502,Montrose_WaterTempDrop_85,atomic,[Montrose_WaterTempDrop_85],[1.0000],1,1,1.0000,[[MontroseBeach201506031200_Water_Temperature]]
2025-10-15 19:26:13.983,26.562,Montrose_WaterTempDrop_85,atomic,[Montrose_WaterTempDrop_85],[1.0000],1,1,1.0000,[[MontroseBeach201506031300_Water_Temperature]]
2025-10-15 19:26:13.984,26.563,Calumet_WaterTempDrop_85,atomic,[Calumet_WaterTempDrop_85],[1.0000],1,1,1.0000,[[CalumetBeach201506031300_Water_Temperature]]
2025-10-15 19:26:13.985,26.564,63rd_WaterTempDrop_85,atomic,[63rd_WaterTempDrop_85],[1.0000],1,1,1.0000,[[63rdStreetBeach201506031300_Water_Temperature]]
2025-10-15 19:26:14.045,26.624,Montrose_WaterTempDrop_85,atomic,[Montrose_WaterTempDrop_85],[0.9691],1,1,0.9691,[[MontroseBeach201506031400_Water_Temperature]]
2025-10-15 19:26:14.047,26.626,Calumet_WaterTempDrop_85,atomic,[Calumet_WaterTempDrop_85],[1.0000],1,1,1.0000,[[CalumetBeach201506031400_Water_Temperature]]
2025-10-15 19:26:14.048,26.627,63rd_WaterTempDrop_85,atomic,[63rd_WaterTempDrop_85],[1.0000],1,1,1.0000,[[63rdStreetBeach201506031400_Water_Temperature]]
2025-10-15 19:26:14.106,26.685,Calumet_WaterTempDrop_85,atomic,[Calumet_WaterTempDrop_85],[0.9658],1,1,0.9658,[[CalumetBeach201506031500_Water_Temperature]]
2025-10-15 19:26:14.108,26.687,63rd_WaterTempDrop_85,atomic,[63rd_WaterTempDrop_85],[1.0000],1,1,1.0000,[[63rdStreetBeach201506031500_Water_Temperature]]
2025-10-15 19:26:14.110,26.689,Montrose_WaterTempDrop_85,atomic,[Montrose_WaterTempDrop_85],[1.0000],1,1,1.0000,[[MontroseBeach201506031500_Water_Temperature]]
2025-10-15 19:26:14.170,26.749,Calumet_WaterTempDrop_85,atomic,[Calumet_WaterTempDrop_85],[0.9617],1,1,0.9617,[[CalumetBeach201506031600_Water_Temperature]]
2025-10-15 19:26:14.170,26.749,Montrose_WaterTempDrop_85,atomic,[Montrose_WaterTempDrop_85],[1.0000],1,1,1.0000,[[MontroseBeach201506031600_Water_Temperature]]
2025-10-15 19:26:14.172,26.751,63rd_WaterTempDrop_85,atomic,[63rd_WaterTempDrop_85],[1.0000],1,1,1.0000,[[63rdStreetBeach201506031600_Water_Temperature]]
2025-10-15 19:26:14.233,26.812,63rd_WaterTempDrop_85,atomic,[63rd_WaterTempDrop_85],[0.9710],1,1,0.9710,[[63rdStreetBeach201506031700_Water_Temperature]]
2025-10-15 19:26:14.233,26.812,Montrose_WaterTempDrop_85,atomic,[Montrose_WaterTempDrop_85],[1.0000],1,1,1.0000,[[MontroseBeach201506031700_Water_Temperature]]
2025-10-15 19:26:14.235,26.814,Calumet_WaterTempDrop_85,atomic,[Calumet_WaterTempDrop_85],[1.0000],1,1,1.0000,[[CalumetBeach201506031700_Water_Temperature]]
2025-10-15 19:26:14.296,26.875,Montrose_WaterTempDrop_85,atomic,[Montrose_WaterTempDrop_85],[1.0000],1,1,1.0000,[[MontroseBeach201506031800_Water_Temperature]]
2025-10-15 19:26:14.298,26.877,63rd_WaterTempDrop_85,atomic,[63rd_WaterTempDrop_85],[1.0000],1,1,1.0000,[[63rdStreetBeach201506031800_Water_Temperature]]
2025-10-15 19:26:14.300,26.879,Calumet_WaterTempDrop_85,atomic,[Calumet_WaterTempDrop_85],[1.0000],1,1,1.0000,[[CalumetBeach201506031800_Water_Temperature]]
2025-10-15 19:26:14.360,26.939,63rd_WaterTempDrop_85,atomic,[63rd_WaterTempDrop_85],[1.0000],1,1,1.0000,[[63rdStreetBeach201506031900_Water_Temperature]]
2025-10-15 19:26:14.361,26.940,Calumet_WaterTempDrop_85,atomic,[Calumet_WaterTempDrop_85],[1.0000],1,1,1.0000,[[CalumetBeach201506031900_Water_Temperature]]
2025-10-15 19:26:14.361,26.940,Montrose_WaterTempDrop_85,atomic,[Montrose_WaterTempDrop_85],[1.0000],1,1,1.0000,[[MontroseBeach201506031900_Water_Temperature]]
2025-10-15 19:26:14.423,27.002,63rd_WaterTempDrop_85,atomic,[63rd_WaterTempDrop_85],[1.0000],1,1,1.0000,[[63rdStreetBeach201506032000_Water_Temperature]]
2025-10-15 19:26:14.424,27.003,Montrose_WaterTempDrop_85,atomic,[Montrose_WaterTempDrop_85],[1.0000],1,1,1.0000,[[MontroseBeach201506032000_Water_Temperature]]
2025-10-15 19:26:14.424,27.003,Calumet_WaterTempDrop_85,atomic,[Calumet_WaterTempDrop_85],[1.0000],1,1,1.0000,[[CalumetBeach201506032000_Water_Temperature]]
2025-10-15 19:26:14.483,27.062,63rd_WaterTempDrop_85,atomic,[63rd_WaterTempDrop_85],[1.0000],1,1,1.0000,[[63rdStreetBeach201506032100_Water_Temperature]]
2025-10-15 19:26:14.485,27.064,Montrose_WaterTempDrop_85,atomic,[Montrose_WaterTempDrop_85],[1.0000],1,1,1.0000,[[MontroseBeach201506032100_Water_Temperature]]
2025-10-15 19:26:14.486,27.065,Calumet_WaterTempDrop_85,atomic,[Calumet_WaterTempDrop_85],[1.0000],1,1,1.0000,[[CalumetBeach201506032100_Water_Temperature]]
2025-10-15 19:26:14.543,27.122,63rd_WaterTempDrop_85,atomic,[63rd_WaterTempDrop_85],[1.0000],1,1,1.0000,[[63rdStreetBeach201506032200_Water_Temperature]]
2025-10-15 19:26:14.545,27.124,Montrose_WaterTempDrop_85,atomic,[Montrose_WaterTempDrop_85],[1.0000],1,1,1.0000,[[MontroseBeach201506032200_Water_Temperature]]
2025-10-15 19:26:14.546,27.125,Calumet_WaterTempDrop_85,atomic,[Calumet_WaterTempDrop_85],[1.0000],1,1,1.0000,[[CalumetBeach201506032200_Water_Temperature]]
2025-10-15 19:26:14.607,27.186,Montrose_WaterTempDrop_85,atomic,[Montrose_WaterTempDrop_85],[1.0000],1,1,1.0000,[[MontroseBeach201506032300_Water_Temperature]]
2025-10-15 19:26:14.609,27.188,63rd_WaterTempDrop_85,atomic,[63rd_WaterTempDrop_85],[1.0000],1,1,1.0000,[[63rdStreetBeach201506032300_Water_Temperature]]
2025-10-15 19:26:14.609,27.188,Calumet_WaterTempDrop_85,atomic,[Calumet_WaterTempDrop_85],[1.0000],1,1,1.0000,[[CalumetBeach201506032300_Water_Temperature]]
2025-10-15 19:26:14.669,27.248,Calumet_WaterTempDrop_85,atomic,[Calumet_WaterTempDrop_85],[1.0000],1,1,1.0000,[[CalumetBeach201506042400_Water_Temperature]]
2025-10-15 19:26:14.670,27.249,63rd_WaterTempDrop_85,atomic,[63rd_WaterTempDrop_85],[1.0000],1,1,1.0000,[[63rdStreetBeach201506042400_Water_Temperature]]
2025-10-15 19:26:14.671,27.250,Montrose_WaterTempDrop_85,atomic,[Montrose_WaterTempDrop_85],[1.0000],1,1,1.0000,[[MontroseBeach201506042400_Water_Temperature]]
2025-10-15 19:26:14.729,27.308,Calumet_WaterTempDrop_85,atomic,[Calumet_WaterTempDrop_85],[1.0000],1,1,1.0000,[[CalumetBeach201506040100_Water_Temperature]]
2025-10-15 19:26:14.732,27.311,63rd_WaterTempDrop_85,atomic,[63rd_WaterTempDrop_85],[1.0000],1,1,1.0000,[[63rdStreetBeach201506040100_Water_Temperature]]
2025-10-15 19:26:14.733,27.312,Montrose_WaterTempDrop_85,atomic,[Montrose_WaterTempDrop_85],[1.0000],1,1,1.0000,[[MontroseBeach201506040100_Water_Temperature]]
2025-10-15 19:26:14.790,27.369,Montrose_WaterTempDrop_85,atomic,[Montrose_WaterTempDrop_85],[1.0000],1,1,1.0000,[[MontroseBeach201506040200_Water_Temperature]]
2025-10-15 19:26:14.792,27.371,Calumet_WaterTempDrop_85,atomic,[Calumet_WaterTempDrop_85],[1.0000],1,1,1.0000,[[CalumetBeach201506040200_Water_Temperature]]
2025-10-15 19:26:14.794,27.373,63rd_WaterTempDrop_85,atomic,[63rd_WaterTempDrop_85],[1.0000],1,1,1.0000,[[63rdStreetBeach201506040200_Water_Temperature]]
2025-10-15 19:26:14.852,27.431,63rd_WaterTempDrop_85,atomic,[63rd_WaterTempDrop_85],[0.9725],1,1,0.9725,[[63rdStreetBeach201506040300_Water_Temperature]]
2025-10-15 19:26:14.855,27.434,Montrose_WaterTempDrop_85,atomic,[Montrose_WaterTempDrop_85],[1.0000],1,1,1.0000,[[MontroseBeach201506040300_Water_Temperature]]
2025-10-15 19:26:14.855,27.434,Calumet_WaterTempDrop_85,atomic,[Calumet_WaterTempDrop_85],[1.0000],1,1,1.0000,[[CalumetBeach201506040300_Water_Temperature]]
2025-10-15 19:26:14.917,27.496,63rd_WaterTempDrop_85,atomic,[63rd_WaterTempDrop_85],[1.0000],1,1,1.0000,[[63rdStreetBeach201506040400_Water_Temperature]]
2025-10-15 19:26:14.918,27.497,Montrose_WaterTempDrop_85,atomic,[Montrose_WaterTempDrop_85],[1.0000],1,1,1.0000,[[MontroseBeach201506040400_Water_Temperature]]
2025-10-15 19:26:14.919,27.498,Calumet_WaterTempDrop_85,atomic,[Calumet_WaterTempDrop_85],[1.0000],1,1,1.0000,[[CalumetBeach201506040400_Water_Temperature]]
2025-10-15 19:26:14.980,27.559,Calumet_WaterTempDrop_85,atomic,[Calumet_WaterTempDrop_85],[1.0000],1,1,1.0000,[[CalumetBeach201506040500_Water_Temperature]]
2025-10-15 19:26:14.980,27.559,Montrose_WaterTempDrop_85,atomic,[Montrose_WaterTempDrop_85],[1.0000],1,1,1.0000,[[MontroseBeach201506040500_Water_Temperature]]
2025-10-15 19:26:14.983,27.562,63rd_WaterTempDrop_85,atomic,[63rd_WaterTempDrop_85],[1.0000],1,1,1.0000,[[63rdStreetBeach201506040500_Water_Temperature]]
2025-10-15 19:26:15.040,27.619,Calumet_WaterTempDrop_85,atomic,[Calumet_WaterTempDrop_85],[1.0000],1,1,1.0000,[[CalumetBeach201506040600_Water_Temperature]]
2025-10-15 19:26:15.043,27.622,Montrose_WaterTempDrop_85,atomic,[Montrose_WaterTempDrop_85],[1.0000],1,1,1.0000,[[MontroseBeach201506040600_Water_Temperature]]
2025-10-15 19:26:15.044,27.623,63rd_WaterTempDrop_85,atomic,[63rd_WaterTempDrop_85],[1.0000],1,1,1.0000,[[63rdStreetBeach201506040600_Water_Temperature]]
2025-10-15 19:26:15.106,27.685,63rd_WaterTempDrop_85,atomic,[63rd_WaterTempDrop_85],[1.0000],1,1,1.0000,[[63rdStreetBeach201506040700_Water_Temperature]]
2025-10-15 19:26:15.107,27.686,Montrose_WaterTempDrop_85,atomic,[Montrose_WaterTempDrop_85],[1.0000],1,1,1.0000,[[MontroseBeach201506040700_Water_Temperature]]
2025-10-15 19:26:15.108,27.687,Calumet_WaterTempDrop_85,atomic,[Calumet_WaterTempDrop_85],[1.0000],1,1,1.0000,[[CalumetBeach201506040700_Water_Temperature]]
2025-10-15 19:26:15.165,27.744,Calumet_WaterTempDrop_85,atomic,[Calumet_WaterTempDrop_85],[1.0000],1,1,1.0000,[[CalumetBeach201506040800_Water_Temperature]]
2025-10-15 19:26:15.166,27.745,63rd_WaterTempDrop_85,atomic,[63rd_WaterTempDrop_85],[0.9712],1,1,0.9712,[[63rdStreetBeach201506040800_Water_Temperature]]
2025-10-15 19:26:15.168,27.747,Montrose_WaterTempDrop_85,atomic,[Montrose_WaterTempDrop_85],[1.0000],1,1,1.0000,[[MontroseBeach201506040800_Water_Temperature]]
2025-10-15 19:26:15.230,27.809,Montrose_WaterTempDrop_85,atomic,[Montrose_WaterTempDrop_85],[1.0000],1,1,1.0000,[[MontroseBeach201506040900_Water_Temperature]]
2025-10-15 19:26:15.231,27.810,Calumet_WaterTempDrop_85,atomic,[Calumet_WaterTempDrop_85],[1.0000],1,1,1.0000,[[CalumetBeach201506040900_Water_Temperature]]
2025-10-15 19:26:15.233,27.812,63rd_WaterTempDrop_85,atomic,[63rd_WaterTempDrop_85],[1.0000],1,1,1.0000,[[63rdStreetBeach201506040900_Water_Temperature]]
2025-10-15 19:26:15.290,27.869,Calumet_WaterTempDrop_85,atomic,[Calumet_WaterTempDrop_85],[0.9732],1,1,0.9732,[[CalumetBeach201506041000_Water_Temperature]]
2025-10-15 19:26:15.293,27.872,Montrose_WaterTempDrop_85,atomic,[Montrose_WaterTempDrop_85],[1.0000],1,1,1.0000,[[MontroseBeach201506041000_Water_Temperature]]
2025-10-15 19:26:15.294,27.873,63rd_WaterTempDrop_85,atomic,[63rd_WaterTempDrop_85],[1.0000],1,1,1.0000,[[63rdStreetBeach201506041000_Water_Temperature]]
2025-10-15 19:26:15.353,27.932,Calumet_WaterTempDrop_85,atomic,[Calumet_WaterTempDrop_85],[0.9697],1,1,0.9697,[[CalumetBeach201506041100_Water_Temperature]]
2025-10-15 19:26:15.355,27.934,Montrose_WaterTempDrop_85,atomic,[Montrose_WaterTempDrop_85],[1.0000],1,1,1.0000,[[MontroseBeach201506041100_Water_Temperature]]
2025-10-15 19:26:15.356,27.935,63rd_WaterTempDrop_85,atomic,[63rd_WaterTempDrop_85],[1.0000],1,1,1.0000,[[63rdStreetBeach201506041100_Water_Temperature]]
2025-10-15 19:26:15.413,27.992,Calumet_WaterTempDrop_85,atomic,[Calumet_WaterTempDrop_85],[0.9658],1,1,0.9658,[[CalumetBeach201506041200_Water_Temperature]]
2025-10-15 19:26:15.418,27.997,Montrose_WaterTempDrop_85,atomic,[Montrose_WaterTempDrop_85],[1.0000],1,1,1.0000,[[MontroseBeach201506041200_Water_Temperature]]
2025-10-15 19:26:15.419,27.998,63rd_WaterTempDrop_85,atomic,[63rd_WaterTempDrop_85],[1.0000],1,1,1.0000,[[63rdStreetBeach201506041200_Water_Temperature]]
2025-10-15 19:26:15.477,28.056,Montrose_WaterTempDrop_85,atomic,[Montrose_WaterTempDrop_85],[1.0000],1,1,1.0000,[[MontroseBeach201506041300_Water_Temperature]]
2025-10-15 19:26:15.478,28.057,Calumet_WaterTempDrop_85,atomic,[Calumet_WaterTempDrop_85],[0.9614],1,1,0.9614,[[CalumetBeach201506041300_Water_Temperature]]
2025-10-15 19:26:15.478,28.057,63rd_WaterTempDrop_85,atomic,[63rd_WaterTempDrop_85],[1.0000],1,1,1.0000,[[63rdStreetBeach201506041300_Water_Temperature]]
2025-10-15 19:26:15.538,28.117,Montrose_WaterTempDrop_85,atomic,[Montrose_WaterTempDrop_85],[1.0000],1,1,1.0000,[[MontroseBeach201506041400_Water_Temperature]]
2025-10-15 19:26:15.539,28.118,Calumet_WaterTempDrop_85,atomic,[Calumet_WaterTempDrop_85],[1.0000],1,1,1.0000,[[CalumetBeach201506041400_Water_Temperature]]
2025-10-15 19:26:15.539,28.118,63rd_WaterTempDrop_85,atomic,[63rd_WaterTempDrop_85],[1.0000],1,1,1.0000,[[63rdStreetBeach201506041400_Water_Temperature]]
2025-10-15 19:26:15.602,28.181,Calumet_WaterTempDrop_85,atomic,[Calumet_WaterTempDrop_85],[1.0000],1,1,1.0000,[[CalumetBeach201506041500_Water_Temperature]]
2025-10-15 19:26:15.603,28.182,63rd_WaterTempDrop_85,atomic,[63rd_WaterTempDrop_85],[1.0000],1,1,1.0000,[[63rdStreetBeach201506041500_Water_Temperature]]
2025-10-15 19:26:15.603,28.182,Montrose_WaterTempDrop_85,atomic,[Montrose_WaterTempDrop_85],[1.0000],1,1,1.0000,[[MontroseBeach201506041500_Water_Temperature]]
2025-10-15 19:26:15.663,28.242,63rd_WaterTempDrop_85,atomic,[63rd_WaterTempDrop_85],[1.0000],1,1,1.0000,[[63rdStreetBeach201506041600_Water_Temperature]]
2025-10-15 19:26:15.664,28.243,Calumet_WaterTempDrop_85,atomic,[Calumet_WaterTempDrop_85],[1.0000],1,1,1.0000,[[CalumetBeach201506041600_Water_Temperature]]
2025-10-15 19:26:15.665,28.244,Montrose_WaterTempDrop_85,atomic,[Montrose_WaterTempDrop_85],[1.0000],1,1,1.0000,[[MontroseBeach201506041600_Water_Temperature]]
2025-10-15 19:26:15.726,28.305,63rd_WaterTempDrop_85,atomic,[63rd_WaterTempDrop_85],[0.9721],1,1,0.9721,[[63rdStreetBeach201506041700_Water_Temperature]]
2025-10-15 19:26:15.727,28.306,Calumet_WaterTempDrop_85,atomic,[Calumet_WaterTempDrop_85],[0.9644],1,1,0.9644,[[CalumetBeach201506041700_Water_Temperature]]
2025-10-15 19:26:15.728,28.307,Montrose_WaterTempDrop_85,atomic,[Montrose_WaterTempDrop_85],[1.0000],1,1,1.0000,[[MontroseBeach201506041700_Water_Temperature]]
2025-10-15 19:26:15.784,28.363,63rd_WaterTempDrop_85,atomic,[63rd_WaterTempDrop_85],[0.9685],1,1,0.9685,[[63rdStreetBeach201506041800_Water_Temperature]]
2025-10-15 19:26:15.786,28.365,Calumet_WaterTempDrop_85,atomic,[Calumet_WaterTempDrop_85],[0.9601],1,1,0.9601,[[CalumetBeach201506041800_Water_Temperature]]
2025-10-15 19:26:15.788,28.367,Montrose_WaterTempDrop_85,atomic,[Montrose_WaterTempDrop_85],[1.0000],1,1,1.0000,[[MontroseBeach201506041800_Water_Temperature]]
2025-10-15 19:26:15.848,28.427,Calumet_WaterTempDrop_85,atomic,[Calumet_WaterTempDrop_85],[0.9552],1,1,0.9552,[[CalumetBeach201506041900_Water_Temperature]]
2025-10-15 19:26:15.850,28.429,63rd_WaterTempDrop_85,atomic,[63rd_WaterTempDrop_85],[1.0000],1,1,1.0000,[[63rdStreetBeach201506041900_Water_Temperature]]
2025-10-15 19:26:15.853,28.432,Montrose_WaterTempDrop_85,atomic,[Montrose_WaterTempDrop_85],[1.0000],1,1,1.0000,[[MontroseBeach201506041900_Water_Temperature]]
2025-10-15 19:26:15.911,28.490,Calumet_WaterTempDrop_85,atomic,[Calumet_WaterTempDrop_85],[0.9499],1,1,0.9499,[[CalumetBeach201506042000_Water_Temperature]]
2025-10-15 19:26:15.911,28.490,63rd_WaterTempDrop_85,atomic,[63rd_WaterTempDrop_85],[1.0000],1,1,1.0000,[[63rdStreetBeach201506042000_Water_Temperature]]
2025-10-15 19:26:15.915,28.494,Montrose_WaterTempDrop_85,atomic,[Montrose_WaterTempDrop_85],[1.0000],1,1,1.0000,[[MontroseBeach201506042000_Water_Temperature]]
2025-10-15 19:26:15.974,28.553,Calumet_WaterTempDrop_85,atomic,[Calumet_WaterTempDrop_85],[1.0000],1,1,1.0000,[[CalumetBeach201506042100_Water_Temperature]]
2025-10-15 19:26:15.977,28.556,Montrose_WaterTempDrop_85,atomic,[Montrose_WaterTempDrop_85],[1.0000],1,1,1.0000,[[MontroseBeach201506042100_Water_Temperature]]
2025-10-15 19:26:15.978,28.557,63rd_WaterTempDrop_85,atomic,[63rd_WaterTempDrop_85],[1.0000],1,1,1.0000,[[63rdStreetBeach201506042100_Water_Temperature]]
2025-10-15 19:26:16.035,28.614,63rd_WaterTempDrop_85,atomic,[63rd_WaterTempDrop_85],[0.9683],1,1,0.9683,[[63rdStreetBeach201506042200_Water_Temperature]]
2025-10-15 19:26:16.036,28.615,Montrose_WaterTempDrop_85,atomic,[Montrose_WaterTempDrop_85],[1.0000],1,1,1.0000,[[MontroseBeach201506042200_Water_Temperature]]
2025-10-15 19:26:16.037,28.616,Calumet_WaterTempDrop_85,atomic,[Calumet_WaterTempDrop_85],[1.0000],1,1,1.0000,[[CalumetBeach201506042200_Water_Temperature]]
2025-10-15 19:26:16.097,28.676,Calumet_WaterTempDrop_85,atomic,[Calumet_WaterTempDrop_85],[1.0000],1,1,1.0000,[[CalumetBeach201506042300_Water_Temperature]]
2025-10-15 19:26:16.098,28.677,Montrose_WaterTempDrop_85,atomic,[Montrose_WaterTempDrop_85],[1.0000],1,1,1.0000,[[MontroseBeach201506042300_Water_Temperature]]
2025-10-15 19:26:16.167,28.746,Montrose_WaterTempDrop_85,atomic,[Montrose_WaterTempDrop_85],[1.0000],1,1,1.0000,[[MontroseBeach201506052400_Water_Temperature]]
2025-10-15 19:26:16.168,28.747,Calumet_WaterTempDrop_85,atomic,[Calumet_WaterTempDrop_85],[1.0000],1,1,1.0000,[[CalumetBeach201506052400_Water_Temperature]]
2025-10-15 19:26:16.168,28.747,63rd_WaterTempDrop_85,atomic,[63rd_WaterTempDrop_85],[1.0000],1,1,1.0000,[[63rdStreetBeach201506052400_Water_Temperature]]
2025-10-15 19:26:16.221,28.800,63rd_WaterTempDrop_85,atomic,[63rd_WaterTempDrop_85],[0.9660],1,1,0.9660,[[63rdStreetBeach201506050100_Water_Temperature]]
2025-10-15 19:26:16.223,28.802,Montrose_WaterTempDrop_85,atomic,[Montrose_WaterTempDrop_85],[0.9733],1,1,0.9733,[[MontroseBeach201506050100_Water_Temperature]]
2025-10-15 19:26:16.224,28.803,Calumet_WaterTempDrop_85,atomic,[Calumet_WaterTempDrop_85],[1.0000],1,1,1.0000,[[CalumetBeach201506050100_Water_Temperature]]
2025-10-15 19:26:16.287,28.866,Calumet_WaterTempDrop_85,atomic,[Calumet_WaterTempDrop_85],[1.0000],1,1,1.0000,[[CalumetBeach201506050200_Water_Temperature]]
2025-10-15 19:26:16.288,28.867,63rd_WaterTempDrop_85,atomic,[63rd_WaterTempDrop_85],[1.0000],1,1,1.0000,[[63rdStreetBeach201506050200_Water_Temperature]]
2025-10-15 19:26:16.289,28.868,Montrose_WaterTempDrop_85,atomic,[Montrose_WaterTempDrop_85],[1.0000],1,1,1.0000,[[MontroseBeach201506050200_Water_Temperature]]
2025-10-15 19:26:16.347,28.926,Montrose_WaterTempDrop_85,atomic,[Montrose_WaterTempDrop_85],[1.0000],1,1,1.0000,[[MontroseBeach201506050300_Water_Temperature]]
2025-10-15 19:26:16.348,28.927,Calumet_WaterTempDrop_85,atomic,[Calumet_WaterTempDrop_85],[1.0000],1,1,1.0000,[[CalumetBeach201506050300_Water_Temperature]]
2025-10-15 19:26:16.350,28.929,63rd_WaterTempDrop_85,atomic,[63rd_WaterTempDrop_85],[1.0000],1,1,1.0000,[[63rdStreetBeach201506050300_Water_Temperature]]
2025-10-15 19:26:16.409,28.988,Montrose_WaterTempDrop_85,atomic,[Montrose_WaterTempDrop_85],[1.0000],1,1,1.0000,[[MontroseBeach201506050400_Water_Temperature]]
2025-10-15 19:26:16.410,28.989,Calumet_WaterTempDrop_85,atomic,[Calumet_WaterTempDrop_85],[1.0000],1,1,1.0000,[[CalumetBeach201506050400_Water_Temperature]]
2025-10-15 19:26:16.412,28.991,63rd_WaterTempDrop_85,atomic,[63rd_WaterTempDrop_85],[1.0000],1,1,1.0000,[[63rdStreetBeach201506050400_Water_Temperature]]
2025-10-15 19:26:16.470,29.049,Calumet_WaterTempDrop_85,atomic,[Calumet_WaterTempDrop_85],[0.9691],1,1,0.9691,[[CalumetBeach201506050500_Water_Temperature]]
2025-10-15 19:26:16.473,29.052,63rd_WaterTempDrop_85,atomic,[63rd_WaterTempDrop_85],[1.0000],1,1,1.0000,[[63rdStreetBeach201506050500_Water_Temperature]]
2025-10-15 19:26:16.475,29.054,Montrose_WaterTempDrop_85,atomic,[Montrose_WaterTempDrop_85],[1.0000],1,1,1.0000,[[MontroseBeach201506050500_Water_Temperature]]
2025-10-15 19:26:16.532,29.111,Montrose_WaterTempDrop_85,atomic,[Montrose_WaterTempDrop_85],[1.0000],1,1,1.0000,[[MontroseBeach201506050600_Water_Temperature]]
2025-10-15 19:26:16.532,29.111,Calumet_WaterTempDrop_85,atomic,[Calumet_WaterTempDrop_85],[1.0000],1,1,1.0000,[[CalumetBeach201506050600_Water_Temperature]]
2025-10-15 19:26:16.597,29.176,Montrose_WaterTempDrop_85,atomic,[Montrose_WaterTempDrop_85],[0.9718],1,1,0.9718,[[MontroseBeach201506050700_Water_Temperature]]
2025-10-15 19:26:16.599,29.178,Calumet_WaterTempDrop_85,atomic,[Calumet_WaterTempDrop_85],[1.0000],1,1,1.0000,[[CalumetBeach201506050700_Water_Temperature]]
2025-10-15 19:26:16.660,29.239,Montrose_WaterTempDrop_85,atomic,[Montrose_WaterTempDrop_85],[1.0000],1,1,1.0000,[[MontroseBeach201506050800_Water_Temperature]]
2025-10-15 19:26:16.661,29.240,Calumet_WaterTempDrop_85,atomic,[Calumet_WaterTempDrop_85],[1.0000],1,1,1.0000,[[CalumetBeach201506050800_Water_Temperature]]
2025-10-15 19:26:16.724,29.303,Montrose_WaterTempDrop_85,atomic,[Montrose_WaterTempDrop_85],[1.0000],1,1,1.0000,[[MontroseBeach201506050900_Water_Temperature]]
2025-10-15 19:26:16.725,29.304,Calumet_WaterTempDrop_85,atomic,[Calumet_WaterTempDrop_85],[1.0000],1,1,1.0000,[[CalumetBeach201506050900_Water_Temperature]]
2025-10-15 19:26:16.785,29.364,63rd_WaterTempDrop_85,atomic,[63rd_WaterTempDrop_85],[1.0000],1,1,1.0000,[[63rdStreetBeach201506051000_Water_Temperature]]
2025-10-15 19:26:16.845,29.424,Calumet_WaterTempDrop_85,atomic,[Calumet_WaterTempDrop_85],[1.0000],1,1,1.0000,[[CalumetBeach201506051100_Water_Temperature]]
2025-10-15 19:26:16.849,29.428,Montrose_WaterTempDrop_85,atomic,[Montrose_WaterTempDrop_85],[1.0000],1,1,1.0000,[[MontroseBeach201506051100_Water_Temperature]]
2025-10-15 19:26:16.851,29.430,63rd_WaterTempDrop_85,atomic,[63rd_WaterTempDrop_85],[1.0000],1,1,1.0000,[[63rdStreetBeach201506051100_Water_Temperature]]
2025-10-15 19:26:16.908,29.487,Calumet_WaterTempDrop_85,atomic,[Calumet_WaterTempDrop_85],[1.0000],1,1,1.0000,[[CalumetBeach201506051200_Water_Temperature]]
2025-10-15 19:26:16.910,29.489,Montrose_WaterTempDrop_85,atomic,[Montrose_WaterTempDrop_85],[1.0000],1,1,1.0000,[[MontroseBeach201506051200_Water_Temperature]]
2025-10-15 19:26:16.910,29.489,Montrose_HighWave_85,atomic,[Montrose_HighWave_85],[1.0000],1,1,1.0000,[[MontroseBeach201506051200_Wave_Height]]
2025-10-15 19:26:16.911,29.490,63rd_WaterTempDrop_85,atomic,[63rd_WaterTempDrop_85],[1.0000],1,1,1.0000,[[63rdStreetBeach201506051200_Water_Temperature]]
2025-10-15 19:26:16.970,29.549,Calumet_WaterTempDrop_85,atomic,[Calumet_WaterTempDrop_85],[1.0000],1,1,1.0000,[[CalumetBeach201506051300_Water_Temperature]]
2025-10-15 19:26:16.970,29.549,Montrose_HighWave_85,atomic,[Montrose_HighWave_85],[0.8571],1,1,0.8571,[[MontroseBeach201506051300_Wave_Height]]
2025-10-15 19:26:16.971,29.550,Montrose_WaterTempDrop_85,atomic,[Montrose_WaterTempDrop_85],[1.0000],1,1,1.0000,[[MontroseBeach201506051300_Water_Temperature]]
2025-10-15 19:26:16.972,29.551,63rd_WaterTempDrop_85,atomic,[63rd_WaterTempDrop_85],[1.0000],1,1,1.0000,[[63rdStreetBeach201506051300_Water_Temperature]]
2025-10-15 19:26:17.031,29.610,Montrose_WaterTempDrop_85,atomic,[Montrose_WaterTempDrop_85],[1.0000],1,1,1.0000,[[MontroseBeach201506051500_Water_Temperature]]
2025-10-15 19:26:17.033,29.612,Montrose_HighWave_85,atomic,[Montrose_HighWave_85],[1.0000],1,1,1.0000,[[MontroseBeach201506051500_Wave_Height]]
2025-10-15 19:26:17.033,29.612,63rd_WaterTempDrop_85,atomic,[63rd_WaterTempDrop_85],[1.0000],1,1,1.0000,[[63rdStreetBeach201506051500_Water_Temperature]]
2025-10-15 19:26:17.034,29.613,Calumet_WaterTempDrop_85,atomic,[Calumet_WaterTempDrop_85],[1.0000],1,1,1.0000,[[CalumetBeach201506051500_Water_Temperature]]
2025-10-15 19:26:17.096,29.675,Montrose_HighWave_85,atomic,[Montrose_HighWave_85],[0.8553],1,1,0.8553,[[MontroseBeach201506051600_Wave_Height]]
2025-10-15 19:26:17.096,29.675,Calumet_WaterTempDrop_85,atomic,[Calumet_WaterTempDrop_85],[1.0000],1,1,1.0000,[[CalumetBeach201506051600_Water_Temperature]]
2025-10-15 19:26:17.097,29.676,63rd_WaterTempDrop_85,atomic,[63rd_WaterTempDrop_85],[1.0000],1,1,1.0000,[[63rdStreetBeach201506051600_Water_Temperature]]
2025-10-15 19:26:17.097,29.676,Montrose_WaterTempDrop_85,atomic,[Montrose_WaterTempDrop_85],[1.0000],1,1,1.0000,[[MontroseBeach201506051600_Water_Temperature]]
2025-10-15 19:26:17.161,29.740,63rd_WaterTempDrop_85,atomic,[63rd_WaterTempDrop_85],[1.0000],1,1,1.0000,[[63rdStreetBeach201506051700_Water_Temperature]]
2025-10-15 19:26:17.162,29.741,Montrose_WaterTempDrop_85,atomic,[Montrose_WaterTempDrop_85],[1.0000],1,1,1.0000,[[MontroseBeach201506051700_Water_Temperature]]
2025-10-15 19:26:17.162,29.741,Montrose_HighWave_85,atomic,[Montrose_HighWave_85],[1.0000],1,1,1.0000,[[MontroseBeach201506051700_Wave_Height]]
2025-10-15 19:26:17.163,29.742,Calumet_WaterTempDrop_85,atomic,[Calumet_WaterTempDrop_85],[1.0000],1,1,1.0000,[[CalumetBeach201506051700_Water_Temperature]]
2025-10-15 19:26:17.221,29.800,Montrose_WaterTempDrop_85,atomic,[Montrose_WaterTempDrop_85],[1.0000],1,1,1.0000,[[MontroseBeach201506051800_Water_Temperature]]
2025-10-15 19:26:17.223,29.802,Montrose_HighWave_85,atomic,[Montrose_HighWave_85],[1.0000],1,1,1.0000,[[MontroseBeach201506051800_Wave_Height]]
2025-10-15 19:26:17.224,29.803,Calumet_WaterTempDrop_85,atomic,[Calumet_WaterTempDrop_85],[1.0000],1,1,1.0000,[[CalumetBeach201506051800_Water_Temperature]]
2025-10-15 19:26:17.284,29.863,Calumet_WaterTempDrop_85,atomic,[Calumet_WaterTempDrop_85],[1.0000],1,1,1.0000,[[CalumetBeach201506051900_Water_Temperature]]
2025-10-15 19:26:17.284,29.863,Montrose_HighWave_85,atomic,[Montrose_HighWave_85],[0.8700],1,1,0.8700,[[MontroseBeach201506051900_Wave_Height]]
2025-10-15 19:26:17.284,29.863,63rd_WaterTempDrop_85,atomic,[63rd_WaterTempDrop_85],[1.0000],1,1,1.0000,[[63rdStreetBeach201506051900_Water_Temperature]]
2025-10-15 19:26:17.285,29.864,Montrose_WaterTempDrop_85,atomic,[Montrose_WaterTempDrop_85],[1.0000],1,1,1.0000,[[MontroseBeach201506051900_Water_Temperature]]
2025-10-15 19:26:17.344,29.923,Montrose_WaterTempDrop_85,atomic,[Montrose_WaterTempDrop_85],[1.0000],1,1,1.0000,[[MontroseBeach201506052000_Water_Temperature]]
2025-10-15 19:26:17.345,29.924,Montrose_HighWave_85,atomic,[Montrose_HighWave_85],[1.0000],1,1,1.0000,[[MontroseBeach201506052000_Wave_Height]]
2025-10-15 19:26:17.345,29.924,Calumet_WaterTempDrop_85,atomic,[Calumet_WaterTempDrop_85],[1.0000],1,1,1.0000,[[CalumetBeach201506052000_Water_Temperature]]
2025-10-15 19:26:17.407,29.986,63rd_WaterTempDrop_85,atomic,[63rd_WaterTempDrop_85],[1.0000],1,1,1.0000,[[63rdStreetBeach201506052100_Water_Temperature]]
2025-10-15 19:26:17.409,29.988,63rd_HighTurbidity_85,atomic,[63rd_HighTurbidity_85],[1.0000],1,1,1.0000,[[63rdStreetBeach201506052100_Turbidity]]
2025-10-15 19:26:17.409,29.988,63rd_LocalAlert_85,complex,[63rd_HighTurbidity_85;63rd_WaterTempDrop_85],[1.0000;1.0000],2,2,1.0000,[[63rdStreetBeach201506052100_Turbidity];[63rdStreetBeach201506022300_Water_Temperature]]
2025-10-15 19:26:17.409,29.988,Montrose_WaterTempDrop_85,atomic,[Montrose_WaterTempDrop_85],[1.0000],1,1,1.0000,[[MontroseBeach201506052100_Water_Temperature]]
2025-10-15 19:26:17.409,29.988,Montrose_HighWave_85,atomic,[Montrose_HighWave_85],[1.0000],1,1,1.0000,[[MontroseBeach201506052100_Wave_Height]]
2025-10-15 19:26:17.410,29.989,Calumet_WaterTempDrop_85,atomic,[Calumet_WaterTempDrop_85],[1.0000],1,1,1.0000,[[CalumetBeach201506052100_Water_Temperature]]
2025-10-15 19:26:17.469,30.048,Montrose_HighWave_85,atomic,[Montrose_HighWave_85],[0.8751],1,1,0.8751,[[MontroseBeach201506052200_Wave_Height]]
2025-10-15 19:26:17.470,30.049,Calumet_WaterTempDrop_85,atomic,[Calumet_WaterTempDrop_85],[1.0000],1,1,1.0000,[[CalumetBeach201506052200_Water_Temperature]]
2025-10-15 19:26:17.470,30.049,Montrose_WaterTempDrop_85,atomic,[Montrose_WaterTempDrop_85],[1.0000],1,1,1.0000,[[MontroseBeach201506052200_Water_Temperature]]
2025-10-15 19:26:17.470,30.049,63rd_WaterTempDrop_85,atomic,[63rd_WaterTempDrop_85],[1.0000],1,1,1.0000,[[63rdStreetBeach201506052200_Water_Temperature]]
2025-10-15 19:26:17.532,30.111,Calumet_WaterTempDrop_85,atomic,[Calumet_WaterTempDrop_85],[1.0000],1,1,1.0000,[[CalumetBeach201506052300_Water_Temperature]]
2025-10-15 19:26:17.532,30.111,Montrose_WaterTempDrop_85,atomic,[Montrose_WaterTempDrop_85],[1.0000],1,1,1.0000,[[MontroseBeach201506052300_Water_Temperature]]
2025-10-15 19:26:17.593,30.172,63rd_WaterTempDrop_85,atomic,[63rd_WaterTempDrop_85],[1.0000],1,1,1.0000,[[63rdStreetBeach201506062400_Water_Temperature]]
2025-10-15 19:26:17.593,30.172,Calumet_WaterTempDrop_85,atomic,[Calumet_WaterTempDrop_85],[1.0000],1,1,1.0000,[[CalumetBeach201506062400_Water_Temperature]]
2025-10-15 19:26:17.596,30.175,Montrose_WaterTempDrop_85,atomic,[Montrose_WaterTempDrop_85],[1.0000],1,1,1.0000,[[MontroseBeach201506062400_Water_Temperature]]
2025-10-15 19:26:17.656,30.235,63rd_WaterTempDrop_85,atomic,[63rd_WaterTempDrop_85],[1.0000],1,1,1.0000,[[63rdStreetBeach201506060100_Water_Temperature]]
2025-10-15 19:26:17.657,30.236,63rd_HighWave_85,atomic,[63rd_HighWave_85],[1.0000],1,1,1.0000,[[63rdStreetBeach201506060100_Wave_Height]]
2025-10-15 19:26:17.658,30.237,Montrose_WaterTempDrop_85,atomic,[Montrose_WaterTempDrop_85],[1.0000],1,1,1.0000,[[MontroseBeach201506060100_Water_Temperature]]
2025-10-15 19:26:17.658,30.237,Calumet_WaterTempDrop_85,atomic,[Calumet_WaterTempDrop_85],[1.0000],1,1,1.0000,[[CalumetBeach201506060100_Water_Temperature]]
2025-10-15 19:26:17.719,30.298,Montrose_WaterTempDrop_85,atomic,[Montrose_WaterTempDrop_85],[1.0000],1,1,1.0000,[[MontroseBeach201506060200_Water_Temperature]]
2025-10-15 19:26:17.722,30.301,Calumet_WaterTempDrop_85,atomic,[Calumet_WaterTempDrop_85],[1.0000],1,1,1.0000,[[CalumetBeach201506060200_Water_Temperature]]
2025-10-15 19:26:17.723,30.302,63rd_WaterTempDrop_85,atomic,[63rd_WaterTempDrop_85],[1.0000],1,1,1.0000,[[63rdStreetBeach201506060200_Water_Temperature]]
2025-10-15 19:26:17.777,30.356,63rd_WaterTempDrop_85,atomic,[63rd_WaterTempDrop_85],[1.0000],1,1,1.0000,[[63rdStreetBeach201506060300_Water_Temperature]]
2025-10-15 19:26:17.781,30.360,Calumet_WaterTempDrop_85,atomic,[Calumet_WaterTempDrop_85],[1.0000],1,1,1.0000,[[CalumetBeach201506060300_Water_Temperature]]
2025-10-15 19:26:17.781,30.360,Montrose_WaterTempDrop_85,atomic,[Montrose_WaterTempDrop_85],[1.0000],1,1,1.0000,[[MontroseBeach201506060300_Water_Temperature]]
2025-10-15 19:26:17.781,30.360,Montrose_HighWave_85,atomic,[Montrose_HighWave_85],[1.0000],1,1,1.0000,[[MontroseBeach201506060300_Wave_Height]]
2025-10-15 19:26:17.845,30.424,Calumet_WaterTempDrop_85,atomic,[Calumet_WaterTempDrop_85],[0.9732],1,1,0.9732,[[CalumetBeach201506060400_Water_Temperature]]
2025-10-15 19:26:17.846,30.425,63rd_WaterTempDrop_85,atomic,[63rd_WaterTempDrop_85],[1.0000],1,1,1.0000,[[63rdStreetBeach201506060400_Water_Temperature]]
2025-10-15 19:26:17.847,30.426,Montrose_WaterTempDrop_85,atomic,[Montrose_WaterTempDrop_85],[1.0000],1,1,1.0000,[[MontroseBeach201506060400_Water_Temperature]]
2025-10-15 19:26:17.903,30.482,Calumet_WaterTempDrop_85,atomic,[Calumet_WaterTempDrop_85],[0.9697],1,1,0.9697,[[CalumetBeach201506060500_Water_Temperature]]
2025-10-15 19:26:17.904,30.483,Montrose_WaterTempDrop_85,atomic,[Montrose_WaterTempDrop_85],[1.0000],1,1,1.0000,[[MontroseBeach201506060500_Water_Temperature]]
2025-10-15 19:26:17.906,30.485,Montrose_HighWave_85,atomic,[Montrose_HighWave_85],[1.0000],1,1,1.0000,[[MontroseBeach201506060500_Wave_Height]]
2025-10-15 19:26:17.906,30.485,63rd_WaterTempDrop_85,atomic,[63rd_WaterTempDrop_85],[1.0000],1,1,1.0000,[[63rdStreetBeach201506060500_Water_Temperature]]
2025-10-15 19:26:17.907,30.486,63rd_HighWave_85,atomic,[63rd_HighWave_85],[1.0000],1,1,1.0000,[[63rdStreetBeach201506060500_Wave_Height]]
2025-10-15 19:26:17.968,30.547,Montrose_WaterTempDrop_85,atomic,[Montrose_WaterTempDrop_85],[1.0000],1,1,1.0000,[[MontroseBeach201506060600_Water_Temperature]]
2025-10-15 19:26:17.969,30.548,63rd_WaterTempDrop_85,atomic,[63rd_WaterTempDrop_85],[1.0000],1,1,1.0000,[[63rdStreetBeach201506060600_Water_Temperature]]
2025-10-15 19:26:17.969,30.548,Calumet_WaterTempDrop_85,atomic,[Calumet_WaterTempDrop_85],[1.0000],1,1,1.0000,[[CalumetBeach201506060600_Water_Temperature]]
2025-10-15 19:26:18.027,30.606,Calumet_WaterTempDrop_85,atomic,[Calumet_WaterTempDrop_85],[1.0000],1,1,1.0000,[[CalumetBeach201506060700_Water_Temperature]]
2025-10-15 19:26:18.028,30.607,63rd_WaterTempDrop_85,atomic,[63rd_WaterTempDrop_85],[1.0000],1,1,1.0000,[[63rdStreetBeach201506060700_Water_Temperature]]
2025-10-15 19:26:18.029,30.608,63rd_HighTurbidity_85,atomic,[63rd_HighTurbidity_85],[1.0000],1,1,1.0000,[[63rdStreetBeach201506060700_Turbidity]]
2025-10-15 19:26:18.029,30.608,63rd_LocalAlert_85,complex,[63rd_HighTurbidity_85;63rd_WaterTempDrop_85],[1.0000;1.0000],2,2,1.0000,[[63rdStreetBeach201506060700_Turbidity];[63rdStreetBeach201506052200_Water_Temperature]]
2025-10-15 19:26:18.029,30.608,Montrose_WaterTempDrop_85,atomic,[Montrose_WaterTempDrop_85],[1.0000],1,1,1.0000,[[MontroseBeach201506060700_Water_Temperature]]
2025-10-15 19:26:18.030,30.609,Montrose_HighWave_85,atomic,[Montrose_HighWave_85],[1.0000],1,1,1.0000,[[MontroseBeach201506060700_Wave_Height]]
2025-10-15 19:26:18.092,30.671,63rd_WaterTempDrop_85,atomic,[63rd_WaterTempDrop_85],[1.0000],1,1,1.0000,[[63rdStreetBeach201506060800_Water_Temperature]]
2025-10-15 19:26:18.092,30.671,Calumet_WaterTempDrop_85,atomic,[Calumet_WaterTempDrop_85],[1.0000],1,1,1.0000,[[CalumetBeach201506060800_Water_Temperature]]
2025-10-15 19:26:18.093,30.672,Montrose_WaterTempDrop_85,atomic,[Montrose_WaterTempDrop_85],[1.0000],1,1,1.0000,[[MontroseBeach201506060800_Water_Temperature]]
2025-10-15 19:26:18.154,30.733,Montrose_WaterTempDrop_85,atomic,[Montrose_WaterTempDrop_85],[0.9735],1,1,0.9735,[[MontroseBeach201506060900_Water_Temperature]]
2025-10-15 19:26:18.155,30.734,63rd_WaterTempDrop_85,atomic,[63rd_WaterTempDrop_85],[1.0000],1,1,1.0000,[[63rdStreetBeach201506060900_Water_Temperature]]
2025-10-15 19:26:18.156,30.735,Calumet_WaterTempDrop_85,atomic,[Calumet_WaterTempDrop_85],[1.0000],1,1,1.0000,[[CalumetBeach201506060900_Water_Temperature]]
2025-10-15 19:26:18.215,30.794,Calumet_WaterTempDrop_85,atomic,[Calumet_WaterTempDrop_85],[1.0000],1,1,1.0000,[[CalumetBeach201506061000_Water_Temperature]]
2025-10-15 19:26:18.216,30.795,Montrose_WaterTempDrop_85,atomic,[Montrose_WaterTempDrop_85],[1.0000],1,1,1.0000,[[MontroseBeach201506061000_Water_Temperature]]
2025-10-15 19:26:18.217,30.796,63rd_WaterTempDrop_85,atomic,[63rd_WaterTempDrop_85],[1.0000],1,1,1.0000,[[63rdStreetBeach201506061000_Water_Temperature]]
2025-10-15 19:26:18.274,30.853,63rd_HighWave_85,atomic,[63rd_HighWave_85],[0.8630],1,1,0.8630,[[63rdStreetBeach201506061100_Wave_Height]]
2025-10-15 19:26:18.275,30.854,63rd_WaterTempDrop_85,atomic,[63rd_WaterTempDrop_85],[1.0000],1,1,1.0000,[[63rdStreetBeach201506061100_Water_Temperature]]
2025-10-15 19:26:18.278,30.857,Calumet_WaterTempDrop_85,atomic,[Calumet_WaterTempDrop_85],[1.0000],1,1,1.0000,[[CalumetBeach201506061100_Water_Temperature]]
2025-10-15 19:26:18.279,30.858,Montrose_WaterTempDrop_85,atomic,[Montrose_WaterTempDrop_85],[1.0000],1,1,1.0000,[[MontroseBeach201506061100_Water_Temperature]]
2025-10-15 19:26:18.338,30.917,Calumet_WaterTempDrop_85,atomic,[Calumet_WaterTempDrop_85],[1.0000],1,1,1.0000,[[CalumetBeach201506061200_Water_Temperature]]
2025-10-15 19:26:18.341,30.920,Montrose_WaterTempDrop_85,atomic,[Montrose_WaterTempDrop_85],[1.0000],1,1,1.0000,[[MontroseBeach201506061200_Water_Temperature]]
2025-10-15 19:26:18.402,30.981,63rd_WaterTempDrop_85,atomic,[63rd_WaterTempDrop_85],[1.0000],1,1,1.0000,[[63rdStreetBeach201506061300_Water_Temperature]]
2025-10-15 19:26:18.403,30.982,Calumet_WaterTempDrop_85,atomic,[Calumet_WaterTempDrop_85],[1.0000],1,1,1.0000,[[CalumetBeach201506061300_Water_Temperature]]
2025-10-15 19:26:18.403,30.982,Montrose_WaterTempDrop_85,atomic,[Montrose_WaterTempDrop_85],[1.0000],1,1,1.0000,[[MontroseBeach201506061300_Water_Temperature]]
2025-10-15 19:26:18.462,31.041,Montrose_WaterTempDrop_85,atomic,[Montrose_WaterTempDrop_85],[0.9716],1,1,0.9716,[[MontroseBeach201506061400_Water_Temperature]]
2025-10-15 19:26:18.463,31.042,Calumet_WaterTempDrop_85,atomic,[Calumet_WaterTempDrop_85],[1.0000],1,1,1.0000,[[CalumetBeach201506061400_Water_Temperature]]
2025-10-15 19:26:18.467,31.046,63rd_WaterTempDrop_85,atomic,[63rd_WaterTempDrop_85],[1.0000],1,1,1.0000,[[63rdStreetBeach201506061400_Water_Temperature]]
2025-10-15 19:26:18.525,31.104,63rd_WaterTempDrop_85,atomic,[63rd_WaterTempDrop_85],[1.0000],1,1,1.0000,[[63rdStreetBeach201506061500_Water_Temperature]]
2025-10-15 19:26:18.527,31.106,Calumet_WaterTempDrop_85,atomic,[Calumet_WaterTempDrop_85],[1.0000],1,1,1.0000,[[CalumetBeach201506061500_Water_Temperature]]
2025-10-15 19:26:18.529,31.108,Montrose_WaterTempDrop_85,atomic,[Montrose_WaterTempDrop_85],[1.0000],1,1,1.0000,[[MontroseBeach201506061500_Water_Temperature]]
2025-10-15 19:26:18.590,31.169,Calumet_WaterTempDrop_85,atomic,[Calumet_WaterTempDrop_85],[1.0000],1,1,1.0000,[[CalumetBeach201506061600_Water_Temperature]]
2025-10-15 19:26:18.592,31.171,Montrose_WaterTempDrop_85,atomic,[Montrose_WaterTempDrop_85],[1.0000],1,1,1.0000,[[MontroseBeach201506061600_Water_Temperature]]
2025-10-15 19:26:18.592,31.171,63rd_WaterTempDrop_85,atomic,[63rd_WaterTempDrop_85],[1.0000],1,1,1.0000,[[63rdStreetBeach201506061600_Water_Temperature]]
2025-10-15 19:26:18.649,31.228,Montrose_WaterTempDrop_85,atomic,[Montrose_WaterTempDrop_85],[1.0000],1,1,1.0000,[[MontroseBeach201506061700_Water_Temperature]]
2025-10-15 19:26:18.649,31.228,Calumet_WaterTempDrop_85,atomic,[Calumet_WaterTempDrop_85],[0.9723],1,1,0.9723,[[CalumetBeach201506061700_Water_Temperature]]
2025-10-15 19:26:18.649,31.228,63rd_WaterTempDrop_85,atomic,[63rd_WaterTempDrop_85],[1.0000],1,1,1.0000,[[63rdStreetBeach201506061700_Water_Temperature]]
2025-10-15 19:26:18.711,31.290,Calumet_WaterTempDrop_85,atomic,[Calumet_WaterTempDrop_85],[1.0000],1,1,1.0000,[[CalumetBeach201506061800_Water_Temperature]]
2025-10-15 19:26:18.712,31.291,Montrose_WaterTempDrop_85,atomic,[Montrose_WaterTempDrop_85],[1.0000],1,1,1.0000,[[MontroseBeach201506061800_Water_Temperature]]
2025-10-15 19:26:18.713,31.292,63rd_WaterTempDrop_85,atomic,[63rd_WaterTempDrop_85],[1.0000],1,1,1.0000,[[63rdStreetBeach201506061800_Water_Temperature]]
2025-10-15 19:26:18.773,31.352,63rd_HighTurbidity_85,atomic,[63rd_HighTurbidity_85],[0.8745],1,1,0.8745,[[63rdStreetBeach201506061900_Turbidity]]
2025-10-15 19:26:18.774,31.353,63rd_LocalAlert_85,complex,[63rd_HighTurbidity_85;63rd_WaterTempDrop_85],[0.8745;1.0000],2,2,0.9372,[[63rdStreetBeach201506061900_Turbidity];[63rdStreetBeach201506060800_Water_Temperature]]
2025-10-15 19:26:18.775,31.354,Calumet_WaterTempDrop_85,atomic,[Calumet_WaterTempDrop_85],[1.0000],1,1,1.0000,[[CalumetBeach201506061900_Water_Temperature]]
2025-10-15 19:26:18.777,31.356,63rd_WaterTempDrop_85,atomic,[63rd_WaterTempDrop_85],[1.0000],1,1,1.0000,[[63rdStreetBeach201506061900_Water_Temperature]]
2025-10-15 19:26:18.778,31.357,Montrose_WaterTempDrop_85,atomic,[Montrose_WaterTempDrop_85],[1.0000],1,1,1.0000,[[MontroseBeach201506061900_Water_Temperature]]
2025-10-15 19:26:18.833,31.412,63rd_HighTurbidity_85,atomic,[63rd_HighTurbidity_85],[0.8596],1,1,0.8596,[[63rdStreetBeach201506062000_Turbidity]]
2025-10-15 19:26:18.835,31.414,63rd_LocalAlert_85,complex,[63rd_HighTurbidity_85;63rd_WaterTempDrop_85],[0.8596;1.0000],2,2,0.9298,[[63rdStreetBeach201506062000_Turbidity];[63rdStreetBeach201506061900_Water_Temperature]]
2025-10-15 19:26:18.835,31.414,Calumet_WaterTempDrop_85,atomic,[Calumet_WaterTempDrop_85],[1.0000],1,1,1.0000,[[CalumetBeach201506062000_Water_Temperature]]
2025-10-15 19:26:18.836,31.415,63rd_WaterTempDrop_85,atomic,[63rd_WaterTempDrop_85],[1.0000],1,1,1.0000,[[63rdStreetBeach201506062000_Water_Temperature]]
2025-10-15 19:26:18.836,31.415,Montrose_WaterTempDrop_85,atomic,[Montrose_WaterTempDrop_85],[1.0000],1,1,1.0000,[[MontroseBeach201506062000_Water_Temperature]]
2025-10-15 19:26:18.895,31.474,63rd_WaterTempDrop_85,atomic,[63rd_WaterTempDrop_85],[0.9733],1,1,0.9733,[[63rdStreetBeach201506062100_Water_Temperature]]
2025-10-15 19:26:18.896,31.475,Montrose_WaterTempDrop_85,atomic,[Montrose_WaterTempDrop_85],[0.9716],1,1,0.9716,[[MontroseBeach201506062100_Water_Temperature]]
2025-10-15 19:26:18.899,31.478,Calumet_WaterTempDrop_85,atomic,[Calumet_WaterTempDrop_85],[1.0000],1,1,1.0000,[[CalumetBeach201506062100_Water_Temperature]]
2025-10-15 19:26:18.958,31.537,63rd_WaterTempDrop_85,atomic,[63rd_WaterTempDrop_85],[0.9698],1,1,0.9698,[[63rdStreetBeach201506062200_Water_Temperature]]
2025-10-15 19:26:18.963,31.542,Calumet_WaterTempDrop_85,atomic,[Calumet_WaterTempDrop_85],[1.0000],1,1,1.0000,[[CalumetBeach201506062200_Water_Temperature]]
2025-10-15 19:26:18.964,31.543,Montrose_WaterTempDrop_85,atomic,[Montrose_WaterTempDrop_85],[1.0000],1,1,1.0000,[[MontroseBeach201506062200_Water_Temperature]]
2025-10-15 19:26:19.020,31.599,Calumet_WaterTempDrop_85,atomic,[Calumet_WaterTempDrop_85],[0.9715],1,1,0.9715,[[CalumetBeach201506062300_Water_Temperature]]
2025-10-15 19:26:19.022,31.601,Montrose_WaterTempDrop_85,atomic,[Montrose_WaterTempDrop_85],[1.0000],1,1,1.0000,[[MontroseBeach201506062300_Water_Temperature]]
2025-10-15 19:26:19.089,31.668,Montrose_WaterTempDrop_85,atomic,[Montrose_WaterTempDrop_85],[1.0000],1,1,1.0000,[[MontroseBeach201506072400_Water_Temperature]]
2025-10-15 19:26:19.090,31.669,63rd_WaterTempDrop_85,atomic,[63rd_WaterTempDrop_85],[1.0000],1,1,1.0000,[[63rdStreetBeach201506072400_Water_Temperature]]
2025-10-15 19:26:19.091,31.670,Calumet_WaterTempDrop_85,atomic,[Calumet_WaterTempDrop_85],[1.0000],1,1,1.0000,[[CalumetBeach201506072400_Water_Temperature]]
2025-10-15 19:26:19.148,31.727,Calumet_WaterTempDrop_85,atomic,[Calumet_WaterTempDrop_85],[1.0000],1,1,1.0000,[[CalumetBeach201506070200_Water_Temperature]]
2025-10-15 19:26:19.149,31.728,Montrose_WaterTempDrop_85,atomic,[Montrose_WaterTempDrop_85],[1.0000],1,1,1.0000,[[MontroseBeach201506070200_Water_Temperature]]
2025-10-15 19:26:19.149,31.728,63rd_WaterTempDrop_85,atomic,[63rd_WaterTempDrop_85],[1.0000],1,1,1.0000,[[63rdStreetBeach201506070200_Water_Temperature]]
2025-10-15 19:26:19.214,31.793,Montrose_WaterTempDrop_85,atomic,[Montrose_WaterTempDrop_85],[1.0000],1,1,1.0000,[[MontroseBeach201506070300_Water_Temperature]]
2025-10-15 19:26:19.215,31.794,Calumet_WaterTempDrop_85,atomic,[Calumet_WaterTempDrop_85],[1.0000],1,1,1.0000,[[CalumetBeach201506070300_Water_Temperature]]
2025-10-15 19:26:19.215,31.794,63rd_WaterTempDrop_85,atomic,[63rd_WaterTempDrop_85],[1.0000],1,1,1.0000,[[63rdStreetBeach201506070300_Water_Temperature]]
2025-10-15 19:26:19.275,31.854,Montrose_WaterTempDrop_85,atomic,[Montrose_WaterTempDrop_85],[1.0000],1,1,1.0000,[[MontroseBeach201506070400_Water_Temperature]]
2025-10-15 19:26:19.276,31.855,Calumet_WaterTempDrop_85,atomic,[Calumet_WaterTempDrop_85],[1.0000],1,1,1.0000,[[CalumetBeach201506070400_Water_Temperature]]
2025-10-15 19:26:19.277,31.856,63rd_WaterTempDrop_85,atomic,[63rd_WaterTempDrop_85],[1.0000],1,1,1.0000,[[63rdStreetBeach201506070400_Water_Temperature]]
2025-10-15 19:26:19.338,31.917,Montrose_WaterTempDrop_85,atomic,[Montrose_WaterTempDrop_85],[1.0000],1,1,1.0000,[[MontroseBeach201506070500_Water_Temperature]]
2025-10-15 19:26:19.339,31.918,63rd_WaterTempDrop_85,atomic,[63rd_WaterTempDrop_85],[1.0000],1,1,1.0000,[[63rdStreetBeach201506070500_Water_Temperature]]
2025-10-15 19:26:19.339,31.918,Calumet_WaterTempDrop_85,atomic,[Calumet_WaterTempDrop_85],[1.0000],1,1,1.0000,[[CalumetBeach201506070500_Water_Temperature]]
2025-10-15 19:26:19.400,31.979,Montrose_WaterTempDrop_85,atomic,[Montrose_WaterTempDrop_85],[1.0000],1,1,1.0000,[[MontroseBeach201506070600_Water_Temperature]]
2025-10-15 19:26:19.406,31.985,Calumet_WaterTempDrop_85,atomic,[Calumet_WaterTempDrop_85],[1.0000],1,1,1.0000,[[CalumetBeach201506070600_Water_Temperature]]
2025-10-15 19:26:19.464,32.043,Calumet_WaterTempDrop_85,atomic,[Calumet_WaterTempDrop_85],[1.0000],1,1,1.0000,[[CalumetBeach201506070700_Water_Temperature]]
2025-10-15 19:26:19.467,32.046,63rd_WaterTempDrop_85,atomic,[63rd_WaterTempDrop_85],[1.0000],1,1,1.0000,[[63rdStreetBeach201506070700_Water_Temperature]]
2025-10-15 19:26:19.467,32.046,Montrose_WaterTempDrop_85,atomic,[Montrose_WaterTempDrop_85],[1.0000],1,1,1.0000,[[MontroseBeach201506070700_Water_Temperature]]
2025-10-15 19:26:19.524,32.103,Calumet_WaterTempDrop_85,atomic,[Calumet_WaterTempDrop_85],[1.0000],1,1,1.0000,[[CalumetBeach201506070800_Water_Temperature]]
2025-10-15 19:26:19.526,32.105,Montrose_WaterTempDrop_85,atomic,[Montrose_WaterTempDrop_85],[1.0000],1,1,1.0000,[[MontroseBeach201506070800_Water_Temperature]]
2025-10-15 19:26:19.586,32.165,Calumet_WaterTempDrop_85,atomic,[Calumet_WaterTempDrop_85],[0.9722],1,1,0.9722,[[CalumetBeach201506070900_Water_Temperature]]
2025-10-15 19:26:19.587,32.166,Montrose_WaterTempDrop_85,atomic,[Montrose_WaterTempDrop_85],[1.0000],1,1,1.0000,[[MontroseBeach201506070900_Water_Temperature]]
2025-10-15 19:26:19.590,32.169,63rd_WaterTempDrop_85,atomic,[63rd_WaterTempDrop_85],[1.0000],1,1,1.0000,[[63rdStreetBeach201506070900_Water_Temperature]]
2025-10-15 19:26:19.652,32.231,Montrose_WaterTempDrop_85,atomic,[Montrose_WaterTempDrop_85],[1.0000],1,1,1.0000,[[MontroseBeach201506071000_Water_Temperature]]
2025-10-15 19:26:19.652,32.231,63rd_WaterTempDrop_85,atomic,[63rd_WaterTempDrop_85],[0.9712],1,1,0.9712,[[63rdStreetBeach201506071000_Water_Temperature]]
2025-10-15 19:26:19.654,32.233,Calumet_WaterTempDrop_85,atomic,[Calumet_WaterTempDrop_85],[1.0000],1,1,1.0000,[[CalumetBeach201506071000_Water_Temperature]]
2025-10-15 19:26:19.714,32.293,Calumet_WaterTempDrop_85,atomic,[Calumet_WaterTempDrop_85],[1.0000],1,1,1.0000,[[CalumetBeach201506071100_Water_Temperature]]
2025-10-15 19:26:19.716,32.295,63rd_WaterTempDrop_85,atomic,[63rd_WaterTempDrop_85],[1.0000],1,1,1.0000,[[63rdStreetBeach201506071100_Water_Temperature]]
2025-10-15 19:26:19.717,32.296,Montrose_WaterTempDrop_85,atomic,[Montrose_WaterTempDrop_85],[1.0000],1,1,1.0000,[[MontroseBeach201506071100_Water_Temperature]]
2025-10-15 19:26:19.775,32.354,Calumet_WaterTempDrop_85,atomic,[Calumet_WaterTempDrop_85],[1.0000],1,1,1.0000,[[CalumetBeach201506071200_Water_Temperature]]
2025-10-15 19:26:19.777,32.356,Montrose_WaterTempDrop_85,atomic,[Montrose_WaterTempDrop_85],[1.0000],1,1,1.0000,[[MontroseBeach201506071200_Water_Temperature]]
2025-10-15 19:26:19.838,32.417,Calumet_WaterTempDrop_85,atomic,[Calumet_WaterTempDrop_85],[0.9707],1,1,0.9707,[[CalumetBeach201506071300_Water_Temperature]]
2025-10-15 19:26:19.842,32.421,Montrose_WaterTempDrop_85,atomic,[Montrose_WaterTempDrop_85],[1.0000],1,1,1.0000,[[MontroseBeach201506071300_Water_Temperature]]
2025-10-15 19:26:19.842,32.421,63rd_WaterTempDrop_85,atomic,[63rd_WaterTempDrop_85],[1.0000],1,1,1.0000,[[63rdStreetBeach201506071300_Water_Temperature]]
2025-10-15 19:26:19.901,32.480,Calumet_WaterTempDrop_85,atomic,[Calumet_WaterTempDrop_85],[0.9669],1,1,0.9669,[[CalumetBeach201506071400_Water_Temperature]]
2025-10-15 19:26:19.902,32.481,63rd_WaterTempDrop_85,atomic,[63rd_WaterTempDrop_85],[1.0000],1,1,1.0000,[[63rdStreetBeach201506071400_Water_Temperature]]
2025-10-15 19:26:19.902,32.481,Montrose_WaterTempDrop_85,atomic,[Montrose_WaterTempDrop_85],[0.9733],1,1,0.9733,[[MontroseBeach201506071400_Water_Temperature]]
2025-10-15 19:26:19.964,32.543,Montrose_WaterTempDrop_85,atomic,[Montrose_WaterTempDrop_85],[0.9698],1,1,0.9698,[[MontroseBeach201506071500_Water_Temperature]]
2025-10-15 19:26:19.965,32.544,Calumet_WaterTempDrop_85,atomic,[Calumet_WaterTempDrop_85],[0.9628],1,1,0.9628,[[CalumetBeach201506071500_Water_Temperature]]
2025-10-15 19:26:19.967,32.546,63rd_WaterTempDrop_85,atomic,[63rd_WaterTempDrop_85],[1.0000],1,1,1.0000,[[63rdStreetBeach201506071500_Water_Temperature]]
2025-10-15 19:26:20.026,32.605,Montrose_WaterTempDrop_85,atomic,[Montrose_WaterTempDrop_85],[0.9659],1,1,0.9659,[[MontroseBeach201506071600_Water_Temperature]]
2025-10-15 19:26:20.027,32.606,Calumet_WaterTempDrop_85,atomic,[Calumet_WaterTempDrop_85],[0.9582],1,1,0.9582,[[CalumetBeach201506071600_Water_Temperature]]
2025-10-15 19:26:20.027,32.606,63rd_WaterTempDrop_85,atomic,[63rd_WaterTempDrop_85],[1.0000],1,1,1.0000,[[63rdStreetBeach201506071600_Water_Temperature]]
2025-10-15 19:26:20.088,32.667,Montrose_WaterTempDrop_85,atomic,[Montrose_WaterTempDrop_85],[1.0000],1,1,1.0000,[[MontroseBeach201506071700_Water_Temperature]]
2025-10-15 19:26:20.092,32.671,Calumet_WaterTempDrop_85,atomic,[Calumet_WaterTempDrop_85],[1.0000],1,1,1.0000,[[CalumetBeach201506071700_Water_Temperature]]
2025-10-15 19:26:20.092,32.671,63rd_WaterTempDrop_85,atomic,[63rd_WaterTempDrop_85],[1.0000],1,1,1.0000,[[63rdStreetBeach201506071700_Water_Temperature]]
2025-10-15 19:26:20.151,32.730,Calumet_WaterTempDrop_85,atomic,[Calumet_WaterTempDrop_85],[1.0000],1,1,1.0000,[[CalumetBeach201506071800_Water_Temperature]]
2025-10-15 19:26:20.152,32.731,Montrose_WaterTempDrop_85,atomic,[Montrose_WaterTempDrop_85],[1.0000],1,1,1.0000,[[MontroseBeach201506071800_Water_Temperature]]
2025-10-15 19:26:20.153,32.732,63rd_WaterTempDrop_85,atomic,[63rd_WaterTempDrop_85],[1.0000],1,1,1.0000,[[63rdStreetBeach201506071800_Water_Temperature]]
2025-10-15 19:26:20.214,32.793,Montrose_WaterTempDrop_85,atomic,[Montrose_WaterTempDrop_85],[1.0000],1,1,1.0000,[[MontroseBeach201506071900_Water_Temperature]]
2025-10-15 19:26:20.214,32.793,Calumet_WaterTempDrop_85,atomic,[Calumet_WaterTempDrop_85],[0.9607],1,1,0.9607,[[CalumetBeach201506071900_Water_Temperature]]
2025-10-15 19:26:20.215,32.794,63rd_WaterTempDrop_85,atomic,[63rd_WaterTempDrop_85],[1.0000],1,1,1.0000,[[63rdStreetBeach201506071900_Water_Temperature]]
2025-10-15 19:26:20.272,32.851,Calumet_WaterTempDrop_85,atomic,[Calumet_WaterTempDrop_85],[0.9560],1,1,0.9560,[[CalumetBeach201506072000_Water_Temperature]]
2025-10-15 19:26:20.275,32.854,Montrose_WaterTempDrop_85,atomic,[Montrose_WaterTempDrop_85],[1.0000],1,1,1.0000,[[MontroseBeach201506072000_Water_Temperature]]
2025-10-15 19:26:20.339,32.918,Montrose_WaterTempDrop_85,atomic,[Montrose_WaterTempDrop_85],[1.0000],1,1,1.0000,[[MontroseBeach201506072100_Water_Temperature]]
2025-10-15 19:26:20.339,32.918,63rd_WaterTempDrop_85,atomic,[63rd_WaterTempDrop_85],[1.0000],1,1,1.0000,[[63rdStreetBeach201506072100_Water_Temperature]]
2025-10-15 19:26:20.340,32.919,Calumet_WaterTempDrop_85,atomic,[Calumet_WaterTempDrop_85],[1.0000],1,1,1.0000,[[CalumetBeach201506072100_Water_Temperature]]
2025-10-15 19:26:20.397,32.976,63rd_WaterTempDrop_85,atomic,[63rd_WaterTempDrop_85],[0.9725],1,1,0.9725,[[63rdStreetBeach201506072200_Water_Temperature]]
2025-10-15 19:26:20.400,32.979,Montrose_WaterTempDrop_85,atomic,[Montrose_WaterTempDrop_85],[1.0000],1,1,1.0000,[[MontroseBeach201506072200_Water_Temperature]]
2025-10-15 19:26:20.401,32.980,Calumet_WaterTempDrop_85,atomic,[Calumet_WaterTempDrop_85],[1.0000],1,1,1.0000,[[CalumetBeach201506072200_Water_Temperature]]
2025-10-15 19:26:20.459,33.038,Calumet_WaterTempDrop_85,atomic,[Calumet_WaterTempDrop_85],[0.9597],1,1,0.9597,[[CalumetBeach201506072300_Water_Temperature]]
2025-10-15 19:26:20.462,33.041,Montrose_WaterTempDrop_85,atomic,[Montrose_WaterTempDrop_85],[1.0000],1,1,1.0000,[[MontroseBeach201506072300_Water_Temperature]]
2025-10-15 19:26:20.522,33.101,Montrose_WaterTempDrop_85,atomic,[Montrose_WaterTempDrop_85],[0.9704],1,1,0.9704,[[MontroseBeach201506082400_Water_Temperature]]
2025-10-15 19:26:20.525,33.104,63rd_WaterTempDrop_85,atomic,[63rd_WaterTempDrop_85],[1.0000],1,1,1.0000,[[63rdStreetBeach201506082400_Water_Temperature]]
2025-10-15 19:26:20.526,33.105,Calumet_WaterTempDrop_85,atomic,[Calumet_WaterTempDrop_85],[1.0000],1,1,1.0000,[[CalumetBeach201506082400_Water_Temperature]]
2025-10-15 19:26:20.587,33.166,Calumet_WaterTempDrop_85,atomic,[Calumet_WaterTempDrop_85],[1.0000],1,1,1.0000,[[CalumetBeach201506080100_Water_Temperature]]
2025-10-15 19:26:20.588,33.167,63rd_WaterTempDrop_85,atomic,[63rd_WaterTempDrop_85],[1.0000],1,1,1.0000,[[63rdStreetBeach201506080100_Water_Temperature]]
2025-10-15 19:26:20.588,33.167,Montrose_WaterTempDrop_85,atomic,[Montrose_WaterTempDrop_85],[1.0000],1,1,1.0000,[[MontroseBeach201506080100_Water_Temperature]]
2025-10-15 19:26:20.647,33.226,63rd_WaterTempDrop_85,atomic,[63rd_WaterTempDrop_85],[1.0000],1,1,1.0000,[[63rdStreetBeach201506080200_Water_Temperature]]
2025-10-15 19:26:20.650,33.229,Montrose_WaterTempDrop_85,atomic,[Montrose_WaterTempDrop_85],[1.0000],1,1,1.0000,[[MontroseBeach201506080200_Water_Temperature]]
2025-10-15 19:26:20.652,33.231,Calumet_WaterTempDrop_85,atomic,[Calumet_WaterTempDrop_85],[1.0000],1,1,1.0000,[[CalumetBeach201506080200_Water_Temperature]]
2025-10-15 19:26:20.712,33.291,63rd_WaterTempDrop_85,atomic,[63rd_WaterTempDrop_85],[0.9709],1,1,0.9709,[[63rdStreetBeach201506080300_Water_Temperature]]
2025-10-15 19:26:20.712,33.291,Calumet_WaterTempDrop_85,atomic,[Calumet_WaterTempDrop_85],[1.0000],1,1,1.0000,[[CalumetBeach201506080300_Water_Temperature]]
2025-10-15 19:26:20.713,33.292,Montrose_WaterTempDrop_85,atomic,[Montrose_WaterTempDrop_85],[1.0000],1,1,1.0000,[[MontroseBeach201506080300_Water_Temperature]]
2025-10-15 19:26:20.774,33.353,Calumet_WaterTempDrop_85,atomic,[Calumet_WaterTempDrop_85],[0.9662],1,1,0.9662,[[CalumetBeach201506080400_Water_Temperature]]
2025-10-15 19:26:20.778,33.357,63rd_WaterTempDrop_85,atomic,[63rd_WaterTempDrop_85],[0.9672],1,1,0.9672,[[63rdStreetBeach201506080400_Water_Temperature]]
2025-10-15 19:26:20.778,33.357,Montrose_WaterTempDrop_85,atomic,[Montrose_WaterTempDrop_85],[1.0000],1,1,1.0000,[[MontroseBeach201506080400_Water_Temperature]]
2025-10-15 19:26:20.838,33.417,Montrose_WaterTempDrop_85,atomic,[Montrose_WaterTempDrop_85],[1.0000],1,1,1.0000,[[MontroseBeach201506080500_Water_Temperature]]
2025-10-15 19:26:20.841,33.420,63rd_WaterTempDrop_85,atomic,[63rd_WaterTempDrop_85],[1.0000],1,1,1.0000,[[63rdStreetBeach201506080500_Water_Temperature]]
2025-10-15 19:26:20.841,33.420,Calumet_WaterTempDrop_85,atomic,[Calumet_WaterTempDrop_85],[1.0000],1,1,1.0000,[[CalumetBeach201506080500_Water_Temperature]]
2025-10-15 19:26:20.900,33.479,Montrose_WaterTempDrop_85,atomic,[Montrose_WaterTempDrop_85],[0.9709],1,1,0.9709,[[MontroseBeach201506080600_Water_Temperature]]
2025-10-15 19:26:20.901,33.480,63rd_WaterTempDrop_85,atomic,[63rd_WaterTempDrop_85],[1.0000],1,1,1.0000,[[63rdStreetBeach201506080600_Water_Temperature]]
2025-10-15 19:26:20.901,33.480,Calumet_WaterTempDrop_85,atomic,[Calumet_WaterTempDrop_85],[1.0000],1,1,1.0000,[[CalumetBeach201506080600_Water_Temperature]]
2025-10-15 19:26:20.964,33.543,63rd_WaterTempDrop_85,atomic,[63rd_WaterTempDrop_85],[1.0000],1,1,1.0000,[[63rdStreetBeach201506080700_Water_Temperature]]
2025-10-15 19:26:20.966,33.545,Calumet_WaterTempDrop_85,atomic,[Calumet_WaterTempDrop_85],[1.0000],1,1,1.0000,[[CalumetBeach201506080700_Water_Temperature]]
2025-10-15 19:26:20.968,33.547,Montrose_WaterTempDrop_85,atomic,[Montrose_WaterTempDrop_85],[1.0000],1,1,1.0000,[[MontroseBeach201506080700_Water_Temperature]]
2025-10-15 19:26:21.025,33.604,Calumet_WaterTempDrop_85,atomic,[Calumet_WaterTempDrop_85],[0.9677],1,1,0.9677,[[CalumetBeach201506080800_Water_Temperature]]
2025-10-15 19:26:21.025,33.604,Montrose_WaterTempDrop_85,atomic,[Montrose_WaterTempDrop_85],[1.0000],1,1,1.0000,[[MontroseBeach201506080800_Water_Temperature]]
2025-10-15 19:26:21.027,33.606,63rd_WaterTempDrop_85,atomic,[63rd_WaterTempDrop_85],[1.0000],1,1,1.0000,[[63rdStreetBeach201506080800_Water_Temperature]]
2025-10-15 19:26:21.087,33.666,63rd_WaterTempDrop_85,atomic,[63rd_WaterTempDrop_85],[0.9687],1,1,0.9687,[[63rdStreetBeach201506080900_Water_Temperature]]
2025-10-15 19:26:21.088,33.667,Calumet_WaterTempDrop_85,atomic,[Calumet_WaterTempDrop_85],[1.0000],1,1,1.0000,[[CalumetBeach201506080900_Water_Temperature]]
2025-10-15 19:26:21.091,33.670,Montrose_WaterTempDrop_85,atomic,[Montrose_WaterTempDrop_85],[1.0000],1,1,1.0000,[[MontroseBeach201506080900_Water_Temperature]]
2025-10-15 19:26:21.152,33.731,Montrose_WaterTempDrop_85,atomic,[Montrose_WaterTempDrop_85],[1.0000],1,1,1.0000,[[MontroseBeach201506081000_Water_Temperature]]
2025-10-15 19:26:21.152,33.731,63rd_WaterTempDrop_85,atomic,[63rd_WaterTempDrop_85],[1.0000],1,1,1.0000,[[63rdStreetBeach201506081000_Water_Temperature]]
2025-10-15 19:26:21.153,33.732,Calumet_WaterTempDrop_85,atomic,[Calumet_WaterTempDrop_85],[1.0000],1,1,1.0000,[[CalumetBeach201506081000_Water_Temperature]]
2025-10-15 19:26:21.211,33.790,Montrose_WaterTempDrop_85,atomic,[Montrose_WaterTempDrop_85],[0.9706],1,1,0.9706,[[MontroseBeach201506081100_Water_Temperature]]
2025-10-15 19:26:21.213,33.792,63rd_WaterTempDrop_85,atomic,[63rd_WaterTempDrop_85],[0.9664],1,1,0.9664,[[63rdStreetBeach201506081100_Water_Temperature]]
2025-10-15 19:26:21.215,33.794,Calumet_WaterTempDrop_85,atomic,[Calumet_WaterTempDrop_85],[1.0000],1,1,1.0000,[[CalumetBeach201506081100_Water_Temperature]]
2025-10-15 19:26:21.277,33.856,Montrose_WaterTempDrop_85,atomic,[Montrose_WaterTempDrop_85],[1.0000],1,1,1.0000,[[MontroseBeach201506081200_Water_Temperature]]
2025-10-15 19:26:21.278,33.857,Calumet_WaterTempDrop_85,atomic,[Calumet_WaterTempDrop_85],[1.0000],1,1,1.0000,[[CalumetBeach201506081200_Water_Temperature]]
2025-10-15 19:26:21.279,33.858,63rd_WaterTempDrop_85,atomic,[63rd_WaterTempDrop_85],[1.0000],1,1,1.0000,[[63rdStreetBeach201506081200_Water_Temperature]]
2025-10-15 19:26:21.336,33.915,Montrose_WaterTempDrop_85,atomic,[Montrose_WaterTempDrop_85],[0.9680],1,1,0.9680,[[MontroseBeach201506081300_Water_Temperature]]
2025-10-15 19:26:21.338,33.917,Calumet_WaterTempDrop_85,atomic,[Calumet_WaterTempDrop_85],[1.0000],1,1,1.0000,[[CalumetBeach201506081300_Water_Temperature]]
2025-10-15 19:26:21.400,33.979,Montrose_WaterTempDrop_85,atomic,[Montrose_WaterTempDrop_85],[1.0000],1,1,1.0000,[[MontroseBeach201506081400_Water_Temperature]]
2025-10-15 19:26:21.401,33.980,Calumet_WaterTempDrop_85,atomic,[Calumet_WaterTempDrop_85],[1.0000],1,1,1.0000,[[CalumetBeach201506081400_Water_Temperature]]
2025-10-15 19:26:21.402,33.981,63rd_WaterTempDrop_85,atomic,[63rd_WaterTempDrop_85],[1.0000],1,1,1.0000,[[63rdStreetBeach201506081400_Water_Temperature]]
2025-10-15 19:26:21.462,34.041,Montrose_WaterTempDrop_85,atomic,[Montrose_WaterTempDrop_85],[1.0000],1,1,1.0000,[[MontroseBeach201506081500_Water_Temperature]]
2025-10-15 19:26:21.464,34.043,Calumet_WaterTempDrop_85,atomic,[Calumet_WaterTempDrop_85],[1.0000],1,1,1.0000,[[CalumetBeach201506081500_Water_Temperature]]
2025-10-15 19:26:21.525,34.104,63rd_WaterTempDrop_85,atomic,[63rd_WaterTempDrop_85],[1.0000],1,1,1.0000,[[63rdStreetBeach201506081600_Water_Temperature]]
2025-10-15 19:26:21.526,34.105,Calumet_WaterTempDrop_85,atomic,[Calumet_WaterTempDrop_85],[1.0000],1,1,1.0000,[[CalumetBeach201506081600_Water_Temperature]]
2025-10-15 19:26:21.529,34.108,Montrose_WaterTempDrop_85,atomic,[Montrose_WaterTempDrop_85],[1.0000],1,1,1.0000,[[MontroseBeach201506081600_Water_Temperature]]
2025-10-15 19:26:21.588,34.167,Calumet_WaterTempDrop_85,atomic,[Calumet_WaterTempDrop_85],[1.0000],1,1,1.0000,[[CalumetBeach201506081700_Water_Temperature]]
2025-10-15 19:26:21.590,34.169,Montrose_WaterTempDrop_85,atomic,[Montrose_WaterTempDrop_85],[1.0000],1,1,1.0000,[[MontroseBeach201506081700_Water_Temperature]]
2025-10-15 19:26:21.591,34.170,63rd_WaterTempDrop_85,atomic,[63rd_WaterTempDrop_85],[1.0000],1,1,1.0000,[[63rdStreetBeach201506081700_Water_Temperature]]
2025-10-15 19:26:21.652,34.231,Calumet_WaterTempDrop_85,atomic,[Calumet_WaterTempDrop_85],[1.0000],1,1,1.0000,[[CalumetBeach201506081800_Water_Temperature]]
2025-10-15 19:26:21.654,34.233,Montrose_WaterTempDrop_85,atomic,[Montrose_WaterTempDrop_85],[1.0000],1,1,1.0000,[[MontroseBeach201506081800_Water_Temperature]]
2025-10-15 19:26:21.654,34.233,63rd_WaterTempDrop_85,atomic,[63rd_WaterTempDrop_85],[1.0000],1,1,1.0000,[[63rdStreetBeach201506081800_Water_Temperature]]
2025-10-15 19:26:21.712,34.291,Montrose_WaterTempDrop_85,atomic,[Montrose_WaterTempDrop_85],[0.9699],1,1,0.9699,[[MontroseBeach201506081900_Water_Temperature]]
2025-10-15 19:26:21.714,34.293,Calumet_WaterTempDrop_85,atomic,[Calumet_WaterTempDrop_85],[1.0000],1,1,1.0000,[[CalumetBeach201506081900_Water_Temperature]]
2025-10-15 19:26:21.716,34.295,63rd_WaterTempDrop_85,atomic,[63rd_WaterTempDrop_85],[1.0000],1,1,1.0000,[[63rdStreetBeach201506081900_Water_Temperature]]
2025-10-15 19:26:21.776,34.355,Calumet_WaterTempDrop_85,atomic,[Calumet_WaterTempDrop_85],[0.9726],1,1,0.9726,[[CalumetBeach201506082000_Water_Temperature]]
2025-10-15 19:26:21.778,34.357,Montrose_WaterTempDrop_85,atomic,[Montrose_WaterTempDrop_85],[1.0000],1,1,1.0000,[[MontroseBeach201506082000_Water_Temperature]]
2025-10-15 19:26:21.779,34.358,63rd_WaterTempDrop_85,atomic,[63rd_WaterTempDrop_85],[1.0000],1,1,1.0000,[[63rdStreetBeach201506082000_Water_Temperature]]
2025-10-15 19:26:21.839,34.418,63rd_WaterTempDrop_85,atomic,[63rd_WaterTempDrop_85],[1.0000],1,1,1.0000,[[63rdStreetBeach201506082100_Water_Temperature]]
2025-10-15 19:26:21.842,34.421,Montrose_WaterTempDrop_85,atomic,[Montrose_WaterTempDrop_85],[1.0000],1,1,1.0000,[[MontroseBeach201506082100_Water_Temperature]]
2025-10-15 19:26:21.842,34.421,Calumet_WaterTempDrop_85,atomic,[Calumet_WaterTempDrop_85],[1.0000],1,1,1.0000,[[CalumetBeach201506082100_Water_Temperature]]
2025-10-15 19:26:21.901,34.480,63rd_WaterTempDrop_85,atomic,[63rd_WaterTempDrop_85],[1.0000],1,1,1.0000,[[63rdStreetBeach201506082200_Water_Temperature]]
2025-10-15 19:26:21.904,34.483,Calumet_WaterTempDrop_85,atomic,[Calumet_WaterTempDrop_85],[1.0000],1,1,1.0000,[[CalumetBeach201506082200_Water_Temperature]]
2025-10-15 19:26:21.904,34.483,Montrose_WaterTempDrop_85,atomic,[Montrose_WaterTempDrop_85],[1.0000],1,1,1.0000,[[MontroseBeach201506082200_Water_Temperature]]
2025-10-15 19:26:21.967,34.546,Montrose_WaterTempDrop_85,atomic,[Montrose_WaterTempDrop_85],[1.0000],1,1,1.0000,[[MontroseBeach201506082300_Water_Temperature]]
2025-10-15 19:26:21.970,34.549,63rd_WaterTempDrop_85,atomic,[63rd_WaterTempDrop_85],[1.0000],1,1,1.0000,[[63rdStreetBeach201506082300_Water_Temperature]]
2025-10-15 19:26:21.970,34.549,Calumet_WaterTempDrop_85,atomic,[Calumet_WaterTempDrop_85],[1.0000],1,1,1.0000,[[CalumetBeach201506082300_Water_Temperature]]
2025-10-15 19:26:22.028,34.607,63rd_WaterTempDrop_85,atomic,[63rd_WaterTempDrop_85],[0.9721],1,1,0.9721,[[63rdStreetBeach201506092400_Water_Temperature]]
2025-10-15 19:26:22.030,34.609,Calumet_WaterTempDrop_85,atomic,[Calumet_WaterTempDrop_85],[1.0000],1,1,1.0000,[[CalumetBeach201506092400_Water_Temperature]]
2025-10-15 19:26:22.031,34.610,Montrose_WaterTempDrop_85,atomic,[Montrose_WaterTempDrop_85],[1.0000],1,1,1.0000,[[MontroseBeach201506092400_Water_Temperature]]
2025-10-15 19:26:22.093,34.672,63rd_WaterTempDrop_85,atomic,[63rd_WaterTempDrop_85],[1.0000],1,1,1.0000,[[63rdStreetBeach201506090100_Water_Temperature]]
2025-10-15 19:26:22.093,34.672,Montrose_WaterTempDrop_85,atomic,[Montrose_WaterTempDrop_85],[1.0000],1,1,1.0000,[[MontroseBeach201506090100_Water_Temperature]]
2025-10-15 19:26:22.094,34.673,Calumet_WaterTempDrop_85,atomic,[Calumet_WaterTempDrop_85],[1.0000],1,1,1.0000,[[CalumetBeach201506090100_Water_Temperature]]
2025-10-15 19:26:22.154,34.733,Calumet_WaterTempDrop_85,atomic,[Calumet_WaterTempDrop_85],[0.9716],1,1,0.9716,[[CalumetBeach201506090200_Water_Temperature]]
2025-10-15 19:26:22.156,34.735,Montrose_WaterTempDrop_85,atomic,[Montrose_WaterTempDrop_85],[1.0000],1,1,1.0000,[[MontroseBeach201506090200_Water_Temperature]]
2025-10-15 19:26:22.157,34.736,63rd_WaterTempDrop_85,atomic,[63rd_WaterTempDrop_85],[1.0000],1,1,1.0000,[[63rdStreetBeach201506090200_Water_Temperature]]
2025-10-15 19:26:22.218,34.797,Calumet_WaterTempDrop_85,atomic,[Calumet_WaterTempDrop_85],[1.0000],1,1,1.0000,[[CalumetBeach201506090300_Water_Temperature]]
2025-10-15 19:26:22.220,34.799,Montrose_WaterTempDrop_85,atomic,[Montrose_WaterTempDrop_85],[1.0000],1,1,1.0000,[[MontroseBeach201506090300_Water_Temperature]]
2025-10-15 19:26:22.221,34.800,63rd_WaterTempDrop_85,atomic,[63rd_WaterTempDrop_85],[1.0000],1,1,1.0000,[[63rdStreetBeach201506090300_Water_Temperature]]
2025-10-15 19:26:22.279,34.858,Calumet_WaterTempDrop_85,atomic,[Calumet_WaterTempDrop_85],[0.9687],1,1,0.9687,[[CalumetBeach201506090400_Water_Temperature]]
2025-10-15 19:26:22.280,34.859,63rd_WaterTempDrop_85,atomic,[63rd_WaterTempDrop_85],[1.0000],1,1,1.0000,[[63rdStreetBeach201506090400_Water_Temperature]]
2025-10-15 19:26:22.282,34.861,Montrose_WaterTempDrop_85,atomic,[Montrose_WaterTempDrop_85],[1.0000],1,1,1.0000,[[MontroseBeach201506090400_Water_Temperature]]
2025-10-15 19:26:22.345,34.924,Montrose_WaterTempDrop_85,atomic,[Montrose_WaterTempDrop_85],[1.0000],1,1,1.0000,[[MontroseBeach201506090500_Water_Temperature]]
2025-10-15 19:26:22.346,34.925,Calumet_WaterTempDrop_85,atomic,[Calumet_WaterTempDrop_85],[1.0000],1,1,1.0000,[[CalumetBeach201506090500_Water_Temperature]]
2025-10-15 19:26:22.346,34.925,63rd_WaterTempDrop_85,atomic,[63rd_WaterTempDrop_85],[1.0000],1,1,1.0000,[[63rdStreetBeach201506090500_Water_Temperature]]
2025-10-15 19:26:22.408,34.987,Calumet_WaterTempDrop_85,atomic,[Calumet_WaterTempDrop_85],[1.0000],1,1,1.0000,[[CalumetBeach201506090600_Water_Temperature]]
2025-10-15 19:26:22.410,34.989,63rd_WaterTempDrop_85,atomic,[63rd_WaterTempDrop_85],[1.0000],1,1,1.0000,[[63rdStreetBeach201506090600_Water_Temperature]]
2025-10-15 19:26:22.410,34.989,Montrose_WaterTempDrop_85,atomic,[Montrose_WaterTempDrop_85],[1.0000],1,1,1.0000,[[MontroseBeach201506090600_Water_Temperature]]
2025-10-15 19:26:22.477,35.056,Calumet_WaterTempDrop_85,atomic,[Calumet_WaterTempDrop_85],[1.0000],1,1,1.0000,[[CalumetBeach201506090700_Water_Temperature]]
2025-10-15 19:26:22.478,35.057,63rd_WaterTempDrop_85,atomic,[63rd_WaterTempDrop_85],[1.0000],1,1,1.0000,[[63rdStreetBeach201506090700_Water_Temperature]]
2025-10-15 19:26:22.478,35.057,Montrose_WaterTempDrop_85,atomic,[Montrose_WaterTempDrop_85],[1.0000],1,1,1.0000,[[MontroseBeach201506090700_Water_Temperature]]
2025-10-15 19:26:22.532,35.111,Montrose_WaterTempDrop_85,atomic,[Montrose_WaterTempDrop_85],[1.0000],1,1,1.0000,[[MontroseBeach201506090800_Water_Temperature]]
2025-10-15 19:26:22.532,35.111,Calumet_WaterTempDrop_85,atomic,[Calumet_WaterTempDrop_85],[1.0000],1,1,1.0000,[[CalumetBeach201506090800_Water_Temperature]]
2025-10-15 19:26:22.533,35.112,63rd_WaterTempDrop_85,atomic,[63rd_WaterTempDrop_85],[1.0000],1,1,1.0000,[[63rdStreetBeach201506090800_Water_Temperature]]
2025-10-15 19:26:22.608,35.187,Calumet_WaterTempDrop_85,atomic,[Calumet_WaterTempDrop_85],[1.0000],1,1,1.0000,[[CalumetBeach201506090900_Water_Temperature]]
2025-10-15 19:26:22.609,35.188,Montrose_WaterTempDrop_85,atomic,[Montrose_WaterTempDrop_85],[1.0000],1,1,1.0000,[[MontroseBeach201506090900_Water_Temperature]]
2025-10-15 19:26:22.611,35.190,63rd_WaterTempDrop_85,atomic,[63rd_WaterTempDrop_85],[1.0000],1,1,1.0000,[[63rdStreetBeach201506090900_Water_Temperature]]
2025-10-15 19:26:22.655,35.234,Calumet_WaterTempDrop_85,atomic,[Calumet_WaterTempDrop_85],[1.0000],1,1,1.0000,[[CalumetBeach201506091000_Water_Temperature]]
2025-10-15 19:26:22.657,35.236,Montrose_WaterTempDrop_85,atomic,[Montrose_WaterTempDrop_85],[1.0000],1,1,1.0000,[[MontroseBeach201506091000_Water_Temperature]]
2025-10-15 19:26:22.719,35.298,Calumet_WaterTempDrop_85,atomic,[Calumet_WaterTempDrop_85],[1.0000],1,1,1.0000,[[CalumetBeach201506091100_Water_Temperature]]
2025-10-15 19:26:22.719,35.298,Montrose_WaterTempDrop_85,atomic,[Montrose_WaterTempDrop_85],[1.0000],1,1,1.0000,[[MontroseBeach201506091100_Water_Temperature]]
2025-10-15 19:26:22.720,35.299,63rd_WaterTempDrop_85,atomic,[63rd_WaterTempDrop_85],[1.0000],1,1,1.0000,[[63rdStreetBeach201506091100_Water_Temperature]]
2025-10-15 19:26:22.777,35.356,63rd_WaterTempDrop_85,atomic,[63rd_WaterTempDrop_85],[0.9728],1,1,0.9728,[[63rdStreetBeach201506091200_Water_Temperature]]
2025-10-15 19:26:22.778,35.357,Calumet_WaterTempDrop_85,atomic,[Calumet_WaterTempDrop_85],[1.0000],1,1,1.0000,[[CalumetBeach201506091200_Water_Temperature]]
2025-10-15 19:26:22.781,35.360,Montrose_WaterTempDrop_85,atomic,[Montrose_WaterTempDrop_85],[1.0000],1,1,1.0000,[[MontroseBeach201506091200_Water_Temperature]]
2025-10-15 19:26:22.844,35.423,Calumet_WaterTempDrop_85,atomic,[Calumet_WaterTempDrop_85],[1.0000],1,1,1.0000,[[CalumetBeach201506091300_Water_Temperature]]
2025-10-15 19:26:22.845,35.424,Montrose_WaterTempDrop_85,atomic,[Montrose_WaterTempDrop_85],[1.0000],1,1,1.0000,[[MontroseBeach201506091300_Water_Temperature]]
2025-10-15 19:26:22.847,35.426,63rd_WaterTempDrop_85,atomic,[63rd_WaterTempDrop_85],[1.0000],1,1,1.0000,[[63rdStreetBeach201506091300_Water_Temperature]]
2025-10-15 19:26:22.903,35.482,Montrose_WaterTempDrop_85,atomic,[Montrose_WaterTempDrop_85],[0.9733],1,1,0.9733,[[MontroseBeach201506091400_Water_Temperature]]
2025-10-15 19:26:22.905,35.484,63rd_WaterTempDrop_85,atomic,[63rd_WaterTempDrop_85],[1.0000],1,1,1.0000,[[63rdStreetBeach201506091400_Water_Temperature]]
2025-10-15 19:26:22.907,35.486,Calumet_WaterTempDrop_85,atomic,[Calumet_WaterTempDrop_85],[1.0000],1,1,1.0000,[[CalumetBeach201506091400_Water_Temperature]]
2025-10-15 19:26:22.967,35.546,Montrose_WaterTempDrop_85,atomic,[Montrose_WaterTempDrop_85],[0.9698],1,1,0.9698,[[MontroseBeach201506091500_Water_Temperature]]
2025-10-15 19:26:22.969,35.548,63rd_WaterTempDrop_85,atomic,[63rd_WaterTempDrop_85],[1.0000],1,1,1.0000,[[63rdStreetBeach201506091500_Water_Temperature]]
2025-10-15 19:26:22.970,35.549,Calumet_WaterTempDrop_85,atomic,[Calumet_WaterTempDrop_85],[1.0000],1,1,1.0000,[[CalumetBeach201506091500_Water_Temperature]]
2025-10-15 19:26:23.027,35.606,Montrose_WaterTempDrop_85,atomic,[Montrose_WaterTempDrop_85],[0.9659],1,1,0.9659,[[MontroseBeach201506091600_Water_Temperature]]
2025-10-15 19:26:23.028,35.607,Calumet_WaterTempDrop_85,atomic,[Calumet_WaterTempDrop_85],[1.0000],1,1,1.0000,[[CalumetBeach201506091600_Water_Temperature]]
2025-10-15 19:26:23.032,35.611,63rd_WaterTempDrop_85,atomic,[63rd_WaterTempDrop_85],[0.9709],1,1,0.9709,[[63rdStreetBeach201506091600_Water_Temperature]]
2025-10-15 19:26:23.090,35.669,Montrose_WaterTempDrop_85,atomic,[Montrose_WaterTempDrop_85],[1.0000],1,1,1.0000,[[MontroseBeach201506091700_Water_Temperature]]
2025-10-15 19:26:23.094,35.673,Calumet_WaterTempDrop_85,atomic,[Calumet_WaterTempDrop_85],[1.0000],1,1,1.0000,[[CalumetBeach201506091700_Water_Temperature]]
2025-10-15 19:26:23.094,35.673,63rd_WaterTempDrop_85,atomic,[63rd_WaterTempDrop_85],[1.0000],1,1,1.0000,[[63rdStreetBeach201506091700_Water_Temperature]]
2025-10-15 19:26:23.152,35.731,Calumet_WaterTempDrop_85,atomic,[Calumet_WaterTempDrop_85],[1.0000],1,1,1.0000,[[CalumetBeach201506091800_Water_Temperature]]
2025-10-15 19:26:23.154,35.733,Montrose_WaterTempDrop_85,atomic,[Montrose_WaterTempDrop_85],[1.0000],1,1,1.0000,[[MontroseBeach201506091800_Water_Temperature]]
2025-10-15 19:26:23.155,35.734,63rd_WaterTempDrop_85,atomic,[63rd_WaterTempDrop_85],[1.0000],1,1,1.0000,[[63rdStreetBeach201506091800_Water_Temperature]]
2025-10-15 19:26:23.214,35.793,Calumet_WaterTempDrop_85,atomic,[Calumet_WaterTempDrop_85],[1.0000],1,1,1.0000,[[CalumetBeach201506091900_Water_Temperature]]
2025-10-15 19:26:23.218,35.797,Montrose_WaterTempDrop_85,atomic,[Montrose_WaterTempDrop_85],[0.9653],1,1,0.9653,[[MontroseBeach201506091900_Water_Temperature]]
2025-10-15 19:26:23.219,35.798,63rd_WaterTempDrop_85,atomic,[63rd_WaterTempDrop_85],[1.0000],1,1,1.0000,[[63rdStreetBeach201506091900_Water_Temperature]]
2025-10-15 19:26:23.275,35.854,Montrose_WaterTempDrop_85,atomic,[Montrose_WaterTempDrop_85],[1.0000],1,1,1.0000,[[MontroseBeach201506092000_Water_Temperature]]
2025-10-15 19:26:23.276,35.855,63rd_WaterTempDrop_85,atomic,[63rd_WaterTempDrop_85],[1.0000],1,1,1.0000,[[63rdStreetBeach201506092000_Water_Temperature]]
2025-10-15 19:26:23.277,35.856,Calumet_WaterTempDrop_85,atomic,[Calumet_WaterTempDrop_85],[1.0000],1,1,1.0000,[[CalumetBeach201506092000_Water_Temperature]]
2025-10-15 19:26:23.336,35.915,Calumet_WaterTempDrop_85,atomic,[Calumet_WaterTempDrop_85],[0.9730],1,1,0.9730,[[CalumetBeach201506092100_Water_Temperature]]
2025-10-15 19:26:23.336,35.915,63rd_WaterTempDrop_85,atomic,[63rd_WaterTempDrop_85],[1.0000],1,1,1.0000,[[63rdStreetBeach201506092100_Water_Temperature]]
2025-10-15 19:26:23.338,35.917,Montrose_WaterTempDrop_85,atomic,[Montrose_WaterTempDrop_85],[1.0000],1,1,1.0000,[[MontroseBeach201506092100_Water_Temperature]]
2025-10-15 19:26:23.399,35.978,63rd_WaterTempDrop_85,atomic,[63rd_WaterTempDrop_85],[0.9708],1,1,0.9708,[[63rdStreetBeach201506092200_Water_Temperature]]
2025-10-15 19:26:23.399,35.978,Calumet_WaterTempDrop_85,atomic,[Calumet_WaterTempDrop_85],[1.0000],1,1,1.0000,[[CalumetBeach201506092200_Water_Temperature]]
2025-10-15 19:26:23.399,35.978,Montrose_WaterTempDrop_85,atomic,[Montrose_WaterTempDrop_85],[0.9651],1,1,0.9651,[[MontroseBeach201506092200_Water_Temperature]]
2025-10-15 19:26:23.459,36.038,63rd_WaterTempDrop_85,atomic,[63rd_WaterTempDrop_85],[1.0000],1,1,1.0000,[[63rdStreetBeach201506092300_Water_Temperature]]
2025-10-15 19:26:23.461,36.040,Calumet_WaterTempDrop_85,atomic,[Calumet_WaterTempDrop_85],[1.0000],1,1,1.0000,[[CalumetBeach201506092300_Water_Temperature]]
2025-10-15 19:26:23.462,36.041,Montrose_WaterTempDrop_85,atomic,[Montrose_WaterTempDrop_85],[1.0000],1,1,1.0000,[[MontroseBeach201506092300_Water_Temperature]]
2025-10-15 19:26:23.522,36.101,Montrose_WaterTempDrop_85,atomic,[Montrose_WaterTempDrop_85],[1.0000],1,1,1.0000,[[MontroseBeach201506102400_Water_Temperature]]
2025-10-15 19:26:23.523,36.102,63rd_WaterTempDrop_85,atomic,[63rd_WaterTempDrop_85],[1.0000],1,1,1.0000,[[63rdStreetBeach201506102400_Water_Temperature]]
2025-10-15 19:26:23.523,36.102,Calumet_WaterTempDrop_85,atomic,[Calumet_WaterTempDrop_85],[1.0000],1,1,1.0000,[[CalumetBeach201506102400_Water_Temperature]]
2025-10-15 19:26:23.584,36.163,Montrose_WaterTempDrop_85,atomic,[Montrose_WaterTempDrop_85],[1.0000],1,1,1.0000,[[MontroseBeach201506100100_Water_Temperature]]
2025-10-15 19:26:23.585,36.164,63rd_WaterTempDrop_85,atomic,[63rd_WaterTempDrop_85],[1.0000],1,1,1.0000,[[63rdStreetBeach201506100100_Water_Temperature]]
2025-10-15 19:26:23.587,36.166,Calumet_WaterTempDrop_85,atomic,[Calumet_WaterTempDrop_85],[1.0000],1,1,1.0000,[[CalumetBeach201506100100_Water_Temperature]]
2025-10-15 19:26:23.646,36.225,63rd_WaterTempDrop_85,atomic,[63rd_WaterTempDrop_85],[1.0000],1,1,1.0000,[[63rdStreetBeach201506100200_Water_Temperature]]
2025-10-15 19:26:23.646,36.225,Montrose_WaterTempDrop_85,atomic,[Montrose_WaterTempDrop_85],[1.0000],1,1,1.0000,[[MontroseBeach201506100200_Water_Temperature]]
2025-10-15 19:26:23.647,36.226,Calumet_WaterTempDrop_85,atomic,[Calumet_WaterTempDrop_85],[1.0000],1,1,1.0000,[[CalumetBeach201506100200_Water_Temperature]]
2025-10-15 19:26:23.708,36.287,Montrose_WaterTempDrop_85,atomic,[Montrose_WaterTempDrop_85],[0.9679],1,1,0.9679,[[MontroseBeach201506100300_Water_Temperature]]
2025-10-15 19:26:23.709,36.288,Calumet_WaterTempDrop_85,atomic,[Calumet_WaterTempDrop_85],[1.0000],1,1,1.0000,[[CalumetBeach201506100300_Water_Temperature]]
2025-10-15 19:26:23.711,36.290,63rd_WaterTempDrop_85,atomic,[63rd_WaterTempDrop_85],[1.0000],1,1,1.0000,[[63rdStreetBeach201506100300_Water_Temperature]]
2025-10-15 19:26:23.770,36.349,Montrose_WaterTempDrop_85,atomic,[Montrose_WaterTempDrop_85],[1.0000],1,1,1.0000,[[MontroseBeach201506100400_Water_Temperature]]
2025-10-15 19:26:23.773,36.352,63rd_WaterTempDrop_85,atomic,[63rd_WaterTempDrop_85],[1.0000],1,1,1.0000,[[63rdStreetBeach201506100400_Water_Temperature]]
2025-10-15 19:26:23.773,36.352,Calumet_WaterTempDrop_85,atomic,[Calumet_WaterTempDrop_85],[1.0000],1,1,1.0000,[[CalumetBeach201506100400_Water_Temperature]]
2025-10-15 19:26:23.836,36.415,Montrose_WaterTempDrop_85,atomic,[Montrose_WaterTempDrop_85],[1.0000],1,1,1.0000,[[MontroseBeach201506100500_Water_Temperature]]
2025-10-15 19:26:23.836,36.415,63rd_WaterTempDrop_85,atomic,[63rd_WaterTempDrop_85],[1.0000],1,1,1.0000,[[63rdStreetBeach201506100500_Water_Temperature]]
2025-10-15 19:26:23.837,36.416,Calumet_WaterTempDrop_85,atomic,[Calumet_WaterTempDrop_85],[1.0000],1,1,1.0000,[[CalumetBeach201506100500_Water_Temperature]]
2025-10-15 19:26:23.895,36.474,63rd_WaterTempDrop_85,atomic,[63rd_WaterTempDrop_85],[1.0000],1,1,1.0000,[[63rdStreetBeach201506100600_Water_Temperature]]
2025-10-15 19:26:23.897,36.476,Montrose_WaterTempDrop_85,atomic,[Montrose_WaterTempDrop_85],[1.0000],1,1,1.0000,[[MontroseBeach201506100600_Water_Temperature]]
2025-10-15 19:26:23.898,36.477,Calumet_WaterTempDrop_85,atomic,[Calumet_WaterTempDrop_85],[1.0000],1,1,1.0000,[[CalumetBeach201506100600_Water_Temperature]]
2025-10-15 19:26:23.959,36.538,63rd_WaterTempDrop_85,atomic,[63rd_WaterTempDrop_85],[1.0000],1,1,1.0000,[[63rdStreetBeach201506100700_Water_Temperature]]
2025-10-15 19:26:23.960,36.539,Montrose_WaterTempDrop_85,atomic,[Montrose_WaterTempDrop_85],[1.0000],1,1,1.0000,[[MontroseBeach201506100700_Water_Temperature]]
2025-10-15 19:26:23.961,36.540,Calumet_WaterTempDrop_85,atomic,[Calumet_WaterTempDrop_85],[1.0000],1,1,1.0000,[[CalumetBeach201506100700_Water_Temperature]]
2025-10-15 19:26:24.019,36.598,Calumet_WaterTempDrop_85,atomic,[Calumet_WaterTempDrop_85],[0.9727],1,1,0.9727,[[CalumetBeach201506100800_Water_Temperature]]
2025-10-15 19:26:24.021,36.600,Montrose_WaterTempDrop_85,atomic,[Montrose_WaterTempDrop_85],[1.0000],1,1,1.0000,[[MontroseBeach201506100800_Water_Temperature]]
2025-10-15 19:26:24.083,36.662,63rd_WaterTempDrop_85,atomic,[63rd_WaterTempDrop_85],[0.9723],1,1,0.9723,[[63rdStreetBeach201506100900_Water_Temperature]]
2025-10-15 19:26:24.086,36.665,Montrose_WaterTempDrop_85,atomic,[Montrose_WaterTempDrop_85],[1.0000],1,1,1.0000,[[MontroseBeach201506100900_Water_Temperature]]
2025-10-15 19:26:24.087,36.666,Calumet_WaterTempDrop_85,atomic,[Calumet_WaterTempDrop_85],[1.0000],1,1,1.0000,[[CalumetBeach201506100900_Water_Temperature]]
2025-10-15 19:26:24.145,36.724,Montrose_WaterTempDrop_85,atomic,[Montrose_WaterTempDrop_85],[0.9708],1,1,0.9708,[[MontroseBeach201506101000_Water_Temperature]]
2025-10-15 19:26:24.147,36.726,63rd_WaterTempDrop_85,atomic,[63rd_WaterTempDrop_85],[1.0000],1,1,1.0000,[[63rdStreetBeach201506101000_Water_Temperature]]
2025-10-15 19:26:24.148,36.727,Calumet_WaterTempDrop_85,atomic,[Calumet_WaterTempDrop_85],[1.0000],1,1,1.0000,[[CalumetBeach201506101000_Water_Temperature]]
2025-10-15 19:26:24.210,36.789,Calumet_WaterTempDrop_85,atomic,[Calumet_WaterTempDrop_85],[1.0000],1,1,1.0000,[[CalumetBeach201506101100_Water_Temperature]]
2025-10-15 19:26:24.210,36.789,Montrose_WaterTempDrop_85,atomic,[Montrose_WaterTempDrop_85],[1.0000],1,1,1.0000,[[MontroseBeach201506101100_Water_Temperature]]
2025-10-15 19:26:24.269,36.848,Montrose_WaterTempDrop_85,atomic,[Montrose_WaterTempDrop_85],[0.9683],1,1,0.9683,[[MontroseBeach201506101200_Water_Temperature]]
2025-10-15 19:26:24.272,36.851,Calumet_WaterTempDrop_85,atomic,[Calumet_WaterTempDrop_85],[0.9709],1,1,0.9709,[[CalumetBeach201506101200_Water_Temperature]]
2025-10-15 19:26:24.272,36.851,63rd_WaterTempDrop_85,atomic,[63rd_WaterTempDrop_85],[1.0000],1,1,1.0000,[[63rdStreetBeach201506101200_Water_Temperature]]
2025-10-15 19:26:24.331,36.910,Calumet_WaterTempDrop_85,atomic,[Calumet_WaterTempDrop_85],[0.9671],1,1,0.9671,[[CalumetBeach201506101300_Water_Temperature]]
2025-10-15 19:26:24.334,36.913,63rd_WaterTempDrop_85,atomic,[63rd_WaterTempDrop_85],[1.0000],1,1,1.0000,[[63rdStreetBeach201506101300_Water_Temperature]]
2025-10-15 19:26:24.336,36.915,Montrose_WaterTempDrop_85,atomic,[Montrose_WaterTempDrop_85],[1.0000],1,1,1.0000,[[MontroseBeach201506101300_Water_Temperature]]
2025-10-15 19:26:24.396,36.975,Montrose_WaterTempDrop_85,atomic,[Montrose_WaterTempDrop_85],[1.0000],1,1,1.0000,[[MontroseBeach201506101400_Water_Temperature]]
2025-10-15 19:26:24.397,36.976,Calumet_WaterTempDrop_85,atomic,[Calumet_WaterTempDrop_85],[1.0000],1,1,1.0000,[[CalumetBeach201506101400_Water_Temperature]]
2025-10-15 19:26:24.458,37.037,Calumet_WaterTempDrop_85,atomic,[Calumet_WaterTempDrop_85],[1.0000],1,1,1.0000,[[CalumetBeach201506101500_Water_Temperature]]
2025-10-15 19:26:24.460,37.039,Montrose_WaterTempDrop_85,atomic,[Montrose_WaterTempDrop_85],[1.0000],1,1,1.0000,[[MontroseBeach201506101500_Water_Temperature]]
2025-10-15 19:26:24.520,37.099,Montrose_WaterTempDrop_85,atomic,[Montrose_WaterTempDrop_85],[0.9685],1,1,0.9685,[[MontroseBeach201506101600_Water_Temperature]]
2025-10-15 19:26:24.521,37.100,Calumet_WaterTempDrop_85,atomic,[Calumet_WaterTempDrop_85],[1.0000],1,1,1.0000,[[CalumetBeach201506101600_Water_Temperature]]
2025-10-15 19:26:24.582,37.161,63rd_WaterTempDrop_85,atomic,[63rd_WaterTempDrop_85],[0.9707],1,1,0.9707,[[63rdStreetBeach201506101700_Water_Temperature]]
2025-10-15 19:26:24.583,37.162,Montrose_WaterTempDrop_85,atomic,[Montrose_WaterTempDrop_85],[0.9646],1,1,0.9646,[[MontroseBeach201506101700_Water_Temperature]]
2025-10-15 19:26:24.583,37.162,Calumet_WaterTempDrop_85,atomic,[Calumet_WaterTempDrop_85],[1.0000],1,1,1.0000,[[CalumetBeach201506101700_Water_Temperature]]
2025-10-15 19:26:24.645,37.224,Montrose_WaterTempDrop_85,atomic,[Montrose_WaterTempDrop_85],[1.0000],1,1,1.0000,[[MontroseBeach201506101800_Water_Temperature]]
2025-10-15 19:26:24.645,37.224,63rd_WaterTempDrop_85,atomic,[63rd_WaterTempDrop_85],[1.0000],1,1,1.0000,[[63rdStreetBeach201506101800_Water_Temperature]]
2025-10-15 19:26:24.646,37.225,Calumet_WaterTempDrop_85,atomic,[Calumet_WaterTempDrop_85],[1.0000],1,1,1.0000,[[CalumetBeach201506101800_Water_Temperature]]
2025-10-15 19:26:24.707,37.286,63rd_WaterTempDrop_85,atomic,[63rd_WaterTempDrop_85],[0.9680],1,1,0.9680,[[63rdStreetBeach201506101900_Water_Temperature]]
2025-10-15 19:26:24.710,37.289,Montrose_WaterTempDrop_85,atomic,[Montrose_WaterTempDrop_85],[0.9628],1,1,0.9628,[[MontroseBeach201506101900_Water_Temperature]]
2025-10-15 19:26:24.711,37.290,Calumet_WaterTempDrop_85,atomic,[Calumet_WaterTempDrop_85],[1.0000],1,1,1.0000,[[CalumetBeach201506101900_Water_Temperature]]
2025-10-15 19:26:24.783,37.362,63rd_WaterTempDrop_85,atomic,[63rd_WaterTempDrop_85],[1.0000],1,1,1.0000,[[63rdStreetBeach201506102000_Water_Temperature]]
2025-10-15 19:26:24.785,37.364,Montrose_WaterTempDrop_85,atomic,[Montrose_WaterTempDrop_85],[1.0000],1,1,1.0000,[[MontroseBeach201506102000_Water_Temperature]]
2025-10-15 19:26:24.785,37.364,Calumet_WaterTempDrop_85,atomic,[Calumet_WaterTempDrop_85],[1.0000],1,1,1.0000,[[CalumetBeach201506102000_Water_Temperature]]
2025-10-15 19:26:24.833,37.412,63rd_WaterTempDrop_85,atomic,[63rd_WaterTempDrop_85],[1.0000],1,1,1.0000,[[63rdStreetBeach201506102100_Water_Temperature]]
2025-10-15 19:26:24.833,37.412,Montrose_WaterTempDrop_85,atomic,[Montrose_WaterTempDrop_85],[1.0000],1,1,1.0000,[[MontroseBeach201506102100_Water_Temperature]]
2025-10-15 19:26:24.835,37.414,Calumet_WaterTempDrop_85,atomic,[Calumet_WaterTempDrop_85],[1.0000],1,1,1.0000,[[CalumetBeach201506102100_Water_Temperature]]
2025-10-15 19:26:24.893,37.472,Montrose_WaterTempDrop_85,atomic,[Montrose_WaterTempDrop_85],[1.0000],1,1,1.0000,[[MontroseBeach201506102200_Water_Temperature]]
2025-10-15 19:26:24.895,37.474,63rd_WaterTempDrop_85,atomic,[63rd_WaterTempDrop_85],[1.0000],1,1,1.0000,[[63rdStreetBeach201506102200_Water_Temperature]]
2025-10-15 19:26:24.896,37.475,Calumet_WaterTempDrop_85,atomic,[Calumet_WaterTempDrop_85],[1.0000],1,1,1.0000,[[CalumetBeach201506102200_Water_Temperature]]
2025-10-15 19:26:24.955,37.534,63rd_WaterTempDrop_85,atomic,[63rd_WaterTempDrop_85],[0.9682],1,1,0.9682,[[63rdStreetBeach201506102300_Water_Temperature]]
2025-10-15 19:26:24.956,37.535,Montrose_WaterTempDrop_85,atomic,[Montrose_WaterTempDrop_85],[1.0000],1,1,1.0000,[[MontroseBeach201506102300_Water_Temperature]]
2025-10-15 19:26:24.958,37.537,Calumet_WaterTempDrop_85,atomic,[Calumet_WaterTempDrop_85],[1.0000],1,1,1.0000,[[CalumetBeach201506102300_Water_Temperature]]
2025-10-15 19:26:25.018,37.597,Montrose_WaterTempDrop_85,atomic,[Montrose_WaterTempDrop_85],[0.9671],1,1,0.9671,[[MontroseBeach201506112400_Water_Temperature]]
2025-10-15 19:26:25.020,37.599,Calumet_WaterTempDrop_85,atomic,[Calumet_WaterTempDrop_85],[1.0000],1,1,1.0000,[[CalumetBeach201506112400_Water_Temperature]]
2025-10-15 19:26:25.021,37.600,63rd_WaterTempDrop_85,atomic,[63rd_WaterTempDrop_85],[1.0000],1,1,1.0000,[[63rdStreetBeach201506112400_Water_Temperature]]
2025-10-15 19:26:25.082,37.661,63rd_WaterTempDrop_85,atomic,[63rd_WaterTempDrop_85],[0.9659],1,1,0.9659,[[63rdStreetBeach201506110100_Water_Temperature]]
2025-10-15 19:26:25.083,37.662,Calumet_WaterTempDrop_85,atomic,[Calumet_WaterTempDrop_85],[0.9723],1,1,0.9723,[[CalumetBeach201506110100_Water_Temperature]]
2025-10-15 19:26:25.085,37.664,Montrose_WaterTempDrop_85,atomic,[Montrose_WaterTempDrop_85],[1.0000],1,1,1.0000,[[MontroseBeach201506110100_Water_Temperature]]
2025-10-15 19:26:25.143,37.722,63rd_WaterTempDrop_85,atomic,[63rd_WaterTempDrop_85],[0.9617],1,1,0.9617,[[63rdStreetBeach201506110200_Water_Temperature]]
2025-10-15 19:26:25.144,37.723,Montrose_WaterTempDrop_85,atomic,[Montrose_WaterTempDrop_85],[1.0000],1,1,1.0000,[[MontroseBeach201506110200_Water_Temperature]]
2025-10-15 19:26:25.145,37.724,Calumet_WaterTempDrop_85,atomic,[Calumet_WaterTempDrop_85],[1.0000],1,1,1.0000,[[CalumetBeach201506110200_Water_Temperature]]
2025-10-15 19:26:25.209,37.788,Calumet_WaterTempDrop_85,atomic,[Calumet_WaterTempDrop_85],[1.0000],1,1,1.0000,[[CalumetBeach201506110300_Water_Temperature]]
2025-10-15 19:26:25.209,37.788,Montrose_WaterTempDrop_85,atomic,[Montrose_WaterTempDrop_85],[1.0000],1,1,1.0000,[[MontroseBeach201506110300_Water_Temperature]]
2025-10-15 19:26:25.209,37.788,63rd_WaterTempDrop_85,atomic,[63rd_WaterTempDrop_85],[1.0000],1,1,1.0000,[[63rdStreetBeach201506110300_Water_Temperature]]
2025-10-15 19:26:25.268,37.847,Calumet_WaterTempDrop_85,atomic,[Calumet_WaterTempDrop_85],[0.9702],1,1,0.9702,[[CalumetBeach201506110400_Water_Temperature]]
2025-10-15 19:26:25.269,37.848,63rd_WaterTempDrop_85,atomic,[63rd_WaterTempDrop_85],[0.9604],1,1,0.9604,[[63rdStreetBeach201506110400_Water_Temperature]]
2025-10-15 19:26:25.271,37.850,Montrose_WaterTempDrop_85,atomic,[Montrose_WaterTempDrop_85],[1.0000],1,1,1.0000,[[MontroseBeach201506110400_Water_Temperature]]
2025-10-15 19:26:25.331,37.910,Montrose_WaterTempDrop_85,atomic,[Montrose_WaterTempDrop_85],[0.9690],1,1,0.9690,[[MontroseBeach201506110500_Water_Temperature]]
2025-10-15 19:26:25.331,37.910,Calumet_WaterTempDrop_85,atomic,[Calumet_WaterTempDrop_85],[0.9664],1,1,0.9664,[[CalumetBeach201506110500_Water_Temperature]]
2025-10-15 19:26:25.335,37.914,63rd_WaterTempDrop_85,atomic,[63rd_WaterTempDrop_85],[1.0000],1,1,1.0000,[[63rdStreetBeach201506110500_Water_Temperature]]
2025-10-15 19:26:25.392,37.971,Montrose_WaterTempDrop_85,atomic,[Montrose_WaterTempDrop_85],[0.9652],1,1,0.9652,[[MontroseBeach201506110600_Water_Temperature]]
2025-10-15 19:26:25.392,37.971,Calumet_WaterTempDrop_85,atomic,[Calumet_WaterTempDrop_85],[0.9623],1,1,0.9623,[[CalumetBeach201506110600_Water_Temperature]]
2025-10-15 19:26:25.456,38.035,63rd_WaterTempDrop_85,atomic,[63rd_WaterTempDrop_85],[1.0000],1,1,1.0000,[[63rdStreetBeach201506110700_Water_Temperature]]
2025-10-15 19:26:25.458,38.037,Calumet_WaterTempDrop_85,atomic,[Calumet_WaterTempDrop_85],[1.0000],1,1,1.0000,[[CalumetBeach201506110700_Water_Temperature]]
2025-10-15 19:26:25.459,38.038,Montrose_WaterTempDrop_85,atomic,[Montrose_WaterTempDrop_85],[1.0000],1,1,1.0000,[[MontroseBeach201506110700_Water_Temperature]]
2025-10-15 19:26:25.517,38.096,Calumet_WaterTempDrop_85,atomic,[Calumet_WaterTempDrop_85],[0.9607],1,1,0.9607,[[CalumetBeach201506110800_Water_Temperature]]
2025-10-15 19:26:25.518,38.097,Montrose_WaterTempDrop_85,atomic,[Montrose_WaterTempDrop_85],[1.0000],1,1,1.0000,[[MontroseBeach201506110800_Water_Temperature]]
2025-10-15 19:26:25.580,38.159,63rd_WaterTempDrop_85,atomic,[63rd_WaterTempDrop_85],[0.9622],1,1,0.9622,[[63rdStreetBeach201506110900_Water_Temperature]]
2025-10-15 19:26:25.642,38.221,Calumet_WaterTempDrop_85,atomic,[Calumet_WaterTempDrop_85],[0.9560],1,1,0.9560,[[CalumetBeach201506111200_Water_Temperature]]
2025-10-15 19:26:25.644,38.223,Montrose_WaterTempDrop_85,atomic,[Montrose_WaterTempDrop_85],[1.0000],1,1,1.0000,[[MontroseBeach201506111200_Water_Temperature]]
2025-10-15 19:26:25.644,38.223,63rd_WaterTempDrop_85,atomic,[63rd_WaterTempDrop_85],[1.0000],1,1,1.0000,[[63rdStreetBeach201506111200_Water_Temperature]]
2025-10-15 19:26:25.707,38.286,Calumet_WaterTempDrop_85,atomic,[Calumet_WaterTempDrop_85],[0.9508],1,1,0.9508,[[CalumetBeach201506111300_Water_Temperature]]
2025-10-15 19:26:25.709,38.288,Montrose_WaterTempDrop_85,atomic,[Montrose_WaterTempDrop_85],[1.0000],1,1,1.0000,[[MontroseBeach201506111300_Water_Temperature]]
2025-10-15 19:26:25.772,38.351,Montrose_WaterTempDrop_85,atomic,[Montrose_WaterTempDrop_85],[0.9680],1,1,0.9680,[[MontroseBeach201506111400_Water_Temperature]]
2025-10-15 19:26:25.772,38.351,Calumet_WaterTempDrop_85,atomic,[Calumet_WaterTempDrop_85],[1.0000],1,1,1.0000,[[CalumetBeach201506111400_Water_Temperature]]
2025-10-15 19:26:25.774,38.353,63rd_WaterTempDrop_85,atomic,[63rd_WaterTempDrop_85],[1.0000],1,1,1.0000,[[63rdStreetBeach201506111400_Water_Temperature]]
2025-10-15 19:26:25.836,38.415,63rd_WaterTempDrop_85,atomic,[63rd_WaterTempDrop_85],[0.9635],1,1,0.9635,[[63rdStreetBeach201506111500_Water_Temperature]]
2025-10-15 19:26:25.836,38.415,Calumet_WaterTempDrop_85,atomic,[Calumet_WaterTempDrop_85],[1.0000],1,1,1.0000,[[CalumetBeach201506111500_Water_Temperature]]
2025-10-15 19:26:25.838,38.417,Montrose_WaterTempDrop_85,atomic,[Montrose_WaterTempDrop_85],[1.0000],1,1,1.0000,[[MontroseBeach201506111500_Water_Temperature]]
2025-10-15 19:26:25.896,38.475,Montrose_WaterTempDrop_85,atomic,[Montrose_WaterTempDrop_85],[0.9659],1,1,0.9659,[[MontroseBeach201506111600_Water_Temperature]]
2025-10-15 19:26:25.897,38.476,Calumet_WaterTempDrop_85,atomic,[Calumet_WaterTempDrop_85],[1.0000],1,1,1.0000,[[CalumetBeach201506111600_Water_Temperature]]
2025-10-15 19:26:25.899,38.478,63rd_WaterTempDrop_85,atomic,[63rd_WaterTempDrop_85],[1.0000],1,1,1.0000,[[63rdStreetBeach201506111600_Water_Temperature]]
2025-10-15 19:26:25.962,38.541,Calumet_WaterTempDrop_85,atomic,[Calumet_WaterTempDrop_85],[1.0000],1,1,1.0000,[[CalumetBeach201506111700_Water_Temperature]]
2025-10-15 19:26:25.962,38.541,63rd_WaterTempDrop_85,atomic,[63rd_WaterTempDrop_85],[1.0000],1,1,1.0000,[[63rdStreetBeach201506111700_Water_Temperature]]
2025-10-15 19:26:25.963,38.542,Montrose_WaterTempDrop_85,atomic,[Montrose_WaterTempDrop_85],[1.0000],1,1,1.0000,[[MontroseBeach201506111700_Water_Temperature]]
2025-10-15 19:26:26.021,38.600,Calumet_WaterTempDrop_85,atomic,[Calumet_WaterTempDrop_85],[0.9630],1,1,0.9630,[[CalumetBeach201506111800_Water_Temperature]]
2025-10-15 19:26:26.022,38.601,Montrose_WaterTempDrop_85,atomic,[Montrose_WaterTempDrop_85],[1.0000],1,1,1.0000,[[MontroseBeach201506111800_Water_Temperature]]
2025-10-15 19:26:26.088,38.667,63rd_WaterTempDrop_85,atomic,[63rd_WaterTempDrop_85],[0.9644],1,1,0.9644,[[63rdStreetBeach201506111900_Water_Temperature]]
2025-10-15 19:26:26.089,38.668,Calumet_WaterTempDrop_85,atomic,[Calumet_WaterTempDrop_85],[1.0000],1,1,1.0000,[[CalumetBeach201506111900_Water_Temperature]]
2025-10-15 19:26:26.089,38.668,Montrose_WaterTempDrop_85,atomic,[Montrose_WaterTempDrop_85],[1.0000],1,1,1.0000,[[MontroseBeach201506111900_Water_Temperature]]
2025-10-15 19:26:26.148,38.727,Montrose_WaterTempDrop_85,atomic,[Montrose_WaterTempDrop_85],[1.0000],1,1,1.0000,[[MontroseBeach201506112000_Water_Temperature]]
2025-10-15 19:26:26.148,38.727,Montrose_HighWave_85,atomic,[Montrose_HighWave_85],[1.0000],1,1,1.0000,[[MontroseBeach201506112000_Wave_Height]]
2025-10-15 19:26:26.148,38.727,63rd_WaterTempDrop_85,atomic,[63rd_WaterTempDrop_85],[1.0000],1,1,1.0000,[[63rdStreetBeach201506112000_Water_Temperature]]
2025-10-15 19:26:26.150,38.729,Calumet_WaterTempDrop_85,atomic,[Calumet_WaterTempDrop_85],[1.0000],1,1,1.0000,[[CalumetBeach201506112000_Water_Temperature]]
2025-10-15 19:26:26.211,38.790,Montrose_WaterTempDrop_85,atomic,[Montrose_WaterTempDrop_85],[1.0000],1,1,1.0000,[[MontroseBeach201506112100_Water_Temperature]]
2025-10-15 19:26:26.212,38.791,63rd_WaterTempDrop_85,atomic,[63rd_WaterTempDrop_85],[0.9630],1,1,0.9630,[[63rdStreetBeach201506112100_Water_Temperature]]
2025-10-15 19:26:26.213,38.792,Calumet_WaterTempDrop_85,atomic,[Calumet_WaterTempDrop_85],[1.0000],1,1,1.0000,[[CalumetBeach201506112100_Water_Temperature]]
2025-10-15 19:26:26.273,38.852,Calumet_WaterTempDrop_85,atomic,[Calumet_WaterTempDrop_85],[0.9661],1,1,0.9661,[[CalumetBeach201506112200_Water_Temperature]]
2025-10-15 19:26:26.273,38.852,63rd_WaterTempDrop_85,atomic,[63rd_WaterTempDrop_85],[1.0000],1,1,1.0000,[[63rdStreetBeach201506112200_Water_Temperature]]
2025-10-15 19:26:26.273,38.852,Montrose_WaterTempDrop_85,atomic,[Montrose_WaterTempDrop_85],[1.0000],1,1,1.0000,[[MontroseBeach201506112200_Water_Temperature]]
2025-10-15 19:26:26.338,38.917,63rd_WaterTempDrop_85,atomic,[63rd_WaterTempDrop_85],[1.0000],1,1,1.0000,[[63rdStreetBeach201506112300_Water_Temperature]]
2025-10-15 19:26:26.338,38.917,Calumet_WaterTempDrop_85,atomic,[Calumet_WaterTempDrop_85],[1.0000],1,1,1.0000,[[CalumetBeach201506112300_Water_Temperature]]
2025-10-15 19:26:26.338,38.917,Montrose_WaterTempDrop_85,atomic,[Montrose_WaterTempDrop_85],[1.0000],1,1,1.0000,[[MontroseBeach201506112300_Water_Temperature]]
2025-10-15 19:26:26.398,38.977,63rd_WaterTempDrop_85,atomic,[63rd_WaterTempDrop_85],[1.0000],1,1,1.0000,[[63rdStreetBeach201506122400_Water_Temperature]]
2025-10-15 19:26:26.399,38.978,Calumet_WaterTempDrop_85,atomic,[Calumet_WaterTempDrop_85],[1.0000],1,1,1.0000,[[CalumetBeach201506122400_Water_Temperature]]
2025-10-15 19:26:26.399,38.978,Montrose_WaterTempDrop_85,atomic,[Montrose_WaterTempDrop_85],[1.0000],1,1,1.0000,[[MontroseBeach201506122400_Water_Temperature]]
2025-10-15 19:26:26.460,39.039,Calumet_WaterTempDrop_85,atomic,[Calumet_WaterTempDrop_85],[0.9662],1,1,0.9662,[[CalumetBeach201506120100_Water_Temperature]]
2025-10-15 19:26:26.462,39.041,Montrose_WaterTempDrop_85,atomic,[Montrose_WaterTempDrop_85],[1.0000],1,1,1.0000,[[MontroseBeach201506120100_Water_Temperature]]
2025-10-15 19:26:26.524,39.103,63rd_WaterTempDrop_85,atomic,[63rd_WaterTempDrop_85],[1.0000],1,1,1.0000,[[63rdStreetBeach201506120200_Water_Temperature]]
2025-10-15 19:26:26.524,39.103,Montrose_WaterTempDrop_85,atomic,[Montrose_WaterTempDrop_85],[0.9716],1,1,0.9716,[[MontroseBeach201506120200_Water_Temperature]]
2025-10-15 19:26:26.525,39.104,Calumet_WaterTempDrop_85,atomic,[Calumet_WaterTempDrop_85],[1.0000],1,1,1.0000,[[CalumetBeach201506120200_Water_Temperature]]
2025-10-15 19:26:26.588,39.167,Calumet_WaterTempDrop_85,atomic,[Calumet_WaterTempDrop_85],[1.0000],1,1,1.0000,[[CalumetBeach201506120300_Water_Temperature]]
2025-10-15 19:26:26.589,39.168,Montrose_WaterTempDrop_85,atomic,[Montrose_WaterTempDrop_85],[1.0000],1,1,1.0000,[[MontroseBeach201506120300_Water_Temperature]]
2025-10-15 19:26:26.591,39.170,63rd_WaterTempDrop_85,atomic,[63rd_WaterTempDrop_85],[1.0000],1,1,1.0000,[[63rdStreetBeach201506120300_Water_Temperature]]
2025-10-15 19:26:26.648,39.227,63rd_WaterTempDrop_85,atomic,[63rd_WaterTempDrop_85],[1.0000],1,1,1.0000,[[63rdStreetBeach201506120400_Water_Temperature]]
2025-10-15 19:26:26.650,39.229,Montrose_WaterTempDrop_85,atomic,[Montrose_WaterTempDrop_85],[1.0000],1,1,1.0000,[[MontroseBeach201506120400_Water_Temperature]]
2025-10-15 19:26:26.651,39.230,Calumet_WaterTempDrop_85,atomic,[Calumet_WaterTempDrop_85],[1.0000],1,1,1.0000,[[CalumetBeach201506120400_Water_Temperature]]
2025-10-15 19:26:26.712,39.291,Montrose_WaterTempDrop_85,atomic,[Montrose_WaterTempDrop_85],[1.0000],1,1,1.0000,[[MontroseBeach201506120500_Water_Temperature]]
2025-10-15 19:26:26.714,39.293,Calumet_WaterTempDrop_85,atomic,[Calumet_WaterTempDrop_85],[0.9676],1,1,0.9676,[[CalumetBeach201506120500_Water_Temperature]]
2025-10-15 19:26:26.715,39.294,63rd_WaterTempDrop_85,atomic,[63rd_WaterTempDrop_85],[1.0000],1,1,1.0000,[[63rdStreetBeach201506120500_Water_Temperature]]
2025-10-15 19:26:26.775,39.354,Calumet_WaterTempDrop_85,atomic,[Calumet_WaterTempDrop_85],[1.0000],1,1,1.0000,[[CalumetBeach201506120600_Water_Temperature]]
2025-10-15 19:26:26.775,39.354,63rd_WaterTempDrop_85,atomic,[63rd_WaterTempDrop_85],[1.0000],1,1,1.0000,[[63rdStreetBeach201506120600_Water_Temperature]]
2025-10-15 19:26:26.776,39.355,Montrose_WaterTempDrop_85,atomic,[Montrose_WaterTempDrop_85],[1.0000],1,1,1.0000,[[MontroseBeach201506120600_Water_Temperature]]
2025-10-15 19:26:26.836,39.415,63rd_WaterTempDrop_85,atomic,[63rd_WaterTempDrop_85],[0.9710],1,1,0.9710,[[63rdStreetBeach201506120700_Water_Temperature]]
2025-10-15 19:26:26.839,39.418,Montrose_WaterTempDrop_85,atomic,[Montrose_WaterTempDrop_85],[1.0000],1,1,1.0000,[[MontroseBeach201506120700_Water_Temperature]]
2025-10-15 19:26:26.840,39.419,Calumet_WaterTempDrop_85,atomic,[Calumet_WaterTempDrop_85],[1.0000],1,1,1.0000,[[CalumetBeach201506120700_Water_Temperature]]
2025-10-15 19:26:26.898,39.477,63rd_WaterTempDrop_85,atomic,[63rd_WaterTempDrop_85],[0.9674],1,1,0.9674,[[63rdStreetBeach201506120800_Water_Temperature]]
2025-10-15 19:26:26.899,39.478,Montrose_WaterTempDrop_85,atomic,[Montrose_WaterTempDrop_85],[1.0000],1,1,1.0000,[[MontroseBeach201506120800_Water_Temperature]]
2025-10-15 19:26:26.901,39.480,Calumet_WaterTempDrop_85,atomic,[Calumet_WaterTempDrop_85],[1.0000],1,1,1.0000,[[CalumetBeach201506120800_Water_Temperature]]
2025-10-15 19:26:26.963,39.542,Calumet_WaterTempDrop_85,atomic,[Calumet_WaterTempDrop_85],[0.9683],1,1,0.9683,[[CalumetBeach201506120900_Water_Temperature]]
2025-10-15 19:26:26.964,39.543,Montrose_WaterTempDrop_85,atomic,[Montrose_WaterTempDrop_85],[1.0000],1,1,1.0000,[[MontroseBeach201506120900_Water_Temperature]]
2025-10-15 19:26:26.966,39.545,63rd_WaterTempDrop_85,atomic,[63rd_WaterTempDrop_85],[1.0000],1,1,1.0000,[[63rdStreetBeach201506120900_Water_Temperature]]
2025-10-15 19:26:27.024,39.603,Montrose_WaterTempDrop_85,atomic,[Montrose_WaterTempDrop_85],[0.9719],1,1,0.9719,[[MontroseBeach201506121000_Water_Temperature]]
2025-10-15 19:26:27.025,39.604,Calumet_WaterTempDrop_85,atomic,[Calumet_WaterTempDrop_85],[1.0000],1,1,1.0000,[[CalumetBeach201506121000_Water_Temperature]]
2025-10-15 19:26:27.026,39.605,63rd_WaterTempDrop_85,atomic,[63rd_WaterTempDrop_85],[1.0000],1,1,1.0000,[[63rdStreetBeach201506121000_Water_Temperature]]
2025-10-15 19:26:27.090,39.669,Montrose_WaterTempDrop_85,atomic,[Montrose_WaterTempDrop_85],[1.0000],1,1,1.0000,[[MontroseBeach201506121100_Water_Temperature]]
2025-10-15 19:26:27.090,39.669,Calumet_WaterTempDrop_85,atomic,[Calumet_WaterTempDrop_85],[1.0000],1,1,1.0000,[[CalumetBeach201506121100_Water_Temperature]]
2025-10-15 19:26:27.091,39.670,63rd_WaterTempDrop_85,atomic,[63rd_WaterTempDrop_85],[1.0000],1,1,1.0000,[[63rdStreetBeach201506121100_Water_Temperature]]
2025-10-15 19:26:27.152,39.731,63rd_WaterTempDrop_85,atomic,[63rd_WaterTempDrop_85],[1.0000],1,1,1.0000,[[63rdStreetBeach201506121200_Water_Temperature]]
2025-10-15 19:26:27.152,39.731,Montrose_WaterTempDrop_85,atomic,[Montrose_WaterTempDrop_85],[1.0000],1,1,1.0000,[[MontroseBeach201506121200_Water_Temperature]]
2025-10-15 19:26:27.154,39.733,Montrose_HighWave_85,atomic,[Montrose_HighWave_85],[1.0000],1,1,1.0000,[[MontroseBeach201506121200_Wave_Height]]
2025-10-15 19:26:27.154,39.733,Calumet_WaterTempDrop_85,atomic,[Calumet_WaterTempDrop_85],[1.0000],1,1,1.0000,[[CalumetBeach201506121200_Water_Temperature]]
2025-10-15 19:26:27.214,39.793,Montrose_WaterTempDrop_85,atomic,[Montrose_WaterTempDrop_85],[1.0000],1,1,1.0000,[[MontroseBeach201506121300_Water_Temperature]]
2025-10-15 19:26:27.215,39.794,63rd_WaterTempDrop_85,atomic,[63rd_WaterTempDrop_85],[1.0000],1,1,1.0000,[[63rdStreetBeach201506121300_Water_Temperature]]
2025-10-15 19:26:27.215,39.794,Calumet_WaterTempDrop_85,atomic,[Calumet_WaterTempDrop_85],[1.0000],1,1,1.0000,[[CalumetBeach201506121300_Water_Temperature]]
2025-10-15 19:26:27.274,39.853,Montrose_WaterTempDrop_85,atomic,[Montrose_WaterTempDrop_85],[1.0000],1,1,1.0000,[[MontroseBeach201506121400_Water_Temperature]]
2025-10-15 19:26:27.275,39.854,Calumet_WaterTempDrop_85,atomic,[Calumet_WaterTempDrop_85],[1.0000],1,1,1.0000,[[CalumetBeach201506121400_Water_Temperature]]
2025-10-15 19:26:27.337,39.916,Montrose_WaterTempDrop_85,atomic,[Montrose_WaterTempDrop_85],[1.0000],1,1,1.0000,[[MontroseBeach201506121500_Water_Temperature]]
2025-10-15 19:26:27.337,39.916,Montrose_HighWave_85,atomic,[Montrose_HighWave_85],[1.0000],1,1,1.0000,[[MontroseBeach201506121500_Wave_Height]]
2025-10-15 19:26:27.338,39.917,Calumet_WaterTempDrop_85,atomic,[Calumet_WaterTempDrop_85],[1.0000],1,1,1.0000,[[CalumetBeach201506121500_Water_Temperature]]
2025-10-15 19:26:27.398,39.977,Montrose_WaterTempDrop_85,atomic,[Montrose_WaterTempDrop_85],[0.9713],1,1,0.9713,[[MontroseBeach201506121600_Water_Temperature]]
2025-10-15 19:26:27.400,39.979,Calumet_WaterTempDrop_85,atomic,[Calumet_WaterTempDrop_85],[1.0000],1,1,1.0000,[[CalumetBeach201506121600_Water_Temperature]]
2025-10-15 19:26:27.401,39.980,Montrose_HighWave_85,atomic,[Montrose_HighWave_85],[1.0000],1,1,1.0000,[[MontroseBeach201506121600_Wave_Height]]
2025-10-15 19:26:27.462,40.041,Calumet_WaterTempDrop_85,atomic,[Calumet_WaterTempDrop_85],[1.0000],1,1,1.0000,[[CalumetBeach201506121700_Water_Temperature]]
2025-10-15 19:26:27.463,40.042,Montrose_WaterTempDrop_85,atomic,[Montrose_WaterTempDrop_85],[1.0000],1,1,1.0000,[[MontroseBeach201506121700_Water_Temperature]]
2025-10-15 19:26:27.463,40.042,Montrose_HighWave_85,atomic,[Montrose_HighWave_85],[0.8575],1,1,0.8575,[[MontroseBeach201506121700_Wave_Height]]
2025-10-15 19:26:27.521,40.100,63rd_WaterTempDrop_85,atomic,[63rd_WaterTempDrop_85],[0.9697],1,1,0.9697,[[63rdStreetBeach201506121800_Water_Temperature]]
2025-10-15 19:26:27.524,40.103,Montrose_WaterTempDrop_85,atomic,[Montrose_WaterTempDrop_85],[1.0000],1,1,1.0000,[[MontroseBeach201506121800_Water_Temperature]]
2025-10-15 19:26:27.525,40.104,Montrose_HighWave_85,atomic,[Montrose_HighWave_85],[1.0000],1,1,1.0000,[[MontroseBeach201506121800_Wave_Height]]
2025-10-15 19:26:27.526,40.105,Calumet_WaterTempDrop_85,atomic,[Calumet_WaterTempDrop_85],[1.0000],1,1,1.0000,[[CalumetBeach201506121800_Water_Temperature]]
2025-10-15 19:26:27.587,40.166,Montrose_WaterTempDrop_85,atomic,[Montrose_WaterTempDrop_85],[1.0000],1,1,1.0000,[[MontroseBeach201506121900_Water_Temperature]]
2025-10-15 19:26:27.592,40.171,63rd_WaterTempDrop_85,atomic,[63rd_WaterTempDrop_85],[1.0000],1,1,1.0000,[[63rdStreetBeach201506121900_Water_Temperature]]
2025-10-15 19:26:27.592,40.171,Calumet_WaterTempDrop_85,atomic,[Calumet_WaterTempDrop_85],[1.0000],1,1,1.0000,[[CalumetBeach201506121900_Water_Temperature]]
2025-10-15 19:26:27.648,40.227,63rd_WaterTempDrop_85,atomic,[63rd_WaterTempDrop_85],[0.9673],1,1,0.9673,[[63rdStreetBeach201506122000_Water_Temperature]]
2025-10-15 19:26:27.651,40.230,Montrose_WaterTempDrop_85,atomic,[Montrose_WaterTempDrop_85],[1.0000],1,1,1.0000,[[MontroseBeach201506122000_Water_Temperature]]
2025-10-15 19:26:27.653,40.232,Montrose_HighWave_85,atomic,[Montrose_HighWave_85],[1.0000],1,1,1.0000,[[MontroseBeach201506122000_Wave_Height]]
2025-10-15 19:26:27.653,40.232,Calumet_WaterTempDrop_85,atomic,[Calumet_WaterTempDrop_85],[1.0000],1,1,1.0000,[[CalumetBeach201506122000_Water_Temperature]]
2025-10-15 19:26:27.714,40.293,Montrose_HighWave_85,atomic,[Montrose_HighWave_85],[0.8782],1,1,0.8782,[[MontroseBeach201506122100_Wave_Height]]
2025-10-15 19:26:27.716,40.295,Calumet_WaterTempDrop_85,atomic,[Calumet_WaterTempDrop_85],[1.0000],1,1,1.0000,[[CalumetBeach201506122100_Water_Temperature]]
2025-10-15 19:26:27.717,40.296,63rd_WaterTempDrop_85,atomic,[63rd_WaterTempDrop_85],[1.0000],1,1,1.0000,[[63rdStreetBeach201506122100_Water_Temperature]]
2025-10-15 19:26:27.718,40.297,Montrose_WaterTempDrop_85,atomic,[Montrose_WaterTempDrop_85],[1.0000],1,1,1.0000,[[MontroseBeach201506122100_Water_Temperature]]
2025-10-15 19:26:27.776,40.355,63rd_WaterTempDrop_85,atomic,[63rd_WaterTempDrop_85],[0.9651],1,1,0.9651,[[63rdStreetBeach201506122200_Water_Temperature]]
2025-10-15 19:26:27.778,40.357,Calumet_WaterTempDrop_85,atomic,[Calumet_WaterTempDrop_85],[1.0000],1,1,1.0000,[[CalumetBeach201506122200_Water_Temperature]]
2025-10-15 19:26:27.779,40.358,Montrose_HighWave_85,atomic,[Montrose_HighWave_85],[0.8516],1,1,0.8516,[[MontroseBeach201506122200_Wave_Height]]
2025-10-15 19:26:27.780,40.359,Montrose_WaterTempDrop_85,atomic,[Montrose_WaterTempDrop_85],[1.0000],1,1,1.0000,[[MontroseBeach201506122200_Water_Temperature]]
2025-10-15 19:26:27.838,40.417,Montrose_WaterTempDrop_85,atomic,[Montrose_WaterTempDrop_85],[0.9714],1,1,0.9714,[[MontroseBeach201506122300_Water_Temperature]]
2025-10-15 19:26:27.839,40.418,Calumet_WaterTempDrop_85,atomic,[Calumet_WaterTempDrop_85],[1.0000],1,1,1.0000,[[CalumetBeach201506122300_Water_Temperature]]
2025-10-15 19:26:27.904,40.483,63rd_WaterTempDrop_85,atomic,[63rd_WaterTempDrop_85],[1.0000],1,1,1.0000,[[63rdStreetBeach201506132400_Water_Temperature]]
2025-10-15 19:26:27.904,40.483,Calumet_WaterTempDrop_85,atomic,[Calumet_WaterTempDrop_85],[1.0000],1,1,1.0000,[[CalumetBeach201506132400_Water_Temperature]]
2025-10-15 19:26:27.905,40.484,Montrose_WaterTempDrop_85,atomic,[Montrose_WaterTempDrop_85],[1.0000],1,1,1.0000,[[MontroseBeach201506132400_Water_Temperature]]
2025-10-15 19:26:27.964,40.543,Montrose_WaterTempDrop_85,atomic,[Montrose_WaterTempDrop_85],[0.9687],1,1,0.9687,[[MontroseBeach201506130100_Water_Temperature]]
2025-10-15 19:26:27.965,40.544,63rd_WaterTempDrop_85,atomic,[63rd_WaterTempDrop_85],[0.9632],1,1,0.9632,[[63rdStreetBeach201506130100_Water_Temperature]]
2025-10-15 19:26:27.968,40.547,Calumet_WaterTempDrop_85,atomic,[Calumet_WaterTempDrop_85],[1.0000],1,1,1.0000,[[CalumetBeach201506130100_Water_Temperature]]
2025-10-15 19:26:28.027,40.606,Montrose_WaterTempDrop_85,atomic,[Montrose_WaterTempDrop_85],[1.0000],1,1,1.0000,[[MontroseBeach201506130200_Water_Temperature]]
2025-10-15 19:26:28.028,40.607,Calumet_WaterTempDrop_85,atomic,[Calumet_WaterTempDrop_85],[1.0000],1,1,1.0000,[[CalumetBeach201506130200_Water_Temperature]]
2025-10-15 19:26:28.029,40.608,63rd_WaterTempDrop_85,atomic,[63rd_WaterTempDrop_85],[1.0000],1,1,1.0000,[[63rdStreetBeach201506130200_Water_Temperature]]
2025-10-15 19:26:28.091,40.670,63rd_WaterTempDrop_85,atomic,[63rd_WaterTempDrop_85],[1.0000],1,1,1.0000,[[63rdStreetBeach201506130300_Water_Temperature]]
2025-10-15 19:26:28.092,40.671,Calumet_WaterTempDrop_85,atomic,[Calumet_WaterTempDrop_85],[1.0000],1,1,1.0000,[[CalumetBeach201506130300_Water_Temperature]]
2025-10-15 19:26:28.092,40.671,Montrose_WaterTempDrop_85,atomic,[Montrose_WaterTempDrop_85],[1.0000],1,1,1.0000,[[MontroseBeach201506130300_Water_Temperature]]
2025-10-15 19:26:28.151,40.730,Calumet_WaterTempDrop_85,atomic,[Calumet_WaterTempDrop_85],[1.0000],1,1,1.0000,[[CalumetBeach201506130400_Water_Temperature]]
2025-10-15 19:26:28.154,40.733,Montrose_WaterTempDrop_85,atomic,[Montrose_WaterTempDrop_85],[1.0000],1,1,1.0000,[[MontroseBeach201506130400_Water_Temperature]]
2025-10-15 19:26:28.155,40.734,63rd_WaterTempDrop_85,atomic,[63rd_WaterTempDrop_85],[1.0000],1,1,1.0000,[[63rdStreetBeach201506130400_Water_Temperature]]
2025-10-15 19:26:28.216,40.795,Calumet_WaterTempDrop_85,atomic,[Calumet_WaterTempDrop_85],[1.0000],1,1,1.0000,[[CalumetBeach201506130500_Water_Temperature]]
2025-10-15 19:26:28.218,40.797,63rd_WaterTempDrop_85,atomic,[63rd_WaterTempDrop_85],[1.0000],1,1,1.0000,[[63rdStreetBeach201506130500_Water_Temperature]]
2025-10-15 19:26:28.219,40.798,Montrose_WaterTempDrop_85,atomic,[Montrose_WaterTempDrop_85],[1.0000],1,1,1.0000,[[MontroseBeach201506130500_Water_Temperature]]
2025-10-15 19:26:28.277,40.856,63rd_WaterTempDrop_85,atomic,[63rd_WaterTempDrop_85],[1.0000],1,1,1.0000,[[63rdStreetBeach201506130600_Water_Temperature]]
2025-10-15 19:26:28.279,40.858,Calumet_WaterTempDrop_85,atomic,[Calumet_WaterTempDrop_85],[1.0000],1,1,1.0000,[[CalumetBeach201506130600_Water_Temperature]]
2025-10-15 19:26:28.280,40.859,Montrose_WaterTempDrop_85,atomic,[Montrose_WaterTempDrop_85],[1.0000],1,1,1.0000,[[MontroseBeach201506130600_Water_Temperature]]
2025-10-15 19:26:28.339,40.918,Calumet_WaterTempDrop_85,atomic,[Calumet_WaterTempDrop_85],[1.0000],1,1,1.0000,[[CalumetBeach201506130700_Water_Temperature]]
2025-10-15 19:26:28.339,40.918,63rd_WaterTempDrop_85,atomic,[63rd_WaterTempDrop_85],[0.9683],1,1,0.9683,[[63rdStreetBeach201506130700_Water_Temperature]]
2025-10-15 19:26:28.341,40.920,Montrose_WaterTempDrop_85,atomic,[Montrose_WaterTempDrop_85],[1.0000],1,1,1.0000,[[MontroseBeach201506130700_Water_Temperature]]
2025-10-15 19:26:28.398,40.977,Calumet_WaterTempDrop_85,atomic,[Calumet_WaterTempDrop_85],[0.9731],1,1,0.9731,[[CalumetBeach201506130800_Water_Temperature]]
2025-10-15 19:26:28.401,40.980,Montrose_WaterTempDrop_85,atomic,[Montrose_WaterTempDrop_85],[1.0000],1,1,1.0000,[[MontroseBeach201506130800_Water_Temperature]]
2025-10-15 19:26:28.463,41.042,Calumet_WaterTempDrop_85,atomic,[Calumet_WaterTempDrop_85],[0.9696],1,1,0.9696,[[CalumetBeach201506130900_Water_Temperature]]
2025-10-15 19:26:28.464,41.043,Montrose_WaterTempDrop_85,atomic,[Montrose_WaterTempDrop_85],[1.0000],1,1,1.0000,[[MontroseBeach201506130900_Water_Temperature]]
2025-10-15 19:26:28.465,41.044,63rd_WaterTempDrop_85,atomic,[63rd_WaterTempDrop_85],[1.0000],1,1,1.0000,[[63rdStreetBeach201506130900_Water_Temperature]]
2025-10-15 19:26:28.525,41.104,Calumet_WaterTempDrop_85,atomic,[Calumet_WaterTempDrop_85],[1.0000],1,1,1.0000,[[CalumetBeach201506131000_Water_Temperature]]
2025-10-15 19:26:28.526,41.105,Montrose_WaterTempDrop_85,atomic,[Montrose_WaterTempDrop_85],[1.0000],1,1,1.0000,[[MontroseBeach201506131000_Water_Temperature]]
2025-10-15 19:26:28.526,41.105,63rd_WaterTempDrop_85,atomic,[63rd_WaterTempDrop_85],[1.0000],1,1,1.0000,[[63rdStreetBeach201506131000_Water_Temperature]]
2025-10-15 19:26:28.589,41.168,63rd_WaterTempDrop_85,atomic,[63rd_WaterTempDrop_85],[0.9674],1,1,0.9674,[[63rdStreetBeach201506131100_Water_Temperature]]
2025-10-15 19:26:28.590,41.169,Calumet_WaterTempDrop_85,atomic,[Calumet_WaterTempDrop_85],[1.0000],1,1,1.0000,[[CalumetBeach201506131100_Water_Temperature]]
2025-10-15 19:26:28.591,41.170,Montrose_WaterTempDrop_85,atomic,[Montrose_WaterTempDrop_85],[1.0000],1,1,1.0000,[[MontroseBeach201506131100_Water_Temperature]]
2025-10-15 19:26:28.652,41.231,Calumet_WaterTempDrop_85,atomic,[Calumet_WaterTempDrop_85],[1.0000],1,1,1.0000,[[CalumetBeach201506131200_Water_Temperature]]
2025-10-15 19:26:28.654,41.233,Montrose_WaterTempDrop_85,atomic,[Montrose_WaterTempDrop_85],[1.0000],1,1,1.0000,[[MontroseBeach201506131200_Water_Temperature]]
2025-10-15 19:26:28.655,41.234,63rd_WaterTempDrop_85,atomic,[63rd_WaterTempDrop_85],[1.0000],1,1,1.0000,[[63rdStreetBeach201506131200_Water_Temperature]]
2025-10-15 19:26:28.713,41.292,63rd_WaterTempDrop_85,atomic,[63rd_WaterTempDrop_85],[0.9653],1,1,0.9653,[[63rdStreetBeach201506131300_Water_Temperature]]
2025-10-15 19:26:28.717,41.296,Calumet_WaterTempDrop_85,atomic,[Calumet_WaterTempDrop_85],[1.0000],1,1,1.0000,[[CalumetBeach201506131300_Water_Temperature]]
2025-10-15 19:26:28.717,41.296,Montrose_WaterTempDrop_85,atomic,[Montrose_WaterTempDrop_85],[1.0000],1,1,1.0000,[[MontroseBeach201506131300_Water_Temperature]]
2025-10-15 19:26:28.780,41.359,63rd_WaterTempDrop_85,atomic,[63rd_WaterTempDrop_85],[0.9611],1,1,0.9611,[[63rdStreetBeach201506131400_Water_Temperature]]
2025-10-15 19:26:28.785,41.364,Montrose_WaterTempDrop_85,atomic,[Montrose_WaterTempDrop_85],[1.0000],1,1,1.0000,[[MontroseBeach201506131400_Water_Temperature]]
2025-10-15 19:26:28.786,41.365,Calumet_WaterTempDrop_85,atomic,[Calumet_WaterTempDrop_85],[1.0000],1,1,1.0000,[[CalumetBeach201506131400_Water_Temperature]]
2025-10-15 19:26:28.839,41.418,Montrose_WaterTempDrop_85,atomic,[Montrose_WaterTempDrop_85],[1.0000],1,1,1.0000,[[MontroseBeach201506131500_Water_Temperature]]
2025-10-15 19:26:28.842,41.421,Calumet_WaterTempDrop_85,atomic,[Calumet_WaterTempDrop_85],[1.0000],1,1,1.0000,[[CalumetBeach201506131500_Water_Temperature]]
2025-10-15 19:26:28.843,41.422,63rd_WaterTempDrop_85,atomic,[63rd_WaterTempDrop_85],[1.0000],1,1,1.0000,[[63rdStreetBeach201506131500_Water_Temperature]]
2025-10-15 19:26:28.898,41.477,Calumet_WaterTempDrop_85,atomic,[Calumet_WaterTempDrop_85],[0.9706],1,1,0.9706,[[CalumetBeach201506131600_Water_Temperature]]
2025-10-15 19:26:28.900,41.479,Montrose_WaterTempDrop_85,atomic,[Montrose_WaterTempDrop_85],[0.9729],1,1,0.9729,[[MontroseBeach201506131600_Water_Temperature]]
2025-10-15 19:26:28.963,41.542,Montrose_WaterTempDrop_85,atomic,[Montrose_WaterTempDrop_85],[0.9694],1,1,0.9694,[[MontroseBeach201506131700_Water_Temperature]]
2025-10-15 19:26:28.963,41.542,63rd_WaterTempDrop_85,atomic,[63rd_WaterTempDrop_85],[1.0000],1,1,1.0000,[[63rdStreetBeach201506131700_Water_Temperature]]
2025-10-15 19:26:28.965,41.544,Calumet_WaterTempDrop_85,atomic,[Calumet_WaterTempDrop_85],[1.0000],1,1,1.0000,[[CalumetBeach201506131700_Water_Temperature]]
2025-10-15 19:26:29.023,41.602,Calumet_WaterTempDrop_85,atomic,[Calumet_WaterTempDrop_85],[1.0000],1,1,1.0000,[[CalumetBeach201506131800_Water_Temperature]]
2025-10-15 19:26:29.024,41.603,63rd_WaterTempDrop_85,atomic,[63rd_WaterTempDrop_85],[0.9626],1,1,0.9626,[[63rdStreetBeach201506131800_Water_Temperature]]
2025-10-15 19:26:29.026,41.605,Montrose_WaterTempDrop_85,atomic,[Montrose_WaterTempDrop_85],[1.0000],1,1,1.0000,[[MontroseBeach201506131800_Water_Temperature]]
2025-10-15 19:26:29.087,41.666,Montrose_WaterTempDrop_85,atomic,[Montrose_WaterTempDrop_85],[0.9668],1,1,0.9668,[[MontroseBeach201506131900_Water_Temperature]]
2025-10-15 19:26:29.088,41.667,Calumet_WaterTempDrop_85,atomic,[Calumet_WaterTempDrop_85],[1.0000],1,1,1.0000,[[CalumetBeach201506131900_Water_Temperature]]
2025-10-15 19:26:29.148,41.727,Montrose_WaterTempDrop_85,atomic,[Montrose_WaterTempDrop_85],[0.9627],1,1,0.9627,[[MontroseBeach201506132000_Water_Temperature]]
2025-10-15 19:26:29.150,41.729,Calumet_WaterTempDrop_85,atomic,[Calumet_WaterTempDrop_85],[1.0000],1,1,1.0000,[[CalumetBeach201506132000_Water_Temperature]]
2025-10-15 19:26:29.152,41.731,63rd_WaterTempDrop_85,atomic,[63rd_WaterTempDrop_85],[1.0000],1,1,1.0000,[[63rdStreetBeach201506132000_Water_Temperature]]
2025-10-15 19:26:29.211,41.790,63rd_WaterTempDrop_85,atomic,[63rd_WaterTempDrop_85],[1.0000],1,1,1.0000,[[63rdStreetBeach201506132100_Water_Temperature]]
2025-10-15 19:26:29.211,41.790,Montrose_WaterTempDrop_85,atomic,[Montrose_WaterTempDrop_85],[0.9580],1,1,0.9580,[[MontroseBeach201506132100_Water_Temperature]]
2025-10-15 19:26:29.213,41.792,Calumet_WaterTempDrop_85,atomic,[Calumet_WaterTempDrop_85],[1.0000],1,1,1.0000,[[CalumetBeach201506132100_Water_Temperature]]
2025-10-15 19:26:29.274,41.853,Montrose_WaterTempDrop_85,atomic,[Montrose_WaterTempDrop_85],[0.9529],1,1,0.9529,[[MontroseBeach201506132200_Water_Temperature]]
2025-10-15 19:26:29.276,41.855,Calumet_WaterTempDrop_85,atomic,[Calumet_WaterTempDrop_85],[1.0000],1,1,1.0000,[[CalumetBeach201506132200_Water_Temperature]]
2025-10-15 19:26:29.276,41.855,63rd_WaterTempDrop_85,atomic,[63rd_WaterTempDrop_85],[0.9637],1,1,0.9637,[[63rdStreetBeach201506132200_Water_Temperature]]
2025-10-15 19:26:29.339,41.918,Montrose_WaterTempDrop_85,atomic,[Montrose_WaterTempDrop_85],[1.0000],1,1,1.0000,[[MontroseBeach201506132300_Water_Temperature]]
2025-10-15 19:26:29.340,41.919,63rd_WaterTempDrop_85,atomic,[63rd_WaterTempDrop_85],[1.0000],1,1,1.0000,[[63rdStreetBeach201506132300_Water_Temperature]]
2025-10-15 19:26:29.342,41.921,Calumet_WaterTempDrop_85,atomic,[Calumet_WaterTempDrop_85],[1.0000],1,1,1.0000,[[CalumetBeach201506132300_Water_Temperature]]
2025-10-15 19:26:29.399,41.978,Montrose_WaterTempDrop_85,atomic,[Montrose_WaterTempDrop_85],[0.9533],1,1,0.9533,[[MontroseBeach201506142400_Water_Temperature]]
2025-10-15 19:26:29.399,41.978,Calumet_WaterTempDrop_85,atomic,[Calumet_WaterTempDrop_85],[0.9716],1,1,0.9716,[[CalumetBeach201506142400_Water_Temperature]]
2025-10-15 19:26:29.403,41.982,63rd_WaterTempDrop_85,atomic,[63rd_WaterTempDrop_85],[1.0000],1,1,1.0000,[[63rdStreetBeach201506142400_Water_Temperature]]
2025-10-15 19:26:29.465,42.044,Calumet_WaterTempDrop_85,atomic,[Calumet_WaterTempDrop_85],[0.9680],1,1,0.9680,[[CalumetBeach201506140200_Water_Temperature]]
2025-10-15 19:26:29.467,42.046,Montrose_WaterTempDrop_85,atomic,[Montrose_WaterTempDrop_85],[1.0000],1,1,1.0000,[[MontroseBeach201506140200_Water_Temperature]]
2025-10-15 19:26:29.469,42.048,63rd_WaterTempDrop_85,atomic,[63rd_WaterTempDrop_85],[1.0000],1,1,1.0000,[[63rdStreetBeach201506140200_Water_Temperature]]
2025-10-15 19:26:29.527,42.106,Calumet_WaterTempDrop_85,atomic,[Calumet_WaterTempDrop_85],[1.0000],1,1,1.0000,[[CalumetBeach201506140300_Water_Temperature]]
2025-10-15 19:26:29.528,42.107,63rd_WaterTempDrop_85,atomic,[63rd_WaterTempDrop_85],[1.0000],1,1,1.0000,[[63rdStreetBeach201506140300_Water_Temperature]]
2025-10-15 19:26:29.530,42.109,Montrose_WaterTempDrop_85,atomic,[Montrose_WaterTempDrop_85],[1.0000],1,1,1.0000,[[MontroseBeach201506140300_Water_Temperature]]
2025-10-15 19:26:29.589,42.168,63rd_WaterTempDrop_85,atomic,[63rd_WaterTempDrop_85],[0.9676],1,1,0.9676,[[63rdStreetBeach201506140400_Water_Temperature]]
2025-10-15 19:26:29.592,42.171,Calumet_WaterTempDrop_85,atomic,[Calumet_WaterTempDrop_85],[1.0000],1,1,1.0000,[[CalumetBeach201506140400_Water_Temperature]]
2025-10-15 19:26:29.593,42.172,Montrose_WaterTempDrop_85,atomic,[Montrose_WaterTempDrop_85],[1.0000],1,1,1.0000,[[MontroseBeach201506140400_Water_Temperature]]
2025-10-15 19:26:29.651,42.230,Montrose_WaterTempDrop_85,atomic,[Montrose_WaterTempDrop_85],[0.9613],1,1,0.9613,[[MontroseBeach201506140500_Water_Temperature]]
2025-10-15 19:26:29.652,42.231,Calumet_WaterTempDrop_85,atomic,[Calumet_WaterTempDrop_85],[0.9671],1,1,0.9671,[[CalumetBeach201506140500_Water_Temperature]]
2025-10-15 19:26:29.654,42.233,63rd_WaterTempDrop_85,atomic,[63rd_WaterTempDrop_85],[1.0000],1,1,1.0000,[[63rdStreetBeach201506140500_Water_Temperature]]
2025-10-15 19:26:29.713,42.292,Montrose_WaterTempDrop_85,atomic,[Montrose_WaterTempDrop_85],[0.9569],1,1,0.9569,[[MontroseBeach201506140600_Water_Temperature]]
2025-10-15 19:26:29.714,42.293,Calumet_WaterTempDrop_85,atomic,[Calumet_WaterTempDrop_85],[1.0000],1,1,1.0000,[[CalumetBeach201506140600_Water_Temperature]]
2025-10-15 19:26:29.716,42.295,63rd_WaterTempDrop_85,atomic,[63rd_WaterTempDrop_85],[0.9656],1,1,0.9656,[[63rdStreetBeach201506140600_Water_Temperature]]
2025-10-15 19:26:29.777,42.356,63rd_WaterTempDrop_85,atomic,[63rd_WaterTempDrop_85],[0.9614],1,1,0.9614,[[63rdStreetBeach201506140700_Water_Temperature]]
2025-10-15 19:26:29.778,42.357,Calumet_WaterTempDrop_85,atomic,[Calumet_WaterTempDrop_85],[0.9649],1,1,0.9649,[[CalumetBeach201506140700_Water_Temperature]]
2025-10-15 19:26:29.779,42.358,Montrose_WaterTempDrop_85,atomic,[Montrose_WaterTempDrop_85],[1.0000],1,1,1.0000,[[MontroseBeach201506140700_Water_Temperature]]
2025-10-15 19:26:29.842,42.421,Montrose_WaterTempDrop_85,atomic,[Montrose_WaterTempDrop_85],[1.0000],1,1,1.0000,[[MontroseBeach201506140800_Water_Temperature]]
2025-10-15 19:26:29.844,42.423,63rd_WaterTempDrop_85,atomic,[63rd_WaterTempDrop_85],[0.9569],1,1,0.9569,[[63rdStreetBeach201506140800_Water_Temperature]]
2025-10-15 19:26:29.845,42.424,Calumet_WaterTempDrop_85,atomic,[Calumet_WaterTempDrop_85],[1.0000],1,1,1.0000,[[CalumetBeach201506140800_Water_Temperature]]
2025-10-15 19:26:29.904,42.483,Montrose_WaterTempDrop_85,atomic,[Montrose_WaterTempDrop_85],[1.0000],1,1,1.0000,[[MontroseBeach201506140900_Water_Temperature]]
2025-10-15 19:26:29.904,42.483,63rd_WaterTempDrop_85,atomic,[63rd_WaterTempDrop_85],[1.0000],1,1,1.0000,[[63rdStreetBeach201506140900_Water_Temperature]]
2025-10-15 19:26:29.905,42.484,Calumet_WaterTempDrop_85,atomic,[Calumet_WaterTempDrop_85],[1.0000],1,1,1.0000,[[CalumetBeach201506140900_Water_Temperature]]
2025-10-15 19:26:29.965,42.544,Montrose_WaterTempDrop_85,atomic,[Montrose_WaterTempDrop_85],[1.0000],1,1,1.0000,[[MontroseBeach201506141000_Water_Temperature]]
2025-10-15 19:26:29.966,42.545,Calumet_WaterTempDrop_85,atomic,[Calumet_WaterTempDrop_85],[1.0000],1,1,1.0000,[[CalumetBeach201506141000_Water_Temperature]]
2025-10-15 19:26:29.968,42.547,63rd_WaterTempDrop_85,atomic,[63rd_WaterTempDrop_85],[1.0000],1,1,1.0000,[[63rdStreetBeach201506141000_Water_Temperature]]
2025-10-15 19:26:30.027,42.606,Calumet_WaterTempDrop_85,atomic,[Calumet_WaterTempDrop_85],[0.9666],1,1,0.9666,[[CalumetBeach201506141100_Water_Temperature]]
2025-10-15 19:26:30.028,42.607,Montrose_WaterTempDrop_85,atomic,[Montrose_WaterTempDrop_85],[0.9653],1,1,0.9653,[[MontroseBeach201506141100_Water_Temperature]]
2025-10-15 19:26:30.028,42.607,63rd_WaterTempDrop_85,atomic,[63rd_WaterTempDrop_85],[1.0000],1,1,1.0000,[[63rdStreetBeach201506141100_Water_Temperature]]
2025-10-15 19:26:30.089,42.668,63rd_WaterTempDrop_85,atomic,[63rd_WaterTempDrop_85],[1.0000],1,1,1.0000,[[63rdStreetBeach201506141200_Water_Temperature]]
2025-10-15 19:26:30.091,42.670,Calumet_WaterTempDrop_85,atomic,[Calumet_WaterTempDrop_85],[1.0000],1,1,1.0000,[[CalumetBeach201506141200_Water_Temperature]]
2025-10-15 19:26:30.092,42.671,Montrose_WaterTempDrop_85,atomic,[Montrose_WaterTempDrop_85],[1.0000],1,1,1.0000,[[MontroseBeach201506141200_Water_Temperature]]
2025-10-15 19:26:30.153,42.732,Calumet_WaterTempDrop_85,atomic,[Calumet_WaterTempDrop_85],[1.0000],1,1,1.0000,[[CalumetBeach201506141300_Water_Temperature]]
2025-10-15 19:26:30.154,42.733,Montrose_WaterTempDrop_85,atomic,[Montrose_WaterTempDrop_85],[1.0000],1,1,1.0000,[[MontroseBeach201506141300_Water_Temperature]]
2025-10-15 19:26:30.155,42.734,63rd_WaterTempDrop_85,atomic,[63rd_WaterTempDrop_85],[1.0000],1,1,1.0000,[[63rdStreetBeach201506141300_Water_Temperature]]
2025-10-15 19:26:30.212,42.791,Calumet_WaterTempDrop_85,atomic,[Calumet_WaterTempDrop_85],[0.9663],1,1,0.9663,[[CalumetBeach201506141400_Water_Temperature]]
2025-10-15 19:26:30.212,42.791,Montrose_WaterTempDrop_85,atomic,[Montrose_WaterTempDrop_85],[1.0000],1,1,1.0000,[[MontroseBeach201506141400_Water_Temperature]]
2025-10-15 19:26:30.215,42.794,63rd_WaterTempDrop_85,atomic,[63rd_WaterTempDrop_85],[1.0000],1,1,1.0000,[[63rdStreetBeach201506141400_Water_Temperature]]
2025-10-15 19:26:30.277,42.856,63rd_WaterTempDrop_85,atomic,[63rd_WaterTempDrop_85],[1.0000],1,1,1.0000,[[63rdStreetBeach201506141500_Water_Temperature]]
2025-10-15 19:26:30.279,42.858,Calumet_WaterTempDrop_85,atomic,[Calumet_WaterTempDrop_85],[0.9622],1,1,0.9622,[[CalumetBeach201506141500_Water_Temperature]]
2025-10-15 19:26:30.279,42.858,Montrose_WaterTempDrop_85,atomic,[Montrose_WaterTempDrop_85],[1.0000],1,1,1.0000,[[MontroseBeach201506141500_Water_Temperature]]
2025-10-15 19:26:30.339,42.918,Calumet_WaterTempDrop_85,atomic,[Calumet_WaterTempDrop_85],[0.9578],1,1,0.9578,[[CalumetBeach201506141600_Water_Temperature]]
2025-10-15 19:26:30.339,42.918,63rd_WaterTempDrop_85,atomic,[63rd_WaterTempDrop_85],[0.9690],1,1,0.9690,[[63rdStreetBeach201506141600_Water_Temperature]]
2025-10-15 19:26:30.343,42.922,Montrose_WaterTempDrop_85,atomic,[Montrose_WaterTempDrop_85],[1.0000],1,1,1.0000,[[MontroseBeach201506141600_Water_Temperature]]
2025-10-15 19:26:30.403,42.982,Calumet_WaterTempDrop_85,atomic,[Calumet_WaterTempDrop_85],[0.9528],1,1,0.9528,[[CalumetBeach201506141700_Water_Temperature]]
2025-10-15 19:26:30.406,42.985,Montrose_WaterTempDrop_85,atomic,[Montrose_WaterTempDrop_85],[1.0000],1,1,1.0000,[[MontroseBeach201506141700_Water_Temperature]]
2025-10-15 19:26:30.464,43.043,Calumet_WaterTempDrop_85,atomic,[Calumet_WaterTempDrop_85],[0.9474],1,1,0.9474,[[CalumetBeach201506141800_Water_Temperature]]
2025-10-15 19:26:30.464,43.043,Montrose_WaterTempDrop_85,atomic,[Montrose_WaterTempDrop_85],[0.9704],1,1,0.9704,[[MontroseBeach201506141800_Water_Temperature]]
2025-10-15 19:26:30.465,43.044,63rd_WaterTempDrop_85,atomic,[63rd_WaterTempDrop_85],[0.9653],1,1,0.9653,[[63rdStreetBeach201506141800_Water_Temperature]]
2025-10-15 19:26:30.525,43.104,Montrose_WaterTempDrop_85,atomic,[Montrose_WaterTempDrop_85],[0.9668],1,1,0.9668,[[MontroseBeach201506141900_Water_Temperature]]
2025-10-15 19:26:30.525,43.104,63rd_WaterTempDrop_85,atomic,[63rd_WaterTempDrop_85],[1.0000],1,1,1.0000,[[63rdStreetBeach201506141900_Water_Temperature]]
2025-10-15 19:26:30.527,43.106,Calumet_WaterTempDrop_85,atomic,[Calumet_WaterTempDrop_85],[1.0000],1,1,1.0000,[[CalumetBeach201506141900_Water_Temperature]]
2025-10-15 19:26:30.589,43.168,Montrose_WaterTempDrop_85,atomic,[Montrose_WaterTempDrop_85],[1.0000],1,1,1.0000,[[MontroseBeach201506142000_Water_Temperature]]
2025-10-15 19:26:30.590,43.169,Calumet_WaterTempDrop_85,atomic,[Calumet_WaterTempDrop_85],[1.0000],1,1,1.0000,[[CalumetBeach201506142000_Water_Temperature]]
2025-10-15 19:26:30.591,43.170,63rd_WaterTempDrop_85,atomic,[63rd_WaterTempDrop_85],[1.0000],1,1,1.0000,[[63rdStreetBeach201506142000_Water_Temperature]]
2025-10-15 19:26:30.649,43.228,Montrose_WaterTempDrop_85,atomic,[Montrose_WaterTempDrop_85],[0.9648],1,1,0.9648,[[MontroseBeach201506142100_Water_Temperature]]
2025-10-15 19:26:30.649,43.228,63rd_WaterTempDrop_85,atomic,[63rd_WaterTempDrop_85],[0.9654],1,1,0.9654,[[63rdStreetBeach201506142100_Water_Temperature]]
2025-10-15 19:26:30.650,43.229,Calumet_WaterTempDrop_85,atomic,[Calumet_WaterTempDrop_85],[1.0000],1,1,1.0000,[[CalumetBeach201506142100_Water_Temperature]]
2025-10-15 19:26:30.711,43.290,63rd_WaterTempDrop_85,atomic,[63rd_WaterTempDrop_85],[1.0000],1,1,1.0000,[[63rdStreetBeach201506142200_Water_Temperature]]
2025-10-15 19:26:30.711,43.290,Montrose_WaterTempDrop_85,atomic,[Montrose_WaterTempDrop_85],[0.9605],1,1,0.9605,[[MontroseBeach201506142200_Water_Temperature]]
2025-10-15 19:26:30.713,43.292,Calumet_WaterTempDrop_85,atomic,[Calumet_WaterTempDrop_85],[1.0000],1,1,1.0000,[[CalumetBeach201506142200_Water_Temperature]]
2025-10-15 19:26:30.774,43.353,63rd_WaterTempDrop_85,atomic,[63rd_WaterTempDrop_85],[1.0000],1,1,1.0000,[[63rdStreetBeach201506142300_Water_Temperature]]
2025-10-15 19:26:30.776,43.355,Montrose_WaterTempDrop_85,atomic,[Montrose_WaterTempDrop_85],[1.0000],1,1,1.0000,[[MontroseBeach201506142300_Water_Temperature]]
2025-10-15 19:26:30.776,43.355,Calumet_WaterTempDrop_85,atomic,[Calumet_WaterTempDrop_85],[1.0000],1,1,1.0000,[[CalumetBeach201506142300_Water_Temperature]]
2025-10-15 19:26:30.836,43.415,Calumet_WaterTempDrop_85,atomic,[Calumet_WaterTempDrop_85],[1.0000],1,1,1.0000,[[CalumetBeach201506152400_Water_Temperature]]
2025-10-15 19:26:30.838,43.417,63rd_WaterTempDrop_85,atomic,[63rd_WaterTempDrop_85],[1.0000],1,1,1.0000,[[63rdStreetBeach201506152400_Water_Temperature]]
2025-10-15 19:26:30.839,43.418,Montrose_WaterTempDrop_85,atomic,[Montrose_WaterTempDrop_85],[1.0000],1,1,1.0000,[[MontroseBeach201506152400_Water_Temperature]]
2025-10-15 19:26:30.896,43.475,Montrose_WaterTempDrop_85,atomic,[Montrose_WaterTempDrop_85],[0.9623],1,1,0.9623,[[MontroseBeach201506150100_Water_Temperature]]
2025-10-15 19:26:30.900,43.479,63rd_WaterTempDrop_85,atomic,[63rd_WaterTempDrop_85],[1.0000],1,1,1.0000,[[63rdStreetBeach201506150100_Water_Temperature]]
2025-10-15 19:26:30.901,43.480,Calumet_WaterTempDrop_85,atomic,[Calumet_WaterTempDrop_85],[1.0000],1,1,1.0000,[[CalumetBeach201506150100_Water_Temperature]]
2025-10-15 19:26:30.961,43.540,Montrose_WaterTempDrop_85,atomic,[Montrose_WaterTempDrop_85],[1.0000],1,1,1.0000,[[MontroseBeach201506150200_Water_Temperature]]
2025-10-15 19:26:30.962,43.541,Calumet_WaterTempDrop_85,atomic,[Calumet_WaterTempDrop_85],[1.0000],1,1,1.0000,[[CalumetBeach201506150200_Water_Temperature]]
2025-10-15 19:26:30.963,43.542,63rd_WaterTempDrop_85,atomic,[63rd_WaterTempDrop_85],[1.0000],1,1,1.0000,[[63rdStreetBeach201506150200_Water_Temperature]]
2025-10-15 19:26:31.021,43.600,63rd_WaterTempDrop_85,atomic,[63rd_WaterTempDrop_85],[0.9691],1,1,0.9691,[[63rdStreetBeach201506150300_Water_Temperature]]
2025-10-15 19:26:31.022,43.601,Montrose_WaterTempDrop_85,atomic,[Montrose_WaterTempDrop_85],[1.0000],1,1,1.0000,[[MontroseBeach201506150300_Water_Temperature]]
2025-10-15 19:26:31.024,43.603,Calumet_WaterTempDrop_85,atomic,[Calumet_WaterTempDrop_85],[0.9690],1,1,0.9690,[[CalumetBeach201506150300_Water_Temperature]]
2025-10-15 19:26:31.086,43.665,Calumet_WaterTempDrop_85,atomic,[Calumet_WaterTempDrop_85],[1.0000],1,1,1.0000,[[CalumetBeach201506150400_Water_Temperature]]
2025-10-15 19:26:31.087,43.666,63rd_WaterTempDrop_85,atomic,[63rd_WaterTempDrop_85],[0.9653],1,1,0.9653,[[63rdStreetBeach201506150400_Water_Temperature]]
2025-10-15 19:26:31.089,43.668,Montrose_WaterTempDrop_85,atomic,[Montrose_WaterTempDrop_85],[1.0000],1,1,1.0000,[[MontroseBeach201506150400_Water_Temperature]]
2025-10-15 19:26:31.148,43.727,63rd_WaterTempDrop_85,atomic,[63rd_WaterTempDrop_85],[0.9611],1,1,0.9611,[[63rdStreetBeach201506150500_Water_Temperature]]
2025-10-15 19:26:31.148,43.727,Montrose_WaterTempDrop_85,atomic,[Montrose_WaterTempDrop_85],[0.9654],1,1,0.9654,[[MontroseBeach201506150500_Water_Temperature]]
2025-10-15 19:26:31.149,43.728,Calumet_WaterTempDrop_85,atomic,[Calumet_WaterTempDrop_85],[1.0000],1,1,1.0000,[[CalumetBeach201506150500_Water_Temperature]]
2025-10-15 19:26:31.211,43.790,63rd_WaterTempDrop_85,atomic,[63rd_WaterTempDrop_85],[0.9564],1,1,0.9564,[[63rdStreetBeach201506150600_Water_Temperature]]
2025-10-15 19:26:31.211,43.790,Montrose_WaterTempDrop_85,atomic,[Montrose_WaterTempDrop_85],[1.0000],1,1,1.0000,[[MontroseBeach201506150600_Water_Temperature]]
2025-10-15 19:26:31.212,43.791,Calumet_WaterTempDrop_85,atomic,[Calumet_WaterTempDrop_85],[1.0000],1,1,1.0000,[[CalumetBeach201506150600_Water_Temperature]]
2025-10-15 19:26:31.273,43.852,Montrose_WaterTempDrop_85,atomic,[Montrose_WaterTempDrop_85],[1.0000],1,1,1.0000,[[MontroseBeach201506150700_Water_Temperature]]
2025-10-15 19:26:31.275,43.854,63rd_WaterTempDrop_85,atomic,[63rd_WaterTempDrop_85],[1.0000],1,1,1.0000,[[63rdStreetBeach201506150700_Water_Temperature]]
2025-10-15 19:26:31.276,43.855,Calumet_WaterTempDrop_85,atomic,[Calumet_WaterTempDrop_85],[1.0000],1,1,1.0000,[[CalumetBeach201506150700_Water_Temperature]]
2025-10-15 19:26:31.335,43.914,Montrose_WaterTempDrop_85,atomic,[Montrose_WaterTempDrop_85],[0.9656],1,1,0.9656,[[MontroseBeach201506150800_Water_Temperature]]
2025-10-15 19:26:31.338,43.917,Calumet_WaterTempDrop_85,atomic,[Calumet_WaterTempDrop_85],[1.0000],1,1,1.0000,[[CalumetBeach201506150800_Water_Temperature]]
2025-10-15 19:26:31.338,43.917,63rd_WaterTempDrop_85,atomic,[63rd_WaterTempDrop_85],[1.0000],1,1,1.0000,[[63rdStreetBeach201506150800_Water_Temperature]]
2025-10-15 19:26:31.397,43.976,Calumet_WaterTempDrop_85,atomic,[Calumet_WaterTempDrop_85],[0.9707],1,1,0.9707,[[CalumetBeach201506150900_Water_Temperature]]
2025-10-15 19:26:31.400,43.979,63rd_WaterTempDrop_85,atomic,[63rd_WaterTempDrop_85],[1.0000],1,1,1.0000,[[63rdStreetBeach201506150900_Water_Temperature]]
2025-10-15 19:26:31.402,43.981,Montrose_WaterTempDrop_85,atomic,[Montrose_WaterTempDrop_85],[1.0000],1,1,1.0000,[[MontroseBeach201506150900_Water_Temperature]]
2025-10-15 19:26:31.460,44.039,Calumet_WaterTempDrop_85,atomic,[Calumet_WaterTempDrop_85],[1.0000],1,1,1.0000,[[CalumetBeach201506151000_Water_Temperature]]
2025-10-15 19:26:31.461,44.040,Montrose_WaterTempDrop_85,atomic,[Montrose_WaterTempDrop_85],[1.0000],1,1,1.0000,[[MontroseBeach201506151000_Water_Temperature]]
2025-10-15 19:26:31.463,44.042,63rd_WaterTempDrop_85,atomic,[63rd_WaterTempDrop_85],[0.9625],1,1,0.9625,[[63rdStreetBeach201506151000_Water_Temperature]]
2025-10-15 19:26:31.539,44.118,Montrose_WaterTempDrop_85,atomic,[Montrose_WaterTempDrop_85],[1.0000],1,1,1.0000,[[MontroseBeach201506151100_Water_Temperature]]
2025-10-15 19:26:31.540,44.119,Calumet_WaterTempDrop_85,atomic,[Calumet_WaterTempDrop_85],[1.0000],1,1,1.0000,[[CalumetBeach201506151100_Water_Temperature]]
2025-10-15 19:26:31.542,44.121,63rd_WaterTempDrop_85,atomic,[63rd_WaterTempDrop_85],[1.0000],1,1,1.0000,[[63rdStreetBeach201506151100_Water_Temperature]]
2025-10-15 19:26:31.586,44.165,63rd_WaterTempDrop_85,atomic,[63rd_WaterTempDrop_85],[0.9612],1,1,0.9612,[[63rdStreetBeach201506151200_Water_Temperature]]
2025-10-15 19:26:31.587,44.166,Montrose_WaterTempDrop_85,atomic,[Montrose_WaterTempDrop_85],[0.9671],1,1,0.9671,[[MontroseBeach201506151200_Water_Temperature]]
2025-10-15 19:26:31.590,44.169,Calumet_WaterTempDrop_85,atomic,[Calumet_WaterTempDrop_85],[1.0000],1,1,1.0000,[[CalumetBeach201506151200_Water_Temperature]]
2025-10-15 19:26:31.648,44.227,Montrose_WaterTempDrop_85,atomic,[Montrose_WaterTempDrop_85],[1.0000],1,1,1.0000,[[MontroseBeach201506151300_Water_Temperature]]
2025-10-15 19:26:31.650,44.229,Calumet_WaterTempDrop_85,atomic,[Calumet_WaterTempDrop_85],[1.0000],1,1,1.0000,[[CalumetBeach201506151300_Water_Temperature]]
2025-10-15 19:26:31.712,44.291,Calumet_WaterTempDrop_85,atomic,[Calumet_WaterTempDrop_85],[0.9705],1,1,0.9705,[[CalumetBeach201506151400_Water_Temperature]]
2025-10-15 19:26:31.713,44.292,63rd_WaterTempDrop_85,atomic,[63rd_WaterTempDrop_85],[1.0000],1,1,1.0000,[[63rdStreetBeach201506151400_Water_Temperature]]
2025-10-15 19:26:31.714,44.293,Montrose_WaterTempDrop_85,atomic,[Montrose_WaterTempDrop_85],[1.0000],1,1,1.0000,[[MontroseBeach201506151400_Water_Temperature]]
2025-10-15 19:26:31.773,44.352,Calumet_WaterTempDrop_85,atomic,[Calumet_WaterTempDrop_85],[1.0000],1,1,1.0000,[[CalumetBeach201506151500_Water_Temperature]]
2025-10-15 19:26:31.776,44.355,Montrose_WaterTempDrop_85,atomic,[Montrose_WaterTempDrop_85],[1.0000],1,1,1.0000,[[MontroseBeach201506151500_Water_Temperature]]
2025-10-15 19:26:31.778,44.357,63rd_WaterTempDrop_85,atomic,[63rd_WaterTempDrop_85],[1.0000],1,1,1.0000,[[63rdStreetBeach201506151500_Water_Temperature]]
2025-10-15 19:26:31.836,44.415,Calumet_WaterTempDrop_85,atomic,[Calumet_WaterTempDrop_85],[0.9680],1,1,0.9680,[[CalumetBeach201506151600_Water_Temperature]]
2025-10-15 19:26:31.837,44.416,Montrose_WaterTempDrop_85,atomic,[Montrose_WaterTempDrop_85],[1.0000],1,1,1.0000,[[MontroseBeach201506151600_Water_Temperature]]
2025-10-15 19:26:31.837,44.416,63rd_WaterTempDrop_85,atomic,[63rd_WaterTempDrop_85],[1.0000],1,1,1.0000,[[63rdStreetBeach201506151600_Water_Temperature]]
2025-10-15 19:26:31.897,44.476,Calumet_WaterTempDrop_85,atomic,[Calumet_WaterTempDrop_85],[1.0000],1,1,1.0000,[[CalumetBeach201506151700_Water_Temperature]]
2025-10-15 19:26:31.897,44.476,Montrose_WaterTempDrop_85,atomic,[Montrose_WaterTempDrop_85],[1.0000],1,1,1.0000,[[MontroseBeach201506151700_Water_Temperature]]
2025-10-15 19:26:31.960,44.539,Montrose_WaterTempDrop_85,atomic,[Montrose_WaterTempDrop_85],[1.0000],1,1,1.0000,[[MontroseBeach201506151800_Water_Temperature]]
2025-10-15 19:26:31.961,44.540,63rd_WaterTempDrop_85,atomic,[63rd_WaterTempDrop_85],[1.0000],1,1,1.0000,[[63rdStreetBeach201506151800_Water_Temperature]]
2025-10-15 19:26:31.962,44.541,Calumet_WaterTempDrop_85,atomic,[Calumet_WaterTempDrop_85],[1.0000],1,1,1.0000,[[CalumetBeach201506151800_Water_Temperature]]
2025-10-15 19:26:32.022,44.601,63rd_WaterTempDrop_85,atomic,[63rd_WaterTempDrop_85],[1.0000],1,1,1.0000,[[63rdStreetBeach201506151900_Water_Temperature]]
2025-10-15 19:26:32.023,44.602,Montrose_WaterTempDrop_85,atomic,[Montrose_WaterTempDrop_85],[1.0000],1,1,1.0000,[[MontroseBeach201506151900_Water_Temperature]]
2025-10-15 19:26:32.025,44.604,Calumet_WaterTempDrop_85,atomic,[Calumet_WaterTempDrop_85],[1.0000],1,1,1.0000,[[CalumetBeach201506151900_Water_Temperature]]
2025-10-15 19:26:32.088,44.667,63rd_WaterTempDrop_85,atomic,[63rd_WaterTempDrop_85],[1.0000],1,1,1.0000,[[63rdStreetBeach201506152000_Water_Temperature]]
2025-10-15 19:26:32.089,44.668,Montrose_WaterTempDrop_85,atomic,[Montrose_WaterTempDrop_85],[1.0000],1,1,1.0000,[[MontroseBeach201506152000_Water_Temperature]]
2025-10-15 19:26:32.091,44.670,Calumet_WaterTempDrop_85,atomic,[Calumet_WaterTempDrop_85],[1.0000],1,1,1.0000,[[CalumetBeach201506152000_Water_Temperature]]
2025-10-15 19:26:32.151,44.730,Montrose_WaterTempDrop_85,atomic,[Montrose_WaterTempDrop_85],[1.0000],1,1,1.0000,[[MontroseBeach201506152100_Water_Temperature]]
2025-10-15 19:26:32.152,44.731,63rd_WaterTempDrop_85,atomic,[63rd_WaterTempDrop_85],[1.0000],1,1,1.0000,[[63rdStreetBeach201506152100_Water_Temperature]]
2025-10-15 19:26:32.153,44.732,Calumet_WaterTempDrop_85,atomic,[Calumet_WaterTempDrop_85],[1.0000],1,1,1.0000,[[CalumetBeach201506152100_Water_Temperature]]
2025-10-15 19:26:32.213,44.792,Montrose_WaterTempDrop_85,atomic,[Montrose_WaterTempDrop_85],[1.0000],1,1,1.0000,[[MontroseBeach201506152200_Water_Temperature]]
2025-10-15 19:26:32.214,44.793,Calumet_WaterTempDrop_85,atomic,[Calumet_WaterTempDrop_85],[1.0000],1,1,1.0000,[[CalumetBeach201506152200_Water_Temperature]]
2025-10-15 19:26:32.215,44.794,63rd_WaterTempDrop_85,atomic,[63rd_WaterTempDrop_85],[1.0000],1,1,1.0000,[[63rdStreetBeach201506152200_Water_Temperature]]
2025-10-15 19:26:32.272,44.851,Montrose_WaterTempDrop_85,atomic,[Montrose_WaterTempDrop_85],[0.9721],1,1,0.9721,[[MontroseBeach201506152300_Water_Temperature]]
2025-10-15 19:26:32.276,44.855,Calumet_WaterTempDrop_85,atomic,[Calumet_WaterTempDrop_85],[1.0000],1,1,1.0000,[[CalumetBeach201506152300_Water_Temperature]]
2025-10-15 19:26:32.276,44.855,63rd_WaterTempDrop_85,atomic,[63rd_WaterTempDrop_85],[1.0000],1,1,1.0000,[[63rdStreetBeach201506152300_Water_Temperature]]
2025-10-15 19:26:32.334,44.913,Calumet_WaterTempDrop_85,atomic,[Calumet_WaterTempDrop_85],[1.0000],1,1,1.0000,[[CalumetBeach201506162400_Water_Temperature]]
2025-10-15 19:26:32.335,44.914,63rd_WaterTempDrop_85,atomic,[63rd_WaterTempDrop_85],[0.9711],1,1,0.9711,[[63rdStreetBeach201506162400_Water_Temperature]]
2025-10-15 19:26:32.337,44.916,Montrose_WaterTempDrop_85,atomic,[Montrose_WaterTempDrop_85],[1.0000],1,1,1.0000,[[MontroseBeach201506162400_Water_Temperature]]
2025-10-15 19:26:32.398,44.977,Calumet_WaterTempDrop_85,atomic,[Calumet_WaterTempDrop_85],[1.0000],1,1,1.0000,[[CalumetBeach201506160100_Water_Temperature]]
2025-10-15 19:26:32.398,44.977,Montrose_WaterTempDrop_85,atomic,[Montrose_WaterTempDrop_85],[0.9693],1,1,0.9693,[[MontroseBeach201506160100_Water_Temperature]]
2025-10-15 19:26:32.460,45.039,63rd_WaterTempDrop_85,atomic,[63rd_WaterTempDrop_85],[1.0000],1,1,1.0000,[[63rdStreetBeach201506160200_Water_Temperature]]
2025-10-15 19:26:32.461,45.040,Montrose_WaterTempDrop_85,atomic,[Montrose_WaterTempDrop_85],[1.0000],1,1,1.0000,[[MontroseBeach201506160200_Water_Temperature]]
2025-10-15 19:26:32.462,45.041,Calumet_WaterTempDrop_85,atomic,[Calumet_WaterTempDrop_85],[1.0000],1,1,1.0000,[[CalumetBeach201506160200_Water_Temperature]]
2025-10-15 19:26:32.522,45.101,63rd_WaterTempDrop_85,atomic,[63rd_WaterTempDrop_85],[0.9686],1,1,0.9686,[[63rdStreetBeach201506160300_Water_Temperature]]
2025-10-15 19:26:32.523,45.102,Calumet_WaterTempDrop_85,atomic,[Calumet_WaterTempDrop_85],[0.9720],1,1,0.9720,[[CalumetBeach201506160300_Water_Temperature]]
2025-10-15 19:26:32.524,45.103,Montrose_WaterTempDrop_85,atomic,[Montrose_WaterTempDrop_85],[1.0000],1,1,1.0000,[[MontroseBeach201506160300_Water_Temperature]]
2025-10-15 19:26:32.584,45.163,Calumet_WaterTempDrop_85,atomic,[Calumet_WaterTempDrop_85],[1.0000],1,1,1.0000,[[CalumetBeach201506160400_Water_Temperature]]
2025-10-15 19:26:32.586,45.165,Montrose_WaterTempDrop_85,atomic,[Montrose_WaterTempDrop_85],[1.0000],1,1,1.0000,[[MontroseBeach201506160400_Water_Temperature]]
2025-10-15 19:26:32.587,45.166,63rd_WaterTempDrop_85,atomic,[63rd_WaterTempDrop_85],[1.0000],1,1,1.0000,[[63rdStreetBeach201506160400_Water_Temperature]]
2025-10-15 19:26:32.645,45.224,Montrose_WaterTempDrop_85,atomic,[Montrose_WaterTempDrop_85],[1.0000],1,1,1.0000,[[MontroseBeach201506160500_Water_Temperature]]
2025-10-15 19:26:32.648,45.227,Calumet_WaterTempDrop_85,atomic,[Calumet_WaterTempDrop_85],[1.0000],1,1,1.0000,[[CalumetBeach201506160500_Water_Temperature]]
2025-10-15 19:26:32.648,45.227,63rd_WaterTempDrop_85,atomic,[63rd_WaterTempDrop_85],[1.0000],1,1,1.0000,[[63rdStreetBeach201506160500_Water_Temperature]]
2025-10-15 19:26:32.710,45.289,Calumet_WaterTempDrop_85,atomic,[Calumet_WaterTempDrop_85],[1.0000],1,1,1.0000,[[CalumetBeach201506160600_Water_Temperature]]
2025-10-15 19:26:32.711,45.290,63rd_WaterTempDrop_85,atomic,[63rd_WaterTempDrop_85],[1.0000],1,1,1.0000,[[63rdStreetBeach201506160600_Water_Temperature]]
2025-10-15 19:26:32.712,45.291,Montrose_WaterTempDrop_85,atomic,[Montrose_WaterTempDrop_85],[1.0000],1,1,1.0000,[[MontroseBeach201506160600_Water_Temperature]]
2025-10-15 19:26:32.770,45.349,Montrose_WaterTempDrop_85,atomic,[Montrose_WaterTempDrop_85],[0.9702],1,1,0.9702,[[MontroseBeach201506160700_Water_Temperature]]
2025-10-15 19:26:32.771,45.350,Calumet_WaterTempDrop_85,atomic,[Calumet_WaterTempDrop_85],[1.0000],1,1,1.0000,[[CalumetBeach201506160700_Water_Temperature]]
2025-10-15 19:26:32.834,45.413,Montrose_WaterTempDrop_85,atomic,[Montrose_WaterTempDrop_85],[0.9664],1,1,0.9664,[[MontroseBeach201506160800_Water_Temperature]]
2025-10-15 19:26:32.835,45.414,63rd_WaterTempDrop_85,atomic,[63rd_WaterTempDrop_85],[1.0000],1,1,1.0000,[[63rdStreetBeach201506160800_Water_Temperature]]
2025-10-15 19:26:32.837,45.416,Calumet_WaterTempDrop_85,atomic,[Calumet_WaterTempDrop_85],[1.0000],1,1,1.0000,[[CalumetBeach201506160800_Water_Temperature]]
2025-10-15 19:26:32.898,45.477,Calumet_WaterTempDrop_85,atomic,[Calumet_WaterTempDrop_85],[1.0000],1,1,1.0000,[[CalumetBeach201506160900_Water_Temperature]]
2025-10-15 19:26:32.900,45.479,63rd_WaterTempDrop_85,atomic,[63rd_WaterTempDrop_85],[0.9694],1,1,0.9694,[[63rdStreetBeach201506160900_Water_Temperature]]
2025-10-15 19:26:32.901,45.480,Montrose_WaterTempDrop_85,atomic,[Montrose_WaterTempDrop_85],[1.0000],1,1,1.0000,[[MontroseBeach201506160900_Water_Temperature]]
2025-10-15 19:26:32.961,45.540,Calumet_WaterTempDrop_85,atomic,[Calumet_WaterTempDrop_85],[0.9716],1,1,0.9716,[[CalumetBeach201506161000_Water_Temperature]]
2025-10-15 19:26:32.961,45.540,63rd_WaterTempDrop_85,atomic,[63rd_WaterTempDrop_85],[0.9655],1,1,0.9655,[[63rdStreetBeach201506161000_Water_Temperature]]
2025-10-15 19:26:32.961,45.540,Montrose_WaterTempDrop_85,atomic,[Montrose_WaterTempDrop_85],[1.0000],1,1,1.0000,[[MontroseBeach201506161000_Water_Temperature]]
2025-10-15 19:26:32.962,45.541,Montrose_HighWave_85,atomic,[Montrose_HighWave_85],[1.0000],1,1,1.0000,[[MontroseBeach201506161000_Wave_Height]]
2025-10-15 19:26:33.021,45.600,Montrose_WaterTempDrop_85,atomic,[Montrose_WaterTempDrop_85],[0.9658],1,1,0.9658,[[MontroseBeach201506161100_Water_Temperature]]
2025-10-15 19:26:33.022,45.601,Montrose_HighWave_85,atomic,[Montrose_HighWave_85],[0.8642],1,1,0.8642,[[MontroseBeach201506161100_Wave_Height]]
2025-10-15 19:26:33.023,45.602,Calumet_WaterTempDrop_85,atomic,[Calumet_WaterTempDrop_85],[1.0000],1,1,1.0000,[[CalumetBeach201506161100_Water_Temperature]]
2025-10-15 19:26:33.084,45.663,Montrose_WaterTempDrop_85,atomic,[Montrose_WaterTempDrop_85],[0.9615],1,1,0.9615,[[MontroseBeach201506161200_Water_Temperature]]
2025-10-15 19:26:33.086,45.665,63rd_WaterTempDrop_85,atomic,[63rd_WaterTempDrop_85],[1.0000],1,1,1.0000,[[63rdStreetBeach201506161200_Water_Temperature]]
2025-10-15 19:26:33.088,45.667,Calumet_WaterTempDrop_85,atomic,[Calumet_WaterTempDrop_85],[1.0000],1,1,1.0000,[[CalumetBeach201506161200_Water_Temperature]]
2025-10-15 19:26:33.146,45.725,Calumet_WaterTempDrop_85,atomic,[Calumet_WaterTempDrop_85],[0.9695],1,1,0.9695,[[CalumetBeach201506161300_Water_Temperature]]
2025-10-15 19:26:33.148,45.727,Montrose_WaterTempDrop_85,atomic,[Montrose_WaterTempDrop_85],[1.0000],1,1,1.0000,[[MontroseBeach201506161300_Water_Temperature]]
2025-10-15 19:26:33.150,45.729,63rd_WaterTempDrop_85,atomic,[63rd_WaterTempDrop_85],[1.0000],1,1,1.0000,[[63rdStreetBeach201506161300_Water_Temperature]]
2025-10-15 19:26:33.211,45.790,Montrose_WaterTempDrop_85,atomic,[Montrose_WaterTempDrop_85],[1.0000],1,1,1.0000,[[MontroseBeach201506161400_Water_Temperature]]
2025-10-15 19:26:33.212,45.791,Montrose_HighWave_85,atomic,[Montrose_HighWave_85],[1.0000],1,1,1.0000,[[MontroseBeach201506161400_Wave_Height]]
2025-10-15 19:26:33.212,45.791,Calumet_WaterTempDrop_85,atomic,[Calumet_WaterTempDrop_85],[1.0000],1,1,1.0000,[[CalumetBeach201506161400_Water_Temperature]]
2025-10-15 19:26:33.271,45.850,Montrose_WaterTempDrop_85,atomic,[Montrose_WaterTempDrop_85],[0.9627],1,1,0.9627,[[MontroseBeach201506161500_Water_Temperature]]
2025-10-15 19:26:33.271,45.850,Calumet_WaterTempDrop_85,atomic,[Calumet_WaterTempDrop_85],[0.9670],1,1,0.9670,[[CalumetBeach201506161500_Water_Temperature]]
2025-10-15 19:26:33.271,45.850,63rd_WaterTempDrop_85,atomic,[63rd_WaterTempDrop_85],[0.9653],1,1,0.9653,[[63rdStreetBeach201506161500_Water_Temperature]]
2025-10-15 19:26:33.333,45.912,Calumet_WaterTempDrop_85,atomic,[Calumet_WaterTempDrop_85],[0.9628],1,1,0.9628,[[CalumetBeach201506161600_Water_Temperature]]
2025-10-15 19:26:33.336,45.915,63rd_WaterTempDrop_85,atomic,[63rd_WaterTempDrop_85],[1.0000],1,1,1.0000,[[63rdStreetBeach201506161600_Water_Temperature]]
2025-10-15 19:26:33.337,45.916,Montrose_WaterTempDrop_85,atomic,[Montrose_WaterTempDrop_85],[1.0000],1,1,1.0000,[[MontroseBeach201506161600_Water_Temperature]]
2025-10-15 19:26:33.400,45.979,Montrose_WaterTempDrop_85,atomic,[Montrose_WaterTempDrop_85],[0.9613],1,1,0.9613,[[MontroseBeach201506161700_Water_Temperature]]
2025-10-15 19:26:33.400,45.979,Calumet_WaterTempDrop_85,atomic,[Calumet_WaterTempDrop_85],[1.0000],1,1,1.0000,[[CalumetBeach201506161700_Water_Temperature]]
2025-10-15 19:26:33.402,45.981,63rd_WaterTempDrop_85,atomic,[63rd_WaterTempDrop_85],[1.0000],1,1,1.0000,[[63rdStreetBeach201506161700_Water_Temperature]]
2025-10-15 19:26:33.461,46.040,Montrose_WaterTempDrop_85,atomic,[Montrose_WaterTempDrop_85],[1.0000],1,1,1.0000,[[MontroseBeach201506161800_Water_Temperature]]
2025-10-15 19:26:33.461,46.040,Calumet_WaterTempDrop_85,atomic,[Calumet_WaterTempDrop_85],[1.0000],1,1,1.0000,[[CalumetBeach201506161800_Water_Temperature]]
2025-10-15 19:26:33.523,46.102,Calumet_WaterTempDrop_85,atomic,[Calumet_WaterTempDrop_85],[1.0000],1,1,1.0000,[[CalumetBeach201506161900_Water_Temperature]]
2025-10-15 19:26:33.523,46.102,Montrose_WaterTempDrop_85,atomic,[Montrose_WaterTempDrop_85],[1.0000],1,1,1.0000,[[MontroseBeach201506161900_Water_Temperature]]
2025-10-15 19:26:33.589,46.168,Calumet_WaterTempDrop_85,atomic,[Calumet_WaterTempDrop_85],[1.0000],1,1,1.0000,[[CalumetBeach201506162000_Water_Temperature]]
2025-10-15 19:26:33.590,46.169,63rd_WaterTempDrop_85,atomic,[63rd_WaterTempDrop_85],[1.0000],1,1,1.0000,[[63rdStreetBeach201506162000_Water_Temperature]]
2025-10-15 19:26:33.591,46.170,Montrose_WaterTempDrop_85,atomic,[Montrose_WaterTempDrop_85],[1.0000],1,1,1.0000,[[MontroseBeach201506162000_Water_Temperature]]
2025-10-15 19:26:33.647,46.226,Calumet_WaterTempDrop_85,atomic,[Calumet_WaterTempDrop_85],[0.9668],1,1,0.9668,[[CalumetBeach201506162100_Water_Temperature]]
2025-10-15 19:26:33.649,46.228,Montrose_WaterTempDrop_85,atomic,[Montrose_WaterTempDrop_85],[1.0000],1,1,1.0000,[[MontroseBeach201506162100_Water_Temperature]]
2025-10-15 19:26:33.712,46.291,Montrose_WaterTempDrop_85,atomic,[Montrose_WaterTempDrop_85],[0.9666],1,1,0.9666,[[MontroseBeach201506162200_Water_Temperature]]
2025-10-15 19:26:33.714,46.293,63rd_WaterTempDrop_85,atomic,[63rd_WaterTempDrop_85],[1.0000],1,1,1.0000,[[63rdStreetBeach201506162200_Water_Temperature]]
2025-10-15 19:26:33.715,46.294,Calumet_WaterTempDrop_85,atomic,[Calumet_WaterTempDrop_85],[1.0000],1,1,1.0000,[[CalumetBeach201506162200_Water_Temperature]]
2025-10-15 19:26:33.777,46.356,Montrose_WaterTempDrop_85,atomic,[Montrose_WaterTempDrop_85],[1.0000],1,1,1.0000,[[MontroseBeach201506162300_Water_Temperature]]
2025-10-15 19:26:33.778,46.357,Calumet_WaterTempDrop_85,atomic,[Calumet_WaterTempDrop_85],[1.0000],1,1,1.0000,[[CalumetBeach201506162300_Water_Temperature]]
2025-10-15 19:26:33.841,46.420,Montrose_WaterTempDrop_85,atomic,[Montrose_WaterTempDrop_85],[1.0000],1,1,1.0000,[[MontroseBeach201506172400_Water_Temperature]]
2025-10-15 19:26:33.842,46.421,63rd_WaterTempDrop_85,atomic,[63rd_WaterTempDrop_85],[1.0000],1,1,1.0000,[[63rdStreetBeach201506172400_Water_Temperature]]
2025-10-15 19:26:33.845,46.424,Calumet_WaterTempDrop_85,atomic,[Calumet_WaterTempDrop_85],[1.0000],1,1,1.0000,[[CalumetBeach201506172400_Water_Temperature]]
2025-10-15 19:26:33.901,46.480,Montrose_WaterTempDrop_85,atomic,[Montrose_WaterTempDrop_85],[0.9664],1,1,0.9664,[[MontroseBeach201506170100_Water_Temperature]]
2025-10-15 19:26:33.902,46.481,Calumet_WaterTempDrop_85,atomic,[Calumet_WaterTempDrop_85],[1.0000],1,1,1.0000,[[CalumetBeach201506170100_Water_Temperature]]
2025-10-15 19:26:33.965,46.544,Montrose_WaterTempDrop_85,atomic,[Montrose_WaterTempDrop_85],[0.9624],1,1,0.9624,[[MontroseBeach201506170200_Water_Temperature]]
2025-10-15 19:26:33.967,46.546,63rd_WaterTempDrop_85,atomic,[63rd_WaterTempDrop_85],[0.9689],1,1,0.9689,[[63rdStreetBeach201506170200_Water_Temperature]]
2025-10-15 19:26:33.967,46.546,Calumet_WaterTempDrop_85,atomic,[Calumet_WaterTempDrop_85],[1.0000],1,1,1.0000,[[CalumetBeach201506170200_Water_Temperature]]
2025-10-15 19:26:34.028,46.607,Montrose_WaterTempDrop_85,atomic,[Montrose_WaterTempDrop_85],[0.9579],1,1,0.9579,[[MontroseBeach201506170300_Water_Temperature]]
2025-10-15 19:26:34.029,46.608,63rd_WaterTempDrop_85,atomic,[63rd_WaterTempDrop_85],[1.0000],1,1,1.0000,[[63rdStreetBeach201506170300_Water_Temperature]]
2025-10-15 19:26:34.030,46.609,Calumet_WaterTempDrop_85,atomic,[Calumet_WaterTempDrop_85],[0.9696],1,1,0.9696,[[CalumetBeach201506170300_Water_Temperature]]
2025-10-15 19:26:34.091,46.670,Calumet_WaterTempDrop_85,atomic,[Calumet_WaterTempDrop_85],[1.0000],1,1,1.0000,[[CalumetBeach201506170400_Water_Temperature]]
2025-10-15 19:26:34.092,46.671,63rd_WaterTempDrop_85,atomic,[63rd_WaterTempDrop_85],[1.0000],1,1,1.0000,[[63rdStreetBeach201506170400_Water_Temperature]]
2025-10-15 19:26:34.093,46.672,Montrose_WaterTempDrop_85,atomic,[Montrose_WaterTempDrop_85],[1.0000],1,1,1.0000,[[MontroseBeach201506170400_Water_Temperature]]
2025-10-15 19:26:34.153,46.732,Montrose_WaterTempDrop_85,atomic,[Montrose_WaterTempDrop_85],[1.0000],1,1,1.0000,[[MontroseBeach201506170500_Water_Temperature]]
2025-10-15 19:26:34.154,46.733,Calumet_WaterTempDrop_85,atomic,[Calumet_WaterTempDrop_85],[1.0000],1,1,1.0000,[[CalumetBeach201506170500_Water_Temperature]]
2025-10-15 19:26:34.155,46.734,63rd_WaterTempDrop_85,atomic,[63rd_WaterTempDrop_85],[1.0000],1,1,1.0000,[[63rdStreetBeach201506170500_Water_Temperature]]
2025-10-15 19:26:34.221,46.800,Calumet_WaterTempDrop_85,atomic,[Calumet_WaterTempDrop_85],[1.0000],1,1,1.0000,[[CalumetBeach201506170600_Water_Temperature]]
2025-10-15 19:26:34.222,46.801,Montrose_WaterTempDrop_85,atomic,[Montrose_WaterTempDrop_85],[0.9609],1,1,0.9609,[[MontroseBeach201506170600_Water_Temperature]]
2025-10-15 19:26:34.222,46.801,63rd_WaterTempDrop_85,atomic,[63rd_WaterTempDrop_85],[1.0000],1,1,1.0000,[[63rdStreetBeach201506170600_Water_Temperature]]
2025-10-15 19:26:34.278,46.857,63rd_WaterTempDrop_85,atomic,[63rd_WaterTempDrop_85],[1.0000],1,1,1.0000,[[63rdStreetBeach201506170700_Water_Temperature]]
2025-10-15 19:26:34.279,46.858,Montrose_WaterTempDrop_85,atomic,[Montrose_WaterTempDrop_85],[1.0000],1,1,1.0000,[[MontroseBeach201506170700_Water_Temperature]]
2025-10-15 19:26:34.279,46.858,Calumet_WaterTempDrop_85,atomic,[Calumet_WaterTempDrop_85],[1.0000],1,1,1.0000,[[CalumetBeach201506170700_Water_Temperature]]
2025-10-15 19:26:34.340,46.919,Montrose_WaterTempDrop_85,atomic,[Montrose_WaterTempDrop_85],[1.0000],1,1,1.0000,[[MontroseBeach201506170800_Water_Temperature]]
2025-10-15 19:26:34.341,46.920,Calumet_WaterTempDrop_85,atomic,[Calumet_WaterTempDrop_85],[1.0000],1,1,1.0000,[[CalumetBeach201506170800_Water_Temperature]]
2025-10-15 19:26:34.402,46.981,Calumet_WaterTempDrop_85,atomic,[Calumet_WaterTempDrop_85],[1.0000],1,1,1.0000,[[CalumetBeach201506170900_Water_Temperature]]
2025-10-15 19:26:34.408,46.987,Montrose_WaterTempDrop_85,atomic,[Montrose_WaterTempDrop_85],[1.0000],1,1,1.0000,[[MontroseBeach201506170900_Water_Temperature]]
2025-10-15 19:26:34.466,47.045,Calumet_WaterTempDrop_85,atomic,[Calumet_WaterTempDrop_85],[1.0000],1,1,1.0000,[[CalumetBeach201506171000_Water_Temperature]]
2025-10-15 19:26:34.466,47.045,Montrose_WaterTempDrop_85,atomic,[Montrose_WaterTempDrop_85],[1.0000],1,1,1.0000,[[MontroseBeach201506171000_Water_Temperature]]
2025-10-15 19:26:34.527,47.106,63rd_WaterTempDrop_85,atomic,[63rd_WaterTempDrop_85],[1.0000],1,1,1.0000,[[63rdStreetBeach201506171100_Water_Temperature]]
2025-10-15 19:26:34.529,47.108,Calumet_WaterTempDrop_85,atomic,[Calumet_WaterTempDrop_85],[1.0000],1,1,1.0000,[[CalumetBeach201506171100_Water_Temperature]]
2025-10-15 19:26:34.529,47.108,Montrose_WaterTempDrop_85,atomic,[Montrose_WaterTempDrop_85],[1.0000],1,1,1.0000,[[MontroseBeach201506171100_Water_Temperature]]
2025-10-15 19:26:34.589,47.168,Calumet_WaterTempDrop_85,atomic,[Calumet_WaterTempDrop_85],[0.9720],1,1,0.9720,[[CalumetBeach201506171200_Water_Temperature]]
2025-10-15 19:26:34.590,47.169,Montrose_WaterTempDrop_85,atomic,[Montrose_WaterTempDrop_85],[1.0000],1,1,1.0000,[[MontroseBeach201506171200_Water_Temperature]]
2025-10-15 19:26:34.653,47.232,Montrose_WaterTempDrop_85,atomic,[Montrose_WaterTempDrop_85],[1.0000],1,1,1.0000,[[MontroseBeach201506171300_Water_Temperature]]
2025-10-15 19:26:34.654,47.233,Calumet_WaterTempDrop_85,atomic,[Calumet_WaterTempDrop_85],[1.0000],1,1,1.0000,[[CalumetBeach201506171300_Water_Temperature]]
2025-10-15 19:26:34.714,47.293,Montrose_WaterTempDrop_85,atomic,[Montrose_WaterTempDrop_85],[0.9699],1,1,0.9699,[[MontroseBeach201506171400_Water_Temperature]]
2025-10-15 19:26:34.716,47.295,63rd_WaterTempDrop_85,atomic,[63rd_WaterTempDrop_85],[0.9709],1,1,0.9709,[[63rdStreetBeach201506171400_Water_Temperature]]
2025-10-15 19:26:34.717,47.296,Calumet_WaterTempDrop_85,atomic,[Calumet_WaterTempDrop_85],[1.0000],1,1,1.0000,[[CalumetBeach201506171400_Water_Temperature]]
2025-10-15 19:26:34.776,47.355,Calumet_WaterTempDrop_85,atomic,[Calumet_WaterTempDrop_85],[0.9700],1,1,0.9700,[[CalumetBeach201506171500_Water_Temperature]]
2025-10-15 19:26:34.776,47.355,Montrose_WaterTempDrop_85,atomic,[Montrose_WaterTempDrop_85],[1.0000],1,1,1.0000,[[MontroseBeach201506171500_Water_Temperature]]
2025-10-15 19:26:34.840,47.419,Montrose_WaterTempDrop_85,atomic,[Montrose_WaterTempDrop_85],[0.9676],1,1,0.9676,[[MontroseBeach201506171600_Water_Temperature]]
2025-10-15 19:26:34.841,47.420,Calumet_WaterTempDrop_85,atomic,[Calumet_WaterTempDrop_85],[1.0000],1,1,1.0000,[[CalumetBeach201506171600_Water_Temperature]]
2025-10-15 19:26:34.901,47.480,63rd_WaterTempDrop_85,atomic,[63rd_WaterTempDrop_85],[1.0000],1,1,1.0000,[[63rdStreetBeach201506171700_Water_Temperature]]
2025-10-15 19:26:34.903,47.482,Montrose_WaterTempDrop_85,atomic,[Montrose_WaterTempDrop_85],[0.9637],1,1,0.9637,[[MontroseBeach201506171700_Water_Temperature]]
2025-10-15 19:26:34.903,47.482,Calumet_WaterTempDrop_85,atomic,[Calumet_WaterTempDrop_85],[1.0000],1,1,1.0000,[[CalumetBeach201506171700_Water_Temperature]]
2025-10-15 19:26:34.966,47.545,Montrose_WaterTempDrop_85,atomic,[Montrose_WaterTempDrop_85],[0.9593],1,1,0.9593,[[MontroseBeach201506171800_Water_Temperature]]
2025-10-15 19:26:34.967,47.546,63rd_WaterTempDrop_85,atomic,[63rd_WaterTempDrop_85],[1.0000],1,1,1.0000,[[63rdStreetBeach201506171800_Water_Temperature]]
2025-10-15 19:26:34.969,47.548,Calumet_WaterTempDrop_85,atomic,[Calumet_WaterTempDrop_85],[1.0000],1,1,1.0000,[[CalumetBeach201506171800_Water_Temperature]]
2025-10-15 19:26:35.031,47.610,Calumet_WaterTempDrop_85,atomic,[Calumet_WaterTempDrop_85],[1.0000],1,1,1.0000,[[CalumetBeach201506171900_Water_Temperature]]
2025-10-15 19:26:35.031,47.610,63rd_WaterTempDrop_85,atomic,[63rd_WaterTempDrop_85],[0.9691],1,1,0.9691,[[63rdStreetBeach201506171900_Water_Temperature]]
2025-10-15 19:26:35.033,47.612,Montrose_WaterTempDrop_85,atomic,[Montrose_WaterTempDrop_85],[1.0000],1,1,1.0000,[[MontroseBeach201506171900_Water_Temperature]]
2025-10-15 19:26:35.089,47.668,Calumet_WaterTempDrop_85,atomic,[Calumet_WaterTempDrop_85],[0.9700],1,1,0.9700,[[CalumetBeach201506172000_Water_Temperature]]
2025-10-15 19:26:35.090,47.669,63rd_WaterTempDrop_85,atomic,[63rd_WaterTempDrop_85],[0.9653],1,1,0.9653,[[63rdStreetBeach201506172000_Water_Temperature]]
2025-10-15 19:26:35.090,47.669,Montrose_WaterTempDrop_85,atomic,[Montrose_WaterTempDrop_85],[0.9584],1,1,0.9584,[[MontroseBeach201506172000_Water_Temperature]]
2025-10-15 19:26:35.153,47.732,63rd_WaterTempDrop_85,atomic,[63rd_WaterTempDrop_85],[0.9610],1,1,0.9610,[[63rdStreetBeach201506172100_Water_Temperature]]
2025-10-15 19:26:35.155,47.734,Montrose_WaterTempDrop_85,atomic,[Montrose_WaterTempDrop_85],[1.0000],1,1,1.0000,[[MontroseBeach201506172100_Water_Temperature]]
2025-10-15 19:26:35.156,47.735,Calumet_WaterTempDrop_85,atomic,[Calumet_WaterTempDrop_85],[1.0000],1,1,1.0000,[[CalumetBeach201506172100_Water_Temperature]]
2025-10-15 19:26:35.218,47.797,Calumet_WaterTempDrop_85,atomic,[Calumet_WaterTempDrop_85],[0.9674],1,1,0.9674,[[CalumetBeach201506172200_Water_Temperature]]
2025-10-15 19:26:35.221,47.800,Montrose_WaterTempDrop_85,atomic,[Montrose_WaterTempDrop_85],[0.9579],1,1,0.9579,[[MontroseBeach201506172200_Water_Temperature]]
2025-10-15 19:26:35.223,47.802,63rd_WaterTempDrop_85,atomic,[63rd_WaterTempDrop_85],[1.0000],1,1,1.0000,[[63rdStreetBeach201506172200_Water_Temperature]]
2025-10-15 19:26:35.278,47.857,63rd_WaterTempDrop_85,atomic,[63rd_WaterTempDrop_85],[0.9597],1,1,0.9597,[[63rdStreetBeach201506172300_Water_Temperature]]
2025-10-15 19:26:35.279,47.858,Calumet_WaterTempDrop_85,atomic,[Calumet_WaterTempDrop_85],[0.9634],1,1,0.9634,[[CalumetBeach201506172300_Water_Temperature]]
2025-10-15 19:26:35.282,47.861,Montrose_WaterTempDrop_85,atomic,[Montrose_WaterTempDrop_85],[1.0000],1,1,1.0000,[[MontroseBeach201506172300_Water_Temperature]]
2025-10-15 19:26:35.341,47.920,Calumet_WaterTempDrop_85,atomic,[Calumet_WaterTempDrop_85],[0.9589],1,1,0.9589,[[CalumetBeach201506182400_Water_Temperature]]
2025-10-15 19:26:35.344,47.923,63rd_WaterTempDrop_85,atomic,[63rd_WaterTempDrop_85],[1.0000],1,1,1.0000,[[63rdStreetBeach201506182400_Water_Temperature]]
2025-10-15 19:26:35.346,47.925,Montrose_WaterTempDrop_85,atomic,[Montrose_WaterTempDrop_85],[1.0000],1,1,1.0000,[[MontroseBeach201506182400_Water_Temperature]]
2025-10-15 19:26:35.406,47.985,Montrose_WaterTempDrop_85,atomic,[Montrose_WaterTempDrop_85],[1.0000],1,1,1.0000,[[MontroseBeach201506180100_Water_Temperature]]
2025-10-15 19:26:35.408,47.987,63rd_WaterTempDrop_85,atomic,[63rd_WaterTempDrop_85],[0.9587],1,1,0.9587,[[63rdStreetBeach201506180100_Water_Temperature]]
2025-10-15 19:26:35.408,47.987,Calumet_WaterTempDrop_85,atomic,[Calumet_WaterTempDrop_85],[1.0000],1,1,1.0000,[[CalumetBeach201506180100_Water_Temperature]]
2025-10-15 19:26:35.465,48.044,Montrose_WaterTempDrop_85,atomic,[Montrose_WaterTempDrop_85],[0.9634],1,1,0.9634,[[MontroseBeach201506180200_Water_Temperature]]
2025-10-15 19:26:35.467,48.046,63rd_WaterTempDrop_85,atomic,[63rd_WaterTempDrop_85],[0.9538],1,1,0.9538,[[63rdStreetBeach201506180200_Water_Temperature]]
2025-10-15 19:26:35.469,48.048,Calumet_WaterTempDrop_85,atomic,[Calumet_WaterTempDrop_85],[1.0000],1,1,1.0000,[[CalumetBeach201506180200_Water_Temperature]]
2025-10-15 19:26:35.526,48.105,63rd_WaterTempDrop_85,atomic,[63rd_WaterTempDrop_85],[0.9485],1,1,0.9485,[[63rdStreetBeach201506180300_Water_Temperature]]
2025-10-15 19:26:35.527,48.106,Calumet_WaterTempDrop_85,atomic,[Calumet_WaterTempDrop_85],[0.9611],1,1,0.9611,[[CalumetBeach201506180300_Water_Temperature]]
2025-10-15 19:26:35.530,48.109,Montrose_WaterTempDrop_85,atomic,[Montrose_WaterTempDrop_85],[1.0000],1,1,1.0000,[[MontroseBeach201506180300_Water_Temperature]]
2025-10-15 19:26:35.590,48.169,63rd_WaterTempDrop_85,atomic,[63rd_WaterTempDrop_85],[0.9426],1,1,0.9426,[[63rdStreetBeach201506180400_Water_Temperature]]
2025-10-15 19:26:35.594,48.173,Montrose_WaterTempDrop_85,atomic,[Montrose_WaterTempDrop_85],[0.9620],1,1,0.9620,[[MontroseBeach201506180400_Water_Temperature]]
2025-10-15 19:26:35.595,48.174,Calumet_WaterTempDrop_85,atomic,[Calumet_WaterTempDrop_85],[1.0000],1,1,1.0000,[[CalumetBeach201506180400_Water_Temperature]]
2025-10-15 19:26:35.656,48.235,Calumet_WaterTempDrop_85,atomic,[Calumet_WaterTempDrop_85],[1.0000],1,1,1.0000,[[CalumetBeach201506180500_Water_Temperature]]
2025-10-15 19:26:35.657,48.236,Montrose_WaterTempDrop_85,atomic,[Montrose_WaterTempDrop_85],[1.0000],1,1,1.0000,[[MontroseBeach201506180500_Water_Temperature]]
2025-10-15 19:26:35.657,48.236,63rd_WaterTempDrop_85,atomic,[63rd_WaterTempDrop_85],[1.0000],1,1,1.0000,[[63rdStreetBeach201506180500_Water_Temperature]]
2025-10-15 19:26:35.719,48.298,Montrose_WaterTempDrop_85,atomic,[Montrose_WaterTempDrop_85],[1.0000],1,1,1.0000,[[MontroseBeach201506180600_Water_Temperature]]
2025-10-15 19:26:35.720,48.299,Calumet_WaterTempDrop_85,atomic,[Calumet_WaterTempDrop_85],[1.0000],1,1,1.0000,[[CalumetBeach201506180600_Water_Temperature]]
2025-10-15 19:26:35.721,48.300,63rd_WaterTempDrop_85,atomic,[63rd_WaterTempDrop_85],[1.0000],1,1,1.0000,[[63rdStreetBeach201506180600_Water_Temperature]]
2025-10-15 19:26:35.779,48.358,63rd_WaterTempDrop_85,atomic,[63rd_WaterTempDrop_85],[0.9528],1,1,0.9528,[[63rdStreetBeach201506180700_Water_Temperature]]
2025-10-15 19:26:35.781,48.360,Montrose_WaterTempDrop_85,atomic,[Montrose_WaterTempDrop_85],[1.0000],1,1,1.0000,[[MontroseBeach201506180700_Water_Temperature]]
2025-10-15 19:26:35.781,48.360,Calumet_WaterTempDrop_85,atomic,[Calumet_WaterTempDrop_85],[1.0000],1,1,1.0000,[[CalumetBeach201506180700_Water_Temperature]]
2025-10-15 19:26:35.842,48.421,Calumet_WaterTempDrop_85,atomic,[Calumet_WaterTempDrop_85],[1.0000],1,1,1.0000,[[CalumetBeach201506180800_Water_Temperature]]
2025-10-15 19:26:35.844,48.423,Montrose_WaterTempDrop_85,atomic,[Montrose_WaterTempDrop_85],[1.0000],1,1,1.0000,[[MontroseBeach201506180800_Water_Temperature]]
2025-10-15 19:26:35.904,48.483,Montrose_WaterTempDrop_85,atomic,[Montrose_WaterTempDrop_85],[0.9670],1,1,0.9670,[[MontroseBeach201506180900_Water_Temperature]]
2025-10-15 19:26:35.905,48.484,Calumet_WaterTempDrop_85,atomic,[Calumet_WaterTempDrop_85],[0.9678],1,1,0.9678,[[CalumetBeach201506180900_Water_Temperature]]
2025-10-15 19:26:35.968,48.547,Montrose_WaterTempDrop_85,atomic,[Montrose_WaterTempDrop_85],[1.0000],1,1,1.0000,[[MontroseBeach201506181000_Water_Temperature]]
2025-10-15 19:26:35.968,48.547,Calumet_WaterTempDrop_85,atomic,[Calumet_WaterTempDrop_85],[1.0000],1,1,1.0000,[[CalumetBeach201506181000_Water_Temperature]]
2025-10-15 19:26:36.031,48.610,Calumet_WaterTempDrop_85,atomic,[Calumet_WaterTempDrop_85],[0.9658],1,1,0.9658,[[CalumetBeach201506181100_Water_Temperature]]
2025-10-15 19:26:36.033,48.612,Montrose_WaterTempDrop_85,atomic,[Montrose_WaterTempDrop_85],[1.0000],1,1,1.0000,[[MontroseBeach201506181100_Water_Temperature]]
2025-10-15 19:26:36.033,48.612,63rd_WaterTempDrop_85,atomic,[63rd_WaterTempDrop_85],[1.0000],1,1,1.0000,[[63rdStreetBeach201506181100_Water_Temperature]]
2025-10-15 19:26:36.094,48.673,Montrose_WaterTempDrop_85,atomic,[Montrose_WaterTempDrop_85],[0.9667],1,1,0.9667,[[MontroseBeach201506181200_Water_Temperature]]
2025-10-15 19:26:36.095,48.674,Calumet_WaterTempDrop_85,atomic,[Calumet_WaterTempDrop_85],[1.0000],1,1,1.0000,[[CalumetBeach201506181200_Water_Temperature]]
2025-10-15 19:26:36.096,48.675,63rd_WaterTempDrop_85,atomic,[63rd_WaterTempDrop_85],[1.0000],1,1,1.0000,[[63rdStreetBeach201506181200_Water_Temperature]]
2025-10-15 19:26:36.175,48.754,Calumet_WaterTempDrop_85,atomic,[Calumet_WaterTempDrop_85],[1.0000],1,1,1.0000,[[CalumetBeach201506181300_Water_Temperature]]
2025-10-15 19:26:36.176,48.755,Montrose_WaterTempDrop_85,atomic,[Montrose_WaterTempDrop_85],[1.0000],1,1,1.0000,[[MontroseBeach201506181300_Water_Temperature]]
2025-10-15 19:26:36.221,48.800,Montrose_WaterTempDrop_85,atomic,[Montrose_WaterTempDrop_85],[0.9647],1,1,0.9647,[[MontroseBeach201506181400_Water_Temperature]]
2025-10-15 19:26:36.223,48.802,63rd_WaterTempDrop_85,atomic,[63rd_WaterTempDrop_85],[1.0000],1,1,1.0000,[[63rdStreetBeach201506181400_Water_Temperature]]
2025-10-15 19:26:36.224,48.803,Calumet_WaterTempDrop_85,atomic,[Calumet_WaterTempDrop_85],[1.0000],1,1,1.0000,[[CalumetBeach201506181400_Water_Temperature]]
2025-10-15 19:26:36.283,48.862,Calumet_WaterTempDrop_85,atomic,[Calumet_WaterTempDrop_85],[1.0000],1,1,1.0000,[[CalumetBeach201506181500_Water_Temperature]]
2025-10-15 19:26:36.284,48.863,Montrose_WaterTempDrop_85,atomic,[Montrose_WaterTempDrop_85],[1.0000],1,1,1.0000,[[MontroseBeach201506181500_Water_Temperature]]
2025-10-15 19:26:36.284,48.863,63rd_WaterTempDrop_85,atomic,[63rd_WaterTempDrop_85],[1.0000],1,1,1.0000,[[63rdStreetBeach201506181500_Water_Temperature]]
2025-10-15 19:26:36.346,48.925,Montrose_WaterTempDrop_85,atomic,[Montrose_WaterTempDrop_85],[1.0000],1,1,1.0000,[[MontroseBeach201506181600_Water_Temperature]]
2025-10-15 19:26:36.347,48.926,Calumet_WaterTempDrop_85,atomic,[Calumet_WaterTempDrop_85],[1.0000],1,1,1.0000,[[CalumetBeach201506181600_Water_Temperature]]
2025-10-15 19:26:36.407,48.986,Calumet_WaterTempDrop_85,atomic,[Calumet_WaterTempDrop_85],[0.9694],1,1,0.9694,[[CalumetBeach201506181700_Water_Temperature]]
2025-10-15 19:26:36.410,48.989,63rd_WaterTempDrop_85,atomic,[63rd_WaterTempDrop_85],[1.0000],1,1,1.0000,[[63rdStreetBeach201506181700_Water_Temperature]]
2025-10-15 19:26:36.412,48.991,Montrose_WaterTempDrop_85,atomic,[Montrose_WaterTempDrop_85],[1.0000],1,1,1.0000,[[MontroseBeach201506181700_Water_Temperature]]
2025-10-15 19:26:36.471,49.050,Calumet_WaterTempDrop_85,atomic,[Calumet_WaterTempDrop_85],[1.0000],1,1,1.0000,[[CalumetBeach201506181800_Water_Temperature]]
2025-10-15 19:26:36.473,49.052,Montrose_WaterTempDrop_85,atomic,[Montrose_WaterTempDrop_85],[1.0000],1,1,1.0000,[[MontroseBeach201506181800_Water_Temperature]]
2025-10-15 19:26:36.474,49.053,63rd_WaterTempDrop_85,atomic,[63rd_WaterTempDrop_85],[1.0000],1,1,1.0000,[[63rdStreetBeach201506181800_Water_Temperature]]
2025-10-15 19:26:36.531,49.110,Calumet_WaterTempDrop_85,atomic,[Calumet_WaterTempDrop_85],[0.9671],1,1,0.9671,[[CalumetBeach201506181900_Water_Temperature]]
2025-10-15 19:26:36.533,49.112,63rd_WaterTempDrop_85,atomic,[63rd_WaterTempDrop_85],[0.9676],1,1,0.9676,[[63rdStreetBeach201506181900_Water_Temperature]]
2025-10-15 19:26:36.533,49.112,Montrose_WaterTempDrop_85,atomic,[Montrose_WaterTempDrop_85],[1.0000],1,1,1.0000,[[MontroseBeach201506181900_Water_Temperature]]
2025-10-15 19:26:36.596,49.175,63rd_WaterTempDrop_85,atomic,[63rd_WaterTempDrop_85],[0.9639],1,1,0.9639,[[63rdStreetBeach201506182000_Water_Temperature]]
2025-10-15 19:26:36.597,49.176,Montrose_WaterTempDrop_85,atomic,[Montrose_WaterTempDrop_85],[0.9689],1,1,0.9689,[[MontroseBeach201506182000_Water_Temperature]]
2025-10-15 19:26:36.597,49.176,Calumet_WaterTempDrop_85,atomic,[Calumet_WaterTempDrop_85],[1.0000],1,1,1.0000,[[CalumetBeach201506182000_Water_Temperature]]
2025-10-15 19:26:36.658,49.237,63rd_WaterTempDrop_85,atomic,[63rd_WaterTempDrop_85],[1.0000],1,1,1.0000,[[63rdStreetBeach201506182100_Water_Temperature]]
2025-10-15 19:26:36.660,49.239,Calumet_WaterTempDrop_85,atomic,[Calumet_WaterTempDrop_85],[1.0000],1,1,1.0000,[[CalumetBeach201506182100_Water_Temperature]]
2025-10-15 19:26:36.660,49.239,Montrose_WaterTempDrop_85,atomic,[Montrose_WaterTempDrop_85],[1.0000],1,1,1.0000,[[MontroseBeach201506182100_Water_Temperature]]
2025-10-15 19:26:36.720,49.299,Montrose_WaterTempDrop_85,atomic,[Montrose_WaterTempDrop_85],[0.9666],1,1,0.9666,[[MontroseBeach201506182200_Water_Temperature]]
2025-10-15 19:26:36.721,49.300,Calumet_WaterTempDrop_85,atomic,[Calumet_WaterTempDrop_85],[1.0000],1,1,1.0000,[[CalumetBeach201506182200_Water_Temperature]]
2025-10-15 19:26:36.722,49.301,63rd_WaterTempDrop_85,atomic,[63rd_WaterTempDrop_85],[1.0000],1,1,1.0000,[[63rdStreetBeach201506182200_Water_Temperature]]
2025-10-15 19:26:36.783,49.362,63rd_WaterTempDrop_85,atomic,[63rd_WaterTempDrop_85],[1.0000],1,1,1.0000,[[63rdStreetBeach201506182300_Water_Temperature]]
2025-10-15 19:26:36.785,49.364,Calumet_WaterTempDrop_85,atomic,[Calumet_WaterTempDrop_85],[1.0000],1,1,1.0000,[[CalumetBeach201506182300_Water_Temperature]]
2025-10-15 19:26:36.785,49.364,Montrose_WaterTempDrop_85,atomic,[Montrose_WaterTempDrop_85],[1.0000],1,1,1.0000,[[MontroseBeach201506182300_Water_Temperature]]
2025-10-15 19:26:36.845,49.424,Montrose_WaterTempDrop_85,atomic,[Montrose_WaterTempDrop_85],[1.0000],1,1,1.0000,[[MontroseBeach201506192400_Water_Temperature]]
2025-10-15 19:26:36.846,49.425,Calumet_WaterTempDrop_85,atomic,[Calumet_WaterTempDrop_85],[1.0000],1,1,1.0000,[[CalumetBeach201506192400_Water_Temperature]]
2025-10-15 19:26:36.846,49.425,63rd_WaterTempDrop_85,atomic,[63rd_WaterTempDrop_85],[1.0000],1,1,1.0000,[[63rdStreetBeach201506192400_Water_Temperature]]
2025-10-15 19:26:36.909,49.488,Montrose_WaterTempDrop_85,atomic,[Montrose_WaterTempDrop_85],[1.0000],1,1,1.0000,[[MontroseBeach201506190100_Water_Temperature]]
2025-10-15 19:26:36.909,49.488,Calumet_WaterTempDrop_85,atomic,[Calumet_WaterTempDrop_85],[1.0000],1,1,1.0000,[[CalumetBeach201506190100_Water_Temperature]]
2025-10-15 19:26:36.910,49.489,63rd_WaterTempDrop_85,atomic,[63rd_WaterTempDrop_85],[1.0000],1,1,1.0000,[[63rdStreetBeach201506190100_Water_Temperature]]
2025-10-15 19:26:36.970,49.549,Calumet_WaterTempDrop_85,atomic,[Calumet_WaterTempDrop_85],[1.0000],1,1,1.0000,[[CalumetBeach201506190200_Water_Temperature]]
2025-10-15 19:26:36.970,49.549,Montrose_WaterTempDrop_85,atomic,[Montrose_WaterTempDrop_85],[1.0000],1,1,1.0000,[[MontroseBeach201506190200_Water_Temperature]]
2025-10-15 19:26:37.034,49.613,63rd_WaterTempDrop_85,atomic,[63rd_WaterTempDrop_85],[0.9690],1,1,0.9690,[[63rdStreetBeach201506190300_Water_Temperature]]
2025-10-15 19:26:37.035,49.614,Calumet_WaterTempDrop_85,atomic,[Calumet_WaterTempDrop_85],[1.0000],1,1,1.0000,[[CalumetBeach201506190300_Water_Temperature]]
2025-10-15 19:26:37.035,49.614,Montrose_WaterTempDrop_85,atomic,[Montrose_WaterTempDrop_85],[0.9685],1,1,0.9685,[[MontroseBeach201506190300_Water_Temperature]]
2025-10-15 19:26:37.037,49.616,Montrose_HighWave_85,atomic,[Montrose_HighWave_85],[1.0000],1,1,1.0000,[[MontroseBeach201506190300_Wave_Height]]
2025-10-15 19:26:37.098,49.677,63rd_WaterTempDrop_85,atomic,[63rd_WaterTempDrop_85],[1.0000],1,1,1.0000,[[63rdStreetBeach201506190400_Water_Temperature]]
2025-10-15 19:26:37.098,49.677,Montrose_WaterTempDrop_85,atomic,[Montrose_WaterTempDrop_85],[1.0000],1,1,1.0000,[[MontroseBeach201506190400_Water_Temperature]]
2025-10-15 19:26:37.098,49.677,Calumet_WaterTempDrop_85,atomic,[Calumet_WaterTempDrop_85],[1.0000],1,1,1.0000,[[CalumetBeach201506190400_Water_Temperature]]
2025-10-15 19:26:37.158,49.737,Montrose_WaterTempDrop_85,atomic,[Montrose_WaterTempDrop_85],[1.0000],1,1,1.0000,[[MontroseBeach201506190500_Water_Temperature]]
2025-10-15 19:26:37.160,49.739,Calumet_WaterTempDrop_85,atomic,[Calumet_WaterTempDrop_85],[1.0000],1,1,1.0000,[[CalumetBeach201506190500_Water_Temperature]]
2025-10-15 19:26:37.160,49.739,63rd_WaterTempDrop_85,atomic,[63rd_WaterTempDrop_85],[0.9668],1,1,0.9668,[[63rdStreetBeach201506190500_Water_Temperature]]
2025-10-15 19:26:37.223,49.802,Montrose_WaterTempDrop_85,atomic,[Montrose_WaterTempDrop_85],[1.0000],1,1,1.0000,[[MontroseBeach201506190600_Water_Temperature]]
2025-10-15 19:26:37.224,49.803,Montrose_HighWave_85,atomic,[Montrose_HighWave_85],[1.0000],1,1,1.0000,[[MontroseBeach201506190600_Wave_Height]]
2025-10-15 19:26:37.224,49.803,Calumet_WaterTempDrop_85,atomic,[Calumet_WaterTempDrop_85],[1.0000],1,1,1.0000,[[CalumetBeach201506190600_Water_Temperature]]
2025-10-15 19:26:37.224,49.803,63rd_WaterTempDrop_85,atomic,[63rd_WaterTempDrop_85],[1.0000],1,1,1.0000,[[63rdStreetBeach201506190600_Water_Temperature]]
2025-10-15 19:26:37.224,49.803,63rd_HighWave_85,atomic,[63rd_HighWave_85],[1.0000],1,1,1.0000,[[63rdStreetBeach201506190600_Wave_Height]]
2025-10-15 19:26:37.282,49.861,63rd_WaterTempDrop_85,atomic,[63rd_WaterTempDrop_85],[0.9648],1,1,0.9648,[[63rdStreetBeach201506190700_Water_Temperature]]
2025-10-15 19:26:37.284,49.863,Montrose_WaterTempDrop_85,atomic,[Montrose_WaterTempDrop_85],[0.9686],1,1,0.9686,[[MontroseBeach201506190700_Water_Temperature]]
2025-10-15 19:26:37.284,49.863,63rd_HighWave_85,atomic,[63rd_HighWave_85],[1.0000],1,1,1.0000,[[63rdStreetBeach201506190700_Wave_Height]]
2025-10-15 19:26:37.284,49.863,Calumet_WaterTempDrop_85,atomic,[Calumet_WaterTempDrop_85],[1.0000],1,1,1.0000,[[CalumetBeach201506190700_Water_Temperature]]
2025-10-15 19:26:37.347,49.926,Montrose_WaterTempDrop_85,atomic,[Montrose_WaterTempDrop_85],[1.0000],1,1,1.0000,[[MontroseBeach201506190800_Water_Temperature]]
2025-10-15 19:26:37.347,49.926,Calumet_WaterTempDrop_85,atomic,[Calumet_WaterTempDrop_85],[1.0000],1,1,1.0000,[[CalumetBeach201506190800_Water_Temperature]]
2025-10-15 19:26:37.408,49.987,Calumet_WaterTempDrop_85,atomic,[Calumet_WaterTempDrop_85],[0.9727],1,1,0.9727,[[CalumetBeach201506190900_Water_Temperature]]
2025-10-15 19:26:37.410,49.989,Montrose_WaterTempDrop_85,atomic,[Montrose_WaterTempDrop_85],[1.0000],1,1,1.0000,[[MontroseBeach201506190900_Water_Temperature]]
2025-10-15 19:26:37.472,50.051,Calumet_WaterTempDrop_85,atomic,[Calumet_WaterTempDrop_85],[1.0000],1,1,1.0000,[[CalumetBeach201506191000_Water_Temperature]]
2025-10-15 19:26:37.472,50.051,Montrose_WaterTempDrop_85,atomic,[Montrose_WaterTempDrop_85],[1.0000],1,1,1.0000,[[MontroseBeach201506191000_Water_Temperature]]
2025-10-15 19:26:37.534,50.113,Montrose_WaterTempDrop_85,atomic,[Montrose_WaterTempDrop_85],[0.9685],1,1,0.9685,[[MontroseBeach201506191100_Water_Temperature]]
2025-10-15 19:26:37.537,50.116,Calumet_WaterTempDrop_85,atomic,[Calumet_WaterTempDrop_85],[1.0000],1,1,1.0000,[[CalumetBeach201506191100_Water_Temperature]]
2025-10-15 19:26:37.538,50.117,63rd_WaterTempDrop_85,atomic,[63rd_WaterTempDrop_85],[1.0000],1,1,1.0000,[[63rdStreetBeach201506191100_Water_Temperature]]
2025-10-15 19:26:37.596,50.175,Montrose_WaterTempDrop_85,atomic,[Montrose_WaterTempDrop_85],[0.9646],1,1,0.9646,[[MontroseBeach201506191200_Water_Temperature]]
2025-10-15 19:26:37.598,50.177,63rd_WaterTempDrop_85,atomic,[63rd_WaterTempDrop_85],[1.0000],1,1,1.0000,[[63rdStreetBeach201506191200_Water_Temperature]]
2025-10-15 19:26:37.599,50.178,Calumet_WaterTempDrop_85,atomic,[Calumet_WaterTempDrop_85],[1.0000],1,1,1.0000,[[CalumetBeach201506191200_Water_Temperature]]
2025-10-15 19:26:37.657,50.236,63rd_WaterTempDrop_85,atomic,[63rd_WaterTempDrop_85],[0.9650],1,1,0.9650,[[63rdStreetBeach201506191300_Water_Temperature]]
2025-10-15 19:26:37.658,50.237,Calumet_WaterTempDrop_85,atomic,[Calumet_WaterTempDrop_85],[0.9708],1,1,0.9708,[[CalumetBeach201506191300_Water_Temperature]]
2025-10-15 19:26:37.659,50.238,63rd_HighWave_85,atomic,[63rd_HighWave_85],[1.0000],1,1,1.0000,[[63rdStreetBeach201506191300_Wave_Height]]
2025-10-15 19:26:37.659,50.238,Montrose_WaterTempDrop_85,atomic,[Montrose_WaterTempDrop_85],[1.0000],1,1,1.0000,[[MontroseBeach201506191300_Water_Temperature]]
2025-10-15 19:26:37.721,50.300,Montrose_WaterTempDrop_85,atomic,[Montrose_WaterTempDrop_85],[0.9628],1,1,0.9628,[[MontroseBeach201506191400_Water_Temperature]]
2025-10-15 19:26:37.723,50.302,Calumet_WaterTempDrop_85,atomic,[Calumet_WaterTempDrop_85],[1.0000],1,1,1.0000,[[CalumetBeach201506191400_Water_Temperature]]
2025-10-15 19:26:37.723,50.302,Montrose_HighWave_85,atomic,[Montrose_HighWave_85],[1.0000],1,1,1.0000,[[MontroseBeach201506191400_Wave_Height]]
2025-10-15 19:26:37.787,50.366,63rd_WaterTempDrop_85,atomic,[63rd_WaterTempDrop_85],[0.9608],1,1,0.9608,[[63rdStreetBeach201506191500_Water_Temperature]]
2025-10-15 19:26:37.790,50.369,Montrose_WaterTempDrop_85,atomic,[Montrose_WaterTempDrop_85],[1.0000],1,1,1.0000,[[MontroseBeach201506191500_Water_Temperature]]
2025-10-15 19:26:37.790,50.369,Calumet_WaterTempDrop_85,atomic,[Calumet_WaterTempDrop_85],[1.0000],1,1,1.0000,[[CalumetBeach201506191500_Water_Temperature]]
2025-10-15 19:26:37.848,50.427,63rd_WaterTempDrop_85,atomic,[63rd_WaterTempDrop_85],[1.0000],1,1,1.0000,[[63rdStreetBeach201506191600_Water_Temperature]]
2025-10-15 19:26:37.850,50.429,Calumet_WaterTempDrop_85,atomic,[Calumet_WaterTempDrop_85],[1.0000],1,1,1.0000,[[CalumetBeach201506191600_Water_Temperature]]
2025-10-15 19:26:37.850,50.429,Montrose_WaterTempDrop_85,atomic,[Montrose_WaterTempDrop_85],[1.0000],1,1,1.0000,[[MontroseBeach201506191600_Water_Temperature]]
2025-10-15 19:26:37.911,50.490,63rd_WaterTempDrop_85,atomic,[63rd_WaterTempDrop_85],[1.0000],1,1,1.0000,[[63rdStreetBeach201506191700_Water_Temperature]]
2025-10-15 19:26:37.911,50.490,Calumet_WaterTempDrop_85,atomic,[Calumet_WaterTempDrop_85],[1.0000],1,1,1.0000,[[CalumetBeach201506191700_Water_Temperature]]
2025-10-15 19:26:37.913,50.492,Montrose_WaterTempDrop_85,atomic,[Montrose_WaterTempDrop_85],[1.0000],1,1,1.0000,[[MontroseBeach201506191700_Water_Temperature]]
2025-10-15 19:26:37.913,50.492,Montrose_HighWave_85,atomic,[Montrose_HighWave_85],[1.0000],1,1,1.0000,[[MontroseBeach201506191700_Wave_Height]]
2025-10-15 19:26:37.973,50.552,Calumet_WaterTempDrop_85,atomic,[Calumet_WaterTempDrop_85],[1.0000],1,1,1.0000,[[CalumetBeach201506191800_Water_Temperature]]
2025-10-15 19:26:37.974,50.553,Montrose_WaterTempDrop_85,atomic,[Montrose_WaterTempDrop_85],[1.0000],1,1,1.0000,[[MontroseBeach201506191800_Water_Temperature]]
2025-10-15 19:26:38.036,50.615,Montrose_WaterTempDrop_85,atomic,[Montrose_WaterTempDrop_85],[1.0000],1,1,1.0000,[[MontroseBeach201506191900_Water_Temperature]]
2025-10-15 19:26:38.036,50.615,Calumet_WaterTempDrop_85,atomic,[Calumet_WaterTempDrop_85],[1.0000],1,1,1.0000,[[CalumetBeach201506191900_Water_Temperature]]
2025-10-15 19:26:38.099,50.678,Calumet_WaterTempDrop_85,atomic,[Calumet_WaterTempDrop_85],[1.0000],1,1,1.0000,[[CalumetBeach201506192000_Water_Temperature]]
2025-10-15 19:26:38.100,50.679,Montrose_WaterTempDrop_85,atomic,[Montrose_WaterTempDrop_85],[1.0000],1,1,1.0000,[[MontroseBeach201506192000_Water_Temperature]]
2025-10-15 19:26:38.100,50.679,63rd_WaterTempDrop_85,atomic,[63rd_WaterTempDrop_85],[1.0000],1,1,1.0000,[[63rdStreetBeach201506192000_Water_Temperature]]
2025-10-15 19:26:38.162,50.741,Calumet_WaterTempDrop_85,atomic,[Calumet_WaterTempDrop_85],[1.0000],1,1,1.0000,[[CalumetBeach201506192100_Water_Temperature]]
2025-10-15 19:26:38.163,50.742,63rd_WaterTempDrop_85,atomic,[63rd_WaterTempDrop_85],[1.0000],1,1,1.0000,[[63rdStreetBeach201506192100_Water_Temperature]]
2025-10-15 19:26:38.164,50.743,Montrose_WaterTempDrop_85,atomic,[Montrose_WaterTempDrop_85],[1.0000],1,1,1.0000,[[MontroseBeach201506192100_Water_Temperature]]
2025-10-15 19:26:38.222,50.801,63rd_WaterTempDrop_85,atomic,[63rd_WaterTempDrop_85],[1.0000],1,1,1.0000,[[63rdStreetBeach201506192200_Water_Temperature]]
2025-10-15 19:26:38.224,50.803,Calumet_WaterTempDrop_85,atomic,[Calumet_WaterTempDrop_85],[1.0000],1,1,1.0000,[[CalumetBeach201506192200_Water_Temperature]]
2025-10-15 19:26:38.226,50.805,Montrose_WaterTempDrop_85,atomic,[Montrose_WaterTempDrop_85],[1.0000],1,1,1.0000,[[MontroseBeach201506192200_Water_Temperature]]
2025-10-15 19:26:38.286,50.865,Calumet_WaterTempDrop_85,atomic,[Calumet_WaterTempDrop_85],[1.0000],1,1,1.0000,[[CalumetBeach201506192300_Water_Temperature]]
2025-10-15 19:26:38.286,50.865,Montrose_WaterTempDrop_85,atomic,[Montrose_WaterTempDrop_85],[1.0000],1,1,1.0000,[[MontroseBeach201506192300_Water_Temperature]]
2025-10-15 19:26:38.347,50.926,63rd_WaterTempDrop_85,atomic,[63rd_WaterTempDrop_85],[1.0000],1,1,1.0000,[[63rdStreetBeach201506202400_Water_Temperature]]
2025-10-15 19:26:38.347,50.926,Montrose_WaterTempDrop_85,atomic,[Montrose_WaterTempDrop_85],[1.0000],1,1,1.0000,[[MontroseBeach201506202400_Water_Temperature]]
2025-10-15 19:26:38.347,50.926,Calumet_WaterTempDrop_85,atomic,[Calumet_WaterTempDrop_85],[1.0000],1,1,1.0000,[[CalumetBeach201506202400_Water_Temperature]]
2025-10-15 19:26:38.408,50.987,Montrose_HighWave_85,atomic,[Montrose_HighWave_85],[0.8620],1,1,0.8620,[[MontroseBeach201506200100_Wave_Height]]
2025-10-15 19:26:38.411,50.990,Montrose_WaterTempDrop_85,atomic,[Montrose_WaterTempDrop_85],[1.0000],1,1,1.0000,[[MontroseBeach201506200100_Water_Temperature]]
2025-10-15 19:26:38.411,50.990,63rd_WaterTempDrop_85,atomic,[63rd_WaterTempDrop_85],[1.0000],1,1,1.0000,[[63rdStreetBeach201506200100_Water_Temperature]]
2025-10-15 19:26:38.412,50.991,Calumet_WaterTempDrop_85,atomic,[Calumet_WaterTempDrop_85],[1.0000],1,1,1.0000,[[CalumetBeach201506200100_Water_Temperature]]
2025-10-15 19:26:38.472,51.051,Montrose_WaterTempDrop_85,atomic,[Montrose_WaterTempDrop_85],[1.0000],1,1,1.0000,[[MontroseBeach201506200200_Water_Temperature]]
2025-10-15 19:26:38.473,51.052,Calumet_WaterTempDrop_85,atomic,[Calumet_WaterTempDrop_85],[1.0000],1,1,1.0000,[[CalumetBeach201506200200_Water_Temperature]]
2025-10-15 19:26:38.535,51.114,63rd_WaterTempDrop_85,atomic,[63rd_WaterTempDrop_85],[1.0000],1,1,1.0000,[[63rdStreetBeach201506200300_Water_Temperature]]
2025-10-15 19:26:38.535,51.114,Montrose_WaterTempDrop_85,atomic,[Montrose_WaterTempDrop_85],[1.0000],1,1,1.0000,[[MontroseBeach201506200300_Water_Temperature]]
2025-10-15 19:26:38.536,51.115,Calumet_WaterTempDrop_85,atomic,[Calumet_WaterTempDrop_85],[1.0000],1,1,1.0000,[[CalumetBeach201506200300_Water_Temperature]]
2025-10-15 19:26:38.601,51.180,Calumet_WaterTempDrop_85,atomic,[Calumet_WaterTempDrop_85],[1.0000],1,1,1.0000,[[CalumetBeach201506200400_Water_Temperature]]
2025-10-15 19:26:38.602,51.181,63rd_WaterTempDrop_85,atomic,[63rd_WaterTempDrop_85],[1.0000],1,1,1.0000,[[63rdStreetBeach201506200400_Water_Temperature]]
2025-10-15 19:26:38.603,51.182,Montrose_WaterTempDrop_85,atomic,[Montrose_WaterTempDrop_85],[1.0000],1,1,1.0000,[[MontroseBeach201506200400_Water_Temperature]]
2025-10-15 19:26:38.656,51.235,Calumet_WaterTempDrop_85,atomic,[Calumet_WaterTempDrop_85],[0.9730],1,1,0.9730,[[CalumetBeach201506200500_Water_Temperature]]
2025-10-15 19:26:38.657,51.236,Montrose_WaterTempDrop_85,atomic,[Montrose_WaterTempDrop_85],[1.0000],1,1,1.0000,[[MontroseBeach201506200500_Water_Temperature]]
2025-10-15 19:26:38.720,51.299,63rd_WaterTempDrop_85,atomic,[63rd_WaterTempDrop_85],[1.0000],1,1,1.0000,[[63rdStreetBeach201506200600_Water_Temperature]]
2025-10-15 19:26:38.721,51.300,Calumet_WaterTempDrop_85,atomic,[Calumet_WaterTempDrop_85],[1.0000],1,1,1.0000,[[CalumetBeach201506200600_Water_Temperature]]
2025-10-15 19:26:38.721,51.300,Montrose_WaterTempDrop_85,atomic,[Montrose_WaterTempDrop_85],[1.0000],1,1,1.0000,[[MontroseBeach201506200600_Water_Temperature]]
2025-10-15 19:26:38.780,51.359,63rd_WaterTempDrop_85,atomic,[63rd_WaterTempDrop_85],[1.0000],1,1,1.0000,[[63rdStreetBeach201506200700_Water_Temperature]]
2025-10-15 19:26:38.782,51.361,Montrose_WaterTempDrop_85,atomic,[Montrose_WaterTempDrop_85],[1.0000],1,1,1.0000,[[MontroseBeach201506200700_Water_Temperature]]
2025-10-15 19:26:38.783,51.362,Calumet_WaterTempDrop_85,atomic,[Calumet_WaterTempDrop_85],[1.0000],1,1,1.0000,[[CalumetBeach201506200700_Water_Temperature]]
2025-10-15 19:26:38.845,51.424,Montrose_WaterTempDrop_85,atomic,[Montrose_WaterTempDrop_85],[1.0000],1,1,1.0000,[[MontroseBeach201506200800_Water_Temperature]]
2025-10-15 19:26:38.847,51.426,Calumet_WaterTempDrop_85,atomic,[Calumet_WaterTempDrop_85],[1.0000],1,1,1.0000,[[CalumetBeach201506200800_Water_Temperature]]
2025-10-15 19:26:38.847,51.426,63rd_WaterTempDrop_85,atomic,[63rd_WaterTempDrop_85],[1.0000],1,1,1.0000,[[63rdStreetBeach201506200800_Water_Temperature]]
2025-10-15 19:26:38.905,51.484,Montrose_WaterTempDrop_85,atomic,[Montrose_WaterTempDrop_85],[0.9731],1,1,0.9731,[[MontroseBeach201506200900_Water_Temperature]]
2025-10-15 19:26:38.907,51.486,63rd_WaterTempDrop_85,atomic,[63rd_WaterTempDrop_85],[1.0000],1,1,1.0000,[[63rdStreetBeach201506200900_Water_Temperature]]
2025-10-15 19:26:38.907,51.486,Calumet_WaterTempDrop_85,atomic,[Calumet_WaterTempDrop_85],[1.0000],1,1,1.0000,[[CalumetBeach201506200900_Water_Temperature]]
2025-10-15 19:26:38.969,51.548,63rd_WaterTempDrop_85,atomic,[63rd_WaterTempDrop_85],[1.0000],1,1,1.0000,[[63rdStreetBeach201506201000_Water_Temperature]]
2025-10-15 19:26:38.970,51.549,Montrose_WaterTempDrop_85,atomic,[Montrose_WaterTempDrop_85],[1.0000],1,1,1.0000,[[MontroseBeach201506201000_Water_Temperature]]
2025-10-15 19:26:38.970,51.549,Calumet_WaterTempDrop_85,atomic,[Calumet_WaterTempDrop_85],[1.0000],1,1,1.0000,[[CalumetBeach201506201000_Water_Temperature]]
2025-10-15 19:26:39.031,51.610,63rd_WaterTempDrop_85,atomic,[63rd_WaterTempDrop_85],[0.9725],1,1,0.9725,[[63rdStreetBeach201506201100_Water_Temperature]]
2025-10-15 19:26:39.032,51.611,Montrose_WaterTempDrop_85,atomic,[Montrose_WaterTempDrop_85],[0.9701],1,1,0.9701,[[MontroseBeach201506201100_Water_Temperature]]
2025-10-15 19:26:39.032,51.611,Calumet_WaterTempDrop_85,atomic,[Calumet_WaterTempDrop_85],[1.0000],1,1,1.0000,[[CalumetBeach201506201100_Water_Temperature]]
2025-10-15 19:26:39.095,51.674,Calumet_WaterTempDrop_85,atomic,[Calumet_WaterTempDrop_85],[0.9720],1,1,0.9720,[[CalumetBeach201506201200_Water_Temperature]]
2025-10-15 19:26:39.096,51.675,Montrose_WaterTempDrop_85,atomic,[Montrose_WaterTempDrop_85],[1.0000],1,1,1.0000,[[MontroseBeach201506201200_Water_Temperature]]
2025-10-15 19:26:39.157,51.736,Montrose_WaterTempDrop_85,atomic,[Montrose_WaterTempDrop_85],[0.9674],1,1,0.9674,[[MontroseBeach201506201300_Water_Temperature]]
2025-10-15 19:26:39.158,51.737,Calumet_WaterTempDrop_85,atomic,[Calumet_WaterTempDrop_85],[1.0000],1,1,1.0000,[[CalumetBeach201506201300_Water_Temperature]]
2025-10-15 19:26:39.159,51.738,63rd_WaterTempDrop_85,atomic,[63rd_WaterTempDrop_85],[1.0000],1,1,1.0000,[[63rdStreetBeach201506201300_Water_Temperature]]
2025-10-15 19:26:39.220,51.799,Calumet_WaterTempDrop_85,atomic,[Calumet_WaterTempDrop_85],[0.9691],1,1,0.9691,[[CalumetBeach201506201400_Water_Temperature]]
2025-10-15 19:26:39.222,51.801,Montrose_WaterTempDrop_85,atomic,[Montrose_WaterTempDrop_85],[1.0000],1,1,1.0000,[[MontroseBeach201506201400_Water_Temperature]]
2025-10-15 19:26:39.284,51.863,Montrose_WaterTempDrop_85,atomic,[Montrose_WaterTempDrop_85],[0.9650],1,1,0.9650,[[MontroseBeach201506201500_Water_Temperature]]
2025-10-15 19:26:39.284,51.863,63rd_WaterTempDrop_85,atomic,[63rd_WaterTempDrop_85],[1.0000],1,1,1.0000,[[63rdStreetBeach201506201500_Water_Temperature]]
2025-10-15 19:26:39.285,51.864,Calumet_WaterTempDrop_85,atomic,[Calumet_WaterTempDrop_85],[1.0000],1,1,1.0000,[[CalumetBeach201506201500_Water_Temperature]]
2025-10-15 19:26:39.347,51.926,Montrose_WaterTempDrop_85,atomic,[Montrose_WaterTempDrop_85],[0.9606],1,1,0.9606,[[MontroseBeach201506201600_Water_Temperature]]
2025-10-15 19:26:39.347,51.926,Calumet_WaterTempDrop_85,atomic,[Calumet_WaterTempDrop_85],[1.0000],1,1,1.0000,[[CalumetBeach201506201600_Water_Temperature]]
2025-10-15 19:26:39.348,51.927,63rd_WaterTempDrop_85,atomic,[63rd_WaterTempDrop_85],[1.0000],1,1,1.0000,[[63rdStreetBeach201506201600_Water_Temperature]]
2025-10-15 19:26:39.410,51.989,63rd_WaterTempDrop_85,atomic,[63rd_WaterTempDrop_85],[0.9707],1,1,0.9707,[[63rdStreetBeach201506201700_Water_Temperature]]
2025-10-15 19:26:39.410,51.989,Montrose_WaterTempDrop_85,atomic,[Montrose_WaterTempDrop_85],[0.9557],1,1,0.9557,[[MontroseBeach201506201700_Water_Temperature]]
2025-10-15 19:26:39.411,51.990,Calumet_WaterTempDrop_85,atomic,[Calumet_WaterTempDrop_85],[1.0000],1,1,1.0000,[[CalumetBeach201506201700_Water_Temperature]]
2025-10-15 19:26:39.470,52.049,Calumet_WaterTempDrop_85,atomic,[Calumet_WaterTempDrop_85],[0.9687],1,1,0.9687,[[CalumetBeach201506201800_Water_Temperature]]
2025-10-15 19:26:39.473,52.052,Montrose_WaterTempDrop_85,atomic,[Montrose_WaterTempDrop_85],[1.0000],1,1,1.0000,[[MontroseBeach201506201800_Water_Temperature]]
2025-10-15 19:26:39.474,52.053,63rd_WaterTempDrop_85,atomic,[63rd_WaterTempDrop_85],[1.0000],1,1,1.0000,[[63rdStreetBeach201506201800_Water_Temperature]]
2025-10-15 19:26:39.532,52.111,63rd_WaterTempDrop_85,atomic,[63rd_WaterTempDrop_85],[0.9679],1,1,0.9679,[[63rdStreetBeach201506202200_Water_Temperature]]
2025-10-15 19:26:39.535,52.114,Montrose_WaterTempDrop_85,atomic,[Montrose_WaterTempDrop_85],[1.0000],1,1,1.0000,[[MontroseBeach201506202200_Water_Temperature]]
2025-10-15 19:26:39.535,52.114,Calumet_WaterTempDrop_85,atomic,[Calumet_WaterTempDrop_85],[1.0000],1,1,1.0000,[[CalumetBeach201506202200_Water_Temperature]]
2025-10-15 19:26:39.596,52.175,Montrose_WaterTempDrop_85,atomic,[Montrose_WaterTempDrop_85],[1.0000],1,1,1.0000,[[MontroseBeach201506202300_Water_Temperature]]
2025-10-15 19:26:39.598,52.177,Calumet_WaterTempDrop_85,atomic,[Calumet_WaterTempDrop_85],[0.9663],1,1,0.9663,[[CalumetBeach201506202300_Water_Temperature]]
2025-10-15 19:26:39.599,52.178,63rd_WaterTempDrop_85,atomic,[63rd_WaterTempDrop_85],[0.9638],1,1,0.9638,[[63rdStreetBeach201506202300_Water_Temperature]]
2025-10-15 19:26:39.659,52.238,Calumet_WaterTempDrop_85,atomic,[Calumet_WaterTempDrop_85],[1.0000],1,1,1.0000,[[CalumetBeach201506212400_Water_Temperature]]
2025-10-15 19:26:39.660,52.239,Montrose_WaterTempDrop_85,atomic,[Montrose_WaterTempDrop_85],[1.0000],1,1,1.0000,[[MontroseBeach201506212400_Water_Temperature]]
2025-10-15 19:26:39.662,52.241,63rd_WaterTempDrop_85,atomic,[63rd_WaterTempDrop_85],[1.0000],1,1,1.0000,[[63rdStreetBeach201506212400_Water_Temperature]]
2025-10-15 19:26:39.722,52.301,63rd_WaterTempDrop_85,atomic,[63rd_WaterTempDrop_85],[1.0000],1,1,1.0000,[[63rdStreetBeach201506210200_Water_Temperature]]
2025-10-15 19:26:39.722,52.301,Montrose_WaterTempDrop_85,atomic,[Montrose_WaterTempDrop_85],[1.0000],1,1,1.0000,[[MontroseBeach201506210200_Water_Temperature]]
2025-10-15 19:26:39.722,52.301,Calumet_WaterTempDrop_85,atomic,[Calumet_WaterTempDrop_85],[1.0000],1,1,1.0000,[[CalumetBeach201506210200_Water_Temperature]]
2025-10-15 19:26:39.781,52.360,Montrose_WaterTempDrop_85,atomic,[Montrose_WaterTempDrop_85],[0.9660],1,1,0.9660,[[MontroseBeach201506210300_Water_Temperature]]
2025-10-15 19:26:39.782,52.361,63rd_WaterTempDrop_85,atomic,[63rd_WaterTempDrop_85],[0.9640],1,1,0.9640,[[63rdStreetBeach201506210300_Water_Temperature]]
2025-10-15 19:26:39.785,52.364,Calumet_WaterTempDrop_85,atomic,[Calumet_WaterTempDrop_85],[1.0000],1,1,1.0000,[[CalumetBeach201506210300_Water_Temperature]]
2025-10-15 19:26:39.845,52.424,63rd_WaterTempDrop_85,atomic,[63rd_WaterTempDrop_85],[0.9596],1,1,0.9596,[[63rdStreetBeach201506210400_Water_Temperature]]
2025-10-15 19:26:39.850,52.429,Calumet_WaterTempDrop_85,atomic,[Calumet_WaterTempDrop_85],[1.0000],1,1,1.0000,[[CalumetBeach201506210400_Water_Temperature]]
2025-10-15 19:26:39.850,52.429,Montrose_WaterTempDrop_85,atomic,[Montrose_WaterTempDrop_85],[1.0000],1,1,1.0000,[[MontroseBeach201506210400_Water_Temperature]]
2025-10-15 19:26:39.910,52.489,Montrose_WaterTempDrop_85,atomic,[Montrose_WaterTempDrop_85],[1.0000],1,1,1.0000,[[MontroseBeach201506210500_Water_Temperature]]
2025-10-15 19:26:39.910,52.489,63rd_WaterTempDrop_85,atomic,[63rd_WaterTempDrop_85],[1.0000],1,1,1.0000,[[63rdStreetBeach201506210500_Water_Temperature]]
2025-10-15 19:26:39.911,52.490,Calumet_WaterTempDrop_85,atomic,[Calumet_WaterTempDrop_85],[1.0000],1,1,1.0000,[[CalumetBeach201506210500_Water_Temperature]]
2025-10-15 19:26:39.973,52.552,Calumet_WaterTempDrop_85,atomic,[Calumet_WaterTempDrop_85],[0.9693],1,1,0.9693,[[CalumetBeach201506210600_Water_Temperature]]
2025-10-15 19:26:39.973,52.552,Montrose_WaterTempDrop_85,atomic,[Montrose_WaterTempDrop_85],[0.9660],1,1,0.9660,[[MontroseBeach201506210600_Water_Temperature]]
2025-10-15 19:26:39.974,52.553,63rd_WaterTempDrop_85,atomic,[63rd_WaterTempDrop_85],[1.0000],1,1,1.0000,[[63rdStreetBeach201506210600_Water_Temperature]]
2025-10-15 19:26:40.034,52.613,63rd_WaterTempDrop_85,atomic,[63rd_WaterTempDrop_85],[0.9615],1,1,0.9615,[[63rdStreetBeach201506210700_Water_Temperature]]
2025-10-15 19:26:40.036,52.615,Calumet_WaterTempDrop_85,atomic,[Calumet_WaterTempDrop_85],[1.0000],1,1,1.0000,[[CalumetBeach201506210700_Water_Temperature]]
2025-10-15 19:26:40.036,52.615,Montrose_WaterTempDrop_85,atomic,[Montrose_WaterTempDrop_85],[1.0000],1,1,1.0000,[[MontroseBeach201506210700_Water_Temperature]]
2025-10-15 19:26:40.098,52.677,Montrose_WaterTempDrop_85,atomic,[Montrose_WaterTempDrop_85],[1.0000],1,1,1.0000,[[MontroseBeach201506210800_Water_Temperature]]
2025-10-15 19:26:40.099,52.678,Calumet_WaterTempDrop_85,atomic,[Calumet_WaterTempDrop_85],[1.0000],1,1,1.0000,[[CalumetBeach201506210800_Water_Temperature]]
2025-10-15 19:26:40.101,52.680,63rd_WaterTempDrop_85,atomic,[63rd_WaterTempDrop_85],[1.0000],1,1,1.0000,[[63rdStreetBeach201506210800_Water_Temperature]]
2025-10-15 19:26:40.159,52.738,63rd_WaterTempDrop_85,atomic,[63rd_WaterTempDrop_85],[0.9603],1,1,0.9603,[[63rdStreetBeach201506210900_Water_Temperature]]
2025-10-15 19:26:40.162,52.741,Montrose_WaterTempDrop_85,atomic,[Montrose_WaterTempDrop_85],[1.0000],1,1,1.0000,[[MontroseBeach201506210900_Water_Temperature]]
2025-10-15 19:26:40.163,52.742,Calumet_WaterTempDrop_85,atomic,[Calumet_WaterTempDrop_85],[1.0000],1,1,1.0000,[[CalumetBeach201506210900_Water_Temperature]]
2025-10-15 19:26:40.226,52.805,63rd_WaterTempDrop_85,atomic,[63rd_WaterTempDrop_85],[0.9556],1,1,0.9556,[[63rdStreetBeach201506211900_Water_Temperature]]
2025-10-15 19:26:40.229,52.808,Calumet_WaterTempDrop_85,atomic,[Calumet_WaterTempDrop_85],[1.0000],1,1,1.0000,[[CalumetBeach201506211900_Water_Temperature]]
2025-10-15 19:26:40.229,52.808,Montrose_WaterTempDrop_85,atomic,[Montrose_WaterTempDrop_85],[1.0000],1,1,1.0000,[[MontroseBeach201506211900_Water_Temperature]]
2025-10-15 19:26:40.285,52.864,Montrose_WaterTempDrop_85,atomic,[Montrose_WaterTempDrop_85],[1.0000],1,1,1.0000,[[MontroseBeach201506212000_Water_Temperature]]
2025-10-15 19:26:40.285,52.864,Calumet_WaterTempDrop_85,atomic,[Calumet_WaterTempDrop_85],[1.0000],1,1,1.0000,[[CalumetBeach201506212000_Water_Temperature]]
2025-10-15 19:26:40.347,52.926,Montrose_WaterTempDrop_85,atomic,[Montrose_WaterTempDrop_85],[0.9695],1,1,0.9695,[[MontroseBeach201506212100_Water_Temperature]]
2025-10-15 19:26:40.348,52.927,63rd_WaterTempDrop_85,atomic,[63rd_WaterTempDrop_85],[1.0000],1,1,1.0000,[[63rdStreetBeach201506212100_Water_Temperature]]
2025-10-15 19:26:40.350,52.929,Calumet_WaterTempDrop_85,atomic,[Calumet_WaterTempDrop_85],[1.0000],1,1,1.0000,[[CalumetBeach201506212100_Water_Temperature]]
2025-10-15 19:26:40.408,52.987,63rd_WaterTempDrop_85,atomic,[63rd_WaterTempDrop_85],[0.9557],1,1,0.9557,[[63rdStreetBeach201506212200_Water_Temperature]]
2025-10-15 19:26:40.409,52.988,Montrose_WaterTempDrop_85,atomic,[Montrose_WaterTempDrop_85],[1.0000],1,1,1.0000,[[MontroseBeach201506212200_Water_Temperature]]
2025-10-15 19:26:40.411,52.990,Calumet_WaterTempDrop_85,atomic,[Calumet_WaterTempDrop_85],[1.0000],1,1,1.0000,[[CalumetBeach201506212200_Water_Temperature]]
2025-10-15 19:26:40.472,53.051,Montrose_WaterTempDrop_85,atomic,[Montrose_WaterTempDrop_85],[1.0000],1,1,1.0000,[[MontroseBeach201506212300_Water_Temperature]]
2025-10-15 19:26:40.472,53.051,63rd_WaterTempDrop_85,atomic,[63rd_WaterTempDrop_85],[1.0000],1,1,1.0000,[[63rdStreetBeach201506212300_Water_Temperature]]
2025-10-15 19:26:40.473,53.052,Calumet_WaterTempDrop_85,atomic,[Calumet_WaterTempDrop_85],[1.0000],1,1,1.0000,[[CalumetBeach201506212300_Water_Temperature]]
2025-10-15 19:26:40.535,53.114,Calumet_WaterTempDrop_85,atomic,[Calumet_WaterTempDrop_85],[1.0000],1,1,1.0000,[[CalumetBeach201506222400_Water_Temperature]]
2025-10-15 19:26:40.536,53.115,63rd_WaterTempDrop_85,atomic,[63rd_WaterTempDrop_85],[1.0000],1,1,1.0000,[[63rdStreetBeach201506222400_Water_Temperature]]
2025-10-15 19:26:40.536,53.115,Montrose_WaterTempDrop_85,atomic,[Montrose_WaterTempDrop_85],[1.0000],1,1,1.0000,[[MontroseBeach201506222400_Water_Temperature]]
2025-10-15 19:26:40.598,53.177,Montrose_WaterTempDrop_85,atomic,[Montrose_WaterTempDrop_85],[0.9693],1,1,0.9693,[[MontroseBeach201506220100_Water_Temperature]]
2025-10-15 19:26:40.599,53.178,63rd_WaterTempDrop_85,atomic,[63rd_WaterTempDrop_85],[1.0000],1,1,1.0000,[[63rdStreetBeach201506220100_Water_Temperature]]
2025-10-15 19:26:40.600,53.179,Calumet_WaterTempDrop_85,atomic,[Calumet_WaterTempDrop_85],[1.0000],1,1,1.0000,[[CalumetBeach201506220100_Water_Temperature]]
2025-10-15 19:26:40.659,53.238,Montrose_WaterTempDrop_85,atomic,[Montrose_WaterTempDrop_85],[0.9656],1,1,0.9656,[[MontroseBeach201506220200_Water_Temperature]]
2025-10-15 19:26:40.659,53.238,63rd_WaterTempDrop_85,atomic,[63rd_WaterTempDrop_85],[1.0000],1,1,1.0000,[[63rdStreetBeach201506220200_Water_Temperature]]
2025-10-15 19:26:40.660,53.239,Calumet_WaterTempDrop_85,atomic,[Calumet_WaterTempDrop_85],[1.0000],1,1,1.0000,[[CalumetBeach201506220200_Water_Temperature]]
2025-10-15 19:26:40.721,53.300,63rd_WaterTempDrop_85,atomic,[63rd_WaterTempDrop_85],[0.9648],1,1,0.9648,[[63rdStreetBeach201506220300_Water_Temperature]]
2025-10-15 19:26:40.721,53.300,Calumet_WaterTempDrop_85,atomic,[Calumet_WaterTempDrop_85],[1.0000],1,1,1.0000,[[CalumetBeach201506220300_Water_Temperature]]
2025-10-15 19:26:40.722,53.301,Montrose_WaterTempDrop_85,atomic,[Montrose_WaterTempDrop_85],[0.9614],1,1,0.9614,[[MontroseBeach201506220300_Water_Temperature]]
2025-10-15 19:26:40.786,53.365,Calumet_WaterTempDrop_85,atomic,[Calumet_WaterTempDrop_85],[0.9729],1,1,0.9729,[[CalumetBeach201506220400_Water_Temperature]]
2025-10-15 19:26:40.787,53.366,Montrose_WaterTempDrop_85,atomic,[Montrose_WaterTempDrop_85],[1.0000],1,1,1.0000,[[MontroseBeach201506220400_Water_Temperature]]
2025-10-15 19:26:40.787,53.366,63rd_WaterTempDrop_85,atomic,[63rd_WaterTempDrop_85],[1.0000],1,1,1.0000,[[63rdStreetBeach201506220400_Water_Temperature]]
2025-10-15 19:26:40.847,53.426,Montrose_WaterTempDrop_85,atomic,[Montrose_WaterTempDrop_85],[0.9601],1,1,0.9601,[[MontroseBeach201506220500_Water_Temperature]]
2025-10-15 19:26:40.848,53.427,63rd_WaterTempDrop_85,atomic,[63rd_WaterTempDrop_85],[1.0000],1,1,1.0000,[[63rdStreetBeach201506220500_Water_Temperature]]
2025-10-15 19:26:40.850,53.429,Calumet_WaterTempDrop_85,atomic,[Calumet_WaterTempDrop_85],[1.0000],1,1,1.0000,[[CalumetBeach201506220500_Water_Temperature]]
2025-10-15 19:26:40.909,53.488,Calumet_WaterTempDrop_85,atomic,[Calumet_WaterTempDrop_85],[0.9701],1,1,0.9701,[[CalumetBeach201506220600_Water_Temperature]]
2025-10-15 19:26:40.909,53.488,Montrose_WaterTempDrop_85,atomic,[Montrose_WaterTempDrop_85],[1.0000],1,1,1.0000,[[MontroseBeach201506220600_Water_Temperature]]
2025-10-15 19:26:40.911,53.490,63rd_WaterTempDrop_85,atomic,[63rd_WaterTempDrop_85],[0.9654],1,1,0.9654,[[63rdStreetBeach201506220600_Water_Temperature]]
2025-10-15 19:26:40.974,53.553,Montrose_WaterTempDrop_85,atomic,[Montrose_WaterTempDrop_85],[1.0000],1,1,1.0000,[[MontroseBeach201506220700_Water_Temperature]]
2025-10-15 19:26:40.974,53.553,63rd_WaterTempDrop_85,atomic,[63rd_WaterTempDrop_85],[1.0000],1,1,1.0000,[[63rdStreetBeach201506220700_Water_Temperature]]
2025-10-15 19:26:40.975,53.554,Calumet_WaterTempDrop_85,atomic,[Calumet_WaterTempDrop_85],[1.0000],1,1,1.0000,[[CalumetBeach201506220700_Water_Temperature]]
2025-10-15 19:26:41.035,53.614,63rd_WaterTempDrop_85,atomic,[63rd_WaterTempDrop_85],[0.9638],1,1,0.9638,[[63rdStreetBeach201506220800_Water_Temperature]]
2025-10-15 19:26:41.035,53.614,Calumet_WaterTempDrop_85,atomic,[Calumet_WaterTempDrop_85],[1.0000],1,1,1.0000,[[CalumetBeach201506220800_Water_Temperature]]
2025-10-15 19:26:41.036,53.615,Montrose_WaterTempDrop_85,atomic,[Montrose_WaterTempDrop_85],[1.0000],1,1,1.0000,[[MontroseBeach201506220800_Water_Temperature]]
2025-10-15 19:26:41.111,53.690,Calumet_WaterTempDrop_85,atomic,[Calumet_WaterTempDrop_85],[1.0000],1,1,1.0000,[[CalumetBeach201506220900_Water_Temperature]]
2025-10-15 19:26:41.112,53.691,Montrose_WaterTempDrop_85,atomic,[Montrose_WaterTempDrop_85],[1.0000],1,1,1.0000,[[MontroseBeach201506220900_Water_Temperature]]
2025-10-15 19:26:41.112,53.691,63rd_WaterTempDrop_85,atomic,[63rd_WaterTempDrop_85],[1.0000],1,1,1.0000,[[63rdStreetBeach201506220900_Water_Temperature]]
2025-10-15 19:26:41.160,53.739,Montrose_WaterTempDrop_85,atomic,[Montrose_WaterTempDrop_85],[1.0000],1,1,1.0000,[[MontroseBeach201506221000_Water_Temperature]]
2025-10-15 19:26:41.163,53.742,Calumet_WaterTempDrop_85,atomic,[Calumet_WaterTempDrop_85],[1.0000],1,1,1.0000,[[CalumetBeach201506221000_Water_Temperature]]
2025-10-15 19:26:41.163,53.742,63rd_WaterTempDrop_85,atomic,[63rd_WaterTempDrop_85],[1.0000],1,1,1.0000,[[63rdStreetBeach201506221000_Water_Temperature]]
2025-10-15 19:26:41.225,53.804,Montrose_WaterTempDrop_85,atomic,[Montrose_WaterTempDrop_85],[1.0000],1,1,1.0000,[[MontroseBeach201506221100_Water_Temperature]]
2025-10-15 19:26:41.225,53.804,63rd_WaterTempDrop_85,atomic,[63rd_WaterTempDrop_85],[1.0000],1,1,1.0000,[[63rdStreetBeach201506221100_Water_Temperature]]
2025-10-15 19:26:41.227,53.806,Calumet_WaterTempDrop_85,atomic,[Calumet_WaterTempDrop_85],[1.0000],1,1,1.0000,[[CalumetBeach201506221100_Water_Temperature]]
2025-10-15 19:26:41.285,53.864,Montrose_WaterTempDrop_85,atomic,[Montrose_WaterTempDrop_85],[0.9686],1,1,0.9686,[[MontroseBeach201506221200_Water_Temperature]]
2025-10-15 19:26:41.286,53.865,Calumet_WaterTempDrop_85,atomic,[Calumet_WaterTempDrop_85],[1.0000],1,1,1.0000,[[CalumetBeach201506221200_Water_Temperature]]
2025-10-15 19:26:41.348,53.927,Calumet_WaterTempDrop_85,atomic,[Calumet_WaterTempDrop_85],[1.0000],1,1,1.0000,[[CalumetBeach201506221300_Water_Temperature]]
2025-10-15 19:26:41.351,53.930,Montrose_WaterTempDrop_85,atomic,[Montrose_WaterTempDrop_85],[1.0000],1,1,1.0000,[[MontroseBeach201506221300_Water_Temperature]]
2025-10-15 19:26:41.351,53.930,63rd_WaterTempDrop_85,atomic,[63rd_WaterTempDrop_85],[1.0000],1,1,1.0000,[[63rdStreetBeach201506221300_Water_Temperature]]
2025-10-15 19:26:41.410,53.989,Calumet_WaterTempDrop_85,atomic,[Calumet_WaterTempDrop_85],[0.9714],1,1,0.9714,[[CalumetBeach201506221400_Water_Temperature]]
2025-10-15 19:26:41.411,53.990,Montrose_WaterTempDrop_85,atomic,[Montrose_WaterTempDrop_85],[0.9664],1,1,0.9664,[[MontroseBeach201506221400_Water_Temperature]]
2025-10-15 19:26:41.411,53.990,63rd_WaterTempDrop_85,atomic,[63rd_WaterTempDrop_85],[0.9678],1,1,0.9678,[[63rdStreetBeach201506221400_Water_Temperature]]
2025-10-15 19:26:41.476,54.055,63rd_WaterTempDrop_85,atomic,[63rd_WaterTempDrop_85],[0.9639],1,1,0.9639,[[63rdStreetBeach201506221500_Water_Temperature]]
2025-10-15 19:26:41.477,54.056,Calumet_WaterTempDrop_85,atomic,[Calumet_WaterTempDrop_85],[0.9678],1,1,0.9678,[[CalumetBeach201506221500_Water_Temperature]]
2025-10-15 19:26:41.478,54.057,Montrose_WaterTempDrop_85,atomic,[Montrose_WaterTempDrop_85],[1.0000],1,1,1.0000,[[MontroseBeach201506221500_Water_Temperature]]
2025-10-15 19:26:41.537,54.116,Calumet_WaterTempDrop_85,atomic,[Calumet_WaterTempDrop_85],[1.0000],1,1,1.0000,[[CalumetBeach201506221600_Water_Temperature]]
2025-10-15 19:26:41.537,54.116,Montrose_WaterTempDrop_85,atomic,[Montrose_WaterTempDrop_85],[1.0000],1,1,1.0000,[[MontroseBeach201506221600_Water_Temperature]]
2025-10-15 19:26:41.601,54.180,Calumet_WaterTempDrop_85,atomic,[Calumet_WaterTempDrop_85],[1.0000],1,1,1.0000,[[CalumetBeach201506221700_Water_Temperature]]
2025-10-15 19:26:41.601,54.180,63rd_WaterTempDrop_85,atomic,[63rd_WaterTempDrop_85],[0.9596],1,1,0.9596,[[63rdStreetBeach201506221700_Water_Temperature]]
2025-10-15 19:26:41.602,54.181,Montrose_WaterTempDrop_85,atomic,[Montrose_WaterTempDrop_85],[1.0000],1,1,1.0000,[[MontroseBeach201506221700_Water_Temperature]]
2025-10-15 19:26:41.662,54.241,63rd_WaterTempDrop_85,atomic,[63rd_WaterTempDrop_85],[1.0000],1,1,1.0000,[[63rdStreetBeach201506221800_Water_Temperature]]
2025-10-15 19:26:41.663,54.242,Calumet_WaterTempDrop_85,atomic,[Calumet_WaterTempDrop_85],[1.0000],1,1,1.0000,[[CalumetBeach201506221800_Water_Temperature]]
2025-10-15 19:26:41.664,54.243,Montrose_WaterTempDrop_85,atomic,[Montrose_WaterTempDrop_85],[0.9675],1,1,0.9675,[[MontroseBeach201506221800_Water_Temperature]]
2025-10-15 19:26:41.724,54.303,63rd_WaterTempDrop_85,atomic,[63rd_WaterTempDrop_85],[1.0000],1,1,1.0000,[[63rdStreetBeach201506221900_Water_Temperature]]
2025-10-15 19:26:41.726,54.305,Montrose_WaterTempDrop_85,atomic,[Montrose_WaterTempDrop_85],[0.9636],1,1,0.9636,[[MontroseBeach201506221900_Water_Temperature]]
2025-10-15 19:26:41.726,54.305,Calumet_WaterTempDrop_85,atomic,[Calumet_WaterTempDrop_85],[1.0000],1,1,1.0000,[[CalumetBeach201506221900_Water_Temperature]]
2025-10-15 19:26:41.785,54.364,Calumet_WaterTempDrop_85,atomic,[Calumet_WaterTempDrop_85],[0.9689],1,1,0.9689,[[CalumetBeach201506222000_Water_Temperature]]
2025-10-15 19:26:41.789,54.368,63rd_WaterTempDrop_85,atomic,[63rd_WaterTempDrop_85],[1.0000],1,1,1.0000,[[63rdStreetBeach201506222000_Water_Temperature]]
2025-10-15 19:26:41.790,54.369,Montrose_WaterTempDrop_85,atomic,[Montrose_WaterTempDrop_85],[1.0000],1,1,1.0000,[[MontroseBeach201506222000_Water_Temperature]]
2025-10-15 19:26:41.850,54.429,Calumet_WaterTempDrop_85,atomic,[Calumet_WaterTempDrop_85],[0.9650],1,1,0.9650,[[CalumetBeach201506222100_Water_Temperature]]
2025-10-15 19:26:41.850,54.429,Montrose_WaterTempDrop_85,atomic,[Montrose_WaterTempDrop_85],[1.0000],1,1,1.0000,[[MontroseBeach201506222100_Water_Temperature]]
2025-10-15 19:26:41.851,54.430,63rd_WaterTempDrop_85,atomic,[63rd_WaterTempDrop_85],[1.0000],1,1,1.0000,[[63rdStreetBeach201506222100_Water_Temperature]]
2025-10-15 19:26:41.911,54.490,Calumet_WaterTempDrop_85,atomic,[Calumet_WaterTempDrop_85],[1.0000],1,1,1.0000,[[CalumetBeach201506222200_Water_Temperature]]
2025-10-15 19:26:41.911,54.490,Montrose_WaterTempDrop_85,atomic,[Montrose_WaterTempDrop_85],[1.0000],1,1,1.0000,[[MontroseBeach201506222200_Water_Temperature]]
2025-10-15 19:26:41.974,54.553,Montrose_WaterTempDrop_85,atomic,[Montrose_WaterTempDrop_85],[1.0000],1,1,1.0000,[[MontroseBeach201506222300_Water_Temperature]]
2025-10-15 19:26:41.976,54.555,63rd_WaterTempDrop_85,atomic,[63rd_WaterTempDrop_85],[1.0000],1,1,1.0000,[[63rdStreetBeach201506222300_Water_Temperature]]
2025-10-15 19:26:41.976,54.555,Calumet_WaterTempDrop_85,atomic,[Calumet_WaterTempDrop_85],[1.0000],1,1,1.0000,[[CalumetBeach201506222300_Water_Temperature]]
2025-10-15 19:26:42.034,54.613,Calumet_WaterTempDrop_85,atomic,[Calumet_WaterTempDrop_85],[0.9650],1,1,0.9650,[[CalumetBeach201506232400_Water_Temperature]]
2025-10-15 19:26:42.035,54.614,Montrose_WaterTempDrop_85,atomic,[Montrose_WaterTempDrop_85],[1.0000],1,1,1.0000,[[MontroseBeach201506232400_Water_Temperature]]
2025-10-15 19:26:42.113,54.692,Montrose_WaterTempDrop_85,atomic,[Montrose_WaterTempDrop_85],[1.0000],1,1,1.0000,[[MontroseBeach201506230100_Water_Temperature]]
2025-10-15 19:26:42.113,54.692,Calumet_WaterTempDrop_85,atomic,[Calumet_WaterTempDrop_85],[1.0000],1,1,1.0000,[[CalumetBeach201506230100_Water_Temperature]]
2025-10-15 19:26:42.161,54.740,Calumet_WaterTempDrop_85,atomic,[Calumet_WaterTempDrop_85],[1.0000],1,1,1.0000,[[CalumetBeach201506230200_Water_Temperature]]
2025-10-15 19:26:42.164,54.743,63rd_WaterTempDrop_85,atomic,[63rd_WaterTempDrop_85],[1.0000],1,1,1.0000,[[63rdStreetBeach201506230200_Water_Temperature]]
2025-10-15 19:26:42.164,54.743,Montrose_WaterTempDrop_85,atomic,[Montrose_WaterTempDrop_85],[1.0000],1,1,1.0000,[[MontroseBeach201506230200_Water_Temperature]]
2025-10-15 19:26:42.222,54.801,63rd_WaterTempDrop_85,atomic,[63rd_WaterTempDrop_85],[0.9685],1,1,0.9685,[[63rdStreetBeach201506230300_Water_Temperature]]
2025-10-15 19:26:42.222,54.801,Calumet_WaterTempDrop_85,atomic,[Calumet_WaterTempDrop_85],[1.0000],1,1,1.0000,[[CalumetBeach201506230300_Water_Temperature]]
2025-10-15 19:26:42.223,54.802,Montrose_WaterTempDrop_85,atomic,[Montrose_WaterTempDrop_85],[1.0000],1,1,1.0000,[[MontroseBeach201506230300_Water_Temperature]]
2025-10-15 19:26:42.287,54.866,Montrose_WaterTempDrop_85,atomic,[Montrose_WaterTempDrop_85],[1.0000],1,1,1.0000,[[MontroseBeach201506230400_Water_Temperature]]
2025-10-15 19:26:42.287,54.866,Calumet_WaterTempDrop_85,atomic,[Calumet_WaterTempDrop_85],[1.0000],1,1,1.0000,[[CalumetBeach201506230400_Water_Temperature]]
2025-10-15 19:26:42.287,54.866,63rd_WaterTempDrop_85,atomic,[63rd_WaterTempDrop_85],[1.0000],1,1,1.0000,[[63rdStreetBeach201506230400_Water_Temperature]]
2025-10-15 19:26:42.348,54.927,63rd_WaterTempDrop_85,atomic,[63rd_WaterTempDrop_85],[1.0000],1,1,1.0000,[[63rdStreetBeach201506230500_Water_Temperature]]
2025-10-15 19:26:42.350,54.929,Montrose_WaterTempDrop_85,atomic,[Montrose_WaterTempDrop_85],[1.0000],1,1,1.0000,[[MontroseBeach201506230500_Water_Temperature]]
2025-10-15 19:26:42.351,54.930,Calumet_WaterTempDrop_85,atomic,[Calumet_WaterTempDrop_85],[1.0000],1,1,1.0000,[[CalumetBeach201506230500_Water_Temperature]]
2025-10-15 19:26:42.425,55.004,Calumet_WaterTempDrop_85,atomic,[Calumet_WaterTempDrop_85],[1.0000],1,1,1.0000,[[CalumetBeach201506230600_Water_Temperature]]
2025-10-15 19:26:42.425,55.004,63rd_WaterTempDrop_85,atomic,[63rd_WaterTempDrop_85],[1.0000],1,1,1.0000,[[63rdStreetBeach201506230600_Water_Temperature]]
2025-10-15 19:26:42.426,55.005,Montrose_WaterTempDrop_85,atomic,[Montrose_WaterTempDrop_85],[1.0000],1,1,1.0000,[[MontroseBeach201506230600_Water_Temperature]]
2025-10-15 19:26:42.472,55.051,Montrose_WaterTempDrop_85,atomic,[Montrose_WaterTempDrop_85],[0.9720],1,1,0.9720,[[MontroseBeach201506230700_Water_Temperature]]
2025-10-15 19:26:42.472,55.051,63rd_WaterTempDrop_85,atomic,[63rd_WaterTempDrop_85],[0.9687],1,1,0.9687,[[63rdStreetBeach201506230700_Water_Temperature]]
2025-10-15 19:26:42.475,55.054,Calumet_WaterTempDrop_85,atomic,[Calumet_WaterTempDrop_85],[1.0000],1,1,1.0000,[[CalumetBeach201506230700_Water_Temperature]]
2025-10-15 19:26:42.533,55.112,Calumet_WaterTempDrop_85,atomic,[Calumet_WaterTempDrop_85],[1.0000],1,1,1.0000,[[CalumetBeach201506230800_Water_Temperature]]
2025-10-15 19:26:42.534,55.113,63rd_WaterTempDrop_85,atomic,[63rd_WaterTempDrop_85],[1.0000],1,1,1.0000,[[63rdStreetBeach201506230800_Water_Temperature]]
2025-10-15 19:26:42.535,55.114,Montrose_WaterTempDrop_85,atomic,[Montrose_WaterTempDrop_85],[1.0000],1,1,1.0000,[[MontroseBeach201506230800_Water_Temperature]]
2025-10-15 19:26:42.596,55.175,Calumet_WaterTempDrop_85,atomic,[Calumet_WaterTempDrop_85],[0.9711],1,1,0.9711,[[CalumetBeach201506230900_Water_Temperature]]
2025-10-15 19:26:42.597,55.176,Montrose_WaterTempDrop_85,atomic,[Montrose_WaterTempDrop_85],[0.9693],1,1,0.9693,[[MontroseBeach201506230900_Water_Temperature]]
2025-10-15 19:26:42.598,55.177,63rd_WaterTempDrop_85,atomic,[63rd_WaterTempDrop_85],[1.0000],1,1,1.0000,[[63rdStreetBeach201506230900_Water_Temperature]]
2025-10-15 19:26:42.657,55.236,63rd_WaterTempDrop_85,atomic,[63rd_WaterTempDrop_85],[0.9677],1,1,0.9677,[[63rdStreetBeach201506231000_Water_Temperature]]
2025-10-15 19:26:42.658,55.237,Montrose_WaterTempDrop_85,atomic,[Montrose_WaterTempDrop_85],[1.0000],1,1,1.0000,[[MontroseBeach201506231000_Water_Temperature]]
2025-10-15 19:26:42.659,55.238,Calumet_WaterTempDrop_85,atomic,[Calumet_WaterTempDrop_85],[1.0000],1,1,1.0000,[[CalumetBeach201506231000_Water_Temperature]]
2025-10-15 19:26:42.720,55.299,Calumet_WaterTempDrop_85,atomic,[Calumet_WaterTempDrop_85],[1.0000],1,1,1.0000,[[CalumetBeach201506231100_Water_Temperature]]
2025-10-15 19:26:42.721,55.300,Montrose_WaterTempDrop_85,atomic,[Montrose_WaterTempDrop_85],[1.0000],1,1,1.0000,[[MontroseBeach201506231100_Water_Temperature]]
2025-10-15 19:26:42.780,55.359,Montrose_WaterTempDrop_85,atomic,[Montrose_WaterTempDrop_85],[0.9679],1,1,0.9679,[[MontroseBeach201506231200_Water_Temperature]]
2025-10-15 19:26:42.783,55.362,Calumet_WaterTempDrop_85,atomic,[Calumet_WaterTempDrop_85],[1.0000],1,1,1.0000,[[CalumetBeach201506231200_Water_Temperature]]
2025-10-15 19:26:42.843,55.422,Montrose_WaterTempDrop_85,atomic,[Montrose_WaterTempDrop_85],[0.9638],1,1,0.9638,[[MontroseBeach201506231300_Water_Temperature]]
2025-10-15 19:26:42.845,55.424,63rd_WaterTempDrop_85,atomic,[63rd_WaterTempDrop_85],[1.0000],1,1,1.0000,[[63rdStreetBeach201506231300_Water_Temperature]]
2025-10-15 19:26:42.845,55.424,Calumet_WaterTempDrop_85,atomic,[Calumet_WaterTempDrop_85],[0.9702],1,1,0.9702,[[CalumetBeach201506231300_Water_Temperature]]
2025-10-15 19:26:42.906,55.485,Montrose_WaterTempDrop_85,atomic,[Montrose_WaterTempDrop_85],[0.9593],1,1,0.9593,[[MontroseBeach201506231400_Water_Temperature]]
2025-10-15 19:26:42.907,55.486,Calumet_WaterTempDrop_85,atomic,[Calumet_WaterTempDrop_85],[1.0000],1,1,1.0000,[[CalumetBeach201506231400_Water_Temperature]]
2025-10-15 19:26:42.969,55.548,Montrose_WaterTempDrop_85,atomic,[Montrose_WaterTempDrop_85],[1.0000],1,1,1.0000,[[MontroseBeach201506231500_Water_Temperature]]
2025-10-15 19:26:42.971,55.550,Calumet_WaterTempDrop_85,atomic,[Calumet_WaterTempDrop_85],[1.0000],1,1,1.0000,[[CalumetBeach201506231500_Water_Temperature]]
2025-10-15 19:26:42.972,55.551,63rd_WaterTempDrop_85,atomic,[63rd_WaterTempDrop_85],[1.0000],1,1,1.0000,[[63rdStreetBeach201506231500_Water_Temperature]]
2025-10-15 19:26:43.031,55.610,Calumet_WaterTempDrop_85,atomic,[Calumet_WaterTempDrop_85],[0.9687],1,1,0.9687,[[CalumetBeach201506231600_Water_Temperature]]
2025-10-15 19:26:43.032,55.611,Montrose_WaterTempDrop_85,atomic,[Montrose_WaterTempDrop_85],[1.0000],1,1,1.0000,[[MontroseBeach201506231600_Water_Temperature]]
2025-10-15 19:26:43.098,55.677,63rd_WaterTempDrop_85,atomic,[63rd_WaterTempDrop_85],[1.0000],1,1,1.0000,[[63rdStreetBeach201506231700_Water_Temperature]]
2025-10-15 19:26:43.099,55.678,Montrose_WaterTempDrop_85,atomic,[Montrose_WaterTempDrop_85],[1.0000],1,1,1.0000,[[MontroseBeach201506231700_Water_Temperature]]
2025-10-15 19:26:43.099,55.678,Calumet_WaterTempDrop_85,atomic,[Calumet_WaterTempDrop_85],[1.0000],1,1,1.0000,[[CalumetBeach201506231700_Water_Temperature]]
2025-10-15 19:26:43.156,55.735,63rd_WaterTempDrop_85,atomic,[63rd_WaterTempDrop_85],[0.9680],1,1,0.9680,[[63rdStreetBeach201506231800_Water_Temperature]]
2025-10-15 19:26:43.157,55.736,Montrose_WaterTempDrop_85,atomic,[Montrose_WaterTempDrop_85],[1.0000],1,1,1.0000,[[MontroseBeach201506231800_Water_Temperature]]
2025-10-15 19:26:43.159,55.738,Calumet_WaterTempDrop_85,atomic,[Calumet_WaterTempDrop_85],[1.0000],1,1,1.0000,[[CalumetBeach201506231800_Water_Temperature]]
2025-10-15 19:26:43.221,55.800,Montrose_WaterTempDrop_85,atomic,[Montrose_WaterTempDrop_85],[0.9655],1,1,0.9655,[[MontroseBeach201506231900_Water_Temperature]]
2025-10-15 19:26:43.222,55.801,63rd_WaterTempDrop_85,atomic,[63rd_WaterTempDrop_85],[1.0000],1,1,1.0000,[[63rdStreetBeach201506231900_Water_Temperature]]
2025-10-15 19:26:43.222,55.801,Calumet_WaterTempDrop_85,atomic,[Calumet_WaterTempDrop_85],[1.0000],1,1,1.0000,[[CalumetBeach201506231900_Water_Temperature]]
2025-10-15 19:26:43.280,55.859,Calumet_WaterTempDrop_85,atomic,[Calumet_WaterTempDrop_85],[0.9686],1,1,0.9686,[[CalumetBeach201506232000_Water_Temperature]]
2025-10-15 19:26:43.281,55.860,Montrose_WaterTempDrop_85,atomic,[Montrose_WaterTempDrop_85],[1.0000],1,1,1.0000,[[MontroseBeach201506232000_Water_Temperature]]
2025-10-15 19:26:43.284,55.863,63rd_WaterTempDrop_85,atomic,[63rd_WaterTempDrop_85],[1.0000],1,1,1.0000,[[63rdStreetBeach201506232000_Water_Temperature]]
2025-10-15 19:26:43.344,55.923,63rd_WaterTempDrop_85,atomic,[63rd_WaterTempDrop_85],[0.9671],1,1,0.9671,[[63rdStreetBeach201506232100_Water_Temperature]]
2025-10-15 19:26:43.346,55.925,Montrose_WaterTempDrop_85,atomic,[Montrose_WaterTempDrop_85],[1.0000],1,1,1.0000,[[MontroseBeach201506232100_Water_Temperature]]
2025-10-15 19:26:43.347,55.926,Calumet_WaterTempDrop_85,atomic,[Calumet_WaterTempDrop_85],[1.0000],1,1,1.0000,[[CalumetBeach201506232100_Water_Temperature]]
2025-10-15 19:26:43.404,55.983,Calumet_WaterTempDrop_85,atomic,[Calumet_WaterTempDrop_85],[0.9663],1,1,0.9663,[[CalumetBeach201506232200_Water_Temperature]]
2025-10-15 19:26:43.404,55.983,63rd_WaterTempDrop_85,atomic,[63rd_WaterTempDrop_85],[0.9630],1,1,0.9630,[[63rdStreetBeach201506232200_Water_Temperature]]
2025-10-15 19:26:43.407,55.986,Montrose_WaterTempDrop_85,atomic,[Montrose_WaterTempDrop_85],[1.0000],1,1,1.0000,[[MontroseBeach201506232200_Water_Temperature]]
2025-10-15 19:26:43.467,56.046,Montrose_WaterTempDrop_85,atomic,[Montrose_WaterTempDrop_85],[0.9670],1,1,0.9670,[[MontroseBeach201506232300_Water_Temperature]]
2025-10-15 19:26:43.467,56.046,63rd_WaterTempDrop_85,atomic,[63rd_WaterTempDrop_85],[1.0000],1,1,1.0000,[[63rdStreetBeach201506232300_Water_Temperature]]
2025-10-15 19:26:43.469,56.048,Calumet_WaterTempDrop_85,atomic,[Calumet_WaterTempDrop_85],[1.0000],1,1,1.0000,[[CalumetBeach201506232300_Water_Temperature]]
2025-10-15 19:26:43.529,56.108,Calumet_WaterTempDrop_85,atomic,[Calumet_WaterTempDrop_85],[0.9642],1,1,0.9642,[[CalumetBeach201506242400_Water_Temperature]]
2025-10-15 19:26:43.530,56.109,Montrose_WaterTempDrop_85,atomic,[Montrose_WaterTempDrop_85],[1.0000],1,1,1.0000,[[MontroseBeach201506242400_Water_Temperature]]
2025-10-15 19:26:43.530,56.109,63rd_WaterTempDrop_85,atomic,[63rd_WaterTempDrop_85],[1.0000],1,1,1.0000,[[63rdStreetBeach201506242400_Water_Temperature]]
2025-10-15 19:26:43.593,56.172,Montrose_WaterTempDrop_85,atomic,[Montrose_WaterTempDrop_85],[1.0000],1,1,1.0000,[[MontroseBeach201506240100_Water_Temperature]]
2025-10-15 19:26:43.593,56.172,Calumet_WaterTempDrop_85,atomic,[Calumet_WaterTempDrop_85],[1.0000],1,1,1.0000,[[CalumetBeach201506240100_Water_Temperature]]
2025-10-15 19:26:43.594,56.173,63rd_WaterTempDrop_85,atomic,[63rd_WaterTempDrop_85],[1.0000],1,1,1.0000,[[63rdStreetBeach201506240100_Water_Temperature]]
2025-10-15 19:26:43.653,56.232,63rd_WaterTempDrop_85,atomic,[63rd_WaterTempDrop_85],[1.0000],1,1,1.0000,[[63rdStreetBeach201506240200_Water_Temperature]]
2025-10-15 19:26:43.654,56.233,Calumet_WaterTempDrop_85,atomic,[Calumet_WaterTempDrop_85],[1.0000],1,1,1.0000,[[CalumetBeach201506240200_Water_Temperature]]
2025-10-15 19:26:43.656,56.235,Montrose_WaterTempDrop_85,atomic,[Montrose_WaterTempDrop_85],[1.0000],1,1,1.0000,[[MontroseBeach201506240200_Water_Temperature]]
2025-10-15 19:26:43.715,56.294,Calumet_WaterTempDrop_85,atomic,[Calumet_WaterTempDrop_85],[1.0000],1,1,1.0000,[[CalumetBeach201506240300_Water_Temperature]]
2025-10-15 19:26:43.718,56.297,63rd_WaterTempDrop_85,atomic,[63rd_WaterTempDrop_85],[1.0000],1,1,1.0000,[[63rdStreetBeach201506240300_Water_Temperature]]
2025-10-15 19:26:43.721,56.300,Montrose_WaterTempDrop_85,atomic,[Montrose_WaterTempDrop_85],[1.0000],1,1,1.0000,[[MontroseBeach201506240300_Water_Temperature]]
2025-10-15 19:26:43.778,56.357,Montrose_WaterTempDrop_85,atomic,[Montrose_WaterTempDrop_85],[1.0000],1,1,1.0000,[[MontroseBeach201506240400_Water_Temperature]]
2025-10-15 19:26:43.778,56.357,Calumet_WaterTempDrop_85,atomic,[Calumet_WaterTempDrop_85],[1.0000],1,1,1.0000,[[CalumetBeach201506240400_Water_Temperature]]
2025-10-15 19:26:43.780,56.359,63rd_WaterTempDrop_85,atomic,[63rd_WaterTempDrop_85],[1.0000],1,1,1.0000,[[63rdStreetBeach201506240400_Water_Temperature]]
2025-10-15 19:26:43.842,56.421,Calumet_WaterTempDrop_85,atomic,[Calumet_WaterTempDrop_85],[0.9676],1,1,0.9676,[[CalumetBeach201506240500_Water_Temperature]]
2025-10-15 19:26:43.843,56.422,63rd_WaterTempDrop_85,atomic,[63rd_WaterTempDrop_85],[1.0000],1,1,1.0000,[[63rdStreetBeach201506240500_Water_Temperature]]
2025-10-15 19:26:43.844,56.423,Montrose_WaterTempDrop_85,atomic,[Montrose_WaterTempDrop_85],[1.0000],1,1,1.0000,[[MontroseBeach201506240500_Water_Temperature]]
2025-10-15 19:26:43.906,56.485,Calumet_WaterTempDrop_85,atomic,[Calumet_WaterTempDrop_85],[1.0000],1,1,1.0000,[[CalumetBeach201506240600_Water_Temperature]]
2025-10-15 19:26:43.907,56.486,Montrose_WaterTempDrop_85,atomic,[Montrose_WaterTempDrop_85],[1.0000],1,1,1.0000,[[MontroseBeach201506240600_Water_Temperature]]
2025-10-15 19:26:43.907,56.486,63rd_WaterTempDrop_85,atomic,[63rd_WaterTempDrop_85],[1.0000],1,1,1.0000,[[63rdStreetBeach201506240600_Water_Temperature]]
2025-10-15 19:26:43.966,56.545,63rd_WaterTempDrop_85,atomic,[63rd_WaterTempDrop_85],[0.9705],1,1,0.9705,[[63rdStreetBeach201506240700_Water_Temperature]]
2025-10-15 19:26:43.967,56.546,Montrose_WaterTempDrop_85,atomic,[Montrose_WaterTempDrop_85],[0.9710],1,1,0.9710,[[MontroseBeach201506240700_Water_Temperature]]
2025-10-15 19:26:43.967,56.546,Calumet_WaterTempDrop_85,atomic,[Calumet_WaterTempDrop_85],[1.0000],1,1,1.0000,[[CalumetBeach201506240700_Water_Temperature]]
2025-10-15 19:26:44.030,56.609,Calumet_WaterTempDrop_85,atomic,[Calumet_WaterTempDrop_85],[0.9670],1,1,0.9670,[[CalumetBeach201506240800_Water_Temperature]]
2025-10-15 19:26:44.031,56.610,Montrose_WaterTempDrop_85,atomic,[Montrose_WaterTempDrop_85],[1.0000],1,1,1.0000,[[MontroseBeach201506240800_Water_Temperature]]
2025-10-15 19:26:44.032,56.611,63rd_WaterTempDrop_85,atomic,[63rd_WaterTempDrop_85],[0.9669],1,1,0.9669,[[63rdStreetBeach201506240800_Water_Temperature]]
2025-10-15 19:26:44.090,56.669,63rd_WaterTempDrop_85,atomic,[63rd_WaterTempDrop_85],[0.9628],1,1,0.9628,[[63rdStreetBeach201506240900_Water_Temperature]]
2025-10-15 19:26:44.093,56.672,Montrose_WaterTempDrop_85,atomic,[Montrose_WaterTempDrop_85],[1.0000],1,1,1.0000,[[MontroseBeach201506240900_Water_Temperature]]
2025-10-15 19:26:44.094,56.673,Calumet_WaterTempDrop_85,atomic,[Calumet_WaterTempDrop_85],[1.0000],1,1,1.0000,[[CalumetBeach201506240900_Water_Temperature]]
2025-10-15 19:26:44.153,56.732,Montrose_WaterTempDrop_85,atomic,[Montrose_WaterTempDrop_85],[0.9694],1,1,0.9694,[[MontroseBeach201506241000_Water_Temperature]]
2025-10-15 19:26:44.155,56.734,Calumet_WaterTempDrop_85,atomic,[Calumet_WaterTempDrop_85],[1.0000],1,1,1.0000,[[CalumetBeach201506241000_Water_Temperature]]
2025-10-15 19:26:44.219,56.798,Calumet_WaterTempDrop_85,atomic,[Calumet_WaterTempDrop_85],[1.0000],1,1,1.0000,[[CalumetBeach201506241100_Water_Temperature]]
2025-10-15 19:26:44.219,56.798,Montrose_WaterTempDrop_85,atomic,[Montrose_WaterTempDrop_85],[1.0000],1,1,1.0000,[[MontroseBeach201506241100_Water_Temperature]]
2025-10-15 19:26:44.220,56.799,63rd_WaterTempDrop_85,atomic,[63rd_WaterTempDrop_85],[1.0000],1,1,1.0000,[[63rdStreetBeach201506241100_Water_Temperature]]
2025-10-15 19:26:44.278,56.857,Montrose_WaterTempDrop_85,atomic,[Montrose_WaterTempDrop_85],[1.0000],1,1,1.0000,[[MontroseBeach201506241200_Water_Temperature]]
2025-10-15 19:26:44.279,56.858,63rd_WaterTempDrop_85,atomic,[63rd_WaterTempDrop_85],[0.9612],1,1,0.9612,[[63rdStreetBeach201506241200_Water_Temperature]]
2025-10-15 19:26:44.281,56.860,Calumet_WaterTempDrop_85,atomic,[Calumet_WaterTempDrop_85],[1.0000],1,1,1.0000,[[CalumetBeach201506241200_Water_Temperature]]
2025-10-15 19:26:44.342,56.921,Montrose_WaterTempDrop_85,atomic,[Montrose_WaterTempDrop_85],[1.0000],1,1,1.0000,[[MontroseBeach201506241300_Water_Temperature]]
2025-10-15 19:26:44.342,56.921,Calumet_WaterTempDrop_85,atomic,[Calumet_WaterTempDrop_85],[1.0000],1,1,1.0000,[[CalumetBeach201506241300_Water_Temperature]]
2025-10-15 19:26:44.407,56.986,Calumet_WaterTempDrop_85,atomic,[Calumet_WaterTempDrop_85],[0.9697],1,1,0.9697,[[CalumetBeach201506241400_Water_Temperature]]
2025-10-15 19:26:44.408,56.987,Montrose_WaterTempDrop_85,atomic,[Montrose_WaterTempDrop_85],[0.9690],1,1,0.9690,[[MontroseBeach201506241400_Water_Temperature]]
2025-10-15 19:26:44.468,57.047,Montrose_WaterTempDrop_85,atomic,[Montrose_WaterTempDrop_85],[1.0000],1,1,1.0000,[[MontroseBeach201506241500_Water_Temperature]]
2025-10-15 19:26:44.468,57.047,63rd_WaterTempDrop_85,atomic,[63rd_WaterTempDrop_85],[0.9565],1,1,0.9565,[[63rdStreetBeach201506241500_Water_Temperature]]
2025-10-15 19:26:44.469,57.048,Calumet_WaterTempDrop_85,atomic,[Calumet_WaterTempDrop_85],[1.0000],1,1,1.0000,[[CalumetBeach201506241500_Water_Temperature]]
2025-10-15 19:26:44.529,57.108,63rd_WaterTempDrop_85,atomic,[63rd_WaterTempDrop_85],[1.0000],1,1,1.0000,[[63rdStreetBeach201506241600_Water_Temperature]]
2025-10-15 19:26:44.529,57.108,Calumet_WaterTempDrop_85,atomic,[Calumet_WaterTempDrop_85],[1.0000],1,1,1.0000,[[CalumetBeach201506241600_Water_Temperature]]
2025-10-15 19:26:44.590,57.169,Calumet_WaterTempDrop_85,atomic,[Calumet_WaterTempDrop_85],[0.9684],1,1,0.9684,[[CalumetBeach201506241700_Water_Temperature]]
2025-10-15 19:26:44.591,57.170,63rd_WaterTempDrop_85,atomic,[63rd_WaterTempDrop_85],[1.0000],1,1,1.0000,[[63rdStreetBeach201506241700_Water_Temperature]]
2025-10-15 19:26:44.652,57.231,Calumet_WaterTempDrop_85,atomic,[Calumet_WaterTempDrop_85],[1.0000],1,1,1.0000,[[CalumetBeach201506241800_Water_Temperature]]
2025-10-15 19:26:44.653,57.232,63rd_WaterTempDrop_85,atomic,[63rd_WaterTempDrop_85],[1.0000],1,1,1.0000,[[63rdStreetBeach201506241800_Water_Temperature]]
2025-10-15 19:26:44.715,57.294,63rd_WaterTempDrop_85,atomic,[63rd_WaterTempDrop_85],[1.0000],1,1,1.0000,[[63rdStreetBeach201506241900_Water_Temperature]]
2025-10-15 19:26:44.716,57.295,Calumet_WaterTempDrop_85,atomic,[Calumet_WaterTempDrop_85],[1.0000],1,1,1.0000,[[CalumetBeach201506241900_Water_Temperature]]
2025-10-15 19:26:44.777,57.356,Calumet_WaterTempDrop_85,atomic,[Calumet_WaterTempDrop_85],[1.0000],1,1,1.0000,[[CalumetBeach201506242000_Water_Temperature]]
2025-10-15 19:26:44.840,57.419,Calumet_WaterTempDrop_85,atomic,[Calumet_WaterTempDrop_85],[1.0000],1,1,1.0000,[[CalumetBeach201506242100_Water_Temperature]]
2025-10-15 19:26:44.841,57.420,63rd_WaterTempDrop_85,atomic,[63rd_WaterTempDrop_85],[1.0000],1,1,1.0000,[[63rdStreetBeach201506242100_Water_Temperature]]
2025-10-15 19:26:44.902,57.481,Calumet_WaterTempDrop_85,atomic,[Calumet_WaterTempDrop_85],[1.0000],1,1,1.0000,[[CalumetBeach201506242200_Water_Temperature]]
2025-10-15 19:26:44.903,57.482,63rd_WaterTempDrop_85,atomic,[63rd_WaterTempDrop_85],[1.0000],1,1,1.0000,[[63rdStreetBeach201506242200_Water_Temperature]]
2025-10-15 19:26:44.965,57.544,Calumet_WaterTempDrop_85,atomic,[Calumet_WaterTempDrop_85],[1.0000],1,1,1.0000,[[CalumetBeach201506242300_Water_Temperature]]
2025-10-15 19:26:44.966,57.545,63rd_WaterTempDrop_85,atomic,[63rd_WaterTempDrop_85],[1.0000],1,1,1.0000,[[63rdStreetBeach201506242300_Water_Temperature]]
2025-10-15 19:26:45.039,57.618,Calumet_WaterTempDrop_85,atomic,[Calumet_WaterTempDrop_85],[1.0000],1,1,1.0000,[[CalumetBeach201506252400_Water_Temperature]]
2025-10-15 19:26:45.040,57.619,63rd_WaterTempDrop_85,atomic,[63rd_WaterTempDrop_85],[1.0000],1,1,1.0000,[[63rdStreetBeach201506252400_Water_Temperature]]
2025-10-15 19:26:45.087,57.666,63rd_WaterTempDrop_85,atomic,[63rd_WaterTempDrop_85],[0.9697],1,1,0.9697,[[63rdStreetBeach201506250100_Water_Temperature]]
2025-10-15 19:26:45.088,57.667,Calumet_WaterTempDrop_85,atomic,[Calumet_WaterTempDrop_85],[0.9712],1,1,0.9712,[[CalumetBeach201506250100_Water_Temperature]]
2025-10-15 19:26:45.150,57.729,Calumet_WaterTempDrop_85,atomic,[Calumet_WaterTempDrop_85],[0.9676],1,1,0.9676,[[CalumetBeach201506250200_Water_Temperature]]
2025-10-15 19:26:45.151,57.730,63rd_WaterTempDrop_85,atomic,[63rd_WaterTempDrop_85],[0.9660],1,1,0.9660,[[63rdStreetBeach201506250200_Water_Temperature]]
2025-10-15 19:26:45.215,57.794,63rd_WaterTempDrop_85,atomic,[63rd_WaterTempDrop_85],[1.0000],1,1,1.0000,[[63rdStreetBeach201506250300_Water_Temperature]]
2025-10-15 19:26:45.215,57.794,Calumet_WaterTempDrop_85,atomic,[Calumet_WaterTempDrop_85],[1.0000],1,1,1.0000,[[CalumetBeach201506250300_Water_Temperature]]
2025-10-15 19:26:45.275,57.854,Calumet_WaterTempDrop_85,atomic,[Calumet_WaterTempDrop_85],[0.9653],1,1,0.9653,[[CalumetBeach201506250400_Water_Temperature]]
2025-10-15 19:26:45.337,57.916,63rd_WaterTempDrop_85,atomic,[63rd_WaterTempDrop_85],[1.0000],1,1,1.0000,[[63rdStreetBeach201506250500_Water_Temperature]]
2025-10-15 19:26:45.340,57.919,Calumet_WaterTempDrop_85,atomic,[Calumet_WaterTempDrop_85],[1.0000],1,1,1.0000,[[CalumetBeach201506250500_Water_Temperature]]
2025-10-15 19:26:45.400,57.979,63rd_WaterTempDrop_85,atomic,[63rd_WaterTempDrop_85],[1.0000],1,1,1.0000,[[63rdStreetBeach201506250600_Water_Temperature]]
2025-10-15 19:26:45.400,57.979,Calumet_WaterTempDrop_85,atomic,[Calumet_WaterTempDrop_85],[1.0000],1,1,1.0000,[[CalumetBeach201506250600_Water_Temperature]]
2025-10-15 19:26:45.463,58.042,63rd_WaterTempDrop_85,atomic,[63rd_WaterTempDrop_85],[1.0000],1,1,1.0000,[[63rdStreetBeach201506250700_Water_Temperature]]
2025-10-15 19:26:45.464,58.043,Calumet_WaterTempDrop_85,atomic,[Calumet_WaterTempDrop_85],[1.0000],1,1,1.0000,[[CalumetBeach201506250700_Water_Temperature]]
2025-10-15 19:26:45.524,58.103,63rd_WaterTempDrop_85,atomic,[63rd_WaterTempDrop_85],[0.9684],1,1,0.9684,[[63rdStreetBeach201506250800_Water_Temperature]]
2025-10-15 19:26:45.524,58.103,Calumet_WaterTempDrop_85,atomic,[Calumet_WaterTempDrop_85],[1.0000],1,1,1.0000,[[CalumetBeach201506250800_Water_Temperature]]
2025-10-15 19:26:45.585,58.164,63rd_WaterTempDrop_85,atomic,[63rd_WaterTempDrop_85],[0.9645],1,1,0.9645,[[63rdStreetBeach201506250900_Water_Temperature]]
2025-10-15 19:26:45.588,58.167,Calumet_WaterTempDrop_85,atomic,[Calumet_WaterTempDrop_85],[1.0000],1,1,1.0000,[[CalumetBeach201506250900_Water_Temperature]]
2025-10-15 19:26:45.648,58.227,Calumet_WaterTempDrop_85,atomic,[Calumet_WaterTempDrop_85],[1.0000],1,1,1.0000,[[CalumetBeach201506251000_Water_Temperature]]
2025-10-15 19:26:45.649,58.228,63rd_WaterTempDrop_85,atomic,[63rd_WaterTempDrop_85],[1.0000],1,1,1.0000,[[63rdStreetBeach201506251000_Water_Temperature]]
2025-10-15 19:26:45.710,58.289,Calumet_WaterTempDrop_85,atomic,[Calumet_WaterTempDrop_85],[0.9697],1,1,0.9697,[[CalumetBeach201506251100_Water_Temperature]]
2025-10-15 19:26:45.710,58.289,63rd_WaterTempDrop_85,atomic,[63rd_WaterTempDrop_85],[0.9628],1,1,0.9628,[[63rdStreetBeach201506251100_Water_Temperature]]
2025-10-15 19:26:45.774,58.353,Montrose_WaterTempDrop_85,atomic,[Montrose_WaterTempDrop_85],[1.0000],1,1,1.0000,[[MontroseBeach201506251300_Water_Temperature]]
2025-10-15 19:26:45.775,58.354,Calumet_WaterTempDrop_85,atomic,[Calumet_WaterTempDrop_85],[1.0000],1,1,1.0000,[[CalumetBeach201506251300_Water_Temperature]]
2025-10-15 19:26:45.836,58.415,63rd_WaterTempDrop_85,atomic,[63rd_WaterTempDrop_85],[1.0000],1,1,1.0000,[[63rdStreetBeach201506251400_Water_Temperature]]
2025-10-15 19:26:45.838,58.417,Calumet_WaterTempDrop_85,atomic,[Calumet_WaterTempDrop_85],[1.0000],1,1,1.0000,[[CalumetBeach201506251400_Water_Temperature]]
2025-10-15 19:26:45.839,58.418,Montrose_WaterTempDrop_85,atomic,[Montrose_WaterTempDrop_85],[1.0000],1,1,1.0000,[[MontroseBeach201506251400_Water_Temperature]]
2025-10-15 19:26:45.900,58.479,Montrose_WaterTempDrop_85,atomic,[Montrose_WaterTempDrop_85],[1.0000],1,1,1.0000,[[MontroseBeach201506251500_Water_Temperature]]
2025-10-15 19:26:45.902,58.481,Calumet_WaterTempDrop_85,atomic,[Calumet_WaterTempDrop_85],[1.0000],1,1,1.0000,[[CalumetBeach201506251500_Water_Temperature]]
2025-10-15 19:26:45.902,58.481,63rd_WaterTempDrop_85,atomic,[63rd_WaterTempDrop_85],[1.0000],1,1,1.0000,[[63rdStreetBeach201506251500_Water_Temperature]]
2025-10-15 19:26:45.960,58.539,Montrose_WaterTempDrop_85,atomic,[Montrose_WaterTempDrop_85],[0.9696],1,1,0.9696,[[MontroseBeach201506251600_Water_Temperature]]
2025-10-15 19:26:45.960,58.539,Calumet_WaterTempDrop_85,atomic,[Calumet_WaterTempDrop_85],[0.9692],1,1,0.9692,[[CalumetBeach201506251600_Water_Temperature]]
2025-10-15 19:26:45.964,58.543,63rd_WaterTempDrop_85,atomic,[63rd_WaterTempDrop_85],[1.0000],1,1,1.0000,[[63rdStreetBeach201506251600_Water_Temperature]]
2025-10-15 19:26:46.022,58.601,63rd_WaterTempDrop_85,atomic,[63rd_WaterTempDrop_85],[0.9656],1,1,0.9656,[[63rdStreetBeach201506251700_Water_Temperature]]
2025-10-15 19:26:46.023,58.602,Calumet_WaterTempDrop_85,atomic,[Calumet_WaterTempDrop_85],[1.0000],1,1,1.0000,[[CalumetBeach201506251700_Water_Temperature]]
2025-10-15 19:26:46.024,58.603,Montrose_WaterTempDrop_85,atomic,[Montrose_WaterTempDrop_85],[1.0000],1,1,1.0000,[[MontroseBeach201506251700_Water_Temperature]]
2025-10-15 19:26:46.086,58.665,63rd_WaterTempDrop_85,atomic,[63rd_WaterTempDrop_85],[1.0000],1,1,1.0000,[[63rdStreetBeach201506251800_Water_Temperature]]
2025-10-15 19:26:46.088,58.667,Calumet_WaterTempDrop_85,atomic,[Calumet_WaterTempDrop_85],[1.0000],1,1,1.0000,[[CalumetBeach201506251800_Water_Temperature]]
2025-10-15 19:26:46.089,58.668,Montrose_WaterTempDrop_85,atomic,[Montrose_WaterTempDrop_85],[1.0000],1,1,1.0000,[[MontroseBeach201506251800_Water_Temperature]]
2025-10-15 19:26:46.147,58.726,63rd_WaterTempDrop_85,atomic,[63rd_WaterTempDrop_85],[0.9638],1,1,0.9638,[[63rdStreetBeach201506251900_Water_Temperature]]
2025-10-15 19:26:46.147,58.726,Calumet_WaterTempDrop_85,atomic,[Calumet_WaterTempDrop_85],[0.9680],1,1,0.9680,[[CalumetBeach201506251900_Water_Temperature]]
2025-10-15 19:26:46.148,58.727,Montrose_WaterTempDrop_85,atomic,[Montrose_WaterTempDrop_85],[1.0000],1,1,1.0000,[[MontroseBeach201506251900_Water_Temperature]]
2025-10-15 19:26:46.209,58.788,63rd_WaterTempDrop_85,atomic,[63rd_WaterTempDrop_85],[0.9594],1,1,0.9594,[[63rdStreetBeach201506252000_Water_Temperature]]
2025-10-15 19:26:46.210,58.789,Montrose_WaterTempDrop_85,atomic,[Montrose_WaterTempDrop_85],[1.0000],1,1,1.0000,[[MontroseBeach201506252000_Water_Temperature]]
2025-10-15 19:26:46.212,58.791,Calumet_WaterTempDrop_85,atomic,[Calumet_WaterTempDrop_85],[1.0000],1,1,1.0000,[[CalumetBeach201506252000_Water_Temperature]]
2025-10-15 19:26:46.273,58.852,63rd_WaterTempDrop_85,atomic,[63rd_WaterTempDrop_85],[1.0000],1,1,1.0000,[[63rdStreetBeach201506252100_Water_Temperature]]
2025-10-15 19:26:46.274,58.853,Montrose_WaterTempDrop_85,atomic,[Montrose_WaterTempDrop_85],[1.0000],1,1,1.0000,[[MontroseBeach201506252100_Water_Temperature]]
2025-10-15 19:26:46.275,58.854,Calumet_WaterTempDrop_85,atomic,[Calumet_WaterTempDrop_85],[0.9657],1,1,0.9657,[[CalumetBeach201506252100_Water_Temperature]]
2025-10-15 19:26:46.334,58.913,63rd_WaterTempDrop_85,atomic,[63rd_WaterTempDrop_85],[0.9587],1,1,0.9587,[[63rdStreetBeach201506252200_Water_Temperature]]
2025-10-15 19:26:46.335,58.914,Calumet_WaterTempDrop_85,atomic,[Calumet_WaterTempDrop_85],[1.0000],1,1,1.0000,[[CalumetBeach201506252200_Water_Temperature]]
2025-10-15 19:26:46.337,58.916,Montrose_WaterTempDrop_85,atomic,[Montrose_WaterTempDrop_85],[1.0000],1,1,1.0000,[[MontroseBeach201506252200_Water_Temperature]]
2025-10-15 19:26:46.398,58.977,Calumet_WaterTempDrop_85,atomic,[Calumet_WaterTempDrop_85],[1.0000],1,1,1.0000,[[CalumetBeach201506252300_Water_Temperature]]
2025-10-15 19:26:46.400,58.979,63rd_WaterTempDrop_85,atomic,[63rd_WaterTempDrop_85],[1.0000],1,1,1.0000,[[63rdStreetBeach201506252300_Water_Temperature]]
2025-10-15 19:26:46.400,58.979,Montrose_WaterTempDrop_85,atomic,[Montrose_WaterTempDrop_85],[1.0000],1,1,1.0000,[[MontroseBeach201506252300_Water_Temperature]]
2025-10-15 19:26:46.462,59.041,Montrose_WaterTempDrop_85,atomic,[Montrose_WaterTempDrop_85],[1.0000],1,1,1.0000,[[MontroseBeach201506262400_Water_Temperature]]
2025-10-15 19:26:46.463,59.042,63rd_WaterTempDrop_85,atomic,[63rd_WaterTempDrop_85],[1.0000],1,1,1.0000,[[63rdStreetBeach201506262400_Water_Temperature]]
2025-10-15 19:26:46.464,59.043,Calumet_WaterTempDrop_85,atomic,[Calumet_WaterTempDrop_85],[1.0000],1,1,1.0000,[[CalumetBeach201506262400_Water_Temperature]]
2025-10-15 19:26:46.523,59.102,63rd_WaterTempDrop_85,atomic,[63rd_WaterTempDrop_85],[1.0000],1,1,1.0000,[[63rdStreetBeach201506260100_Water_Temperature]]
2025-10-15 19:26:46.524,59.103,Calumet_WaterTempDrop_85,atomic,[Calumet_WaterTempDrop_85],[1.0000],1,1,1.0000,[[CalumetBeach201506260100_Water_Temperature]]
2025-10-15 19:26:46.524,59.103,Montrose_WaterTempDrop_85,atomic,[Montrose_WaterTempDrop_85],[1.0000],1,1,1.0000,[[MontroseBeach201506260100_Water_Temperature]]
2025-10-15 19:26:46.586,59.165,Calumet_WaterTempDrop_85,atomic,[Calumet_WaterTempDrop_85],[0.9682],1,1,0.9682,[[CalumetBeach201506260200_Water_Temperature]]
2025-10-15 19:26:46.586,59.165,63rd_WaterTempDrop_85,atomic,[63rd_WaterTempDrop_85],[1.0000],1,1,1.0000,[[63rdStreetBeach201506260200_Water_Temperature]]
2025-10-15 19:26:46.588,59.167,Montrose_WaterTempDrop_85,atomic,[Montrose_WaterTempDrop_85],[1.0000],1,1,1.0000,[[MontroseBeach201506260200_Water_Temperature]]
2025-10-15 19:26:46.647,59.226,Calumet_WaterTempDrop_85,atomic,[Calumet_WaterTempDrop_85],[0.9643],1,1,0.9643,[[CalumetBeach201506260300_Water_Temperature]]
2025-10-15 19:26:46.648,59.227,Montrose_WaterTempDrop_85,atomic,[Montrose_WaterTempDrop_85],[1.0000],1,1,1.0000,[[MontroseBeach201506260300_Water_Temperature]]
2025-10-15 19:26:46.714,59.293,Calumet_WaterTempDrop_85,atomic,[Calumet_WaterTempDrop_85],[1.0000],1,1,1.0000,[[CalumetBeach201506260400_Water_Temperature]]
2025-10-15 19:26:46.718,59.297,63rd_WaterTempDrop_85,atomic,[63rd_WaterTempDrop_85],[1.0000],1,1,1.0000,[[63rdStreetBeach201506260400_Water_Temperature]]
2025-10-15 19:26:46.718,59.297,Montrose_WaterTempDrop_85,atomic,[Montrose_WaterTempDrop_85],[1.0000],1,1,1.0000,[[MontroseBeach201506260400_Water_Temperature]]
2025-10-15 19:26:46.774,59.353,Calumet_WaterTempDrop_85,atomic,[Calumet_WaterTempDrop_85],[0.9626],1,1,0.9626,[[CalumetBeach201506260500_Water_Temperature]]
2025-10-15 19:26:46.776,59.355,Montrose_WaterTempDrop_85,atomic,[Montrose_WaterTempDrop_85],[1.0000],1,1,1.0000,[[MontroseBeach201506260500_Water_Temperature]]
2025-10-15 19:26:46.837,59.416,Montrose_WaterTempDrop_85,atomic,[Montrose_WaterTempDrop_85],[0.9728],1,1,0.9728,[[MontroseBeach201506260600_Water_Temperature]]
2025-10-15 19:26:46.838,59.417,Calumet_WaterTempDrop_85,atomic,[Calumet_WaterTempDrop_85],[1.0000],1,1,1.0000,[[CalumetBeach201506260600_Water_Temperature]]
2025-10-15 19:26:46.901,59.480,Calumet_WaterTempDrop_85,atomic,[Calumet_WaterTempDrop_85],[0.9612],1,1,0.9612,[[CalumetBeach201506260700_Water_Temperature]]
2025-10-15 19:26:46.901,59.480,63rd_WaterTempDrop_85,atomic,[63rd_WaterTempDrop_85],[1.0000],1,1,1.0000,[[63rdStreetBeach201506260700_Water_Temperature]]
2025-10-15 19:26:46.902,59.481,Montrose_WaterTempDrop_85,atomic,[Montrose_WaterTempDrop_85],[1.0000],1,1,1.0000,[[MontroseBeach201506260700_Water_Temperature]]
2025-10-15 19:26:46.963,59.542,63rd_WaterTempDrop_85,atomic,[63rd_WaterTempDrop_85],[0.9684],1,1,0.9684,[[63rdStreetBeach201506260800_Water_Temperature]]
2025-10-15 19:26:46.966,59.545,Montrose_WaterTempDrop_85,atomic,[Montrose_WaterTempDrop_85],[1.0000],1,1,1.0000,[[MontroseBeach201506260800_Water_Temperature]]
2025-10-15 19:26:46.966,59.545,Calumet_WaterTempDrop_85,atomic,[Calumet_WaterTempDrop_85],[1.0000],1,1,1.0000,[[CalumetBeach201506260800_Water_Temperature]]
2025-10-15 19:26:47.024,59.603,63rd_WaterTempDrop_85,atomic,[63rd_WaterTempDrop_85],[0.9646],1,1,0.9646,[[63rdStreetBeach201506260900_Water_Temperature]]
2025-10-15 19:26:47.025,59.604,Calumet_WaterTempDrop_85,atomic,[Calumet_WaterTempDrop_85],[1.0000],1,1,1.0000,[[CalumetBeach201506260900_Water_Temperature]]
2025-10-15 19:26:47.027,59.606,Montrose_WaterTempDrop_85,atomic,[Montrose_WaterTempDrop_85],[1.0000],1,1,1.0000,[[MontroseBeach201506260900_Water_Temperature]]
2025-10-15 19:26:47.087,59.666,Montrose_WaterTempDrop_85,atomic,[Montrose_WaterTempDrop_85],[0.9709],1,1,0.9709,[[MontroseBeach201506261000_Water_Temperature]]
2025-10-15 19:26:47.088,59.667,Calumet_WaterTempDrop_85,atomic,[Calumet_WaterTempDrop_85],[1.0000],1,1,1.0000,[[CalumetBeach201506261000_Water_Temperature]]
2025-10-15 19:26:47.150,59.729,Calumet_WaterTempDrop_85,atomic,[Calumet_WaterTempDrop_85],[0.9649],1,1,0.9649,[[CalumetBeach201506261100_Water_Temperature]]
2025-10-15 19:26:47.150,59.729,63rd_WaterTempDrop_85,atomic,[63rd_WaterTempDrop_85],[1.0000],1,1,1.0000,[[63rdStreetBeach201506261100_Water_Temperature]]
2025-10-15 19:26:47.151,59.730,Montrose_WaterTempDrop_85,atomic,[Montrose_WaterTempDrop_85],[0.9672],1,1,0.9672,[[MontroseBeach201506261100_Water_Temperature]]
2025-10-15 19:26:47.211,59.790,63rd_WaterTempDrop_85,atomic,[63rd_WaterTempDrop_85],[1.0000],1,1,1.0000,[[63rdStreetBeach201506261200_Water_Temperature]]
2025-10-15 19:26:47.212,59.791,Calumet_WaterTempDrop_85,atomic,[Calumet_WaterTempDrop_85],[0.9607],1,1,0.9607,[[CalumetBeach201506261200_Water_Temperature]]
2025-10-15 19:26:47.214,59.793,Montrose_WaterTempDrop_85,atomic,[Montrose_WaterTempDrop_85],[1.0000],1,1,1.0000,[[MontroseBeach201506261200_Water_Temperature]]
2025-10-15 19:26:47.273,59.852,Calumet_WaterTempDrop_85,atomic,[Calumet_WaterTempDrop_85],[0.9561],1,1,0.9561,[[CalumetBeach201506261300_Water_Temperature]]
2025-10-15 19:26:47.276,59.855,Montrose_WaterTempDrop_85,atomic,[Montrose_WaterTempDrop_85],[1.0000],1,1,1.0000,[[MontroseBeach201506261300_Water_Temperature]]
2025-10-15 19:26:47.335,59.914,Montrose_WaterTempDrop_85,atomic,[Montrose_WaterTempDrop_85],[0.9663],1,1,0.9663,[[MontroseBeach201506261400_Water_Temperature]]
2025-10-15 19:26:47.335,59.914,Montrose_HighWave_85,atomic,[Montrose_HighWave_85],[0.8531],1,1,0.8531,[[MontroseBeach201506261400_Wave_Height]]
2025-10-15 19:26:47.338,59.917,63rd_WaterTempDrop_85,atomic,[63rd_WaterTempDrop_85],[1.0000],1,1,1.0000,[[63rdStreetBeach201506261400_Water_Temperature]]
2025-10-15 19:26:47.340,59.919,Calumet_WaterTempDrop_85,atomic,[Calumet_WaterTempDrop_85],[1.0000],1,1,1.0000,[[CalumetBeach201506261400_Water_Temperature]]
2025-10-15 19:26:47.399,59.978,63rd_WaterTempDrop_85,atomic,[63rd_WaterTempDrop_85],[1.0000],1,1,1.0000,[[63rdStreetBeach201506261500_Water_Temperature]]
2025-10-15 19:26:47.399,59.978,Montrose_WaterTempDrop_85,atomic,[Montrose_WaterTempDrop_85],[1.0000],1,1,1.0000,[[MontroseBeach201506261500_Water_Temperature]]
2025-10-15 19:26:47.402,59.981,Montrose_HighWave_85,atomic,[Montrose_HighWave_85],[1.0000],1,1,1.0000,[[MontroseBeach201506261500_Wave_Height]]
2025-10-15 19:26:47.402,59.981,Calumet_WaterTempDrop_85,atomic,[Calumet_WaterTempDrop_85],[1.0000],1,1,1.0000,[[CalumetBeach201506261500_Water_Temperature]]
2025-10-15 19:26:47.462,60.041,Montrose_WaterTempDrop_85,atomic,[Montrose_WaterTempDrop_85],[0.9641],1,1,0.9641,[[MontroseBeach201506261600_Water_Temperature]]
2025-10-15 19:26:47.462,60.041,Calumet_WaterTempDrop_85,atomic,[Calumet_WaterTempDrop_85],[1.0000],1,1,1.0000,[[CalumetBeach201506261600_Water_Temperature]]
2025-10-15 19:26:47.464,60.043,Montrose_HighWave_85,atomic,[Montrose_HighWave_85],[1.0000],1,1,1.0000,[[MontroseBeach201506261600_Wave_Height]]
2025-10-15 19:26:47.464,60.043,63rd_WaterTempDrop_85,atomic,[63rd_WaterTempDrop_85],[1.0000],1,1,1.0000,[[63rdStreetBeach201506261600_Water_Temperature]]
2025-10-15 19:26:47.522,60.101,Calumet_WaterTempDrop_85,atomic,[Calumet_WaterTempDrop_85],[1.0000],1,1,1.0000,[[CalumetBeach201506261700_Water_Temperature]]
2025-10-15 19:26:47.525,60.104,Montrose_WaterTempDrop_85,atomic,[Montrose_WaterTempDrop_85],[0.9597],1,1,0.9597,[[MontroseBeach201506261700_Water_Temperature]]
2025-10-15 19:26:47.525,60.104,Montrose_HighWave_85,atomic,[Montrose_HighWave_85],[1.0000],1,1,1.0000,[[MontroseBeach201506261700_Wave_Height]]
2025-10-15 19:26:47.526,60.105,63rd_WaterTempDrop_85,atomic,[63rd_WaterTempDrop_85],[1.0000],1,1,1.0000,[[63rdStreetBeach201506261700_Water_Temperature]]
2025-10-15 19:26:47.587,60.166,Montrose_HighWave_85,atomic,[Montrose_HighWave_85],[0.8792],1,1,0.8792,[[MontroseBeach201506261800_Wave_Height]]
2025-10-15 19:26:47.589,60.168,Montrose_WaterTempDrop_85,atomic,[Montrose_WaterTempDrop_85],[1.0000],1,1,1.0000,[[MontroseBeach201506261800_Water_Temperature]]
2025-10-15 19:26:47.590,60.169,63rd_WaterTempDrop_85,atomic,[63rd_WaterTempDrop_85],[1.0000],1,1,1.0000,[[63rdStreetBeach201506261800_Water_Temperature]]
2025-10-15 19:26:47.590,60.169,Calumet_WaterTempDrop_85,atomic,[Calumet_WaterTempDrop_85],[1.0000],1,1,1.0000,[[CalumetBeach201506261800_Water_Temperature]]
2025-10-15 19:26:47.649,60.228,Montrose_WaterTempDrop_85,atomic,[Montrose_WaterTempDrop_85],[0.9587],1,1,0.9587,[[MontroseBeach201506261900_Water_Temperature]]
2025-10-15 19:26:47.650,60.229,Calumet_WaterTempDrop_85,atomic,[Calumet_WaterTempDrop_85],[1.0000],1,1,1.0000,[[CalumetBeach201506261900_Water_Temperature]]
2025-10-15 19:26:47.651,60.230,63rd_WaterTempDrop_85,atomic,[63rd_WaterTempDrop_85],[1.0000],1,1,1.0000,[[63rdStreetBeach201506261900_Water_Temperature]]
2025-10-15 19:26:47.652,60.231,Montrose_HighWave_85,atomic,[Montrose_HighWave_85],[1.0000],1,1,1.0000,[[MontroseBeach201506261900_Wave_Height]]
2025-10-15 19:26:47.710,60.289,63rd_WaterTempDrop_85,atomic,[63rd_WaterTempDrop_85],[0.9710],1,1,0.9710,[[63rdStreetBeach201506262000_Water_Temperature]]
2025-10-15 19:26:47.710,60.289,Montrose_WaterTempDrop_85,atomic,[Montrose_WaterTempDrop_85],[1.0000],1,1,1.0000,[[MontroseBeach201506262000_Water_Temperature]]
2025-10-15 19:26:47.712,60.291,Montrose_HighWave_85,atomic,[Montrose_HighWave_85],[1.0000],1,1,1.0000,[[MontroseBeach201506262000_Wave_Height]]
2025-10-15 19:26:47.713,60.292,Calumet_WaterTempDrop_85,atomic,[Calumet_WaterTempDrop_85],[1.0000],1,1,1.0000,[[CalumetBeach201506262000_Water_Temperature]]
2025-10-15 19:26:47.774,60.353,Montrose_HighWave_85,atomic,[Montrose_HighWave_85],[0.8780],1,1,0.8780,[[MontroseBeach201506262100_Wave_Height]]
2025-10-15 19:26:47.774,60.353,63rd_WaterTempDrop_85,atomic,[63rd_WaterTempDrop_85],[1.0000],1,1,1.0000,[[63rdStreetBeach201506262100_Water_Temperature]]
2025-10-15 19:26:47.775,60.354,Montrose_WaterTempDrop_85,atomic,[Montrose_WaterTempDrop_85],[1.0000],1,1,1.0000,[[MontroseBeach201506262100_Water_Temperature]]
2025-10-15 19:26:47.776,60.355,Calumet_WaterTempDrop_85,atomic,[Calumet_WaterTempDrop_85],[1.0000],1,1,1.0000,[[CalumetBeach201506262100_Water_Temperature]]
2025-10-15 19:26:47.836,60.415,63rd_WaterTempDrop_85,atomic,[63rd_WaterTempDrop_85],[0.9684],1,1,0.9684,[[63rdStreetBeach201506262200_Water_Temperature]]
2025-10-15 19:26:47.837,60.416,Montrose_HighWave_85,atomic,[Montrose_HighWave_85],[0.8513],1,1,0.8513,[[MontroseBeach201506262200_Wave_Height]]
2025-10-15 19:26:47.840,60.419,Montrose_WaterTempDrop_85,atomic,[Montrose_WaterTempDrop_85],[1.0000],1,1,1.0000,[[MontroseBeach201506262200_Water_Temperature]]
2025-10-15 19:26:47.840,60.419,Calumet_WaterTempDrop_85,atomic,[Calumet_WaterTempDrop_85],[1.0000],1,1,1.0000,[[CalumetBeach201506262200_Water_Temperature]]
2025-10-15 19:26:47.901,60.480,Calumet_WaterTempDrop_85,atomic,[Calumet_WaterTempDrop_85],[1.0000],1,1,1.0000,[[CalumetBeach201506262300_Water_Temperature]]
2025-10-15 19:26:47.901,60.480,Montrose_WaterTempDrop_85,atomic,[Montrose_WaterTempDrop_85],[0.9636],1,1,0.9636,[[MontroseBeach201506262300_Water_Temperature]]
2025-10-15 19:26:47.901,60.480,63rd_WaterTempDrop_85,atomic,[63rd_WaterTempDrop_85],[1.0000],1,1,1.0000,[[63rdStreetBeach201506262300_Water_Temperature]]
2025-10-15 19:26:47.961,60.540,Montrose_WaterTempDrop_85,atomic,[Montrose_WaterTempDrop_85],[0.9594],1,1,0.9594,[[MontroseBeach201506272400_Water_Temperature]]
2025-10-15 19:26:47.962,60.541,Calumet_WaterTempDrop_85,atomic,[Calumet_WaterTempDrop_85],[1.0000],1,1,1.0000,[[CalumetBeach201506272400_Water_Temperature]]
2025-10-15 19:26:48.023,60.602,Montrose_WaterTempDrop_85,atomic,[Montrose_WaterTempDrop_85],[0.9546],1,1,0.9546,[[MontroseBeach201506270100_Water_Temperature]]
2025-10-15 19:26:48.030,60.609,Calumet_WaterTempDrop_85,atomic,[Calumet_WaterTempDrop_85],[0.9717],1,1,0.9717,[[CalumetBeach201506270100_Water_Temperature]]
2025-10-15 19:26:48.030,60.609,63rd_WaterTempDrop_85,atomic,[63rd_WaterTempDrop_85],[1.0000],1,1,1.0000,[[63rdStreetBeach201506270100_Water_Temperature]]
2025-10-15 19:26:48.088,60.667,Montrose_WaterTempDrop_85,atomic,[Montrose_WaterTempDrop_85],[1.0000],1,1,1.0000,[[MontroseBeach201506270200_Water_Temperature]]
2025-10-15 19:26:48.091,60.670,Calumet_WaterTempDrop_85,atomic,[Calumet_WaterTempDrop_85],[1.0000],1,1,1.0000,[[CalumetBeach201506270200_Water_Temperature]]
2025-10-15 19:26:48.091,60.670,63rd_WaterTempDrop_85,atomic,[63rd_WaterTempDrop_85],[1.0000],1,1,1.0000,[[63rdStreetBeach201506270200_Water_Temperature]]
2025-10-15 19:26:48.148,60.727,63rd_WaterTempDrop_85,atomic,[63rd_WaterTempDrop_85],[0.9684],1,1,0.9684,[[63rdStreetBeach201506270300_Water_Temperature]]
2025-10-15 19:26:48.149,60.728,Calumet_WaterTempDrop_85,atomic,[Calumet_WaterTempDrop_85],[0.9691],1,1,0.9691,[[CalumetBeach201506270300_Water_Temperature]]
2025-10-15 19:26:48.149,60.728,Montrose_WaterTempDrop_85,atomic,[Montrose_WaterTempDrop_85],[0.9550],1,1,0.9550,[[MontroseBeach201506270300_Water_Temperature]]
2025-10-15 19:26:48.211,60.790,63rd_WaterTempDrop_85,atomic,[63rd_WaterTempDrop_85],[1.0000],1,1,1.0000,[[63rdStreetBeach201506270400_Water_Temperature]]
2025-10-15 19:26:48.213,60.792,Montrose_WaterTempDrop_85,atomic,[Montrose_WaterTempDrop_85],[0.9499],1,1,0.9499,[[MontroseBeach201506270400_Water_Temperature]]
2025-10-15 19:26:48.214,60.793,Calumet_WaterTempDrop_85,atomic,[Calumet_WaterTempDrop_85],[1.0000],1,1,1.0000,[[CalumetBeach201506270400_Water_Temperature]]
2025-10-15 19:26:48.273,60.852,Calumet_WaterTempDrop_85,atomic,[Calumet_WaterTempDrop_85],[0.9667],1,1,0.9667,[[CalumetBeach201506270500_Water_Temperature]]
2025-10-15 19:26:48.274,60.853,63rd_WaterTempDrop_85,atomic,[63rd_WaterTempDrop_85],[1.0000],1,1,1.0000,[[63rdStreetBeach201506270500_Water_Temperature]]
2025-10-15 19:26:48.277,60.856,Montrose_WaterTempDrop_85,atomic,[Montrose_WaterTempDrop_85],[1.0000],1,1,1.0000,[[MontroseBeach201506270500_Water_Temperature]]
2025-10-15 19:26:48.277,60.856,Montrose_HighWave_85,atomic,[Montrose_HighWave_85],[1.0000],1,1,1.0000,[[MontroseBeach201506270500_Wave_Height]]
2025-10-15 19:26:48.335,60.914,Calumet_WaterTempDrop_85,atomic,[Calumet_WaterTempDrop_85],[0.9625],1,1,0.9625,[[CalumetBeach201506270600_Water_Temperature]]
2025-10-15 19:26:48.337,60.916,Montrose_WaterTempDrop_85,atomic,[Montrose_WaterTempDrop_85],[0.9516],1,1,0.9516,[[MontroseBeach201506270600_Water_Temperature]]
2025-10-15 19:26:48.339,60.918,63rd_WaterTempDrop_85,atomic,[63rd_WaterTempDrop_85],[0.9673],1,1,0.9673,[[63rdStreetBeach201506270600_Water_Temperature]]
2025-10-15 19:26:48.401,60.980,63rd_WaterTempDrop_85,atomic,[63rd_WaterTempDrop_85],[0.9633],1,1,0.9633,[[63rdStreetBeach201506270700_Water_Temperature]]
2025-10-15 19:26:48.402,60.981,Montrose_WaterTempDrop_85,atomic,[Montrose_WaterTempDrop_85],[1.0000],1,1,1.0000,[[MontroseBeach201506270700_Water_Temperature]]
2025-10-15 19:26:48.402,60.981,Montrose_HighWave_85,atomic,[Montrose_HighWave_85],[1.0000],1,1,1.0000,[[MontroseBeach201506270700_Wave_Height]]
2025-10-15 19:26:48.403,60.982,Calumet_WaterTempDrop_85,atomic,[Calumet_WaterTempDrop_85],[1.0000],1,1,1.0000,[[CalumetBeach201506270700_Water_Temperature]]
2025-10-15 19:26:48.465,61.044,Calumet_WaterTempDrop_85,atomic,[Calumet_WaterTempDrop_85],[1.0000],1,1,1.0000,[[CalumetBeach201506270800_Water_Temperature]]
2025-10-15 19:26:48.466,61.045,Montrose_HighWave_85,atomic,[Montrose_HighWave_85],[0.8730],1,1,0.8730,[[MontroseBeach201506270800_Wave_Height]]
2025-10-15 19:26:48.466,61.045,63rd_WaterTempDrop_85,atomic,[63rd_WaterTempDrop_85],[1.0000],1,1,1.0000,[[63rdStreetBeach201506270800_Water_Temperature]]
2025-10-15 19:26:48.466,61.045,Montrose_WaterTempDrop_85,atomic,[Montrose_WaterTempDrop_85],[1.0000],1,1,1.0000,[[MontroseBeach201506270800_Water_Temperature]]
2025-10-15 19:26:48.524,61.103,Montrose_WaterTempDrop_85,atomic,[Montrose_WaterTempDrop_85],[0.9577],1,1,0.9577,[[MontroseBeach201506270900_Water_Temperature]]
2025-10-15 19:26:48.524,61.103,63rd_WaterTempDrop_85,atomic,[63rd_WaterTempDrop_85],[1.0000],1,1,1.0000,[[63rdStreetBeach201506270900_Water_Temperature]]
2025-10-15 19:26:48.525,61.104,Calumet_WaterTempDrop_85,atomic,[Calumet_WaterTempDrop_85],[1.0000],1,1,1.0000,[[CalumetBeach201506270900_Water_Temperature]]
2025-10-15 19:26:48.589,61.168,Montrose_WaterTempDrop_85,atomic,[Montrose_WaterTempDrop_85],[0.9530],1,1,0.9530,[[MontroseBeach201506271000_Water_Temperature]]
2025-10-15 19:26:48.589,61.168,Calumet_WaterTempDrop_85,atomic,[Calumet_WaterTempDrop_85],[1.0000],1,1,1.0000,[[CalumetBeach201506271000_Water_Temperature]]
2025-10-15 19:26:48.590,61.169,63rd_WaterTempDrop_85,atomic,[63rd_WaterTempDrop_85],[1.0000],1,1,1.0000,[[63rdStreetBeach201506271000_Water_Temperature]]
2025-10-15 19:26:48.591,61.170,Montrose_HighWave_85,atomic,[Montrose_HighWave_85],[1.0000],1,1,1.0000,[[MontroseBeach201506271000_Wave_Height]]
2025-10-15 19:26:48.649,61.228,Calumet_WaterTempDrop_85,atomic,[Calumet_WaterTempDrop_85],[0.9667],1,1,0.9667,[[CalumetBeach201506271100_Water_Temperature]]
2025-10-15 19:26:48.650,61.229,Montrose_WaterTempDrop_85,atomic,[Montrose_WaterTempDrop_85],[0.9479],1,1,0.9479,[[MontroseBeach201506271100_Water_Temperature]]
2025-10-15 19:26:48.650,61.229,63rd_WaterTempDrop_85,atomic,[63rd_WaterTempDrop_85],[0.9656],1,1,0.9656,[[63rdStreetBeach201506271100_Water_Temperature]]
2025-10-15 19:26:48.651,61.230,Montrose_HighWave_85,atomic,[Montrose_HighWave_85],[1.0000],1,1,1.0000,[[MontroseBeach201506271100_Wave_Height]]
2025-10-15 19:26:48.712,61.291,Montrose_HighWave_85,atomic,[Montrose_HighWave_85],[0.8672],1,1,0.8672,[[MontroseBeach201506271200_Wave_Height]]
2025-10-15 19:26:48.712,61.291,Montrose_WaterTempDrop_85,atomic,[Montrose_WaterTempDrop_85],[1.0000],1,1,1.0000,[[MontroseBeach201506271200_Water_Temperature]]
2025-10-15 19:26:48.712,61.291,Calumet_WaterTempDrop_85,atomic,[Calumet_WaterTempDrop_85],[0.9626],1,1,0.9626,[[CalumetBeach201506271200_Water_Temperature]]
2025-10-15 19:26:48.775,61.354,Montrose_WaterTempDrop_85,atomic,[Montrose_WaterTempDrop_85],[1.0000],1,1,1.0000,[[MontroseBeach201506271300_Water_Temperature]]
2025-10-15 19:26:48.775,61.354,Montrose_HighWave_85,atomic,[Montrose_HighWave_85],[1.0000],1,1,1.0000,[[MontroseBeach201506271300_Wave_Height]]
2025-10-15 19:26:48.775,61.354,Calumet_WaterTempDrop_85,atomic,[Calumet_WaterTempDrop_85],[1.0000],1,1,1.0000,[[CalumetBeach201506271300_Water_Temperature]]
2025-10-15 19:26:48.837,61.416,63rd_WaterTempDrop_85,atomic,[63rd_WaterTempDrop_85],[1.0000],1,1,1.0000,[[63rdStreetBeach201506271400_Water_Temperature]]
2025-10-15 19:26:48.840,61.419,Montrose_WaterTempDrop_85,atomic,[Montrose_WaterTempDrop_85],[1.0000],1,1,1.0000,[[MontroseBeach201506271400_Water_Temperature]]
2025-10-15 19:26:48.840,61.419,Montrose_HighWave_85,atomic,[Montrose_HighWave_85],[1.0000],1,1,1.0000,[[MontroseBeach201506271400_Wave_Height]]
2025-10-15 19:26:48.841,61.420,Calumet_WaterTempDrop_85,atomic,[Calumet_WaterTempDrop_85],[1.0000],1,1,1.0000,[[CalumetBeach201506271400_Water_Temperature]]
2025-10-15 19:26:48.899,61.478,Montrose_HighWave_85,atomic,[Montrose_HighWave_85],[0.8735],1,1,0.8735,[[MontroseBeach201506271500_Wave_Height]]
2025-10-15 19:26:48.900,61.479,Montrose_WaterTempDrop_85,atomic,[Montrose_WaterTempDrop_85],[1.0000],1,1,1.0000,[[MontroseBeach201506271500_Water_Temperature]]
2025-10-15 19:26:48.901,61.480,Calumet_WaterTempDrop_85,atomic,[Calumet_WaterTempDrop_85],[1.0000],1,1,1.0000,[[CalumetBeach201506271500_Water_Temperature]]
2025-10-15 19:26:48.902,61.481,63rd_WaterTempDrop_85,atomic,[63rd_WaterTempDrop_85],[1.0000],1,1,1.0000,[[63rdStreetBeach201506271500_Water_Temperature]]
2025-10-15 19:26:48.961,61.540,Montrose_WaterTempDrop_85,atomic,[Montrose_WaterTempDrop_85],[0.9629],1,1,0.9629,[[MontroseBeach201506271600_Water_Temperature]]
2025-10-15 19:26:48.963,61.542,Calumet_WaterTempDrop_85,atomic,[Calumet_WaterTempDrop_85],[1.0000],1,1,1.0000,[[CalumetBeach201506271600_Water_Temperature]]
2025-10-15 19:26:48.965,61.544,63rd_WaterTempDrop_85,atomic,[63rd_WaterTempDrop_85],[1.0000],1,1,1.0000,[[63rdStreetBeach201506271600_Water_Temperature]]
2025-10-15 19:26:49.022,61.601,63rd_WaterTempDrop_85,atomic,[63rd_WaterTempDrop_85],[0.9670],1,1,0.9670,[[63rdStreetBeach201506271700_Water_Temperature]]
2025-10-15 19:26:49.025,61.604,Calumet_WaterTempDrop_85,atomic,[Calumet_WaterTempDrop_85],[0.9669],1,1,0.9669,[[CalumetBeach201506271700_Water_Temperature]]
2025-10-15 19:26:49.025,61.604,Montrose_WaterTempDrop_85,atomic,[Montrose_WaterTempDrop_85],[1.0000],1,1,1.0000,[[MontroseBeach201506271700_Water_Temperature]]
2025-10-15 19:26:49.087,61.666,Montrose_WaterTempDrop_85,atomic,[Montrose_WaterTempDrop_85],[1.0000],1,1,1.0000,[[MontroseBeach201506271800_Water_Temperature]]
2025-10-15 19:26:49.087,61.666,Montrose_HighWave_85,atomic,[Montrose_HighWave_85],[1.0000],1,1,1.0000,[[MontroseBeach201506271800_Wave_Height]]
2025-10-15 19:26:49.089,61.668,Calumet_WaterTempDrop_85,atomic,[Calumet_WaterTempDrop_85],[1.0000],1,1,1.0000,[[CalumetBeach201506271800_Water_Temperature]]
2025-10-15 19:26:49.089,61.668,63rd_WaterTempDrop_85,atomic,[63rd_WaterTempDrop_85],[1.0000],1,1,1.0000,[[63rdStreetBeach201506271800_Water_Temperature]]
2025-10-15 19:26:49.147,61.726,Calumet_WaterTempDrop_85,atomic,[Calumet_WaterTempDrop_85],[0.9649],1,1,0.9649,[[CalumetBeach201506271900_Water_Temperature]]
2025-10-15 19:26:49.151,61.730,63rd_WaterTempDrop_85,atomic,[63rd_WaterTempDrop_85],[1.0000],1,1,1.0000,[[63rdStreetBeach201506271900_Water_Temperature]]
2025-10-15 19:26:49.151,61.730,Montrose_WaterTempDrop_85,atomic,[Montrose_WaterTempDrop_85],[1.0000],1,1,1.0000,[[MontroseBeach201506271900_Water_Temperature]]
2025-10-15 19:26:49.212,61.791,63rd_WaterTempDrop_85,atomic,[63rd_WaterTempDrop_85],[1.0000],1,1,1.0000,[[63rdStreetBeach201506272000_Water_Temperature]]
2025-10-15 19:26:49.213,61.792,Calumet_WaterTempDrop_85,atomic,[Calumet_WaterTempDrop_85],[1.0000],1,1,1.0000,[[CalumetBeach201506272000_Water_Temperature]]
2025-10-15 19:26:49.214,61.793,Montrose_WaterTempDrop_85,atomic,[Montrose_WaterTempDrop_85],[1.0000],1,1,1.0000,[[MontroseBeach201506272000_Water_Temperature]]
2025-10-15 19:26:49.276,61.855,63rd_WaterTempDrop_85,atomic,[63rd_WaterTempDrop_85],[1.0000],1,1,1.0000,[[63rdStreetBeach201506272100_Water_Temperature]]
2025-10-15 19:26:49.277,61.856,Calumet_WaterTempDrop_85,atomic,[Calumet_WaterTempDrop_85],[1.0000],1,1,1.0000,[[CalumetBeach201506272100_Water_Temperature]]
2025-10-15 19:26:49.277,61.856,Montrose_WaterTempDrop_85,atomic,[Montrose_WaterTempDrop_85],[1.0000],1,1,1.0000,[[MontroseBeach201506272100_Water_Temperature]]
2025-10-15 19:26:49.338,61.917,63rd_WaterTempDrop_85,atomic,[63rd_WaterTempDrop_85],[1.0000],1,1,1.0000,[[63rdStreetBeach201506272200_Water_Temperature]]
2025-10-15 19:26:49.339,61.918,Montrose_WaterTempDrop_85,atomic,[Montrose_WaterTempDrop_85],[1.0000],1,1,1.0000,[[MontroseBeach201506272200_Water_Temperature]]
2025-10-15 19:26:49.340,61.919,Calumet_WaterTempDrop_85,atomic,[Calumet_WaterTempDrop_85],[1.0000],1,1,1.0000,[[CalumetBeach201506272200_Water_Temperature]]
2025-10-15 19:26:49.399,61.978,Montrose_WaterTempDrop_85,atomic,[Montrose_WaterTempDrop_85],[1.0000],1,1,1.0000,[[MontroseBeach201506272300_Water_Temperature]]
2025-10-15 19:26:49.405,61.984,63rd_WaterTempDrop_85,atomic,[63rd_WaterTempDrop_85],[1.0000],1,1,1.0000,[[63rdStreetBeach201506272300_Water_Temperature]]
2025-10-15 19:26:49.405,61.984,Calumet_WaterTempDrop_85,atomic,[Calumet_WaterTempDrop_85],[1.0000],1,1,1.0000,[[CalumetBeach201506272300_Water_Temperature]]
2025-10-15 19:26:49.461,62.040,Montrose_WaterTempDrop_85,atomic,[Montrose_WaterTempDrop_85],[0.9706],1,1,0.9706,[[MontroseBeach201506282400_Water_Temperature]]
2025-10-15 19:26:49.461,62.040,63rd_WaterTempDrop_85,atomic,[63rd_WaterTempDrop_85],[1.0000],1,1,1.0000,[[63rdStreetBeach201506282400_Water_Temperature]]
2025-10-15 19:26:49.462,62.041,Calumet_WaterTempDrop_85,atomic,[Calumet_WaterTempDrop_85],[1.0000],1,1,1.0000,[[CalumetBeach201506282400_Water_Temperature]]
2025-10-15 19:26:49.522,62.101,Montrose_WaterTempDrop_85,atomic,[Montrose_WaterTempDrop_85],[0.9671],1,1,0.9671,[[MontroseBeach201506280200_Water_Temperature]]
2025-10-15 19:26:49.523,62.102,63rd_WaterTempDrop_85,atomic,[63rd_WaterTempDrop_85],[1.0000],1,1,1.0000,[[63rdStreetBeach201506280200_Water_Temperature]]
2025-10-15 19:26:49.525,62.104,Calumet_WaterTempDrop_85,atomic,[Calumet_WaterTempDrop_85],[1.0000],1,1,1.0000,[[CalumetBeach201506280200_Water_Temperature]]
2025-10-15 19:26:49.585,62.164,63rd_WaterTempDrop_85,atomic,[63rd_WaterTempDrop_85],[1.0000],1,1,1.0000,[[63rdStreetBeach201506280300_Water_Temperature]]
2025-10-15 19:26:49.587,62.166,Calumet_WaterTempDrop_85,atomic,[Calumet_WaterTempDrop_85],[1.0000],1,1,1.0000,[[CalumetBeach201506280300_Water_Temperature]]
2025-10-15 19:26:49.587,62.166,Montrose_WaterTempDrop_85,atomic,[Montrose_WaterTempDrop_85],[0.9630],1,1,0.9630,[[MontroseBeach201506280300_Water_Temperature]]
2025-10-15 19:26:49.645,62.224,63rd_WaterTempDrop_85,atomic,[63rd_WaterTempDrop_85],[0.9718],1,1,0.9718,[[63rdStreetBeach201506280400_Water_Temperature]]
2025-10-15 19:26:49.646,62.225,Calumet_WaterTempDrop_85,atomic,[Calumet_WaterTempDrop_85],[0.9705],1,1,0.9705,[[CalumetBeach201506280400_Water_Temperature]]
2025-10-15 19:26:49.648,62.227,Montrose_WaterTempDrop_85,atomic,[Montrose_WaterTempDrop_85],[0.9586],1,1,0.9586,[[MontroseBeach201506280400_Water_Temperature]]
2025-10-15 19:26:49.710,62.289,63rd_WaterTempDrop_85,atomic,[63rd_WaterTempDrop_85],[1.0000],1,1,1.0000,[[63rdStreetBeach201506280500_Water_Temperature]]
2025-10-15 19:26:49.712,62.291,Calumet_WaterTempDrop_85,atomic,[Calumet_WaterTempDrop_85],[1.0000],1,1,1.0000,[[CalumetBeach201506280500_Water_Temperature]]
2025-10-15 19:26:49.713,62.292,Montrose_WaterTempDrop_85,atomic,[Montrose_WaterTempDrop_85],[1.0000],1,1,1.0000,[[MontroseBeach201506280500_Water_Temperature]]
2025-10-15 19:26:49.773,62.352,63rd_WaterTempDrop_85,atomic,[63rd_WaterTempDrop_85],[1.0000],1,1,1.0000,[[63rdStreetBeach201506280600_Water_Temperature]]
2025-10-15 19:26:49.775,62.354,Montrose_WaterTempDrop_85,atomic,[Montrose_WaterTempDrop_85],[1.0000],1,1,1.0000,[[MontroseBeach201506280600_Water_Temperature]]
2025-10-15 19:26:49.776,62.355,Calumet_WaterTempDrop_85,atomic,[Calumet_WaterTempDrop_85],[1.0000],1,1,1.0000,[[CalumetBeach201506280600_Water_Temperature]]
2025-10-15 19:26:49.834,62.413,Montrose_WaterTempDrop_85,atomic,[Montrose_WaterTempDrop_85],[0.9610],1,1,0.9610,[[MontroseBeach201506280700_Water_Temperature]]
2025-10-15 19:26:49.836,62.415,Calumet_WaterTempDrop_85,atomic,[Calumet_WaterTempDrop_85],[0.9690],1,1,0.9690,[[CalumetBeach201506280700_Water_Temperature]]
2025-10-15 19:26:49.837,62.416,63rd_WaterTempDrop_85,atomic,[63rd_WaterTempDrop_85],[1.0000],1,1,1.0000,[[63rdStreetBeach201506280700_Water_Temperature]]
2025-10-15 19:26:49.899,62.478,63rd_WaterTempDrop_85,atomic,[63rd_WaterTempDrop_85],[1.0000],1,1,1.0000,[[63rdStreetBeach201506280800_Water_Temperature]]
2025-10-15 19:26:49.900,62.479,Calumet_WaterTempDrop_85,atomic,[Calumet_WaterTempDrop_85],[1.0000],1,1,1.0000,[[CalumetBeach201506280800_Water_Temperature]]
2025-10-15 19:26:49.901,62.480,Montrose_WaterTempDrop_85,atomic,[Montrose_WaterTempDrop_85],[1.0000],1,1,1.0000,[[MontroseBeach201506280800_Water_Temperature]]
2025-10-15 19:26:49.957,62.536,Montrose_WaterTempDrop_85,atomic,[Montrose_WaterTempDrop_85],[0.9599],1,1,0.9599,[[MontroseBeach201506280900_Water_Temperature]]
2025-10-15 19:26:49.960,62.539,Calumet_WaterTempDrop_85,atomic,[Calumet_WaterTempDrop_85],[1.0000],1,1,1.0000,[[CalumetBeach201506280900_Water_Temperature]]
2025-10-15 19:26:49.961,62.540,63rd_WaterTempDrop_85,atomic,[63rd_WaterTempDrop_85],[1.0000],1,1,1.0000,[[63rdStreetBeach201506280900_Water_Temperature]]
2025-10-15 19:26:50.021,62.600,Montrose_WaterTempDrop_85,atomic,[Montrose_WaterTempDrop_85],[0.9552],1,1,0.9552,[[MontroseBeach201506281000_Water_Temperature]]
2025-10-15 19:26:50.022,62.601,63rd_WaterTempDrop_85,atomic,[63rd_WaterTempDrop_85],[1.0000],1,1,1.0000,[[63rdStreetBeach201506281000_Water_Temperature]]
2025-10-15 19:26:50.024,62.603,Calumet_WaterTempDrop_85,atomic,[Calumet_WaterTempDrop_85],[1.0000],1,1,1.0000,[[CalumetBeach201506281000_Water_Temperature]]
2025-10-15 19:26:50.084,62.663,63rd_WaterTempDrop_85,atomic,[63rd_WaterTempDrop_85],[0.9717],1,1,0.9717,[[63rdStreetBeach201506281100_Water_Temperature]]
2025-10-15 19:26:50.085,62.664,Montrose_WaterTempDrop_85,atomic,[Montrose_WaterTempDrop_85],[0.9499],1,1,0.9499,[[MontroseBeach201506281100_Water_Temperature]]
2025-10-15 19:26:50.087,62.666,Calumet_WaterTempDrop_85,atomic,[Calumet_WaterTempDrop_85],[1.0000],1,1,1.0000,[[CalumetBeach201506281100_Water_Temperature]]
2025-10-15 19:26:50.145,62.724,Calumet_WaterTempDrop_85,atomic,[Calumet_WaterTempDrop_85],[0.9696],1,1,0.9696,[[CalumetBeach201506281200_Water_Temperature]]
2025-10-15 19:26:50.145,62.724,Montrose_WaterTempDrop_85,atomic,[Montrose_WaterTempDrop_85],[1.0000],1,1,1.0000,[[MontroseBeach201506281200_Water_Temperature]]
2025-10-15 19:26:50.147,62.726,63rd_WaterTempDrop_85,atomic,[63rd_WaterTempDrop_85],[1.0000],1,1,1.0000,[[63rdStreetBeach201506281200_Water_Temperature]]
2025-10-15 19:26:50.216,62.795,63rd_WaterTempDrop_85,atomic,[63rd_WaterTempDrop_85],[0.9689],1,1,0.9689,[[63rdStreetBeach201506281300_Water_Temperature]]
2025-10-15 19:26:50.217,62.796,Calumet_WaterTempDrop_85,atomic,[Calumet_WaterTempDrop_85],[0.9658],1,1,0.9658,[[CalumetBeach201506281300_Water_Temperature]]
2025-10-15 19:26:50.219,62.798,Montrose_WaterTempDrop_85,atomic,[Montrose_WaterTempDrop_85],[0.9513],1,1,0.9513,[[MontroseBeach201506281300_Water_Temperature]]
2025-10-15 19:26:50.288,62.867,Montrose_WaterTempDrop_85,atomic,[Montrose_WaterTempDrop_85],[1.0000],1,1,1.0000,[[MontroseBeach201506281400_Water_Temperature]]
2025-10-15 19:26:50.290,62.869,Calumet_WaterTempDrop_85,atomic,[Calumet_WaterTempDrop_85],[1.0000],1,1,1.0000,[[CalumetBeach201506281400_Water_Temperature]]
2025-10-15 19:26:50.290,62.869,63rd_WaterTempDrop_85,atomic,[63rd_WaterTempDrop_85],[1.0000],1,1,1.0000,[[63rdStreetBeach201506281400_Water_Temperature]]
2025-10-15 19:26:50.351,62.930,Calumet_WaterTempDrop_85,atomic,[Calumet_WaterTempDrop_85],[0.9637],1,1,0.9637,[[CalumetBeach201506281500_Water_Temperature]]
2025-10-15 19:26:50.351,62.930,Montrose_WaterTempDrop_85,atomic,[Montrose_WaterTempDrop_85],[1.0000],1,1,1.0000,[[MontroseBeach201506281500_Water_Temperature]]
2025-10-15 19:26:50.352,62.931,63rd_WaterTempDrop_85,atomic,[63rd_WaterTempDrop_85],[1.0000],1,1,1.0000,[[63rdStreetBeach201506281500_Water_Temperature]]
2025-10-15 19:26:50.411,62.990,Calumet_WaterTempDrop_85,atomic,[Calumet_WaterTempDrop_85],[0.9593],1,1,0.9593,[[CalumetBeach201506281600_Water_Temperature]]
2025-10-15 19:26:50.412,62.991,Montrose_WaterTempDrop_85,atomic,[Montrose_WaterTempDrop_85],[1.0000],1,1,1.0000,[[MontroseBeach201506281600_Water_Temperature]]
2025-10-15 19:26:50.415,62.994,63rd_WaterTempDrop_85,atomic,[63rd_WaterTempDrop_85],[1.0000],1,1,1.0000,[[63rdStreetBeach201506281600_Water_Temperature]]
2025-10-15 19:26:50.475,63.054,Montrose_WaterTempDrop_85,atomic,[Montrose_WaterTempDrop_85],[1.0000],1,1,1.0000,[[MontroseBeach201506281700_Water_Temperature]]
2025-10-15 19:26:50.477,63.056,63rd_WaterTempDrop_85,atomic,[63rd_WaterTempDrop_85],[1.0000],1,1,1.0000,[[63rdStreetBeach201506281700_Water_Temperature]]
2025-10-15 19:26:50.477,63.056,Calumet_WaterTempDrop_85,atomic,[Calumet_WaterTempDrop_85],[1.0000],1,1,1.0000,[[CalumetBeach201506281700_Water_Temperature]]
2025-10-15 19:26:50.538,63.117,Calumet_WaterTempDrop_85,atomic,[Calumet_WaterTempDrop_85],[1.0000],1,1,1.0000,[[CalumetBeach201506281800_Water_Temperature]]
2025-10-15 19:26:50.540,63.119,63rd_WaterTempDrop_85,atomic,[63rd_WaterTempDrop_85],[1.0000],1,1,1.0000,[[63rdStreetBeach201506281800_Water_Temperature]]
2025-10-15 19:26:50.540,63.119,Montrose_WaterTempDrop_85,atomic,[Montrose_WaterTempDrop_85],[1.0000],1,1,1.0000,[[MontroseBeach201506281800_Water_Temperature]]
2025-10-15 19:26:50.600,63.179,63rd_WaterTempDrop_85,atomic,[63rd_WaterTempDrop_85],[0.9700],1,1,0.9700,[[63rdStreetBeach201506281900_Water_Temperature]]
2025-10-15 19:26:50.600,63.179,Montrose_WaterTempDrop_85,atomic,[Montrose_WaterTempDrop_85],[0.9654],1,1,0.9654,[[MontroseBeach201506281900_Water_Temperature]]
2025-10-15 19:26:50.601,63.180,Calumet_WaterTempDrop_85,atomic,[Calumet_WaterTempDrop_85],[1.0000],1,1,1.0000,[[CalumetBeach201506281900_Water_Temperature]]
2025-10-15 19:26:50.665,63.244,Montrose_WaterTempDrop_85,atomic,[Montrose_WaterTempDrop_85],[1.0000],1,1,1.0000,[[MontroseBeach201506282000_Water_Temperature]]
2025-10-15 19:26:50.665,63.244,Calumet_WaterTempDrop_85,atomic,[Calumet_WaterTempDrop_85],[0.9637],1,1,0.9637,[[CalumetBeach201506282000_Water_Temperature]]
2025-10-15 19:26:50.666,63.245,63rd_WaterTempDrop_85,atomic,[63rd_WaterTempDrop_85],[1.0000],1,1,1.0000,[[63rdStreetBeach201506282000_Water_Temperature]]
2025-10-15 19:26:50.729,63.308,Montrose_WaterTempDrop_85,atomic,[Montrose_WaterTempDrop_85],[1.0000],1,1,1.0000,[[MontroseBeach201506282100_Water_Temperature]]
2025-10-15 19:26:50.729,63.308,63rd_WaterTempDrop_85,atomic,[63rd_WaterTempDrop_85],[0.9675],1,1,0.9675,[[63rdStreetBeach201506282100_Water_Temperature]]
2025-10-15 19:26:50.731,63.310,Calumet_WaterTempDrop_85,atomic,[Calumet_WaterTempDrop_85],[1.0000],1,1,1.0000,[[CalumetBeach201506282100_Water_Temperature]]
2025-10-15 19:26:50.788,63.367,Montrose_WaterTempDrop_85,atomic,[Montrose_WaterTempDrop_85],[0.9657],1,1,0.9657,[[MontroseBeach201506282200_Water_Temperature]]
2025-10-15 19:26:50.790,63.369,Calumet_WaterTempDrop_85,atomic,[Calumet_WaterTempDrop_85],[1.0000],1,1,1.0000,[[CalumetBeach201506282200_Water_Temperature]]
2025-10-15 19:26:50.791,63.370,63rd_WaterTempDrop_85,atomic,[63rd_WaterTempDrop_85],[1.0000],1,1,1.0000,[[63rdStreetBeach201506282200_Water_Temperature]]
2025-10-15 19:26:50.850,63.429,Calumet_WaterTempDrop_85,atomic,[Calumet_WaterTempDrop_85],[0.9644],1,1,0.9644,[[CalumetBeach201506282300_Water_Temperature]]
2025-10-15 19:26:50.854,63.433,63rd_WaterTempDrop_85,atomic,[63rd_WaterTempDrop_85],[1.0000],1,1,1.0000,[[63rdStreetBeach201506282300_Water_Temperature]]
2025-10-15 19:26:50.855,63.434,Montrose_WaterTempDrop_85,atomic,[Montrose_WaterTempDrop_85],[1.0000],1,1,1.0000,[[MontroseBeach201506282300_Water_Temperature]]
2025-10-15 19:26:50.912,63.491,63rd_WaterTempDrop_85,atomic,[63rd_WaterTempDrop_85],[1.0000],1,1,1.0000,[[63rdStreetBeach201506292400_Water_Temperature]]
2025-10-15 19:26:50.914,63.493,Montrose_WaterTempDrop_85,atomic,[Montrose_WaterTempDrop_85],[1.0000],1,1,1.0000,[[MontroseBeach201506292400_Water_Temperature]]
2025-10-15 19:26:50.915,63.494,Calumet_WaterTempDrop_85,atomic,[Calumet_WaterTempDrop_85],[1.0000],1,1,1.0000,[[CalumetBeach201506292400_Water_Temperature]]
2025-10-15 19:26:50.977,63.556,Montrose_WaterTempDrop_85,atomic,[Montrose_WaterTempDrop_85],[0.9658],1,1,0.9658,[[MontroseBeach201506290100_Water_Temperature]]
2025-10-15 19:26:50.978,63.557,63rd_WaterTempDrop_85,atomic,[63rd_WaterTempDrop_85],[1.0000],1,1,1.0000,[[63rdStreetBeach201506290100_Water_Temperature]]
2025-10-15 19:26:50.979,63.558,Calumet_WaterTempDrop_85,atomic,[Calumet_WaterTempDrop_85],[1.0000],1,1,1.0000,[[CalumetBeach201506290100_Water_Temperature]]
2025-10-15 19:26:51.039,63.618,Calumet_WaterTempDrop_85,atomic,[Calumet_WaterTempDrop_85],[1.0000],1,1,1.0000,[[CalumetBeach201506290200_Water_Temperature]]
2025-10-15 19:26:51.040,63.619,63rd_WaterTempDrop_85,atomic,[63rd_WaterTempDrop_85],[1.0000],1,1,1.0000,[[63rdStreetBeach201506290200_Water_Temperature]]
2025-10-15 19:26:51.040,63.619,Montrose_WaterTempDrop_85,atomic,[Montrose_WaterTempDrop_85],[1.0000],1,1,1.0000,[[MontroseBeach201506290200_Water_Temperature]]
2025-10-15 19:26:51.100,63.679,Calumet_WaterTempDrop_85,atomic,[Calumet_WaterTempDrop_85],[0.9665],1,1,0.9665,[[CalumetBeach201506290300_Water_Temperature]]
2025-10-15 19:26:51.102,63.681,Montrose_WaterTempDrop_85,atomic,[Montrose_WaterTempDrop_85],[1.0000],1,1,1.0000,[[MontroseBeach201506290300_Water_Temperature]]
2025-10-15 19:26:51.102,63.681,63rd_WaterTempDrop_85,atomic,[63rd_WaterTempDrop_85],[1.0000],1,1,1.0000,[[63rdStreetBeach201506290300_Water_Temperature]]
2025-10-15 19:26:51.164,63.743,Montrose_WaterTempDrop_85,atomic,[Montrose_WaterTempDrop_85],[1.0000],1,1,1.0000,[[MontroseBeach201506290400_Water_Temperature]]
2025-10-15 19:26:51.167,63.746,Calumet_WaterTempDrop_85,atomic,[Calumet_WaterTempDrop_85],[0.9625],1,1,0.9625,[[CalumetBeach201506290400_Water_Temperature]]
2025-10-15 19:26:51.169,63.748,63rd_WaterTempDrop_85,atomic,[63rd_WaterTempDrop_85],[1.0000],1,1,1.0000,[[63rdStreetBeach201506290400_Water_Temperature]]
2025-10-15 19:26:51.224,63.803,Calumet_WaterTempDrop_85,atomic,[Calumet_WaterTempDrop_85],[0.9581],1,1,0.9581,[[CalumetBeach201506290500_Water_Temperature]]
2025-10-15 19:26:51.225,63.804,Montrose_WaterTempDrop_85,atomic,[Montrose_WaterTempDrop_85],[1.0000],1,1,1.0000,[[MontroseBeach201506290500_Water_Temperature]]
2025-10-15 19:26:51.227,63.806,63rd_WaterTempDrop_85,atomic,[63rd_WaterTempDrop_85],[1.0000],1,1,1.0000,[[63rdStreetBeach201506290500_Water_Temperature]]
2025-10-15 19:26:51.287,63.866,Montrose_WaterTempDrop_85,atomic,[Montrose_WaterTempDrop_85],[1.0000],1,1,1.0000,[[MontroseBeach201506290600_Water_Temperature]]
2025-10-15 19:26:51.288,63.867,Calumet_WaterTempDrop_85,atomic,[Calumet_WaterTempDrop_85],[1.0000],1,1,1.0000,[[CalumetBeach201506290600_Water_Temperature]]
2025-10-15 19:26:51.289,63.868,63rd_WaterTempDrop_85,atomic,[63rd_WaterTempDrop_85],[1.0000],1,1,1.0000,[[63rdStreetBeach201506290600_Water_Temperature]]
2025-10-15 19:26:51.349,63.928,Calumet_WaterTempDrop_85,atomic,[Calumet_WaterTempDrop_85],[1.0000],1,1,1.0000,[[CalumetBeach201506290700_Water_Temperature]]
2025-10-15 19:26:51.351,63.930,63rd_WaterTempDrop_85,atomic,[63rd_WaterTempDrop_85],[1.0000],1,1,1.0000,[[63rdStreetBeach201506290700_Water_Temperature]]
2025-10-15 19:26:51.351,63.930,Montrose_WaterTempDrop_85,atomic,[Montrose_WaterTempDrop_85],[1.0000],1,1,1.0000,[[MontroseBeach201506290700_Water_Temperature]]
2025-10-15 19:26:51.412,63.991,63rd_WaterTempDrop_85,atomic,[63rd_WaterTempDrop_85],[1.0000],1,1,1.0000,[[63rdStreetBeach201506290800_Water_Temperature]]
2025-10-15 19:26:51.414,63.993,Montrose_WaterTempDrop_85,atomic,[Montrose_WaterTempDrop_85],[1.0000],1,1,1.0000,[[MontroseBeach201506290800_Water_Temperature]]
2025-10-15 19:26:51.414,63.993,Calumet_WaterTempDrop_85,atomic,[Calumet_WaterTempDrop_85],[1.0000],1,1,1.0000,[[CalumetBeach201506290800_Water_Temperature]]
2025-10-15 19:26:51.473,64.052,Montrose_WaterTempDrop_85,atomic,[Montrose_WaterTempDrop_85],[0.9707],1,1,0.9707,[[MontroseBeach201506290900_Water_Temperature]]
2025-10-15 19:26:51.476,64.055,63rd_WaterTempDrop_85,atomic,[63rd_WaterTempDrop_85],[1.0000],1,1,1.0000,[[63rdStreetBeach201506290900_Water_Temperature]]
2025-10-15 19:26:51.477,64.056,Calumet_WaterTempDrop_85,atomic,[Calumet_WaterTempDrop_85],[1.0000],1,1,1.0000,[[CalumetBeach201506290900_Water_Temperature]]
2025-10-15 19:26:51.536,64.115,Montrose_WaterTempDrop_85,atomic,[Montrose_WaterTempDrop_85],[0.9670],1,1,0.9670,[[MontroseBeach201506291000_Water_Temperature]]
2025-10-15 19:26:51.537,64.116,Calumet_WaterTempDrop_85,atomic,[Calumet_WaterTempDrop_85],[0.9654],1,1,0.9654,[[CalumetBeach201506291000_Water_Temperature]]
2025-10-15 19:26:51.540,64.119,63rd_WaterTempDrop_85,atomic,[63rd_WaterTempDrop_85],[1.0000],1,1,1.0000,[[63rdStreetBeach201506291000_Water_Temperature]]
2025-10-15 19:26:51.600,64.179,Montrose_WaterTempDrop_85,atomic,[Montrose_WaterTempDrop_85],[1.0000],1,1,1.0000,[[MontroseBeach201506291100_Water_Temperature]]
2025-10-15 19:26:51.601,64.180,Calumet_WaterTempDrop_85,atomic,[Calumet_WaterTempDrop_85],[1.0000],1,1,1.0000,[[CalumetBeach201506291100_Water_Temperature]]
2025-10-15 19:26:51.602,64.181,63rd_WaterTempDrop_85,atomic,[63rd_WaterTempDrop_85],[1.0000],1,1,1.0000,[[63rdStreetBeach201506291100_Water_Temperature]]
2025-10-15 19:26:51.660,64.239,63rd_WaterTempDrop_85,atomic,[63rd_WaterTempDrop_85],[0.9729],1,1,0.9729,[[63rdStreetBeach201506291200_Water_Temperature]]
2025-10-15 19:26:51.661,64.240,Montrose_WaterTempDrop_85,atomic,[Montrose_WaterTempDrop_85],[1.0000],1,1,1.0000,[[MontroseBeach201506291200_Water_Temperature]]
2025-10-15 19:26:51.663,64.242,Calumet_WaterTempDrop_85,atomic,[Calumet_WaterTempDrop_85],[1.0000],1,1,1.0000,[[CalumetBeach201506291200_Water_Temperature]]
2025-10-15 19:26:51.727,64.306,Montrose_WaterTempDrop_85,atomic,[Montrose_WaterTempDrop_85],[0.9663],1,1,0.9663,[[MontroseBeach201506291300_Water_Temperature]]
2025-10-15 19:26:51.727,64.306,63rd_WaterTempDrop_85,atomic,[63rd_WaterTempDrop_85],[1.0000],1,1,1.0000,[[63rdStreetBeach201506291300_Water_Temperature]]
2025-10-15 19:26:51.730,64.309,Calumet_WaterTempDrop_85,atomic,[Calumet_WaterTempDrop_85],[1.0000],1,1,1.0000,[[CalumetBeach201506291300_Water_Temperature]]
2025-10-15 19:26:51.786,64.365,Montrose_WaterTempDrop_85,atomic,[Montrose_WaterTempDrop_85],[1.0000],1,1,1.0000,[[MontroseBeach201506291400_Water_Temperature]]
2025-10-15 19:26:51.788,64.367,Calumet_WaterTempDrop_85,atomic,[Calumet_WaterTempDrop_85],[1.0000],1,1,1.0000,[[CalumetBeach201506291400_Water_Temperature]]
2025-10-15 19:26:51.788,64.367,63rd_WaterTempDrop_85,atomic,[63rd_WaterTempDrop_85],[1.0000],1,1,1.0000,[[63rdStreetBeach201506291400_Water_Temperature]]
2025-10-15 19:26:51.847,64.426,63rd_WaterTempDrop_85,atomic,[63rd_WaterTempDrop_85],[0.9705],1,1,0.9705,[[63rdStreetBeach201506291500_Water_Temperature]]
2025-10-15 19:26:51.851,64.430,Calumet_WaterTempDrop_85,atomic,[Calumet_WaterTempDrop_85],[1.0000],1,1,1.0000,[[CalumetBeach201506291500_Water_Temperature]]
2025-10-15 19:26:51.851,64.430,Montrose_WaterTempDrop_85,atomic,[Montrose_WaterTempDrop_85],[1.0000],1,1,1.0000,[[MontroseBeach201506291500_Water_Temperature]]
2025-10-15 19:26:51.912,64.491,63rd_WaterTempDrop_85,atomic,[63rd_WaterTempDrop_85],[1.0000],1,1,1.0000,[[63rdStreetBeach201506291600_Water_Temperature]]
2025-10-15 19:26:51.913,64.492,Montrose_WaterTempDrop_85,atomic,[Montrose_WaterTempDrop_85],[1.0000],1,1,1.0000,[[MontroseBeach201506291600_Water_Temperature]]
2025-10-15 19:26:51.914,64.493,Calumet_WaterTempDrop_85,atomic,[Calumet_WaterTempDrop_85],[1.0000],1,1,1.0000,[[CalumetBeach201506291600_Water_Temperature]]
2025-10-15 19:26:51.974,64.553,Calumet_WaterTempDrop_85,atomic,[Calumet_WaterTempDrop_85],[0.9702],1,1,0.9702,[[CalumetBeach201506291700_Water_Temperature]]
2025-10-15 19:26:51.974,64.553,63rd_WaterTempDrop_85,atomic,[63rd_WaterTempDrop_85],[1.0000],1,1,1.0000,[[63rdStreetBeach201506291700_Water_Temperature]]
2025-10-15 19:26:51.977,64.556,Montrose_WaterTempDrop_85,atomic,[Montrose_WaterTempDrop_85],[1.0000],1,1,1.0000,[[MontroseBeach201506291700_Water_Temperature]]
2025-10-15 19:26:52.034,64.613,63rd_WaterTempDrop_85,atomic,[63rd_WaterTempDrop_85],[1.0000],1,1,1.0000,[[63rdStreetBeach201506291800_Water_Temperature]]
2025-10-15 19:26:52.034,64.613,Montrose_WaterTempDrop_85,atomic,[Montrose_WaterTempDrop_85],[0.9683],1,1,0.9683,[[MontroseBeach201506291800_Water_Temperature]]
2025-10-15 19:26:52.037,64.616,Calumet_WaterTempDrop_85,atomic,[Calumet_WaterTempDrop_85],[1.0000],1,1,1.0000,[[CalumetBeach201506291800_Water_Temperature]]
2025-10-15 19:26:52.098,64.677,Montrose_WaterTempDrop_85,atomic,[Montrose_WaterTempDrop_85],[0.9643],1,1,0.9643,[[MontroseBeach201506291900_Water_Temperature]]
2025-10-15 19:26:52.099,64.678,63rd_WaterTempDrop_85,atomic,[63rd_WaterTempDrop_85],[0.9695],1,1,0.9695,[[63rdStreetBeach201506291900_Water_Temperature]]
2025-10-15 19:26:52.099,64.678,Calumet_WaterTempDrop_85,atomic,[Calumet_WaterTempDrop_85],[1.0000],1,1,1.0000,[[CalumetBeach201506291900_Water_Temperature]]
2025-10-15 19:26:52.161,64.740,Montrose_WaterTempDrop_85,atomic,[Montrose_WaterTempDrop_85],[1.0000],1,1,1.0000,[[MontroseBeach201506292000_Water_Temperature]]
2025-10-15 19:26:52.162,64.741,Calumet_WaterTempDrop_85,atomic,[Calumet_WaterTempDrop_85],[1.0000],1,1,1.0000,[[CalumetBeach201506292000_Water_Temperature]]
2025-10-15 19:26:52.163,64.742,63rd_WaterTempDrop_85,atomic,[63rd_WaterTempDrop_85],[1.0000],1,1,1.0000,[[63rdStreetBeach201506292000_Water_Temperature]]
2025-10-15 19:26:52.239,64.818,Calumet_WaterTempDrop_85,atomic,[Calumet_WaterTempDrop_85],[1.0000],1,1,1.0000,[[CalumetBeach201506292100_Water_Temperature]]
2025-10-15 19:26:52.239,64.818,Montrose_WaterTempDrop_85,atomic,[Montrose_WaterTempDrop_85],[1.0000],1,1,1.0000,[[MontroseBeach201506292100_Water_Temperature]]
2025-10-15 19:26:52.242,64.821,63rd_WaterTempDrop_85,atomic,[63rd_WaterTempDrop_85],[1.0000],1,1,1.0000,[[63rdStreetBeach201506292100_Water_Temperature]]
2025-10-15 19:26:52.286,64.865,Calumet_WaterTempDrop_85,atomic,[Calumet_WaterTempDrop_85],[0.9703],1,1,0.9703,[[CalumetBeach201506292200_Water_Temperature]]
2025-10-15 19:26:52.286,64.865,Montrose_WaterTempDrop_85,atomic,[Montrose_WaterTempDrop_85],[1.0000],1,1,1.0000,[[MontroseBeach201506292200_Water_Temperature]]
2025-10-15 19:26:52.289,64.868,63rd_WaterTempDrop_85,atomic,[63rd_WaterTempDrop_85],[1.0000],1,1,1.0000,[[63rdStreetBeach201506292200_Water_Temperature]]
2025-10-15 19:26:52.348,64.927,63rd_WaterTempDrop_85,atomic,[63rd_WaterTempDrop_85],[0.9690],1,1,0.9690,[[63rdStreetBeach201506292300_Water_Temperature]]
2025-10-15 19:26:52.350,64.929,Calumet_WaterTempDrop_85,atomic,[Calumet_WaterTempDrop_85],[1.0000],1,1,1.0000,[[CalumetBeach201506292300_Water_Temperature]]
2025-10-15 19:26:52.351,64.930,Montrose_WaterTempDrop_85,atomic,[Montrose_WaterTempDrop_85],[1.0000],1,1,1.0000,[[MontroseBeach201506292300_Water_Temperature]]
2025-10-15 19:26:52.409,64.988,63rd_WaterTempDrop_85,atomic,[63rd_WaterTempDrop_85],[0.9651],1,1,0.9651,[[63rdStreetBeach201506302400_Water_Temperature]]
2025-10-15 19:26:52.410,64.989,Calumet_WaterTempDrop_85,atomic,[Calumet_WaterTempDrop_85],[0.9678],1,1,0.9678,[[CalumetBeach201506302400_Water_Temperature]]
2025-10-15 19:26:52.411,64.990,Montrose_WaterTempDrop_85,atomic,[Montrose_WaterTempDrop_85],[1.0000],1,1,1.0000,[[MontroseBeach201506302400_Water_Temperature]]
2025-10-15 19:26:52.471,65.050,63rd_WaterTempDrop_85,atomic,[63rd_WaterTempDrop_85],[0.9608],1,1,0.9608,[[63rdStreetBeach201506300100_Water_Temperature]]
2025-10-15 19:26:52.474,65.053,Montrose_WaterTempDrop_85,atomic,[Montrose_WaterTempDrop_85],[1.0000],1,1,1.0000,[[MontroseBeach201506300100_Water_Temperature]]
2025-10-15 19:26:52.474,65.053,Calumet_WaterTempDrop_85,atomic,[Calumet_WaterTempDrop_85],[1.0000],1,1,1.0000,[[CalumetBeach201506300100_Water_Temperature]]
2025-10-15 19:26:52.534,65.113,63rd_WaterTempDrop_85,atomic,[63rd_WaterTempDrop_85],[0.9560],1,1,0.9560,[[63rdStreetBeach201506300200_Water_Temperature]]
2025-10-15 19:26:52.535,65.114,Montrose_WaterTempDrop_85,atomic,[Montrose_WaterTempDrop_85],[0.9694],1,1,0.9694,[[MontroseBeach201506300200_Water_Temperature]]
2025-10-15 19:26:52.537,65.116,Calumet_WaterTempDrop_85,atomic,[Calumet_WaterTempDrop_85],[1.0000],1,1,1.0000,[[CalumetBeach201506300200_Water_Temperature]]
2025-10-15 19:26:52.599,65.178,Calumet_WaterTempDrop_85,atomic,[Calumet_WaterTempDrop_85],[0.9669],1,1,0.9669,[[CalumetBeach201506300300_Water_Temperature]]
2025-10-15 19:26:52.600,65.179,63rd_WaterTempDrop_85,atomic,[63rd_WaterTempDrop_85],[1.0000],1,1,1.0000,[[63rdStreetBeach201506300300_Water_Temperature]]
2025-10-15 19:26:52.601,65.180,Montrose_WaterTempDrop_85,atomic,[Montrose_WaterTempDrop_85],[0.9656],1,1,0.9656,[[MontroseBeach201506300300_Water_Temperature]]
2025-10-15 19:26:52.659,65.238,Montrose_WaterTempDrop_85,atomic,[Montrose_WaterTempDrop_85],[0.9614],1,1,0.9614,[[MontroseBeach201506300400_Water_Temperature]]
2025-10-15 19:26:52.661,65.240,63rd_WaterTempDrop_85,atomic,[63rd_WaterTempDrop_85],[1.0000],1,1,1.0000,[[63rdStreetBeach201506300400_Water_Temperature]]
2025-10-15 19:26:52.721,65.300,Montrose_WaterTempDrop_85,atomic,[Montrose_WaterTempDrop_85],[0.9567],1,1,0.9567,[[MontroseBeach201506300500_Water_Temperature]]
2025-10-15 19:26:52.723,65.302,63rd_WaterTempDrop_85,atomic,[63rd_WaterTempDrop_85],[1.0000],1,1,1.0000,[[63rdStreetBeach201506300500_Water_Temperature]]
2025-10-15 19:26:52.784,65.363,Montrose_WaterTempDrop_85,atomic,[Montrose_WaterTempDrop_85],[0.9515],1,1,0.9515,[[MontroseBeach201506300600_Water_Temperature]]
2025-10-15 19:26:52.786,65.365,63rd_WaterTempDrop_85,atomic,[63rd_WaterTempDrop_85],[1.0000],1,1,1.0000,[[63rdStreetBeach201506300600_Water_Temperature]]
2025-10-15 19:26:52.847,65.426,Montrose_WaterTempDrop_85,atomic,[Montrose_WaterTempDrop_85],[0.9458],1,1,0.9458,[[MontroseBeach201506300700_Water_Temperature]]
2025-10-15 19:26:52.848,65.427,63rd_WaterTempDrop_85,atomic,[63rd_WaterTempDrop_85],[1.0000],1,1,1.0000,[[63rdStreetBeach201506300700_Water_Temperature]]
2025-10-15 19:26:52.924,65.503,Montrose_WaterTempDrop_85,atomic,[Montrose_WaterTempDrop_85],[1.0000],1,1,1.0000,[[MontroseBeach201506300800_Water_Temperature]]
2025-10-15 19:26:52.924,65.503,63rd_WaterTempDrop_85,atomic,[63rd_WaterTempDrop_85],[1.0000],1,1,1.0000,[[63rdStreetBeach201506300800_Water_Temperature]]
2025-10-15 19:26:52.973,65.552,63rd_WaterTempDrop_85,atomic,[63rd_WaterTempDrop_85],[0.9676],1,1,0.9676,[[63rdStreetBeach201506300900_Water_Temperature]]
2025-10-15 19:26:52.974,65.553,Montrose_WaterTempDrop_85,atomic,[Montrose_WaterTempDrop_85],[1.0000],1,1,1.0000,[[MontroseBeach201506300900_Water_Temperature]]
2025-10-15 19:26:53.034,65.613,Montrose_WaterTempDrop_85,atomic,[Montrose_WaterTempDrop_85],[1.0000],1,1,1.0000,[[MontroseBeach201506301000_Water_Temperature]]
2025-10-15 19:26:53.034,65.613,63rd_WaterTempDrop_85,atomic,[63rd_WaterTempDrop_85],[1.0000],1,1,1.0000,[[63rdStreetBeach201506301000_Water_Temperature]]
2025-10-15 19:26:53.096,65.675,Montrose_WaterTempDrop_85,atomic,[Montrose_WaterTempDrop_85],[0.9584],1,1,0.9584,[[MontroseBeach201506301100_Water_Temperature]]
2025-10-15 19:26:53.096,65.675,63rd_WaterTempDrop_85,atomic,[63rd_WaterTempDrop_85],[0.9656],1,1,0.9656,[[63rdStreetBeach201506301100_Water_Temperature]]
2025-10-15 19:26:53.157,65.736,63rd_WaterTempDrop_85,atomic,[63rd_WaterTempDrop_85],[1.0000],1,1,1.0000,[[63rdStreetBeach201506301200_Water_Temperature]]
2025-10-15 19:26:53.157,65.736,Montrose_WaterTempDrop_85,atomic,[Montrose_WaterTempDrop_85],[1.0000],1,1,1.0000,[[MontroseBeach201506301200_Water_Temperature]]
2025-10-15 19:26:53.221,65.800,Montrose_WaterTempDrop_85,atomic,[Montrose_WaterTempDrop_85],[1.0000],1,1,1.0000,[[MontroseBeach201506301300_Water_Temperature]]
2025-10-15 19:26:53.222,65.801,63rd_WaterTempDrop_85,atomic,[63rd_WaterTempDrop_85],[1.0000],1,1,1.0000,[[63rdStreetBeach201506301300_Water_Temperature]]
2025-10-15 19:26:53.282,65.861,Montrose_WaterTempDrop_85,atomic,[Montrose_WaterTempDrop_85],[0.9614],1,1,0.9614,[[MontroseBeach201506301400_Water_Temperature]]
2025-10-15 19:26:53.283,65.862,63rd_WaterTempDrop_85,atomic,[63rd_WaterTempDrop_85],[1.0000],1,1,1.0000,[[63rdStreetBeach201506301400_Water_Temperature]]
2025-10-15 19:26:53.346,65.925,63rd_WaterTempDrop_85,atomic,[63rd_WaterTempDrop_85],[0.9672],1,1,0.9672,[[63rdStreetBeach201506301500_Water_Temperature]]
2025-10-15 19:26:53.347,65.926,Montrose_WaterTempDrop_85,atomic,[Montrose_WaterTempDrop_85],[1.0000],1,1,1.0000,[[MontroseBeach201506301500_Water_Temperature]]
2025-10-15 19:26:53.409,65.988,63rd_WaterTempDrop_85,atomic,[63rd_WaterTempDrop_85],[0.9633],1,1,0.9633,[[63rdStreetBeach201506301600_Water_Temperature]]
2025-10-15 19:26:53.410,65.989,Montrose_WaterTempDrop_85,atomic,[Montrose_WaterTempDrop_85],[1.0000],1,1,1.0000,[[MontroseBeach201506301600_Water_Temperature]]
2025-10-15 19:26:53.473,66.052,Montrose_WaterTempDrop_85,atomic,[Montrose_WaterTempDrop_85],[1.0000],1,1,1.0000,[[MontroseBeach201506301700_Water_Temperature]]
2025-10-15 19:26:53.473,66.052,63rd_WaterTempDrop_85,atomic,[63rd_WaterTempDrop_85],[1.0000],1,1,1.0000,[[63rdStreetBeach201506301700_Water_Temperature]]
2025-10-15 19:26:53.532,66.111,Montrose_WaterTempDrop_85,atomic,[Montrose_WaterTempDrop_85],[0.9653],1,1,0.9653,[[MontroseBeach201506301800_Water_Temperature]]
2025-10-15 19:26:53.532,66.111,63rd_WaterTempDrop_85,atomic,[63rd_WaterTempDrop_85],[1.0000],1,1,1.0000,[[63rdStreetBeach201506301800_Water_Temperature]]
2025-10-15 19:26:53.611,66.190,Montrose_WaterTempDrop_85,atomic,[Montrose_WaterTempDrop_85],[1.0000],1,1,1.0000,[[MontroseBeach201506301900_Water_Temperature]]
2025-10-15 19:26:53.659,66.238,Montrose_WaterTempDrop_85,atomic,[Montrose_WaterTempDrop_85],[0.9638],1,1,0.9638,[[MontroseBeach201506302000_Water_Temperature]]
2025-10-15 19:26:53.660,66.239,63rd_WaterTempDrop_85,atomic,[63rd_WaterTempDrop_85],[1.0000],1,1,1.0000,[[63rdStreetBeach201506302000_Water_Temperature]]
2025-10-15 19:26:53.722,66.301,63rd_WaterTempDrop_85,atomic,[63rd_WaterTempDrop_85],[1.0000],1,1,1.0000,[[63rdStreetBeach201506302100_Water_Temperature]]
2025-10-15 19:26:53.722,66.301,Montrose_WaterTempDrop_85,atomic,[Montrose_WaterTempDrop_85],[1.0000],1,1,1.0000,[[MontroseBeach201506302100_Water_Temperature]]
2025-10-15 19:26:53.783,66.362,63rd_WaterTempDrop_85,atomic,[63rd_WaterTempDrop_85],[0.9674],1,1,0.9674,[[63rdStreetBeach201506302200_Water_Temperature]]
2025-10-15 19:26:53.784,66.363,Montrose_WaterTempDrop_85,atomic,[Montrose_WaterTempDrop_85],[1.0000],1,1,1.0000,[[MontroseBeach201506302200_Water_Temperature]]
2025-10-15 19:26:53.845,66.424,Montrose_WaterTempDrop_85,atomic,[Montrose_WaterTempDrop_85],[0.9646],1,1,0.9646,[[MontroseBeach201506302300_Water_Temperature]]
2025-10-15 19:26:53.845,66.424,63rd_WaterTempDrop_85,atomic,[63rd_WaterTempDrop_85],[1.0000],1,1,1.0000,[[63rdStreetBeach201506302300_Water_Temperature]]
2025-10-15 19:26:53.909,66.488,63rd_WaterTempDrop_85,atomic,[63rd_WaterTempDrop_85],[1.0000],1,1,1.0000,[[63rdStreetBeach201507012400_Water_Temperature]]
2025-10-15 19:26:53.909,66.488,Montrose_WaterTempDrop_85,atomic,[Montrose_WaterTempDrop_85],[1.0000],1,1,1.0000,[[MontroseBeach201507012400_Water_Temperature]]
2025-10-15 19:26:53.971,66.550,Montrose_HighWave_85,atomic,[Montrose_HighWave_85],[0.8642],1,1,0.8642,[[MontroseBeach201507010100_Wave_Height]]
2025-10-15 19:26:53.971,66.550,Montrose_WaterTempDrop_85,atomic,[Montrose_WaterTempDrop_85],[1.0000],1,1,1.0000,[[MontroseBeach201507010100_Water_Temperature]]
2025-10-15 19:26:53.971,66.550,63rd_WaterTempDrop_85,atomic,[63rd_WaterTempDrop_85],[1.0000],1,1,1.0000,[[63rdStreetBeach201507010100_Water_Temperature]]
2025-10-15 19:26:54.033,66.612,63rd_WaterTempDrop_85,atomic,[63rd_WaterTempDrop_85],[0.9682],1,1,0.9682,[[63rdStreetBeach201507010200_Water_Temperature]]
2025-10-15 19:26:54.033,66.612,Montrose_WaterTempDrop_85,atomic,[Montrose_WaterTempDrop_85],[0.9652],1,1,0.9652,[[MontroseBeach201507010200_Water_Temperature]]
2025-10-15 19:26:54.095,66.674,63rd_WaterTempDrop_85,atomic,[63rd_WaterTempDrop_85],[0.9643],1,1,0.9643,[[63rdStreetBeach201507010300_Water_Temperature]]
2025-10-15 19:26:54.096,66.675,Montrose_WaterTempDrop_85,atomic,[Montrose_WaterTempDrop_85],[1.0000],1,1,1.0000,[[MontroseBeach201507010300_Water_Temperature]]
2025-10-15 19:26:54.098,66.677,Montrose_HighWave_85,atomic,[Montrose_HighWave_85],[1.0000],1,1,1.0000,[[MontroseBeach201507010300_Wave_Height]]
2025-10-15 19:26:54.159,66.738,Montrose_WaterTempDrop_85,atomic,[Montrose_WaterTempDrop_85],[1.0000],1,1,1.0000,[[MontroseBeach201507010400_Water_Temperature]]
2025-10-15 19:26:54.159,66.738,Montrose_HighWave_85,atomic,[Montrose_HighWave_85],[1.0000],1,1,1.0000,[[MontroseBeach201507010400_Wave_Height]]
2025-10-15 19:26:54.159,66.738,63rd_WaterTempDrop_85,atomic,[63rd_WaterTempDrop_85],[1.0000],1,1,1.0000,[[63rdStreetBeach201507010400_Water_Temperature]]
2025-10-15 19:26:54.222,66.801,Montrose_HighWave_85,atomic,[Montrose_HighWave_85],[0.8625],1,1,0.8625,[[MontroseBeach201507010500_Wave_Height]]
2025-10-15 19:26:54.222,66.801,Montrose_WaterTempDrop_85,atomic,[Montrose_WaterTempDrop_85],[1.0000],1,1,1.0000,[[MontroseBeach201507010500_Water_Temperature]]
2025-10-15 19:26:54.223,66.802,63rd_WaterTempDrop_85,atomic,[63rd_WaterTempDrop_85],[1.0000],1,1,1.0000,[[63rdStreetBeach201507010500_Water_Temperature]]
2025-10-15 19:26:54.283,66.862,63rd_WaterTempDrop_85,atomic,[63rd_WaterTempDrop_85],[1.0000],1,1,1.0000,[[63rdStreetBeach201507010600_Water_Temperature]]
2025-10-15 19:26:54.285,66.864,Montrose_WaterTempDrop_85,atomic,[Montrose_WaterTempDrop_85],[1.0000],1,1,1.0000,[[MontroseBeach201507010600_Water_Temperature]]
2025-10-15 19:26:54.285,66.864,Montrose_HighWave_85,atomic,[Montrose_HighWave_85],[1.0000],1,1,1.0000,[[MontroseBeach201507010600_Wave_Height]]
2025-10-15 19:26:54.345,66.924,Montrose_WaterTempDrop_85,atomic,[Montrose_WaterTempDrop_85],[1.0000],1,1,1.0000,[[MontroseBeach201507010700_Water_Temperature]]
2025-10-15 19:26:54.345,66.924,Montrose_HighWave_85,atomic,[Montrose_HighWave_85],[1.0000],1,1,1.0000,[[MontroseBeach201507010700_Wave_Height]]
2025-10-15 19:26:54.408,66.987,63rd_WaterTempDrop_85,atomic,[63rd_WaterTempDrop_85],[1.0000],1,1,1.0000,[[63rdStreetBeach201507010800_Water_Temperature]]
2025-10-15 19:26:54.408,66.987,Montrose_HighWave_85,atomic,[Montrose_HighWave_85],[0.8723],1,1,0.8723,[[MontroseBeach201507010800_Wave_Height]]
2025-10-15 19:26:54.409,66.988,Montrose_WaterTempDrop_85,atomic,[Montrose_WaterTempDrop_85],[1.0000],1,1,1.0000,[[MontroseBeach201507010800_Water_Temperature]]
2025-10-15 19:26:54.469,67.048,63rd_WaterTempDrop_85,atomic,[63rd_WaterTempDrop_85],[0.9677],1,1,0.9677,[[63rdStreetBeach201507010900_Water_Temperature]]
2025-10-15 19:26:54.469,67.048,Montrose_WaterTempDrop_85,atomic,[Montrose_WaterTempDrop_85],[1.0000],1,1,1.0000,[[MontroseBeach201507010900_Water_Temperature]]
2025-10-15 19:26:54.532,67.111,Montrose_WaterTempDrop_85,atomic,[Montrose_WaterTempDrop_85],[1.0000],1,1,1.0000,[[MontroseBeach201507011000_Water_Temperature]]
2025-10-15 19:26:54.595,67.174,Montrose_WaterTempDrop_85,atomic,[Montrose_WaterTempDrop_85],[0.9712],1,1,0.9712,[[MontroseBeach201507011100_Water_Temperature]]
2025-10-15 19:26:54.596,67.175,Montrose_HighWave_85,atomic,[Montrose_HighWave_85],[1.0000],1,1,1.0000,[[MontroseBeach201507011100_Wave_Height]]
2025-10-15 19:26:54.596,67.175,63rd_WaterTempDrop_85,atomic,[63rd_WaterTempDrop_85],[1.0000],1,1,1.0000,[[63rdStreetBeach201507011100_Water_Temperature]]
2025-10-15 19:26:54.657,67.236,Montrose_WaterTempDrop_85,atomic,[Montrose_WaterTempDrop_85],[0.9675],1,1,0.9675,[[MontroseBeach201507011200_Water_Temperature]]
2025-10-15 19:26:54.657,67.236,Calumet_WaterTempDrop_85,atomic,[Calumet_WaterTempDrop_85],[1.0000],1,1,1.0000,[[CalumetBeach201507011200_Water_Temperature]]
2025-10-15 19:26:54.721,67.300,63rd_WaterTempDrop_85,atomic,[63rd_WaterTempDrop_85],[0.9656],1,1,0.9656,[[63rdStreetBeach201507011300_Water_Temperature]]
2025-10-15 19:26:54.721,67.300,Montrose_WaterTempDrop_85,atomic,[Montrose_WaterTempDrop_85],[0.9635],1,1,0.9635,[[MontroseBeach201507011300_Water_Temperature]]
2025-10-15 19:26:54.721,67.300,Calumet_WaterTempDrop_85,atomic,[Calumet_WaterTempDrop_85],[1.0000],1,1,1.0000,[[CalumetBeach201507011300_Water_Temperature]]
2025-10-15 19:26:54.781,67.360,63rd_WaterTempDrop_85,atomic,[63rd_WaterTempDrop_85],[0.9614],1,1,0.9614,[[63rdStreetBeach201507011400_Water_Temperature]]
2025-10-15 19:26:54.783,67.362,Calumet_WaterTempDrop_85,atomic,[Calumet_WaterTempDrop_85],[0.9663],1,1,0.9663,[[CalumetBeach201507011400_Water_Temperature]]
2025-10-15 19:26:54.784,67.363,Montrose_WaterTempDrop_85,atomic,[Montrose_WaterTempDrop_85],[1.0000],1,1,1.0000,[[MontroseBeach201507011400_Water_Temperature]]
2025-10-15 19:26:54.845,67.424,63rd_WaterTempDrop_85,atomic,[63rd_WaterTempDrop_85],[1.0000],1,1,1.0000,[[63rdStreetBeach201507011500_Water_Temperature]]
2025-10-15 19:26:54.850,67.429,Calumet_WaterTempDrop_85,atomic,[Calumet_WaterTempDrop_85],[1.0000],1,1,1.0000,[[CalumetBeach201507011500_Water_Temperature]]
2025-10-15 19:26:54.850,67.429,Montrose_WaterTempDrop_85,atomic,[Montrose_WaterTempDrop_85],[1.0000],1,1,1.0000,[[MontroseBeach201507011500_Water_Temperature]]
2025-10-15 19:26:54.905,67.484,Calumet_WaterTempDrop_85,atomic,[Calumet_WaterTempDrop_85],[0.9642],1,1,0.9642,[[CalumetBeach201507011600_Water_Temperature]]
2025-10-15 19:26:54.907,67.486,63rd_WaterTempDrop_85,atomic,[63rd_WaterTempDrop_85],[0.9602],1,1,0.9602,[[63rdStreetBeach201507011600_Water_Temperature]]
2025-10-15 19:26:54.907,67.486,Montrose_WaterTempDrop_85,atomic,[Montrose_WaterTempDrop_85],[1.0000],1,1,1.0000,[[MontroseBeach201507011600_Water_Temperature]]
2025-10-15 19:26:54.969,67.548,63rd_WaterTempDrop_85,atomic,[63rd_WaterTempDrop_85],[1.0000],1,1,1.0000,[[63rdStreetBeach201507011700_Water_Temperature]]
2025-10-15 19:26:54.971,67.550,Calumet_WaterTempDrop_85,atomic,[Calumet_WaterTempDrop_85],[1.0000],1,1,1.0000,[[CalumetBeach201507011700_Water_Temperature]]
2025-10-15 19:26:54.971,67.550,Montrose_WaterTempDrop_85,atomic,[Montrose_WaterTempDrop_85],[1.0000],1,1,1.0000,[[MontroseBeach201507011700_Water_Temperature]]
2025-10-15 19:26:55.030,67.609,Calumet_WaterTempDrop_85,atomic,[Calumet_WaterTempDrop_85],[0.9625],1,1,0.9625,[[CalumetBeach201507011800_Water_Temperature]]
2025-10-15 19:26:55.033,67.612,63rd_WaterTempDrop_85,atomic,[63rd_WaterTempDrop_85],[1.0000],1,1,1.0000,[[63rdStreetBeach201507011800_Water_Temperature]]
2025-10-15 19:26:55.034,67.613,Montrose_WaterTempDrop_85,atomic,[Montrose_WaterTempDrop_85],[1.0000],1,1,1.0000,[[MontroseBeach201507011800_Water_Temperature]]
2025-10-15 19:26:55.094,67.673,Calumet_WaterTempDrop_85,atomic,[Calumet_WaterTempDrop_85],[0.9579],1,1,0.9579,[[CalumetBeach201507011900_Water_Temperature]]
2025-10-15 19:26:55.094,67.673,Montrose_WaterTempDrop_85,atomic,[Montrose_WaterTempDrop_85],[0.9682],1,1,0.9682,[[MontroseBeach201507011900_Water_Temperature]]
2025-10-15 19:26:55.097,67.676,63rd_WaterTempDrop_85,atomic,[63rd_WaterTempDrop_85],[1.0000],1,1,1.0000,[[63rdStreetBeach201507011900_Water_Temperature]]
2025-10-15 19:26:55.156,67.735,63rd_WaterTempDrop_85,atomic,[63rd_WaterTempDrop_85],[0.9644],1,1,0.9644,[[63rdStreetBeach201507012000_Water_Temperature]]
2025-10-15 19:26:55.157,67.736,Montrose_WaterTempDrop_85,atomic,[Montrose_WaterTempDrop_85],[0.9642],1,1,0.9642,[[MontroseBeach201507012000_Water_Temperature]]
2025-10-15 19:26:55.157,67.736,Calumet_WaterTempDrop_85,atomic,[Calumet_WaterTempDrop_85],[1.0000],1,1,1.0000,[[CalumetBeach201507012000_Water_Temperature]]
2025-10-15 19:26:55.219,67.798,Montrose_WaterTempDrop_85,atomic,[Montrose_WaterTempDrop_85],[0.9598],1,1,0.9598,[[MontroseBeach201507021400_Water_Temperature]]
2025-10-15 19:26:55.220,67.799,Montrose_HighWave_85,atomic,[Montrose_HighWave_85],[1.0000],1,1,1.0000,[[MontroseBeach201507021400_Wave_Height]]
2025-10-15 19:26:55.222,67.801,Calumet_WaterTempDrop_85,atomic,[Calumet_WaterTempDrop_85],[1.0000],1,1,1.0000,[[CalumetBeach201507021400_Water_Temperature]]
2025-10-15 19:26:55.222,67.801,63rd_WaterTempDrop_85,atomic,[63rd_WaterTempDrop_85],[1.0000],1,1,1.0000,[[63rdStreetBeach201507021400_Water_Temperature]]
2025-10-15 19:26:55.279,67.858,63rd_HighWave_85,atomic,[63rd_HighWave_85],[0.8675],1,1,0.8675,[[63rdStreetBeach201507021500_Wave_Height]]
2025-10-15 19:26:55.282,67.861,63rd_WaterTempDrop_85,atomic,[63rd_WaterTempDrop_85],[1.0000],1,1,1.0000,[[63rdStreetBeach201507021500_Water_Temperature]]
2025-10-15 19:26:55.282,67.861,Calumet_WaterTempDrop_85,atomic,[Calumet_WaterTempDrop_85],[0.9607],1,1,0.9607,[[CalumetBeach201507021500_Water_Temperature]]
2025-10-15 19:26:55.283,67.862,Montrose_WaterTempDrop_85,atomic,[Montrose_WaterTempDrop_85],[1.0000],1,1,1.0000,[[MontroseBeach201507021500_Water_Temperature]]
2025-10-15 19:26:55.345,67.924,Montrose_WaterTempDrop_85,atomic,[Montrose_WaterTempDrop_85],[0.9588],1,1,0.9588,[[MontroseBeach201507021600_Water_Temperature]]
2025-10-15 19:26:55.345,67.924,Calumet_WaterTempDrop_85,atomic,[Calumet_WaterTempDrop_85],[1.0000],1,1,1.0000,[[CalumetBeach201507021600_Water_Temperature]]
2025-10-15 19:26:55.408,67.987,Montrose_WaterTempDrop_85,atomic,[Montrose_WaterTempDrop_85],[0.9538],1,1,0.9538,[[MontroseBeach201507021700_Water_Temperature]]
2025-10-15 19:26:55.410,67.989,Calumet_WaterTempDrop_85,atomic,[Calumet_WaterTempDrop_85],[1.0000],1,1,1.0000,[[CalumetBeach201507021700_Water_Temperature]]
2025-10-15 19:26:55.411,67.990,63rd_WaterTempDrop_85,atomic,[63rd_WaterTempDrop_85],[1.0000],1,1,1.0000,[[63rdStreetBeach201507021700_Water_Temperature]]
2025-10-15 19:26:55.469,68.048,Calumet_WaterTempDrop_85,atomic,[Calumet_WaterTempDrop_85],[0.9625],1,1,0.9625,[[CalumetBeach201507021800_Water_Temperature]]
2025-10-15 19:26:55.471,68.050,63rd_WaterTempDrop_85,atomic,[63rd_WaterTempDrop_85],[1.0000],1,1,1.0000,[[63rdStreetBeach201507021800_Water_Temperature]]
2025-10-15 19:26:55.471,68.050,Montrose_WaterTempDrop_85,atomic,[Montrose_WaterTempDrop_85],[1.0000],1,1,1.0000,[[MontroseBeach201507021800_Water_Temperature]]
2025-10-15 19:26:55.530,68.109,Calumet_WaterTempDrop_85,atomic,[Calumet_WaterTempDrop_85],[0.9581],1,1,0.9581,[[CalumetBeach201507021900_Water_Temperature]]
2025-10-15 19:26:55.533,68.112,63rd_WaterTempDrop_85,atomic,[63rd_WaterTempDrop_85],[1.0000],1,1,1.0000,[[63rdStreetBeach201507021900_Water_Temperature]]
2025-10-15 19:26:55.533,68.112,Montrose_WaterTempDrop_85,atomic,[Montrose_WaterTempDrop_85],[1.0000],1,1,1.0000,[[MontroseBeach201507021900_Water_Temperature]]
2025-10-15 19:26:55.595,68.174,Montrose_WaterTempDrop_85,atomic,[Montrose_WaterTempDrop_85],[0.9583],1,1,0.9583,[[MontroseBeach201507022000_Water_Temperature]]
2025-10-15 19:26:55.596,68.175,Calumet_WaterTempDrop_85,atomic,[Calumet_WaterTempDrop_85],[1.0000],1,1,1.0000,[[CalumetBeach201507022000_Water_Temperature]]
2025-10-15 19:26:55.596,68.175,63rd_WaterTempDrop_85,atomic,[63rd_WaterTempDrop_85],[1.0000],1,1,1.0000,[[63rdStreetBeach201507022000_Water_Temperature]]
2025-10-15 19:26:55.596,68.175,Montrose_HighWave_85,atomic,[Montrose_HighWave_85],[1.0000],1,1,1.0000,[[MontroseBeach201507022000_Wave_Height]]
2025-10-15 19:26:55.656,68.235,Calumet_WaterTempDrop_85,atomic,[Calumet_WaterTempDrop_85],[1.0000],1,1,1.0000,[[CalumetBeach201507022100_Water_Temperature]]
2025-10-15 19:26:55.657,68.236,Montrose_WaterTempDrop_85,atomic,[Montrose_WaterTempDrop_85],[1.0000],1,1,1.0000,[[MontroseBeach201507022100_Water_Temperature]]
2025-10-15 19:26:55.657,68.236,Montrose_HighWave_85,atomic,[Montrose_HighWave_85],[1.0000],1,1,1.0000,[[MontroseBeach201507022100_Wave_Height]]
2025-10-15 19:26:55.720,68.299,Montrose_WaterTempDrop_85,atomic,[Montrose_WaterTempDrop_85],[0.9579],1,1,0.9579,[[MontroseBeach201507022200_Water_Temperature]]
2025-10-15 19:26:55.720,68.299,Calumet_WaterTempDrop_85,atomic,[Calumet_WaterTempDrop_85],[1.0000],1,1,1.0000,[[CalumetBeach201507022200_Water_Temperature]]
2025-10-15 19:26:55.721,68.300,Montrose_HighWave_85,atomic,[Montrose_HighWave_85],[1.0000],1,1,1.0000,[[MontroseBeach201507022200_Wave_Height]]
2025-10-15 19:26:55.782,68.361,Montrose_HighWave_85,atomic,[Montrose_HighWave_85],[0.8578],1,1,0.8578,[[MontroseBeach201507022300_Wave_Height]]
2025-10-15 19:26:55.783,68.362,Montrose_WaterTempDrop_85,atomic,[Montrose_WaterTempDrop_85],[1.0000],1,1,1.0000,[[MontroseBeach201507022300_Water_Temperature]]
2025-10-15 19:26:55.784,68.363,63rd_WaterTempDrop_85,atomic,[63rd_WaterTempDrop_85],[1.0000],1,1,1.0000,[[63rdStreetBeach201507022300_Water_Temperature]]
2025-10-15 19:26:55.784,68.363,63rd_HighWave_85,atomic,[63rd_HighWave_85],[1.0000],1,1,1.0000,[[63rdStreetBeach201507022300_Wave_Height]]
2025-10-15 19:26:55.786,68.365,Calumet_WaterTempDrop_85,atomic,[Calumet_WaterTempDrop_85],[1.0000],1,1,1.0000,[[CalumetBeach201507022300_Water_Temperature]]
2025-10-15 19:26:55.844,68.423,Calumet_WaterTempDrop_85,atomic,[Calumet_WaterTempDrop_85],[1.0000],1,1,1.0000,[[CalumetBeach201507032400_Water_Temperature]]
2025-10-15 19:26:55.845,68.424,Montrose_WaterTempDrop_85,atomic,[Montrose_WaterTempDrop_85],[1.0000],1,1,1.0000,[[MontroseBeach201507032400_Water_Temperature]]
2025-10-15 19:26:55.909,68.488,63rd_WaterTempDrop_85,atomic,[63rd_WaterTempDrop_85],[1.0000],1,1,1.0000,[[63rdStreetBeach201507030100_Water_Temperature]]
2025-10-15 19:26:55.910,68.489,Calumet_WaterTempDrop_85,atomic,[Calumet_WaterTempDrop_85],[1.0000],1,1,1.0000,[[CalumetBeach201507030100_Water_Temperature]]
2025-10-15 19:26:55.912,68.491,Montrose_WaterTempDrop_85,atomic,[Montrose_WaterTempDrop_85],[1.0000],1,1,1.0000,[[MontroseBeach201507030100_Water_Temperature]]
2025-10-15 19:26:55.912,68.491,Montrose_HighWave_85,atomic,[Montrose_HighWave_85],[1.0000],1,1,1.0000,[[MontroseBeach201507030100_Wave_Height]]
2025-10-15 19:26:55.969,68.548,Montrose_WaterTempDrop_85,atomic,[Montrose_WaterTempDrop_85],[0.9635],1,1,0.9635,[[MontroseBeach201507030200_Water_Temperature]]
2025-10-15 19:26:55.969,68.548,Calumet_WaterTempDrop_85,atomic,[Calumet_WaterTempDrop_85],[1.0000],1,1,1.0000,[[CalumetBeach201507030200_Water_Temperature]]
2025-10-15 19:26:55.972,68.551,63rd_WaterTempDrop_85,atomic,[63rd_WaterTempDrop_85],[1.0000],1,1,1.0000,[[63rdStreetBeach201507030200_Water_Temperature]]
2025-10-15 19:26:56.031,68.610,Montrose_WaterTempDrop_85,atomic,[Montrose_WaterTempDrop_85],[0.9593],1,1,0.9593,[[MontroseBeach201507030300_Water_Temperature]]
2025-10-15 19:26:56.031,68.610,Calumet_WaterTempDrop_85,atomic,[Calumet_WaterTempDrop_85],[0.9694],1,1,0.9694,[[CalumetBeach201507030300_Water_Temperature]]
2025-10-15 19:26:56.034,68.613,63rd_WaterTempDrop_85,atomic,[63rd_WaterTempDrop_85],[1.0000],1,1,1.0000,[[63rdStreetBeach201507030300_Water_Temperature]]
2025-10-15 19:26:56.094,68.673,Calumet_WaterTempDrop_85,atomic,[Calumet_WaterTempDrop_85],[0.9657],1,1,0.9657,[[CalumetBeach201507030400_Water_Temperature]]
2025-10-15 19:26:56.097,68.676,63rd_WaterTempDrop_85,atomic,[63rd_WaterTempDrop_85],[1.0000],1,1,1.0000,[[63rdStreetBeach201507030400_Water_Temperature]]
2025-10-15 19:26:56.098,68.677,Montrose_WaterTempDrop_85,atomic,[Montrose_WaterTempDrop_85],[1.0000],1,1,1.0000,[[MontroseBeach201507030400_Water_Temperature]]
2025-10-15 19:26:56.157,68.736,Calumet_WaterTempDrop_85,atomic,[Calumet_WaterTempDrop_85],[1.0000],1,1,1.0000,[[CalumetBeach201507030500_Water_Temperature]]
2025-10-15 19:26:56.158,68.737,Montrose_WaterTempDrop_85,atomic,[Montrose_WaterTempDrop_85],[1.0000],1,1,1.0000,[[MontroseBeach201507030500_Water_Temperature]]
2025-10-15 19:26:56.158,68.737,63rd_WaterTempDrop_85,atomic,[63rd_WaterTempDrop_85],[1.0000],1,1,1.0000,[[63rdStreetBeach201507030500_Water_Temperature]]
2025-10-15 19:26:56.220,68.799,Calumet_WaterTempDrop_85,atomic,[Calumet_WaterTempDrop_85],[1.0000],1,1,1.0000,[[CalumetBeach201507030600_Water_Temperature]]
2025-10-15 19:26:56.220,68.799,Montrose_WaterTempDrop_85,atomic,[Montrose_WaterTempDrop_85],[0.9619],1,1,0.9619,[[MontroseBeach201507030600_Water_Temperature]]
2025-10-15 19:26:56.279,68.858,Calumet_WaterTempDrop_85,atomic,[Calumet_WaterTempDrop_85],[0.9657],1,1,0.9657,[[CalumetBeach201507030700_Water_Temperature]]
2025-10-15 19:26:56.282,68.861,Montrose_WaterTempDrop_85,atomic,[Montrose_WaterTempDrop_85],[0.9575],1,1,0.9575,[[MontroseBeach201507030700_Water_Temperature]]
2025-10-15 19:26:56.284,68.863,63rd_WaterTempDrop_85,atomic,[63rd_WaterTempDrop_85],[1.0000],1,1,1.0000,[[63rdStreetBeach201507030700_Water_Temperature]]
2025-10-15 19:26:56.344,68.923,63rd_WaterTempDrop_85,atomic,[63rd_WaterTempDrop_85],[0.9727],1,1,0.9727,[[63rdStreetBeach201507030800_Water_Temperature]]
2025-10-15 19:26:56.344,68.923,Montrose_WaterTempDrop_85,atomic,[Montrose_WaterTempDrop_85],[1.0000],1,1,1.0000,[[MontroseBeach201507030800_Water_Temperature]]
2025-10-15 19:26:56.347,68.926,Calumet_WaterTempDrop_85,atomic,[Calumet_WaterTempDrop_85],[1.0000],1,1,1.0000,[[CalumetBeach201507030800_Water_Temperature]]
2025-10-15 19:26:56.408,68.987,63rd_WaterTempDrop_85,atomic,[63rd_WaterTempDrop_85],[1.0000],1,1,1.0000,[[63rdStreetBeach201507030900_Water_Temperature]]
2025-10-15 19:26:56.409,68.988,Calumet_WaterTempDrop_85,atomic,[Calumet_WaterTempDrop_85],[1.0000],1,1,1.0000,[[CalumetBeach201507030900_Water_Temperature]]
2025-10-15 19:26:56.409,68.988,Montrose_WaterTempDrop_85,atomic,[Montrose_WaterTempDrop_85],[1.0000],1,1,1.0000,[[MontroseBeach201507030900_Water_Temperature]]
2025-10-15 19:26:56.467,69.046,Montrose_WaterTempDrop_85,atomic,[Montrose_WaterTempDrop_85],[0.9608],1,1,0.9608,[[MontroseBeach201507031000_Water_Temperature]]
2025-10-15 19:26:56.468,69.047,Calumet_WaterTempDrop_85,atomic,[Calumet_WaterTempDrop_85],[1.0000],1,1,1.0000,[[CalumetBeach201507031000_Water_Temperature]]
2025-10-15 19:26:56.533,69.112,63rd_WaterTempDrop_85,atomic,[63rd_WaterTempDrop_85],[1.0000],1,1,1.0000,[[63rdStreetBeach201507031100_Water_Temperature]]
2025-10-15 19:26:56.534,69.113,Montrose_WaterTempDrop_85,atomic,[Montrose_WaterTempDrop_85],[1.0000],1,1,1.0000,[[MontroseBeach201507031100_Water_Temperature]]
2025-10-15 19:26:56.535,69.114,Calumet_WaterTempDrop_85,atomic,[Calumet_WaterTempDrop_85],[1.0000],1,1,1.0000,[[CalumetBeach201507031100_Water_Temperature]]
2025-10-15 19:26:56.596,69.175,Calumet_WaterTempDrop_85,atomic,[Calumet_WaterTempDrop_85],[0.9683],1,1,0.9683,[[CalumetBeach201507031200_Water_Temperature]]
2025-10-15 19:26:56.597,69.176,63rd_WaterTempDrop_85,atomic,[63rd_WaterTempDrop_85],[1.0000],1,1,1.0000,[[63rdStreetBeach201507031200_Water_Temperature]]
2025-10-15 19:26:56.598,69.177,Montrose_WaterTempDrop_85,atomic,[Montrose_WaterTempDrop_85],[1.0000],1,1,1.0000,[[MontroseBeach201507031200_Water_Temperature]]
2025-10-15 19:26:56.659,69.238,63rd_WaterTempDrop_85,atomic,[63rd_WaterTempDrop_85],[0.9708],1,1,0.9708,[[63rdStreetBeach201507031300_Water_Temperature]]
2025-10-15 19:26:56.660,69.239,Calumet_WaterTempDrop_85,atomic,[Calumet_WaterTempDrop_85],[1.0000],1,1,1.0000,[[CalumetBeach201507031300_Water_Temperature]]
2025-10-15 19:26:56.661,69.240,Montrose_WaterTempDrop_85,atomic,[Montrose_WaterTempDrop_85],[1.0000],1,1,1.0000,[[MontroseBeach201507031300_Water_Temperature]]
2025-10-15 19:26:56.721,69.300,Montrose_WaterTempDrop_85,atomic,[Montrose_WaterTempDrop_85],[0.9650],1,1,0.9650,[[MontroseBeach201507031400_Water_Temperature]]
2025-10-15 19:26:56.722,69.301,Calumet_WaterTempDrop_85,atomic,[Calumet_WaterTempDrop_85],[1.0000],1,1,1.0000,[[CalumetBeach201507031400_Water_Temperature]]
2025-10-15 19:26:56.723,69.302,63rd_WaterTempDrop_85,atomic,[63rd_WaterTempDrop_85],[1.0000],1,1,1.0000,[[63rdStreetBeach201507031400_Water_Temperature]]
2025-10-15 19:26:56.782,69.361,63rd_WaterTempDrop_85,atomic,[63rd_WaterTempDrop_85],[0.9681],1,1,0.9681,[[63rdStreetBeach201507031500_Water_Temperature]]
2025-10-15 19:26:56.784,69.363,Montrose_WaterTempDrop_85,atomic,[Montrose_WaterTempDrop_85],[0.9609],1,1,0.9609,[[MontroseBeach201507031500_Water_Temperature]]
2025-10-15 19:26:56.785,69.364,Calumet_WaterTempDrop_85,atomic,[Calumet_WaterTempDrop_85],[1.0000],1,1,1.0000,[[CalumetBeach201507031500_Water_Temperature]]
2025-10-15 19:26:56.844,69.423,Calumet_WaterTempDrop_85,atomic,[Calumet_WaterTempDrop_85],[0.9685],1,1,0.9685,[[CalumetBeach201507031600_Water_Temperature]]
2025-10-15 19:26:56.846,69.425,Montrose_WaterTempDrop_85,atomic,[Montrose_WaterTempDrop_85],[0.9564],1,1,0.9564,[[MontroseBeach201507031600_Water_Temperature]]
2025-10-15 19:26:56.848,69.427,63rd_WaterTempDrop_85,atomic,[63rd_WaterTempDrop_85],[1.0000],1,1,1.0000,[[63rdStreetBeach201507031600_Water_Temperature]]
2025-10-15 19:26:56.907,69.486,Calumet_WaterTempDrop_85,atomic,[Calumet_WaterTempDrop_85],[0.9646],1,1,0.9646,[[CalumetBeach201507031700_Water_Temperature]]
2025-10-15 19:26:56.909,69.488,Montrose_WaterTempDrop_85,atomic,[Montrose_WaterTempDrop_85],[0.9514],1,1,0.9514,[[MontroseBeach201507031700_Water_Temperature]]
2025-10-15 19:26:56.910,69.489,63rd_WaterTempDrop_85,atomic,[63rd_WaterTempDrop_85],[1.0000],1,1,1.0000,[[63rdStreetBeach201507031700_Water_Temperature]]
2025-10-15 19:26:56.969,69.548,Montrose_WaterTempDrop_85,atomic,[Montrose_WaterTempDrop_85],[0.9459],1,1,0.9459,[[MontroseBeach201507031800_Water_Temperature]]
2025-10-15 19:26:56.969,69.548,63rd_WaterTempDrop_85,atomic,[63rd_WaterTempDrop_85],[0.9669],1,1,0.9669,[[63rdStreetBeach201507031800_Water_Temperature]]
2025-10-15 19:26:56.970,69.549,Calumet_WaterTempDrop_85,atomic,[Calumet_WaterTempDrop_85],[1.0000],1,1,1.0000,[[CalumetBeach201507031800_Water_Temperature]]
2025-10-15 19:26:57.030,69.609,Montrose_WaterTempDrop_85,atomic,[Montrose_WaterTempDrop_85],[0.9399],1,1,0.9399,[[MontroseBeach201507031900_Water_Temperature]]
2025-10-15 19:26:57.032,69.611,Calumet_WaterTempDrop_85,atomic,[Calumet_WaterTempDrop_85],[0.9628],1,1,0.9628,[[CalumetBeach201507031900_Water_Temperature]]
2025-10-15 19:26:57.033,69.612,63rd_WaterTempDrop_85,atomic,[63rd_WaterTempDrop_85],[0.9627],1,1,0.9627,[[63rdStreetBeach201507031900_Water_Temperature]]
2025-10-15 19:26:57.093,69.672,Montrose_WaterTempDrop_85,atomic,[Montrose_WaterTempDrop_85],[0.9334],1,1,0.9334,[[MontroseBeach201507032000_Water_Temperature]]
2025-10-15 19:26:57.094,69.673,Calumet_WaterTempDrop_85,atomic,[Calumet_WaterTempDrop_85],[0.9583],1,1,0.9583,[[CalumetBeach201507032000_Water_Temperature]]
2025-10-15 19:26:57.097,69.676,63rd_WaterTempDrop_85,atomic,[63rd_WaterTempDrop_85],[1.0000],1,1,1.0000,[[63rdStreetBeach201507032000_Water_Temperature]]
2025-10-15 19:26:57.155,69.734,63rd_WaterTempDrop_85,atomic,[63rd_WaterTempDrop_85],[0.9611],1,1,0.9611,[[63rdStreetBeach201507032100_Water_Temperature]]
2025-10-15 19:26:57.159,69.738,Calumet_WaterTempDrop_85,atomic,[Calumet_WaterTempDrop_85],[1.0000],1,1,1.0000,[[CalumetBeach201507032100_Water_Temperature]]
2025-10-15 19:26:57.159,69.738,Montrose_WaterTempDrop_85,atomic,[Montrose_WaterTempDrop_85],[1.0000],1,1,1.0000,[[MontroseBeach201507032100_Water_Temperature]]
2025-10-15 19:26:57.220,69.799,Montrose_WaterTempDrop_85,atomic,[Montrose_WaterTempDrop_85],[0.9403],1,1,0.9403,[[MontroseBeach201507032200_Water_Temperature]]
2025-10-15 19:26:57.221,69.800,63rd_WaterTempDrop_85,atomic,[63rd_WaterTempDrop_85],[1.0000],1,1,1.0000,[[63rdStreetBeach201507032200_Water_Temperature]]
2025-10-15 19:26:57.224,69.803,Calumet_WaterTempDrop_85,atomic,[Calumet_WaterTempDrop_85],[1.0000],1,1,1.0000,[[CalumetBeach201507032200_Water_Temperature]]
2025-10-15 19:26:57.280,69.859,Montrose_WaterTempDrop_85,atomic,[Montrose_WaterTempDrop_85],[0.9340],1,1,0.9340,[[MontroseBeach201507032300_Water_Temperature]]
2025-10-15 19:26:57.280,69.859,63rd_WaterTempDrop_85,atomic,[63rd_WaterTempDrop_85],[1.0000],1,1,1.0000,[[63rdStreetBeach201507032300_Water_Temperature]]
2025-10-15 19:26:57.281,69.860,Calumet_WaterTempDrop_85,atomic,[Calumet_WaterTempDrop_85],[1.0000],1,1,1.0000,[[CalumetBeach201507032300_Water_Temperature]]
2025-10-15 19:26:57.346,69.925,63rd_WaterTempDrop_85,atomic,[63rd_WaterTempDrop_85],[1.0000],1,1,1.0000,[[63rdStreetBeach201507042400_Water_Temperature]]
2025-10-15 19:26:57.346,69.925,Calumet_WaterTempDrop_85,atomic,[Calumet_WaterTempDrop_85],[1.0000],1,1,1.0000,[[CalumetBeach201507042400_Water_Temperature]]
2025-10-15 19:26:57.348,69.927,Montrose_WaterTempDrop_85,atomic,[Montrose_WaterTempDrop_85],[1.0000],1,1,1.0000,[[MontroseBeach201507042400_Water_Temperature]]
2025-10-15 19:26:57.404,69.983,Montrose_WaterTempDrop_85,atomic,[Montrose_WaterTempDrop_85],[0.9410],1,1,0.9410,[[MontroseBeach201507040100_Water_Temperature]]
2025-10-15 19:26:57.408,69.987,63rd_WaterTempDrop_85,atomic,[63rd_WaterTempDrop_85],[1.0000],1,1,1.0000,[[63rdStreetBeach201507040100_Water_Temperature]]
2025-10-15 19:26:57.409,69.988,Calumet_WaterTempDrop_85,atomic,[Calumet_WaterTempDrop_85],[1.0000],1,1,1.0000,[[CalumetBeach201507040100_Water_Temperature]]
2025-10-15 19:26:57.471,70.050,Montrose_WaterTempDrop_85,atomic,[Montrose_WaterTempDrop_85],[1.0000],1,1,1.0000,[[MontroseBeach201507040200_Water_Temperature]]
2025-10-15 19:26:57.471,70.050,Calumet_WaterTempDrop_85,atomic,[Calumet_WaterTempDrop_85],[1.0000],1,1,1.0000,[[CalumetBeach201507040200_Water_Temperature]]
2025-10-15 19:26:57.471,70.050,63rd_WaterTempDrop_85,atomic,[63rd_WaterTempDrop_85],[1.0000],1,1,1.0000,[[63rdStreetBeach201507040200_Water_Temperature]]
2025-10-15 19:26:57.531,70.110,Montrose_WaterTempDrop_85,atomic,[Montrose_WaterTempDrop_85],[1.0000],1,1,1.0000,[[MontroseBeach201507040300_Water_Temperature]]
2025-10-15 19:26:57.533,70.112,63rd_WaterTempDrop_85,atomic,[63rd_WaterTempDrop_85],[1.0000],1,1,1.0000,[[63rdStreetBeach201507040300_Water_Temperature]]
2025-10-15 19:26:57.534,70.113,Calumet_WaterTempDrop_85,atomic,[Calumet_WaterTempDrop_85],[1.0000],1,1,1.0000,[[CalumetBeach201507040300_Water_Temperature]]
2025-10-15 19:26:57.593,70.172,63rd_WaterTempDrop_85,atomic,[63rd_WaterTempDrop_85],[0.9687],1,1,0.9687,[[63rdStreetBeach201507040400_Water_Temperature]]
2025-10-15 19:26:57.597,70.176,Calumet_WaterTempDrop_85,atomic,[Calumet_WaterTempDrop_85],[1.0000],1,1,1.0000,[[CalumetBeach201507040400_Water_Temperature]]
2025-10-15 19:26:57.598,70.177,Montrose_WaterTempDrop_85,atomic,[Montrose_WaterTempDrop_85],[1.0000],1,1,1.0000,[[MontroseBeach201507040400_Water_Temperature]]
2025-10-15 19:26:57.657,70.236,Calumet_WaterTempDrop_85,atomic,[Calumet_WaterTempDrop_85],[1.0000],1,1,1.0000,[[CalumetBeach201507040500_Water_Temperature]]
2025-10-15 19:26:57.658,70.237,63rd_WaterTempDrop_85,atomic,[63rd_WaterTempDrop_85],[1.0000],1,1,1.0000,[[63rdStreetBeach201507040500_Water_Temperature]]
2025-10-15 19:26:57.658,70.237,Montrose_WaterTempDrop_85,atomic,[Montrose_WaterTempDrop_85],[1.0000],1,1,1.0000,[[MontroseBeach201507040500_Water_Temperature]]
2025-10-15 19:26:57.721,70.300,Calumet_WaterTempDrop_85,atomic,[Calumet_WaterTempDrop_85],[1.0000],1,1,1.0000,[[CalumetBeach201507040600_Water_Temperature]]
2025-10-15 19:26:57.722,70.301,Montrose_WaterTempDrop_85,atomic,[Montrose_WaterTempDrop_85],[1.0000],1,1,1.0000,[[MontroseBeach201507040600_Water_Temperature]]
2025-10-15 19:26:57.722,70.301,63rd_WaterTempDrop_85,atomic,[63rd_WaterTempDrop_85],[1.0000],1,1,1.0000,[[63rdStreetBeach201507040600_Water_Temperature]]
2025-10-15 19:26:57.781,70.360,Montrose_WaterTempDrop_85,atomic,[Montrose_WaterTempDrop_85],[0.9640],1,1,0.9640,[[MontroseBeach201507040700_Water_Temperature]]
2025-10-15 19:26:57.783,70.362,63rd_WaterTempDrop_85,atomic,[63rd_WaterTempDrop_85],[1.0000],1,1,1.0000,[[63rdStreetBeach201507040700_Water_Temperature]]
2025-10-15 19:26:57.784,70.363,Calumet_WaterTempDrop_85,atomic,[Calumet_WaterTempDrop_85],[1.0000],1,1,1.0000,[[CalumetBeach201507040700_Water_Temperature]]
2025-10-15 19:26:57.844,70.423,63rd_WaterTempDrop_85,atomic,[63rd_WaterTempDrop_85],[0.9688],1,1,0.9688,[[63rdStreetBeach201507040800_Water_Temperature]]
2025-10-15 19:26:57.847,70.426,Montrose_WaterTempDrop_85,atomic,[Montrose_WaterTempDrop_85],[1.0000],1,1,1.0000,[[MontroseBeach201507040800_Water_Temperature]]
2025-10-15 19:26:57.847,70.426,Calumet_WaterTempDrop_85,atomic,[Calumet_WaterTempDrop_85],[1.0000],1,1,1.0000,[[CalumetBeach201507040800_Water_Temperature]]
2025-10-15 19:26:57.905,70.484,63rd_WaterTempDrop_85,atomic,[63rd_WaterTempDrop_85],[0.9650],1,1,0.9650,[[63rdStreetBeach201507040900_Water_Temperature]]
2025-10-15 19:26:57.907,70.486,Montrose_WaterTempDrop_85,atomic,[Montrose_WaterTempDrop_85],[1.0000],1,1,1.0000,[[MontroseBeach201507040900_Water_Temperature]]
2025-10-15 19:26:57.908,70.487,Calumet_WaterTempDrop_85,atomic,[Calumet_WaterTempDrop_85],[1.0000],1,1,1.0000,[[CalumetBeach201507040900_Water_Temperature]]
2025-10-15 19:26:57.967,70.546,Calumet_WaterTempDrop_85,atomic,[Calumet_WaterTempDrop_85],[0.9723],1,1,0.9723,[[CalumetBeach201507041000_Water_Temperature]]
2025-10-15 19:26:57.969,70.548,63rd_WaterTempDrop_85,atomic,[63rd_WaterTempDrop_85],[1.0000],1,1,1.0000,[[63rdStreetBeach201507041000_Water_Temperature]]
2025-10-15 19:26:57.970,70.549,Montrose_WaterTempDrop_85,atomic,[Montrose_WaterTempDrop_85],[1.0000],1,1,1.0000,[[MontroseBeach201507041000_Water_Temperature]]
2025-10-15 19:26:58.030,70.609,63rd_WaterTempDrop_85,atomic,[63rd_WaterTempDrop_85],[0.9632],1,1,0.9632,[[63rdStreetBeach201507041100_Water_Temperature]]
2025-10-15 19:26:58.032,70.611,Montrose_WaterTempDrop_85,atomic,[Montrose_WaterTempDrop_85],[0.9669],1,1,0.9669,[[MontroseBeach201507041100_Water_Temperature]]
2025-10-15 19:26:58.033,70.612,Calumet_WaterTempDrop_85,atomic,[Calumet_WaterTempDrop_85],[1.0000],1,1,1.0000,[[CalumetBeach201507041100_Water_Temperature]]
2025-10-15 19:26:58.091,70.670,Montrose_WaterTempDrop_85,atomic,[Montrose_WaterTempDrop_85],[0.9630],1,1,0.9630,[[MontroseBeach201507041200_Water_Temperature]]
2025-10-15 19:26:58.091,70.670,63rd_WaterTempDrop_85,atomic,[63rd_WaterTempDrop_85],[0.9588],1,1,0.9588,[[63rdStreetBeach201507041200_Water_Temperature]]
2025-10-15 19:26:58.093,70.672,Calumet_WaterTempDrop_85,atomic,[Calumet_WaterTempDrop_85],[0.9695],1,1,0.9695,[[CalumetBeach201507041200_Water_Temperature]]
2025-10-15 19:26:58.160,70.739,Calumet_WaterTempDrop_85,atomic,[Calumet_WaterTempDrop_85],[1.0000],1,1,1.0000,[[CalumetBeach201507041300_Water_Temperature]]
2025-10-15 19:26:58.161,70.740,Montrose_WaterTempDrop_85,atomic,[Montrose_WaterTempDrop_85],[1.0000],1,1,1.0000,[[MontroseBeach201507041300_Water_Temperature]]
2025-10-15 19:26:58.162,70.741,63rd_WaterTempDrop_85,atomic,[63rd_WaterTempDrop_85],[1.0000],1,1,1.0000,[[63rdStreetBeach201507041300_Water_Temperature]]
2025-10-15 19:26:58.218,70.797,Montrose_WaterTempDrop_85,atomic,[Montrose_WaterTempDrop_85],[0.9618],1,1,0.9618,[[MontroseBeach201507041400_Water_Temperature]]
2025-10-15 19:26:58.218,70.797,63rd_WaterTempDrop_85,atomic,[63rd_WaterTempDrop_85],[0.9581],1,1,0.9581,[[63rdStreetBeach201507041400_Water_Temperature]]
2025-10-15 19:26:58.218,70.797,Calumet_WaterTempDrop_85,atomic,[Calumet_WaterTempDrop_85],[1.0000],1,1,1.0000,[[CalumetBeach201507041400_Water_Temperature]]
2025-10-15 19:26:58.277,70.856,Montrose_WaterTempDrop_85,atomic,[Montrose_WaterTempDrop_85],[0.9573],1,1,0.9573,[[MontroseBeach201507041500_Water_Temperature]]
2025-10-15 19:26:58.281,70.860,63rd_WaterTempDrop_85,atomic,[63rd_WaterTempDrop_85],[1.0000],1,1,1.0000,[[63rdStreetBeach201507041500_Water_Temperature]]
2025-10-15 19:26:58.342,70.921,63rd_WaterTempDrop_85,atomic,[63rd_WaterTempDrop_85],[1.0000],1,1,1.0000,[[63rdStreetBeach201507041600_Water_Temperature]]
2025-10-15 19:26:58.342,70.921,Montrose_WaterTempDrop_85,atomic,[Montrose_WaterTempDrop_85],[0.9524],1,1,0.9524,[[MontroseBeach201507041600_Water_Temperature]]
2025-10-15 19:26:58.403,70.982,Calumet_WaterTempDrop_85,atomic,[Calumet_WaterTempDrop_85],[0.9696],1,1,0.9696,[[CalumetBeach201507041700_Water_Temperature]]
2025-10-15 19:26:58.403,70.982,Montrose_WaterTempDrop_85,atomic,[Montrose_WaterTempDrop_85],[1.0000],1,1,1.0000,[[MontroseBeach201507041700_Water_Temperature]]
2025-10-15 19:26:58.468,71.047,Montrose_WaterTempDrop_85,atomic,[Montrose_WaterTempDrop_85],[1.0000],1,1,1.0000,[[MontroseBeach201507041800_Water_Temperature]]
2025-10-15 19:26:58.530,71.109,63rd_WaterTempDrop_85,atomic,[63rd_WaterTempDrop_85],[0.9655],1,1,0.9655,[[63rdStreetBeach201507041900_Water_Temperature]]
2025-10-15 19:26:58.533,71.112,Montrose_WaterTempDrop_85,atomic,[Montrose_WaterTempDrop_85],[1.0000],1,1,1.0000,[[MontroseBeach201507041900_Water_Temperature]]
2025-10-15 19:26:58.594,71.173,Montrose_WaterTempDrop_85,atomic,[Montrose_WaterTempDrop_85],[0.9610],1,1,0.9610,[[MontroseBeach201507042000_Water_Temperature]]
2025-10-15 19:26:58.594,71.173,63rd_WaterTempDrop_85,atomic,[63rd_WaterTempDrop_85],[1.0000],1,1,1.0000,[[63rdStreetBeach201507042000_Water_Temperature]]
2025-10-15 19:26:58.657,71.236,Montrose_WaterTempDrop_85,atomic,[Montrose_WaterTempDrop_85],[0.9565],1,1,0.9565,[[MontroseBeach201507042100_Water_Temperature]]
2025-10-15 19:26:58.657,71.236,63rd_WaterTempDrop_85,atomic,[63rd_WaterTempDrop_85],[1.0000],1,1,1.0000,[[63rdStreetBeach201507042100_Water_Temperature]]
2025-10-15 19:26:58.718,71.297,63rd_WaterTempDrop_85,atomic,[63rd_WaterTempDrop_85],[0.9657],1,1,0.9657,[[63rdStreetBeach201507042200_Water_Temperature]]
2025-10-15 19:26:58.719,71.298,Calumet_WaterTempDrop_85,atomic,[Calumet_WaterTempDrop_85],[1.0000],1,1,1.0000,[[CalumetBeach201507042200_Water_Temperature]]
2025-10-15 19:26:58.719,71.298,Montrose_WaterTempDrop_85,atomic,[Montrose_WaterTempDrop_85],[1.0000],1,1,1.0000,[[MontroseBeach201507042200_Water_Temperature]]
2025-10-15 19:26:58.779,71.358,63rd_WaterTempDrop_85,atomic,[63rd_WaterTempDrop_85],[0.9617],1,1,0.9617,[[63rdStreetBeach201507042300_Water_Temperature]]
2025-10-15 19:26:58.779,71.358,Montrose_WaterTempDrop_85,atomic,[Montrose_WaterTempDrop_85],[0.9565],1,1,0.9565,[[MontroseBeach201507042300_Water_Temperature]]
2025-10-15 19:26:58.780,71.359,Calumet_WaterTempDrop_85,atomic,[Calumet_WaterTempDrop_85],[1.0000],1,1,1.0000,[[CalumetBeach201507042300_Water_Temperature]]
2025-10-15 19:26:58.840,71.419,63rd_WaterTempDrop_85,atomic,[63rd_WaterTempDrop_85],[0.9572],1,1,0.9572,[[63rdStreetBeach201507052400_Water_Temperature]]
2025-10-15 19:26:58.844,71.423,Montrose_WaterTempDrop_85,atomic,[Montrose_WaterTempDrop_85],[1.0000],1,1,1.0000,[[MontroseBeach201507052400_Water_Temperature]]
2025-10-15 19:26:58.904,71.483,Montrose_WaterTempDrop_85,atomic,[Montrose_WaterTempDrop_85],[0.9565],1,1,0.9565,[[MontroseBeach201507050300_Water_Temperature]]
2025-10-15 19:26:58.904,71.483,63rd_WaterTempDrop_85,atomic,[63rd_WaterTempDrop_85],[1.0000],1,1,1.0000,[[63rdStreetBeach201507050300_Water_Temperature]]
2025-10-15 19:26:58.965,71.544,63rd_WaterTempDrop_85,atomic,[63rd_WaterTempDrop_85],[0.9570],1,1,0.9570,[[63rdStreetBeach201507050400_Water_Temperature]]
2025-10-15 19:26:58.968,71.547,Montrose_WaterTempDrop_85,atomic,[Montrose_WaterTempDrop_85],[1.0000],1,1,1.0000,[[MontroseBeach201507050400_Water_Temperature]]
2025-10-15 19:26:58.969,71.548,Calumet_WaterTempDrop_85,atomic,[Calumet_WaterTempDrop_85],[1.0000],1,1,1.0000,[[CalumetBeach201507050400_Water_Temperature]]
2025-10-15 19:26:59.031,71.610,Calumet_WaterTempDrop_85,atomic,[Calumet_WaterTempDrop_85],[1.0000],1,1,1.0000,[[CalumetBeach201507050500_Water_Temperature]]
2025-10-15 19:26:59.032,71.611,63rd_WaterTempDrop_85,atomic,[63rd_WaterTempDrop_85],[1.0000],1,1,1.0000,[[63rdStreetBeach201507050500_Water_Temperature]]
2025-10-15 19:26:59.032,71.611,Montrose_WaterTempDrop_85,atomic,[Montrose_WaterTempDrop_85],[1.0000],1,1,1.0000,[[MontroseBeach201507050500_Water_Temperature]]
2025-10-15 19:26:59.091,71.670,Calumet_WaterTempDrop_85,atomic,[Calumet_WaterTempDrop_85],[0.9664],1,1,0.9664,[[CalumetBeach201507050600_Water_Temperature]]
2025-10-15 19:26:59.091,71.670,Montrose_WaterTempDrop_85,atomic,[Montrose_WaterTempDrop_85],[1.0000],1,1,1.0000,[[MontroseBeach201507050600_Water_Temperature]]
2025-10-15 19:26:59.092,71.671,63rd_WaterTempDrop_85,atomic,[63rd_WaterTempDrop_85],[1.0000],1,1,1.0000,[[63rdStreetBeach201507050600_Water_Temperature]]
2025-10-15 19:26:59.154,71.733,Calumet_WaterTempDrop_85,atomic,[Calumet_WaterTempDrop_85],[1.0000],1,1,1.0000,[[CalumetBeach201507050700_Water_Temperature]]
2025-10-15 19:26:59.155,71.734,Montrose_WaterTempDrop_85,atomic,[Montrose_WaterTempDrop_85],[1.0000],1,1,1.0000,[[MontroseBeach201507050700_Water_Temperature]]
2025-10-15 19:26:59.155,71.734,63rd_WaterTempDrop_85,atomic,[63rd_WaterTempDrop_85],[1.0000],1,1,1.0000,[[63rdStreetBeach201507050700_Water_Temperature]]
2025-10-15 19:26:59.217,71.796,Montrose_WaterTempDrop_85,atomic,[Montrose_WaterTempDrop_85],[1.0000],1,1,1.0000,[[MontroseBeach201507050800_Water_Temperature]]
2025-10-15 19:26:59.217,71.796,63rd_WaterTempDrop_85,atomic,[63rd_WaterTempDrop_85],[1.0000],1,1,1.0000,[[63rdStreetBeach201507050800_Water_Temperature]]
2025-10-15 19:26:59.218,71.797,Calumet_WaterTempDrop_85,atomic,[Calumet_WaterTempDrop_85],[1.0000],1,1,1.0000,[[CalumetBeach201507050800_Water_Temperature]]
2025-10-15 19:26:59.277,71.856,Calumet_WaterTempDrop_85,atomic,[Calumet_WaterTempDrop_85],[0.9659],1,1,0.9659,[[CalumetBeach201507050900_Water_Temperature]]
2025-10-15 19:26:59.280,71.859,63rd_WaterTempDrop_85,atomic,[63rd_WaterTempDrop_85],[1.0000],1,1,1.0000,[[63rdStreetBeach201507050900_Water_Temperature]]
2025-10-15 19:26:59.281,71.860,Montrose_WaterTempDrop_85,atomic,[Montrose_WaterTempDrop_85],[1.0000],1,1,1.0000,[[MontroseBeach201507050900_Water_Temperature]]
2025-10-15 19:26:59.341,71.920,Montrose_WaterTempDrop_85,atomic,[Montrose_WaterTempDrop_85],[0.9680],1,1,0.9680,[[MontroseBeach201507051000_Water_Temperature]]
2025-10-15 19:26:59.342,71.921,Calumet_WaterTempDrop_85,atomic,[Calumet_WaterTempDrop_85],[0.9618],1,1,0.9618,[[CalumetBeach201507051000_Water_Temperature]]
2025-10-15 19:26:59.344,71.923,63rd_WaterTempDrop_85,atomic,[63rd_WaterTempDrop_85],[1.0000],1,1,1.0000,[[63rdStreetBeach201507051000_Water_Temperature]]
2025-10-15 19:26:59.404,71.983,Calumet_WaterTempDrop_85,atomic,[Calumet_WaterTempDrop_85],[0.9571],1,1,0.9571,[[CalumetBeach201507051100_Water_Temperature]]
2025-10-15 19:26:59.404,71.983,Montrose_WaterTempDrop_85,atomic,[Montrose_WaterTempDrop_85],[1.0000],1,1,1.0000,[[MontroseBeach201507051100_Water_Temperature]]
2025-10-15 19:26:59.407,71.986,63rd_WaterTempDrop_85,atomic,[63rd_WaterTempDrop_85],[1.0000],1,1,1.0000,[[63rdStreetBeach201507051100_Water_Temperature]]
2025-10-15 19:26:59.471,72.050,Montrose_WaterTempDrop_85,atomic,[Montrose_WaterTempDrop_85],[1.0000],1,1,1.0000,[[MontroseBeach201507051200_Water_Temperature]]
2025-10-15 19:26:59.471,72.050,Calumet_WaterTempDrop_85,atomic,[Calumet_WaterTempDrop_85],[0.9520],1,1,0.9520,[[CalumetBeach201507051200_Water_Temperature]]
2025-10-15 19:26:59.472,72.051,63rd_WaterTempDrop_85,atomic,[63rd_WaterTempDrop_85],[1.0000],1,1,1.0000,[[63rdStreetBeach201507051200_Water_Temperature]]
2025-10-15 19:26:59.531,72.110,Montrose_WaterTempDrop_85,atomic,[Montrose_WaterTempDrop_85],[0.9673],1,1,0.9673,[[MontroseBeach201507051300_Water_Temperature]]
2025-10-15 19:26:59.531,72.110,Calumet_WaterTempDrop_85,atomic,[Calumet_WaterTempDrop_85],[0.9464],1,1,0.9464,[[CalumetBeach201507051300_Water_Temperature]]
2025-10-15 19:26:59.534,72.113,63rd_WaterTempDrop_85,atomic,[63rd_WaterTempDrop_85],[1.0000],1,1,1.0000,[[63rdStreetBeach201507051300_Water_Temperature]]
2025-10-15 19:26:59.594,72.173,63rd_WaterTempDrop_85,atomic,[63rd_WaterTempDrop_85],[0.9708],1,1,0.9708,[[63rdStreetBeach201507051400_Water_Temperature]]
2025-10-15 19:26:59.595,72.174,Montrose_WaterTempDrop_85,atomic,[Montrose_WaterTempDrop_85],[1.0000],1,1,1.0000,[[MontroseBeach201507051400_Water_Temperature]]
2025-10-15 19:26:59.655,72.234,Calumet_WaterTempDrop_85,atomic,[Calumet_WaterTempDrop_85],[0.9488],1,1,0.9488,[[CalumetBeach201507051500_Water_Temperature]]
2025-10-15 19:26:59.656,72.235,Montrose_WaterTempDrop_85,atomic,[Montrose_WaterTempDrop_85],[1.0000],1,1,1.0000,[[MontroseBeach201507051500_Water_Temperature]]
2025-10-15 19:26:59.719,72.298,Montrose_WaterTempDrop_85,atomic,[Montrose_WaterTempDrop_85],[0.9667],1,1,0.9667,[[MontroseBeach201507051600_Water_Temperature]]
2025-10-15 19:26:59.720,72.299,63rd_WaterTempDrop_85,atomic,[63rd_WaterTempDrop_85],[1.0000],1,1,1.0000,[[63rdStreetBeach201507051600_Water_Temperature]]
2025-10-15 19:26:59.780,72.359,Montrose_WaterTempDrop_85,atomic,[Montrose_WaterTempDrop_85],[0.9626],1,1,0.9626,[[MontroseBeach201507051700_Water_Temperature]]
2025-10-15 19:26:59.783,72.362,63rd_WaterTempDrop_85,atomic,[63rd_WaterTempDrop_85],[1.0000],1,1,1.0000,[[63rdStreetBeach201507051700_Water_Temperature]]
2025-10-15 19:26:59.843,72.422,Montrose_WaterTempDrop_85,atomic,[Montrose_WaterTempDrop_85],[0.9580],1,1,0.9580,[[MontroseBeach201507051800_Water_Temperature]]
2025-10-15 19:26:59.847,72.426,63rd_WaterTempDrop_85,atomic,[63rd_WaterTempDrop_85],[1.0000],1,1,1.0000,[[63rdStreetBeach201507051800_Water_Temperature]]
2025-10-15 19:26:59.906,72.485,Montrose_WaterTempDrop_85,atomic,[Montrose_WaterTempDrop_85],[1.0000],1,1,1.0000,[[MontroseBeach201507051900_Water_Temperature]]
2025-10-15 19:26:59.906,72.485,63rd_WaterTempDrop_85,atomic,[63rd_WaterTempDrop_85],[1.0000],1,1,1.0000,[[63rdStreetBeach201507051900_Water_Temperature]]
2025-10-15 19:26:59.969,72.548,Montrose_WaterTempDrop_85,atomic,[Montrose_WaterTempDrop_85],[1.0000],1,1,1.0000,[[MontroseBeach201507052000_Water_Temperature]]
2025-10-15 19:26:59.971,72.550,63rd_WaterTempDrop_85,atomic,[63rd_WaterTempDrop_85],[1.0000],1,1,1.0000,[[63rdStreetBeach201507052000_Water_Temperature]]
2025-10-15 19:27:00.032,72.611,Montrose_WaterTempDrop_85,atomic,[Montrose_WaterTempDrop_85],[1.0000],1,1,1.0000,[[MontroseBeach201507052100_Water_Temperature]]
2025-10-15 19:27:00.032,72.611,63rd_WaterTempDrop_85,atomic,[63rd_WaterTempDrop_85],[0.9711],1,1,0.9711,[[63rdStreetBeach201507052100_Water_Temperature]]
2025-10-15 19:27:00.092,72.671,Montrose_WaterTempDrop_85,atomic,[Montrose_WaterTempDrop_85],[1.0000],1,1,1.0000,[[MontroseBeach201507052200_Water_Temperature]]
2025-10-15 19:27:00.093,72.672,63rd_WaterTempDrop_85,atomic,[63rd_WaterTempDrop_85],[1.0000],1,1,1.0000,[[63rdStreetBeach201507052200_Water_Temperature]]
2025-10-15 19:27:00.151,72.730,63rd_WaterTempDrop_85,atomic,[63rd_WaterTempDrop_85],[0.9684],1,1,0.9684,[[63rdStreetBeach201507052300_Water_Temperature]]
2025-10-15 19:27:00.155,72.734,Montrose_WaterTempDrop_85,atomic,[Montrose_WaterTempDrop_85],[1.0000],1,1,1.0000,[[MontroseBeach201507052300_Water_Temperature]]
2025-10-15 19:27:00.213,72.792,63rd_WaterTempDrop_85,atomic,[63rd_WaterTempDrop_85],[0.9644],1,1,0.9644,[[63rdStreetBeach201507062400_Water_Temperature]]
2025-10-15 19:27:00.214,72.793,Montrose_WaterTempDrop_85,atomic,[Montrose_WaterTempDrop_85],[1.0000],1,1,1.0000,[[MontroseBeach201507062400_Water_Temperature]]
2025-10-15 19:27:00.274,72.853,63rd_WaterTempDrop_85,atomic,[63rd_WaterTempDrop_85],[0.9600],1,1,0.9600,[[63rdStreetBeach201507060100_Water_Temperature]]
2025-10-15 19:27:00.275,72.854,Montrose_WaterTempDrop_85,atomic,[Montrose_WaterTempDrop_85],[1.0000],1,1,1.0000,[[MontroseBeach201507060100_Water_Temperature]]
2025-10-15 19:27:00.336,72.915,Montrose_WaterTempDrop_85,atomic,[Montrose_WaterTempDrop_85],[1.0000],1,1,1.0000,[[MontroseBeach201507060200_Water_Temperature]]
2025-10-15 19:27:00.337,72.916,63rd_WaterTempDrop_85,atomic,[63rd_WaterTempDrop_85],[1.0000],1,1,1.0000,[[63rdStreetBeach201507060200_Water_Temperature]]
2025-10-15 19:27:00.396,72.975,Montrose_WaterTempDrop_85,atomic,[Montrose_WaterTempDrop_85],[1.0000],1,1,1.0000,[[MontroseBeach201507060300_Water_Temperature]]
2025-10-15 19:27:00.399,72.978,63rd_WaterTempDrop_85,atomic,[63rd_WaterTempDrop_85],[1.0000],1,1,1.0000,[[63rdStreetBeach201507060300_Water_Temperature]]
2025-10-15 19:27:00.460,73.039,Montrose_WaterTempDrop_85,atomic,[Montrose_WaterTempDrop_85],[0.9704],1,1,0.9704,[[MontroseBeach201507060400_Water_Temperature]]
2025-10-15 19:27:00.460,73.039,63rd_WaterTempDrop_85,atomic,[63rd_WaterTempDrop_85],[1.0000],1,1,1.0000,[[63rdStreetBeach201507060400_Water_Temperature]]
2025-10-15 19:27:00.518,73.097,63rd_WaterTempDrop_85,atomic,[63rd_WaterTempDrop_85],[0.9639],1,1,0.9639,[[63rdStreetBeach201507060500_Water_Temperature]]
2025-10-15 19:27:00.520,73.099,Montrose_WaterTempDrop_85,atomic,[Montrose_WaterTempDrop_85],[1.0000],1,1,1.0000,[[MontroseBeach201507060500_Water_Temperature]]
2025-10-15 19:27:00.521,73.100,Calumet_WaterTempDrop_85,atomic,[Calumet_WaterTempDrop_85],[1.0000],1,1,1.0000,[[CalumetBeach201507060500_Water_Temperature]]
2025-10-15 19:27:00.580,73.159,Montrose_WaterTempDrop_85,atomic,[Montrose_WaterTempDrop_85],[0.9679],1,1,0.9679,[[MontroseBeach201507060600_Water_Temperature]]
2025-10-15 19:27:00.580,73.159,63rd_WaterTempDrop_85,atomic,[63rd_WaterTempDrop_85],[1.0000],1,1,1.0000,[[63rdStreetBeach201507060600_Water_Temperature]]
2025-10-15 19:27:00.581,73.160,Calumet_WaterTempDrop_85,atomic,[Calumet_WaterTempDrop_85],[1.0000],1,1,1.0000,[[CalumetBeach201507060600_Water_Temperature]]
2025-10-15 19:27:00.643,73.222,Montrose_WaterTempDrop_85,atomic,[Montrose_WaterTempDrop_85],[0.9639],1,1,0.9639,[[MontroseBeach201507060700_Water_Temperature]]
2025-10-15 19:27:00.645,73.224,63rd_WaterTempDrop_85,atomic,[63rd_WaterTempDrop_85],[1.0000],1,1,1.0000,[[63rdStreetBeach201507060700_Water_Temperature]]
2025-10-15 19:27:00.646,73.225,Calumet_WaterTempDrop_85,atomic,[Calumet_WaterTempDrop_85],[1.0000],1,1,1.0000,[[CalumetBeach201507060700_Water_Temperature]]
2025-10-15 19:27:00.705,73.284,Montrose_WaterTempDrop_85,atomic,[Montrose_WaterTempDrop_85],[0.9594],1,1,0.9594,[[MontroseBeach201507060800_Water_Temperature]]
2025-10-15 19:27:00.710,73.289,63rd_WaterTempDrop_85,atomic,[63rd_WaterTempDrop_85],[1.0000],1,1,1.0000,[[63rdStreetBeach201507060800_Water_Temperature]]
2025-10-15 19:27:00.772,73.351,Calumet_WaterTempDrop_85,atomic,[Calumet_WaterTempDrop_85],[1.0000],1,1,1.0000,[[CalumetBeach201507060900_Water_Temperature]]
2025-10-15 19:27:00.772,73.351,Montrose_WaterTempDrop_85,atomic,[Montrose_WaterTempDrop_85],[0.9545],1,1,0.9545,[[MontroseBeach201507060900_Water_Temperature]]
2025-10-15 19:27:00.773,73.352,63rd_WaterTempDrop_85,atomic,[63rd_WaterTempDrop_85],[1.0000],1,1,1.0000,[[63rdStreetBeach201507060900_Water_Temperature]]
2025-10-15 19:27:00.832,73.411,Montrose_WaterTempDrop_85,atomic,[Montrose_WaterTempDrop_85],[1.0000],1,1,1.0000,[[MontroseBeach201507061000_Water_Temperature]]
2025-10-15 19:27:00.833,73.412,63rd_WaterTempDrop_85,atomic,[63rd_WaterTempDrop_85],[1.0000],1,1,1.0000,[[63rdStreetBeach201507061000_Water_Temperature]]
2025-10-15 19:27:00.899,73.478,Calumet_WaterTempDrop_85,atomic,[Calumet_WaterTempDrop_85],[1.0000],1,1,1.0000,[[CalumetBeach201507061100_Water_Temperature]]
2025-10-15 19:27:00.899,73.478,63rd_WaterTempDrop_85,atomic,[63rd_WaterTempDrop_85],[1.0000],1,1,1.0000,[[63rdStreetBeach201507061100_Water_Temperature]]
2025-10-15 19:27:00.900,73.479,Montrose_WaterTempDrop_85,atomic,[Montrose_WaterTempDrop_85],[1.0000],1,1,1.0000,[[MontroseBeach201507061100_Water_Temperature]]
2025-10-15 19:27:00.958,73.537,Calumet_WaterTempDrop_85,atomic,[Calumet_WaterTempDrop_85],[1.0000],1,1,1.0000,[[CalumetBeach201507061200_Water_Temperature]]
2025-10-15 19:27:00.960,73.539,63rd_WaterTempDrop_85,atomic,[63rd_WaterTempDrop_85],[0.9694],1,1,0.9694,[[63rdStreetBeach201507061200_Water_Temperature]]
2025-10-15 19:27:00.961,73.540,Montrose_WaterTempDrop_85,atomic,[Montrose_WaterTempDrop_85],[1.0000],1,1,1.0000,[[MontroseBeach201507061200_Water_Temperature]]
2025-10-15 19:27:01.018,73.597,63rd_WaterTempDrop_85,atomic,[63rd_WaterTempDrop_85],[0.9657],1,1,0.9657,[[63rdStreetBeach201507061300_Water_Temperature]]
2025-10-15 19:27:01.021,73.600,Calumet_WaterTempDrop_85,atomic,[Calumet_WaterTempDrop_85],[1.0000],1,1,1.0000,[[CalumetBeach201507061300_Water_Temperature]]
2025-10-15 19:27:01.021,73.600,Montrose_WaterTempDrop_85,atomic,[Montrose_WaterTempDrop_85],[1.0000],1,1,1.0000,[[MontroseBeach201507061300_Water_Temperature]]
2025-10-15 19:27:01.083,73.662,Calumet_WaterTempDrop_85,atomic,[Calumet_WaterTempDrop_85],[0.9648],1,1,0.9648,[[CalumetBeach201507061400_Water_Temperature]]
2025-10-15 19:27:01.083,73.662,Montrose_WaterTempDrop_85,atomic,[Montrose_WaterTempDrop_85],[1.0000],1,1,1.0000,[[MontroseBeach201507061400_Water_Temperature]]
2025-10-15 19:27:01.084,73.663,63rd_WaterTempDrop_85,atomic,[63rd_WaterTempDrop_85],[1.0000],1,1,1.0000,[[63rdStreetBeach201507061400_Water_Temperature]]
2025-10-15 19:27:01.142,73.721,63rd_WaterTempDrop_85,atomic,[63rd_WaterTempDrop_85],[0.9637],1,1,0.9637,[[63rdStreetBeach201507061500_Water_Temperature]]
2025-10-15 19:27:01.147,73.726,Calumet_WaterTempDrop_85,atomic,[Calumet_WaterTempDrop_85],[1.0000],1,1,1.0000,[[CalumetBeach201507061500_Water_Temperature]]
2025-10-15 19:27:01.147,73.726,Montrose_WaterTempDrop_85,atomic,[Montrose_WaterTempDrop_85],[1.0000],1,1,1.0000,[[MontroseBeach201507061500_Water_Temperature]]
2025-10-15 19:27:01.208,73.787,63rd_WaterTempDrop_85,atomic,[63rd_WaterTempDrop_85],[1.0000],1,1,1.0000,[[63rdStreetBeach201507061600_Water_Temperature]]
2025-10-15 19:27:01.209,73.788,Calumet_WaterTempDrop_85,atomic,[Calumet_WaterTempDrop_85],[1.0000],1,1,1.0000,[[CalumetBeach201507061600_Water_Temperature]]
2025-10-15 19:27:01.209,73.788,Montrose_WaterTempDrop_85,atomic,[Montrose_WaterTempDrop_85],[1.0000],1,1,1.0000,[[MontroseBeach201507061600_Water_Temperature]]
2025-10-15 19:27:01.267,73.846,63rd_WaterTempDrop_85,atomic,[63rd_WaterTempDrop_85],[1.0000],1,1,1.0000,[[63rdStreetBeach201507061700_Water_Temperature]]
2025-10-15 19:27:01.269,73.848,Calumet_WaterTempDrop_85,atomic,[Calumet_WaterTempDrop_85],[1.0000],1,1,1.0000,[[CalumetBeach201507061700_Water_Temperature]]
2025-10-15 19:27:01.269,73.848,Montrose_WaterTempDrop_85,atomic,[Montrose_WaterTempDrop_85],[1.0000],1,1,1.0000,[[MontroseBeach201507061700_Water_Temperature]]
2025-10-15 19:27:01.329,73.908,Calumet_WaterTempDrop_85,atomic,[Calumet_WaterTempDrop_85],[0.9670],1,1,0.9670,[[CalumetBeach201507061800_Water_Temperature]]
2025-10-15 19:27:01.331,73.910,63rd_WaterTempDrop_85,atomic,[63rd_WaterTempDrop_85],[0.9643],1,1,0.9643,[[63rdStreetBeach201507061800_Water_Temperature]]
2025-10-15 19:27:01.333,73.912,Montrose_WaterTempDrop_85,atomic,[Montrose_WaterTempDrop_85],[1.0000],1,1,1.0000,[[MontroseBeach201507061800_Water_Temperature]]
2025-10-15 19:27:01.392,73.971,Montrose_WaterTempDrop_85,atomic,[Montrose_WaterTempDrop_85],[0.9701],1,1,0.9701,[[MontroseBeach201507061900_Water_Temperature]]
2025-10-15 19:27:01.394,73.973,63rd_WaterTempDrop_85,atomic,[63rd_WaterTempDrop_85],[1.0000],1,1,1.0000,[[63rdStreetBeach201507061900_Water_Temperature]]
2025-10-15 19:27:01.396,73.975,Calumet_WaterTempDrop_85,atomic,[Calumet_WaterTempDrop_85],[1.0000],1,1,1.0000,[[CalumetBeach201507061900_Water_Temperature]]
2025-10-15 19:27:01.455,74.034,Montrose_WaterTempDrop_85,atomic,[Montrose_WaterTempDrop_85],[0.9664],1,1,0.9664,[[MontroseBeach201507062000_Water_Temperature]]
2025-10-15 19:27:01.456,74.035,63rd_WaterTempDrop_85,atomic,[63rd_WaterTempDrop_85],[0.9627],1,1,0.9627,[[63rdStreetBeach201507062000_Water_Temperature]]
2025-10-15 19:27:01.461,74.040,Calumet_WaterTempDrop_85,atomic,[Calumet_WaterTempDrop_85],[1.0000],1,1,1.0000,[[CalumetBeach201507062000_Water_Temperature]]
2025-10-15 19:27:01.517,74.096,Montrose_WaterTempDrop_85,atomic,[Montrose_WaterTempDrop_85],[0.9623],1,1,0.9623,[[MontroseBeach201507062100_Water_Temperature]]
2025-10-15 19:27:01.518,74.097,63rd_WaterTempDrop_85,atomic,[63rd_WaterTempDrop_85],[0.9582],1,1,0.9582,[[63rdStreetBeach201507062100_Water_Temperature]]
2025-10-15 19:27:01.519,74.098,Calumet_WaterTempDrop_85,atomic,[Calumet_WaterTempDrop_85],[1.0000],1,1,1.0000,[[CalumetBeach201507062100_Water_Temperature]]
2025-10-15 19:27:01.581,74.160,Calumet_WaterTempDrop_85,atomic,[Calumet_WaterTempDrop_85],[0.9679],1,1,0.9679,[[CalumetBeach201507062200_Water_Temperature]]
2025-10-15 19:27:01.583,74.162,63rd_WaterTempDrop_85,atomic,[63rd_WaterTempDrop_85],[0.9533],1,1,0.9533,[[63rdStreetBeach201507062200_Water_Temperature]]
2025-10-15 19:27:01.586,74.165,Montrose_WaterTempDrop_85,atomic,[Montrose_WaterTempDrop_85],[1.0000],1,1,1.0000,[[MontroseBeach201507062200_Water_Temperature]]
2025-10-15 19:27:01.643,74.222,Calumet_WaterTempDrop_85,atomic,[Calumet_WaterTempDrop_85],[0.9640],1,1,0.9640,[[CalumetBeach201507062300_Water_Temperature]]
2025-10-15 19:27:01.644,74.223,63rd_WaterTempDrop_85,atomic,[63rd_WaterTempDrop_85],[0.9479],1,1,0.9479,[[63rdStreetBeach201507062300_Water_Temperature]]
2025-10-15 19:27:01.647,74.226,Montrose_WaterTempDrop_85,atomic,[Montrose_WaterTempDrop_85],[1.0000],1,1,1.0000,[[MontroseBeach201507062300_Water_Temperature]]
2025-10-15 19:27:01.707,74.286,Montrose_WaterTempDrop_85,atomic,[Montrose_WaterTempDrop_85],[1.0000],1,1,1.0000,[[MontroseBeach201507072400_Water_Temperature]]
2025-10-15 19:27:01.709,74.288,Calumet_WaterTempDrop_85,atomic,[Calumet_WaterTempDrop_85],[1.0000],1,1,1.0000,[[CalumetBeach201507072400_Water_Temperature]]
2025-10-15 19:27:01.709,74.288,63rd_WaterTempDrop_85,atomic,[63rd_WaterTempDrop_85],[1.0000],1,1,1.0000,[[63rdStreetBeach201507072400_Water_Temperature]]
2025-10-15 19:27:01.768,74.347,Calumet_WaterTempDrop_85,atomic,[Calumet_WaterTempDrop_85],[1.0000],1,1,1.0000,[[CalumetBeach201507070100_Water_Temperature]]
2025-10-15 19:27:01.768,74.347,Montrose_WaterTempDrop_85,atomic,[Montrose_WaterTempDrop_85],[1.0000],1,1,1.0000,[[MontroseBeach201507070100_Water_Temperature]]
2025-10-15 19:27:01.769,74.348,63rd_WaterTempDrop_85,atomic,[63rd_WaterTempDrop_85],[1.0000],1,1,1.0000,[[63rdStreetBeach201507070100_Water_Temperature]]
2025-10-15 19:27:01.832,74.411,Montrose_WaterTempDrop_85,atomic,[Montrose_WaterTempDrop_85],[0.9668],1,1,0.9668,[[MontroseBeach201507070200_Water_Temperature]]
2025-10-15 19:27:01.833,74.412,63rd_WaterTempDrop_85,atomic,[63rd_WaterTempDrop_85],[1.0000],1,1,1.0000,[[63rdStreetBeach201507070200_Water_Temperature]]
2025-10-15 19:27:01.835,74.414,Calumet_WaterTempDrop_85,atomic,[Calumet_WaterTempDrop_85],[1.0000],1,1,1.0000,[[CalumetBeach201507070200_Water_Temperature]]
2025-10-15 19:27:01.891,74.470,63rd_WaterTempDrop_85,atomic,[63rd_WaterTempDrop_85],[0.9593],1,1,0.9593,[[63rdStreetBeach201507070300_Water_Temperature]]
2025-10-15 19:27:01.891,74.470,Montrose_WaterTempDrop_85,atomic,[Montrose_WaterTempDrop_85],[0.9627],1,1,0.9627,[[MontroseBeach201507070300_Water_Temperature]]
2025-10-15 19:27:01.894,74.473,Calumet_WaterTempDrop_85,atomic,[Calumet_WaterTempDrop_85],[0.9661],1,1,0.9661,[[CalumetBeach201507070300_Water_Temperature]]
2025-10-15 19:27:01.957,74.536,Montrose_WaterTempDrop_85,atomic,[Montrose_WaterTempDrop_85],[1.0000],1,1,1.0000,[[MontroseBeach201507070400_Water_Temperature]]
2025-10-15 19:27:01.958,74.537,Calumet_WaterTempDrop_85,atomic,[Calumet_WaterTempDrop_85],[1.0000],1,1,1.0000,[[CalumetBeach201507070400_Water_Temperature]]
2025-10-15 19:27:01.960,74.539,63rd_WaterTempDrop_85,atomic,[63rd_WaterTempDrop_85],[1.0000],1,1,1.0000,[[63rdStreetBeach201507070400_Water_Temperature]]
2025-10-15 19:27:02.018,74.597,63rd_WaterTempDrop_85,atomic,[63rd_WaterTempDrop_85],[0.9589],1,1,0.9589,[[63rdStreetBeach201507070500_Water_Temperature]]
2025-10-15 19:27:02.019,74.598,Calumet_WaterTempDrop_85,atomic,[Calumet_WaterTempDrop_85],[0.9641],1,1,0.9641,[[CalumetBeach201507070500_Water_Temperature]]
2025-10-15 19:27:02.019,74.598,Montrose_WaterTempDrop_85,atomic,[Montrose_WaterTempDrop_85],[1.0000],1,1,1.0000,[[MontroseBeach201507070500_Water_Temperature]]
2025-10-15 19:27:02.080,74.659,Montrose_WaterTempDrop_85,atomic,[Montrose_WaterTempDrop_85],[1.0000],1,1,1.0000,[[MontroseBeach201507070600_Water_Temperature]]
2025-10-15 19:27:02.081,74.660,Calumet_WaterTempDrop_85,atomic,[Calumet_WaterTempDrop_85],[1.0000],1,1,1.0000,[[CalumetBeach201507070600_Water_Temperature]]
2025-10-15 19:27:02.081,74.660,63rd_WaterTempDrop_85,atomic,[63rd_WaterTempDrop_85],[1.0000],1,1,1.0000,[[63rdStreetBeach201507070600_Water_Temperature]]
2025-10-15 19:27:02.141,74.720,63rd_WaterTempDrop_85,atomic,[63rd_WaterTempDrop_85],[0.9585],1,1,0.9585,[[63rdStreetBeach201507070700_Water_Temperature]]
2025-10-15 19:27:02.142,74.721,Calumet_WaterTempDrop_85,atomic,[Calumet_WaterTempDrop_85],[0.9624],1,1,0.9624,[[CalumetBeach201507070700_Water_Temperature]]
2025-10-15 19:27:02.144,74.723,63rd_HighWave_85,atomic,[63rd_HighWave_85],[1.0000],1,1,1.0000,[[63rdStreetBeach201507070700_Wave_Height]]
2025-10-15 19:27:02.144,74.723,Montrose_WaterTempDrop_85,atomic,[Montrose_WaterTempDrop_85],[1.0000],1,1,1.0000,[[MontroseBeach201507070700_Water_Temperature]]
2025-10-15 19:27:02.203,74.782,Calumet_WaterTempDrop_85,atomic,[Calumet_WaterTempDrop_85],[0.9579],1,1,0.9579,[[CalumetBeach201507070800_Water_Temperature]]
2025-10-15 19:27:02.204,74.783,Montrose_WaterTempDrop_85,atomic,[Montrose_WaterTempDrop_85],[1.0000],1,1,1.0000,[[MontroseBeach201507070800_Water_Temperature]]
2025-10-15 19:27:02.204,74.783,Montrose_HighWave_85,atomic,[Montrose_HighWave_85],[1.0000],1,1,1.0000,[[MontroseBeach201507070800_Wave_Height]]
2025-10-15 19:27:02.266,74.845,Calumet_WaterTempDrop_85,atomic,[Calumet_WaterTempDrop_85],[0.9529],1,1,0.9529,[[CalumetBeach201507070900_Water_Temperature]]
2025-10-15 19:27:02.267,74.846,Montrose_WaterTempDrop_85,atomic,[Montrose_WaterTempDrop_85],[1.0000],1,1,1.0000,[[MontroseBeach201507070900_Water_Temperature]]
2025-10-15 19:27:02.329,74.908,Montrose_WaterTempDrop_85,atomic,[Montrose_WaterTempDrop_85],[0.9692],1,1,0.9692,[[MontroseBeach201507071000_Water_Temperature]]
2025-10-15 19:27:02.330,74.909,Calumet_WaterTempDrop_85,atomic,[Calumet_WaterTempDrop_85],[0.9474],1,1,0.9474,[[CalumetBeach201507071000_Water_Temperature]]
2025-10-15 19:27:02.391,74.970,Montrose_WaterTempDrop_85,atomic,[Montrose_WaterTempDrop_85],[0.9654],1,1,0.9654,[[MontroseBeach201507071100_Water_Temperature]]
2025-10-15 19:27:02.392,74.971,63rd_WaterTempDrop_85,atomic,[63rd_WaterTempDrop_85],[1.0000],1,1,1.0000,[[63rdStreetBeach201507071100_Water_Temperature]]
2025-10-15 19:27:02.393,74.972,Calumet_WaterTempDrop_85,atomic,[Calumet_WaterTempDrop_85],[1.0000],1,1,1.0000,[[CalumetBeach201507071100_Water_Temperature]]
2025-10-15 19:27:02.455,75.034,Montrose_WaterTempDrop_85,atomic,[Montrose_WaterTempDrop_85],[1.0000],1,1,1.0000,[[MontroseBeach201507071200_Water_Temperature]]
2025-10-15 19:27:02.455,75.034,Calumet_WaterTempDrop_85,atomic,[Calumet_WaterTempDrop_85],[1.0000],1,1,1.0000,[[CalumetBeach201507071200_Water_Temperature]]
2025-10-15 19:27:02.514,75.093,Montrose_WaterTempDrop_85,atomic,[Montrose_WaterTempDrop_85],[0.9635],1,1,0.9635,[[MontroseBeach201507071300_Water_Temperature]]
2025-10-15 19:27:02.516,75.095,Calumet_WaterTempDrop_85,atomic,[Calumet_WaterTempDrop_85],[0.9550],1,1,0.9550,[[CalumetBeach201507071300_Water_Temperature]]
2025-10-15 19:27:02.516,75.095,63rd_WaterTempDrop_85,atomic,[63rd_WaterTempDrop_85],[0.9583],1,1,0.9583,[[63rdStreetBeach201507071300_Water_Temperature]]
2025-10-15 19:27:02.577,75.156,Montrose_WaterTempDrop_85,atomic,[Montrose_WaterTempDrop_85],[0.9591],1,1,0.9591,[[MontroseBeach201507071400_Water_Temperature]]
2025-10-15 19:27:02.580,75.159,Calumet_WaterTempDrop_85,atomic,[Calumet_WaterTempDrop_85],[0.9498],1,1,0.9498,[[CalumetBeach201507071400_Water_Temperature]]
2025-10-15 19:27:02.580,75.159,63rd_WaterTempDrop_85,atomic,[63rd_WaterTempDrop_85],[1.0000],1,1,1.0000,[[63rdStreetBeach201507071400_Water_Temperature]]
2025-10-15 19:27:02.642,75.221,Calumet_WaterTempDrop_85,atomic,[Calumet_WaterTempDrop_85],[1.0000],1,1,1.0000,[[CalumetBeach201507071500_Water_Temperature]]
2025-10-15 19:27:02.642,75.221,Montrose_WaterTempDrop_85,atomic,[Montrose_WaterTempDrop_85],[0.9543],1,1,0.9543,[[MontroseBeach201507071500_Water_Temperature]]
2025-10-15 19:27:02.642,75.221,63rd_WaterTempDrop_85,atomic,[63rd_WaterTempDrop_85],[1.0000],1,1,1.0000,[[63rdStreetBeach201507071500_Water_Temperature]]
2025-10-15 19:27:02.643,75.222,Montrose_HighWave_85,atomic,[Montrose_HighWave_85],[1.0000],1,1,1.0000,[[MontroseBeach201507071500_Wave_Height]]
2025-10-15 19:27:02.704,75.283,Calumet_WaterTempDrop_85,atomic,[Calumet_WaterTempDrop_85],[0.9515],1,1,0.9515,[[CalumetBeach201507071600_Water_Temperature]]
2025-10-15 19:27:02.704,75.283,Montrose_WaterTempDrop_85,atomic,[Montrose_WaterTempDrop_85],[1.0000],1,1,1.0000,[[MontroseBeach201507071600_Water_Temperature]]
2025-10-15 19:27:02.705,75.284,63rd_WaterTempDrop_85,atomic,[63rd_WaterTempDrop_85],[1.0000],1,1,1.0000,[[63rdStreetBeach201507071600_Water_Temperature]]
2025-10-15 19:27:02.705,75.284,63rd_HighWave_85,atomic,[63rd_HighWave_85],[1.0000],1,1,1.0000,[[63rdStreetBeach201507071600_Wave_Height]]
2025-10-15 19:27:02.766,75.345,Montrose_WaterTempDrop_85,atomic,[Montrose_WaterTempDrop_85],[1.0000],1,1,1.0000,[[MontroseBeach201507071700_Water_Temperature]]
2025-10-15 19:27:02.766,75.345,Calumet_WaterTempDrop_85,atomic,[Calumet_WaterTempDrop_85],[1.0000],1,1,1.0000,[[CalumetBeach201507071700_Water_Temperature]]
2025-10-15 19:27:02.827,75.406,Calumet_WaterTempDrop_85,atomic,[Calumet_WaterTempDrop_85],[0.9528],1,1,0.9528,[[CalumetBeach201507071800_Water_Temperature]]
2025-10-15 19:27:02.830,75.409,63rd_WaterTempDrop_85,atomic,[63rd_WaterTempDrop_85],[1.0000],1,1,1.0000,[[63rdStreetBeach201507071800_Water_Temperature]]
2025-10-15 19:27:02.830,75.409,63rd_HighWave_85,atomic,[63rd_HighWave_85],[1.0000],1,1,1.0000,[[63rdStreetBeach201507071800_Wave_Height]]
2025-10-15 19:27:02.830,75.409,Montrose_WaterTempDrop_85,atomic,[Montrose_WaterTempDrop_85],[1.0000],1,1,1.0000,[[MontroseBeach201507071800_Water_Temperature]]
2025-10-15 19:27:02.889,75.468,Montrose_WaterTempDrop_85,atomic,[Montrose_WaterTempDrop_85],[0.9617],1,1,0.9617,[[MontroseBeach201507071900_Water_Temperature]]
2025-10-15 19:27:02.889,75.468,Calumet_WaterTempDrop_85,atomic,[Calumet_WaterTempDrop_85],[0.9476],1,1,0.9476,[[CalumetBeach201507071900_Water_Temperature]]
2025-10-15 19:27:02.889,75.468,Montrose_HighWave_85,atomic,[Montrose_HighWave_85],[1.0000],1,1,1.0000,[[MontroseBeach201507071900_Wave_Height]]
2025-10-15 19:27:02.954,75.533,Calumet_WaterTempDrop_85,atomic,[Calumet_WaterTempDrop_85],[1.0000],1,1,1.0000,[[CalumetBeach201507072000_Water_Temperature]]
2025-10-15 19:27:02.954,75.533,Montrose_WaterTempDrop_85,atomic,[Montrose_WaterTempDrop_85],[0.9572],1,1,0.9572,[[MontroseBeach201507072000_Water_Temperature]]
2025-10-15 19:27:02.955,75.534,63rd_WaterTempDrop_85,atomic,[63rd_WaterTempDrop_85],[1.0000],1,1,1.0000,[[63rdStreetBeach201507072000_Water_Temperature]]
2025-10-15 19:27:02.955,75.534,Montrose_HighWave_85,atomic,[Montrose_HighWave_85],[1.0000],1,1,1.0000,[[MontroseBeach201507072000_Wave_Height]]
2025-10-15 19:27:03.013,75.592,Calumet_WaterTempDrop_85,atomic,[Calumet_WaterTempDrop_85],[0.9500],1,1,0.9500,[[CalumetBeach201507072100_Water_Temperature]]
2025-10-15 19:27:03.014,75.593,Montrose_WaterTempDrop_85,atomic,[Montrose_WaterTempDrop_85],[1.0000],1,1,1.0000,[[MontroseBeach201507072100_Water_Temperature]]
2025-10-15 19:27:03.075,75.654,63rd_WaterTempDrop_85,atomic,[63rd_WaterTempDrop_85],[1.0000],1,1,1.0000,[[63rdStreetBeach201507072200_Water_Temperature]]
2025-10-15 19:27:03.076,75.655,Montrose_WaterTempDrop_85,atomic,[Montrose_WaterTempDrop_85],[1.0000],1,1,1.0000,[[MontroseBeach201507072200_Water_Temperature]]
2025-10-15 19:27:03.076,75.655,Calumet_WaterTempDrop_85,atomic,[Calumet_WaterTempDrop_85],[1.0000],1,1,1.0000,[[CalumetBeach201507072200_Water_Temperature]]
2025-10-15 19:27:03.138,75.717,63rd_WaterTempDrop_85,atomic,[63rd_WaterTempDrop_85],[0.9687],1,1,0.9687,[[63rdStreetBeach201507072300_Water_Temperature]]
2025-10-15 19:27:03.138,75.717,Calumet_WaterTempDrop_85,atomic,[Calumet_WaterTempDrop_85],[1.0000],1,1,1.0000,[[CalumetBeach201507072300_Water_Temperature]]
2025-10-15 19:27:03.139,75.718,Montrose_WaterTempDrop_85,atomic,[Montrose_WaterTempDrop_85],[1.0000],1,1,1.0000,[[MontroseBeach201507072300_Water_Temperature]]
2025-10-15 19:27:03.201,75.780,Montrose_WaterTempDrop_85,atomic,[Montrose_WaterTempDrop_85],[1.0000],1,1,1.0000,[[MontroseBeach201507082400_Water_Temperature]]
2025-10-15 19:27:03.201,75.780,Montrose_HighWave_85,atomic,[Montrose_HighWave_85],[1.0000],1,1,1.0000,[[MontroseBeach201507082400_Wave_Height]]
2025-10-15 19:27:03.202,75.781,Calumet_WaterTempDrop_85,atomic,[Calumet_WaterTempDrop_85],[1.0000],1,1,1.0000,[[CalumetBeach201507082400_Water_Temperature]]
2025-10-15 19:27:03.202,75.781,Calumet_HighTurbidity_85,atomic,[Calumet_HighTurbidity_85],[1.0000],1,1,1.0000,[[CalumetBeach201507082400_Turbidity]]
2025-10-15 19:27:03.203,75.782,Calumet_LocalAlert_85,complex,[Calumet_HighTurbidity_85;Calumet_WaterTempDrop_85],[1.0000;1.0000],2,2,1.0000,[[CalumetBeach201507082400_Turbidity];[CalumetBeach201506290700_Water_Temperature]]
2025-10-15 19:27:03.264,75.843,Montrose_WaterTempDrop_85,atomic,[Montrose_WaterTempDrop_85],[1.0000],1,1,1.0000,[[MontroseBeach201507080100_Water_Temperature]]
2025-10-15 19:27:03.266,75.845,63rd_WaterTempDrop_85,atomic,[63rd_WaterTempDrop_85],[1.0000],1,1,1.0000,[[63rdStreetBeach201507080100_Water_Temperature]]
2025-10-15 19:27:03.266,75.845,Calumet_WaterTempDrop_85,atomic,[Calumet_WaterTempDrop_85],[1.0000],1,1,1.0000,[[CalumetBeach201507080100_Water_Temperature]]
2025-10-15 19:27:03.324,75.903,63rd_WaterTempDrop_85,atomic,[63rd_WaterTempDrop_85],[1.0000],1,1,1.0000,[[63rdStreetBeach201507080200_Water_Temperature]]
2025-10-15 19:27:03.325,75.904,Calumet_HighTurbidity_85,atomic,[Calumet_HighTurbidity_85],[0.8800],1,1,0.8800,[[CalumetBeach201507080200_Turbidity]]
2025-10-15 19:27:03.327,75.906,Calumet_LocalAlert_85,complex,[Calumet_HighTurbidity_85;Calumet_WaterTempDrop_85],[0.8800;1.0000],2,2,0.9400,[[CalumetBeach201507080200_Turbidity];[CalumetBeach201507080100_Water_Temperature]]
2025-10-15 19:27:03.327,75.906,Montrose_WaterTempDrop_85,atomic,[Montrose_WaterTempDrop_85],[1.0000],1,1,1.0000,[[MontroseBeach201507080200_Water_Temperature]]
2025-10-15 19:27:03.327,75.906,Calumet_WaterTempDrop_85,atomic,[Calumet_WaterTempDrop_85],[1.0000],1,1,1.0000,[[CalumetBeach201507080200_Water_Temperature]]
2025-10-15 19:27:03.390,75.969,Montrose_WaterTempDrop_85,atomic,[Montrose_WaterTempDrop_85],[0.9682],1,1,0.9682,[[MontroseBeach201507080300_Water_Temperature]]
2025-10-15 19:27:03.390,75.969,63rd_WaterTempDrop_85,atomic,[63rd_WaterTempDrop_85],[1.0000],1,1,1.0000,[[63rdStreetBeach201507080300_Water_Temperature]]
2025-10-15 19:27:03.391,75.970,Calumet_WaterTempDrop_85,atomic,[Calumet_WaterTempDrop_85],[1.0000],1,1,1.0000,[[CalumetBeach201507080300_Water_Temperature]]
2025-10-15 19:27:03.391,75.970,Calumet_HighTurbidity_85,atomic,[Calumet_HighTurbidity_85],[1.0000],1,1,1.0000,[[CalumetBeach201507080300_Turbidity]]
2025-10-15 19:27:03.391,75.970,Calumet_LocalAlert_85,complex,[Calumet_HighTurbidity_85;Calumet_WaterTempDrop_85],[1.0000;1.0000],2,2,1.0000,[[CalumetBeach201507080300_Turbidity];[CalumetBeach201507080200_Water_Temperature]]
2025-10-15 19:27:03.391,75.970,Montrose_HighWave_85,atomic,[Montrose_HighWave_85],[1.0000],1,1,1.0000,[[MontroseBeach201507080300_Wave_Height]]
2025-10-15 19:27:03.450,76.029,Montrose_WaterTempDrop_85,atomic,[Montrose_WaterTempDrop_85],[0.9644],1,1,0.9644,[[MontroseBeach201507080400_Water_Temperature]]
2025-10-15 19:27:03.451,76.030,63rd_WaterTempDrop_85,atomic,[63rd_WaterTempDrop_85],[0.9690],1,1,0.9690,[[63rdStreetBeach201507080400_Water_Temperature]]
2025-10-15 19:27:03.451,76.030,Calumet_WaterTempDrop_85,atomic,[Calumet_WaterTempDrop_85],[0.9672],1,1,0.9672,[[CalumetBeach201507080400_Water_Temperature]]
2025-10-15 19:27:03.452,76.031,Calumet_HighTurbidity_85,atomic,[Calumet_HighTurbidity_85],[0.8926],1,1,0.8926,[[CalumetBeach201507080400_Turbidity]]
2025-10-15 19:27:03.452,76.031,Calumet_LocalAlert_85,complex,[Calumet_HighTurbidity_85;Calumet_WaterTempDrop_85],[0.8926;0.9672],2,2,0.9299,[[CalumetBeach201507080400_Turbidity];[CalumetBeach201507080400_Water_Temperature]]
2025-10-15 19:27:03.510,76.089,Calumet_HighTurbidity_85,atomic,[Calumet_HighTurbidity_85],[0.8775],1,1,0.8775,[[CalumetBeach201507080500_Turbidity]]
2025-10-15 19:27:03.513,76.092,Calumet_WaterTempDrop_85,atomic,[Calumet_WaterTempDrop_85],[1.0000],1,1,1.0000,[[CalumetBeach201507080500_Water_Temperature]]
2025-10-15 19:27:03.513,76.092,Calumet_LocalAlert_85,complex,[Calumet_HighTurbidity_85;Calumet_WaterTempDrop_85],[0.8775;1.0000],2,2,0.9387,[[CalumetBeach201507080500_Turbidity];[CalumetBeach201507080500_Water_Temperature]]
2025-10-15 19:27:03.514,76.093,Montrose_WaterTempDrop_85,atomic,[Montrose_WaterTempDrop_85],[0.9601],1,1,0.9601,[[MontroseBeach201507080500_Water_Temperature]]
2025-10-15 19:27:03.514,76.093,63rd_WaterTempDrop_85,atomic,[63rd_WaterTempDrop_85],[1.0000],1,1,1.0000,[[63rdStreetBeach201507080500_Water_Temperature]]
2025-10-15 19:27:03.514,76.093,Montrose_HighWave_85,atomic,[Montrose_HighWave_85],[1.0000],1,1,1.0000,[[MontroseBeach201507080500_Wave_Height]]
2025-10-15 19:27:03.574,76.153,Calumet_WaterTempDrop_85,atomic,[Calumet_WaterTempDrop_85],[0.9655],1,1,0.9655,[[CalumetBeach201507080600_Water_Temperature]]
2025-10-15 19:27:03.575,76.154,Calumet_HighTurbidity_85,atomic,[Calumet_HighTurbidity_85],[0.8608],1,1,0.8608,[[CalumetBeach201507080600_Turbidity]]
2025-10-15 19:27:03.575,76.154,Calumet_LocalAlert_85,complex,[Calumet_HighTurbidity_85;Calumet_WaterTempDrop_85],[0.8608;0.9655],2,2,0.9132,[[CalumetBeach201507080600_Turbidity];[CalumetBeach201507080600_Water_Temperature]]
2025-10-15 19:27:03.577,76.156,Montrose_WaterTempDrop_85,atomic,[Montrose_WaterTempDrop_85],[1.0000],1,1,1.0000,[[MontroseBeach201507080600_Water_Temperature]]
2025-10-15 19:27:03.577,76.156,Montrose_HighWave_85,atomic,[Montrose_HighWave_85],[1.0000],1,1,1.0000,[[MontroseBeach201507080600_Wave_Height]]
2025-10-15 19:27:03.635,76.214,63rd_WaterTempDrop_85,atomic,[63rd_WaterTempDrop_85],[0.9667],1,1,0.9667,[[63rdStreetBeach201507080700_Water_Temperature]]
2025-10-15 19:27:03.639,76.218,Montrose_WaterTempDrop_85,atomic,[Montrose_WaterTempDrop_85],[1.0000],1,1,1.0000,[[MontroseBeach201507080700_Water_Temperature]]
2025-10-15 19:27:03.639,76.218,Montrose_HighWave_85,atomic,[Montrose_HighWave_85],[1.0000],1,1,1.0000,[[MontroseBeach201507080700_Wave_Height]]
2025-10-15 19:27:03.639,76.218,Calumet_WaterTempDrop_85,atomic,[Calumet_WaterTempDrop_85],[1.0000],1,1,1.0000,[[CalumetBeach201507080700_Water_Temperature]]
2025-10-15 19:27:03.700,76.279,Montrose_HighWave_85,atomic,[Montrose_HighWave_85],[0.8741],1,1,0.8741,[[MontroseBeach201507080800_Wave_Height]]
2025-10-15 19:27:03.701,76.280,Calumet_WaterTempDrop_85,atomic,[Calumet_WaterTempDrop_85],[0.9639],1,1,0.9639,[[CalumetBeach201507080800_Water_Temperature]]
2025-10-15 19:27:03.701,76.280,Montrose_WaterTempDrop_85,atomic,[Montrose_WaterTempDrop_85],[1.0000],1,1,1.0000,[[MontroseBeach201507080800_Water_Temperature]]
2025-10-15 19:27:03.761,76.340,Calumet_WaterTempDrop_85,atomic,[Calumet_WaterTempDrop_85],[1.0000],1,1,1.0000,[[CalumetBeach201507080900_Water_Temperature]]
2025-10-15 19:27:03.762,76.341,Montrose_WaterTempDrop_85,atomic,[Montrose_WaterTempDrop_85],[1.0000],1,1,1.0000,[[MontroseBeach201507080900_Water_Temperature]]
2025-10-15 19:27:03.824,76.403,Montrose_WaterTempDrop_85,atomic,[Montrose_WaterTempDrop_85],[1.0000],1,1,1.0000,[[MontroseBeach201507081000_Water_Temperature]]
2025-10-15 19:27:03.826,76.405,63rd_WaterTempDrop_85,atomic,[63rd_WaterTempDrop_85],[1.0000],1,1,1.0000,[[63rdStreetBeach201507081000_Water_Temperature]]
2025-10-15 19:27:03.826,76.405,Calumet_WaterTempDrop_85,atomic,[Calumet_WaterTempDrop_85],[1.0000],1,1,1.0000,[[CalumetBeach201507081000_Water_Temperature]]
2025-10-15 19:27:03.885,76.464,63rd_WaterTempDrop_85,atomic,[63rd_WaterTempDrop_85],[0.9646],1,1,0.9646,[[63rdStreetBeach201507081100_Water_Temperature]]
2025-10-15 19:27:03.887,76.466,Montrose_WaterTempDrop_85,atomic,[Montrose_WaterTempDrop_85],[1.0000],1,1,1.0000,[[MontroseBeach201507081100_Water_Temperature]]
2025-10-15 19:27:03.888,76.467,Calumet_WaterTempDrop_85,atomic,[Calumet_WaterTempDrop_85],[1.0000],1,1,1.0000,[[CalumetBeach201507081100_Water_Temperature]]
2025-10-15 19:27:03.947,76.526,Montrose_WaterTempDrop_85,atomic,[Montrose_WaterTempDrop_85],[1.0000],1,1,1.0000,[[MontroseBeach201507081200_Water_Temperature]]
2025-10-15 19:27:03.949,76.528,Calumet_WaterTempDrop_85,atomic,[Calumet_WaterTempDrop_85],[1.0000],1,1,1.0000,[[CalumetBeach201507081200_Water_Temperature]]
2025-10-15 19:27:04.012,76.591,Calumet_WaterTempDrop_85,atomic,[Calumet_WaterTempDrop_85],[1.0000],1,1,1.0000,[[CalumetBeach201507081300_Water_Temperature]]
2025-10-15 19:27:04.013,76.592,63rd_WaterTempDrop_85,atomic,[63rd_WaterTempDrop_85],[0.9603],1,1,0.9603,[[63rdStreetBeach201507081300_Water_Temperature]]
2025-10-15 19:27:04.013,76.592,Montrose_WaterTempDrop_85,atomic,[Montrose_WaterTempDrop_85],[1.0000],1,1,1.0000,[[MontroseBeach201507081300_Water_Temperature]]
2025-10-15 19:27:04.073,76.652,Montrose_WaterTempDrop_85,atomic,[Montrose_WaterTempDrop_85],[1.0000],1,1,1.0000,[[MontroseBeach201507081400_Water_Temperature]]
2025-10-15 19:27:04.073,76.652,Calumet_WaterTempDrop_85,atomic,[Calumet_WaterTempDrop_85],[1.0000],1,1,1.0000,[[CalumetBeach201507081400_Water_Temperature]]
2025-10-15 19:27:04.134,76.713,Calumet_WaterTempDrop_85,atomic,[Calumet_WaterTempDrop_85],[0.9696],1,1,0.9696,[[CalumetBeach201507081500_Water_Temperature]]
2025-10-15 19:27:04.135,76.714,Montrose_WaterTempDrop_85,atomic,[Montrose_WaterTempDrop_85],[1.0000],1,1,1.0000,[[MontroseBeach201507081500_Water_Temperature]]
2025-10-15 19:27:04.199,76.778,Calumet_WaterTempDrop_85,atomic,[Calumet_WaterTempDrop_85],[0.9658],1,1,0.9658,[[CalumetBeach201507081600_Water_Temperature]]
2025-10-15 19:27:04.200,76.779,Montrose_WaterTempDrop_85,atomic,[Montrose_WaterTempDrop_85],[0.9714],1,1,0.9714,[[MontroseBeach201507081600_Water_Temperature]]
2025-10-15 19:27:04.200,76.779,63rd_WaterTempDrop_85,atomic,[63rd_WaterTempDrop_85],[0.9556],1,1,0.9556,[[63rdStreetBeach201507081600_Water_Temperature]]
2025-10-15 19:27:04.261,76.840,63rd_WaterTempDrop_85,atomic,[63rd_WaterTempDrop_85],[1.0000],1,1,1.0000,[[63rdStreetBeach201507081700_Water_Temperature]]
2025-10-15 19:27:04.262,76.841,Montrose_WaterTempDrop_85,atomic,[Montrose_WaterTempDrop_85],[0.9678],1,1,0.9678,[[MontroseBeach201507081700_Water_Temperature]]
2025-10-15 19:27:04.262,76.841,Calumet_WaterTempDrop_85,atomic,[Calumet_WaterTempDrop_85],[1.0000],1,1,1.0000,[[CalumetBeach201507081700_Water_Temperature]]
2025-10-15 19:27:04.325,76.904,Calumet_WaterTempDrop_85,atomic,[Calumet_WaterTempDrop_85],[1.0000],1,1,1.0000,[[CalumetBeach201507081800_Water_Temperature]]
2025-10-15 19:27:04.326,76.905,63rd_WaterTempDrop_85,atomic,[63rd_WaterTempDrop_85],[0.9555],1,1,0.9555,[[63rdStreetBeach201507081800_Water_Temperature]]
2025-10-15 19:27:04.326,76.905,Montrose_WaterTempDrop_85,atomic,[Montrose_WaterTempDrop_85],[1.0000],1,1,1.0000,[[MontroseBeach201507081800_Water_Temperature]]
2025-10-15 19:27:04.388,76.967,Calumet_WaterTempDrop_85,atomic,[Calumet_WaterTempDrop_85],[0.9656],1,1,0.9656,[[CalumetBeach201507081900_Water_Temperature]]
2025-10-15 19:27:04.391,76.970,63rd_WaterTempDrop_85,atomic,[63rd_WaterTempDrop_85],[0.9502],1,1,0.9502,[[63rdStreetBeach201507081900_Water_Temperature]]
2025-10-15 19:27:04.393,76.972,Montrose_WaterTempDrop_85,atomic,[Montrose_WaterTempDrop_85],[1.0000],1,1,1.0000,[[MontroseBeach201507081900_Water_Temperature]]
2025-10-15 19:27:04.448,77.027,63rd_WaterTempDrop_85,atomic,[63rd_WaterTempDrop_85],[1.0000],1,1,1.0000,[[63rdStreetBeach201507082000_Water_Temperature]]
2025-10-15 19:27:04.448,77.027,Calumet_WaterTempDrop_85,atomic,[Calumet_WaterTempDrop_85],[1.0000],1,1,1.0000,[[CalumetBeach201507082000_Water_Temperature]]
2025-10-15 19:27:04.448,77.027,Montrose_WaterTempDrop_85,atomic,[Montrose_WaterTempDrop_85],[0.9669],1,1,0.9669,[[MontroseBeach201507082000_Water_Temperature]]
2025-10-15 19:27:04.513,77.092,Montrose_WaterTempDrop_85,atomic,[Montrose_WaterTempDrop_85],[0.9628],1,1,0.9628,[[MontroseBeach201507082100_Water_Temperature]]
2025-10-15 19:27:04.513,77.092,63rd_WaterTempDrop_85,atomic,[63rd_WaterTempDrop_85],[1.0000],1,1,1.0000,[[63rdStreetBeach201507082100_Water_Temperature]]
2025-10-15 19:27:04.514,77.093,Calumet_WaterTempDrop_85,atomic,[Calumet_WaterTempDrop_85],[1.0000],1,1,1.0000,[[CalumetBeach201507082100_Water_Temperature]]
2025-10-15 19:27:04.575,77.154,63rd_WaterTempDrop_85,atomic,[63rd_WaterTempDrop_85],[1.0000],1,1,1.0000,[[63rdStreetBeach201507082200_Water_Temperature]]
2025-10-15 19:27:04.577,77.156,Calumet_WaterTempDrop_85,atomic,[Calumet_WaterTempDrop_85],[1.0000],1,1,1.0000,[[CalumetBeach201507082200_Water_Temperature]]
2025-10-15 19:27:04.577,77.156,Montrose_WaterTempDrop_85,atomic,[Montrose_WaterTempDrop_85],[1.0000],1,1,1.0000,[[MontroseBeach201507082200_Water_Temperature]]
2025-10-15 19:27:04.636,77.215,Montrose_WaterTempDrop_85,atomic,[Montrose_WaterTempDrop_85],[1.0000],1,1,1.0000,[[MontroseBeach201507082300_Water_Temperature]]
2025-10-15 19:27:04.636,77.215,Calumet_WaterTempDrop_85,atomic,[Calumet_WaterTempDrop_85],[1.0000],1,1,1.0000,[[CalumetBeach201507082300_Water_Temperature]]
2025-10-15 19:27:04.699,77.278,Calumet_WaterTempDrop_85,atomic,[Calumet_WaterTempDrop_85],[1.0000],1,1,1.0000,[[CalumetBeach201507092400_Water_Temperature]]
2025-10-15 19:27:04.700,77.279,Montrose_WaterTempDrop_85,atomic,[Montrose_WaterTempDrop_85],[0.9635],1,1,0.9635,[[MontroseBeach201507092400_Water_Temperature]]
2025-10-15 19:27:04.700,77.279,Montrose_HighTurbidity_85,atomic,[Montrose_HighTurbidity_85],[1.0000],1,1,1.0000,[[MontroseBeach201507092400_Turbidity]]
2025-10-15 19:27:04.701,77.280,Montrose_LocalAlert_85,complex,[Montrose_HighTurbidity_85;Montrose_WaterTempDrop_85],[1.0000;1.0000],2,2,1.0000,[[MontroseBeach201507092400_Turbidity];[MontroseBeach201506271400_Water_Temperature]]
2025-10-15 19:27:04.757,77.336,Calumet_WaterTempDrop_85,atomic,[Calumet_WaterTempDrop_85],[0.9689],1,1,0.9689,[[CalumetBeach201507090100_Water_Temperature]]
2025-10-15 19:27:04.758,77.337,Montrose_HighTurbidity_85,atomic,[Montrose_HighTurbidity_85],[0.8515],1,1,0.8515,[[MontroseBeach201507090100_Turbidity]]
2025-10-15 19:27:04.761,77.340,Montrose_WaterTempDrop_85,atomic,[Montrose_WaterTempDrop_85],[1.0000],1,1,1.0000,[[MontroseBeach201507090100_Water_Temperature]]
2025-10-15 19:27:04.761,77.340,Montrose_LocalAlert_85,complex,[Montrose_HighTurbidity_85;Montrose_WaterTempDrop_85],[0.8515;1.0000],2,2,0.9257,[[MontroseBeach201507090100_Turbidity];[MontroseBeach201507090100_Water_Temperature]]
2025-10-15 19:27:04.762,77.341,63rd_WaterTempDrop_85,atomic,[63rd_WaterTempDrop_85],[1.0000],1,1,1.0000,[[63rdStreetBeach201507090100_Water_Temperature]]
2025-10-15 19:27:04.822,77.401,Montrose_WaterTempDrop_85,atomic,[Montrose_WaterTempDrop_85],[0.9619],1,1,0.9619,[[MontroseBeach201507090200_Water_Temperature]]
2025-10-15 19:27:04.823,77.402,Calumet_WaterTempDrop_85,atomic,[Calumet_WaterTempDrop_85],[1.0000],1,1,1.0000,[[CalumetBeach201507090200_Water_Temperature]]
2025-10-15 19:27:04.825,77.404,63rd_WaterTempDrop_85,atomic,[63rd_WaterTempDrop_85],[1.0000],1,1,1.0000,[[63rdStreetBeach201507090200_Water_Temperature]]
2025-10-15 19:27:04.886,77.465,Calumet_WaterTempDrop_85,atomic,[Calumet_WaterTempDrop_85],[1.0000],1,1,1.0000,[[CalumetBeach201507090300_Water_Temperature]]
2025-10-15 19:27:04.887,77.466,Montrose_WaterTempDrop_85,atomic,[Montrose_WaterTempDrop_85],[1.0000],1,1,1.0000,[[MontroseBeach201507090300_Water_Temperature]]
2025-10-15 19:27:04.950,77.529,Montrose_WaterTempDrop_85,atomic,[Montrose_WaterTempDrop_85],[1.0000],1,1,1.0000,[[MontroseBeach201507090400_Water_Temperature]]
2025-10-15 19:27:04.950,77.529,63rd_WaterTempDrop_85,atomic,[63rd_WaterTempDrop_85],[1.0000],1,1,1.0000,[[63rdStreetBeach201507090400_Water_Temperature]]
2025-10-15 19:27:04.951,77.530,Calumet_WaterTempDrop_85,atomic,[Calumet_WaterTempDrop_85],[1.0000],1,1,1.0000,[[CalumetBeach201507090400_Water_Temperature]]
2025-10-15 19:27:05.011,77.590,63rd_WaterTempDrop_85,atomic,[63rd_WaterTempDrop_85],[1.0000],1,1,1.0000,[[63rdStreetBeach201507090500_Water_Temperature]]
2025-10-15 19:27:05.012,77.591,Montrose_WaterTempDrop_85,atomic,[Montrose_WaterTempDrop_85],[1.0000],1,1,1.0000,[[MontroseBeach201507090500_Water_Temperature]]
2025-10-15 19:27:05.014,77.593,Montrose_HighWave_85,atomic,[Montrose_HighWave_85],[1.0000],1,1,1.0000,[[MontroseBeach201507090500_Wave_Height]]
2025-10-15 19:27:05.014,77.593,Calumet_WaterTempDrop_85,atomic,[Calumet_WaterTempDrop_85],[1.0000],1,1,1.0000,[[CalumetBeach201507090500_Water_Temperature]]
2025-10-15 19:27:05.075,77.654,63rd_WaterTempDrop_85,atomic,[63rd_WaterTempDrop_85],[1.0000],1,1,1.0000,[[63rdStreetBeach201507090600_Water_Temperature]]
2025-10-15 19:27:05.076,77.655,Calumet_WaterTempDrop_85,atomic,[Calumet_WaterTempDrop_85],[1.0000],1,1,1.0000,[[CalumetBeach201507090600_Water_Temperature]]
2025-10-15 19:27:05.077,77.656,Montrose_WaterTempDrop_85,atomic,[Montrose_WaterTempDrop_85],[1.0000],1,1,1.0000,[[MontroseBeach201507090600_Water_Temperature]]
2025-10-15 19:27:05.138,77.717,63rd_WaterTempDrop_85,atomic,[63rd_WaterTempDrop_85],[1.0000],1,1,1.0000,[[63rdStreetBeach201507090700_Water_Temperature]]
2025-10-15 19:27:05.141,77.720,Calumet_WaterTempDrop_85,atomic,[Calumet_WaterTempDrop_85],[1.0000],1,1,1.0000,[[CalumetBeach201507090700_Water_Temperature]]
2025-10-15 19:27:05.141,77.720,Montrose_WaterTempDrop_85,atomic,[Montrose_WaterTempDrop_85],[1.0000],1,1,1.0000,[[MontroseBeach201507090700_Water_Temperature]]
2025-10-15 19:27:05.201,77.780,Calumet_WaterTempDrop_85,atomic,[Calumet_WaterTempDrop_85],[1.0000],1,1,1.0000,[[CalumetBeach201507090800_Water_Temperature]]
2025-10-15 19:27:05.202,77.781,Montrose_WaterTempDrop_85,atomic,[Montrose_WaterTempDrop_85],[1.0000],1,1,1.0000,[[MontroseBeach201507090800_Water_Temperature]]
2025-10-15 19:27:05.261,77.840,Montrose_WaterTempDrop_85,atomic,[Montrose_WaterTempDrop_85],[1.0000],1,1,1.0000,[[MontroseBeach201507090900_Water_Temperature]]
2025-10-15 19:27:05.261,77.840,Montrose_HighWave_85,atomic,[Montrose_HighWave_85],[1.0000],1,1,1.0000,[[MontroseBeach201507090900_Wave_Height]]
2025-10-15 19:27:05.262,77.841,Calumet_WaterTempDrop_85,atomic,[Calumet_WaterTempDrop_85],[1.0000],1,1,1.0000,[[CalumetBeach201507090900_Water_Temperature]]
2025-10-15 19:27:05.325,77.904,Calumet_WaterTempDrop_85,atomic,[Calumet_WaterTempDrop_85],[1.0000],1,1,1.0000,[[CalumetBeach201507091000_Water_Temperature]]
2025-10-15 19:27:05.327,77.906,63rd_WaterTempDrop_85,atomic,[63rd_WaterTempDrop_85],[1.0000],1,1,1.0000,[[63rdStreetBeach201507091000_Water_Temperature]]
2025-10-15 19:27:05.327,77.906,Montrose_WaterTempDrop_85,atomic,[Montrose_WaterTempDrop_85],[1.0000],1,1,1.0000,[[MontroseBeach201507091000_Water_Temperature]]
2025-10-15 19:27:05.327,77.906,Montrose_HighWave_85,atomic,[Montrose_HighWave_85],[1.0000],1,1,1.0000,[[MontroseBeach201507091000_Wave_Height]]
2025-10-15 19:27:05.385,77.964,Montrose_WaterTempDrop_85,atomic,[Montrose_WaterTempDrop_85],[0.9705],1,1,0.9705,[[MontroseBeach201507091100_Water_Temperature]]
2025-10-15 19:27:05.388,77.967,Calumet_WaterTempDrop_85,atomic,[Calumet_WaterTempDrop_85],[0.9718],1,1,0.9718,[[CalumetBeach201507091100_Water_Temperature]]
2025-10-15 19:27:05.388,77.967,63rd_WaterTempDrop_85,atomic,[63rd_WaterTempDrop_85],[1.0000],1,1,1.0000,[[63rdStreetBeach201507091100_Water_Temperature]]
2025-10-15 19:27:05.451,78.030,Calumet_WaterTempDrop_85,atomic,[Calumet_WaterTempDrop_85],[1.0000],1,1,1.0000,[[CalumetBeach201507091200_Water_Temperature]]
2025-10-15 19:27:05.452,78.031,Montrose_WaterTempDrop_85,atomic,[Montrose_WaterTempDrop_85],[1.0000],1,1,1.0000,[[MontroseBeach201507091200_Water_Temperature]]
2025-10-15 19:27:05.452,78.031,Montrose_HighWave_85,atomic,[Montrose_HighWave_85],[1.0000],1,1,1.0000,[[MontroseBeach201507091200_Wave_Height]]
2025-10-15 19:27:05.453,78.032,63rd_WaterTempDrop_85,atomic,[63rd_WaterTempDrop_85],[1.0000],1,1,1.0000,[[63rdStreetBeach201507091200_Water_Temperature]]
2025-10-15 19:27:05.512,78.091,63rd_WaterTempDrop_85,atomic,[63rd_WaterTempDrop_85],[0.9717],1,1,0.9717,[[63rdStreetBeach201507091300_Water_Temperature]]
2025-10-15 19:27:05.513,78.092,Montrose_WaterTempDrop_85,atomic,[Montrose_WaterTempDrop_85],[1.0000],1,1,1.0000,[[MontroseBeach201507091300_Water_Temperature]]
2025-10-15 19:27:05.513,78.092,Calumet_WaterTempDrop_85,atomic,[Calumet_WaterTempDrop_85],[1.0000],1,1,1.0000,[[CalumetBeach201507091300_Water_Temperature]]
2025-10-15 19:27:05.575,78.154,Montrose_WaterTempDrop_85,atomic,[Montrose_WaterTempDrop_85],[1.0000],1,1,1.0000,[[MontroseBeach201507091400_Water_Temperature]]
2025-10-15 19:27:05.576,78.155,Calumet_WaterTempDrop_85,atomic,[Calumet_WaterTempDrop_85],[1.0000],1,1,1.0000,[[CalumetBeach201507091400_Water_Temperature]]
2025-10-15 19:27:05.637,78.216,Montrose_WaterTempDrop_85,atomic,[Montrose_WaterTempDrop_85],[1.0000],1,1,1.0000,[[MontroseBeach201507091500_Water_Temperature]]
2025-10-15 19:27:05.638,78.217,63rd_WaterTempDrop_85,atomic,[63rd_WaterTempDrop_85],[1.0000],1,1,1.0000,[[63rdStreetBeach201507091500_Water_Temperature]]
2025-10-15 19:27:05.638,78.217,Calumet_WaterTempDrop_85,atomic,[Calumet_WaterTempDrop_85],[1.0000],1,1,1.0000,[[CalumetBeach201507091500_Water_Temperature]]
2025-10-15 19:27:05.699,78.278,Calumet_WaterTempDrop_85,atomic,[Calumet_WaterTempDrop_85],[1.0000],1,1,1.0000,[[CalumetBeach201507091600_Water_Temperature]]
2025-10-15 19:27:05.701,78.280,Montrose_WaterTempDrop_85,atomic,[Montrose_WaterTempDrop_85],[1.0000],1,1,1.0000,[[MontroseBeach201507091600_Water_Temperature]]
2025-10-15 19:27:05.701,78.280,63rd_WaterTempDrop_85,atomic,[63rd_WaterTempDrop_85],[1.0000],1,1,1.0000,[[63rdStreetBeach201507091600_Water_Temperature]]
2025-10-15 19:27:05.760,78.339,Montrose_WaterTempDrop_85,atomic,[Montrose_WaterTempDrop_85],[1.0000],1,1,1.0000,[[MontroseBeach201507091700_Water_Temperature]]
2025-10-15 19:27:05.761,78.340,Calumet_WaterTempDrop_85,atomic,[Calumet_WaterTempDrop_85],[1.0000],1,1,1.0000,[[CalumetBeach201507091700_Water_Temperature]]
2025-10-15 19:27:05.761,78.340,63rd_WaterTempDrop_85,atomic,[63rd_WaterTempDrop_85],[1.0000],1,1,1.0000,[[63rdStreetBeach201507091700_Water_Temperature]]
2025-10-15 19:27:05.822,78.401,Montrose_WaterTempDrop_85,atomic,[Montrose_WaterTempDrop_85],[1.0000],1,1,1.0000,[[MontroseBeach201507091800_Water_Temperature]]
2025-10-15 19:27:05.824,78.403,Calumet_WaterTempDrop_85,atomic,[Calumet_WaterTempDrop_85],[1.0000],1,1,1.0000,[[CalumetBeach201507091800_Water_Temperature]]
2025-10-15 19:27:05.882,78.461,Calumet_WaterTempDrop_85,atomic,[Calumet_WaterTempDrop_85],[0.9718],1,1,0.9718,[[CalumetBeach201507091900_Water_Temperature]]
2025-10-15 19:27:05.885,78.464,Montrose_WaterTempDrop_85,atomic,[Montrose_WaterTempDrop_85],[0.9718],1,1,0.9718,[[MontroseBeach201507091900_Water_Temperature]]
2025-10-15 19:27:05.886,78.465,63rd_WaterTempDrop_85,atomic,[63rd_WaterTempDrop_85],[1.0000],1,1,1.0000,[[63rdStreetBeach201507091900_Water_Temperature]]
2025-10-15 19:27:05.943,78.522,Calumet_WaterTempDrop_85,atomic,[Calumet_WaterTempDrop_85],[0.9682],1,1,0.9682,[[CalumetBeach201507092000_Water_Temperature]]
2025-10-15 19:27:05.944,78.523,63rd_WaterTempDrop_85,atomic,[63rd_WaterTempDrop_85],[0.9709],1,1,0.9709,[[63rdStreetBeach201507092000_Water_Temperature]]
2025-10-15 19:27:05.946,78.525,Montrose_WaterTempDrop_85,atomic,[Montrose_WaterTempDrop_85],[1.0000],1,1,1.0000,[[MontroseBeach201507092000_Water_Temperature]]
2025-10-15 19:27:06.007,78.586,63rd_WaterTempDrop_85,atomic,[63rd_WaterTempDrop_85],[1.0000],1,1,1.0000,[[63rdStreetBeach201507092100_Water_Temperature]]
2025-10-15 19:27:06.008,78.587,Montrose_WaterTempDrop_85,atomic,[Montrose_WaterTempDrop_85],[1.0000],1,1,1.0000,[[MontroseBeach201507092100_Water_Temperature]]
2025-10-15 19:27:06.010,78.589,Calumet_WaterTempDrop_85,atomic,[Calumet_WaterTempDrop_85],[1.0000],1,1,1.0000,[[CalumetBeach201507092100_Water_Temperature]]
2025-10-15 19:27:06.069,78.648,63rd_WaterTempDrop_85,atomic,[63rd_WaterTempDrop_85],[0.9682],1,1,0.9682,[[63rdStreetBeach201507092200_Water_Temperature]]
2025-10-15 19:27:06.069,78.648,Montrose_WaterTempDrop_85,atomic,[Montrose_WaterTempDrop_85],[1.0000],1,1,1.0000,[[MontroseBeach201507092200_Water_Temperature]]
2025-10-15 19:27:06.070,78.649,Calumet_WaterTempDrop_85,atomic,[Calumet_WaterTempDrop_85],[1.0000],1,1,1.0000,[[CalumetBeach201507092200_Water_Temperature]]
2025-10-15 19:27:06.134,78.713,Calumet_WaterTempDrop_85,atomic,[Calumet_WaterTempDrop_85],[1.0000],1,1,1.0000,[[CalumetBeach201507092300_Water_Temperature]]
2025-10-15 19:27:06.134,78.713,63rd_WaterTempDrop_85,atomic,[63rd_WaterTempDrop_85],[0.9641],1,1,0.9641,[[63rdStreetBeach201507092300_Water_Temperature]]
2025-10-15 19:27:06.137,78.716,Montrose_WaterTempDrop_85,atomic,[Montrose_WaterTempDrop_85],[1.0000],1,1,1.0000,[[MontroseBeach201507092300_Water_Temperature]]
2025-10-15 19:27:06.196,78.775,Calumet_WaterTempDrop_85,atomic,[Calumet_WaterTempDrop_85],[1.0000],1,1,1.0000,[[CalumetBeach201507102400_Water_Temperature]]
2025-10-15 19:27:06.198,78.777,Montrose_WaterTempDrop_85,atomic,[Montrose_WaterTempDrop_85],[1.0000],1,1,1.0000,[[MontroseBeach201507102400_Water_Temperature]]
2025-10-15 19:27:06.198,78.777,63rd_WaterTempDrop_85,atomic,[63rd_WaterTempDrop_85],[1.0000],1,1,1.0000,[[63rdStreetBeach201507102400_Water_Temperature]]
2025-10-15 19:27:06.254,78.833,63rd_WaterTempDrop_85,atomic,[63rd_WaterTempDrop_85],[0.9622],1,1,0.9622,[[63rdStreetBeach201507100100_Water_Temperature]]
2025-10-15 19:27:06.254,78.833,Calumet_WaterTempDrop_85,atomic,[Calumet_WaterTempDrop_85],[0.9689],1,1,0.9689,[[CalumetBeach201507100100_Water_Temperature]]
2025-10-15 19:27:06.258,78.837,Montrose_WaterTempDrop_85,atomic,[Montrose_WaterTempDrop_85],[1.0000],1,1,1.0000,[[MontroseBeach201507100100_Water_Temperature]]
2025-10-15 19:27:06.320,78.899,63rd_WaterTempDrop_85,atomic,[63rd_WaterTempDrop_85],[1.0000],1,1,1.0000,[[63rdStreetBeach201507100200_Water_Temperature]]
2025-10-15 19:27:06.322,78.901,Calumet_WaterTempDrop_85,atomic,[Calumet_WaterTempDrop_85],[1.0000],1,1,1.0000,[[CalumetBeach201507100200_Water_Temperature]]
2025-10-15 19:27:06.322,78.901,Montrose_WaterTempDrop_85,atomic,[Montrose_WaterTempDrop_85],[1.0000],1,1,1.0000,[[MontroseBeach201507100200_Water_Temperature]]
2025-10-15 19:27:06.381,78.960,Calumet_WaterTempDrop_85,atomic,[Calumet_WaterTempDrop_85],[1.0000],1,1,1.0000,[[CalumetBeach201507100300_Water_Temperature]]
2025-10-15 19:27:06.381,78.960,Montrose_WaterTempDrop_85,atomic,[Montrose_WaterTempDrop_85],[1.0000],1,1,1.0000,[[MontroseBeach201507100300_Water_Temperature]]
2025-10-15 19:27:06.383,78.962,63rd_WaterTempDrop_85,atomic,[63rd_WaterTempDrop_85],[1.0000],1,1,1.0000,[[63rdStreetBeach201507100300_Water_Temperature]]
2025-10-15 19:27:06.444,79.023,63rd_WaterTempDrop_85,atomic,[63rd_WaterTempDrop_85],[1.0000],1,1,1.0000,[[63rdStreetBeach201507100400_Water_Temperature]]
2025-10-15 19:27:06.445,79.024,Montrose_WaterTempDrop_85,atomic,[Montrose_WaterTempDrop_85],[1.0000],1,1,1.0000,[[MontroseBeach201507100400_Water_Temperature]]
2025-10-15 19:27:06.445,79.024,Calumet_WaterTempDrop_85,atomic,[Calumet_WaterTempDrop_85],[1.0000],1,1,1.0000,[[CalumetBeach201507100400_Water_Temperature]]
2025-10-15 19:27:06.507,79.086,Montrose_WaterTempDrop_85,atomic,[Montrose_WaterTempDrop_85],[1.0000],1,1,1.0000,[[MontroseBeach201507100500_Water_Temperature]]
2025-10-15 19:27:06.507,79.086,Calumet_WaterTempDrop_85,atomic,[Calumet_WaterTempDrop_85],[1.0000],1,1,1.0000,[[CalumetBeach201507100500_Water_Temperature]]
2025-10-15 19:27:06.508,79.087,63rd_WaterTempDrop_85,atomic,[63rd_WaterTempDrop_85],[1.0000],1,1,1.0000,[[63rdStreetBeach201507100500_Water_Temperature]]
2025-10-15 19:27:06.568,79.147,63rd_WaterTempDrop_85,atomic,[63rd_WaterTempDrop_85],[1.0000],1,1,1.0000,[[63rdStreetBeach201507100600_Water_Temperature]]
2025-10-15 19:27:06.568,79.147,Calumet_WaterTempDrop_85,atomic,[Calumet_WaterTempDrop_85],[0.9695],1,1,0.9695,[[CalumetBeach201507100600_Water_Temperature]]
2025-10-15 19:27:06.570,79.149,Montrose_WaterTempDrop_85,atomic,[Montrose_WaterTempDrop_85],[1.0000],1,1,1.0000,[[MontroseBeach201507100600_Water_Temperature]]
2025-10-15 19:27:06.631,79.210,Montrose_WaterTempDrop_85,atomic,[Montrose_WaterTempDrop_85],[0.9727],1,1,0.9727,[[MontroseBeach201507100700_Water_Temperature]]
2025-10-15 19:27:06.631,79.210,63rd_WaterTempDrop_85,atomic,[63rd_WaterTempDrop_85],[1.0000],1,1,1.0000,[[63rdStreetBeach201507100700_Water_Temperature]]
2025-10-15 19:27:06.633,79.212,Calumet_WaterTempDrop_85,atomic,[Calumet_WaterTempDrop_85],[1.0000],1,1,1.0000,[[CalumetBeach201507100700_Water_Temperature]]
2025-10-15 19:27:06.693,79.272,Montrose_WaterTempDrop_85,atomic,[Montrose_WaterTempDrop_85],[1.0000],1,1,1.0000,[[MontroseBeach201507100800_Water_Temperature]]
2025-10-15 19:27:06.694,79.273,Calumet_WaterTempDrop_85,atomic,[Calumet_WaterTempDrop_85],[1.0000],1,1,1.0000,[[CalumetBeach201507100800_Water_Temperature]]
2025-10-15 19:27:06.695,79.274,63rd_WaterTempDrop_85,atomic,[63rd_WaterTempDrop_85],[1.0000],1,1,1.0000,[[63rdStreetBeach201507100800_Water_Temperature]]
2025-10-15 19:27:06.755,79.334,Calumet_WaterTempDrop_85,atomic,[Calumet_WaterTempDrop_85],[1.0000],1,1,1.0000,[[CalumetBeach201507100900_Water_Temperature]]
2025-10-15 19:27:06.756,79.335,63rd_WaterTempDrop_85,atomic,[63rd_WaterTempDrop_85],[1.0000],1,1,1.0000,[[63rdStreetBeach201507100900_Water_Temperature]]
2025-10-15 19:27:06.758,79.337,Montrose_WaterTempDrop_85,atomic,[Montrose_WaterTempDrop_85],[1.0000],1,1,1.0000,[[MontroseBeach201507100900_Water_Temperature]]
2025-10-15 19:27:06.819,79.398,63rd_WaterTempDrop_85,atomic,[63rd_WaterTempDrop_85],[0.9703],1,1,0.9703,[[63rdStreetBeach201507101000_Water_Temperature]]
2025-10-15 19:27:06.820,79.399,Calumet_WaterTempDrop_85,atomic,[Calumet_WaterTempDrop_85],[0.9691],1,1,0.9691,[[CalumetBeach201507101000_Water_Temperature]]
2025-10-15 19:27:06.823,79.402,Montrose_WaterTempDrop_85,atomic,[Montrose_WaterTempDrop_85],[1.0000],1,1,1.0000,[[MontroseBeach201507101000_Water_Temperature]]
2025-10-15 19:27:06.882,79.461,Calumet_WaterTempDrop_85,atomic,[Calumet_WaterTempDrop_85],[0.9652],1,1,0.9652,[[CalumetBeach201507101100_Water_Temperature]]
2025-10-15 19:27:06.882,79.461,63rd_WaterTempDrop_85,atomic,[63rd_WaterTempDrop_85],[1.0000],1,1,1.0000,[[63rdStreetBeach201507101100_Water_Temperature]]
2025-10-15 19:27:06.883,79.462,Montrose_WaterTempDrop_85,atomic,[Montrose_WaterTempDrop_85],[1.0000],1,1,1.0000,[[MontroseBeach201507101100_Water_Temperature]]
2025-10-15 19:27:06.945,79.524,63rd_WaterTempDrop_85,atomic,[63rd_WaterTempDrop_85],[1.0000],1,1,1.0000,[[63rdStreetBeach201507101200_Water_Temperature]]
2025-10-15 19:27:06.945,79.524,Calumet_WaterTempDrop_85,atomic,[Calumet_WaterTempDrop_85],[1.0000],1,1,1.0000,[[CalumetBeach201507101200_Water_Temperature]]
2025-10-15 19:27:06.946,79.525,Montrose_WaterTempDrop_85,atomic,[Montrose_WaterTempDrop_85],[1.0000],1,1,1.0000,[[MontroseBeach201507101200_Water_Temperature]]
2025-10-15 19:27:07.007,79.586,Calumet_WaterTempDrop_85,atomic,[Calumet_WaterTempDrop_85],[0.9633],1,1,0.9633,[[CalumetBeach201507101300_Water_Temperature]]
2025-10-15 19:27:07.007,79.586,Montrose_WaterTempDrop_85,atomic,[Montrose_WaterTempDrop_85],[1.0000],1,1,1.0000,[[MontroseBeach201507101300_Water_Temperature]]
2025-10-15 19:27:07.008,79.587,63rd_WaterTempDrop_85,atomic,[63rd_WaterTempDrop_85],[0.9688],1,1,0.9688,[[63rdStreetBeach201507101300_Water_Temperature]]
2025-10-15 19:27:07.068,79.647,Calumet_WaterTempDrop_85,atomic,[Calumet_WaterTempDrop_85],[1.0000],1,1,1.0000,[[CalumetBeach201507101400_Water_Temperature]]
2025-10-15 19:27:07.068,79.647,63rd_WaterTempDrop_85,atomic,[63rd_WaterTempDrop_85],[0.9649],1,1,0.9649,[[63rdStreetBeach201507101400_Water_Temperature]]
2025-10-15 19:27:07.070,79.649,Montrose_WaterTempDrop_85,atomic,[Montrose_WaterTempDrop_85],[1.0000],1,1,1.0000,[[MontroseBeach201507101400_Water_Temperature]]
2025-10-15 19:27:07.130,79.709,Montrose_WaterTempDrop_85,atomic,[Montrose_WaterTempDrop_85],[0.9720],1,1,0.9720,[[MontroseBeach201507101500_Water_Temperature]]
2025-10-15 19:27:07.130,79.709,63rd_WaterTempDrop_85,atomic,[63rd_WaterTempDrop_85],[1.0000],1,1,1.0000,[[63rdStreetBeach201507101500_Water_Temperature]]
2025-10-15 19:27:07.131,79.710,Calumet_WaterTempDrop_85,atomic,[Calumet_WaterTempDrop_85],[1.0000],1,1,1.0000,[[CalumetBeach201507101500_Water_Temperature]]
2025-10-15 19:27:07.190,79.769,Calumet_WaterTempDrop_85,atomic,[Calumet_WaterTempDrop_85],[0.9640],1,1,0.9640,[[CalumetBeach201507101600_Water_Temperature]]
2025-10-15 19:27:07.191,79.770,Montrose_WaterTempDrop_85,atomic,[Montrose_WaterTempDrop_85],[0.9684],1,1,0.9684,[[MontroseBeach201507101600_Water_Temperature]]
2025-10-15 19:27:07.253,79.832,Montrose_WaterTempDrop_85,atomic,[Montrose_WaterTempDrop_85],[0.9644],1,1,0.9644,[[MontroseBeach201507101700_Water_Temperature]]
2025-10-15 19:27:07.255,79.834,63rd_WaterTempDrop_85,atomic,[63rd_WaterTempDrop_85],[1.0000],1,1,1.0000,[[63rdStreetBeach201507101700_Water_Temperature]]
2025-10-15 19:27:07.256,79.835,Calumet_WaterTempDrop_85,atomic,[Calumet_WaterTempDrop_85],[1.0000],1,1,1.0000,[[CalumetBeach201507101700_Water_Temperature]]
2025-10-15 19:27:07.319,79.898,Montrose_WaterTempDrop_85,atomic,[Montrose_WaterTempDrop_85],[1.0000],1,1,1.0000,[[MontroseBeach201507101800_Water_Temperature]]
2025-10-15 19:27:07.319,79.898,63rd_WaterTempDrop_85,atomic,[63rd_WaterTempDrop_85],[1.0000],1,1,1.0000,[[63rdStreetBeach201507101800_Water_Temperature]]
2025-10-15 19:27:07.377,79.956,Calumet_WaterTempDrop_85,atomic,[Calumet_WaterTempDrop_85],[0.9646],1,1,0.9646,[[CalumetBeach201507101900_Water_Temperature]]
2025-10-15 19:27:07.378,79.957,Montrose_WaterTempDrop_85,atomic,[Montrose_WaterTempDrop_85],[0.9624],1,1,0.9624,[[MontroseBeach201507101900_Water_Temperature]]
2025-10-15 19:27:07.379,79.958,63rd_WaterTempDrop_85,atomic,[63rd_WaterTempDrop_85],[1.0000],1,1,1.0000,[[63rdStreetBeach201507101900_Water_Temperature]]
2025-10-15 19:27:07.442,80.021,63rd_WaterTempDrop_85,atomic,[63rd_WaterTempDrop_85],[0.9677],1,1,0.9677,[[63rdStreetBeach201507102000_Water_Temperature]]
2025-10-15 19:27:07.444,80.023,Montrose_WaterTempDrop_85,atomic,[Montrose_WaterTempDrop_85],[0.9578],1,1,0.9578,[[MontroseBeach201507102000_Water_Temperature]]
2025-10-15 19:27:07.503,80.082,Calumet_WaterTempDrop_85,atomic,[Calumet_WaterTempDrop_85],[0.9629],1,1,0.9629,[[CalumetBeach201507102100_Water_Temperature]]
2025-10-15 19:27:07.504,80.083,Montrose_WaterTempDrop_85,atomic,[Montrose_WaterTempDrop_85],[0.9526],1,1,0.9526,[[MontroseBeach201507102100_Water_Temperature]]
2025-10-15 19:27:07.504,80.083,63rd_WaterTempDrop_85,atomic,[63rd_WaterTempDrop_85],[1.0000],1,1,1.0000,[[63rdStreetBeach201507102100_Water_Temperature]]
2025-10-15 19:27:07.567,80.146,Montrose_WaterTempDrop_85,atomic,[Montrose_WaterTempDrop_85],[0.9470],1,1,0.9470,[[MontroseBeach201507102200_Water_Temperature]]
2025-10-15 19:27:07.567,80.146,63rd_WaterTempDrop_85,atomic,[63rd_WaterTempDrop_85],[1.0000],1,1,1.0000,[[63rdStreetBeach201507102200_Water_Temperature]]
2025-10-15 19:27:07.569,80.148,Calumet_WaterTempDrop_85,atomic,[Calumet_WaterTempDrop_85],[1.0000],1,1,1.0000,[[CalumetBeach201507102200_Water_Temperature]]
2025-10-15 19:27:07.631,80.210,63rd_WaterTempDrop_85,atomic,[63rd_WaterTempDrop_85],[0.9670],1,1,0.9670,[[63rdStreetBeach201507102300_Water_Temperature]]
2025-10-15 19:27:07.631,80.210,Montrose_WaterTempDrop_85,atomic,[Montrose_WaterTempDrop_85],[1.0000],1,1,1.0000,[[MontroseBeach201507102300_Water_Temperature]]
2025-10-15 19:27:07.632,80.211,Calumet_WaterTempDrop_85,atomic,[Calumet_WaterTempDrop_85],[1.0000],1,1,1.0000,[[CalumetBeach201507102300_Water_Temperature]]
2025-10-15 19:27:07.692,80.271,Calumet_WaterTempDrop_85,atomic,[Calumet_WaterTempDrop_85],[0.9640],1,1,0.9640,[[CalumetBeach201507112400_Water_Temperature]]
2025-10-15 19:27:07.692,80.271,Montrose_WaterTempDrop_85,atomic,[Montrose_WaterTempDrop_85],[0.9491],1,1,0.9491,[[MontroseBeach201507112400_Water_Temperature]]
2025-10-15 19:27:07.695,80.274,63rd_WaterTempDrop_85,atomic,[63rd_WaterTempDrop_85],[1.0000],1,1,1.0000,[[63rdStreetBeach201507112400_Water_Temperature]]
2025-10-15 19:27:07.757,80.336,63rd_WaterTempDrop_85,atomic,[63rd_WaterTempDrop_85],[0.9649],1,1,0.9649,[[63rdStreetBeach201507110100_Water_Temperature]]
2025-10-15 19:27:07.760,80.339,Montrose_WaterTempDrop_85,atomic,[Montrose_WaterTempDrop_85],[0.9433],1,1,0.9433,[[MontroseBeach201507110100_Water_Temperature]]
2025-10-15 19:27:07.762,80.341,Calumet_WaterTempDrop_85,atomic,[Calumet_WaterTempDrop_85],[1.0000],1,1,1.0000,[[CalumetBeach201507110100_Water_Temperature]]
2025-10-15 19:27:07.820,80.399,Calumet_WaterTempDrop_85,atomic,[Calumet_WaterTempDrop_85],[1.0000],1,1,1.0000,[[CalumetBeach201507110200_Water_Temperature]]
2025-10-15 19:27:07.821,80.400,Montrose_WaterTempDrop_85,atomic,[Montrose_WaterTempDrop_85],[1.0000],1,1,1.0000,[[MontroseBeach201507110200_Water_Temperature]]
2025-10-15 19:27:07.823,80.402,63rd_WaterTempDrop_85,atomic,[63rd_WaterTempDrop_85],[1.0000],1,1,1.0000,[[63rdStreetBeach201507110200_Water_Temperature]]
2025-10-15 19:27:07.882,80.461,63rd_WaterTempDrop_85,atomic,[63rd_WaterTempDrop_85],[0.9631],1,1,0.9631,[[63rdStreetBeach201507110300_Water_Temperature]]
2025-10-15 19:27:07.884,80.463,Montrose_WaterTempDrop_85,atomic,[Montrose_WaterTempDrop_85],[1.0000],1,1,1.0000,[[MontroseBeach201507110300_Water_Temperature]]
2025-10-15 19:27:07.885,80.464,Calumet_WaterTempDrop_85,atomic,[Calumet_WaterTempDrop_85],[1.0000],1,1,1.0000,[[CalumetBeach201507110300_Water_Temperature]]
2025-10-15 19:27:07.945,80.524,Calumet_WaterTempDrop_85,atomic,[Calumet_WaterTempDrop_85],[0.9664],1,1,0.9664,[[CalumetBeach201507110400_Water_Temperature]]
2025-10-15 19:27:07.949,80.528,63rd_WaterTempDrop_85,atomic,[63rd_WaterTempDrop_85],[1.0000],1,1,1.0000,[[63rdStreetBeach201507110400_Water_Temperature]]
2025-10-15 19:27:07.949,80.528,Montrose_WaterTempDrop_85,atomic,[Montrose_WaterTempDrop_85],[1.0000],1,1,1.0000,[[MontroseBeach201507110400_Water_Temperature]]
2025-10-15 19:27:08.007,80.586,63rd_WaterTempDrop_85,atomic,[63rd_WaterTempDrop_85],[0.9617],1,1,0.9617,[[63rdStreetBeach201507110500_Water_Temperature]]
2025-10-15 19:27:08.011,80.590,Calumet_WaterTempDrop_85,atomic,[Calumet_WaterTempDrop_85],[1.0000],1,1,1.0000,[[CalumetBeach201507110500_Water_Temperature]]
2025-10-15 19:27:08.012,80.591,Montrose_WaterTempDrop_85,atomic,[Montrose_WaterTempDrop_85],[1.0000],1,1,1.0000,[[MontroseBeach201507110500_Water_Temperature]]
2025-10-15 19:27:08.071,80.650,Calumet_WaterTempDrop_85,atomic,[Calumet_WaterTempDrop_85],[1.0000],1,1,1.0000,[[CalumetBeach201507110600_Water_Temperature]]
2025-10-15 19:27:08.072,80.651,Montrose_WaterTempDrop_85,atomic,[Montrose_WaterTempDrop_85],[1.0000],1,1,1.0000,[[MontroseBeach201507110600_Water_Temperature]]
2025-10-15 19:27:08.072,80.651,63rd_WaterTempDrop_85,atomic,[63rd_WaterTempDrop_85],[1.0000],1,1,1.0000,[[63rdStreetBeach201507110600_Water_Temperature]]
2025-10-15 19:27:08.130,80.709,63rd_WaterTempDrop_85,atomic,[63rd_WaterTempDrop_85],[0.9605],1,1,0.9605,[[63rdStreetBeach201507110700_Water_Temperature]]
2025-10-15 19:27:08.132,80.711,Montrose_WaterTempDrop_85,atomic,[Montrose_WaterTempDrop_85],[1.0000],1,1,1.0000,[[MontroseBeach201507110700_Water_Temperature]]
2025-10-15 19:27:08.133,80.712,Calumet_WaterTempDrop_85,atomic,[Calumet_WaterTempDrop_85],[1.0000],1,1,1.0000,[[CalumetBeach201507110700_Water_Temperature]]
2025-10-15 19:27:08.195,80.774,Calumet_WaterTempDrop_85,atomic,[Calumet_WaterTempDrop_85],[1.0000],1,1,1.0000,[[CalumetBeach201507110800_Water_Temperature]]
2025-10-15 19:27:08.196,80.775,63rd_WaterTempDrop_85,atomic,[63rd_WaterTempDrop_85],[0.9558],1,1,0.9558,[[63rdStreetBeach201507110800_Water_Temperature]]
2025-10-15 19:27:08.196,80.775,Montrose_WaterTempDrop_85,atomic,[Montrose_WaterTempDrop_85],[1.0000],1,1,1.0000,[[MontroseBeach201507110800_Water_Temperature]]
2025-10-15 19:27:08.255,80.834,Montrose_WaterTempDrop_85,atomic,[Montrose_WaterTempDrop_85],[0.9675],1,1,0.9675,[[MontroseBeach201507110900_Water_Temperature]]
2025-10-15 19:27:08.256,80.835,Calumet_WaterTempDrop_85,atomic,[Calumet_WaterTempDrop_85],[1.0000],1,1,1.0000,[[CalumetBeach201507110900_Water_Temperature]]
2025-10-15 19:27:08.258,80.837,63rd_WaterTempDrop_85,atomic,[63rd_WaterTempDrop_85],[1.0000],1,1,1.0000,[[63rdStreetBeach201507110900_Water_Temperature]]
2025-10-15 19:27:08.321,80.900,Montrose_WaterTempDrop_85,atomic,[Montrose_WaterTempDrop_85],[1.0000],1,1,1.0000,[[MontroseBeach201507111000_Water_Temperature]]
2025-10-15 19:27:08.322,80.901,Calumet_WaterTempDrop_85,atomic,[Calumet_WaterTempDrop_85],[0.9697],1,1,0.9697,[[CalumetBeach201507111000_Water_Temperature]]
2025-10-15 19:27:08.322,80.901,63rd_WaterTempDrop_85,atomic,[63rd_WaterTempDrop_85],[1.0000],1,1,1.0000,[[63rdStreetBeach201507111000_Water_Temperature]]
2025-10-15 19:27:08.381,80.960,63rd_WaterTempDrop_85,atomic,[63rd_WaterTempDrop_85],[0.9597],1,1,0.9597,[[63rdStreetBeach201507111100_Water_Temperature]]
2025-10-15 19:27:08.381,80.960,Montrose_WaterTempDrop_85,atomic,[Montrose_WaterTempDrop_85],[0.9657],1,1,0.9657,[[MontroseBeach201507111100_Water_Temperature]]
2025-10-15 19:27:08.382,80.961,Calumet_WaterTempDrop_85,atomic,[Calumet_WaterTempDrop_85],[1.0000],1,1,1.0000,[[CalumetBeach201507111100_Water_Temperature]]
2025-10-15 19:27:08.443,81.022,Montrose_WaterTempDrop_85,atomic,[Montrose_WaterTempDrop_85],[0.9618],1,1,0.9618,[[MontroseBeach201507111200_Water_Temperature]]
2025-10-15 19:27:08.444,81.023,Calumet_WaterTempDrop_85,atomic,[Calumet_WaterTempDrop_85],[0.9674],1,1,0.9674,[[CalumetBeach201507111200_Water_Temperature]]
2025-10-15 19:27:08.444,81.023,63rd_WaterTempDrop_85,atomic,[63rd_WaterTempDrop_85],[0.9550],1,1,0.9550,[[63rdStreetBeach201507111200_Water_Temperature]]
2025-10-15 19:27:08.505,81.084,63rd_WaterTempDrop_85,atomic,[63rd_WaterTempDrop_85],[0.9499],1,1,0.9499,[[63rdStreetBeach201507111300_Water_Temperature]]
2025-10-15 19:27:08.505,81.084,Calumet_WaterTempDrop_85,atomic,[Calumet_WaterTempDrop_85],[0.9634],1,1,0.9634,[[CalumetBeach201507111300_Water_Temperature]]
2025-10-15 19:27:08.506,81.085,Montrose_WaterTempDrop_85,atomic,[Montrose_WaterTempDrop_85],[1.0000],1,1,1.0000,[[MontroseBeach201507111300_Water_Temperature]]
2025-10-15 19:27:08.570,81.149,Montrose_WaterTempDrop_85,atomic,[Montrose_WaterTempDrop_85],[1.0000],1,1,1.0000,[[MontroseBeach201507111400_Water_Temperature]]
2025-10-15 19:27:08.572,81.151,Calumet_WaterTempDrop_85,atomic,[Calumet_WaterTempDrop_85],[1.0000],1,1,1.0000,[[CalumetBeach201507111400_Water_Temperature]]
2025-10-15 19:27:08.573,81.152,63rd_WaterTempDrop_85,atomic,[63rd_WaterTempDrop_85],[1.0000],1,1,1.0000,[[63rdStreetBeach201507111400_Water_Temperature]]
2025-10-15 19:27:08.632,81.211,Calumet_WaterTempDrop_85,atomic,[Calumet_WaterTempDrop_85],[1.0000],1,1,1.0000,[[CalumetBeach201507111500_Water_Temperature]]
2025-10-15 19:27:08.633,81.212,63rd_WaterTempDrop_85,atomic,[63rd_WaterTempDrop_85],[1.0000],1,1,1.0000,[[63rdStreetBeach201507111500_Water_Temperature]]
2025-10-15 19:27:08.634,81.213,Montrose_WaterTempDrop_85,atomic,[Montrose_WaterTempDrop_85],[1.0000],1,1,1.0000,[[MontroseBeach201507111500_Water_Temperature]]
2025-10-15 19:27:08.693,81.272,Montrose_WaterTempDrop_85,atomic,[Montrose_WaterTempDrop_85],[0.9654],1,1,0.9654,[[MontroseBeach201507111600_Water_Temperature]]
2025-10-15 19:27:08.694,81.273,Calumet_WaterTempDrop_85,atomic,[Calumet_WaterTempDrop_85],[0.9640],1,1,0.9640,[[CalumetBeach201507111600_Water_Temperature]]
2025-10-15 19:27:08.756,81.335,Calumet_WaterTempDrop_85,atomic,[Calumet_WaterTempDrop_85],[0.9597],1,1,0.9597,[[CalumetBeach201507111700_Water_Temperature]]
2025-10-15 19:27:08.758,81.337,63rd_WaterTempDrop_85,atomic,[63rd_WaterTempDrop_85],[1.0000],1,1,1.0000,[[63rdStreetBeach201507111700_Water_Temperature]]
2025-10-15 19:27:08.760,81.339,Montrose_WaterTempDrop_85,atomic,[Montrose_WaterTempDrop_85],[1.0000],1,1,1.0000,[[MontroseBeach201507111700_Water_Temperature]]
2025-10-15 19:27:08.820,81.399,Montrose_WaterTempDrop_85,atomic,[Montrose_WaterTempDrop_85],[1.0000],1,1,1.0000,[[MontroseBeach201507111800_Water_Temperature]]
2025-10-15 19:27:08.821,81.400,Calumet_WaterTempDrop_85,atomic,[Calumet_WaterTempDrop_85],[1.0000],1,1,1.0000,[[CalumetBeach201507111800_Water_Temperature]]
2025-10-15 19:27:08.881,81.460,Calumet_WaterTempDrop_85,atomic,[Calumet_WaterTempDrop_85],[1.0000],1,1,1.0000,[[CalumetBeach201507111900_Water_Temperature]]
2025-10-15 19:27:08.882,81.461,Montrose_WaterTempDrop_85,atomic,[Montrose_WaterTempDrop_85],[1.0000],1,1,1.0000,[[MontroseBeach201507111900_Water_Temperature]]
2025-10-15 19:27:08.942,81.521,63rd_WaterTempDrop_85,atomic,[63rd_WaterTempDrop_85],[0.9603],1,1,0.9603,[[63rdStreetBeach201507112000_Water_Temperature]]
2025-10-15 19:27:08.943,81.522,Montrose_WaterTempDrop_85,atomic,[Montrose_WaterTempDrop_85],[0.9672],1,1,0.9672,[[MontroseBeach201507112000_Water_Temperature]]
2025-10-15 19:27:08.946,81.525,Calumet_WaterTempDrop_85,atomic,[Calumet_WaterTempDrop_85],[1.0000],1,1,1.0000,[[CalumetBeach201507112000_Water_Temperature]]
2025-10-15 19:27:09.005,81.584,Montrose_WaterTempDrop_85,atomic,[Montrose_WaterTempDrop_85],[0.9633],1,1,0.9633,[[MontroseBeach201507112100_Water_Temperature]]
2025-10-15 19:27:09.006,81.585,Calumet_WaterTempDrop_85,atomic,[Calumet_WaterTempDrop_85],[1.0000],1,1,1.0000,[[CalumetBeach201507112100_Water_Temperature]]
2025-10-15 19:27:09.071,81.650,Calumet_WaterTempDrop_85,atomic,[Calumet_WaterTempDrop_85],[0.9659],1,1,0.9659,[[CalumetBeach201507112200_Water_Temperature]]
2025-10-15 19:27:09.073,81.652,63rd_WaterTempDrop_85,atomic,[63rd_WaterTempDrop_85],[1.0000],1,1,1.0000,[[63rdStreetBeach201507112200_Water_Temperature]]
2025-10-15 19:27:09.075,81.654,Montrose_WaterTempDrop_85,atomic,[Montrose_WaterTempDrop_85],[1.0000],1,1,1.0000,[[MontroseBeach201507112200_Water_Temperature]]
2025-10-15 19:27:09.133,81.712,63rd_WaterTempDrop_85,atomic,[63rd_WaterTempDrop_85],[1.0000],1,1,1.0000,[[63rdStreetBeach201507112300_Water_Temperature]]
2025-10-15 19:27:09.133,81.712,Calumet_WaterTempDrop_85,atomic,[Calumet_WaterTempDrop_85],[0.9618],1,1,0.9618,[[CalumetBeach201507112300_Water_Temperature]]
2025-10-15 19:27:09.134,81.713,Montrose_WaterTempDrop_85,atomic,[Montrose_WaterTempDrop_85],[1.0000],1,1,1.0000,[[MontroseBeach201507112300_Water_Temperature]]
2025-10-15 19:27:09.195,81.774,63rd_WaterTempDrop_85,atomic,[63rd_WaterTempDrop_85],[1.0000],1,1,1.0000,[[63rdStreetBeach201507122400_Water_Temperature]]
2025-10-15 19:27:09.198,81.777,Montrose_WaterTempDrop_85,atomic,[Montrose_WaterTempDrop_85],[1.0000],1,1,1.0000,[[MontroseBeach201507122400_Water_Temperature]]
2025-10-15 19:27:09.198,81.777,Calumet_WaterTempDrop_85,atomic,[Calumet_WaterTempDrop_85],[1.0000],1,1,1.0000,[[CalumetBeach201507122400_Water_Temperature]]
2025-10-15 19:27:09.256,81.835,63rd_WaterTempDrop_85,atomic,[63rd_WaterTempDrop_85],[1.0000],1,1,1.0000,[[63rdStreetBeach201507120100_Water_Temperature]]
2025-10-15 19:27:09.320,81.899,Montrose_WaterTempDrop_85,atomic,[Montrose_WaterTempDrop_85],[1.0000],1,1,1.0000,[[MontroseBeach201507120200_Water_Temperature]]
2025-10-15 19:27:09.321,81.900,Calumet_WaterTempDrop_85,atomic,[Calumet_WaterTempDrop_85],[1.0000],1,1,1.0000,[[CalumetBeach201507120200_Water_Temperature]]
2025-10-15 19:27:09.380,81.959,Calumet_WaterTempDrop_85,atomic,[Calumet_WaterTempDrop_85],[0.9632],1,1,0.9632,[[CalumetBeach201507120300_Water_Temperature]]
2025-10-15 19:27:09.382,81.961,Montrose_WaterTempDrop_85,atomic,[Montrose_WaterTempDrop_85],[1.0000],1,1,1.0000,[[MontroseBeach201507120300_Water_Temperature]]
2025-10-15 19:27:09.383,81.962,63rd_WaterTempDrop_85,atomic,[63rd_WaterTempDrop_85],[0.9666],1,1,0.9666,[[63rdStreetBeach201507120300_Water_Temperature]]
2025-10-15 19:27:09.443,82.022,63rd_WaterTempDrop_85,atomic,[63rd_WaterTempDrop_85],[0.9628],1,1,0.9628,[[63rdStreetBeach201507120400_Water_Temperature]]
2025-10-15 19:27:09.446,82.025,Calumet_WaterTempDrop_85,atomic,[Calumet_WaterTempDrop_85],[1.0000],1,1,1.0000,[[CalumetBeach201507120400_Water_Temperature]]
2025-10-15 19:27:09.446,82.025,Montrose_WaterTempDrop_85,atomic,[Montrose_WaterTempDrop_85],[1.0000],1,1,1.0000,[[MontroseBeach201507120400_Water_Temperature]]
2025-10-15 19:27:09.507,82.086,63rd_WaterTempDrop_85,atomic,[63rd_WaterTempDrop_85],[0.9584],1,1,0.9584,[[63rdStreetBeach201507120500_Water_Temperature]]
2025-10-15 19:27:09.507,82.086,Calumet_WaterTempDrop_85,atomic,[Calumet_WaterTempDrop_85],[1.0000],1,1,1.0000,[[CalumetBeach201507120500_Water_Temperature]]
2025-10-15 19:27:09.508,82.087,Montrose_WaterTempDrop_85,atomic,[Montrose_WaterTempDrop_85],[1.0000],1,1,1.0000,[[MontroseBeach201507120500_Water_Temperature]]
2025-10-15 19:27:09.568,82.147,Calumet_WaterTempDrop_85,atomic,[Calumet_WaterTempDrop_85],[0.9641],1,1,0.9641,[[CalumetBeach201507120600_Water_Temperature]]
2025-10-15 19:27:09.570,82.149,63rd_WaterTempDrop_85,atomic,[63rd_WaterTempDrop_85],[1.0000],1,1,1.0000,[[63rdStreetBeach201507120600_Water_Temperature]]
2025-10-15 19:27:09.571,82.150,Montrose_WaterTempDrop_85,atomic,[Montrose_WaterTempDrop_85],[1.0000],1,1,1.0000,[[MontroseBeach201507120600_Water_Temperature]]
2025-10-15 19:27:09.629,82.208,Montrose_WaterTempDrop_85,atomic,[Montrose_WaterTempDrop_85],[0.9708],1,1,0.9708,[[MontroseBeach201507120700_Water_Temperature]]
2025-10-15 19:27:09.632,82.211,Calumet_WaterTempDrop_85,atomic,[Calumet_WaterTempDrop_85],[1.0000],1,1,1.0000,[[CalumetBeach201507120700_Water_Temperature]]
2025-10-15 19:27:09.634,82.213,63rd_WaterTempDrop_85,atomic,[63rd_WaterTempDrop_85],[1.0000],1,1,1.0000,[[63rdStreetBeach201507120700_Water_Temperature]]
2025-10-15 19:27:09.690,82.269,Montrose_WaterTempDrop_85,atomic,[Montrose_WaterTempDrop_85],[0.9671],1,1,0.9671,[[MontroseBeach201507120800_Water_Temperature]]
2025-10-15 19:27:09.691,82.270,Calumet_WaterTempDrop_85,atomic,[Calumet_WaterTempDrop_85],[0.9626],1,1,0.9626,[[CalumetBeach201507120800_Water_Temperature]]
2025-10-15 19:27:09.696,82.275,63rd_WaterTempDrop_85,atomic,[63rd_WaterTempDrop_85],[1.0000],1,1,1.0000,[[63rdStreetBeach201507120800_Water_Temperature]]
2025-10-15 19:27:09.755,82.334,Calumet_WaterTempDrop_85,atomic,[Calumet_WaterTempDrop_85],[0.9582],1,1,0.9582,[[CalumetBeach201507120900_Water_Temperature]]
2025-10-15 19:27:09.756,82.335,63rd_WaterTempDrop_85,atomic,[63rd_WaterTempDrop_85],[1.0000],1,1,1.0000,[[63rdStreetBeach201507120900_Water_Temperature]]
2025-10-15 19:27:09.759,82.338,Montrose_WaterTempDrop_85,atomic,[Montrose_WaterTempDrop_85],[1.0000],1,1,1.0000,[[MontroseBeach201507120900_Water_Temperature]]
2025-10-15 19:27:09.820,82.399,63rd_WaterTempDrop_85,atomic,[63rd_WaterTempDrop_85],[0.9657],1,1,0.9657,[[63rdStreetBeach201507121000_Water_Temperature]]
2025-10-15 19:27:09.821,82.400,Calumet_WaterTempDrop_85,atomic,[Calumet_WaterTempDrop_85],[1.0000],1,1,1.0000,[[CalumetBeach201507121000_Water_Temperature]]
2025-10-15 19:27:09.822,82.401,Montrose_WaterTempDrop_85,atomic,[Montrose_WaterTempDrop_85],[1.0000],1,1,1.0000,[[MontroseBeach201507121000_Water_Temperature]]
2025-10-15 19:27:09.881,82.460,Calumet_WaterTempDrop_85,atomic,[Calumet_WaterTempDrop_85],[1.0000],1,1,1.0000,[[CalumetBeach201507121100_Water_Temperature]]
2025-10-15 19:27:09.883,82.462,63rd_WaterTempDrop_85,atomic,[63rd_WaterTempDrop_85],[1.0000],1,1,1.0000,[[63rdStreetBeach201507121100_Water_Temperature]]
2025-10-15 19:27:09.883,82.462,Montrose_WaterTempDrop_85,atomic,[Montrose_WaterTempDrop_85],[1.0000],1,1,1.0000,[[MontroseBeach201507121100_Water_Temperature]]
2025-10-15 19:27:09.944,82.523,Calumet_WaterTempDrop_85,atomic,[Calumet_WaterTempDrop_85],[1.0000],1,1,1.0000,[[CalumetBeach201507121200_Water_Temperature]]
2025-10-15 19:27:09.945,82.524,Montrose_WaterTempDrop_85,atomic,[Montrose_WaterTempDrop_85],[1.0000],1,1,1.0000,[[MontroseBeach201507121200_Water_Temperature]]
2025-10-15 19:27:09.946,82.525,63rd_WaterTempDrop_85,atomic,[63rd_WaterTempDrop_85],[1.0000],1,1,1.0000,[[63rdStreetBeach201507121200_Water_Temperature]]
2025-10-15 19:27:10.006,82.585,Montrose_WaterTempDrop_85,atomic,[Montrose_WaterTempDrop_85],[1.0000],1,1,1.0000,[[MontroseBeach201507121300_Water_Temperature]]
2025-10-15 19:27:10.007,82.586,Calumet_WaterTempDrop_85,atomic,[Calumet_WaterTempDrop_85],[1.0000],1,1,1.0000,[[CalumetBeach201507121300_Water_Temperature]]
2025-10-15 19:27:10.008,82.587,63rd_WaterTempDrop_85,atomic,[63rd_WaterTempDrop_85],[1.0000],1,1,1.0000,[[63rdStreetBeach201507121300_Water_Temperature]]
2025-10-15 19:27:10.067,82.646,Calumet_WaterTempDrop_85,atomic,[Calumet_WaterTempDrop_85],[0.9655],1,1,0.9655,[[CalumetBeach201507121400_Water_Temperature]]
2025-10-15 19:27:10.068,82.647,Montrose_WaterTempDrop_85,atomic,[Montrose_WaterTempDrop_85],[1.0000],1,1,1.0000,[[MontroseBeach201507121400_Water_Temperature]]
2025-10-15 19:27:10.129,82.708,Montrose_WaterTempDrop_85,atomic,[Montrose_WaterTempDrop_85],[0.9701],1,1,0.9701,[[MontroseBeach201507121500_Water_Temperature]]
2025-10-15 19:27:10.191,82.770,Calumet_WaterTempDrop_85,atomic,[Calumet_WaterTempDrop_85],[0.9638],1,1,0.9638,[[CalumetBeach201507121600_Water_Temperature]]
2025-10-15 19:27:10.192,82.771,Montrose_WaterTempDrop_85,atomic,[Montrose_WaterTempDrop_85],[0.9664],1,1,0.9664,[[MontroseBeach201507121600_Water_Temperature]]
2025-10-15 19:27:10.252,82.831,Calumet_WaterTempDrop_85,atomic,[Calumet_WaterTempDrop_85],[0.9596],1,1,0.9596,[[CalumetBeach201507121700_Water_Temperature]]
2025-10-15 19:27:10.255,82.834,Montrose_WaterTempDrop_85,atomic,[Montrose_WaterTempDrop_85],[1.0000],1,1,1.0000,[[MontroseBeach201507121700_Water_Temperature]]
2025-10-15 19:27:10.314,82.893,Calumet_WaterTempDrop_85,atomic,[Calumet_WaterTempDrop_85],[0.9548],1,1,0.9548,[[CalumetBeach201507121800_Water_Temperature]]
2025-10-15 19:27:10.315,82.894,Montrose_WaterTempDrop_85,atomic,[Montrose_WaterTempDrop_85],[1.0000],1,1,1.0000,[[MontroseBeach201507121800_Water_Temperature]]
2025-10-15 19:27:10.379,82.958,Montrose_WaterTempDrop_85,atomic,[Montrose_WaterTempDrop_85],[0.9658],1,1,0.9658,[[MontroseBeach201507121900_Water_Temperature]]
2025-10-15 19:27:10.439,83.018,Calumet_WaterTempDrop_85,atomic,[Calumet_WaterTempDrop_85],[0.9551],1,1,0.9551,[[CalumetBeach201507122000_Water_Temperature]]
2025-10-15 19:27:10.440,83.019,Montrose_WaterTempDrop_85,atomic,[Montrose_WaterTempDrop_85],[1.0000],1,1,1.0000,[[MontroseBeach201507122000_Water_Temperature]]
2025-10-15 19:27:10.501,83.080,Calumet_WaterTempDrop_85,atomic,[Calumet_WaterTempDrop_85],[0.9500],1,1,0.9500,[[CalumetBeach201507122100_Water_Temperature]]
2025-10-15 19:27:10.503,83.082,Montrose_WaterTempDrop_85,atomic,[Montrose_WaterTempDrop_85],[0.9638],1,1,0.9638,[[MontroseBeach201507122100_Water_Temperature]]
2025-10-15 19:27:10.564,83.143,Montrose_WaterTempDrop_85,atomic,[Montrose_WaterTempDrop_85],[0.9594],1,1,0.9594,[[MontroseBeach201507122200_Water_Temperature]]
2025-10-15 19:27:10.568,83.147,63rd_WaterTempDrop_85,atomic,[63rd_WaterTempDrop_85],[1.0000],1,1,1.0000,[[63rdStreetBeach201507122200_Water_Temperature]]
2025-10-15 19:27:10.626,83.205,Montrose_WaterTempDrop_85,atomic,[Montrose_WaterTempDrop_85],[1.0000],1,1,1.0000,[[MontroseBeach201507122300_Water_Temperature]]
2025-10-15 19:27:10.629,83.208,63rd_WaterTempDrop_85,atomic,[63rd_WaterTempDrop_85],[1.0000],1,1,1.0000,[[63rdStreetBeach201507122300_Water_Temperature]]
2025-10-15 19:27:10.688,83.267,63rd_WaterTempDrop_85,atomic,[63rd_WaterTempDrop_85],[0.9720],1,1,0.9720,[[63rdStreetBeach201507132400_Water_Temperature]]
2025-10-15 19:27:10.690,83.269,Montrose_WaterTempDrop_85,atomic,[Montrose_WaterTempDrop_85],[1.0000],1,1,1.0000,[[MontroseBeach201507132400_Water_Temperature]]
2025-10-15 19:27:10.770,83.349,Montrose_WaterTempDrop_85,atomic,[Montrose_WaterTempDrop_85],[1.0000],1,1,1.0000,[[MontroseBeach201507130100_Water_Temperature]]
2025-10-15 19:27:10.771,83.350,63rd_WaterTempDrop_85,atomic,[63rd_WaterTempDrop_85],[1.0000],1,1,1.0000,[[63rdStreetBeach201507130100_Water_Temperature]]
2025-10-15 19:27:10.813,83.392,63rd_WaterTempDrop_85,atomic,[63rd_WaterTempDrop_85],[0.9692],1,1,0.9692,[[63rdStreetBeach201507130200_Water_Temperature]]
2025-10-15 19:27:10.813,83.392,Montrose_WaterTempDrop_85,atomic,[Montrose_WaterTempDrop_85],[0.9638],1,1,0.9638,[[MontroseBeach201507130200_Water_Temperature]]
2025-10-15 19:27:10.814,83.393,Calumet_WaterTempDrop_85,atomic,[Calumet_WaterTempDrop_85],[1.0000],1,1,1.0000,[[CalumetBeach201507130200_Water_Temperature]]
2025-10-15 19:27:10.876,83.455,63rd_WaterTempDrop_85,atomic,[63rd_WaterTempDrop_85],[1.0000],1,1,1.0000,[[63rdStreetBeach201507130300_Water_Temperature]]
2025-10-15 19:27:10.876,83.455,Montrose_WaterTempDrop_85,atomic,[Montrose_WaterTempDrop_85],[1.0000],1,1,1.0000,[[MontroseBeach201507130300_Water_Temperature]]
2025-10-15 19:27:10.877,83.456,Calumet_WaterTempDrop_85,atomic,[Calumet_WaterTempDrop_85],[1.0000],1,1,1.0000,[[CalumetBeach201507130300_Water_Temperature]]
2025-10-15 19:27:10.950,83.529,Montrose_WaterTempDrop_85,atomic,[Montrose_WaterTempDrop_85],[1.0000],1,1,1.0000,[[MontroseBeach201507130400_Water_Temperature]]
2025-10-15 19:27:10.951,83.530,Calumet_WaterTempDrop_85,atomic,[Calumet_WaterTempDrop_85],[1.0000],1,1,1.0000,[[CalumetBeach201507130400_Water_Temperature]]
2025-10-15 19:27:10.954,83.533,63rd_WaterTempDrop_85,atomic,[63rd_WaterTempDrop_85],[1.0000],1,1,1.0000,[[63rdStreetBeach201507130400_Water_Temperature]]
2025-10-15 19:27:11.000,83.579,Calumet_WaterTempDrop_85,atomic,[Calumet_WaterTempDrop_85],[1.0000],1,1,1.0000,[[CalumetBeach201507130500_Water_Temperature]]
2025-10-15 19:27:11.003,83.582,63rd_WaterTempDrop_85,atomic,[63rd_WaterTempDrop_85],[1.0000],1,1,1.0000,[[63rdStreetBeach201507130500_Water_Temperature]]
2025-10-15 19:27:11.003,83.582,Montrose_WaterTempDrop_85,atomic,[Montrose_WaterTempDrop_85],[1.0000],1,1,1.0000,[[MontroseBeach201507130500_Water_Temperature]]
2025-10-15 19:27:11.061,83.640,Calumet_WaterTempDrop_85,atomic,[Calumet_WaterTempDrop_85],[0.9645],1,1,0.9645,[[CalumetBeach201507130600_Water_Temperature]]
2025-10-15 19:27:11.061,83.640,63rd_WaterTempDrop_85,atomic,[63rd_WaterTempDrop_85],[0.9686],1,1,0.9686,[[63rdStreetBeach201507130600_Water_Temperature]]
2025-10-15 19:27:11.064,83.643,Montrose_WaterTempDrop_85,atomic,[Montrose_WaterTempDrop_85],[1.0000],1,1,1.0000,[[MontroseBeach201507130600_Water_Temperature]]
2025-10-15 19:27:11.123,83.702,63rd_WaterTempDrop_85,atomic,[63rd_WaterTempDrop_85],[0.9647],1,1,0.9647,[[63rdStreetBeach201507130700_Water_Temperature]]
2025-10-15 19:27:11.125,83.704,Calumet_WaterTempDrop_85,atomic,[Calumet_WaterTempDrop_85],[0.9605],1,1,0.9605,[[CalumetBeach201507130700_Water_Temperature]]
2025-10-15 19:27:11.126,83.705,Montrose_WaterTempDrop_85,atomic,[Montrose_WaterTempDrop_85],[1.0000],1,1,1.0000,[[MontroseBeach201507130700_Water_Temperature]]
2025-10-15 19:27:11.186,83.765,Calumet_WaterTempDrop_85,atomic,[Calumet_WaterTempDrop_85],[1.0000],1,1,1.0000,[[CalumetBeach201507130800_Water_Temperature]]
2025-10-15 19:27:11.187,83.766,Montrose_WaterTempDrop_85,atomic,[Montrose_WaterTempDrop_85],[1.0000],1,1,1.0000,[[MontroseBeach201507130800_Water_Temperature]]
2025-10-15 19:27:11.249,83.828,Calumet_WaterTempDrop_85,atomic,[Calumet_WaterTempDrop_85],[1.0000],1,1,1.0000,[[CalumetBeach201507130900_Water_Temperature]]
2025-10-15 19:27:11.250,83.829,63rd_WaterTempDrop_85,atomic,[63rd_WaterTempDrop_85],[1.0000],1,1,1.0000,[[63rdStreetBeach201507130900_Water_Temperature]]
2025-10-15 19:27:11.250,83.829,Montrose_WaterTempDrop_85,atomic,[Montrose_WaterTempDrop_85],[1.0000],1,1,1.0000,[[MontroseBeach201507130900_Water_Temperature]]
2025-10-15 19:27:11.311,83.890,Calumet_WaterTempDrop_85,atomic,[Calumet_WaterTempDrop_85],[1.0000],1,1,1.0000,[[CalumetBeach201507131000_Water_Temperature]]
2025-10-15 19:27:11.312,83.891,Montrose_WaterTempDrop_85,atomic,[Montrose_WaterTempDrop_85],[1.0000],1,1,1.0000,[[MontroseBeach201507131000_Water_Temperature]]
2025-10-15 19:27:11.372,83.951,Montrose_WaterTempDrop_85,atomic,[Montrose_WaterTempDrop_85],[0.9709],1,1,0.9709,[[MontroseBeach201507131100_Water_Temperature]]
2025-10-15 19:27:11.374,83.953,Calumet_WaterTempDrop_85,atomic,[Calumet_WaterTempDrop_85],[1.0000],1,1,1.0000,[[CalumetBeach201507131100_Water_Temperature]]
2025-10-15 19:27:11.376,83.955,63rd_WaterTempDrop_85,atomic,[63rd_WaterTempDrop_85],[1.0000],1,1,1.0000,[[63rdStreetBeach201507131100_Water_Temperature]]
2025-10-15 19:27:11.438,84.017,Montrose_WaterTempDrop_85,atomic,[Montrose_WaterTempDrop_85],[0.9673],1,1,0.9673,[[MontroseBeach201507131200_Water_Temperature]]
2025-10-15 19:27:11.438,84.017,63rd_WaterTempDrop_85,atomic,[63rd_WaterTempDrop_85],[1.0000],1,1,1.0000,[[63rdStreetBeach201507131200_Water_Temperature]]
2025-10-15 19:27:11.439,84.018,Calumet_WaterTempDrop_85,atomic,[Calumet_WaterTempDrop_85],[1.0000],1,1,1.0000,[[CalumetBeach201507131200_Water_Temperature]]
2025-10-15 19:27:11.499,84.078,Montrose_WaterTempDrop_85,atomic,[Montrose_WaterTempDrop_85],[0.9633],1,1,0.9633,[[MontroseBeach201507131300_Water_Temperature]]
2025-10-15 19:27:11.500,84.079,Calumet_WaterTempDrop_85,atomic,[Calumet_WaterTempDrop_85],[1.0000],1,1,1.0000,[[CalumetBeach201507131300_Water_Temperature]]
2025-10-15 19:27:11.500,84.079,63rd_WaterTempDrop_85,atomic,[63rd_WaterTempDrop_85],[1.0000],1,1,1.0000,[[63rdStreetBeach201507131300_Water_Temperature]]
2025-10-15 19:27:11.565,84.144,Calumet_WaterTempDrop_85,atomic,[Calumet_WaterTempDrop_85],[1.0000],1,1,1.0000,[[CalumetBeach201507131400_Water_Temperature]]
2025-10-15 19:27:11.565,84.144,Montrose_WaterTempDrop_85,atomic,[Montrose_WaterTempDrop_85],[1.0000],1,1,1.0000,[[MontroseBeach201507131400_Water_Temperature]]
2025-10-15 19:27:11.565,84.144,63rd_WaterTempDrop_85,atomic,[63rd_WaterTempDrop_85],[1.0000],1,1,1.0000,[[63rdStreetBeach201507131400_Water_Temperature]]
2025-10-15 19:27:11.622,84.201,63rd_WaterTempDrop_85,atomic,[63rd_WaterTempDrop_85],[0.9684],1,1,0.9684,[[63rdStreetBeach201507131500_Water_Temperature]]
2025-10-15 19:27:11.624,84.203,Montrose_WaterTempDrop_85,atomic,[Montrose_WaterTempDrop_85],[0.9617],1,1,0.9617,[[MontroseBeach201507131500_Water_Temperature]]
2025-10-15 19:27:11.624,84.203,Calumet_WaterTempDrop_85,atomic,[Calumet_WaterTempDrop_85],[0.9699],1,1,0.9699,[[CalumetBeach201507131500_Water_Temperature]]
2025-10-15 19:27:11.689,84.268,Calumet_WaterTempDrop_85,atomic,[Calumet_WaterTempDrop_85],[1.0000],1,1,1.0000,[[CalumetBeach201507131600_Water_Temperature]]
2025-10-15 19:27:11.689,84.268,Montrose_WaterTempDrop_85,atomic,[Montrose_WaterTempDrop_85],[1.0000],1,1,1.0000,[[MontroseBeach201507131600_Water_Temperature]]
2025-10-15 19:27:11.689,84.268,63rd_WaterTempDrop_85,atomic,[63rd_WaterTempDrop_85],[1.0000],1,1,1.0000,[[63rdStreetBeach201507131600_Water_Temperature]]
2025-10-15 19:27:11.749,84.328,Calumet_WaterTempDrop_85,atomic,[Calumet_WaterTempDrop_85],[0.9676],1,1,0.9676,[[CalumetBeach201507131700_Water_Temperature]]
2025-10-15 19:27:11.753,84.332,63rd_WaterTempDrop_85,atomic,[63rd_WaterTempDrop_85],[1.0000],1,1,1.0000,[[63rdStreetBeach201507131700_Water_Temperature]]
2025-10-15 19:27:11.754,84.333,Montrose_WaterTempDrop_85,atomic,[Montrose_WaterTempDrop_85],[1.0000],1,1,1.0000,[[MontroseBeach201507131700_Water_Temperature]]
2025-10-15 19:27:11.811,84.390,63rd_WaterTempDrop_85,atomic,[63rd_WaterTempDrop_85],[0.9674],1,1,0.9674,[[63rdStreetBeach201507131800_Water_Temperature]]
2025-10-15 19:27:11.813,84.392,Calumet_WaterTempDrop_85,atomic,[Calumet_WaterTempDrop_85],[1.0000],1,1,1.0000,[[CalumetBeach201507131800_Water_Temperature]]
2025-10-15 19:27:11.814,84.393,Montrose_WaterTempDrop_85,atomic,[Montrose_WaterTempDrop_85],[1.0000],1,1,1.0000,[[MontroseBeach201507131800_Water_Temperature]]
2025-10-15 19:27:11.871,84.450,Montrose_WaterTempDrop_85,atomic,[Montrose_WaterTempDrop_85],[0.9650],1,1,0.9650,[[MontroseBeach201507131900_Water_Temperature]]
2025-10-15 19:27:11.875,84.454,63rd_WaterTempDrop_85,atomic,[63rd_WaterTempDrop_85],[1.0000],1,1,1.0000,[[63rdStreetBeach201507131900_Water_Temperature]]
2025-10-15 19:27:11.875,84.454,Calumet_WaterTempDrop_85,atomic,[Calumet_WaterTempDrop_85],[0.9654],1,1,0.9654,[[CalumetBeach201507131900_Water_Temperature]]
2025-10-15 19:27:11.935,84.514,Montrose_WaterTempDrop_85,atomic,[Montrose_WaterTempDrop_85],[1.0000],1,1,1.0000,[[MontroseBeach201507132000_Water_Temperature]]
2025-10-15 19:27:11.937,84.516,Calumet_WaterTempDrop_85,atomic,[Calumet_WaterTempDrop_85],[1.0000],1,1,1.0000,[[CalumetBeach201507132000_Water_Temperature]]
2025-10-15 19:27:11.937,84.516,63rd_WaterTempDrop_85,atomic,[63rd_WaterTempDrop_85],[1.0000],1,1,1.0000,[[63rdStreetBeach201507132000_Water_Temperature]]
2025-10-15 19:27:11.999,84.578,Montrose_WaterTempDrop_85,atomic,[Montrose_WaterTempDrop_85],[1.0000],1,1,1.0000,[[MontroseBeach201507132100_Water_Temperature]]
2025-10-15 19:27:11.999,84.578,Calumet_WaterTempDrop_85,atomic,[Calumet_WaterTempDrop_85],[1.0000],1,1,1.0000,[[CalumetBeach201507132100_Water_Temperature]]
2025-10-15 19:27:12.001,84.580,63rd_WaterTempDrop_85,atomic,[63rd_WaterTempDrop_85],[1.0000],1,1,1.0000,[[63rdStreetBeach201507132100_Water_Temperature]]
2025-10-15 19:27:12.062,84.641,Montrose_WaterTempDrop_85,atomic,[Montrose_WaterTempDrop_85],[1.0000],1,1,1.0000,[[MontroseBeach201507132200_Water_Temperature]]
2025-10-15 19:27:12.063,84.642,Calumet_WaterTempDrop_85,atomic,[Calumet_WaterTempDrop_85],[1.0000],1,1,1.0000,[[CalumetBeach201507132200_Water_Temperature]]
2025-10-15 19:27:12.063,84.642,63rd_WaterTempDrop_85,atomic,[63rd_WaterTempDrop_85],[1.0000],1,1,1.0000,[[63rdStreetBeach201507132200_Water_Temperature]]
2025-10-15 19:27:12.122,84.701,Calumet_WaterTempDrop_85,atomic,[Calumet_WaterTempDrop_85],[0.9668],1,1,0.9668,[[CalumetBeach201507132300_Water_Temperature]]
2025-10-15 19:27:12.124,84.703,63rd_WaterTempDrop_85,atomic,[63rd_WaterTempDrop_85],[0.9689],1,1,0.9689,[[63rdStreetBeach201507132300_Water_Temperature]]
2025-10-15 19:27:12.126,84.705,Montrose_WaterTempDrop_85,atomic,[Montrose_WaterTempDrop_85],[1.0000],1,1,1.0000,[[MontroseBeach201507132300_Water_Temperature]]
2025-10-15 19:27:12.186,84.765,Calumet_WaterTempDrop_85,atomic,[Calumet_WaterTempDrop_85],[0.9627],1,1,0.9627,[[CalumetBeach201507142400_Water_Temperature]]
2025-10-15 19:27:12.188,84.767,Montrose_WaterTempDrop_85,atomic,[Montrose_WaterTempDrop_85],[1.0000],1,1,1.0000,[[MontroseBeach201507142400_Water_Temperature]]
2025-10-15 19:27:12.189,84.768,63rd_WaterTempDrop_85,atomic,[63rd_WaterTempDrop_85],[1.0000],1,1,1.0000,[[63rdStreetBeach201507142400_Water_Temperature]]
2025-10-15 19:27:12.245,84.824,Montrose_WaterTempDrop_85,atomic,[Montrose_WaterTempDrop_85],[0.9691],1,1,0.9691,[[MontroseBeach201507140100_Water_Temperature]]
2025-10-15 19:27:12.248,84.827,63rd_WaterTempDrop_85,atomic,[63rd_WaterTempDrop_85],[0.9665],1,1,0.9665,[[63rdStreetBeach201507140100_Water_Temperature]]
2025-10-15 19:27:12.249,84.828,Calumet_WaterTempDrop_85,atomic,[Calumet_WaterTempDrop_85],[1.0000],1,1,1.0000,[[CalumetBeach201507140100_Water_Temperature]]
2025-10-15 19:27:12.311,84.890,Montrose_WaterTempDrop_85,atomic,[Montrose_WaterTempDrop_85],[1.0000],1,1,1.0000,[[MontroseBeach201507140200_Water_Temperature]]
2025-10-15 19:27:12.312,84.891,63rd_WaterTempDrop_85,atomic,[63rd_WaterTempDrop_85],[1.0000],1,1,1.0000,[[63rdStreetBeach201507140200_Water_Temperature]]
2025-10-15 19:27:12.312,84.891,Calumet_WaterTempDrop_85,atomic,[Calumet_WaterTempDrop_85],[1.0000],1,1,1.0000,[[CalumetBeach201507140200_Water_Temperature]]
2025-10-15 19:27:12.370,84.949,Calumet_WaterTempDrop_85,atomic,[Calumet_WaterTempDrop_85],[0.9635],1,1,0.9635,[[CalumetBeach201507140300_Water_Temperature]]
2025-10-15 19:27:12.373,84.952,Montrose_WaterTempDrop_85,atomic,[Montrose_WaterTempDrop_85],[1.0000],1,1,1.0000,[[MontroseBeach201507140300_Water_Temperature]]
2025-10-15 19:27:12.375,84.954,63rd_WaterTempDrop_85,atomic,[63rd_WaterTempDrop_85],[1.0000],1,1,1.0000,[[63rdStreetBeach201507140300_Water_Temperature]]
2025-10-15 19:27:12.435,85.014,63rd_WaterTempDrop_85,atomic,[63rd_WaterTempDrop_85],[0.9661],1,1,0.9661,[[63rdStreetBeach201507140400_Water_Temperature]]
2025-10-15 19:27:12.436,85.015,Calumet_WaterTempDrop_85,atomic,[Calumet_WaterTempDrop_85],[1.0000],1,1,1.0000,[[CalumetBeach201507140400_Water_Temperature]]
2025-10-15 19:27:12.437,85.016,Montrose_WaterTempDrop_85,atomic,[Montrose_WaterTempDrop_85],[1.0000],1,1,1.0000,[[MontroseBeach201507140400_Water_Temperature]]
2025-10-15 19:27:12.499,85.078,63rd_WaterTempDrop_85,atomic,[63rd_WaterTempDrop_85],[0.9620],1,1,0.9620,[[63rdStreetBeach201507140500_Water_Temperature]]
2025-10-15 19:27:12.499,85.078,Montrose_WaterTempDrop_85,atomic,[Montrose_WaterTempDrop_85],[1.0000],1,1,1.0000,[[MontroseBeach201507140500_Water_Temperature]]
2025-10-15 19:27:12.500,85.079,Calumet_WaterTempDrop_85,atomic,[Calumet_WaterTempDrop_85],[1.0000],1,1,1.0000,[[CalumetBeach201507140500_Water_Temperature]]
2025-10-15 19:27:12.559,85.138,63rd_WaterTempDrop_85,atomic,[63rd_WaterTempDrop_85],[0.9574],1,1,0.9574,[[63rdStreetBeach201507140600_Water_Temperature]]
2025-10-15 19:27:12.565,85.144,Montrose_WaterTempDrop_85,atomic,[Montrose_WaterTempDrop_85],[0.9698],1,1,0.9698,[[MontroseBeach201507140600_Water_Temperature]]
2025-10-15 19:27:12.565,85.144,Calumet_WaterTempDrop_85,atomic,[Calumet_WaterTempDrop_85],[1.0000],1,1,1.0000,[[CalumetBeach201507140600_Water_Temperature]]
2025-10-15 19:27:12.622,85.201,63rd_WaterTempDrop_85,atomic,[63rd_WaterTempDrop_85],[1.0000],1,1,1.0000,[[63rdStreetBeach201507140700_Water_Temperature]]
2025-10-15 19:27:12.623,85.202,Montrose_WaterTempDrop_85,atomic,[Montrose_WaterTempDrop_85],[1.0000],1,1,1.0000,[[MontroseBeach201507140700_Water_Temperature]]
2025-10-15 19:27:12.623,85.202,Calumet_WaterTempDrop_85,atomic,[Calumet_WaterTempDrop_85],[1.0000],1,1,1.0000,[[CalumetBeach201507140700_Water_Temperature]]
2025-10-15 19:27:12.689,85.268,Calumet_WaterTempDrop_85,atomic,[Calumet_WaterTempDrop_85],[0.9672],1,1,0.9672,[[CalumetBeach201507140800_Water_Temperature]]
2025-10-15 19:27:12.690,85.269,Montrose_WaterTempDrop_85,atomic,[Montrose_WaterTempDrop_85],[1.0000],1,1,1.0000,[[MontroseBeach201507140800_Water_Temperature]]
2025-10-15 19:27:12.692,85.271,63rd_WaterTempDrop_85,atomic,[63rd_WaterTempDrop_85],[1.0000],1,1,1.0000,[[63rdStreetBeach201507140800_Water_Temperature]]
2025-10-15 19:27:12.748,85.327,Montrose_WaterTempDrop_85,atomic,[Montrose_WaterTempDrop_85],[1.0000],1,1,1.0000,[[MontroseBeach201507140900_Water_Temperature]]
2025-10-15 19:27:12.749,85.328,63rd_WaterTempDrop_85,atomic,[63rd_WaterTempDrop_85],[1.0000],1,1,1.0000,[[63rdStreetBeach201507140900_Water_Temperature]]
2025-10-15 19:27:12.750,85.329,Calumet_WaterTempDrop_85,atomic,[Calumet_WaterTempDrop_85],[1.0000],1,1,1.0000,[[CalumetBeach201507140900_Water_Temperature]]
2025-10-15 19:27:12.809,85.388,Montrose_WaterTempDrop_85,atomic,[Montrose_WaterTempDrop_85],[0.9693],1,1,0.9693,[[MontroseBeach201507141000_Water_Temperature]]
2025-10-15 19:27:12.811,85.390,63rd_WaterTempDrop_85,atomic,[63rd_WaterTempDrop_85],[0.9630],1,1,0.9630,[[63rdStreetBeach201507141000_Water_Temperature]]
2025-10-15 19:27:12.814,85.393,Calumet_WaterTempDrop_85,atomic,[Calumet_WaterTempDrop_85],[1.0000],1,1,1.0000,[[CalumetBeach201507141000_Water_Temperature]]
2025-10-15 19:27:12.872,85.451,Montrose_WaterTempDrop_85,atomic,[Montrose_WaterTempDrop_85],[0.9655],1,1,0.9655,[[MontroseBeach201507141100_Water_Temperature]]
2025-10-15 19:27:12.873,85.452,63rd_WaterTempDrop_85,atomic,[63rd_WaterTempDrop_85],[1.0000],1,1,1.0000,[[63rdStreetBeach201507141100_Water_Temperature]]
2025-10-15 19:27:12.874,85.453,Calumet_WaterTempDrop_85,atomic,[Calumet_WaterTempDrop_85],[1.0000],1,1,1.0000,[[CalumetBeach201507141100_Water_Temperature]]
2025-10-15 19:27:12.949,85.528,Montrose_WaterTempDrop_85,atomic,[Montrose_WaterTempDrop_85],[1.0000],1,1,1.0000,[[MontroseBeach201507141200_Water_Temperature]]
2025-10-15 19:27:12.951,85.530,Calumet_WaterTempDrop_85,atomic,[Calumet_WaterTempDrop_85],[1.0000],1,1,1.0000,[[CalumetBeach201507141200_Water_Temperature]]
2025-10-15 19:27:13.001,85.580,Calumet_WaterTempDrop_85,atomic,[Calumet_WaterTempDrop_85],[0.9689],1,1,0.9689,[[CalumetBeach201507141300_Water_Temperature]]
2025-10-15 19:27:13.001,85.580,63rd_WaterTempDrop_85,atomic,[63rd_WaterTempDrop_85],[1.0000],1,1,1.0000,[[63rdStreetBeach201507141300_Water_Temperature]]
2025-10-15 19:27:13.001,85.580,Montrose_WaterTempDrop_85,atomic,[Montrose_WaterTempDrop_85],[1.0000],1,1,1.0000,[[MontroseBeach201507141300_Water_Temperature]]
2025-10-15 19:27:13.065,85.644,Montrose_WaterTempDrop_85,atomic,[Montrose_WaterTempDrop_85],[1.0000],1,1,1.0000,[[MontroseBeach201507141400_Water_Temperature]]
2025-10-15 19:27:13.067,85.646,63rd_WaterTempDrop_85,atomic,[63rd_WaterTempDrop_85],[1.0000],1,1,1.0000,[[63rdStreetBeach201507141400_Water_Temperature]]
2025-10-15 19:27:13.068,85.647,Calumet_WaterTempDrop_85,atomic,[Calumet_WaterTempDrop_85],[1.0000],1,1,1.0000,[[CalumetBeach201507141400_Water_Temperature]]
2025-10-15 19:27:13.124,85.703,Calumet_WaterTempDrop_85,atomic,[Calumet_WaterTempDrop_85],[0.9665],1,1,0.9665,[[CalumetBeach201507141500_Water_Temperature]]
2025-10-15 19:27:13.127,85.706,63rd_WaterTempDrop_85,atomic,[63rd_WaterTempDrop_85],[1.0000],1,1,1.0000,[[63rdStreetBeach201507141500_Water_Temperature]]
2025-10-15 19:27:13.127,85.706,Montrose_WaterTempDrop_85,atomic,[Montrose_WaterTempDrop_85],[1.0000],1,1,1.0000,[[MontroseBeach201507141500_Water_Temperature]]
2025-10-15 19:27:13.188,85.767,63rd_WaterTempDrop_85,atomic,[63rd_WaterTempDrop_85],[0.9674],1,1,0.9674,[[63rdStreetBeach201507141600_Water_Temperature]]
2025-10-15 19:27:13.189,85.768,Montrose_WaterTempDrop_85,atomic,[Montrose_WaterTempDrop_85],[0.9680],1,1,0.9680,[[MontroseBeach201507141600_Water_Temperature]]
2025-10-15 19:27:13.190,85.769,Calumet_WaterTempDrop_85,atomic,[Calumet_WaterTempDrop_85],[1.0000],1,1,1.0000,[[CalumetBeach201507141600_Water_Temperature]]
2025-10-15 19:27:13.249,85.828,Calumet_WaterTempDrop_85,atomic,[Calumet_WaterTempDrop_85],[1.0000],1,1,1.0000,[[CalumetBeach201507141700_Water_Temperature]]
2025-10-15 19:27:13.249,85.828,Montrose_WaterTempDrop_85,atomic,[Montrose_WaterTempDrop_85],[1.0000],1,1,1.0000,[[MontroseBeach201507141700_Water_Temperature]]
2025-10-15 19:27:13.250,85.829,Montrose_HighWave_85,atomic,[Montrose_HighWave_85],[1.0000],1,1,1.0000,[[MontroseBeach201507141700_Wave_Height]]
2025-10-15 19:27:13.311,85.890,Montrose_WaterTempDrop_85,atomic,[Montrose_WaterTempDrop_85],[0.9657],1,1,0.9657,[[MontroseBeach201507141800_Water_Temperature]]
2025-10-15 19:27:13.312,85.891,Calumet_WaterTempDrop_85,atomic,[Calumet_WaterTempDrop_85],[1.0000],1,1,1.0000,[[CalumetBeach201507141800_Water_Temperature]]
2025-10-15 19:27:13.374,85.953,63rd_WaterTempDrop_85,atomic,[63rd_WaterTempDrop_85],[0.9635],1,1,0.9635,[[63rdStreetBeach201507141900_Water_Temperature]]
2025-10-15 19:27:13.374,85.953,Montrose_WaterTempDrop_85,atomic,[Montrose_WaterTempDrop_85],[0.9615],1,1,0.9615,[[MontroseBeach201507141900_Water_Temperature]]
2025-10-15 19:27:13.376,85.955,Calumet_WaterTempDrop_85,atomic,[Calumet_WaterTempDrop_85],[0.9674],1,1,0.9674,[[CalumetBeach201507141900_Water_Temperature]]
2025-10-15 19:27:13.376,85.955,63rd_HighWave_85,atomic,[63rd_HighWave_85],[1.0000],1,1,1.0000,[[63rdStreetBeach201507141900_Wave_Height]]
2025-10-15 19:27:13.435,86.014,Calumet_WaterTempDrop_85,atomic,[Calumet_WaterTempDrop_85],[0.9634],1,1,0.9634,[[CalumetBeach201507142000_Water_Temperature]]
2025-10-15 19:27:13.437,86.016,63rd_WaterTempDrop_85,atomic,[63rd_WaterTempDrop_85],[0.9591],1,1,0.9591,[[63rdStreetBeach201507142000_Water_Temperature]]
2025-10-15 19:27:13.438,86.017,Montrose_WaterTempDrop_85,atomic,[Montrose_WaterTempDrop_85],[1.0000],1,1,1.0000,[[MontroseBeach201507142000_Water_Temperature]]
2025-10-15 19:27:13.438,86.017,Montrose_HighWave_85,atomic,[Montrose_HighWave_85],[1.0000],1,1,1.0000,[[MontroseBeach201507142000_Wave_Height]]
2025-10-15 19:27:13.498,86.077,Calumet_WaterTempDrop_85,atomic,[Calumet_WaterTempDrop_85],[0.9590],1,1,0.9590,[[CalumetBeach201507142100_Water_Temperature]]
2025-10-15 19:27:13.500,86.079,Montrose_WaterTempDrop_85,atomic,[Montrose_WaterTempDrop_85],[1.0000],1,1,1.0000,[[MontroseBeach201507142100_Water_Temperature]]
2025-10-15 19:27:13.561,86.140,Montrose_WaterTempDrop_85,atomic,[Montrose_WaterTempDrop_85],[0.9628],1,1,0.9628,[[MontroseBeach201507142200_Water_Temperature]]
2025-10-15 19:27:13.562,86.141,63rd_WaterTempDrop_85,atomic,[63rd_WaterTempDrop_85],[1.0000],1,1,1.0000,[[63rdStreetBeach201507142200_Water_Temperature]]
2025-10-15 19:27:13.562,86.141,63rd_HighWave_85,atomic,[63rd_HighWave_85],[1.0000],1,1,1.0000,[[63rdStreetBeach201507142200_Wave_Height]]
2025-10-15 19:27:13.562,86.141,Calumet_WaterTempDrop_85,atomic,[Calumet_WaterTempDrop_85],[1.0000],1,1,1.0000,[[CalumetBeach201507142200_Water_Temperature]]
2025-10-15 19:27:13.622,86.201,Montrose_WaterTempDrop_85,atomic,[Montrose_WaterTempDrop_85],[0.9584],1,1,0.9584,[[MontroseBeach201507142300_Water_Temperature]]
2025-10-15 19:27:13.623,86.202,Calumet_WaterTempDrop_85,atomic,[Calumet_WaterTempDrop_85],[0.9581],1,1,0.9581,[[CalumetBeach201507142300_Water_Temperature]]
2025-10-15 19:27:13.685,86.264,Montrose_WaterTempDrop_85,atomic,[Montrose_WaterTempDrop_85],[1.0000],1,1,1.0000,[[MontroseBeach201507152400_Water_Temperature]]
2025-10-15 19:27:13.685,86.264,Calumet_WaterTempDrop_85,atomic,[Calumet_WaterTempDrop_85],[1.0000],1,1,1.0000,[[CalumetBeach201507152400_Water_Temperature]]
2025-10-15 19:27:13.747,86.326,63rd_WaterTempDrop_85,atomic,[63rd_WaterTempDrop_85],[1.0000],1,1,1.0000,[[63rdStreetBeach201507150100_Water_Temperature]]
2025-10-15 19:27:13.749,86.328,63rd_HighWave_85,atomic,[63rd_HighWave_85],[1.0000],1,1,1.0000,[[63rdStreetBeach201507150100_Wave_Height]]
2025-10-15 19:27:13.749,86.328,Calumet_WaterTempDrop_85,atomic,[Calumet_WaterTempDrop_85],[1.0000],1,1,1.0000,[[CalumetBeach201507150100_Water_Temperature]]
2025-10-15 19:27:13.749,86.328,Montrose_WaterTempDrop_85,atomic,[Montrose_WaterTempDrop_85],[1.0000],1,1,1.0000,[[MontroseBeach201507150100_Water_Temperature]]
2025-10-15 19:27:13.809,86.388,Montrose_WaterTempDrop_85,atomic,[Montrose_WaterTempDrop_85],[0.9610],1,1,0.9610,[[MontroseBeach201507150200_Water_Temperature]]
2025-10-15 19:27:13.809,86.388,63rd_WaterTempDrop_85,atomic,[63rd_WaterTempDrop_85],[0.9616],1,1,0.9616,[[63rdStreetBeach201507150200_Water_Temperature]]
2025-10-15 19:27:13.810,86.389,63rd_HighWave_85,atomic,[63rd_HighWave_85],[0.8740],1,1,0.8740,[[63rdStreetBeach201507150200_Wave_Height]]
2025-10-15 19:27:13.811,86.390,Calumet_WaterTempDrop_85,atomic,[Calumet_WaterTempDrop_85],[1.0000],1,1,1.0000,[[CalumetBeach201507150200_Water_Temperature]]
2025-10-15 19:27:13.871,86.450,Montrose_WaterTempDrop_85,atomic,[Montrose_WaterTempDrop_85],[0.9565],1,1,0.9565,[[MontroseBeach201507150300_Water_Temperature]]
2025-10-15 19:27:13.873,86.452,63rd_WaterTempDrop_85,atomic,[63rd_WaterTempDrop_85],[0.9571],1,1,0.9571,[[63rdStreetBeach201507150300_Water_Temperature]]
2025-10-15 19:27:13.873,86.452,Montrose_HighWave_85,atomic,[Montrose_HighWave_85],[1.0000],1,1,1.0000,[[MontroseBeach201507150300_Wave_Height]]
2025-10-15 19:27:13.875,86.454,Calumet_WaterTempDrop_85,atomic,[Calumet_WaterTempDrop_85],[1.0000],1,1,1.0000,[[CalumetBeach201507150300_Water_Temperature]]
2025-10-15 19:27:13.936,86.515,Montrose_WaterTempDrop_85,atomic,[Montrose_WaterTempDrop_85],[1.0000],1,1,1.0000,[[MontroseBeach201507150400_Water_Temperature]]
2025-10-15 19:27:13.940,86.519,Calumet_WaterTempDrop_85,atomic,[Calumet_WaterTempDrop_85],[1.0000],1,1,1.0000,[[CalumetBeach201507150400_Water_Temperature]]
2025-10-15 19:27:13.940,86.519,63rd_WaterTempDrop_85,atomic,[63rd_WaterTempDrop_85],[1.0000],1,1,1.0000,[[63rdStreetBeach201507150400_Water_Temperature]]
2025-10-15 19:27:13.996,86.575,Calumet_WaterTempDrop_85,atomic,[Calumet_WaterTempDrop_85],[0.9669],1,1,0.9669,[[CalumetBeach201507150500_Water_Temperature]]
2025-10-15 19:27:13.997,86.576,Montrose_WaterTempDrop_85,atomic,[Montrose_WaterTempDrop_85],[1.0000],1,1,1.0000,[[MontroseBeach201507150500_Water_Temperature]]
2025-10-15 19:27:13.999,86.578,63rd_WaterTempDrop_85,atomic,[63rd_WaterTempDrop_85],[0.9569],1,1,0.9569,[[63rdStreetBeach201507150500_Water_Temperature]]
2025-10-15 19:27:14.059,86.638,Montrose_WaterTempDrop_85,atomic,[Montrose_WaterTempDrop_85],[0.9600],1,1,0.9600,[[MontroseBeach201507150600_Water_Temperature]]
2025-10-15 19:27:14.059,86.638,Calumet_WaterTempDrop_85,atomic,[Calumet_WaterTempDrop_85],[1.0000],1,1,1.0000,[[CalumetBeach201507150600_Water_Temperature]]
2025-10-15 19:27:14.120,86.699,Calumet_WaterTempDrop_85,atomic,[Calumet_WaterTempDrop_85],[0.9650],1,1,0.9650,[[CalumetBeach201507150700_Water_Temperature]]
2025-10-15 19:27:14.121,86.700,63rd_WaterTempDrop_85,atomic,[63rd_WaterTempDrop_85],[0.9520],1,1,0.9520,[[63rdStreetBeach201507150700_Water_Temperature]]
2025-10-15 19:27:14.122,86.701,Montrose_WaterTempDrop_85,atomic,[Montrose_WaterTempDrop_85],[1.0000],1,1,1.0000,[[MontroseBeach201507150700_Water_Temperature]]
2025-10-15 19:27:14.186,86.765,Calumet_WaterTempDrop_85,atomic,[Calumet_WaterTempDrop_85],[1.0000],1,1,1.0000,[[CalumetBeach201507150800_Water_Temperature]]
2025-10-15 19:27:14.187,86.766,Montrose_WaterTempDrop_85,atomic,[Montrose_WaterTempDrop_85],[1.0000],1,1,1.0000,[[MontroseBeach201507150800_Water_Temperature]]
2025-10-15 19:27:14.187,86.766,63rd_WaterTempDrop_85,atomic,[63rd_WaterTempDrop_85],[1.0000],1,1,1.0000,[[63rdStreetBeach201507150800_Water_Temperature]]
2025-10-15 19:27:14.187,86.766,63rd_HighWave_85,atomic,[63rd_HighWave_85],[1.0000],1,1,1.0000,[[63rdStreetBeach201507150800_Wave_Height]]
2025-10-15 19:27:14.245,86.824,63rd_WaterTempDrop_85,atomic,[63rd_WaterTempDrop_85],[0.9531],1,1,0.9531,[[63rdStreetBeach201507150900_Water_Temperature]]
2025-10-15 19:27:14.247,86.826,Calumet_WaterTempDrop_85,atomic,[Calumet_WaterTempDrop_85],[1.0000],1,1,1.0000,[[CalumetBeach201507150900_Water_Temperature]]
2025-10-15 19:27:14.247,86.826,Montrose_WaterTempDrop_85,atomic,[Montrose_WaterTempDrop_85],[1.0000],1,1,1.0000,[[MontroseBeach201507150900_Water_Temperature]]
2025-10-15 19:27:14.310,86.889,63rd_WaterTempDrop_85,atomic,[63rd_WaterTempDrop_85],[1.0000],1,1,1.0000,[[63rdStreetBeach201507151000_Water_Temperature]]
2025-10-15 19:27:14.310,86.889,63rd_HighWave_85,atomic,[63rd_HighWave_85],[1.0000],1,1,1.0000,[[63rdStreetBeach201507151000_Wave_Height]]
2025-10-15 19:27:14.311,86.890,Montrose_WaterTempDrop_85,atomic,[Montrose_WaterTempDrop_85],[1.0000],1,1,1.0000,[[MontroseBeach201507151000_Water_Temperature]]
2025-10-15 19:27:14.311,86.890,Montrose_HighWave_85,atomic,[Montrose_HighWave_85],[1.0000],1,1,1.0000,[[MontroseBeach201507151000_Wave_Height]]
2025-10-15 19:27:14.311,86.890,Calumet_WaterTempDrop_85,atomic,[Calumet_WaterTempDrop_85],[1.0000],1,1,1.0000,[[CalumetBeach201507151000_Water_Temperature]]
2025-10-15 19:27:14.371,86.950,Montrose_WaterTempDrop_85,atomic,[Montrose_WaterTempDrop_85],[0.9664],1,1,0.9664,[[MontroseBeach201507151100_Water_Temperature]]
2025-10-15 19:27:14.371,86.950,Calumet_WaterTempDrop_85,atomic,[Calumet_WaterTempDrop_85],[1.0000],1,1,1.0000,[[CalumetBeach201507151100_Water_Temperature]]
2025-10-15 19:27:14.371,86.950,63rd_WaterTempDrop_85,atomic,[63rd_WaterTempDrop_85],[1.0000],1,1,1.0000,[[63rdStreetBeach201507151100_Water_Temperature]]
2025-10-15 19:27:14.434,87.013,63rd_WaterTempDrop_85,atomic,[63rd_WaterTempDrop_85],[1.0000],1,1,1.0000,[[63rdStreetBeach201507151200_Water_Temperature]]
2025-10-15 19:27:14.434,87.013,Montrose_WaterTempDrop_85,atomic,[Montrose_WaterTempDrop_85],[1.0000],1,1,1.0000,[[MontroseBeach201507151200_Water_Temperature]]
2025-10-15 19:27:14.434,87.013,Calumet_WaterTempDrop_85,atomic,[Calumet_WaterTempDrop_85],[1.0000],1,1,1.0000,[[CalumetBeach201507151200_Water_Temperature]]
2025-10-15 19:27:14.495,87.074,63rd_WaterTempDrop_85,atomic,[63rd_WaterTempDrop_85],[1.0000],1,1,1.0000,[[63rdStreetBeach201507151300_Water_Temperature]]
2025-10-15 19:27:14.497,87.076,Montrose_WaterTempDrop_85,atomic,[Montrose_WaterTempDrop_85],[1.0000],1,1,1.0000,[[MontroseBeach201507151300_Water_Temperature]]
2025-10-15 19:27:14.498,87.077,Montrose_HighWave_85,atomic,[Montrose_HighWave_85],[1.0000],1,1,1.0000,[[MontroseBeach201507151300_Wave_Height]]
2025-10-15 19:27:14.498,87.077,Calumet_WaterTempDrop_85,atomic,[Calumet_WaterTempDrop_85],[1.0000],1,1,1.0000,[[CalumetBeach201507151300_Water_Temperature]]
2025-10-15 19:27:14.557,87.136,63rd_WaterTempDrop_85,atomic,[63rd_WaterTempDrop_85],[0.9641],1,1,0.9641,[[63rdStreetBeach201507151400_Water_Temperature]]
2025-10-15 19:27:14.558,87.137,Calumet_WaterTempDrop_85,atomic,[Calumet_WaterTempDrop_85],[0.9699],1,1,0.9699,[[CalumetBeach201507151400_Water_Temperature]]
2025-10-15 19:27:14.559,87.138,Montrose_WaterTempDrop_85,atomic,[Montrose_WaterTempDrop_85],[1.0000],1,1,1.0000,[[MontroseBeach201507151400_Water_Temperature]]
2025-10-15 19:27:14.560,87.139,Montrose_HighWave_85,atomic,[Montrose_HighWave_85],[1.0000],1,1,1.0000,[[MontroseBeach201507151400_Wave_Height]]
2025-10-15 19:27:14.618,87.197,63rd_WaterTempDrop_85,atomic,[63rd_WaterTempDrop_85],[0.9600],1,1,0.9600,[[63rdStreetBeach201507151500_Water_Temperature]]
2025-10-15 19:27:14.621,87.200,Montrose_WaterTempDrop_85,atomic,[Montrose_WaterTempDrop_85],[0.9678],1,1,0.9678,[[MontroseBeach201507151500_Water_Temperature]]
2025-10-15 19:27:14.621,87.200,63rd_HighWave_85,atomic,[63rd_HighWave_85],[1.0000],1,1,1.0000,[[63rdStreetBeach201507151500_Wave_Height]]
2025-10-15 19:27:14.621,87.200,Calumet_WaterTempDrop_85,atomic,[Calumet_WaterTempDrop_85],[1.0000],1,1,1.0000,[[CalumetBeach201507151500_Water_Temperature]]
2025-10-15 19:27:14.680,87.259,63rd_WaterTempDrop_85,atomic,[63rd_WaterTempDrop_85],[0.9555],1,1,0.9555,[[63rdStreetBeach201507151600_Water_Temperature]]
2025-10-15 19:27:14.683,87.262,Calumet_WaterTempDrop_85,atomic,[Calumet_WaterTempDrop_85],[0.9675],1,1,0.9675,[[CalumetBeach201507151600_Water_Temperature]]
2025-10-15 19:27:14.683,87.262,Montrose_WaterTempDrop_85,atomic,[Montrose_WaterTempDrop_85],[1.0000],1,1,1.0000,[[MontroseBeach201507151600_Water_Temperature]]
2025-10-15 19:27:14.743,87.322,Montrose_WaterTempDrop_85,atomic,[Montrose_WaterTempDrop_85],[0.9657],1,1,0.9657,[[MontroseBeach201507151700_Water_Temperature]]
2025-10-15 19:27:14.743,87.322,Calumet_WaterTempDrop_85,atomic,[Calumet_WaterTempDrop_85],[1.0000],1,1,1.0000,[[CalumetBeach201507151700_Water_Temperature]]
2025-10-15 19:27:14.743,87.322,Montrose_HighWave_85,atomic,[Montrose_HighWave_85],[1.0000],1,1,1.0000,[[MontroseBeach201507151700_Wave_Height]]
2025-10-15 19:27:14.806,87.385,63rd_WaterTempDrop_85,atomic,[63rd_WaterTempDrop_85],[1.0000],1,1,1.0000,[[63rdStreetBeach201507151800_Water_Temperature]]
2025-10-15 19:27:14.806,87.385,Calumet_WaterTempDrop_85,atomic,[Calumet_WaterTempDrop_85],[1.0000],1,1,1.0000,[[CalumetBeach201507151800_Water_Temperature]]
2025-10-15 19:27:14.806,87.385,Montrose_WaterTempDrop_85,atomic,[Montrose_WaterTempDrop_85],[1.0000],1,1,1.0000,[[MontroseBeach201507151800_Water_Temperature]]
2025-10-15 19:27:14.867,87.446,Montrose_WaterTempDrop_85,atomic,[Montrose_WaterTempDrop_85],[0.9639],1,1,0.9639,[[MontroseBeach201507151900_Water_Temperature]]
2025-10-15 19:27:14.867,87.446,Calumet_WaterTempDrop_85,atomic,[Calumet_WaterTempDrop_85],[1.0000],1,1,1.0000,[[CalumetBeach201507151900_Water_Temperature]]
2025-10-15 19:27:14.867,87.446,63rd_WaterTempDrop_85,atomic,[63rd_WaterTempDrop_85],[1.0000],1,1,1.0000,[[63rdStreetBeach201507151900_Water_Temperature]]
2025-10-15 19:27:14.928,87.507,63rd_WaterTempDrop_85,atomic,[63rd_WaterTempDrop_85],[1.0000],1,1,1.0000,[[63rdStreetBeach201507152000_Water_Temperature]]
2025-10-15 19:27:14.928,87.507,Montrose_WaterTempDrop_85,atomic,[Montrose_WaterTempDrop_85],[1.0000],1,1,1.0000,[[MontroseBeach201507152000_Water_Temperature]]
2025-10-15 19:27:14.928,87.507,Calumet_WaterTempDrop_85,atomic,[Calumet_WaterTempDrop_85],[1.0000],1,1,1.0000,[[CalumetBeach201507152000_Water_Temperature]]
2025-10-15 19:27:14.989,87.568,63rd_WaterTempDrop_85,atomic,[63rd_WaterTempDrop_85],[0.9626],1,1,0.9626,[[63rdStreetBeach201507152100_Water_Temperature]]
2025-10-15 19:27:14.991,87.570,Calumet_WaterTempDrop_85,atomic,[Calumet_WaterTempDrop_85],[1.0000],1,1,1.0000,[[CalumetBeach201507152100_Water_Temperature]]
2025-10-15 19:27:14.992,87.571,Montrose_WaterTempDrop_85,atomic,[Montrose_WaterTempDrop_85],[1.0000],1,1,1.0000,[[MontroseBeach201507152100_Water_Temperature]]
2025-10-15 19:27:15.052,87.631,Calumet_WaterTempDrop_85,atomic,[Calumet_WaterTempDrop_85],[0.9698],1,1,0.9698,[[CalumetBeach201507152200_Water_Temperature]]
2025-10-15 19:27:15.055,87.634,63rd_WaterTempDrop_85,atomic,[63rd_WaterTempDrop_85],[0.9583],1,1,0.9583,[[63rdStreetBeach201507152200_Water_Temperature]]
2025-10-15 19:27:15.055,87.634,Montrose_WaterTempDrop_85,atomic,[Montrose_WaterTempDrop_85],[1.0000],1,1,1.0000,[[MontroseBeach201507152200_Water_Temperature]]
2025-10-15 19:27:15.115,87.694,Calumet_WaterTempDrop_85,atomic,[Calumet_WaterTempDrop_85],[1.0000],1,1,1.0000,[[CalumetBeach201507152300_Water_Temperature]]
2025-10-15 19:27:15.117,87.696,63rd_WaterTempDrop_85,atomic,[63rd_WaterTempDrop_85],[1.0000],1,1,1.0000,[[63rdStreetBeach201507152300_Water_Temperature]]
2025-10-15 19:27:15.117,87.696,Montrose_WaterTempDrop_85,atomic,[Montrose_WaterTempDrop_85],[1.0000],1,1,1.0000,[[MontroseBeach201507152300_Water_Temperature]]
2025-10-15 19:27:15.178,87.757,Calumet_WaterTempDrop_85,atomic,[Calumet_WaterTempDrop_85],[0.9673],1,1,0.9673,[[CalumetBeach201507162400_Water_Temperature]]
2025-10-15 19:27:15.178,87.757,63rd_WaterTempDrop_85,atomic,[63rd_WaterTempDrop_85],[0.9580],1,1,0.9580,[[63rdStreetBeach201507162400_Water_Temperature]]
2025-10-15 19:27:15.179,87.758,Montrose_WaterTempDrop_85,atomic,[Montrose_WaterTempDrop_85],[0.9676],1,1,0.9676,[[MontroseBeach201507162400_Water_Temperature]]
2025-10-15 19:27:15.243,87.822,Montrose_WaterTempDrop_85,atomic,[Montrose_WaterTempDrop_85],[1.0000],1,1,1.0000,[[MontroseBeach201507160100_Water_Temperature]]
2025-10-15 19:27:15.244,87.823,63rd_WaterTempDrop_85,atomic,[63rd_WaterTempDrop_85],[1.0000],1,1,1.0000,[[63rdStreetBeach201507160100_Water_Temperature]]
2025-10-15 19:27:15.244,87.823,Calumet_WaterTempDrop_85,atomic,[Calumet_WaterTempDrop_85],[1.0000],1,1,1.0000,[[CalumetBeach201507160100_Water_Temperature]]
2025-10-15 19:27:15.303,87.882,Calumet_WaterTempDrop_85,atomic,[Calumet_WaterTempDrop_85],[0.9651],1,1,0.9651,[[CalumetBeach201507160200_Water_Temperature]]
2025-10-15 19:27:15.305,87.884,Montrose_WaterTempDrop_85,atomic,[Montrose_WaterTempDrop_85],[1.0000],1,1,1.0000,[[MontroseBeach201507160200_Water_Temperature]]
2025-10-15 19:27:15.305,87.884,63rd_WaterTempDrop_85,atomic,[63rd_WaterTempDrop_85],[0.9578],1,1,0.9578,[[63rdStreetBeach201507160200_Water_Temperature]]
2025-10-15 19:27:15.364,87.943,Montrose_WaterTempDrop_85,atomic,[Montrose_WaterTempDrop_85],[1.0000],1,1,1.0000,[[MontroseBeach201507160300_Water_Temperature]]
2025-10-15 19:27:15.366,87.945,63rd_WaterTempDrop_85,atomic,[63rd_WaterTempDrop_85],[1.0000],1,1,1.0000,[[63rdStreetBeach201507160300_Water_Temperature]]
2025-10-15 19:27:15.367,87.946,Calumet_WaterTempDrop_85,atomic,[Calumet_WaterTempDrop_85],[1.0000],1,1,1.0000,[[CalumetBeach201507160300_Water_Temperature]]
2025-10-15 19:27:15.426,88.005,63rd_WaterTempDrop_85,atomic,[63rd_WaterTempDrop_85],[0.9576],1,1,0.9576,[[63rdStreetBeach201507160400_Water_Temperature]]
2025-10-15 19:27:15.427,88.006,Montrose_WaterTempDrop_85,atomic,[Montrose_WaterTempDrop_85],[1.0000],1,1,1.0000,[[MontroseBeach201507160400_Water_Temperature]]
2025-10-15 19:27:15.427,88.006,Calumet_WaterTempDrop_85,atomic,[Calumet_WaterTempDrop_85],[1.0000],1,1,1.0000,[[CalumetBeach201507160400_Water_Temperature]]
2025-10-15 19:27:15.489,88.068,Calumet_WaterTempDrop_85,atomic,[Calumet_WaterTempDrop_85],[0.9651],1,1,0.9651,[[CalumetBeach201507160500_Water_Temperature]]
2025-10-15 19:27:15.490,88.069,Montrose_WaterTempDrop_85,atomic,[Montrose_WaterTempDrop_85],[1.0000],1,1,1.0000,[[MontroseBeach201507160500_Water_Temperature]]
2025-10-15 19:27:15.555,88.134,Montrose_WaterTempDrop_85,atomic,[Montrose_WaterTempDrop_85],[0.9699],1,1,0.9699,[[MontroseBeach201507160600_Water_Temperature]]
2025-10-15 19:27:15.557,88.136,63rd_WaterTempDrop_85,atomic,[63rd_WaterTempDrop_85],[0.9528],1,1,0.9528,[[63rdStreetBeach201507160600_Water_Temperature]]
2025-10-15 19:27:15.558,88.137,Calumet_WaterTempDrop_85,atomic,[Calumet_WaterTempDrop_85],[1.0000],1,1,1.0000,[[CalumetBeach201507160600_Water_Temperature]]
2025-10-15 19:27:15.614,88.193,Calumet_WaterTempDrop_85,atomic,[Calumet_WaterTempDrop_85],[1.0000],1,1,1.0000,[[CalumetBeach201507160700_Water_Temperature]]
2025-10-15 19:27:15.615,88.194,Montrose_WaterTempDrop_85,atomic,[Montrose_WaterTempDrop_85],[0.9661],1,1,0.9661,[[MontroseBeach201507160700_Water_Temperature]]
2025-10-15 19:27:15.615,88.194,63rd_WaterTempDrop_85,atomic,[63rd_WaterTempDrop_85],[1.0000],1,1,1.0000,[[63rdStreetBeach201507160700_Water_Temperature]]
2025-10-15 19:27:15.678,88.257,Montrose_WaterTempDrop_85,atomic,[Montrose_WaterTempDrop_85],[0.9620],1,1,0.9620,[[MontroseBeach201507160800_Water_Temperature]]
2025-10-15 19:27:15.681,88.260,63rd_WaterTempDrop_85,atomic,[63rd_WaterTempDrop_85],[1.0000],1,1,1.0000,[[63rdStreetBeach201507160800_Water_Temperature]]
2025-10-15 19:27:15.681,88.260,Calumet_WaterTempDrop_85,atomic,[Calumet_WaterTempDrop_85],[1.0000],1,1,1.0000,[[CalumetBeach201507160800_Water_Temperature]]
2025-10-15 19:27:15.740,88.319,63rd_WaterTempDrop_85,atomic,[63rd_WaterTempDrop_85],[0.9582],1,1,0.9582,[[63rdStreetBeach201507160900_Water_Temperature]]
2025-10-15 19:27:15.740,88.319,Montrose_WaterTempDrop_85,atomic,[Montrose_WaterTempDrop_85],[0.9573],1,1,0.9573,[[MontroseBeach201507160900_Water_Temperature]]
2025-10-15 19:27:15.742,88.321,Calumet_WaterTempDrop_85,atomic,[Calumet_WaterTempDrop_85],[1.0000],1,1,1.0000,[[CalumetBeach201507160900_Water_Temperature]]
2025-10-15 19:27:15.803,88.382,Montrose_WaterTempDrop_85,atomic,[Montrose_WaterTempDrop_85],[0.9522],1,1,0.9522,[[MontroseBeach201507161100_Water_Temperature]]
2025-10-15 19:27:15.804,88.383,Calumet_WaterTempDrop_85,atomic,[Calumet_WaterTempDrop_85],[1.0000],1,1,1.0000,[[CalumetBeach201507161100_Water_Temperature]]
2025-10-15 19:27:15.804,88.383,63rd_WaterTempDrop_85,atomic,[63rd_WaterTempDrop_85],[1.0000],1,1,1.0000,[[63rdStreetBeach201507161100_Water_Temperature]]
2025-10-15 19:27:15.866,88.445,Calumet_WaterTempDrop_85,atomic,[Calumet_WaterTempDrop_85],[1.0000],1,1,1.0000,[[CalumetBeach201507161200_Water_Temperature]]
2025-10-15 19:27:15.866,88.445,Montrose_WaterTempDrop_85,atomic,[Montrose_WaterTempDrop_85],[1.0000],1,1,1.0000,[[MontroseBeach201507161200_Water_Temperature]]
2025-10-15 19:27:15.866,88.445,63rd_WaterTempDrop_85,atomic,[63rd_WaterTempDrop_85],[1.0000],1,1,1.0000,[[63rdStreetBeach201507161200_Water_Temperature]]
2025-10-15 19:27:15.925,88.504,Calumet_WaterTempDrop_85,atomic,[Calumet_WaterTempDrop_85],[0.9697],1,1,0.9697,[[CalumetBeach201507161300_Water_Temperature]]
2025-10-15 19:27:15.926,88.505,Montrose_WaterTempDrop_85,atomic,[Montrose_WaterTempDrop_85],[0.9529],1,1,0.9529,[[MontroseBeach201507161300_Water_Temperature]]
2025-10-15 19:27:15.930,88.509,63rd_WaterTempDrop_85,atomic,[63rd_WaterTempDrop_85],[1.0000],1,1,1.0000,[[63rdStreetBeach201507161300_Water_Temperature]]
2025-10-15 19:27:15.988,88.567,Montrose_WaterTempDrop_85,atomic,[Montrose_WaterTempDrop_85],[0.9474],1,1,0.9474,[[MontroseBeach201507161400_Water_Temperature]]
2025-10-15 19:27:15.991,88.570,Calumet_WaterTempDrop_85,atomic,[Calumet_WaterTempDrop_85],[1.0000],1,1,1.0000,[[CalumetBeach201507161400_Water_Temperature]]
2025-10-15 19:27:15.993,88.572,63rd_WaterTempDrop_85,atomic,[63rd_WaterTempDrop_85],[1.0000],1,1,1.0000,[[63rdStreetBeach201507161400_Water_Temperature]]
2025-10-15 19:27:16.052,88.631,63rd_WaterTempDrop_85,atomic,[63rd_WaterTempDrop_85],[0.9658],1,1,0.9658,[[63rdStreetBeach201507161500_Water_Temperature]]
2025-10-15 19:27:16.053,88.632,Montrose_WaterTempDrop_85,atomic,[Montrose_WaterTempDrop_85],[0.9414],1,1,0.9414,[[MontroseBeach201507161500_Water_Temperature]]
2025-10-15 19:27:16.053,88.632,Calumet_WaterTempDrop_85,atomic,[Calumet_WaterTempDrop_85],[1.0000],1,1,1.0000,[[CalumetBeach201507161500_Water_Temperature]]
2025-10-15 19:27:16.113,88.692,63rd_WaterTempDrop_85,atomic,[63rd_WaterTempDrop_85],[0.9618],1,1,0.9618,[[63rdStreetBeach201507161600_Water_Temperature]]
2025-10-15 19:27:16.114,88.693,Calumet_WaterTempDrop_85,atomic,[Calumet_WaterTempDrop_85],[0.9684],1,1,0.9684,[[CalumetBeach201507161600_Water_Temperature]]
2025-10-15 19:27:16.114,88.693,Montrose_WaterTempDrop_85,atomic,[Montrose_WaterTempDrop_85],[1.0000],1,1,1.0000,[[MontroseBeach201507161600_Water_Temperature]]
2025-10-15 19:27:16.179,88.758,Calumet_WaterTempDrop_85,atomic,[Calumet_WaterTempDrop_85],[1.0000],1,1,1.0000,[[CalumetBeach201507161700_Water_Temperature]]
2025-10-15 19:27:16.180,88.759,63rd_WaterTempDrop_85,atomic,[63rd_WaterTempDrop_85],[1.0000],1,1,1.0000,[[63rdStreetBeach201507161700_Water_Temperature]]
2025-10-15 19:27:16.180,88.759,Montrose_WaterTempDrop_85,atomic,[Montrose_WaterTempDrop_85],[1.0000],1,1,1.0000,[[MontroseBeach201507161700_Water_Temperature]]
2025-10-15 19:27:16.242,88.821,63rd_WaterTempDrop_85,atomic,[63rd_WaterTempDrop_85],[0.9607],1,1,0.9607,[[63rdStreetBeach201507161800_Water_Temperature]]
2025-10-15 19:27:16.242,88.821,Montrose_WaterTempDrop_85,atomic,[Montrose_WaterTempDrop_85],[1.0000],1,1,1.0000,[[MontroseBeach201507161800_Water_Temperature]]
2025-10-15 19:27:16.242,88.821,Calumet_WaterTempDrop_85,atomic,[Calumet_WaterTempDrop_85],[0.9661],1,1,0.9661,[[CalumetBeach201507161800_Water_Temperature]]
2025-10-15 19:27:16.306,88.885,63rd_WaterTempDrop_85,atomic,[63rd_WaterTempDrop_85],[0.9562],1,1,0.9562,[[63rdStreetBeach201507161900_Water_Temperature]]
2025-10-15 19:27:16.306,88.885,Calumet_WaterTempDrop_85,atomic,[Calumet_WaterTempDrop_85],[1.0000],1,1,1.0000,[[CalumetBeach201507161900_Water_Temperature]]
2025-10-15 19:27:16.307,88.886,Montrose_WaterTempDrop_85,atomic,[Montrose_WaterTempDrop_85],[1.0000],1,1,1.0000,[[MontroseBeach201507161900_Water_Temperature]]
2025-10-15 19:27:16.368,88.947,Montrose_WaterTempDrop_85,atomic,[Montrose_WaterTempDrop_85],[0.9607],1,1,0.9607,[[MontroseBeach201507162000_Water_Temperature]]
2025-10-15 19:27:16.369,88.948,Calumet_WaterTempDrop_85,atomic,[Calumet_WaterTempDrop_85],[1.0000],1,1,1.0000,[[CalumetBeach201507162000_Water_Temperature]]
2025-10-15 19:27:16.369,88.948,63rd_WaterTempDrop_85,atomic,[63rd_WaterTempDrop_85],[1.0000],1,1,1.0000,[[63rdStreetBeach201507162000_Water_Temperature]]
2025-10-15 19:27:16.431,89.010,63rd_WaterTempDrop_85,atomic,[63rd_WaterTempDrop_85],[0.9562],1,1,0.9562,[[63rdStreetBeach201507162100_Water_Temperature]]
2025-10-15 19:27:16.433,89.012,Montrose_WaterTempDrop_85,atomic,[Montrose_WaterTempDrop_85],[1.0000],1,1,1.0000,[[MontroseBeach201507162100_Water_Temperature]]
2025-10-15 19:27:16.433,89.012,Calumet_WaterTempDrop_85,atomic,[Calumet_WaterTempDrop_85],[0.9658],1,1,0.9658,[[CalumetBeach201507162100_Water_Temperature]]
2025-10-15 19:27:16.490,89.069,Montrose_WaterTempDrop_85,atomic,[Montrose_WaterTempDrop_85],[0.9600],1,1,0.9600,[[MontroseBeach201507162200_Water_Temperature]]
2025-10-15 19:27:16.492,89.071,63rd_WaterTempDrop_85,atomic,[63rd_WaterTempDrop_85],[1.0000],1,1,1.0000,[[63rdStreetBeach201507162200_Water_Temperature]]
2025-10-15 19:27:16.494,89.073,Calumet_WaterTempDrop_85,atomic,[Calumet_WaterTempDrop_85],[1.0000],1,1,1.0000,[[CalumetBeach201507162200_Water_Temperature]]
2025-10-15 19:27:16.557,89.136,63rd_WaterTempDrop_85,atomic,[63rd_WaterTempDrop_85],[1.0000],1,1,1.0000,[[63rdStreetBeach201507162300_Water_Temperature]]
2025-10-15 19:27:16.559,89.138,Calumet_WaterTempDrop_85,atomic,[Calumet_WaterTempDrop_85],[1.0000],1,1,1.0000,[[CalumetBeach201507162300_Water_Temperature]]
2025-10-15 19:27:16.560,89.139,Montrose_WaterTempDrop_85,atomic,[Montrose_WaterTempDrop_85],[1.0000],1,1,1.0000,[[MontroseBeach201507162300_Water_Temperature]]
2025-10-15 19:27:16.617,89.196,Montrose_WaterTempDrop_85,atomic,[Montrose_WaterTempDrop_85],[0.9595],1,1,0.9595,[[MontroseBeach201507172400_Water_Temperature]]
2025-10-15 19:27:16.617,89.196,Calumet_WaterTempDrop_85,atomic,[Calumet_WaterTempDrop_85],[0.9657],1,1,0.9657,[[CalumetBeach201507172400_Water_Temperature]]
2025-10-15 19:27:16.620,89.199,63rd_WaterTempDrop_85,atomic,[63rd_WaterTempDrop_85],[1.0000],1,1,1.0000,[[63rdStreetBeach201507172400_Water_Temperature]]
2025-10-15 19:27:16.678,89.257,63rd_WaterTempDrop_85,atomic,[63rd_WaterTempDrop_85],[1.0000],1,1,1.0000,[[63rdStreetBeach201507170100_Water_Temperature]]
2025-10-15 19:27:16.680,89.259,Calumet_WaterTempDrop_85,atomic,[Calumet_WaterTempDrop_85],[0.9615],1,1,0.9615,[[CalumetBeach201507170100_Water_Temperature]]
2025-10-15 19:27:16.681,89.260,Montrose_WaterTempDrop_85,atomic,[Montrose_WaterTempDrop_85],[1.0000],1,1,1.0000,[[MontroseBeach201507170100_Water_Temperature]]
2025-10-15 19:27:16.740,89.319,Calumet_WaterTempDrop_85,atomic,[Calumet_WaterTempDrop_85],[1.0000],1,1,1.0000,[[CalumetBeach201507170200_Water_Temperature]]
2025-10-15 19:27:16.740,89.319,Montrose_WaterTempDrop_85,atomic,[Montrose_WaterTempDrop_85],[0.9590],1,1,0.9590,[[MontroseBeach201507170200_Water_Temperature]]
2025-10-15 19:27:16.742,89.321,63rd_WaterTempDrop_85,atomic,[63rd_WaterTempDrop_85],[1.0000],1,1,1.0000,[[63rdStreetBeach201507170200_Water_Temperature]]
2025-10-15 19:27:16.804,89.383,Calumet_WaterTempDrop_85,atomic,[Calumet_WaterTempDrop_85],[1.0000],1,1,1.0000,[[CalumetBeach201507170300_Water_Temperature]]
2025-10-15 19:27:16.804,89.383,Montrose_WaterTempDrop_85,atomic,[Montrose_WaterTempDrop_85],[1.0000],1,1,1.0000,[[MontroseBeach201507170300_Water_Temperature]]
2025-10-15 19:27:16.868,89.447,Calumet_WaterTempDrop_85,atomic,[Calumet_WaterTempDrop_85],[1.0000],1,1,1.0000,[[CalumetBeach201507170400_Water_Temperature]]
2025-10-15 19:27:16.869,89.448,63rd_WaterTempDrop_85,atomic,[63rd_WaterTempDrop_85],[1.0000],1,1,1.0000,[[63rdStreetBeach201507170400_Water_Temperature]]
2025-10-15 19:27:16.869,89.448,Montrose_WaterTempDrop_85,atomic,[Montrose_WaterTempDrop_85],[1.0000],1,1,1.0000,[[MontroseBeach201507170400_Water_Temperature]]
2025-10-15 19:27:16.930,89.509,63rd_WaterTempDrop_85,atomic,[63rd_WaterTempDrop_85],[0.9679],1,1,0.9679,[[63rdStreetBeach201507170500_Water_Temperature]]
2025-10-15 19:27:16.931,89.510,Calumet_WaterTempDrop_85,atomic,[Calumet_WaterTempDrop_85],[1.0000],1,1,1.0000,[[CalumetBeach201507170500_Water_Temperature]]
2025-10-15 19:27:16.931,89.510,Montrose_WaterTempDrop_85,atomic,[Montrose_WaterTempDrop_85],[1.0000],1,1,1.0000,[[MontroseBeach201507170500_Water_Temperature]]
2025-10-15 19:27:16.990,89.569,63rd_WaterTempDrop_85,atomic,[63rd_WaterTempDrop_85],[0.9640],1,1,0.9640,[[63rdStreetBeach201507170600_Water_Temperature]]
2025-10-15 19:27:16.990,89.569,Montrose_WaterTempDrop_85,atomic,[Montrose_WaterTempDrop_85],[1.0000],1,1,1.0000,[[MontroseBeach201507170600_Water_Temperature]]
2025-10-15 19:27:16.993,89.572,Calumet_WaterTempDrop_85,atomic,[Calumet_WaterTempDrop_85],[1.0000],1,1,1.0000,[[CalumetBeach201507170600_Water_Temperature]]
2025-10-15 19:27:17.055,89.634,Calumet_WaterTempDrop_85,atomic,[Calumet_WaterTempDrop_85],[0.9678],1,1,0.9678,[[CalumetBeach201507170700_Water_Temperature]]
2025-10-15 19:27:17.055,89.634,Montrose_WaterTempDrop_85,atomic,[Montrose_WaterTempDrop_85],[1.0000],1,1,1.0000,[[MontroseBeach201507170700_Water_Temperature]]
2025-10-15 19:27:17.116,89.695,Calumet_WaterTempDrop_85,atomic,[Calumet_WaterTempDrop_85],[0.9640],1,1,0.9640,[[CalumetBeach201507170800_Water_Temperature]]
2025-10-15 19:27:17.117,89.696,Montrose_WaterTempDrop_85,atomic,[Montrose_WaterTempDrop_85],[0.9676],1,1,0.9676,[[MontroseBeach201507170800_Water_Temperature]]
2025-10-15 19:27:17.117,89.696,63rd_WaterTempDrop_85,atomic,[63rd_WaterTempDrop_85],[1.0000],1,1,1.0000,[[63rdStreetBeach201507170800_Water_Temperature]]
2025-10-15 19:27:17.180,89.759,63rd_WaterTempDrop_85,atomic,[63rd_WaterTempDrop_85],[0.9625],1,1,0.9625,[[63rdStreetBeach201507170900_Water_Temperature]]
2025-10-15 19:27:17.180,89.759,Calumet_WaterTempDrop_85,atomic,[Calumet_WaterTempDrop_85],[1.0000],1,1,1.0000,[[CalumetBeach201507170900_Water_Temperature]]
2025-10-15 19:27:17.181,89.760,Montrose_WaterTempDrop_85,atomic,[Montrose_WaterTempDrop_85],[1.0000],1,1,1.0000,[[MontroseBeach201507170900_Water_Temperature]]
2025-10-15 19:27:17.243,89.822,Montrose_WaterTempDrop_85,atomic,[Montrose_WaterTempDrop_85],[1.0000],1,1,1.0000,[[MontroseBeach201507171000_Water_Temperature]]
2025-10-15 19:27:17.244,89.823,63rd_WaterTempDrop_85,atomic,[63rd_WaterTempDrop_85],[1.0000],1,1,1.0000,[[63rdStreetBeach201507171000_Water_Temperature]]
2025-10-15 19:27:17.244,89.823,Calumet_WaterTempDrop_85,atomic,[Calumet_WaterTempDrop_85],[1.0000],1,1,1.0000,[[CalumetBeach201507171000_Water_Temperature]]
2025-10-15 19:27:17.303,89.882,Calumet_WaterTempDrop_85,atomic,[Calumet_WaterTempDrop_85],[0.9645],1,1,0.9645,[[CalumetBeach201507171100_Water_Temperature]]
2025-10-15 19:27:17.303,89.882,Montrose_WaterTempDrop_85,atomic,[Montrose_WaterTempDrop_85],[0.9672],1,1,0.9672,[[MontroseBeach201507171100_Water_Temperature]]
2025-10-15 19:27:17.305,89.884,63rd_WaterTempDrop_85,atomic,[63rd_WaterTempDrop_85],[1.0000],1,1,1.0000,[[63rdStreetBeach201507171100_Water_Temperature]]
2025-10-15 19:27:17.367,89.946,63rd_WaterTempDrop_85,atomic,[63rd_WaterTempDrop_85],[1.0000],1,1,1.0000,[[63rdStreetBeach201507171200_Water_Temperature]]
2025-10-15 19:27:17.367,89.946,Montrose_WaterTempDrop_85,atomic,[Montrose_WaterTempDrop_85],[0.9633],1,1,0.9633,[[MontroseBeach201507171200_Water_Temperature]]
2025-10-15 19:27:17.368,89.947,Calumet_WaterTempDrop_85,atomic,[Calumet_WaterTempDrop_85],[1.0000],1,1,1.0000,[[CalumetBeach201507171200_Water_Temperature]]
2025-10-15 19:27:17.429,90.008,Calumet_WaterTempDrop_85,atomic,[Calumet_WaterTempDrop_85],[1.0000],1,1,1.0000,[[CalumetBeach201507171300_Water_Temperature]]
2025-10-15 19:27:17.431,90.010,63rd_WaterTempDrop_85,atomic,[63rd_WaterTempDrop_85],[1.0000],1,1,1.0000,[[63rdStreetBeach201507171300_Water_Temperature]]
2025-10-15 19:27:17.431,90.010,Montrose_WaterTempDrop_85,atomic,[Montrose_WaterTempDrop_85],[1.0000],1,1,1.0000,[[MontroseBeach201507171300_Water_Temperature]]
2025-10-15 19:27:17.491,90.070,63rd_WaterTempDrop_85,atomic,[63rd_WaterTempDrop_85],[0.9669],1,1,0.9669,[[63rdStreetBeach201507171400_Water_Temperature]]
2025-10-15 19:27:17.494,90.073,Montrose_WaterTempDrop_85,atomic,[Montrose_WaterTempDrop_85],[1.0000],1,1,1.0000,[[MontroseBeach201507171400_Water_Temperature]]
2025-10-15 19:27:17.495,90.074,Calumet_WaterTempDrop_85,atomic,[Calumet_WaterTempDrop_85],[1.0000],1,1,1.0000,[[CalumetBeach201507171400_Water_Temperature]]
2025-10-15 19:27:17.556,90.135,Calumet_WaterTempDrop_85,atomic,[Calumet_WaterTempDrop_85],[1.0000],1,1,1.0000,[[CalumetBeach201507171500_Water_Temperature]]
2025-10-15 19:27:17.556,90.135,Montrose_WaterTempDrop_85,atomic,[Montrose_WaterTempDrop_85],[1.0000],1,1,1.0000,[[MontroseBeach201507171500_Water_Temperature]]
2025-10-15 19:27:17.558,90.137,63rd_WaterTempDrop_85,atomic,[63rd_WaterTempDrop_85],[1.0000],1,1,1.0000,[[63rdStreetBeach201507171500_Water_Temperature]]
2025-10-15 19:27:17.617,90.196,Calumet_WaterTempDrop_85,atomic,[Calumet_WaterTempDrop_85],[1.0000],1,1,1.0000,[[CalumetBeach201507171600_Water_Temperature]]
2025-10-15 19:27:17.617,90.196,63rd_WaterTempDrop_85,atomic,[63rd_WaterTempDrop_85],[0.9649],1,1,0.9649,[[63rdStreetBeach201507171600_Water_Temperature]]
2025-10-15 19:27:17.618,90.197,Montrose_WaterTempDrop_85,atomic,[Montrose_WaterTempDrop_85],[0.9659],1,1,0.9659,[[MontroseBeach201507171600_Water_Temperature]]
2025-10-15 19:27:17.678,90.257,63rd_WaterTempDrop_85,atomic,[63rd_WaterTempDrop_85],[0.9606],1,1,0.9606,[[63rdStreetBeach201507171700_Water_Temperature]]
2025-10-15 19:27:17.678,90.257,Montrose_WaterTempDrop_85,atomic,[Montrose_WaterTempDrop_85],[0.9617],1,1,0.9617,[[MontroseBeach201507171700_Water_Temperature]]
2025-10-15 19:27:17.681,90.260,Calumet_WaterTempDrop_85,atomic,[Calumet_WaterTempDrop_85],[1.0000],1,1,1.0000,[[CalumetBeach201507171700_Water_Temperature]]
2025-10-15 19:27:17.739,90.318,Montrose_WaterTempDrop_85,atomic,[Montrose_WaterTempDrop_85],[0.9572],1,1,0.9572,[[MontroseBeach201507171800_Water_Temperature]]
2025-10-15 19:27:17.742,90.321,Calumet_WaterTempDrop_85,atomic,[Calumet_WaterTempDrop_85],[1.0000],1,1,1.0000,[[CalumetBeach201507171800_Water_Temperature]]
2025-10-15 19:27:17.743,90.322,63rd_WaterTempDrop_85,atomic,[63rd_WaterTempDrop_85],[1.0000],1,1,1.0000,[[63rdStreetBeach201507171800_Water_Temperature]]
2025-10-15 19:27:17.804,90.383,Montrose_WaterTempDrop_85,atomic,[Montrose_WaterTempDrop_85],[1.0000],1,1,1.0000,[[MontroseBeach201507171900_Water_Temperature]]
2025-10-15 19:27:17.805,90.384,63rd_WaterTempDrop_85,atomic,[63rd_WaterTempDrop_85],[1.0000],1,1,1.0000,[[63rdStreetBeach201507171900_Water_Temperature]]
2025-10-15 19:27:17.807,90.386,Calumet_WaterTempDrop_85,atomic,[Calumet_WaterTempDrop_85],[1.0000],1,1,1.0000,[[CalumetBeach201507171900_Water_Temperature]]
2025-10-15 19:27:17.863,90.442,Montrose_WaterTempDrop_85,atomic,[Montrose_WaterTempDrop_85],[0.9568],1,1,0.9568,[[MontroseBeach201507172000_Water_Temperature]]
2025-10-15 19:27:17.865,90.444,63rd_WaterTempDrop_85,atomic,[63rd_WaterTempDrop_85],[0.9623],1,1,0.9623,[[63rdStreetBeach201507172000_Water_Temperature]]
2025-10-15 19:27:17.867,90.446,Calumet_WaterTempDrop_85,atomic,[Calumet_WaterTempDrop_85],[1.0000],1,1,1.0000,[[CalumetBeach201507172000_Water_Temperature]]
2025-10-15 19:27:17.929,90.508,63rd_WaterTempDrop_85,atomic,[63rd_WaterTempDrop_85],[0.9578],1,1,0.9578,[[63rdStreetBeach201507172100_Water_Temperature]]
2025-10-15 19:27:17.929,90.508,Montrose_WaterTempDrop_85,atomic,[Montrose_WaterTempDrop_85],[0.9517],1,1,0.9517,[[MontroseBeach201507172100_Water_Temperature]]
2025-10-15 19:27:17.930,90.509,Calumet_WaterTempDrop_85,atomic,[Calumet_WaterTempDrop_85],[1.0000],1,1,1.0000,[[CalumetBeach201507172100_Water_Temperature]]
2025-10-15 19:27:17.990,90.569,Montrose_WaterTempDrop_85,atomic,[Montrose_WaterTempDrop_85],[0.9462],1,1,0.9462,[[MontroseBeach201507172200_Water_Temperature]]
2025-10-15 19:27:17.990,90.569,Calumet_WaterTempDrop_85,atomic,[Calumet_WaterTempDrop_85],[0.9719],1,1,0.9719,[[CalumetBeach201507172200_Water_Temperature]]
2025-10-15 19:27:17.991,90.570,63rd_WaterTempDrop_85,atomic,[63rd_WaterTempDrop_85],[1.0000],1,1,1.0000,[[63rdStreetBeach201507172200_Water_Temperature]]
2025-10-15 19:27:18.052,90.631,Montrose_WaterTempDrop_85,atomic,[Montrose_WaterTempDrop_85],[0.9401],1,1,0.9401,[[MontroseBeach201507172300_Water_Temperature]]
2025-10-15 19:27:18.052,90.631,Calumet_WaterTempDrop_85,atomic,[Calumet_WaterTempDrop_85],[0.9684],1,1,0.9684,[[CalumetBeach201507172300_Water_Temperature]]
2025-10-15 19:27:18.053,90.632,63rd_WaterTempDrop_85,atomic,[63rd_WaterTempDrop_85],[1.0000],1,1,1.0000,[[63rdStreetBeach201507172300_Water_Temperature]]
2025-10-15 19:27:18.112,90.691,Calumet_WaterTempDrop_85,atomic,[Calumet_WaterTempDrop_85],[0.9644],1,1,0.9644,[[CalumetBeach201507182400_Water_Temperature]]
2025-10-15 19:27:18.112,90.691,Montrose_WaterTempDrop_85,atomic,[Montrose_WaterTempDrop_85],[1.0000],1,1,1.0000,[[MontroseBeach201507182400_Water_Temperature]]
2025-10-15 19:27:18.114,90.693,63rd_WaterTempDrop_85,atomic,[63rd_WaterTempDrop_85],[1.0000],1,1,1.0000,[[63rdStreetBeach201507182400_Water_Temperature]]
2025-10-15 19:27:18.175,90.754,Montrose_WaterTempDrop_85,atomic,[Montrose_WaterTempDrop_85],[0.9445],1,1,0.9445,[[MontroseBeach201507180100_Water_Temperature]]
2025-10-15 19:27:18.175,90.754,Calumet_WaterTempDrop_85,atomic,[Calumet_WaterTempDrop_85],[0.9600],1,1,0.9600,[[CalumetBeach201507180100_Water_Temperature]]
2025-10-15 19:27:18.179,90.758,63rd_WaterTempDrop_85,atomic,[63rd_WaterTempDrop_85],[1.0000],1,1,1.0000,[[63rdStreetBeach201507180100_Water_Temperature]]
2025-10-15 19:27:18.238,90.817,Calumet_WaterTempDrop_85,atomic,[Calumet_WaterTempDrop_85],[0.9551],1,1,0.9551,[[CalumetBeach201507180200_Water_Temperature]]
2025-10-15 19:27:18.241,90.820,Montrose_WaterTempDrop_85,atomic,[Montrose_WaterTempDrop_85],[1.0000],1,1,1.0000,[[MontroseBeach201507180200_Water_Temperature]]
2025-10-15 19:27:18.242,90.821,63rd_WaterTempDrop_85,atomic,[63rd_WaterTempDrop_85],[1.0000],1,1,1.0000,[[63rdStreetBeach201507180200_Water_Temperature]]
2025-10-15 19:27:18.300,90.879,Montrose_WaterTempDrop_85,atomic,[Montrose_WaterTempDrop_85],[0.9478],1,1,0.9478,[[MontroseBeach201507180300_Water_Temperature]]
2025-10-15 19:27:18.302,90.881,63rd_WaterTempDrop_85,atomic,[63rd_WaterTempDrop_85],[0.9668],1,1,0.9668,[[63rdStreetBeach201507180300_Water_Temperature]]
2025-10-15 19:27:18.303,90.882,Calumet_WaterTempDrop_85,atomic,[Calumet_WaterTempDrop_85],[1.0000],1,1,1.0000,[[CalumetBeach201507180300_Water_Temperature]]
2025-10-15 19:27:18.361,90.940,Calumet_WaterTempDrop_85,atomic,[Calumet_WaterTempDrop_85],[0.9550],1,1,0.9550,[[CalumetBeach201507180400_Water_Temperature]]
2025-10-15 19:27:18.363,90.942,63rd_WaterTempDrop_85,atomic,[63rd_WaterTempDrop_85],[0.9628],1,1,0.9628,[[63rdStreetBeach201507180400_Water_Temperature]]
2025-10-15 19:27:18.365,90.944,Montrose_WaterTempDrop_85,atomic,[Montrose_WaterTempDrop_85],[1.0000],1,1,1.0000,[[MontroseBeach201507180400_Water_Temperature]]
2025-10-15 19:27:18.424,91.003,Montrose_WaterTempDrop_85,atomic,[Montrose_WaterTempDrop_85],[0.9502],1,1,0.9502,[[MontroseBeach201507180500_Water_Temperature]]
2025-10-15 19:27:18.424,91.003,63rd_WaterTempDrop_85,atomic,[63rd_WaterTempDrop_85],[1.0000],1,1,1.0000,[[63rdStreetBeach201507180500_Water_Temperature]]
2025-10-15 19:27:18.426,91.005,Calumet_WaterTempDrop_85,atomic,[Calumet_WaterTempDrop_85],[1.0000],1,1,1.0000,[[CalumetBeach201507180500_Water_Temperature]]
2025-10-15 19:27:18.486,91.065,Calumet_WaterTempDrop_85,atomic,[Calumet_WaterTempDrop_85],[0.9550],1,1,0.9550,[[CalumetBeach201507180600_Water_Temperature]]
2025-10-15 19:27:18.489,91.068,Montrose_WaterTempDrop_85,atomic,[Montrose_WaterTempDrop_85],[1.0000],1,1,1.0000,[[MontroseBeach201507180600_Water_Temperature]]
2025-10-15 19:27:18.490,91.069,63rd_WaterTempDrop_85,atomic,[63rd_WaterTempDrop_85],[1.0000],1,1,1.0000,[[63rdStreetBeach201507180600_Water_Temperature]]
2025-10-15 19:27:18.549,91.128,63rd_WaterTempDrop_85,atomic,[63rd_WaterTempDrop_85],[1.0000],1,1,1.0000,[[63rdStreetBeach201507180700_Water_Temperature]]
2025-10-15 19:27:18.550,91.129,Calumet_WaterTempDrop_85,atomic,[Calumet_WaterTempDrop_85],[1.0000],1,1,1.0000,[[CalumetBeach201507180700_Water_Temperature]]
2025-10-15 19:27:18.550,91.129,Montrose_WaterTempDrop_85,atomic,[Montrose_WaterTempDrop_85],[1.0000],1,1,1.0000,[[MontroseBeach201507180700_Water_Temperature]]
2025-10-15 19:27:18.613,91.192,Montrose_WaterTempDrop_85,atomic,[Montrose_WaterTempDrop_85],[1.0000],1,1,1.0000,[[MontroseBeach201507180800_Water_Temperature]]
2025-10-15 19:27:18.613,91.192,Calumet_WaterTempDrop_85,atomic,[Calumet_WaterTempDrop_85],[0.9552],1,1,0.9552,[[CalumetBeach201507180800_Water_Temperature]]
2025-10-15 19:27:18.613,91.192,63rd_WaterTempDrop_85,atomic,[63rd_WaterTempDrop_85],[1.0000],1,1,1.0000,[[63rdStreetBeach201507180800_Water_Temperature]]
2025-10-15 19:27:18.673,91.252,Montrose_WaterTempDrop_85,atomic,[Montrose_WaterTempDrop_85],[0.9607],1,1,0.9607,[[MontroseBeach201507180900_Water_Temperature]]
2025-10-15 19:27:18.679,91.258,Calumet_WaterTempDrop_85,atomic,[Calumet_WaterTempDrop_85],[1.0000],1,1,1.0000,[[CalumetBeach201507180900_Water_Temperature]]
2025-10-15 19:27:18.679,91.258,63rd_WaterTempDrop_85,atomic,[63rd_WaterTempDrop_85],[1.0000],1,1,1.0000,[[63rdStreetBeach201507180900_Water_Temperature]]
2025-10-15 19:27:18.733,91.312,63rd_WaterTempDrop_85,atomic,[63rd_WaterTempDrop_85],[0.9683],1,1,0.9683,[[63rdStreetBeach201507181000_Water_Temperature]]
2025-10-15 19:27:18.734,91.313,Montrose_WaterTempDrop_85,atomic,[Montrose_WaterTempDrop_85],[0.9564],1,1,0.9564,[[MontroseBeach201507181000_Water_Temperature]]
2025-10-15 19:27:18.737,91.316,Calumet_WaterTempDrop_85,atomic,[Calumet_WaterTempDrop_85],[1.0000],1,1,1.0000,[[CalumetBeach201507181000_Water_Temperature]]
2025-10-15 19:27:18.795,91.374,Calumet_WaterTempDrop_85,atomic,[Calumet_WaterTempDrop_85],[0.9594],1,1,0.9594,[[CalumetBeach201507181100_Water_Temperature]]
2025-10-15 19:27:18.798,91.377,63rd_WaterTempDrop_85,atomic,[63rd_WaterTempDrop_85],[0.9644],1,1,0.9644,[[63rdStreetBeach201507181100_Water_Temperature]]
2025-10-15 19:27:18.799,91.378,Montrose_WaterTempDrop_85,atomic,[Montrose_WaterTempDrop_85],[1.0000],1,1,1.0000,[[MontroseBeach201507181100_Water_Temperature]]
2025-10-15 19:27:18.857,91.436,Montrose_WaterTempDrop_85,atomic,[Montrose_WaterTempDrop_85],[0.9567],1,1,0.9567,[[MontroseBeach201507181200_Water_Temperature]]
2025-10-15 19:27:18.858,91.437,Calumet_WaterTempDrop_85,atomic,[Calumet_WaterTempDrop_85],[0.9547],1,1,0.9547,[[CalumetBeach201507181200_Water_Temperature]]
2025-10-15 19:27:18.859,91.438,63rd_WaterTempDrop_85,atomic,[63rd_WaterTempDrop_85],[1.0000],1,1,1.0000,[[63rdStreetBeach201507181200_Water_Temperature]]
2025-10-15 19:27:18.922,91.501,Montrose_WaterTempDrop_85,atomic,[Montrose_WaterTempDrop_85],[0.9519],1,1,0.9519,[[MontroseBeach201507181300_Water_Temperature]]
2025-10-15 19:27:18.924,91.503,Calumet_WaterTempDrop_85,atomic,[Calumet_WaterTempDrop_85],[1.0000],1,1,1.0000,[[CalumetBeach201507181300_Water_Temperature]]
2025-10-15 19:27:18.987,91.566,Montrose_WaterTempDrop_85,atomic,[Montrose_WaterTempDrop_85],[1.0000],1,1,1.0000,[[MontroseBeach201507181400_Water_Temperature]]
2025-10-15 19:27:18.989,91.568,63rd_WaterTempDrop_85,atomic,[63rd_WaterTempDrop_85],[1.0000],1,1,1.0000,[[63rdStreetBeach201507181400_Water_Temperature]]
2025-10-15 19:27:19.049,91.628,Montrose_WaterTempDrop_85,atomic,[Montrose_WaterTempDrop_85],[0.9532],1,1,0.9532,[[MontroseBeach201507181500_Water_Temperature]]
2025-10-15 19:27:19.049,91.628,63rd_WaterTempDrop_85,atomic,[63rd_WaterTempDrop_85],[0.9648],1,1,0.9648,[[63rdStreetBeach201507181500_Water_Temperature]]
2025-10-15 19:27:19.052,91.631,Calumet_WaterTempDrop_85,atomic,[Calumet_WaterTempDrop_85],[1.0000],1,1,1.0000,[[CalumetBeach201507181500_Water_Temperature]]
2025-10-15 19:27:19.110,91.689,Montrose_WaterTempDrop_85,atomic,[Montrose_WaterTempDrop_85],[0.9481],1,1,0.9481,[[MontroseBeach201507181600_Water_Temperature]]
2025-10-15 19:27:19.112,91.691,Calumet_WaterTempDrop_85,atomic,[Calumet_WaterTempDrop_85],[0.9623],1,1,0.9623,[[CalumetBeach201507181600_Water_Temperature]]
2025-10-15 19:27:19.175,91.754,Montrose_WaterTempDrop_85,atomic,[Montrose_WaterTempDrop_85],[0.9425],1,1,0.9425,[[MontroseBeach201507181700_Water_Temperature]]
2025-10-15 19:27:19.175,91.754,63rd_WaterTempDrop_85,atomic,[63rd_WaterTempDrop_85],[1.0000],1,1,1.0000,[[63rdStreetBeach201507181700_Water_Temperature]]
2025-10-15 19:27:19.176,91.755,Calumet_WaterTempDrop_85,atomic,[Calumet_WaterTempDrop_85],[1.0000],1,1,1.0000,[[CalumetBeach201507181700_Water_Temperature]]
2025-10-15 19:27:19.247,91.826,Montrose_WaterTempDrop_85,atomic,[Montrose_WaterTempDrop_85],[0.9364],1,1,0.9364,[[MontroseBeach201507181800_Water_Temperature]]
2025-10-15 19:27:19.248,91.827,Calumet_WaterTempDrop_85,atomic,[Calumet_WaterTempDrop_85],[1.0000],1,1,1.0000,[[CalumetBeach201507181800_Water_Temperature]]
2025-10-15 19:27:19.248,91.827,63rd_WaterTempDrop_85,atomic,[63rd_WaterTempDrop_85],[1.0000],1,1,1.0000,[[63rdStreetBeach201507181800_Water_Temperature]]
2025-10-15 19:27:19.317,91.896,Montrose_WaterTempDrop_85,atomic,[Montrose_WaterTempDrop_85],[0.9298],1,1,0.9298,[[MontroseBeach201507182000_Water_Temperature]]
2025-10-15 19:27:19.319,91.898,63rd_WaterTempDrop_85,atomic,[63rd_WaterTempDrop_85],[1.0000],1,1,1.0000,[[63rdStreetBeach201507182000_Water_Temperature]]
2025-10-15 19:27:19.319,91.898,Calumet_WaterTempDrop_85,atomic,[Calumet_WaterTempDrop_85],[1.0000],1,1,1.0000,[[CalumetBeach201507182000_Water_Temperature]]
2025-10-15 19:27:19.378,91.957,Montrose_WaterTempDrop_85,atomic,[Montrose_WaterTempDrop_85],[0.9225],1,1,0.9225,[[MontroseBeach201507182100_Water_Temperature]]
2025-10-15 19:27:19.384,91.963,Calumet_WaterTempDrop_85,atomic,[Calumet_WaterTempDrop_85],[0.9658],1,1,0.9658,[[CalumetBeach201507182100_Water_Temperature]]
2025-10-15 19:27:19.384,91.963,63rd_WaterTempDrop_85,atomic,[63rd_WaterTempDrop_85],[1.0000],1,1,1.0000,[[63rdStreetBeach201507182100_Water_Temperature]]
2025-10-15 19:27:19.442,92.021,Calumet_WaterTempDrop_85,atomic,[Calumet_WaterTempDrop_85],[1.0000],1,1,1.0000,[[CalumetBeach201507182200_Water_Temperature]]
2025-10-15 19:27:19.443,92.022,Montrose_WaterTempDrop_85,atomic,[Montrose_WaterTempDrop_85],[1.0000],1,1,1.0000,[[MontroseBeach201507182200_Water_Temperature]]
2025-10-15 19:27:19.445,92.024,63rd_WaterTempDrop_85,atomic,[63rd_WaterTempDrop_85],[1.0000],1,1,1.0000,[[63rdStreetBeach201507182200_Water_Temperature]]
2025-10-15 19:27:19.504,92.083,Montrose_WaterTempDrop_85,atomic,[Montrose_WaterTempDrop_85],[1.0000],1,1,1.0000,[[MontroseBeach201507182300_Water_Temperature]]
2025-10-15 19:27:19.504,92.083,Calumet_WaterTempDrop_85,atomic,[Calumet_WaterTempDrop_85],[0.9642],1,1,0.9642,[[CalumetBeach201507182300_Water_Temperature]]
2025-10-15 19:27:19.504,92.083,63rd_WaterTempDrop_85,atomic,[63rd_WaterTempDrop_85],[1.0000],1,1,1.0000,[[63rdStreetBeach201507182300_Water_Temperature]]
2025-10-15 19:27:19.568,92.147,Calumet_WaterTempDrop_85,atomic,[Calumet_WaterTempDrop_85],[1.0000],1,1,1.0000,[[CalumetBeach201507192400_Water_Temperature]]
2025-10-15 19:27:19.569,92.148,Montrose_WaterTempDrop_85,atomic,[Montrose_WaterTempDrop_85],[1.0000],1,1,1.0000,[[MontroseBeach201507192400_Water_Temperature]]
2025-10-15 19:27:19.569,92.148,63rd_WaterTempDrop_85,atomic,[63rd_WaterTempDrop_85],[1.0000],1,1,1.0000,[[63rdStreetBeach201507192400_Water_Temperature]]
2025-10-15 19:27:19.629,92.208,Montrose_WaterTempDrop_85,atomic,[Montrose_WaterTempDrop_85],[1.0000],1,1,1.0000,[[MontroseBeach201507190300_Water_Temperature]]
2025-10-15 19:27:19.630,92.209,Calumet_WaterTempDrop_85,atomic,[Calumet_WaterTempDrop_85],[1.0000],1,1,1.0000,[[CalumetBeach201507190300_Water_Temperature]]
2025-10-15 19:27:19.631,92.210,63rd_WaterTempDrop_85,atomic,[63rd_WaterTempDrop_85],[1.0000],1,1,1.0000,[[63rdStreetBeach201507190300_Water_Temperature]]
2025-10-15 19:27:19.690,92.269,Montrose_WaterTempDrop_85,atomic,[Montrose_WaterTempDrop_85],[0.9575],1,1,0.9575,[[MontroseBeach201507190400_Water_Temperature]]
2025-10-15 19:27:19.690,92.269,63rd_WaterTempDrop_85,atomic,[63rd_WaterTempDrop_85],[0.9710],1,1,0.9710,[[63rdStreetBeach201507190400_Water_Temperature]]
2025-10-15 19:27:19.690,92.269,Calumet_WaterTempDrop_85,atomic,[Calumet_WaterTempDrop_85],[0.9649],1,1,0.9649,[[CalumetBeach201507190400_Water_Temperature]]
2025-10-15 19:27:19.754,92.333,Calumet_WaterTempDrop_85,atomic,[Calumet_WaterTempDrop_85],[0.9608],1,1,0.9608,[[CalumetBeach201507190500_Water_Temperature]]
2025-10-15 19:27:19.754,92.333,Montrose_WaterTempDrop_85,atomic,[Montrose_WaterTempDrop_85],[1.0000],1,1,1.0000,[[MontroseBeach201507190500_Water_Temperature]]
2025-10-15 19:27:19.755,92.334,63rd_WaterTempDrop_85,atomic,[63rd_WaterTempDrop_85],[1.0000],1,1,1.0000,[[63rdStreetBeach201507190500_Water_Temperature]]
2025-10-15 19:27:19.815,92.394,Montrose_WaterTempDrop_85,atomic,[Montrose_WaterTempDrop_85],[1.0000],1,1,1.0000,[[MontroseBeach201507190600_Water_Temperature]]
2025-10-15 19:27:19.817,92.396,Calumet_WaterTempDrop_85,atomic,[Calumet_WaterTempDrop_85],[1.0000],1,1,1.0000,[[CalumetBeach201507190600_Water_Temperature]]
2025-10-15 19:27:19.817,92.396,63rd_WaterTempDrop_85,atomic,[63rd_WaterTempDrop_85],[1.0000],1,1,1.0000,[[63rdStreetBeach201507190600_Water_Temperature]]
2025-10-15 19:27:19.876,92.455,Montrose_WaterTempDrop_85,atomic,[Montrose_WaterTempDrop_85],[1.0000],1,1,1.0000,[[MontroseBeach201507190700_Water_Temperature]]
2025-10-15 19:27:19.878,92.457,Calumet_WaterTempDrop_85,atomic,[Calumet_WaterTempDrop_85],[0.9598],1,1,0.9598,[[CalumetBeach201507190700_Water_Temperature]]
2025-10-15 19:27:19.879,92.458,63rd_WaterTempDrop_85,atomic,[63rd_WaterTempDrop_85],[1.0000],1,1,1.0000,[[63rdStreetBeach201507190700_Water_Temperature]]
2025-10-15 19:27:19.940,92.519,Montrose_WaterTempDrop_85,atomic,[Montrose_WaterTempDrop_85],[0.9640],1,1,0.9640,[[MontroseBeach201507190800_Water_Temperature]]
2025-10-15 19:27:19.941,92.520,63rd_WaterTempDrop_85,atomic,[63rd_WaterTempDrop_85],[1.0000],1,1,1.0000,[[63rdStreetBeach201507190800_Water_Temperature]]
2025-10-15 19:27:19.942,92.521,Calumet_WaterTempDrop_85,atomic,[Calumet_WaterTempDrop_85],[1.0000],1,1,1.0000,[[CalumetBeach201507190800_Water_Temperature]]
2025-10-15 19:27:20.003,92.582,Montrose_WaterTempDrop_85,atomic,[Montrose_WaterTempDrop_85],[0.9600],1,1,0.9600,[[MontroseBeach201507190900_Water_Temperature]]
2025-10-15 19:27:20.004,92.583,Calumet_WaterTempDrop_85,atomic,[Calumet_WaterTempDrop_85],[1.0000],1,1,1.0000,[[CalumetBeach201507190900_Water_Temperature]]
2025-10-15 19:27:20.004,92.583,63rd_WaterTempDrop_85,atomic,[63rd_WaterTempDrop_85],[1.0000],1,1,1.0000,[[63rdStreetBeach201507190900_Water_Temperature]]
2025-10-15 19:27:20.066,92.645,Calumet_WaterTempDrop_85,atomic,[Calumet_WaterTempDrop_85],[1.0000],1,1,1.0000,[[CalumetBeach201507191000_Water_Temperature]]
2025-10-15 19:27:20.067,92.646,Montrose_WaterTempDrop_85,atomic,[Montrose_WaterTempDrop_85],[1.0000],1,1,1.0000,[[MontroseBeach201507191000_Water_Temperature]]
2025-10-15 19:27:20.067,92.646,63rd_WaterTempDrop_85,atomic,[63rd_WaterTempDrop_85],[1.0000],1,1,1.0000,[[63rdStreetBeach201507191000_Water_Temperature]]
2025-10-15 19:27:20.126,92.705,63rd_WaterTempDrop_85,atomic,[63rd_WaterTempDrop_85],[0.9714],1,1,0.9714,[[63rdStreetBeach201507191100_Water_Temperature]]
2025-10-15 19:27:20.127,92.706,Montrose_WaterTempDrop_85,atomic,[Montrose_WaterTempDrop_85],[1.0000],1,1,1.0000,[[MontroseBeach201507191100_Water_Temperature]]
2025-10-15 19:27:20.128,92.707,Calumet_WaterTempDrop_85,atomic,[Calumet_WaterTempDrop_85],[1.0000],1,1,1.0000,[[CalumetBeach201507191100_Water_Temperature]]
2025-10-15 19:27:20.188,92.767,Montrose_WaterTempDrop_85,atomic,[Montrose_WaterTempDrop_85],[0.9624],1,1,0.9624,[[MontroseBeach201507191200_Water_Temperature]]
2025-10-15 19:27:20.189,92.768,63rd_WaterTempDrop_85,atomic,[63rd_WaterTempDrop_85],[1.0000],1,1,1.0000,[[63rdStreetBeach201507191200_Water_Temperature]]
2025-10-15 19:27:20.252,92.831,Calumet_WaterTempDrop_85,atomic,[Calumet_WaterTempDrop_85],[0.9675],1,1,0.9675,[[CalumetBeach201507191300_Water_Temperature]]
2025-10-15 19:27:20.313,92.892,Calumet_WaterTempDrop_85,atomic,[Calumet_WaterTempDrop_85],[0.9636],1,1,0.9636,[[CalumetBeach201507191400_Water_Temperature]]
2025-10-15 19:27:20.314,92.893,63rd_WaterTempDrop_85,atomic,[63rd_WaterTempDrop_85],[0.9694],1,1,0.9694,[[63rdStreetBeach201507191400_Water_Temperature]]
2025-10-15 19:27:20.375,92.954,Montrose_WaterTempDrop_85,atomic,[Montrose_WaterTempDrop_85],[0.9638],1,1,0.9638,[[MontroseBeach201507191500_Water_Temperature]]
2025-10-15 19:27:20.438,93.017,Montrose_WaterTempDrop_85,atomic,[Montrose_WaterTempDrop_85],[0.9596],1,1,0.9596,[[MontroseBeach201507191600_Water_Temperature]]
2025-10-15 19:27:20.500,93.079,63rd_WaterTempDrop_85,atomic,[63rd_WaterTempDrop_85],[0.9668],1,1,0.9668,[[63rdStreetBeach201507191700_Water_Temperature]]
2025-10-15 19:27:20.501,93.080,Montrose_WaterTempDrop_85,atomic,[Montrose_WaterTempDrop_85],[0.9549],1,1,0.9549,[[MontroseBeach201507191700_Water_Temperature]]
2025-10-15 19:27:20.689,93.268,63rd_WaterTempDrop_85,atomic,[63rd_WaterTempDrop_85],[0.9661],1,1,0.9661,[[63rdStreetBeach201507192000_Water_Temperature]]
2025-10-15 19:27:20.692,93.271,Montrose_WaterTempDrop_85,atomic,[Montrose_WaterTempDrop_85],[0.9591],1,1,0.9591,[[MontroseBeach201507192000_Water_Temperature]]
2025-10-15 19:27:20.750,93.329,Montrose_WaterTempDrop_85,atomic,[Montrose_WaterTempDrop_85],[0.9543],1,1,0.9543,[[MontroseBeach201507192100_Water_Temperature]]
2025-10-15 19:27:20.816,93.395,Montrose_WaterTempDrop_85,atomic,[Montrose_WaterTempDrop_85],[1.0000],1,1,1.0000,[[MontroseBeach201507192200_Water_Temperature]]
2025-10-15 19:27:20.877,93.456,Montrose_WaterTempDrop_85,atomic,[Montrose_WaterTempDrop_85],[0.9547],1,1,0.9547,[[MontroseBeach201507192300_Water_Temperature]]
2025-10-15 19:27:20.942,93.521,Montrose_WaterTempDrop_85,atomic,[Montrose_WaterTempDrop_85],[0.9495],1,1,0.9495,[[MontroseBeach201507202400_Water_Temperature]]
2025-10-15 19:27:21.000,93.579,Montrose_WaterTempDrop_85,atomic,[Montrose_WaterTempDrop_85],[0.9438],1,1,0.9438,[[MontroseBeach201507200800_Water_Temperature]]
2025-10-15 19:27:21.004,93.583,63rd_WaterTempDrop_85,atomic,[63rd_WaterTempDrop_85],[1.0000],1,1,1.0000,[[63rdStreetBeach201507200800_Water_Temperature]]
2025-10-15 19:27:21.067,93.646,Montrose_WaterTempDrop_85,atomic,[Montrose_WaterTempDrop_85],[0.9376],1,1,0.9376,[[MontroseBeach201507200900_Water_Temperature]]
2025-10-15 19:27:21.068,93.647,63rd_WaterTempDrop_85,atomic,[63rd_WaterTempDrop_85],[1.0000],1,1,1.0000,[[63rdStreetBeach201507200900_Water_Temperature]]
2025-10-15 19:27:21.130,93.709,Montrose_WaterTempDrop_85,atomic,[Montrose_WaterTempDrop_85],[1.0000],1,1,1.0000,[[MontroseBeach201507201000_Water_Temperature]]
2025-10-15 19:27:21.131,93.710,63rd_WaterTempDrop_85,atomic,[63rd_WaterTempDrop_85],[1.0000],1,1,1.0000,[[63rdStreetBeach201507201000_Water_Temperature]]
2025-10-15 19:27:21.192,93.771,Montrose_WaterTempDrop_85,atomic,[Montrose_WaterTempDrop_85],[0.9429],1,1,0.9429,[[MontroseBeach201507201100_Water_Temperature]]
2025-10-15 19:27:21.254,93.833,Montrose_WaterTempDrop_85,atomic,[Montrose_WaterTempDrop_85],[1.0000],1,1,1.0000,[[MontroseBeach201507201200_Water_Temperature]]
2025-10-15 19:27:21.314,93.893,63rd_WaterTempDrop_85,atomic,[63rd_WaterTempDrop_85],[1.0000],1,1,1.0000,[[63rdStreetBeach201507201300_Water_Temperature]]
2025-10-15 19:27:21.315,93.894,Montrose_WaterTempDrop_85,atomic,[Montrose_WaterTempDrop_85],[1.0000],1,1,1.0000,[[MontroseBeach201507201300_Water_Temperature]]
2025-10-15 19:27:21.376,93.955,Montrose_WaterTempDrop_85,atomic,[Montrose_WaterTempDrop_85],[1.0000],1,1,1.0000,[[MontroseBeach201507201400_Water_Temperature]]
2025-10-15 19:27:21.441,94.020,Montrose_WaterTempDrop_85,atomic,[Montrose_WaterTempDrop_85],[1.0000],1,1,1.0000,[[MontroseBeach201507201500_Water_Temperature]]
2025-10-15 19:27:21.501,94.080,63rd_WaterTempDrop_85,atomic,[63rd_WaterTempDrop_85],[1.0000],1,1,1.0000,[[63rdStreetBeach201507201600_Water_Temperature]]
2025-10-15 19:27:21.502,94.081,Montrose_WaterTempDrop_85,atomic,[Montrose_WaterTempDrop_85],[1.0000],1,1,1.0000,[[MontroseBeach201507201600_Water_Temperature]]
2025-10-15 19:27:21.566,94.145,Montrose_WaterTempDrop_85,atomic,[Montrose_WaterTempDrop_85],[1.0000],1,1,1.0000,[[MontroseBeach201507201700_Water_Temperature]]
2025-10-15 19:27:21.626,94.205,Montrose_WaterTempDrop_85,atomic,[Montrose_WaterTempDrop_85],[0.9659],1,1,0.9659,[[MontroseBeach201507201800_Water_Temperature]]
2025-10-15 19:27:21.628,94.207,Calumet_WaterTempDrop_85,atomic,[Calumet_WaterTempDrop_85],[1.0000],1,1,1.0000,[[CalumetBeach201507201800_Water_Temperature]]
2025-10-15 19:27:21.629,94.208,63rd_WaterTempDrop_85,atomic,[63rd_WaterTempDrop_85],[1.0000],1,1,1.0000,[[63rdStreetBeach201507201800_Water_Temperature]]
2025-10-15 19:27:21.694,94.273,Montrose_WaterTempDrop_85,atomic,[Montrose_WaterTempDrop_85],[0.9620],1,1,0.9620,[[MontroseBeach201507201900_Water_Temperature]]
2025-10-15 19:27:21.696,94.275,63rd_WaterTempDrop_85,atomic,[63rd_WaterTempDrop_85],[1.0000],1,1,1.0000,[[63rdStreetBeach201507201900_Water_Temperature]]
2025-10-15 19:27:21.697,94.276,Calumet_WaterTempDrop_85,atomic,[Calumet_WaterTempDrop_85],[1.0000],1,1,1.0000,[[CalumetBeach201507201900_Water_Temperature]]
2025-10-15 19:27:21.752,94.331,Montrose_WaterTempDrop_85,atomic,[Montrose_WaterTempDrop_85],[0.9576],1,1,0.9576,[[MontroseBeach201507202000_Water_Temperature]]
2025-10-15 19:27:21.752,94.331,Calumet_WaterTempDrop_85,atomic,[Calumet_WaterTempDrop_85],[1.0000],1,1,1.0000,[[CalumetBeach201507202000_Water_Temperature]]
2025-10-15 19:27:21.756,94.335,63rd_WaterTempDrop_85,atomic,[63rd_WaterTempDrop_85],[1.0000],1,1,1.0000,[[63rdStreetBeach201507202000_Water_Temperature]]
2025-10-15 19:27:21.814,94.393,Montrose_WaterTempDrop_85,atomic,[Montrose_WaterTempDrop_85],[0.9527],1,1,0.9527,[[MontroseBeach201507202100_Water_Temperature]]
2025-10-15 19:27:21.818,94.397,63rd_WaterTempDrop_85,atomic,[63rd_WaterTempDrop_85],[1.0000],1,1,1.0000,[[63rdStreetBeach201507202100_Water_Temperature]]
2025-10-15 19:27:21.819,94.398,Calumet_WaterTempDrop_85,atomic,[Calumet_WaterTempDrop_85],[1.0000],1,1,1.0000,[[CalumetBeach201507202100_Water_Temperature]]
2025-10-15 19:27:21.877,94.456,Montrose_WaterTempDrop_85,atomic,[Montrose_WaterTempDrop_85],[0.9474],1,1,0.9474,[[MontroseBeach201507202200_Water_Temperature]]
2025-10-15 19:27:21.878,94.457,63rd_WaterTempDrop_85,atomic,[63rd_WaterTempDrop_85],[1.0000],1,1,1.0000,[[63rdStreetBeach201507202200_Water_Temperature]]
2025-10-15 19:27:21.880,94.459,Calumet_WaterTempDrop_85,atomic,[Calumet_WaterTempDrop_85],[1.0000],1,1,1.0000,[[CalumetBeach201507202200_Water_Temperature]]
2025-10-15 19:27:21.942,94.521,Montrose_WaterTempDrop_85,atomic,[Montrose_WaterTempDrop_85],[0.9415],1,1,0.9415,[[MontroseBeach201507202300_Water_Temperature]]
2025-10-15 19:27:21.943,94.522,63rd_WaterTempDrop_85,atomic,[63rd_WaterTempDrop_85],[0.9700],1,1,0.9700,[[63rdStreetBeach201507202300_Water_Temperature]]
2025-10-15 19:27:21.946,94.525,Calumet_WaterTempDrop_85,atomic,[Calumet_WaterTempDrop_85],[1.0000],1,1,1.0000,[[CalumetBeach201507202300_Water_Temperature]]
2025-10-15 19:27:22.003,94.582,Montrose_WaterTempDrop_85,atomic,[Montrose_WaterTempDrop_85],[0.9351],1,1,0.9351,[[MontroseBeach201507212400_Water_Temperature]]
2025-10-15 19:27:22.004,94.583,63rd_WaterTempDrop_85,atomic,[63rd_WaterTempDrop_85],[1.0000],1,1,1.0000,[[63rdStreetBeach201507212400_Water_Temperature]]
2025-10-15 19:27:22.006,94.585,Calumet_WaterTempDrop_85,atomic,[Calumet_WaterTempDrop_85],[1.0000],1,1,1.0000,[[CalumetBeach201507212400_Water_Temperature]]
2025-10-15 19:27:22.067,94.646,Calumet_WaterTempDrop_85,atomic,[Calumet_WaterTempDrop_85],[0.9691],1,1,0.9691,[[CalumetBeach201507210100_Water_Temperature]]
2025-10-15 19:27:22.068,94.647,Montrose_WaterTempDrop_85,atomic,[Montrose_WaterTempDrop_85],[0.9282],1,1,0.9282,[[MontroseBeach201507210100_Water_Temperature]]
2025-10-15 19:27:22.070,94.649,63rd_WaterTempDrop_85,atomic,[63rd_WaterTempDrop_85],[1.0000],1,1,1.0000,[[63rdStreetBeach201507210100_Water_Temperature]]
2025-10-15 19:27:22.127,94.706,Calumet_WaterTempDrop_85,atomic,[Calumet_WaterTempDrop_85],[0.9654],1,1,0.9654,[[CalumetBeach201507210200_Water_Temperature]]
2025-10-15 19:27:22.127,94.706,Montrose_WaterTempDrop_85,atomic,[Montrose_WaterTempDrop_85],[0.9206],1,1,0.9206,[[MontroseBeach201507210200_Water_Temperature]]
2025-10-15 19:27:22.128,94.707,63rd_WaterTempDrop_85,atomic,[63rd_WaterTempDrop_85],[1.0000],1,1,1.0000,[[63rdStreetBeach201507210200_Water_Temperature]]
2025-10-15 19:27:22.190,94.769,63rd_WaterTempDrop_85,atomic,[63rd_WaterTempDrop_85],[1.0000],1,1,1.0000,[[63rdStreetBeach201507210300_Water_Temperature]]
2025-10-15 19:27:22.190,94.769,Montrose_WaterTempDrop_85,atomic,[Montrose_WaterTempDrop_85],[1.0000],1,1,1.0000,[[MontroseBeach201507210300_Water_Temperature]]
2025-10-15 19:27:22.192,94.771,Calumet_WaterTempDrop_85,atomic,[Calumet_WaterTempDrop_85],[1.0000],1,1,1.0000,[[CalumetBeach201507210300_Water_Temperature]]
2025-10-15 19:27:22.250,94.829,Montrose_WaterTempDrop_85,atomic,[Montrose_WaterTempDrop_85],[0.9327],1,1,0.9327,[[MontroseBeach201507210400_Water_Temperature]]
2025-10-15 19:27:22.253,94.832,Calumet_WaterTempDrop_85,atomic,[Calumet_WaterTempDrop_85],[1.0000],1,1,1.0000,[[CalumetBeach201507210400_Water_Temperature]]
2025-10-15 19:27:22.256,94.835,63rd_WaterTempDrop_85,atomic,[63rd_WaterTempDrop_85],[1.0000],1,1,1.0000,[[63rdStreetBeach201507210400_Water_Temperature]]
2025-10-15 19:27:22.312,94.891,Montrose_WaterTempDrop_85,atomic,[Montrose_WaterTempDrop_85],[0.9258],1,1,0.9258,[[MontroseBeach201507210500_Water_Temperature]]
2025-10-15 19:27:22.376,94.955,Montrose_WaterTempDrop_85,atomic,[Montrose_WaterTempDrop_85],[1.0000],1,1,1.0000,[[MontroseBeach201507210600_Water_Temperature]]
2025-10-15 19:27:22.378,94.957,Calumet_WaterTempDrop_85,atomic,[Calumet_WaterTempDrop_85],[1.0000],1,1,1.0000,[[CalumetBeach201507210600_Water_Temperature]]
2025-10-15 19:27:22.438,95.017,Montrose_WaterTempDrop_85,atomic,[Montrose_WaterTempDrop_85],[0.9361],1,1,0.9361,[[MontroseBeach201507210700_Water_Temperature]]
2025-10-15 19:27:22.439,95.018,Calumet_WaterTempDrop_85,atomic,[Calumet_WaterTempDrop_85],[1.0000],1,1,1.0000,[[CalumetBeach201507210700_Water_Temperature]]
2025-10-15 19:27:22.439,95.018,63rd_WaterTempDrop_85,atomic,[63rd_WaterTempDrop_85],[0.9708],1,1,0.9708,[[63rdStreetBeach201507210700_Water_Temperature]]
2025-10-15 19:27:22.440,95.019,Montrose_HighWave_85,atomic,[Montrose_HighWave_85],[1.0000],1,1,1.0000,[[MontroseBeach201507210700_Wave_Height]]
2025-10-15 19:27:22.498,95.077,Montrose_WaterTempDrop_85,atomic,[Montrose_WaterTempDrop_85],[0.9297],1,1,0.9297,[[MontroseBeach201507210800_Water_Temperature]]
2025-10-15 19:27:22.500,95.079,Calumet_WaterTempDrop_85,atomic,[Calumet_WaterTempDrop_85],[1.0000],1,1,1.0000,[[CalumetBeach201507210800_Water_Temperature]]
2025-10-15 19:27:22.562,95.141,Montrose_WaterTempDrop_85,atomic,[Montrose_WaterTempDrop_85],[0.9227],1,1,0.9227,[[MontroseBeach201507210900_Water_Temperature]]
2025-10-15 19:27:22.566,95.145,Calumet_WaterTempDrop_85,atomic,[Calumet_WaterTempDrop_85],[1.0000],1,1,1.0000,[[CalumetBeach201507210900_Water_Temperature]]
2025-10-15 19:27:22.566,95.145,63rd_WaterTempDrop_85,atomic,[63rd_WaterTempDrop_85],[1.0000],1,1,1.0000,[[63rdStreetBeach201507210900_Water_Temperature]]
2025-10-15 19:27:22.624,95.203,63rd_WaterTempDrop_85,atomic,[63rd_WaterTempDrop_85],[0.9683],1,1,0.9683,[[63rdStreetBeach201507211000_Water_Temperature]]
2025-10-15 19:27:22.625,95.204,Montrose_WaterTempDrop_85,atomic,[Montrose_WaterTempDrop_85],[0.9151],1,1,0.9151,[[MontroseBeach201507211000_Water_Temperature]]
2025-10-15 19:27:22.626,95.205,Calumet_WaterTempDrop_85,atomic,[Calumet_WaterTempDrop_85],[1.0000],1,1,1.0000,[[CalumetBeach201507211000_Water_Temperature]]
2025-10-15 19:27:22.688,95.267,Calumet_WaterTempDrop_85,atomic,[Calumet_WaterTempDrop_85],[0.9706],1,1,0.9706,[[CalumetBeach201507211100_Water_Temperature]]
2025-10-15 19:27:22.688,95.267,63rd_WaterTempDrop_85,atomic,[63rd_WaterTempDrop_85],[0.9643],1,1,0.9643,[[63rdStreetBeach201507211100_Water_Temperature]]
2025-10-15 19:27:22.691,95.270,Montrose_WaterTempDrop_85,atomic,[Montrose_WaterTempDrop_85],[1.0000],1,1,1.0000,[[MontroseBeach201507211100_Water_Temperature]]
2025-10-15 19:27:22.749,95.328,Calumet_WaterTempDrop_85,atomic,[Calumet_WaterTempDrop_85],[0.9669],1,1,0.9669,[[CalumetBeach201507211200_Water_Temperature]]
2025-10-15 19:27:22.750,95.329,Montrose_WaterTempDrop_85,atomic,[Montrose_WaterTempDrop_85],[0.9303],1,1,0.9303,[[MontroseBeach201507211200_Water_Temperature]]
2025-10-15 19:27:22.753,95.332,63rd_WaterTempDrop_85,atomic,[63rd_WaterTempDrop_85],[1.0000],1,1,1.0000,[[63rdStreetBeach201507211200_Water_Temperature]]
2025-10-15 19:27:22.815,95.394,Calumet_WaterTempDrop_85,atomic,[Calumet_WaterTempDrop_85],[0.9627],1,1,0.9627,[[CalumetBeach201507211300_Water_Temperature]]
2025-10-15 19:27:22.817,95.396,Montrose_WaterTempDrop_85,atomic,[Montrose_WaterTempDrop_85],[1.0000],1,1,1.0000,[[MontroseBeach201507211300_Water_Temperature]]
2025-10-15 19:27:22.874,95.453,63rd_WaterTempDrop_85,atomic,[63rd_WaterTempDrop_85],[0.9625],1,1,0.9625,[[63rdStreetBeach201507211400_Water_Temperature]]
2025-10-15 19:27:22.876,95.455,Montrose_WaterTempDrop_85,atomic,[Montrose_WaterTempDrop_85],[1.0000],1,1,1.0000,[[MontroseBeach201507211400_Water_Temperature]]
2025-10-15 19:27:22.878,95.457,Calumet_WaterTempDrop_85,atomic,[Calumet_WaterTempDrop_85],[1.0000],1,1,1.0000,[[CalumetBeach201507211400_Water_Temperature]]
2025-10-15 19:27:22.938,95.517,Montrose_WaterTempDrop_85,atomic,[Montrose_WaterTempDrop_85],[0.9488],1,1,0.9488,[[MontroseBeach201507211500_Water_Temperature]]
2025-10-15 19:27:22.999,95.578,63rd_WaterTempDrop_85,atomic,[63rd_WaterTempDrop_85],[0.9610],1,1,0.9610,[[63rdStreetBeach201507211600_Water_Temperature]]
2025-10-15 19:27:23.002,95.581,Calumet_WaterTempDrop_85,atomic,[Calumet_WaterTempDrop_85],[0.9634],1,1,0.9634,[[CalumetBeach201507211600_Water_Temperature]]
2025-10-15 19:27:23.064,95.643,63rd_WaterTempDrop_85,atomic,[63rd_WaterTempDrop_85],[0.9564],1,1,0.9564,[[63rdStreetBeach201507211700_Water_Temperature]]
2025-10-15 19:27:23.064,95.643,Montrose_WaterTempDrop_85,atomic,[Montrose_WaterTempDrop_85],[0.9516],1,1,0.9516,[[MontroseBeach201507211700_Water_Temperature]]
2025-10-15 19:27:23.127,95.706,Montrose_WaterTempDrop_85,atomic,[Montrose_WaterTempDrop_85],[1.0000],1,1,1.0000,[[MontroseBeach201507211800_Water_Temperature]]
2025-10-15 19:27:23.189,95.768,63rd_WaterTempDrop_85,atomic,[63rd_WaterTempDrop_85],[0.9561],1,1,0.9561,[[63rdStreetBeach201507211900_Water_Temperature]]
2025-10-15 19:27:23.191,95.770,Montrose_WaterTempDrop_85,atomic,[Montrose_WaterTempDrop_85],[1.0000],1,1,1.0000,[[MontroseBeach201507211900_Water_Temperature]]
2025-10-15 19:27:23.250,95.829,Montrose_WaterTempDrop_85,atomic,[Montrose_WaterTempDrop_85],[0.9583],1,1,0.9583,[[MontroseBeach201507212000_Water_Temperature]]
2025-10-15 19:27:23.253,95.832,63rd_WaterTempDrop_85,atomic,[63rd_WaterTempDrop_85],[1.0000],1,1,1.0000,[[63rdStreetBeach201507212000_Water_Temperature]]
2025-10-15 19:27:23.311,95.890,Montrose_WaterTempDrop_85,atomic,[Montrose_WaterTempDrop_85],[0.9539],1,1,0.9539,[[MontroseBeach201507212100_Water_Temperature]]
2025-10-15 19:27:23.315,95.894,63rd_WaterTempDrop_85,atomic,[63rd_WaterTempDrop_85],[1.0000],1,1,1.0000,[[63rdStreetBeach201507212100_Water_Temperature]]
2025-10-15 19:27:23.377,95.956,63rd_WaterTempDrop_85,atomic,[63rd_WaterTempDrop_85],[1.0000],1,1,1.0000,[[63rdStreetBeach201507212200_Water_Temperature]]
2025-10-15 19:27:23.378,95.957,Montrose_WaterTempDrop_85,atomic,[Montrose_WaterTempDrop_85],[1.0000],1,1,1.0000,[[MontroseBeach201507212200_Water_Temperature]]
2025-10-15 19:27:23.438,96.017,Montrose_WaterTempDrop_85,atomic,[Montrose_WaterTempDrop_85],[0.9550],1,1,0.9550,[[MontroseBeach201507212300_Water_Temperature]]
2025-10-15 19:27:23.438,96.017,63rd_WaterTempDrop_85,atomic,[63rd_WaterTempDrop_85],[1.0000],1,1,1.0000,[[63rdStreetBeach201507212300_Water_Temperature]]
2025-10-15 19:27:23.501,96.080,Montrose_WaterTempDrop_85,atomic,[Montrose_WaterTempDrop_85],[0.9502],1,1,0.9502,[[MontroseBeach201507222400_Water_Temperature]]
2025-10-15 19:27:23.503,96.082,63rd_WaterTempDrop_85,atomic,[63rd_WaterTempDrop_85],[1.0000],1,1,1.0000,[[63rdStreetBeach201507222400_Water_Temperature]]
2025-10-15 19:27:23.564,96.143,63rd_WaterTempDrop_85,atomic,[63rd_WaterTempDrop_85],[0.9665],1,1,0.9665,[[63rdStreetBeach201507220100_Water_Temperature]]
2025-10-15 19:27:23.564,96.143,Montrose_WaterTempDrop_85,atomic,[Montrose_WaterTempDrop_85],[1.0000],1,1,1.0000,[[MontroseBeach201507220100_Water_Temperature]]
2025-10-15 19:27:23.628,96.207,Montrose_WaterTempDrop_85,atomic,[Montrose_WaterTempDrop_85],[1.0000],1,1,1.0000,[[MontroseBeach201507220200_Water_Temperature]]
2025-10-15 19:27:23.688,96.267,63rd_WaterTempDrop_85,atomic,[63rd_WaterTempDrop_85],[1.0000],1,1,1.0000,[[63rdStreetBeach201507220300_Water_Temperature]]
2025-10-15 19:27:23.690,96.269,Calumet_WaterTempDrop_85,atomic,[Calumet_WaterTempDrop_85],[1.0000],1,1,1.0000,[[CalumetBeach201507220300_Water_Temperature]]
2025-10-15 19:27:23.691,96.270,Montrose_WaterTempDrop_85,atomic,[Montrose_WaterTempDrop_85],[1.0000],1,1,1.0000,[[MontroseBeach201507220300_Water_Temperature]]
2025-10-15 19:27:23.750,96.329,63rd_WaterTempDrop_85,atomic,[63rd_WaterTempDrop_85],[0.9664],1,1,0.9664,[[63rdStreetBeach201507220400_Water_Temperature]]
2025-10-15 19:27:23.750,96.329,Montrose_WaterTempDrop_85,atomic,[Montrose_WaterTempDrop_85],[1.0000],1,1,1.0000,[[MontroseBeach201507220400_Water_Temperature]]
2025-10-15 19:27:23.813,96.392,Montrose_WaterTempDrop_85,atomic,[Montrose_WaterTempDrop_85],[0.9634],1,1,0.9634,[[MontroseBeach201507220500_Water_Temperature]]
2025-10-15 19:27:23.814,96.393,63rd_WaterTempDrop_85,atomic,[63rd_WaterTempDrop_85],[0.9624],1,1,0.9624,[[63rdStreetBeach201507220500_Water_Temperature]]
2025-10-15 19:27:23.816,96.395,Calumet_WaterTempDrop_85,atomic,[Calumet_WaterTempDrop_85],[1.0000],1,1,1.0000,[[CalumetBeach201507220500_Water_Temperature]]
2025-10-15 19:27:23.874,96.453,Montrose_WaterTempDrop_85,atomic,[Montrose_WaterTempDrop_85],[0.9592],1,1,0.9592,[[MontroseBeach201507220600_Water_Temperature]]
2025-10-15 19:27:23.874,96.453,63rd_WaterTempDrop_85,atomic,[63rd_WaterTempDrop_85],[0.9580],1,1,0.9580,[[63rdStreetBeach201507220600_Water_Temperature]]
2025-10-15 19:27:23.877,96.456,Calumet_WaterTempDrop_85,atomic,[Calumet_WaterTempDrop_85],[1.0000],1,1,1.0000,[[CalumetBeach201507220600_Water_Temperature]]
2025-10-15 19:27:23.939,96.518,Montrose_WaterTempDrop_85,atomic,[Montrose_WaterTempDrop_85],[1.0000],1,1,1.0000,[[MontroseBeach201507220700_Water_Temperature]]
2025-10-15 19:27:23.940,96.519,63rd_WaterTempDrop_85,atomic,[63rd_WaterTempDrop_85],[1.0000],1,1,1.0000,[[63rdStreetBeach201507220700_Water_Temperature]]
2025-10-15 19:27:23.999,96.578,63rd_WaterTempDrop_85,atomic,[63rd_WaterTempDrop_85],[0.9576],1,1,0.9576,[[63rdStreetBeach201507220800_Water_Temperature]]
2025-10-15 19:27:24.002,96.581,Calumet_WaterTempDrop_85,atomic,[Calumet_WaterTempDrop_85],[1.0000],1,1,1.0000,[[CalumetBeach201507220800_Water_Temperature]]
2025-10-15 19:27:24.004,96.583,Montrose_WaterTempDrop_85,atomic,[Montrose_WaterTempDrop_85],[1.0000],1,1,1.0000,[[MontroseBeach201507220800_Water_Temperature]]
2025-10-15 19:27:24.063,96.642,Montrose_WaterTempDrop_85,atomic,[Montrose_WaterTempDrop_85],[1.0000],1,1,1.0000,[[MontroseBeach201507220900_Water_Temperature]]
2025-10-15 19:27:24.064,96.643,Calumet_WaterTempDrop_85,atomic,[Calumet_WaterTempDrop_85],[1.0000],1,1,1.0000,[[CalumetBeach201507220900_Water_Temperature]]
2025-10-15 19:27:24.064,96.643,63rd_WaterTempDrop_85,atomic,[63rd_WaterTempDrop_85],[1.0000],1,1,1.0000,[[63rdStreetBeach201507220900_Water_Temperature]]
2025-10-15 19:27:24.126,96.705,Montrose_WaterTempDrop_85,atomic,[Montrose_WaterTempDrop_85],[1.0000],1,1,1.0000,[[MontroseBeach201507221000_Water_Temperature]]
2025-10-15 19:27:24.127,96.706,63rd_WaterTempDrop_85,atomic,[63rd_WaterTempDrop_85],[1.0000],1,1,1.0000,[[63rdStreetBeach201507221000_Water_Temperature]]
2025-10-15 19:27:24.187,96.766,Montrose_WaterTempDrop_85,atomic,[Montrose_WaterTempDrop_85],[1.0000],1,1,1.0000,[[MontroseBeach201507221100_Water_Temperature]]
2025-10-15 19:27:24.251,96.830,Montrose_WaterTempDrop_85,atomic,[Montrose_WaterTempDrop_85],[1.0000],1,1,1.0000,[[MontroseBeach201507221200_Water_Temperature]]
2025-10-15 19:27:24.310,96.889,Montrose_WaterTempDrop_85,atomic,[Montrose_WaterTempDrop_85],[1.0000],1,1,1.0000,[[MontroseBeach201507221300_Water_Temperature]]
2025-10-15 19:27:24.368,96.947,Montrose_WaterTempDrop_85,atomic,[Montrose_WaterTempDrop_85],[0.9693],1,1,0.9693,[[MontroseBeach201507221400_Water_Temperature]]
2025-10-15 19:27:24.436,97.015,Montrose_WaterTempDrop_85,atomic,[Montrose_WaterTempDrop_85],[1.0000],1,1,1.0000,[[MontroseBeach201507221500_Water_Temperature]]
2025-10-15 19:27:24.558,97.137,Montrose_WaterTempDrop_85,atomic,[Montrose_WaterTempDrop_85],[0.9679],1,1,0.9679,[[MontroseBeach201507221700_Water_Temperature]]
2025-10-15 19:27:24.622,97.201,Montrose_WaterTempDrop_85,atomic,[Montrose_WaterTempDrop_85],[1.0000],1,1,1.0000,[[MontroseBeach201507221800_Water_Temperature]]
2025-10-15 19:27:24.685,97.264,Montrose_WaterTempDrop_85,atomic,[Montrose_WaterTempDrop_85],[1.0000],1,1,1.0000,[[MontroseBeach201507221900_Water_Temperature]]
2025-10-15 19:27:24.745,97.324,Montrose_WaterTempDrop_85,atomic,[Montrose_WaterTempDrop_85],[0.9668],1,1,0.9668,[[MontroseBeach201507222000_Water_Temperature]]
2025-10-15 19:27:24.810,97.389,Montrose_WaterTempDrop_85,atomic,[Montrose_WaterTempDrop_85],[1.0000],1,1,1.0000,[[MontroseBeach201507222100_Water_Temperature]]
2025-10-15 19:27:24.869,97.448,Montrose_WaterTempDrop_85,atomic,[Montrose_WaterTempDrop_85],[1.0000],1,1,1.0000,[[MontroseBeach201507222200_Water_Temperature]]
2025-10-15 19:27:24.933,97.512,Montrose_WaterTempDrop_85,atomic,[Montrose_WaterTempDrop_85],[1.0000],1,1,1.0000,[[MontroseBeach201507222300_Water_Temperature]]
2025-10-15 19:27:24.992,97.571,Montrose_WaterTempDrop_85,atomic,[Montrose_WaterTempDrop_85],[1.0000],1,1,1.0000,[[MontroseBeach201507232400_Water_Temperature]]
2025-10-15 19:27:25.055,97.634,Montrose_WaterTempDrop_85,atomic,[Montrose_WaterTempDrop_85],[1.0000],1,1,1.0000,[[MontroseBeach201507230100_Water_Temperature]]
2025-10-15 19:27:25.115,97.694,Montrose_WaterTempDrop_85,atomic,[Montrose_WaterTempDrop_85],[0.9690],1,1,0.9690,[[MontroseBeach201507230200_Water_Temperature]]
2025-10-15 19:27:25.177,97.756,Montrose_WaterTempDrop_85,atomic,[Montrose_WaterTempDrop_85],[0.9651],1,1,0.9651,[[MontroseBeach201507230300_Water_Temperature]]
2025-10-15 19:27:25.180,97.759,63rd_WaterTempDrop_85,atomic,[63rd_WaterTempDrop_85],[1.0000],1,1,1.0000,[[63rdStreetBeach201507230300_Water_Temperature]]
2025-10-15 19:27:25.244,97.823,Montrose_WaterTempDrop_85,atomic,[Montrose_WaterTempDrop_85],[1.0000],1,1,1.0000,[[MontroseBeach201507230400_Water_Temperature]]
2025-10-15 19:27:25.305,97.884,Montrose_WaterTempDrop_85,atomic,[Montrose_WaterTempDrop_85],[1.0000],1,1,1.0000,[[MontroseBeach201507230500_Water_Temperature]]
2025-10-15 19:27:25.305,97.884,63rd_WaterTempDrop_85,atomic,[63rd_WaterTempDrop_85],[1.0000],1,1,1.0000,[[63rdStreetBeach201507230500_Water_Temperature]]
2025-10-15 19:27:25.369,97.948,Montrose_WaterTempDrop_85,atomic,[Montrose_WaterTempDrop_85],[1.0000],1,1,1.0000,[[MontroseBeach201507230600_Water_Temperature]]
2025-10-15 19:27:25.431,98.010,63rd_WaterTempDrop_85,atomic,[63rd_WaterTempDrop_85],[1.0000],1,1,1.0000,[[63rdStreetBeach201507230700_Water_Temperature]]
2025-10-15 19:27:25.434,98.013,Montrose_WaterTempDrop_85,atomic,[Montrose_WaterTempDrop_85],[1.0000],1,1,1.0000,[[MontroseBeach201507230700_Water_Temperature]]
2025-10-15 19:27:25.494,98.073,Montrose_WaterTempDrop_85,atomic,[Montrose_WaterTempDrop_85],[1.0000],1,1,1.0000,[[MontroseBeach201507230800_Water_Temperature]]
2025-10-15 19:27:25.494,98.073,63rd_WaterTempDrop_85,atomic,[63rd_WaterTempDrop_85],[1.0000],1,1,1.0000,[[63rdStreetBeach201507230800_Water_Temperature]]
2025-10-15 19:27:25.556,98.135,Montrose_WaterTempDrop_85,atomic,[Montrose_WaterTempDrop_85],[1.0000],1,1,1.0000,[[MontroseBeach201507230900_Water_Temperature]]
2025-10-15 19:27:25.557,98.136,63rd_WaterTempDrop_85,atomic,[63rd_WaterTempDrop_85],[1.0000],1,1,1.0000,[[63rdStreetBeach201507230900_Water_Temperature]]
2025-10-15 19:27:25.620,98.199,Montrose_WaterTempDrop_85,atomic,[Montrose_WaterTempDrop_85],[1.0000],1,1,1.0000,[[MontroseBeach201507231000_Water_Temperature]]
2025-10-15 19:27:25.680,98.259,Montrose_WaterTempDrop_85,atomic,[Montrose_WaterTempDrop_85],[0.9700],1,1,0.9700,[[MontroseBeach201507231100_Water_Temperature]]
2025-10-15 19:27:25.743,98.322,Montrose_WaterTempDrop_85,atomic,[Montrose_WaterTempDrop_85],[0.9662],1,1,0.9662,[[MontroseBeach201507231200_Water_Temperature]]
2025-10-15 19:27:25.989,98.568,Montrose_WaterTempDrop_85,atomic,[Montrose_WaterTempDrop_85],[0.9671],1,1,0.9671,[[MontroseBeach201507231600_Water_Temperature]]
2025-10-15 19:27:26.116,98.695,Montrose_WaterTempDrop_85,atomic,[Montrose_WaterTempDrop_85],[0.9649],1,1,0.9649,[[MontroseBeach201507231800_Water_Temperature]]
2025-10-15 19:27:26.239,98.818,Montrose_WaterTempDrop_85,atomic,[Montrose_WaterTempDrop_85],[0.9630],1,1,0.9630,[[MontroseBeach201507232000_Water_Temperature]]
2025-10-15 19:27:26.301,98.880,Montrose_WaterTempDrop_85,atomic,[Montrose_WaterTempDrop_85],[0.9586],1,1,0.9586,[[MontroseBeach201507232100_Water_Temperature]]
2025-10-15 19:27:26.369,98.948,Montrose_WaterTempDrop_85,atomic,[Montrose_WaterTempDrop_85],[1.0000],1,1,1.0000,[[MontroseBeach201507232200_Water_Temperature]]
2025-10-15 19:27:26.429,99.008,Montrose_WaterTempDrop_85,atomic,[Montrose_WaterTempDrop_85],[1.0000],1,1,1.0000,[[MontroseBeach201507232300_Water_Temperature]]
2025-10-15 19:27:26.489,99.068,Montrose_WaterTempDrop_85,atomic,[Montrose_WaterTempDrop_85],[0.9610],1,1,0.9610,[[MontroseBeach201507242400_Water_Temperature]]
2025-10-15 19:27:26.553,99.132,Montrose_WaterTempDrop_85,atomic,[Montrose_WaterTempDrop_85],[0.9564],1,1,0.9564,[[MontroseBeach201507240100_Water_Temperature]]
2025-10-15 19:27:26.614,99.193,Montrose_WaterTempDrop_85,atomic,[Montrose_WaterTempDrop_85],[0.9514],1,1,0.9514,[[MontroseBeach201507240200_Water_Temperature]]
2025-10-15 19:27:26.678,99.257,Montrose_WaterTempDrop_85,atomic,[Montrose_WaterTempDrop_85],[1.0000],1,1,1.0000,[[MontroseBeach201507240300_Water_Temperature]]
2025-10-15 19:27:26.739,99.318,Montrose_WaterTempDrop_85,atomic,[Montrose_WaterTempDrop_85],[1.0000],1,1,1.0000,[[MontroseBeach201507240400_Water_Temperature]]
2025-10-15 19:27:26.805,99.384,Montrose_WaterTempDrop_85,atomic,[Montrose_WaterTempDrop_85],[1.0000],1,1,1.0000,[[MontroseBeach201507240500_Water_Temperature]]
2025-10-15 19:27:26.864,99.443,Montrose_WaterTempDrop_85,atomic,[Montrose_WaterTempDrop_85],[0.9607],1,1,0.9607,[[MontroseBeach201507240600_Water_Temperature]]
2025-10-15 19:27:26.956,99.535,Montrose_WaterTempDrop_85,atomic,[Montrose_WaterTempDrop_85],[1.0000],1,1,1.0000,[[MontroseBeach201507240700_Water_Temperature]]
2025-10-15 19:27:26.988,99.567,Montrose_WaterTempDrop_85,atomic,[Montrose_WaterTempDrop_85],[0.9600],1,1,0.9600,[[MontroseBeach201507240800_Water_Temperature]]
2025-10-15 19:27:27.050,99.629,Montrose_WaterTempDrop_85,atomic,[Montrose_WaterTempDrop_85],[0.9554],1,1,0.9554,[[MontroseBeach201507240900_Water_Temperature]]
2025-10-15 19:27:27.114,99.693,Montrose_WaterTempDrop_85,atomic,[Montrose_WaterTempDrop_85],[1.0000],1,1,1.0000,[[MontroseBeach201507241000_Water_Temperature]]
2025-10-15 19:27:27.176,99.755,Montrose_WaterTempDrop_85,atomic,[Montrose_WaterTempDrop_85],[1.0000],1,1,1.0000,[[MontroseBeach201507241100_Water_Temperature]]
2025-10-15 19:27:27.238,99.817,Montrose_WaterTempDrop_85,atomic,[Montrose_WaterTempDrop_85],[1.0000],1,1,1.0000,[[MontroseBeach201507241200_Water_Temperature]]
2025-10-15 19:27:27.300,99.879,Montrose_WaterTempDrop_85,atomic,[Montrose_WaterTempDrop_85],[1.0000],1,1,1.0000,[[MontroseBeach201507241300_Water_Temperature]]
2025-10-15 19:27:27.360,99.939,Montrose_WaterTempDrop_85,atomic,[Montrose_WaterTempDrop_85],[1.0000],1,1,1.0000,[[MontroseBeach201507241400_Water_Temperature]]
2025-10-15 19:27:27.423,100.002,63rd_WaterTempDrop_85,atomic,[63rd_WaterTempDrop_85],[1.0000],1,1,1.0000,[[63rdStreetBeach201507241500_Water_Temperature]]
2025-10-15 19:27:27.424,100.003,Montrose_WaterTempDrop_85,atomic,[Montrose_WaterTempDrop_85],[1.0000],1,1,1.0000,[[MontroseBeach201507241500_Water_Temperature]]
2025-10-15 19:27:27.482,100.061,Montrose_WaterTempDrop_85,atomic,[Montrose_WaterTempDrop_85],[0.9680],1,1,0.9680,[[MontroseBeach201507241600_Water_Temperature]]
2025-10-15 19:27:27.484,100.063,63rd_WaterTempDrop_85,atomic,[63rd_WaterTempDrop_85],[1.0000],1,1,1.0000,[[63rdStreetBeach201507241600_Water_Temperature]]
2025-10-15 19:27:27.548,100.127,Montrose_WaterTempDrop_85,atomic,[Montrose_WaterTempDrop_85],[1.0000],1,1,1.0000,[[MontroseBeach201507241700_Water_Temperature]]
2025-10-15 19:27:27.550,100.129,63rd_WaterTempDrop_85,atomic,[63rd_WaterTempDrop_85],[1.0000],1,1,1.0000,[[63rdStreetBeach201507241700_Water_Temperature]]
2025-10-15 19:27:27.608,100.187,Montrose_WaterTempDrop_85,atomic,[Montrose_WaterTempDrop_85],[1.0000],1,1,1.0000,[[MontroseBeach201507241800_Water_Temperature]]
2025-10-15 19:27:27.610,100.189,63rd_WaterTempDrop_85,atomic,[63rd_WaterTempDrop_85],[1.0000],1,1,1.0000,[[63rdStreetBeach201507241800_Water_Temperature]]
2025-10-15 19:27:27.669,100.248,Montrose_WaterTempDrop_85,atomic,[Montrose_WaterTempDrop_85],[0.9675],1,1,0.9675,[[MontroseBeach201507241900_Water_Temperature]]
2025-10-15 19:27:27.671,100.250,63rd_WaterTempDrop_85,atomic,[63rd_WaterTempDrop_85],[1.0000],1,1,1.0000,[[63rdStreetBeach201507241900_Water_Temperature]]
2025-10-15 19:27:27.734,100.313,Montrose_WaterTempDrop_85,atomic,[Montrose_WaterTempDrop_85],[1.0000],1,1,1.0000,[[MontroseBeach201507242000_Water_Temperature]]
2025-10-15 19:27:27.734,100.313,63rd_WaterTempDrop_85,atomic,[63rd_WaterTempDrop_85],[1.0000],1,1,1.0000,[[63rdStreetBeach201507242000_Water_Temperature]]
2025-10-15 19:27:27.797,100.376,63rd_WaterTempDrop_85,atomic,[63rd_WaterTempDrop_85],[1.0000],1,1,1.0000,[[63rdStreetBeach201507242100_Water_Temperature]]
2025-10-15 19:27:27.799,100.378,Montrose_WaterTempDrop_85,atomic,[Montrose_WaterTempDrop_85],[1.0000],1,1,1.0000,[[MontroseBeach201507242100_Water_Temperature]]
2025-10-15 19:27:27.857,100.436,63rd_WaterTempDrop_85,atomic,[63rd_WaterTempDrop_85],[1.0000],1,1,1.0000,[[63rdStreetBeach201507242200_Water_Temperature]]
2025-10-15 19:27:27.857,100.436,Montrose_WaterTempDrop_85,atomic,[Montrose_WaterTempDrop_85],[0.9670],1,1,0.9670,[[MontroseBeach201507242200_Water_Temperature]]
2025-10-15 19:27:27.920,100.499,63rd_WaterTempDrop_85,atomic,[63rd_WaterTempDrop_85],[1.0000],1,1,1.0000,[[63rdStreetBeach201507242300_Water_Temperature]]
2025-10-15 19:27:27.922,100.501,Montrose_WaterTempDrop_85,atomic,[Montrose_WaterTempDrop_85],[1.0000],1,1,1.0000,[[MontroseBeach201507242300_Water_Temperature]]
2025-10-15 19:27:27.983,100.562,63rd_WaterTempDrop_85,atomic,[63rd_WaterTempDrop_85],[1.0000],1,1,1.0000,[[63rdStreetBeach201507252400_Water_Temperature]]
2025-10-15 19:27:27.984,100.563,Montrose_WaterTempDrop_85,atomic,[Montrose_WaterTempDrop_85],[1.0000],1,1,1.0000,[[MontroseBeach201507252400_Water_Temperature]]
2025-10-15 19:27:28.047,100.626,Montrose_WaterTempDrop_85,atomic,[Montrose_WaterTempDrop_85],[1.0000],1,1,1.0000,[[MontroseBeach201507250100_Water_Temperature]]
2025-10-15 19:27:28.047,100.626,63rd_WaterTempDrop_85,atomic,[63rd_WaterTempDrop_85],[1.0000],1,1,1.0000,[[63rdStreetBeach201507250100_Water_Temperature]]
2025-10-15 19:27:28.109,100.688,63rd_WaterTempDrop_85,atomic,[63rd_WaterTempDrop_85],[0.9725],1,1,0.9725,[[63rdStreetBeach201507250200_Water_Temperature]]
2025-10-15 19:27:28.110,100.689,Montrose_WaterTempDrop_85,atomic,[Montrose_WaterTempDrop_85],[0.9678],1,1,0.9678,[[MontroseBeach201507250200_Water_Temperature]]
2025-10-15 19:27:28.173,100.752,63rd_WaterTempDrop_85,atomic,[63rd_WaterTempDrop_85],[1.0000],1,1,1.0000,[[63rdStreetBeach201507250300_Water_Temperature]]
2025-10-15 19:27:28.174,100.753,Montrose_WaterTempDrop_85,atomic,[Montrose_WaterTempDrop_85],[1.0000],1,1,1.0000,[[MontroseBeach201507250300_Water_Temperature]]
2025-10-15 19:27:28.235,100.814,63rd_WaterTempDrop_85,atomic,[63rd_WaterTempDrop_85],[1.0000],1,1,1.0000,[[63rdStreetBeach201507250400_Water_Temperature]]
2025-10-15 19:27:28.236,100.815,Montrose_WaterTempDrop_85,atomic,[Montrose_WaterTempDrop_85],[1.0000],1,1,1.0000,[[MontroseBeach201507250400_Water_Temperature]]
2025-10-15 19:27:28.296,100.875,Montrose_WaterTempDrop_85,atomic,[Montrose_WaterTempDrop_85],[0.9670],1,1,0.9670,[[MontroseBeach201507250500_Water_Temperature]]
2025-10-15 19:27:28.297,100.876,63rd_WaterTempDrop_85,atomic,[63rd_WaterTempDrop_85],[1.0000],1,1,1.0000,[[63rdStreetBeach201507250500_Water_Temperature]]
2025-10-15 19:27:28.360,100.939,Calumet_WaterTempDrop_85,atomic,[Calumet_WaterTempDrop_85],[1.0000],1,1,1.0000,[[CalumetBeach201507250600_Water_Temperature]]
2025-10-15 19:27:28.360,100.939,63rd_WaterTempDrop_85,atomic,[63rd_WaterTempDrop_85],[1.0000],1,1,1.0000,[[63rdStreetBeach201507250600_Water_Temperature]]
2025-10-15 19:27:28.361,100.940,Montrose_WaterTempDrop_85,atomic,[Montrose_WaterTempDrop_85],[1.0000],1,1,1.0000,[[MontroseBeach201507250600_Water_Temperature]]
2025-10-15 19:27:28.421,101.000,Montrose_WaterTempDrop_85,atomic,[Montrose_WaterTempDrop_85],[0.9649],1,1,0.9649,[[MontroseBeach201507250700_Water_Temperature]]
2025-10-15 19:27:28.424,101.003,63rd_WaterTempDrop_85,atomic,[63rd_WaterTempDrop_85],[1.0000],1,1,1.0000,[[63rdStreetBeach201507250700_Water_Temperature]]
2025-10-15 19:27:28.484,101.063,63rd_WaterTempDrop_85,atomic,[63rd_WaterTempDrop_85],[0.9715],1,1,0.9715,[[63rdStreetBeach201507250800_Water_Temperature]]
2025-10-15 19:27:28.485,101.064,Calumet_WaterTempDrop_85,atomic,[Calumet_WaterTempDrop_85],[1.0000],1,1,1.0000,[[CalumetBeach201507250800_Water_Temperature]]
2025-10-15 19:27:28.487,101.066,Montrose_WaterTempDrop_85,atomic,[Montrose_WaterTempDrop_85],[1.0000],1,1,1.0000,[[MontroseBeach201507250800_Water_Temperature]]
2025-10-15 19:27:28.548,101.127,Montrose_WaterTempDrop_85,atomic,[Montrose_WaterTempDrop_85],[0.9630],1,1,0.9630,[[MontroseBeach201507250900_Water_Temperature]]
2025-10-15 19:27:28.617,101.196,Montrose_WaterTempDrop_85,atomic,[Montrose_WaterTempDrop_85],[1.0000],1,1,1.0000,[[MontroseBeach201507251000_Water_Temperature]]
2025-10-15 19:27:28.620,101.199,63rd_WaterTempDrop_85,atomic,[63rd_WaterTempDrop_85],[1.0000],1,1,1.0000,[[63rdStreetBeach201507251000_Water_Temperature]]
2025-10-15 19:27:28.672,101.251,Calumet_WaterTempDrop_85,atomic,[Calumet_WaterTempDrop_85],[0.9572],1,1,0.9572,[[CalumetBeach201507251100_Water_Temperature]]
2025-10-15 19:27:28.673,101.252,63rd_WaterTempDrop_85,atomic,[63rd_WaterTempDrop_85],[0.9686],1,1,0.9686,[[63rdStreetBeach201507251100_Water_Temperature]]
2025-10-15 19:27:28.675,101.254,Montrose_WaterTempDrop_85,atomic,[Montrose_WaterTempDrop_85],[1.0000],1,1,1.0000,[[MontroseBeach201507251100_Water_Temperature]]
2025-10-15 19:27:28.735,101.314,Calumet_WaterTempDrop_85,atomic,[Calumet_WaterTempDrop_85],[0.9524],1,1,0.9524,[[CalumetBeach201507251200_Water_Temperature]]
2025-10-15 19:27:28.736,101.315,63rd_WaterTempDrop_85,atomic,[63rd_WaterTempDrop_85],[0.9646],1,1,0.9646,[[63rdStreetBeach201507251200_Water_Temperature]]
2025-10-15 19:27:28.737,101.316,Montrose_WaterTempDrop_85,atomic,[Montrose_WaterTempDrop_85],[1.0000],1,1,1.0000,[[MontroseBeach201507251200_Water_Temperature]]
2025-10-15 19:27:28.798,101.377,Calumet_WaterTempDrop_85,atomic,[Calumet_WaterTempDrop_85],[0.9470],1,1,0.9470,[[CalumetBeach201507251300_Water_Temperature]]
2025-10-15 19:27:28.800,101.379,63rd_WaterTempDrop_85,atomic,[63rd_WaterTempDrop_85],[1.0000],1,1,1.0000,[[63rdStreetBeach201507251300_Water_Temperature]]
2025-10-15 19:27:28.802,101.381,Montrose_WaterTempDrop_85,atomic,[Montrose_WaterTempDrop_85],[1.0000],1,1,1.0000,[[MontroseBeach201507251300_Water_Temperature]]
2025-10-15 19:27:28.861,101.440,Calumet_WaterTempDrop_85,atomic,[Calumet_WaterTempDrop_85],[0.9412],1,1,0.9412,[[CalumetBeach201507251400_Water_Temperature]]
2025-10-15 19:27:28.863,101.442,Montrose_WaterTempDrop_85,atomic,[Montrose_WaterTempDrop_85],[1.0000],1,1,1.0000,[[MontroseBeach201507251400_Water_Temperature]]
2025-10-15 19:27:28.925,101.504,Calumet_WaterTempDrop_85,atomic,[Calumet_WaterTempDrop_85],[0.9348],1,1,0.9348,[[CalumetBeach201507251500_Water_Temperature]]
2025-10-15 19:27:28.929,101.508,63rd_WaterTempDrop_85,atomic,[63rd_WaterTempDrop_85],[0.9645],1,1,0.9645,[[63rdStreetBeach201507251500_Water_Temperature]]
2025-10-15 19:27:28.929,101.508,Montrose_WaterTempDrop_85,atomic,[Montrose_WaterTempDrop_85],[1.0000],1,1,1.0000,[[MontroseBeach201507251500_Water_Temperature]]
2025-10-15 19:27:28.985,101.564,Montrose_WaterTempDrop_85,atomic,[Montrose_WaterTempDrop_85],[0.9692],1,1,0.9692,[[MontroseBeach201507251600_Water_Temperature]]
2025-10-15 19:27:28.985,101.564,63rd_WaterTempDrop_85,atomic,[63rd_WaterTempDrop_85],[0.9601],1,1,0.9601,[[63rdStreetBeach201507251600_Water_Temperature]]
2025-10-15 19:27:29.047,101.626,63rd_WaterTempDrop_85,atomic,[63rd_WaterTempDrop_85],[0.9552],1,1,0.9552,[[63rdStreetBeach201507251700_Water_Temperature]]
2025-10-15 19:27:29.050,101.629,Montrose_WaterTempDrop_85,atomic,[Montrose_WaterTempDrop_85],[1.0000],1,1,1.0000,[[MontroseBeach201507251700_Water_Temperature]]
2025-10-15 19:27:29.110,101.689,Montrose_WaterTempDrop_85,atomic,[Montrose_WaterTempDrop_85],[0.9668],1,1,0.9668,[[MontroseBeach201507251800_Water_Temperature]]
2025-10-15 19:27:29.172,101.751,63rd_WaterTempDrop_85,atomic,[63rd_WaterTempDrop_85],[0.9551],1,1,0.9551,[[63rdStreetBeach201507251900_Water_Temperature]]
2025-10-15 19:27:29.174,101.753,Montrose_WaterTempDrop_85,atomic,[Montrose_WaterTempDrop_85],[1.0000],1,1,1.0000,[[MontroseBeach201507251900_Water_Temperature]]
2025-10-15 19:27:29.232,101.811,63rd_WaterTempDrop_85,atomic,[63rd_WaterTempDrop_85],[0.9498],1,1,0.9498,[[63rdStreetBeach201507252000_Water_Temperature]]
2025-10-15 19:27:29.235,101.814,Montrose_WaterTempDrop_85,atomic,[Montrose_WaterTempDrop_85],[0.9647],1,1,0.9647,[[MontroseBeach201507252000_Water_Temperature]]
2025-10-15 19:27:29.299,101.878,63rd_WaterTempDrop_85,atomic,[63rd_WaterTempDrop_85],[0.9440],1,1,0.9440,[[63rdStreetBeach201507252100_Water_Temperature]]
2025-10-15 19:27:29.299,101.878,Montrose_WaterTempDrop_85,atomic,[Montrose_WaterTempDrop_85],[1.0000],1,1,1.0000,[[MontroseBeach201507252100_Water_Temperature]]
2025-10-15 19:27:29.356,101.935,Montrose_WaterTempDrop_85,atomic,[Montrose_WaterTempDrop_85],[0.9629],1,1,0.9629,[[MontroseBeach201507252200_Water_Temperature]]
2025-10-15 19:27:29.360,101.939,63rd_WaterTempDrop_85,atomic,[63rd_WaterTempDrop_85],[1.0000],1,1,1.0000,[[63rdStreetBeach201507252200_Water_Temperature]]
2025-10-15 19:27:29.422,102.001,63rd_WaterTempDrop_85,atomic,[63rd_WaterTempDrop_85],[1.0000],1,1,1.0000,[[63rdStreetBeach201507252300_Water_Temperature]]
2025-10-15 19:27:29.423,102.002,Montrose_WaterTempDrop_85,atomic,[Montrose_WaterTempDrop_85],[1.0000],1,1,1.0000,[[MontroseBeach201507252300_Water_Temperature]]
2025-10-15 19:27:29.483,102.062,63rd_WaterTempDrop_85,atomic,[63rd_WaterTempDrop_85],[0.9534],1,1,0.9534,[[63rdStreetBeach201507262400_Water_Temperature]]
2025-10-15 19:27:29.485,102.064,Montrose_WaterTempDrop_85,atomic,[Montrose_WaterTempDrop_85],[1.0000],1,1,1.0000,[[MontroseBeach201507262400_Water_Temperature]]
2025-10-15 19:27:29.547,102.126,Montrose_WaterTempDrop_85,atomic,[Montrose_WaterTempDrop_85],[0.9637],1,1,0.9637,[[MontroseBeach201507260300_Water_Temperature]]
2025-10-15 19:27:29.608,102.187,Montrose_WaterTempDrop_85,atomic,[Montrose_WaterTempDrop_85],[0.9594],1,1,0.9594,[[MontroseBeach201507260400_Water_Temperature]]
2025-10-15 19:27:29.608,102.187,63rd_WaterTempDrop_85,atomic,[63rd_WaterTempDrop_85],[0.9543],1,1,0.9543,[[63rdStreetBeach201507260400_Water_Temperature]]
2025-10-15 19:27:29.689,102.268,Montrose_WaterTempDrop_85,atomic,[Montrose_WaterTempDrop_85],[1.0000],1,1,1.0000,[[MontroseBeach201507260500_Water_Temperature]]
2025-10-15 19:27:29.735,102.314,63rd_WaterTempDrop_85,atomic,[63rd_WaterTempDrop_85],[1.0000],1,1,1.0000,[[63rdStreetBeach201507260600_Water_Temperature]]
2025-10-15 19:27:29.737,102.316,Montrose_WaterTempDrop_85,atomic,[Montrose_WaterTempDrop_85],[1.0000],1,1,1.0000,[[MontroseBeach201507260600_Water_Temperature]]
2025-10-15 19:27:29.799,102.378,63rd_WaterTempDrop_85,atomic,[63rd_WaterTempDrop_85],[0.9592],1,1,0.9592,[[63rdStreetBeach201507260700_Water_Temperature]]
2025-10-15 19:27:29.800,102.379,Montrose_WaterTempDrop_85,atomic,[Montrose_WaterTempDrop_85],[1.0000],1,1,1.0000,[[MontroseBeach201507260700_Water_Temperature]]
2025-10-15 19:27:29.858,102.437,63rd_WaterTempDrop_85,atomic,[63rd_WaterTempDrop_85],[0.9546],1,1,0.9546,[[63rdStreetBeach201507260800_Water_Temperature]]
2025-10-15 19:27:29.862,102.441,Montrose_WaterTempDrop_85,atomic,[Montrose_WaterTempDrop_85],[1.0000],1,1,1.0000,[[MontroseBeach201507260800_Water_Temperature]]
2025-10-15 19:27:29.925,102.504,63rd_WaterTempDrop_85,atomic,[63rd_WaterTempDrop_85],[0.9497],1,1,0.9497,[[63rdStreetBeach201507260900_Water_Temperature]]
2025-10-15 19:27:29.925,102.504,Montrose_WaterTempDrop_85,atomic,[Montrose_WaterTempDrop_85],[1.0000],1,1,1.0000,[[MontroseBeach201507260900_Water_Temperature]]
2025-10-15 19:27:29.986,102.565,63rd_WaterTempDrop_85,atomic,[63rd_WaterTempDrop_85],[0.9442],1,1,0.9442,[[63rdStreetBeach201507261000_Water_Temperature]]
2025-10-15 19:27:29.989,102.568,Montrose_WaterTempDrop_85,atomic,[Montrose_WaterTempDrop_85],[1.0000],1,1,1.0000,[[MontroseBeach201507261000_Water_Temperature]]
2025-10-15 19:27:30.046,102.625,Montrose_WaterTempDrop_85,atomic,[Montrose_WaterTempDrop_85],[0.9684],1,1,0.9684,[[MontroseBeach201507261100_Water_Temperature]]
2025-10-15 19:27:30.046,102.625,63rd_WaterTempDrop_85,atomic,[63rd_WaterTempDrop_85],[0.9383],1,1,0.9383,[[63rdStreetBeach201507261100_Water_Temperature]]
2025-10-15 19:27:30.109,102.688,Montrose_WaterTempDrop_85,atomic,[Montrose_WaterTempDrop_85],[0.9646],1,1,0.9646,[[MontroseBeach201507261200_Water_Temperature]]
2025-10-15 19:27:30.173,102.752,Montrose_WaterTempDrop_85,atomic,[Montrose_WaterTempDrop_85],[1.0000],1,1,1.0000,[[MontroseBeach201507261300_Water_Temperature]]
2025-10-15 19:27:30.236,102.815,Montrose_WaterTempDrop_85,atomic,[Montrose_WaterTempDrop_85],[1.0000],1,1,1.0000,[[MontroseBeach201507261400_Water_Temperature]]
2025-10-15 19:27:30.295,102.874,Montrose_WaterTempDrop_85,atomic,[Montrose_WaterTempDrop_85],[1.0000],1,1,1.0000,[[MontroseBeach201507261500_Water_Temperature]]
2025-10-15 19:27:30.356,102.935,Montrose_WaterTempDrop_85,atomic,[Montrose_WaterTempDrop_85],[0.9666],1,1,0.9666,[[MontroseBeach201507261600_Water_Temperature]]
2025-10-15 19:27:30.422,103.001,Montrose_WaterTempDrop_85,atomic,[Montrose_WaterTempDrop_85],[1.0000],1,1,1.0000,[[MontroseBeach201507261700_Water_Temperature]]
2025-10-15 19:27:30.481,103.060,Montrose_WaterTempDrop_85,atomic,[Montrose_WaterTempDrop_85],[0.9646],1,1,0.9646,[[MontroseBeach201507261800_Water_Temperature]]
2025-10-15 19:27:30.547,103.126,Montrose_WaterTempDrop_85,atomic,[Montrose_WaterTempDrop_85],[1.0000],1,1,1.0000,[[MontroseBeach201507261900_Water_Temperature]]
2025-10-15 19:27:30.608,103.187,Montrose_WaterTempDrop_85,atomic,[Montrose_WaterTempDrop_85],[0.9629],1,1,0.9629,[[MontroseBeach201507262000_Water_Temperature]]
2025-10-15 19:27:30.671,103.250,Montrose_WaterTempDrop_85,atomic,[Montrose_WaterTempDrop_85],[1.0000],1,1,1.0000,[[MontroseBeach201507262100_Water_Temperature]]
2025-10-15 19:27:30.734,103.313,Montrose_WaterTempDrop_85,atomic,[Montrose_WaterTempDrop_85],[0.9615],1,1,0.9615,[[MontroseBeach201507262200_Water_Temperature]]
2025-10-15 19:27:30.798,103.377,Montrose_WaterTempDrop_85,atomic,[Montrose_WaterTempDrop_85],[1.0000],1,1,1.0000,[[MontroseBeach201507262300_Water_Temperature]]
2025-10-15 19:27:30.860,103.439,Montrose_WaterTempDrop_85,atomic,[Montrose_WaterTempDrop_85],[0.9604],1,1,0.9604,[[MontroseBeach201507272400_Water_Temperature]]
2025-10-15 19:27:30.919,103.498,Montrose_WaterTempDrop_85,atomic,[Montrose_WaterTempDrop_85],[0.9558],1,1,0.9558,[[MontroseBeach201507270100_Water_Temperature]]
2025-10-15 19:27:30.985,103.564,Montrose_WaterTempDrop_85,atomic,[Montrose_WaterTempDrop_85],[1.0000],1,1,1.0000,[[MontroseBeach201507270200_Water_Temperature]]
2025-10-15 19:27:31.050,103.629,Montrose_WaterTempDrop_85,atomic,[Montrose_WaterTempDrop_85],[1.0000],1,1,1.0000,[[MontroseBeach201507270300_Water_Temperature]]
2025-10-15 19:27:31.106,103.685,Montrose_WaterTempDrop_85,atomic,[Montrose_WaterTempDrop_85],[0.9596],1,1,0.9596,[[MontroseBeach201507270400_Water_Temperature]]
2025-10-15 19:27:31.170,103.749,Montrose_WaterTempDrop_85,atomic,[Montrose_WaterTempDrop_85],[1.0000],1,1,1.0000,[[MontroseBeach201507270500_Water_Temperature]]
2025-10-15 19:27:31.236,103.815,Montrose_WaterTempDrop_85,atomic,[Montrose_WaterTempDrop_85],[0.9590],1,1,0.9590,[[MontroseBeach201507270600_Water_Temperature]]
2025-10-15 19:27:31.297,103.876,Montrose_WaterTempDrop_85,atomic,[Montrose_WaterTempDrop_85],[1.0000],1,1,1.0000,[[MontroseBeach201507270700_Water_Temperature]]
2025-10-15 19:27:31.357,103.936,Montrose_WaterTempDrop_85,atomic,[Montrose_WaterTempDrop_85],[1.0000],1,1,1.0000,[[MontroseBeach201507270800_Water_Temperature]]
2025-10-15 19:27:31.416,103.995,Montrose_WaterTempDrop_85,atomic,[Montrose_WaterTempDrop_85],[0.9616],1,1,0.9616,[[MontroseBeach201507270900_Water_Temperature]]
2025-10-15 19:27:31.481,104.060,Montrose_WaterTempDrop_85,atomic,[Montrose_WaterTempDrop_85],[1.0000],1,1,1.0000,[[MontroseBeach201507271000_Water_Temperature]]
2025-10-15 19:27:31.546,104.125,Montrose_WaterTempDrop_85,atomic,[Montrose_WaterTempDrop_85],[0.9607],1,1,0.9607,[[MontroseBeach201507271100_Water_Temperature]]
2025-10-15 19:27:31.604,104.183,Montrose_WaterTempDrop_85,atomic,[Montrose_WaterTempDrop_85],[0.9562],1,1,0.9562,[[MontroseBeach201507271200_Water_Temperature]]
2025-10-15 19:27:34.238,106.817,Montrose_WaterTempDrop_85,atomic,[Montrose_WaterTempDrop_85],[1.0000],1,1,1.0000,[[MontroseBeach201507290600_Water_Temperature]]
2025-10-15 19:27:34.301,106.880,63rd_WaterTempDrop_85,atomic,[63rd_WaterTempDrop_85],[1.0000],1,1,1.0000,[[63rdStreetBeach201507290700_Water_Temperature]]
2025-10-15 19:27:34.303,106.882,Montrose_WaterTempDrop_85,atomic,[Montrose_WaterTempDrop_85],[1.0000],1,1,1.0000,[[MontroseBeach201507290700_Water_Temperature]]
2025-10-15 19:27:34.359,106.938,63rd_WaterTempDrop_85,atomic,[63rd_WaterTempDrop_85],[1.0000],1,1,1.0000,[[63rdStreetBeach201507290800_Water_Temperature]]
2025-10-15 19:27:34.361,106.940,Montrose_WaterTempDrop_85,atomic,[Montrose_WaterTempDrop_85],[1.0000],1,1,1.0000,[[MontroseBeach201507290800_Water_Temperature]]
2025-10-15 19:27:34.608,107.187,Montrose_WaterTempDrop_85,atomic,[Montrose_WaterTempDrop_85],[0.9633],1,1,0.9633,[[MontroseBeach201507291600_Water_Temperature]]
2025-10-15 19:27:34.922,107.501,Montrose_WaterTempDrop_85,atomic,[Montrose_WaterTempDrop_85],[1.0000],1,1,1.0000,[[MontroseBeach201507292300_Water_Temperature]]
2025-10-15 19:27:35.235,107.814,Montrose_WaterTempDrop_85,atomic,[Montrose_WaterTempDrop_85],[0.9619],1,1,0.9619,[[MontroseBeach201507302100_Water_Temperature]]
2025-10-15 19:27:35.613,108.192,Montrose_WaterTempDrop_85,atomic,[Montrose_WaterTempDrop_85],[0.9680],1,1,0.9680,[[MontroseBeach201507310300_Water_Temperature]]
2025-10-15 19:27:35.738,108.317,Montrose_WaterTempDrop_85,atomic,[Montrose_WaterTempDrop_85],[0.9659],1,1,0.9659,[[MontroseBeach201507310500_Water_Temperature]]
2025-10-15 19:27:35.863,108.442,Montrose_WaterTempDrop_85,atomic,[Montrose_WaterTempDrop_85],[1.0000],1,1,1.0000,[[MontroseBeach201507310700_Water_Temperature]]
2025-10-15 19:27:35.925,108.504,Montrose_WaterTempDrop_85,atomic,[Montrose_WaterTempDrop_85],[0.9658],1,1,0.9658,[[MontroseBeach201507310800_Water_Temperature]]
2025-10-15 19:27:36.113,108.692,Montrose_WaterTempDrop_85,atomic,[Montrose_WaterTempDrop_85],[0.9657],1,1,0.9657,[[MontroseBeach201507311100_Water_Temperature]]
2025-10-15 19:27:36.176,108.755,Montrose_WaterTempDrop_85,atomic,[Montrose_WaterTempDrop_85],[0.9616],1,1,0.9616,[[MontroseBeach201507311200_Water_Temperature]]
2025-10-15 19:27:36.302,108.881,Montrose_WaterTempDrop_85,atomic,[Montrose_WaterTempDrop_85],[0.9603],1,1,0.9603,[[MontroseBeach201507311400_Water_Temperature]]
2025-10-15 19:27:36.425,109.004,Montrose_WaterTempDrop_85,atomic,[Montrose_WaterTempDrop_85],[0.9594],1,1,0.9594,[[MontroseBeach201507311700_Water_Temperature]]
2025-10-15 19:27:36.488,109.067,Montrose_WaterTempDrop_85,atomic,[Montrose_WaterTempDrop_85],[0.9546],1,1,0.9546,[[MontroseBeach201507311800_Water_Temperature]]
2025-10-15 19:27:36.548,109.127,Montrose_WaterTempDrop_85,atomic,[Montrose_WaterTempDrop_85],[0.9494],1,1,0.9494,[[MontroseBeach201507312000_Water_Temperature]]
2025-10-15 19:27:36.737,109.316,Montrose_WaterTempDrop_85,atomic,[Montrose_WaterTempDrop_85],[0.9561],1,1,0.9561,[[MontroseBeach201507312300_Water_Temperature]]
2025-10-15 19:27:36.798,109.377,Montrose_WaterTempDrop_85,atomic,[Montrose_WaterTempDrop_85],[0.9512],1,1,0.9512,[[MontroseBeach201508012400_Water_Temperature]]
2025-10-15 19:27:36.860,109.439,Montrose_WaterTempDrop_85,atomic,[Montrose_WaterTempDrop_85],[0.9457],1,1,0.9457,[[MontroseBeach201508010100_Water_Temperature]]
2025-10-15 19:27:36.928,109.507,Montrose_WaterTempDrop_85,atomic,[Montrose_WaterTempDrop_85],[0.9398],1,1,0.9398,[[MontroseBeach201508010200_Water_Temperature]]
2025-10-15 19:27:36.985,109.564,Montrose_WaterTempDrop_85,atomic,[Montrose_WaterTempDrop_85],[0.9333],1,1,0.9333,[[MontroseBeach201508010300_Water_Temperature]]
2025-10-15 19:27:37.110,109.689,Calumet_WaterTempDrop_85,atomic,[Calumet_WaterTempDrop_85],[0.9502],1,1,0.9502,[[CalumetBeach201508010500_Water_Temperature]]
2025-10-15 19:27:37.234,109.813,Calumet_WaterTempDrop_85,atomic,[Calumet_WaterTempDrop_85],[0.9518],1,1,0.9518,[[CalumetBeach201508010700_Water_Temperature]]
2025-10-15 19:27:37.485,110.064,63rd_WaterTempDrop_85,atomic,[63rd_WaterTempDrop_85],[0.9663],1,1,0.9663,[[63rdStreetBeach201508011100_Water_Temperature]]
2025-10-15 19:27:37.549,110.128,Calumet_WaterTempDrop_85,atomic,[Calumet_WaterTempDrop_85],[0.9637],1,1,0.9637,[[CalumetBeach201508011200_Water_Temperature]]
2025-10-15 19:27:37.610,110.189,Calumet_WaterTempDrop_85,atomic,[Calumet_WaterTempDrop_85],[0.9595],1,1,0.9595,[[CalumetBeach201508011300_Water_Temperature]]
2025-10-15 19:27:37.733,110.312,63rd_WaterTempDrop_85,atomic,[63rd_WaterTempDrop_85],[0.9615],1,1,0.9615,[[63rdStreetBeach201508011500_Water_Temperature]]
2025-10-15 19:27:37.857,110.436,63rd_WaterTempDrop_85,atomic,[63rd_WaterTempDrop_85],[0.9568],1,1,0.9568,[[63rdStreetBeach201508011700_Water_Temperature]]
2025-10-15 19:27:46.226,118.805,Montrose_WaterTempDrop_85,atomic,[Montrose_WaterTempDrop_85],[1.0000],1,1,1.0000,[[MontroseBeach201508071200_Water_Temperature]]
2025-10-15 19:27:46.352,118.931,Montrose_WaterTempDrop_85,atomic,[Montrose_WaterTempDrop_85],[1.0000],1,1,1.0000,[[MontroseBeach201508071400_Water_Temperature]]
2025-10-15 19:27:46.477,119.056,Montrose_WaterTempDrop_85,atomic,[Montrose_WaterTempDrop_85],[1.0000],1,1,1.0000,[[MontroseBeach201508071600_Water_Temperature]]
2025-10-15 19:27:46.538,119.117,Montrose_WaterTempDrop_85,atomic,[Montrose_WaterTempDrop_85],[1.0000],1,1,1.0000,[[MontroseBeach201508071700_Water_Temperature]]
2025-10-15 19:27:46.602,119.181,Montrose_WaterTempDrop_85,atomic,[Montrose_WaterTempDrop_85],[1.0000],1,1,1.0000,[[MontroseBeach201508071800_Water_Temperature]]
2025-10-15 19:27:46.663,119.242,Montrose_WaterTempDrop_85,atomic,[Montrose_WaterTempDrop_85],[1.0000],1,1,1.0000,[[MontroseBeach201508071900_Water_Temperature]]
2025-10-15 19:27:46.724,119.303,Montrose_WaterTempDrop_85,atomic,[Montrose_WaterTempDrop_85],[1.0000],1,1,1.0000,[[MontroseBeach201508072000_Water_Temperature]]
2025-10-15 19:27:46.791,119.370,Montrose_WaterTempDrop_85,atomic,[Montrose_WaterTempDrop_85],[1.0000],1,1,1.0000,[[MontroseBeach201508072100_Water_Temperature]]
2025-10-15 19:27:46.848,119.427,Montrose_WaterTempDrop_85,atomic,[Montrose_WaterTempDrop_85],[0.9682],1,1,0.9682,[[MontroseBeach201508072200_Water_Temperature]]
2025-10-15 19:27:46.914,119.493,Montrose_WaterTempDrop_85,atomic,[Montrose_WaterTempDrop_85],[1.0000],1,1,1.0000,[[MontroseBeach201508072300_Water_Temperature]]
2025-10-15 19:27:46.973,119.552,Montrose_WaterTempDrop_85,atomic,[Montrose_WaterTempDrop_85],[0.9662],1,1,0.9662,[[MontroseBeach201508082400_Water_Temperature]]
2025-10-15 19:27:47.035,119.614,Montrose_WaterTempDrop_85,atomic,[Montrose_WaterTempDrop_85],[0.9621],1,1,0.9621,[[MontroseBeach201508080100_Water_Temperature]]
2025-10-15 19:27:47.099,119.678,Montrose_WaterTempDrop_85,atomic,[Montrose_WaterTempDrop_85],[0.9577],1,1,0.9577,[[MontroseBeach201508080200_Water_Temperature]]
2025-10-15 19:27:47.164,119.743,Montrose_WaterTempDrop_85,atomic,[Montrose_WaterTempDrop_85],[1.0000],1,1,1.0000,[[MontroseBeach201508080300_Water_Temperature]]
2025-10-15 19:27:47.226,119.805,Montrose_WaterTempDrop_85,atomic,[Montrose_WaterTempDrop_85],[0.9572],1,1,0.9572,[[MontroseBeach201508080400_Water_Temperature]]
2025-10-15 19:27:47.285,119.864,Montrose_WaterTempDrop_85,atomic,[Montrose_WaterTempDrop_85],[0.9523],1,1,0.9523,[[MontroseBeach201508080500_Water_Temperature]]
2025-10-15 19:27:47.349,119.928,Montrose_WaterTempDrop_85,atomic,[Montrose_WaterTempDrop_85],[1.0000],1,1,1.0000,[[MontroseBeach201508080600_Water_Temperature]]
2025-10-15 19:27:47.412,119.991,Montrose_WaterTempDrop_85,atomic,[Montrose_WaterTempDrop_85],[0.9531],1,1,0.9531,[[MontroseBeach201508080700_Water_Temperature]]
2025-10-15 19:27:47.480,120.059,63rd_WaterTempDrop_85,atomic,[63rd_WaterTempDrop_85],[1.0000],1,1,1.0000,[[63rdStreetBeach201508080800_Water_Temperature]]
2025-10-15 19:27:47.481,120.060,Montrose_WaterTempDrop_85,atomic,[Montrose_WaterTempDrop_85],[1.0000],1,1,1.0000,[[MontroseBeach201508080800_Water_Temperature]]
2025-10-15 19:27:47.535,120.114,Montrose_WaterTempDrop_85,atomic,[Montrose_WaterTempDrop_85],[1.0000],1,1,1.0000,[[MontroseBeach201508080900_Water_Temperature]]
2025-10-15 19:27:47.536,120.115,63rd_WaterTempDrop_85,atomic,[63rd_WaterTempDrop_85],[1.0000],1,1,1.0000,[[63rdStreetBeach201508080900_Water_Temperature]]
2025-10-15 19:27:47.594,120.173,Montrose_WaterTempDrop_85,atomic,[Montrose_WaterTempDrop_85],[0.9582],1,1,0.9582,[[MontroseBeach201508081000_Water_Temperature]]
2025-10-15 19:27:47.597,120.176,63rd_WaterTempDrop_85,atomic,[63rd_WaterTempDrop_85],[1.0000],1,1,1.0000,[[63rdStreetBeach201508081000_Water_Temperature]]
2025-10-15 19:27:47.658,120.237,Montrose_WaterTempDrop_85,atomic,[Montrose_WaterTempDrop_85],[0.9534],1,1,0.9534,[[MontroseBeach201508081100_Water_Temperature]]
2025-10-15 19:27:47.722,120.301,Montrose_WaterTempDrop_85,atomic,[Montrose_WaterTempDrop_85],[0.9482],1,1,0.9482,[[MontroseBeach201508081200_Water_Temperature]]
2025-10-15 19:27:47.784,120.363,Montrose_WaterTempDrop_85,atomic,[Montrose_WaterTempDrop_85],[1.0000],1,1,1.0000,[[MontroseBeach201508081300_Water_Temperature]]
2025-10-15 19:27:47.847,120.426,Montrose_WaterTempDrop_85,atomic,[Montrose_WaterTempDrop_85],[1.0000],1,1,1.0000,[[MontroseBeach201508081400_Water_Temperature]]
2025-10-15 19:27:47.909,120.488,Montrose_WaterTempDrop_85,atomic,[Montrose_WaterTempDrop_85],[1.0000],1,1,1.0000,[[MontroseBeach201508081500_Water_Temperature]]
2025-10-15 19:27:47.969,120.548,Montrose_WaterTempDrop_85,atomic,[Montrose_WaterTempDrop_85],[0.9596],1,1,0.9596,[[MontroseBeach201508081600_Water_Temperature]]
2025-10-15 19:27:48.049,120.628,Montrose_WaterTempDrop_85,atomic,[Montrose_WaterTempDrop_85],[1.0000],1,1,1.0000,[[MontroseBeach201508081700_Water_Temperature]]
2025-10-15 19:27:48.094,120.673,Montrose_WaterTempDrop_85,atomic,[Montrose_WaterTempDrop_85],[0.9591],1,1,0.9591,[[MontroseBeach201508081800_Water_Temperature]]
2025-10-15 19:27:48.095,120.674,63rd_WaterTempDrop_85,atomic,[63rd_WaterTempDrop_85],[0.9663],1,1,0.9663,[[63rdStreetBeach201508081800_Water_Temperature]]
2025-10-15 19:27:48.161,120.740,Montrose_WaterTempDrop_85,atomic,[Montrose_WaterTempDrop_85],[1.0000],1,1,1.0000,[[MontroseBeach201508081900_Water_Temperature]]
2025-10-15 19:27:48.221,120.800,Montrose_WaterTempDrop_85,atomic,[Montrose_WaterTempDrop_85],[1.0000],1,1,1.0000,[[MontroseBeach201508082000_Water_Temperature]]
2025-10-15 19:27:48.281,120.860,63rd_WaterTempDrop_85,atomic,[63rd_WaterTempDrop_85],[0.9643],1,1,0.9643,[[63rdStreetBeach201508082100_Water_Temperature]]
2025-10-15 19:27:48.282,120.861,Montrose_WaterTempDrop_85,atomic,[Montrose_WaterTempDrop_85],[1.0000],1,1,1.0000,[[MontroseBeach201508082100_Water_Temperature]]
2025-10-15 19:27:48.344,120.923,Montrose_WaterTempDrop_85,atomic,[Montrose_WaterTempDrop_85],[1.0000],1,1,1.0000,[[MontroseBeach201508082200_Water_Temperature]]
2025-10-15 19:27:48.406,120.985,Montrose_WaterTempDrop_85,atomic,[Montrose_WaterTempDrop_85],[0.9661],1,1,0.9661,[[MontroseBeach201508082300_Water_Temperature]]
2025-10-15 19:27:48.471,121.050,Montrose_WaterTempDrop_85,atomic,[Montrose_WaterTempDrop_85],[1.0000],1,1,1.0000,[[MontroseBeach201508092400_Water_Temperature]]
2025-10-15 19:27:48.533,121.112,Montrose_WaterTempDrop_85,atomic,[Montrose_WaterTempDrop_85],[0.9644],1,1,0.9644,[[MontroseBeach201508090200_Water_Temperature]]
2025-10-15 19:27:48.610,121.189,Montrose_WaterTempDrop_85,atomic,[Montrose_WaterTempDrop_85],[1.0000],1,1,1.0000,[[MontroseBeach201508090300_Water_Temperature]]
2025-10-15 19:27:48.659,121.238,Montrose_WaterTempDrop_85,atomic,[Montrose_WaterTempDrop_85],[1.0000],1,1,1.0000,[[MontroseBeach201508090400_Water_Temperature]]
2025-10-15 19:27:48.715,121.294,Montrose_WaterTempDrop_85,atomic,[Montrose_WaterTempDrop_85],[0.9649],1,1,0.9649,[[MontroseBeach201508090500_Water_Temperature]]
2025-10-15 19:27:48.782,121.361,Montrose_WaterTempDrop_85,atomic,[Montrose_WaterTempDrop_85],[0.9607],1,1,0.9607,[[MontroseBeach201508090600_Water_Temperature]]
2025-10-15 19:27:48.783,121.362,63rd_WaterTempDrop_85,atomic,[63rd_WaterTempDrop_85],[0.9686],1,1,0.9686,[[63rdStreetBeach201508090600_Water_Temperature]]
2025-10-15 19:27:48.857,121.436,Montrose_WaterTempDrop_85,atomic,[Montrose_WaterTempDrop_85],[1.0000],1,1,1.0000,[[MontroseBeach201508090700_Water_Temperature]]
2025-10-15 19:27:48.904,121.483,Montrose_WaterTempDrop_85,atomic,[Montrose_WaterTempDrop_85],[0.9597],1,1,0.9597,[[MontroseBeach201508090800_Water_Temperature]]
2025-10-15 19:27:48.905,121.484,63rd_WaterTempDrop_85,atomic,[63rd_WaterTempDrop_85],[0.9663],1,1,0.9663,[[63rdStreetBeach201508090800_Water_Temperature]]
2025-10-15 19:27:48.967,121.546,63rd_WaterTempDrop_85,atomic,[63rd_WaterTempDrop_85],[0.9621],1,1,0.9621,[[63rdStreetBeach201508090900_Water_Temperature]]
2025-10-15 19:27:48.969,121.548,Montrose_WaterTempDrop_85,atomic,[Montrose_WaterTempDrop_85],[1.0000],1,1,1.0000,[[MontroseBeach201508090900_Water_Temperature]]
2025-10-15 19:27:49.032,121.611,Montrose_WaterTempDrop_85,atomic,[Montrose_WaterTempDrop_85],[1.0000],1,1,1.0000,[[MontroseBeach201508091000_Water_Temperature]]
2025-10-15 19:27:49.095,121.674,Montrose_WaterTempDrop_85,atomic,[Montrose_WaterTempDrop_85],[1.0000],1,1,1.0000,[[MontroseBeach201508091100_Water_Temperature]]
2025-10-15 19:27:49.159,121.738,Montrose_WaterTempDrop_85,atomic,[Montrose_WaterTempDrop_85],[1.0000],1,1,1.0000,[[MontroseBeach201508091200_Water_Temperature]]
2025-10-15 19:27:49.221,121.800,Montrose_WaterTempDrop_85,atomic,[Montrose_WaterTempDrop_85],[1.0000],1,1,1.0000,[[MontroseBeach201508091300_Water_Temperature]]
2025-10-15 19:27:49.283,121.862,Montrose_WaterTempDrop_85,atomic,[Montrose_WaterTempDrop_85],[0.9673],1,1,0.9673,[[MontroseBeach201508091400_Water_Temperature]]
2025-10-15 19:27:49.346,121.925,Montrose_WaterTempDrop_85,atomic,[Montrose_WaterTempDrop_85],[1.0000],1,1,1.0000,[[MontroseBeach201508091500_Water_Temperature]]
2025-10-15 19:27:49.409,121.988,Montrose_WaterTempDrop_85,atomic,[Montrose_WaterTempDrop_85],[1.0000],1,1,1.0000,[[MontroseBeach201508091600_Water_Temperature]]
2025-10-15 19:27:49.473,122.052,Montrose_WaterTempDrop_85,atomic,[Montrose_WaterTempDrop_85],[1.0000],1,1,1.0000,[[MontroseBeach201508091700_Water_Temperature]]
2025-10-15 19:27:49.533,122.112,Montrose_WaterTempDrop_85,atomic,[Montrose_WaterTempDrop_85],[1.0000],1,1,1.0000,[[MontroseBeach201508091800_Water_Temperature]]
2025-10-15 19:27:49.591,122.170,Montrose_WaterTempDrop_85,atomic,[Montrose_WaterTempDrop_85],[0.9690],1,1,0.9690,[[MontroseBeach201508091900_Water_Temperature]]
2025-10-15 19:27:49.654,122.233,Montrose_WaterTempDrop_85,atomic,[Montrose_WaterTempDrop_85],[0.9651],1,1,0.9651,[[MontroseBeach201508092000_Water_Temperature]]
2025-10-15 19:27:49.717,122.296,Montrose_WaterTempDrop_85,atomic,[Montrose_WaterTempDrop_85],[1.0000],1,1,1.0000,[[MontroseBeach201508092100_Water_Temperature]]
2025-10-15 19:27:49.780,122.359,Montrose_WaterTempDrop_85,atomic,[Montrose_WaterTempDrop_85],[0.9632],1,1,0.9632,[[MontroseBeach201508092200_Water_Temperature]]
2025-10-15 19:27:49.844,122.423,Montrose_WaterTempDrop_85,atomic,[Montrose_WaterTempDrop_85],[0.9587],1,1,0.9587,[[MontroseBeach201508092300_Water_Temperature]]
2025-10-15 19:27:49.907,122.486,Montrose_WaterTempDrop_85,atomic,[Montrose_WaterTempDrop_85],[1.0000],1,1,1.0000,[[MontroseBeach201508102400_Water_Temperature]]
2025-10-15 19:27:49.968,122.547,Montrose_WaterTempDrop_85,atomic,[Montrose_WaterTempDrop_85],[0.9579],1,1,0.9579,[[MontroseBeach201508100100_Water_Temperature]]
2025-10-15 19:27:50.030,122.609,Montrose_WaterTempDrop_85,atomic,[Montrose_WaterTempDrop_85],[0.9530],1,1,0.9530,[[MontroseBeach201508100200_Water_Temperature]]
2025-10-15 19:27:50.092,122.671,Montrose_WaterTempDrop_85,atomic,[Montrose_WaterTempDrop_85],[0.9475],1,1,0.9475,[[MontroseBeach201508100300_Water_Temperature]]
2025-10-15 19:27:50.156,122.735,Montrose_WaterTempDrop_85,atomic,[Montrose_WaterTempDrop_85],[1.0000],1,1,1.0000,[[MontroseBeach201508100400_Water_Temperature]]
2025-10-15 19:27:50.215,122.794,Montrose_WaterTempDrop_85,atomic,[Montrose_WaterTempDrop_85],[0.9495],1,1,0.9495,[[MontroseBeach201508100500_Water_Temperature]]
2025-10-15 19:27:50.281,122.860,Montrose_WaterTempDrop_85,atomic,[Montrose_WaterTempDrop_85],[0.9438],1,1,0.9438,[[MontroseBeach201508100600_Water_Temperature]]
2025-10-15 19:27:50.346,122.925,Montrose_WaterTempDrop_85,atomic,[Montrose_WaterTempDrop_85],[1.0000],1,1,1.0000,[[MontroseBeach201508100700_Water_Temperature]]
2025-10-15 19:27:50.407,122.986,Montrose_WaterTempDrop_85,atomic,[Montrose_WaterTempDrop_85],[0.9471],1,1,0.9471,[[MontroseBeach201508100800_Water_Temperature]]
2025-10-15 19:27:50.471,123.050,Montrose_WaterTempDrop_85,atomic,[Montrose_WaterTempDrop_85],[1.0000],1,1,1.0000,[[MontroseBeach201508100900_Water_Temperature]]
2025-10-15 19:27:50.533,123.112,Montrose_WaterTempDrop_85,atomic,[Montrose_WaterTempDrop_85],[0.9496],1,1,0.9496,[[MontroseBeach201508101000_Water_Temperature]]
2025-10-15 19:27:50.594,123.173,Montrose_WaterTempDrop_85,atomic,[Montrose_WaterTempDrop_85],[1.0000],1,1,1.0000,[[MontroseBeach201508101100_Water_Temperature]]
2025-10-15 19:27:50.658,123.237,Montrose_WaterTempDrop_85,atomic,[Montrose_WaterTempDrop_85],[1.0000],1,1,1.0000,[[MontroseBeach201508101200_Water_Temperature]]
2025-10-15 19:27:50.718,123.297,Montrose_WaterTempDrop_85,atomic,[Montrose_WaterTempDrop_85],[1.0000],1,1,1.0000,[[MontroseBeach201508101300_Water_Temperature]]
2025-10-15 19:27:50.779,123.358,Montrose_WaterTempDrop_85,atomic,[Montrose_WaterTempDrop_85],[1.0000],1,1,1.0000,[[MontroseBeach201508101400_Water_Temperature]]
2025-10-15 19:27:50.903,123.482,Montrose_WaterTempDrop_85,atomic,[Montrose_WaterTempDrop_85],[1.0000],1,1,1.0000,[[MontroseBeach201508101600_Water_Temperature]]
2025-10-15 19:27:50.966,123.545,Montrose_WaterTempDrop_85,atomic,[Montrose_WaterTempDrop_85],[1.0000],1,1,1.0000,[[MontroseBeach201508101700_Water_Temperature]]
2025-10-15 19:27:51.399,123.978,Montrose_WaterTempDrop_85,atomic,[Montrose_WaterTempDrop_85],[1.0000],1,1,1.0000,[[MontroseBeach201508112400_Water_Temperature]]
2025-10-15 19:27:51.459,124.038,Montrose_WaterTempDrop_85,atomic,[Montrose_WaterTempDrop_85],[1.0000],1,1,1.0000,[[MontroseBeach201508110100_Water_Temperature]]
2025-10-15 19:27:51.538,124.117,Montrose_WaterTempDrop_85,atomic,[Montrose_WaterTempDrop_85],[1.0000],1,1,1.0000,[[MontroseBeach201508110200_Water_Temperature]]
2025-10-15 19:27:51.771,124.350,Montrose_WaterTempDrop_85,atomic,[Montrose_WaterTempDrop_85],[1.0000],1,1,1.0000,[[MontroseBeach201508110600_Water_Temperature]]
2025-10-15 19:27:51.833,124.412,Montrose_WaterTempDrop_85,atomic,[Montrose_WaterTempDrop_85],[1.0000],1,1,1.0000,[[MontroseBeach201508110700_Water_Temperature]]
2025-10-15 19:27:52.332,124.911,Montrose_HighWave_85,atomic,[Montrose_HighWave_85],[1.0000],1,1,1.0000,[[MontroseBeach201508111500_Wave_Height]]
2025-10-15 19:27:52.395,124.974,Montrose_HighWave_85,atomic,[Montrose_HighWave_85],[0.8589],1,1,0.8589,[[MontroseBeach201508111600_Wave_Height]]
2025-10-15 19:27:52.458,125.037,Montrose_HighWave_85,atomic,[Montrose_HighWave_85],[1.0000],1,1,1.0000,[[MontroseBeach201508111700_Wave_Height]]
2025-10-15 19:27:52.520,125.099,Montrose_HighWave_85,atomic,[Montrose_HighWave_85],[0.8563],1,1,0.8563,[[MontroseBeach201508111800_Wave_Height]]
2025-10-15 19:27:52.584,125.163,Montrose_HighWave_85,atomic,[Montrose_HighWave_85],[1.0000],1,1,1.0000,[[MontroseBeach201508111900_Wave_Height]]
2025-10-15 19:27:52.647,125.226,Montrose_HighWave_85,atomic,[Montrose_HighWave_85],[1.0000],1,1,1.0000,[[MontroseBeach201508112000_Wave_Height]]
2025-10-15 19:27:52.707,125.286,Montrose_HighWave_85,atomic,[Montrose_HighWave_85],[0.8700],1,1,0.8700,[[MontroseBeach201508112100_Wave_Height]]
2025-10-15 19:27:52.835,125.414,Montrose_HighWave_85,atomic,[Montrose_HighWave_85],[1.0000],1,1,1.0000,[[MontroseBeach201508112300_Wave_Height]]
2025-10-15 19:27:53.777,126.356,Montrose_HighWave_85,atomic,[Montrose_HighWave_85],[1.0000],1,1,1.0000,[[MontroseBeach201508121400_Wave_Height]]
2025-10-15 19:27:56.141,128.720,Montrose_WaterTempDrop_85,atomic,[Montrose_WaterTempDrop_85],[1.0000],1,1,1.0000,[[MontroseBeach201508140400_Water_Temperature]]
2025-10-15 19:27:56.265,128.844,Montrose_WaterTempDrop_85,atomic,[Montrose_WaterTempDrop_85],[1.0000],1,1,1.0000,[[MontroseBeach201508140600_Water_Temperature]]
2025-10-15 19:27:56.330,128.909,Montrose_WaterTempDrop_85,atomic,[Montrose_WaterTempDrop_85],[1.0000],1,1,1.0000,[[MontroseBeach201508140700_Water_Temperature]]
2025-10-15 19:27:56.390,128.969,Montrose_WaterTempDrop_85,atomic,[Montrose_WaterTempDrop_85],[1.0000],1,1,1.0000,[[MontroseBeach201508140800_Water_Temperature]]
2025-10-15 19:27:56.451,129.030,Montrose_WaterTempDrop_85,atomic,[Montrose_WaterTempDrop_85],[1.0000],1,1,1.0000,[[MontroseBeach201508140900_Water_Temperature]]
2025-10-15 19:27:56.512,129.091,Montrose_WaterTempDrop_85,atomic,[Montrose_WaterTempDrop_85],[1.0000],1,1,1.0000,[[MontroseBeach201508141000_Water_Temperature]]
2025-10-15 19:27:56.570,129.149,Montrose_WaterTempDrop_85,atomic,[Montrose_WaterTempDrop_85],[0.9640],1,1,0.9640,[[MontroseBeach201508141100_Water_Temperature]]
2025-10-15 19:27:56.635,129.214,Montrose_WaterTempDrop_85,atomic,[Montrose_WaterTempDrop_85],[0.9601],1,1,0.9601,[[MontroseBeach201508141200_Water_Temperature]]
2025-10-15 19:27:56.698,129.277,Montrose_WaterTempDrop_85,atomic,[Montrose_WaterTempDrop_85],[0.9557],1,1,0.9557,[[MontroseBeach201508141300_Water_Temperature]]
2025-10-15 19:27:56.763,129.342,Montrose_WaterTempDrop_85,atomic,[Montrose_WaterTempDrop_85],[0.9509],1,1,0.9509,[[MontroseBeach201508141400_Water_Temperature]]
2025-10-15 19:27:56.824,129.403,Montrose_WaterTempDrop_85,atomic,[Montrose_WaterTempDrop_85],[0.9455],1,1,0.9455,[[MontroseBeach201508141500_Water_Temperature]]
2025-10-15 19:27:56.884,129.463,Montrose_WaterTempDrop_85,atomic,[Montrose_WaterTempDrop_85],[0.9397],1,1,0.9397,[[MontroseBeach201508141600_Water_Temperature]]
2025-10-15 19:27:57.071,129.650,Montrose_WaterTempDrop_85,atomic,[Montrose_WaterTempDrop_85],[0.9520],1,1,0.9520,[[MontroseBeach201508141900_Water_Temperature]]
2025-10-15 19:27:57.195,129.774,Montrose_WaterTempDrop_85,atomic,[Montrose_WaterTempDrop_85],[0.9534],1,1,0.9534,[[MontroseBeach201508142100_Water_Temperature]]
2025-10-15 19:27:57.319,129.898,Montrose_WaterTempDrop_85,atomic,[Montrose_WaterTempDrop_85],[0.9545],1,1,0.9545,[[MontroseBeach201508142300_Water_Temperature]]
2025-10-15 19:27:57.382,129.961,Montrose_WaterTempDrop_85,atomic,[Montrose_WaterTempDrop_85],[0.9495],1,1,0.9495,[[MontroseBeach201508152400_Water_Temperature]]
2025-10-15 19:27:57.507,130.086,Montrose_WaterTempDrop_85,atomic,[Montrose_WaterTempDrop_85],[0.9515],1,1,0.9515,[[MontroseBeach201508150200_Water_Temperature]]
2025-10-15 19:27:57.631,130.210,Montrose_WaterTempDrop_85,atomic,[Montrose_WaterTempDrop_85],[0.9530],1,1,0.9530,[[MontroseBeach201508150400_Water_Temperature]]
2025-10-15 19:28:00.126,132.705,Montrose_WaterTempDrop_85,atomic,[Montrose_WaterTempDrop_85],[1.0000],1,1,1.0000,[[MontroseBeach201508162200_Water_Temperature]]
2025-10-15 19:28:00.191,132.770,Montrose_WaterTempDrop_85,atomic,[Montrose_WaterTempDrop_85],[1.0000],1,1,1.0000,[[MontroseBeach201508162300_Water_Temperature]]
2025-10-15 19:28:00.256,132.835,63rd_WaterTempDrop_85,atomic,[63rd_WaterTempDrop_85],[1.0000],1,1,1.0000,[[63rdStreetBeach201508172400_Water_Temperature]]
2025-10-15 19:28:00.313,132.892,63rd_WaterTempDrop_85,atomic,[63rd_WaterTempDrop_85],[1.0000],1,1,1.0000,[[63rdStreetBeach201508170100_Water_Temperature]]
2025-10-15 19:28:00.377,132.956,Montrose_WaterTempDrop_85,atomic,[Montrose_WaterTempDrop_85],[1.0000],1,1,1.0000,[[MontroseBeach201508170200_Water_Temperature]]
2025-10-15 19:28:00.377,132.956,63rd_WaterTempDrop_85,atomic,[63rd_WaterTempDrop_85],[1.0000],1,1,1.0000,[[63rdStreetBeach201508170200_Water_Temperature]]
2025-10-15 19:28:00.440,133.019,Montrose_WaterTempDrop_85,atomic,[Montrose_WaterTempDrop_85],[1.0000],1,1,1.0000,[[MontroseBeach201508170300_Water_Temperature]]
2025-10-15 19:28:00.507,133.086,Montrose_WaterTempDrop_85,atomic,[Montrose_WaterTempDrop_85],[1.0000],1,1,1.0000,[[MontroseBeach201508170400_Water_Temperature]]
2025-10-15 19:28:00.566,133.145,Montrose_WaterTempDrop_85,atomic,[Montrose_WaterTempDrop_85],[1.0000],1,1,1.0000,[[MontroseBeach201508170500_Water_Temperature]]
2025-10-15 19:28:00.629,133.208,Montrose_WaterTempDrop_85,atomic,[Montrose_WaterTempDrop_85],[1.0000],1,1,1.0000,[[MontroseBeach201508170600_Water_Temperature]]
2025-10-15 19:28:00.690,133.269,63rd_WaterTempDrop_85,atomic,[63rd_WaterTempDrop_85],[1.0000],1,1,1.0000,[[63rdStreetBeach201508170700_Water_Temperature]]
2025-10-15 19:28:00.692,133.271,Montrose_WaterTempDrop_85,atomic,[Montrose_WaterTempDrop_85],[1.0000],1,1,1.0000,[[MontroseBeach201508170700_Water_Temperature]]
2025-10-15 19:28:00.755,133.334,Montrose_WaterTempDrop_85,atomic,[Montrose_WaterTempDrop_85],[1.0000],1,1,1.0000,[[MontroseBeach201508170800_Water_Temperature]]
2025-10-15 19:28:00.816,133.395,Montrose_WaterTempDrop_85,atomic,[Montrose_WaterTempDrop_85],[1.0000],1,1,1.0000,[[MontroseBeach201508170900_Water_Temperature]]
2025-10-15 19:28:00.877,133.456,Montrose_WaterTempDrop_85,atomic,[Montrose_WaterTempDrop_85],[0.9700],1,1,0.9700,[[MontroseBeach201508171000_Water_Temperature]]
2025-10-15 19:28:00.939,133.518,Montrose_WaterTempDrop_85,atomic,[Montrose_WaterTempDrop_85],[1.0000],1,1,1.0000,[[MontroseBeach201508171100_Water_Temperature]]
2025-10-15 19:28:01.000,133.579,Montrose_WaterTempDrop_85,atomic,[Montrose_WaterTempDrop_85],[1.0000],1,1,1.0000,[[MontroseBeach201508171200_Water_Temperature]]
2025-10-15 19:28:01.060,133.639,Montrose_WaterTempDrop_85,atomic,[Montrose_WaterTempDrop_85],[0.9685],1,1,0.9685,[[MontroseBeach201508171300_Water_Temperature]]
2025-10-15 19:28:01.126,133.705,Montrose_WaterTempDrop_85,atomic,[Montrose_WaterTempDrop_85],[1.0000],1,1,1.0000,[[MontroseBeach201508171400_Water_Temperature]]
2025-10-15 19:28:01.185,133.764,Montrose_WaterTempDrop_85,atomic,[Montrose_WaterTempDrop_85],[1.0000],1,1,1.0000,[[MontroseBeach201508171500_Water_Temperature]]
2025-10-15 19:28:01.247,133.826,Montrose_WaterTempDrop_85,atomic,[Montrose_WaterTempDrop_85],[1.0000],1,1,1.0000,[[MontroseBeach201508171600_Water_Temperature]]
2025-10-15 19:28:01.311,133.890,Montrose_WaterTempDrop_85,atomic,[Montrose_WaterTempDrop_85],[1.0000],1,1,1.0000,[[MontroseBeach201508171700_Water_Temperature]]
2025-10-15 19:28:01.373,133.952,Montrose_WaterTempDrop_85,atomic,[Montrose_WaterTempDrop_85],[1.0000],1,1,1.0000,[[MontroseBeach201508171800_Water_Temperature]]
2025-10-15 19:28:01.436,134.015,Montrose_WaterTempDrop_85,atomic,[Montrose_WaterTempDrop_85],[0.9699],1,1,0.9699,[[MontroseBeach201508171900_Water_Temperature]]
2025-10-15 19:28:01.494,134.073,Montrose_WaterTempDrop_85,atomic,[Montrose_WaterTempDrop_85],[0.9660],1,1,0.9660,[[MontroseBeach201508172000_Water_Temperature]]
2025-10-15 19:28:01.560,134.139,Montrose_WaterTempDrop_85,atomic,[Montrose_WaterTempDrop_85],[1.0000],1,1,1.0000,[[MontroseBeach201508172100_Water_Temperature]]
2025-10-15 19:28:01.620,134.199,Montrose_WaterTempDrop_85,atomic,[Montrose_WaterTempDrop_85],[0.9638],1,1,0.9638,[[MontroseBeach201508172200_Water_Temperature]]
2025-10-15 19:28:01.625,134.204,63rd_WaterTempDrop_85,atomic,[63rd_WaterTempDrop_85],[1.0000],1,1,1.0000,[[63rdStreetBeach201508172200_Water_Temperature]]
2025-10-15 19:28:01.681,134.260,63rd_WaterTempDrop_85,atomic,[63rd_WaterTempDrop_85],[0.9419],1,1,0.9419,[[63rdStreetBeach201508172300_Water_Temperature]]
2025-10-15 19:28:01.681,134.260,Montrose_WaterTempDrop_85,atomic,[Montrose_WaterTempDrop_85],[0.9593],1,1,0.9593,[[MontroseBeach201508172300_Water_Temperature]]
2025-10-15 19:28:01.745,134.324,63rd_WaterTempDrop_85,atomic,[63rd_WaterTempDrop_85],[0.9358],1,1,0.9358,[[63rdStreetBeach201508182400_Water_Temperature]]
2025-10-15 19:28:01.748,134.327,Montrose_WaterTempDrop_85,atomic,[Montrose_WaterTempDrop_85],[1.0000],1,1,1.0000,[[MontroseBeach201508182400_Water_Temperature]]
2025-10-15 19:28:01.807,134.386,63rd_WaterTempDrop_85,atomic,[63rd_WaterTempDrop_85],[0.9292],1,1,0.9292,[[63rdStreetBeach201508180100_Water_Temperature]]
2025-10-15 19:28:01.807,134.386,Montrose_WaterTempDrop_85,atomic,[Montrose_WaterTempDrop_85],[1.0000],1,1,1.0000,[[MontroseBeach201508180100_Water_Temperature]]
2025-10-15 19:28:01.871,134.450,Montrose_WaterTempDrop_85,atomic,[Montrose_WaterTempDrop_85],[1.0000],1,1,1.0000,[[MontroseBeach201508180200_Water_Temperature]]
2025-10-15 19:28:01.930,134.509,Montrose_WaterTempDrop_85,atomic,[Montrose_WaterTempDrop_85],[0.9635],1,1,0.9635,[[MontroseBeach201508180300_Water_Temperature]]
2025-10-15 19:28:01.934,134.513,63rd_WaterTempDrop_85,atomic,[63rd_WaterTempDrop_85],[1.0000],1,1,1.0000,[[63rdStreetBeach201508180300_Water_Temperature]]
2025-10-15 19:28:01.996,134.575,63rd_WaterTempDrop_85,atomic,[63rd_WaterTempDrop_85],[1.0000],1,1,1.0000,[[63rdStreetBeach201508180400_Water_Temperature]]
2025-10-15 19:28:01.996,134.575,Montrose_WaterTempDrop_85,atomic,[Montrose_WaterTempDrop_85],[1.0000],1,1,1.0000,[[MontroseBeach201508180400_Water_Temperature]]
2025-10-15 19:28:02.057,134.636,63rd_WaterTempDrop_85,atomic,[63rd_WaterTempDrop_85],[0.9479],1,1,0.9479,[[63rdStreetBeach201508180500_Water_Temperature]]
2025-10-15 19:28:02.059,134.638,Montrose_WaterTempDrop_85,atomic,[Montrose_WaterTempDrop_85],[1.0000],1,1,1.0000,[[MontroseBeach201508180500_Water_Temperature]]
2025-10-15 19:28:02.117,134.696,Montrose_WaterTempDrop_85,atomic,[Montrose_WaterTempDrop_85],[0.9641],1,1,0.9641,[[MontroseBeach201508180600_Water_Temperature]]
2025-10-15 19:28:02.121,134.700,63rd_WaterTempDrop_85,atomic,[63rd_WaterTempDrop_85],[1.0000],1,1,1.0000,[[63rdStreetBeach201508180600_Water_Temperature]]
2025-10-15 19:28:02.180,134.759,63rd_WaterTempDrop_85,atomic,[63rd_WaterTempDrop_85],[0.9507],1,1,0.9507,[[63rdStreetBeach201508180700_Water_Temperature]]
2025-10-15 19:28:02.183,134.762,Calumet_WaterTempDrop_85,atomic,[Calumet_WaterTempDrop_85],[1.0000],1,1,1.0000,[[CalumetBeach201508180700_Water_Temperature]]
2025-10-15 19:28:02.184,134.763,Montrose_WaterTempDrop_85,atomic,[Montrose_WaterTempDrop_85],[1.0000],1,1,1.0000,[[MontroseBeach201508180700_Water_Temperature]]
2025-10-15 19:28:02.242,134.821,Calumet_WaterTempDrop_85,atomic,[Calumet_WaterTempDrop_85],[0.9445],1,1,0.9445,[[CalumetBeach201508180800_Water_Temperature]]
2025-10-15 19:28:02.243,134.822,Montrose_WaterTempDrop_85,atomic,[Montrose_WaterTempDrop_85],[0.9624],1,1,0.9624,[[MontroseBeach201508180800_Water_Temperature]]
2025-10-15 19:28:02.307,134.886,63rd_WaterTempDrop_85,atomic,[63rd_WaterTempDrop_85],[1.0000],1,1,1.0000,[[63rdStreetBeach201508180900_Water_Temperature]]
2025-10-15 19:28:02.308,134.887,Calumet_WaterTempDrop_85,atomic,[Calumet_WaterTempDrop_85],[1.0000],1,1,1.0000,[[CalumetBeach201508180900_Water_Temperature]]
2025-10-15 19:28:02.310,134.889,Montrose_WaterTempDrop_85,atomic,[Montrose_WaterTempDrop_85],[1.0000],1,1,1.0000,[[MontroseBeach201508180900_Water_Temperature]]
2025-10-15 19:28:02.366,134.945,Calumet_WaterTempDrop_85,atomic,[Calumet_WaterTempDrop_85],[0.9479],1,1,0.9479,[[CalumetBeach201508181000_Water_Temperature]]
2025-10-15 19:28:02.369,134.948,Montrose_WaterTempDrop_85,atomic,[Montrose_WaterTempDrop_85],[1.0000],1,1,1.0000,[[MontroseBeach201508181000_Water_Temperature]]
2025-10-15 19:28:02.427,135.006,63rd_WaterTempDrop_85,atomic,[63rd_WaterTempDrop_85],[0.9527],1,1,0.9527,[[63rdStreetBeach201508181100_Water_Temperature]]
2025-10-15 19:28:02.428,135.007,Calumet_WaterTempDrop_85,atomic,[Calumet_WaterTempDrop_85],[0.9423],1,1,0.9423,[[CalumetBeach201508181100_Water_Temperature]]
2025-10-15 19:28:02.429,135.008,Montrose_WaterTempDrop_85,atomic,[Montrose_WaterTempDrop_85],[1.0000],1,1,1.0000,[[MontroseBeach201508181100_Water_Temperature]]
2025-10-15 19:28:02.490,135.069,Calumet_WaterTempDrop_85,atomic,[Calumet_WaterTempDrop_85],[0.9361],1,1,0.9361,[[CalumetBeach201508181200_Water_Temperature]]
2025-10-15 19:28:02.491,135.070,Montrose_WaterTempDrop_85,atomic,[Montrose_WaterTempDrop_85],[0.9654],1,1,0.9654,[[MontroseBeach201508181200_Water_Temperature]]
2025-10-15 19:28:02.556,135.135,63rd_WaterTempDrop_85,atomic,[63rd_WaterTempDrop_85],[1.0000],1,1,1.0000,[[63rdStreetBeach201508181300_Water_Temperature]]
2025-10-15 19:28:02.557,135.136,Montrose_WaterTempDrop_85,atomic,[Montrose_WaterTempDrop_85],[1.0000],1,1,1.0000,[[MontroseBeach201508181300_Water_Temperature]]
2025-10-15 19:28:02.617,135.196,Calumet_WaterTempDrop_85,atomic,[Calumet_WaterTempDrop_85],[0.9424],1,1,0.9424,[[CalumetBeach201508181400_Water_Temperature]]
2025-10-15 19:28:02.617,135.196,Montrose_WaterTempDrop_85,atomic,[Montrose_WaterTempDrop_85],[1.0000],1,1,1.0000,[[MontroseBeach201508181400_Water_Temperature]]
2025-10-15 19:28:02.620,135.199,63rd_WaterTempDrop_85,atomic,[63rd_WaterTempDrop_85],[0.9542],1,1,0.9542,[[63rdStreetBeach201508181400_Water_Temperature]]
2025-10-15 19:28:02.681,135.260,Montrose_WaterTempDrop_85,atomic,[Montrose_WaterTempDrop_85],[1.0000],1,1,1.0000,[[MontroseBeach201508181500_Water_Temperature]]
2025-10-15 19:28:02.682,135.261,63rd_WaterTempDrop_85,atomic,[63rd_WaterTempDrop_85],[1.0000],1,1,1.0000,[[63rdStreetBeach201508181500_Water_Temperature]]
2025-10-15 19:28:02.744,135.323,Calumet_WaterTempDrop_85,atomic,[Calumet_WaterTempDrop_85],[0.9466],1,1,0.9466,[[CalumetBeach201508181600_Water_Temperature]]
2025-10-15 19:28:02.744,135.323,63rd_WaterTempDrop_85,atomic,[63rd_WaterTempDrop_85],[1.0000],1,1,1.0000,[[63rdStreetBeach201508181600_Water_Temperature]]
2025-10-15 19:28:02.747,135.326,Montrose_WaterTempDrop_85,atomic,[Montrose_WaterTempDrop_85],[1.0000],1,1,1.0000,[[MontroseBeach201508181600_Water_Temperature]]
2025-10-15 19:28:02.806,135.385,63rd_WaterTempDrop_85,atomic,[63rd_WaterTempDrop_85],[0.9595],1,1,0.9595,[[63rdStreetBeach201508181700_Water_Temperature]]
2025-10-15 19:28:02.806,135.385,Calumet_WaterTempDrop_85,atomic,[Calumet_WaterTempDrop_85],[1.0000],1,1,1.0000,[[CalumetBeach201508181700_Water_Temperature]]
2025-10-15 19:28:02.810,135.389,Montrose_WaterTempDrop_85,atomic,[Montrose_WaterTempDrop_85],[1.0000],1,1,1.0000,[[MontroseBeach201508181700_Water_Temperature]]
2025-10-15 19:28:02.870,135.449,63rd_WaterTempDrop_85,atomic,[63rd_WaterTempDrop_85],[1.0000],1,1,1.0000,[[63rdStreetBeach201508181800_Water_Temperature]]
2025-10-15 19:28:02.871,135.450,Montrose_WaterTempDrop_85,atomic,[Montrose_WaterTempDrop_85],[1.0000],1,1,1.0000,[[MontroseBeach201508181800_Water_Temperature]]
2025-10-15 19:28:02.873,135.452,Calumet_WaterTempDrop_85,atomic,[Calumet_WaterTempDrop_85],[1.0000],1,1,1.0000,[[CalumetBeach201508181800_Water_Temperature]]
2025-10-15 19:28:02.929,135.508,Calumet_WaterTempDrop_85,atomic,[Calumet_WaterTempDrop_85],[0.9555],1,1,0.9555,[[CalumetBeach201508181900_Water_Temperature]]
2025-10-15 19:28:02.929,135.508,63rd_WaterTempDrop_85,atomic,[63rd_WaterTempDrop_85],[0.9593],1,1,0.9593,[[63rdStreetBeach201508181900_Water_Temperature]]
2025-10-15 19:28:02.931,135.510,Montrose_WaterTempDrop_85,atomic,[Montrose_WaterTempDrop_85],[0.9700],1,1,0.9700,[[MontroseBeach201508181900_Water_Temperature]]
2025-10-15 19:28:02.994,135.573,Montrose_WaterTempDrop_85,atomic,[Montrose_WaterTempDrop_85],[0.9664],1,1,0.9664,[[MontroseBeach201508182000_Water_Temperature]]
2025-10-15 19:28:02.994,135.573,Calumet_WaterTempDrop_85,atomic,[Calumet_WaterTempDrop_85],[1.0000],1,1,1.0000,[[CalumetBeach201508182000_Water_Temperature]]
2025-10-15 19:28:02.998,135.577,63rd_WaterTempDrop_85,atomic,[63rd_WaterTempDrop_85],[1.0000],1,1,1.0000,[[63rdStreetBeach201508182000_Water_Temperature]]
2025-10-15 19:28:03.057,135.636,63rd_WaterTempDrop_85,atomic,[63rd_WaterTempDrop_85],[1.0000],1,1,1.0000,[[63rdStreetBeach201508182100_Water_Temperature]]
2025-10-15 19:28:03.058,135.637,Calumet_WaterTempDrop_85,atomic,[Calumet_WaterTempDrop_85],[1.0000],1,1,1.0000,[[CalumetBeach201508182100_Water_Temperature]]
2025-10-15 19:28:03.059,135.638,Montrose_WaterTempDrop_85,atomic,[Montrose_WaterTempDrop_85],[1.0000],1,1,1.0000,[[MontroseBeach201508182100_Water_Temperature]]
2025-10-15 19:28:03.118,135.697,Montrose_WaterTempDrop_85,atomic,[Montrose_WaterTempDrop_85],[0.9643],1,1,0.9643,[[MontroseBeach201508182200_Water_Temperature]]
2025-10-15 19:28:03.118,135.697,Calumet_WaterTempDrop_85,atomic,[Calumet_WaterTempDrop_85],[1.0000],1,1,1.0000,[[CalumetBeach201508182200_Water_Temperature]]
2025-10-15 19:28:03.180,135.759,Calumet_WaterTempDrop_85,atomic,[Calumet_WaterTempDrop_85],[1.0000],1,1,1.0000,[[CalumetBeach201508182300_Water_Temperature]]
2025-10-15 19:28:03.182,135.761,Montrose_WaterTempDrop_85,atomic,[Montrose_WaterTempDrop_85],[1.0000],1,1,1.0000,[[MontroseBeach201508182300_Water_Temperature]]
2025-10-15 19:28:03.183,135.762,63rd_WaterTempDrop_85,atomic,[63rd_WaterTempDrop_85],[1.0000],1,1,1.0000,[[63rdStreetBeach201508182300_Water_Temperature]]
2025-10-15 19:28:03.244,135.823,Calumet_WaterTempDrop_85,atomic,[Calumet_WaterTempDrop_85],[1.0000],1,1,1.0000,[[CalumetBeach201508192400_Water_Temperature]]
2025-10-15 19:28:03.246,135.825,63rd_WaterTempDrop_85,atomic,[63rd_WaterTempDrop_85],[1.0000],1,1,1.0000,[[63rdStreetBeach201508192400_Water_Temperature]]
2025-10-15 19:28:03.247,135.826,Montrose_WaterTempDrop_85,atomic,[Montrose_WaterTempDrop_85],[1.0000],1,1,1.0000,[[MontroseBeach201508192400_Water_Temperature]]
2025-10-15 19:28:03.304,135.883,Montrose_WaterTempDrop_85,atomic,[Montrose_WaterTempDrop_85],[0.9647],1,1,0.9647,[[MontroseBeach201508190100_Water_Temperature]]
2025-10-15 19:28:03.306,135.885,63rd_WaterTempDrop_85,atomic,[63rd_WaterTempDrop_85],[1.0000],1,1,1.0000,[[63rdStreetBeach201508190100_Water_Temperature]]
2025-10-15 19:28:03.307,135.886,Calumet_WaterTempDrop_85,atomic,[Calumet_WaterTempDrop_85],[0.9670],1,1,0.9670,[[CalumetBeach201508190100_Water_Temperature]]
2025-10-15 19:28:03.366,135.945,Calumet_WaterTempDrop_85,atomic,[Calumet_WaterTempDrop_85],[0.9632],1,1,0.9632,[[CalumetBeach201508190200_Water_Temperature]]
2025-10-15 19:28:03.367,135.946,63rd_WaterTempDrop_85,atomic,[63rd_WaterTempDrop_85],[0.9678],1,1,0.9678,[[63rdStreetBeach201508190200_Water_Temperature]]
2025-10-15 19:28:03.369,135.948,Montrose_WaterTempDrop_85,atomic,[Montrose_WaterTempDrop_85],[1.0000],1,1,1.0000,[[MontroseBeach201508190200_Water_Temperature]]
2025-10-15 19:28:03.446,136.025,Montrose_WaterTempDrop_85,atomic,[Montrose_WaterTempDrop_85],[1.0000],1,1,1.0000,[[MontroseBeach201508190300_Water_Temperature]]
2025-10-15 19:28:03.448,136.027,63rd_WaterTempDrop_85,atomic,[63rd_WaterTempDrop_85],[1.0000],1,1,1.0000,[[63rdStreetBeach201508190300_Water_Temperature]]
2025-10-15 19:28:03.449,136.028,Calumet_WaterTempDrop_85,atomic,[Calumet_WaterTempDrop_85],[1.0000],1,1,1.0000,[[CalumetBeach201508190300_Water_Temperature]]
2025-10-15 19:28:03.489,136.068,Calumet_WaterTempDrop_85,atomic,[Calumet_WaterTempDrop_85],[0.9619],1,1,0.9619,[[CalumetBeach201508190400_Water_Temperature]]
2025-10-15 19:28:03.490,136.069,63rd_WaterTempDrop_85,atomic,[63rd_WaterTempDrop_85],[1.0000],1,1,1.0000,[[63rdStreetBeach201508190400_Water_Temperature]]
2025-10-15 19:28:03.492,136.071,Montrose_WaterTempDrop_85,atomic,[Montrose_WaterTempDrop_85],[1.0000],1,1,1.0000,[[MontroseBeach201508190400_Water_Temperature]]
2025-10-15 19:28:03.550,136.129,63rd_WaterTempDrop_85,atomic,[63rd_WaterTempDrop_85],[1.0000],1,1,1.0000,[[63rdStreetBeach201508190500_Water_Temperature]]
2025-10-15 19:28:03.553,136.132,Montrose_WaterTempDrop_85,atomic,[Montrose_WaterTempDrop_85],[1.0000],1,1,1.0000,[[MontroseBeach201508190500_Water_Temperature]]
2025-10-15 19:28:03.554,136.133,Calumet_WaterTempDrop_85,atomic,[Calumet_WaterTempDrop_85],[1.0000],1,1,1.0000,[[CalumetBeach201508190500_Water_Temperature]]
2025-10-15 19:28:03.615,136.194,63rd_WaterTempDrop_85,atomic,[63rd_WaterTempDrop_85],[0.9683],1,1,0.9683,[[63rdStreetBeach201508190600_Water_Temperature]]
2025-10-15 19:28:03.615,136.194,Montrose_WaterTempDrop_85,atomic,[Montrose_WaterTempDrop_85],[1.0000],1,1,1.0000,[[MontroseBeach201508190600_Water_Temperature]]
2025-10-15 19:28:03.617,136.196,Calumet_WaterTempDrop_85,atomic,[Calumet_WaterTempDrop_85],[0.9608],1,1,0.9608,[[CalumetBeach201508190600_Water_Temperature]]
2025-10-15 19:28:03.679,136.258,63rd_WaterTempDrop_85,atomic,[63rd_WaterTempDrop_85],[1.0000],1,1,1.0000,[[63rdStreetBeach201508190700_Water_Temperature]]
2025-10-15 19:28:03.681,136.260,Montrose_WaterTempDrop_85,atomic,[Montrose_WaterTempDrop_85],[1.0000],1,1,1.0000,[[MontroseBeach201508190700_Water_Temperature]]
2025-10-15 19:28:03.682,136.261,Calumet_WaterTempDrop_85,atomic,[Calumet_WaterTempDrop_85],[1.0000],1,1,1.0000,[[CalumetBeach201508190700_Water_Temperature]]
2025-10-15 19:28:03.739,136.318,63rd_WaterTempDrop_85,atomic,[63rd_WaterTempDrop_85],[0.9660],1,1,0.9660,[[63rdStreetBeach201508190800_Water_Temperature]]
2025-10-15 19:28:03.745,136.324,Montrose_WaterTempDrop_85,atomic,[Montrose_WaterTempDrop_85],[1.0000],1,1,1.0000,[[MontroseBeach201508190800_Water_Temperature]]
2025-10-15 19:28:03.745,136.324,Calumet_WaterTempDrop_85,atomic,[Calumet_WaterTempDrop_85],[1.0000],1,1,1.0000,[[CalumetBeach201508190800_Water_Temperature]]
2025-10-15 19:28:03.804,136.383,Montrose_WaterTempDrop_85,atomic,[Montrose_WaterTempDrop_85],[1.0000],1,1,1.0000,[[MontroseBeach201508190900_Water_Temperature]]
2025-10-15 19:28:03.807,136.386,63rd_WaterTempDrop_85,atomic,[63rd_WaterTempDrop_85],[1.0000],1,1,1.0000,[[63rdStreetBeach201508190900_Water_Temperature]]
2025-10-15 19:28:03.807,136.386,Calumet_WaterTempDrop_85,atomic,[Calumet_WaterTempDrop_85],[1.0000],1,1,1.0000,[[CalumetBeach201508190900_Water_Temperature]]
2025-10-15 19:28:03.867,136.446,Montrose_WaterTempDrop_85,atomic,[Montrose_WaterTempDrop_85],[0.9710],1,1,0.9710,[[MontroseBeach201508191000_Water_Temperature]]
2025-10-15 19:28:03.867,136.446,Calumet_WaterTempDrop_85,atomic,[Calumet_WaterTempDrop_85],[1.0000],1,1,1.0000,[[CalumetBeach201508191000_Water_Temperature]]
2025-10-15 19:28:03.929,136.508,Calumet_WaterTempDrop_85,atomic,[Calumet_WaterTempDrop_85],[1.0000],1,1,1.0000,[[CalumetBeach201508191100_Water_Temperature]]
2025-10-15 19:28:03.930,136.509,Montrose_WaterTempDrop_85,atomic,[Montrose_WaterTempDrop_85],[0.9673],1,1,0.9673,[[MontroseBeach201508191100_Water_Temperature]]
2025-10-15 19:28:03.931,136.510,63rd_WaterTempDrop_85,atomic,[63rd_WaterTempDrop_85],[1.0000],1,1,1.0000,[[63rdStreetBeach201508191100_Water_Temperature]]
2025-10-15 19:28:03.992,136.571,Calumet_WaterTempDrop_85,atomic,[Calumet_WaterTempDrop_85],[0.9677],1,1,0.9677,[[CalumetBeach201508191200_Water_Temperature]]
2025-10-15 19:28:03.993,136.572,Montrose_WaterTempDrop_85,atomic,[Montrose_WaterTempDrop_85],[1.0000],1,1,1.0000,[[MontroseBeach201508191200_Water_Temperature]]
2025-10-15 19:28:04.054,136.633,63rd_WaterTempDrop_85,atomic,[63rd_WaterTempDrop_85],[1.0000],1,1,1.0000,[[63rdStreetBeach201508191300_Water_Temperature]]
2025-10-15 19:28:04.056,136.635,Montrose_WaterTempDrop_85,atomic,[Montrose_WaterTempDrop_85],[1.0000],1,1,1.0000,[[MontroseBeach201508191300_Water_Temperature]]
2025-10-15 19:28:04.058,136.637,Calumet_WaterTempDrop_85,atomic,[Calumet_WaterTempDrop_85],[1.0000],1,1,1.0000,[[CalumetBeach201508191300_Water_Temperature]]
2025-10-15 19:28:04.115,136.694,Calumet_WaterTempDrop_85,atomic,[Calumet_WaterTempDrop_85],[1.0000],1,1,1.0000,[[CalumetBeach201508191400_Water_Temperature]]
2025-10-15 19:28:04.117,136.696,63rd_WaterTempDrop_85,atomic,[63rd_WaterTempDrop_85],[1.0000],1,1,1.0000,[[63rdStreetBeach201508191400_Water_Temperature]]
2025-10-15 19:28:04.118,136.697,Montrose_WaterTempDrop_85,atomic,[Montrose_WaterTempDrop_85],[1.0000],1,1,1.0000,[[MontroseBeach201508191400_Water_Temperature]]
2025-10-15 19:28:04.179,136.758,Calumet_WaterTempDrop_85,atomic,[Calumet_WaterTempDrop_85],[1.0000],1,1,1.0000,[[CalumetBeach201508191500_Water_Temperature]]
2025-10-15 19:28:04.180,136.759,Montrose_WaterTempDrop_85,atomic,[Montrose_WaterTempDrop_85],[1.0000],1,1,1.0000,[[MontroseBeach201508191500_Water_Temperature]]
2025-10-15 19:28:04.242,136.821,Montrose_WaterTempDrop_85,atomic,[Montrose_WaterTempDrop_85],[1.0000],1,1,1.0000,[[MontroseBeach201508191600_Water_Temperature]]
2025-10-15 19:28:04.244,136.823,Calumet_WaterTempDrop_85,atomic,[Calumet_WaterTempDrop_85],[1.0000],1,1,1.0000,[[CalumetBeach201508191600_Water_Temperature]]
2025-10-15 19:28:04.247,136.826,63rd_WaterTempDrop_85,atomic,[63rd_WaterTempDrop_85],[1.0000],1,1,1.0000,[[63rdStreetBeach201508191600_Water_Temperature]]
2025-10-15 19:28:04.302,136.881,Montrose_WaterTempDrop_85,atomic,[Montrose_WaterTempDrop_85],[0.9696],1,1,0.9696,[[MontroseBeach201508191700_Water_Temperature]]
2025-10-15 19:28:04.303,136.882,63rd_WaterTempDrop_85,atomic,[63rd_WaterTempDrop_85],[0.9689],1,1,0.9689,[[63rdStreetBeach201508191700_Water_Temperature]]
2025-10-15 19:28:04.306,136.885,Calumet_WaterTempDrop_85,atomic,[Calumet_WaterTempDrop_85],[1.0000],1,1,1.0000,[[CalumetBeach201508191700_Water_Temperature]]
2025-10-15 19:28:04.367,136.946,Calumet_WaterTempDrop_85,atomic,[Calumet_WaterTempDrop_85],[0.9697],1,1,0.9697,[[CalumetBeach201508191800_Water_Temperature]]
2025-10-15 19:28:04.373,136.952,63rd_WaterTempDrop_85,atomic,[63rd_WaterTempDrop_85],[1.0000],1,1,1.0000,[[63rdStreetBeach201508191800_Water_Temperature]]
2025-10-15 19:28:04.373,136.952,Montrose_WaterTempDrop_85,atomic,[Montrose_WaterTempDrop_85],[1.0000],1,1,1.0000,[[MontroseBeach201508191800_Water_Temperature]]
2025-10-15 19:28:04.428,137.007,Calumet_WaterTempDrop_85,atomic,[Calumet_WaterTempDrop_85],[1.0000],1,1,1.0000,[[CalumetBeach201508191900_Water_Temperature]]
2025-10-15 19:28:04.430,137.009,63rd_WaterTempDrop_85,atomic,[63rd_WaterTempDrop_85],[1.0000],1,1,1.0000,[[63rdStreetBeach201508191900_Water_Temperature]]
2025-10-15 19:28:04.431,137.010,Montrose_WaterTempDrop_85,atomic,[Montrose_WaterTempDrop_85],[1.0000],1,1,1.0000,[[MontroseBeach201508191900_Water_Temperature]]
2025-10-15 19:28:04.493,137.072,Montrose_WaterTempDrop_85,atomic,[Montrose_WaterTempDrop_85],[1.0000],1,1,1.0000,[[MontroseBeach201508192000_Water_Temperature]]
2025-10-15 19:28:04.496,137.075,Calumet_WaterTempDrop_85,atomic,[Calumet_WaterTempDrop_85],[1.0000],1,1,1.0000,[[CalumetBeach201508192000_Water_Temperature]]
2025-10-15 19:28:04.497,137.076,63rd_WaterTempDrop_85,atomic,[63rd_WaterTempDrop_85],[1.0000],1,1,1.0000,[[63rdStreetBeach201508192000_Water_Temperature]]
2025-10-15 19:28:04.553,137.132,Montrose_WaterTempDrop_85,atomic,[Montrose_WaterTempDrop_85],[0.9691],1,1,0.9691,[[MontroseBeach201508192100_Water_Temperature]]
2025-10-15 19:28:04.557,137.136,63rd_WaterTempDrop_85,atomic,[63rd_WaterTempDrop_85],[1.0000],1,1,1.0000,[[63rdStreetBeach201508192100_Water_Temperature]]
2025-10-15 19:28:04.558,137.137,Calumet_WaterTempDrop_85,atomic,[Calumet_WaterTempDrop_85],[1.0000],1,1,1.0000,[[CalumetBeach201508192100_Water_Temperature]]
2025-10-15 19:28:04.617,137.196,Montrose_WaterTempDrop_85,atomic,[Montrose_WaterTempDrop_85],[1.0000],1,1,1.0000,[[MontroseBeach201508192200_Water_Temperature]]
2025-10-15 19:28:04.618,137.197,Calumet_WaterTempDrop_85,atomic,[Calumet_WaterTempDrop_85],[1.0000],1,1,1.0000,[[CalumetBeach201508192200_Water_Temperature]]
2025-10-15 19:28:04.619,137.198,63rd_WaterTempDrop_85,atomic,[63rd_WaterTempDrop_85],[1.0000],1,1,1.0000,[[63rdStreetBeach201508192200_Water_Temperature]]
2025-10-15 19:28:04.675,137.254,Calumet_WaterTempDrop_85,atomic,[Calumet_WaterTempDrop_85],[0.9697],1,1,0.9697,[[CalumetBeach201508192300_Water_Temperature]]
2025-10-15 19:28:04.679,137.258,63rd_WaterTempDrop_85,atomic,[63rd_WaterTempDrop_85],[1.0000],1,1,1.0000,[[63rdStreetBeach201508192300_Water_Temperature]]
2025-10-15 19:28:04.681,137.260,Montrose_WaterTempDrop_85,atomic,[Montrose_WaterTempDrop_85],[1.0000],1,1,1.0000,[[MontroseBeach201508192300_Water_Temperature]]
2025-10-15 19:28:04.740,137.319,63rd_WaterTempDrop_85,atomic,[63rd_WaterTempDrop_85],[0.9705],1,1,0.9705,[[63rdStreetBeach201508202400_Water_Temperature]]
2025-10-15 19:28:04.741,137.320,Montrose_WaterTempDrop_85,atomic,[Montrose_WaterTempDrop_85],[1.0000],1,1,1.0000,[[MontroseBeach201508202400_Water_Temperature]]
2025-10-15 19:28:04.742,137.321,Calumet_WaterTempDrop_85,atomic,[Calumet_WaterTempDrop_85],[1.0000],1,1,1.0000,[[CalumetBeach201508202400_Water_Temperature]]
2025-10-15 19:28:04.802,137.381,Montrose_WaterTempDrop_85,atomic,[Montrose_WaterTempDrop_85],[1.0000],1,1,1.0000,[[MontroseBeach201508200100_Water_Temperature]]
2025-10-15 19:28:04.803,137.382,63rd_WaterTempDrop_85,atomic,[63rd_WaterTempDrop_85],[1.0000],1,1,1.0000,[[63rdStreetBeach201508200100_Water_Temperature]]
2025-10-15 19:28:04.863,137.442,Montrose_WaterTempDrop_85,atomic,[Montrose_WaterTempDrop_85],[0.9696],1,1,0.9696,[[MontroseBeach201508200200_Water_Temperature]]
2025-10-15 19:28:04.864,137.443,63rd_WaterTempDrop_85,atomic,[63rd_WaterTempDrop_85],[0.9678],1,1,0.9678,[[63rdStreetBeach201508200200_Water_Temperature]]
2025-10-15 19:28:04.868,137.447,Calumet_WaterTempDrop_85,atomic,[Calumet_WaterTempDrop_85],[1.0000],1,1,1.0000,[[CalumetBeach201508200200_Water_Temperature]]
2025-10-15 19:28:04.926,137.505,Calumet_WaterTempDrop_85,atomic,[Calumet_WaterTempDrop_85],[1.0000],1,1,1.0000,[[CalumetBeach201508200300_Water_Temperature]]
2025-10-15 19:28:04.930,137.509,Montrose_WaterTempDrop_85,atomic,[Montrose_WaterTempDrop_85],[1.0000],1,1,1.0000,[[MontroseBeach201508200300_Water_Temperature]]
2025-10-15 19:28:04.931,137.510,63rd_WaterTempDrop_85,atomic,[63rd_WaterTempDrop_85],[1.0000],1,1,1.0000,[[63rdStreetBeach201508200300_Water_Temperature]]
2025-10-15 19:28:04.987,137.566,Calumet_WaterTempDrop_85,atomic,[Calumet_WaterTempDrop_85],[1.0000],1,1,1.0000,[[CalumetBeach201508200400_Water_Temperature]]
2025-10-15 19:28:04.988,137.567,63rd_WaterTempDrop_85,atomic,[63rd_WaterTempDrop_85],[0.9653],1,1,0.9653,[[63rdStreetBeach201508200400_Water_Temperature]]
2025-10-15 19:28:04.990,137.569,Montrose_WaterTempDrop_85,atomic,[Montrose_WaterTempDrop_85],[0.9671],1,1,0.9671,[[MontroseBeach201508200400_Water_Temperature]]
2025-10-15 19:28:05.049,137.628,Montrose_WaterTempDrop_85,atomic,[Montrose_WaterTempDrop_85],[1.0000],1,1,1.0000,[[MontroseBeach201508200500_Water_Temperature]]
2025-10-15 19:28:05.051,137.630,Calumet_WaterTempDrop_85,atomic,[Calumet_WaterTempDrop_85],[1.0000],1,1,1.0000,[[CalumetBeach201508200500_Water_Temperature]]
2025-10-15 19:28:05.051,137.630,63rd_WaterTempDrop_85,atomic,[63rd_WaterTempDrop_85],[1.0000],1,1,1.0000,[[63rdStreetBeach201508200500_Water_Temperature]]
2025-10-15 19:28:05.114,137.693,Montrose_WaterTempDrop_85,atomic,[Montrose_WaterTempDrop_85],[1.0000],1,1,1.0000,[[MontroseBeach201508200600_Water_Temperature]]
2025-10-15 19:28:05.115,137.694,63rd_WaterTempDrop_85,atomic,[63rd_WaterTempDrop_85],[1.0000],1,1,1.0000,[[63rdStreetBeach201508200600_Water_Temperature]]
2025-10-15 19:28:05.117,137.696,Calumet_WaterTempDrop_85,atomic,[Calumet_WaterTempDrop_85],[1.0000],1,1,1.0000,[[CalumetBeach201508200600_Water_Temperature]]
2025-10-15 19:28:05.180,137.759,63rd_WaterTempDrop_85,atomic,[63rd_WaterTempDrop_85],[1.0000],1,1,1.0000,[[63rdStreetBeach201508200700_Water_Temperature]]
2025-10-15 19:28:05.182,137.761,Montrose_WaterTempDrop_85,atomic,[Montrose_WaterTempDrop_85],[1.0000],1,1,1.0000,[[MontroseBeach201508200700_Water_Temperature]]
2025-10-15 19:28:05.184,137.763,Calumet_WaterTempDrop_85,atomic,[Calumet_WaterTempDrop_85],[1.0000],1,1,1.0000,[[CalumetBeach201508200700_Water_Temperature]]
2025-10-15 19:28:05.236,137.815,Calumet_WaterTempDrop_85,atomic,[Calumet_WaterTempDrop_85],[1.0000],1,1,1.0000,[[CalumetBeach201508200800_Water_Temperature]]
2025-10-15 19:28:05.238,137.817,63rd_WaterTempDrop_85,atomic,[63rd_WaterTempDrop_85],[1.0000],1,1,1.0000,[[63rdStreetBeach201508200800_Water_Temperature]]
2025-10-15 19:28:05.303,137.882,Calumet_WaterTempDrop_85,atomic,[Calumet_WaterTempDrop_85],[1.0000],1,1,1.0000,[[CalumetBeach201508200900_Water_Temperature]]
2025-10-15 19:28:05.304,137.883,63rd_WaterTempDrop_85,atomic,[63rd_WaterTempDrop_85],[1.0000],1,1,1.0000,[[63rdStreetBeach201508200900_Water_Temperature]]
2025-10-15 19:28:05.305,137.884,Montrose_WaterTempDrop_85,atomic,[Montrose_WaterTempDrop_85],[1.0000],1,1,1.0000,[[MontroseBeach201508200900_Water_Temperature]]
2025-10-15 19:28:05.361,137.940,63rd_WaterTempDrop_85,atomic,[63rd_WaterTempDrop_85],[1.0000],1,1,1.0000,[[63rdStreetBeach201508201000_Water_Temperature]]
2025-10-15 19:28:05.364,137.943,Montrose_WaterTempDrop_85,atomic,[Montrose_WaterTempDrop_85],[1.0000],1,1,1.0000,[[MontroseBeach201508201000_Water_Temperature]]
2025-10-15 19:28:05.366,137.945,Calumet_WaterTempDrop_85,atomic,[Calumet_WaterTempDrop_85],[1.0000],1,1,1.0000,[[CalumetBeach201508201000_Water_Temperature]]
2025-10-15 19:28:05.422,138.001,Calumet_WaterTempDrop_85,atomic,[Calumet_WaterTempDrop_85],[0.9720],1,1,0.9720,[[CalumetBeach201508201100_Water_Temperature]]
2025-10-15 19:28:05.424,138.003,Montrose_WaterTempDrop_85,atomic,[Montrose_WaterTempDrop_85],[1.0000],1,1,1.0000,[[MontroseBeach201508201100_Water_Temperature]]
2025-10-15 19:28:05.482,138.061,Calumet_WaterTempDrop_85,atomic,[Calumet_WaterTempDrop_85],[0.9684],1,1,0.9684,[[CalumetBeach201508201200_Water_Temperature]]
2025-10-15 19:28:05.486,138.065,Montrose_WaterTempDrop_85,atomic,[Montrose_WaterTempDrop_85],[1.0000],1,1,1.0000,[[MontroseBeach201508201200_Water_Temperature]]
2025-10-15 19:28:05.547,138.126,63rd_WaterTempDrop_85,atomic,[63rd_WaterTempDrop_85],[1.0000],1,1,1.0000,[[63rdStreetBeach201508201300_Water_Temperature]]
2025-10-15 19:28:05.550,138.129,Calumet_WaterTempDrop_85,atomic,[Calumet_WaterTempDrop_85],[1.0000],1,1,1.0000,[[CalumetBeach201508201300_Water_Temperature]]
2025-10-15 19:28:05.550,138.129,Montrose_WaterTempDrop_85,atomic,[Montrose_WaterTempDrop_85],[1.0000],1,1,1.0000,[[MontroseBeach201508201300_Water_Temperature]]
2025-10-15 19:28:05.607,138.186,Montrose_WaterTempDrop_85,atomic,[Montrose_WaterTempDrop_85],[0.9713],1,1,0.9713,[[MontroseBeach201508201400_Water_Temperature]]
2025-10-15 19:28:05.608,138.187,Calumet_WaterTempDrop_85,atomic,[Calumet_WaterTempDrop_85],[1.0000],1,1,1.0000,[[CalumetBeach201508201400_Water_Temperature]]
2025-10-15 19:28:05.668,138.247,Montrose_WaterTempDrop_85,atomic,[Montrose_WaterTempDrop_85],[0.9676],1,1,0.9676,[[MontroseBeach201508201500_Water_Temperature]]
2025-10-15 19:28:05.671,138.250,Calumet_WaterTempDrop_85,atomic,[Calumet_WaterTempDrop_85],[1.0000],1,1,1.0000,[[CalumetBeach201508201500_Water_Temperature]]
2025-10-15 19:28:05.732,138.311,63rd_WaterTempDrop_85,atomic,[63rd_WaterTempDrop_85],[1.0000],1,1,1.0000,[[63rdStreetBeach201508201600_Water_Temperature]]
2025-10-15 19:28:05.736,138.315,Montrose_WaterTempDrop_85,atomic,[Montrose_WaterTempDrop_85],[1.0000],1,1,1.0000,[[MontroseBeach201508201600_Water_Temperature]]
2025-10-15 19:28:05.794,138.373,63rd_WaterTempDrop_85,atomic,[63rd_WaterTempDrop_85],[1.0000],1,1,1.0000,[[63rdStreetBeach201508201700_Water_Temperature]]
2025-10-15 19:28:05.795,138.374,Calumet_WaterTempDrop_85,atomic,[Calumet_WaterTempDrop_85],[0.9681],1,1,0.9681,[[CalumetBeach201508201700_Water_Temperature]]
2025-10-15 19:28:05.797,138.376,Montrose_WaterTempDrop_85,atomic,[Montrose_WaterTempDrop_85],[1.0000],1,1,1.0000,[[MontroseBeach201508201700_Water_Temperature]]
2025-10-15 19:28:05.855,138.434,63rd_WaterTempDrop_85,atomic,[63rd_WaterTempDrop_85],[1.0000],1,1,1.0000,[[63rdStreetBeach201508201800_Water_Temperature]]
2025-10-15 19:28:05.857,138.436,Calumet_WaterTempDrop_85,atomic,[Calumet_WaterTempDrop_85],[0.9641],1,1,0.9641,[[CalumetBeach201508201800_Water_Temperature]]
2025-10-15 19:28:05.859,138.438,Montrose_WaterTempDrop_85,atomic,[Montrose_WaterTempDrop_85],[1.0000],1,1,1.0000,[[MontroseBeach201508201800_Water_Temperature]]
2025-10-15 19:28:05.916,138.495,63rd_WaterTempDrop_85,atomic,[63rd_WaterTempDrop_85],[0.9716],1,1,0.9716,[[63rdStreetBeach201508201900_Water_Temperature]]
2025-10-15 19:28:05.920,138.499,Calumet_WaterTempDrop_85,atomic,[Calumet_WaterTempDrop_85],[1.0000],1,1,1.0000,[[CalumetBeach201508201900_Water_Temperature]]
2025-10-15 19:28:05.922,138.501,Montrose_WaterTempDrop_85,atomic,[Montrose_WaterTempDrop_85],[1.0000],1,1,1.0000,[[MontroseBeach201508201900_Water_Temperature]]
2025-10-15 19:28:05.981,138.560,Montrose_WaterTempDrop_85,atomic,[Montrose_WaterTempDrop_85],[1.0000],1,1,1.0000,[[MontroseBeach201508202000_Water_Temperature]]
2025-10-15 19:28:05.984,138.563,63rd_WaterTempDrop_85,atomic,[63rd_WaterTempDrop_85],[1.0000],1,1,1.0000,[[63rdStreetBeach201508202000_Water_Temperature]]
2025-10-15 19:28:05.984,138.563,Calumet_WaterTempDrop_85,atomic,[Calumet_WaterTempDrop_85],[1.0000],1,1,1.0000,[[CalumetBeach201508202000_Water_Temperature]]
2025-10-15 19:28:06.043,138.622,Montrose_WaterTempDrop_85,atomic,[Montrose_WaterTempDrop_85],[1.0000],1,1,1.0000,[[MontroseBeach201508202100_Water_Temperature]]
2025-10-15 19:28:06.046,138.625,63rd_WaterTempDrop_85,atomic,[63rd_WaterTempDrop_85],[1.0000],1,1,1.0000,[[63rdStreetBeach201508202100_Water_Temperature]]
2025-10-15 19:28:06.047,138.626,Calumet_WaterTempDrop_85,atomic,[Calumet_WaterTempDrop_85],[1.0000],1,1,1.0000,[[CalumetBeach201508202100_Water_Temperature]]
2025-10-15 19:28:06.104,138.683,Calumet_WaterTempDrop_85,atomic,[Calumet_WaterTempDrop_85],[1.0000],1,1,1.0000,[[CalumetBeach201508202200_Water_Temperature]]
2025-10-15 19:28:06.107,138.686,Montrose_WaterTempDrop_85,atomic,[Montrose_WaterTempDrop_85],[1.0000],1,1,1.0000,[[MontroseBeach201508202200_Water_Temperature]]
2025-10-15 19:28:06.108,138.687,63rd_WaterTempDrop_85,atomic,[63rd_WaterTempDrop_85],[1.0000],1,1,1.0000,[[63rdStreetBeach201508202200_Water_Temperature]]
2025-10-15 19:28:06.166,138.745,Calumet_WaterTempDrop_85,atomic,[Calumet_WaterTempDrop_85],[0.9672],1,1,0.9672,[[CalumetBeach201508202300_Water_Temperature]]
2025-10-15 19:28:06.167,138.746,Montrose_WaterTempDrop_85,atomic,[Montrose_WaterTempDrop_85],[1.0000],1,1,1.0000,[[MontroseBeach201508202300_Water_Temperature]]
2025-10-15 19:28:06.229,138.808,63rd_WaterTempDrop_85,atomic,[63rd_WaterTempDrop_85],[1.0000],1,1,1.0000,[[63rdStreetBeach201508212400_Water_Temperature]]
2025-10-15 19:28:06.231,138.810,Calumet_WaterTempDrop_85,atomic,[Calumet_WaterTempDrop_85],[1.0000],1,1,1.0000,[[CalumetBeach201508212400_Water_Temperature]]
2025-10-15 19:28:06.234,138.813,Montrose_WaterTempDrop_85,atomic,[Montrose_WaterTempDrop_85],[1.0000],1,1,1.0000,[[MontroseBeach201508212400_Water_Temperature]]
2025-10-15 19:28:06.291,138.870,Montrose_WaterTempDrop_85,atomic,[Montrose_WaterTempDrop_85],[1.0000],1,1,1.0000,[[MontroseBeach201508210100_Water_Temperature]]
2025-10-15 19:28:06.293,138.872,Calumet_WaterTempDrop_85,atomic,[Calumet_WaterTempDrop_85],[1.0000],1,1,1.0000,[[CalumetBeach201508210100_Water_Temperature]]
2025-10-15 19:28:06.355,138.934,63rd_WaterTempDrop_85,atomic,[63rd_WaterTempDrop_85],[1.0000],1,1,1.0000,[[63rdStreetBeach201508210200_Water_Temperature]]
2025-10-15 19:28:06.357,138.936,Montrose_WaterTempDrop_85,atomic,[Montrose_WaterTempDrop_85],[1.0000],1,1,1.0000,[[MontroseBeach201508210200_Water_Temperature]]
2025-10-15 19:28:06.360,138.939,Calumet_WaterTempDrop_85,atomic,[Calumet_WaterTempDrop_85],[1.0000],1,1,1.0000,[[CalumetBeach201508210200_Water_Temperature]]
2025-10-15 19:28:06.417,138.996,Calumet_WaterTempDrop_85,atomic,[Calumet_WaterTempDrop_85],[1.0000],1,1,1.0000,[[CalumetBeach201508210300_Water_Temperature]]
2025-10-15 19:28:06.418,138.997,63rd_WaterTempDrop_85,atomic,[63rd_WaterTempDrop_85],[1.0000],1,1,1.0000,[[63rdStreetBeach201508210300_Water_Temperature]]
2025-10-15 19:28:06.420,138.999,Montrose_WaterTempDrop_85,atomic,[Montrose_WaterTempDrop_85],[1.0000],1,1,1.0000,[[MontroseBeach201508210300_Water_Temperature]]
2025-10-15 19:28:06.478,139.057,63rd_WaterTempDrop_85,atomic,[63rd_WaterTempDrop_85],[1.0000],1,1,1.0000,[[63rdStreetBeach201508210400_Water_Temperature]]
2025-10-15 19:28:06.481,139.060,Montrose_WaterTempDrop_85,atomic,[Montrose_WaterTempDrop_85],[1.0000],1,1,1.0000,[[MontroseBeach201508210400_Water_Temperature]]
2025-10-15 19:28:06.482,139.061,Calumet_WaterTempDrop_85,atomic,[Calumet_WaterTempDrop_85],[1.0000],1,1,1.0000,[[CalumetBeach201508210400_Water_Temperature]]
2025-10-15 19:28:06.536,139.115,Calumet_WaterTempDrop_85,atomic,[Calumet_WaterTempDrop_85],[0.9697],1,1,0.9697,[[CalumetBeach201508210500_Water_Temperature]]
2025-10-15 19:28:06.540,139.119,63rd_WaterTempDrop_85,atomic,[63rd_WaterTempDrop_85],[1.0000],1,1,1.0000,[[63rdStreetBeach201508210500_Water_Temperature]]
2025-10-15 19:28:06.543,139.122,Montrose_WaterTempDrop_85,atomic,[Montrose_WaterTempDrop_85],[1.0000],1,1,1.0000,[[MontroseBeach201508210500_Water_Temperature]]
2025-10-15 19:28:06.603,139.182,Montrose_WaterTempDrop_85,atomic,[Montrose_WaterTempDrop_85],[1.0000],1,1,1.0000,[[MontroseBeach201508210600_Water_Temperature]]
2025-10-15 19:28:06.605,139.184,Calumet_WaterTempDrop_85,atomic,[Calumet_WaterTempDrop_85],[1.0000],1,1,1.0000,[[CalumetBeach201508210600_Water_Temperature]]
2025-10-15 19:28:06.608,139.187,63rd_WaterTempDrop_85,atomic,[63rd_WaterTempDrop_85],[1.0000],1,1,1.0000,[[63rdStreetBeach201508210600_Water_Temperature]]
2025-10-15 19:28:06.660,139.239,Montrose_WaterTempDrop_85,atomic,[Montrose_WaterTempDrop_85],[0.9730],1,1,0.9730,[[MontroseBeach201508210700_Water_Temperature]]
2025-10-15 19:28:06.664,139.243,Calumet_WaterTempDrop_85,atomic,[Calumet_WaterTempDrop_85],[1.0000],1,1,1.0000,[[CalumetBeach201508210700_Water_Temperature]]
2025-10-15 19:28:06.667,139.246,63rd_WaterTempDrop_85,atomic,[63rd_WaterTempDrop_85],[1.0000],1,1,1.0000,[[63rdStreetBeach201508210700_Water_Temperature]]
2025-10-15 19:28:06.726,139.305,Montrose_WaterTempDrop_85,atomic,[Montrose_WaterTempDrop_85],[1.0000],1,1,1.0000,[[MontroseBeach201508210800_Water_Temperature]]
2025-10-15 19:28:06.728,139.307,Calumet_WaterTempDrop_85,atomic,[Calumet_WaterTempDrop_85],[1.0000],1,1,1.0000,[[CalumetBeach201508210800_Water_Temperature]]
2025-10-15 19:28:06.729,139.308,63rd_WaterTempDrop_85,atomic,[63rd_WaterTempDrop_85],[1.0000],1,1,1.0000,[[63rdStreetBeach201508210800_Water_Temperature]]
2025-10-15 19:28:06.789,139.368,Montrose_WaterTempDrop_85,atomic,[Montrose_WaterTempDrop_85],[1.0000],1,1,1.0000,[[MontroseBeach201508210900_Water_Temperature]]
2025-10-15 19:28:06.790,139.369,63rd_WaterTempDrop_85,atomic,[63rd_WaterTempDrop_85],[1.0000],1,1,1.0000,[[63rdStreetBeach201508210900_Water_Temperature]]
2025-10-15 19:28:06.792,139.371,Calumet_WaterTempDrop_85,atomic,[Calumet_WaterTempDrop_85],[1.0000],1,1,1.0000,[[CalumetBeach201508210900_Water_Temperature]]
2025-10-15 19:28:06.849,139.428,Montrose_WaterTempDrop_85,atomic,[Montrose_WaterTempDrop_85],[1.0000],1,1,1.0000,[[MontroseBeach201508211000_Water_Temperature]]
2025-10-15 19:28:06.852,139.431,Calumet_WaterTempDrop_85,atomic,[Calumet_WaterTempDrop_85],[1.0000],1,1,1.0000,[[CalumetBeach201508211000_Water_Temperature]]
2025-10-15 19:28:06.913,139.492,63rd_WaterTempDrop_85,atomic,[63rd_WaterTempDrop_85],[1.0000],1,1,1.0000,[[63rdStreetBeach201508211100_Water_Temperature]]
2025-10-15 19:28:06.915,139.494,Montrose_WaterTempDrop_85,atomic,[Montrose_WaterTempDrop_85],[1.0000],1,1,1.0000,[[MontroseBeach201508211100_Water_Temperature]]
2025-10-15 19:28:06.916,139.495,Calumet_WaterTempDrop_85,atomic,[Calumet_WaterTempDrop_85],[1.0000],1,1,1.0000,[[CalumetBeach201508211100_Water_Temperature]]
2025-10-15 19:28:06.972,139.551,Calumet_WaterTempDrop_85,atomic,[Calumet_WaterTempDrop_85],[0.9712],1,1,0.9712,[[CalumetBeach201508211200_Water_Temperature]]
2025-10-15 19:28:06.976,139.555,Montrose_WaterTempDrop_85,atomic,[Montrose_WaterTempDrop_85],[1.0000],1,1,1.0000,[[MontroseBeach201508211200_Water_Temperature]]
2025-10-15 19:28:07.037,139.616,63rd_WaterTempDrop_85,atomic,[63rd_WaterTempDrop_85],[1.0000],1,1,1.0000,[[63rdStreetBeach201508220800_Water_Temperature]]
2025-10-15 19:28:07.038,139.617,Montrose_WaterTempDrop_85,atomic,[Montrose_WaterTempDrop_85],[1.0000],1,1,1.0000,[[MontroseBeach201508220800_Water_Temperature]]
2025-10-15 19:28:07.100,139.679,Calumet_WaterTempDrop_85,atomic,[Calumet_WaterTempDrop_85],[1.0000],1,1,1.0000,[[CalumetBeach201508220900_Water_Temperature]]
2025-10-15 19:28:07.163,139.742,63rd_WaterTempDrop_85,atomic,[63rd_WaterTempDrop_85],[1.0000],1,1,1.0000,[[63rdStreetBeach201508221000_Water_Temperature]]
2025-10-15 19:28:07.165,139.744,Calumet_WaterTempDrop_85,atomic,[Calumet_WaterTempDrop_85],[1.0000],1,1,1.0000,[[CalumetBeach201508221000_Water_Temperature]]
2025-10-15 19:28:07.166,139.745,Montrose_WaterTempDrop_85,atomic,[Montrose_WaterTempDrop_85],[1.0000],1,1,1.0000,[[MontroseBeach201508221000_Water_Temperature]]
2025-10-15 19:28:07.228,139.807,Calumet_WaterTempDrop_85,atomic,[Calumet_WaterTempDrop_85],[1.0000],1,1,1.0000,[[CalumetBeach201508221100_Water_Temperature]]
2025-10-15 19:28:07.229,139.808,Montrose_WaterTempDrop_85,atomic,[Montrose_WaterTempDrop_85],[1.0000],1,1,1.0000,[[MontroseBeach201508221100_Water_Temperature]]
2025-10-15 19:28:07.286,139.865,Calumet_WaterTempDrop_85,atomic,[Calumet_WaterTempDrop_85],[0.9701],1,1,0.9701,[[CalumetBeach201508221200_Water_Temperature]]
2025-10-15 19:28:07.291,139.870,Montrose_WaterTempDrop_85,atomic,[Montrose_WaterTempDrop_85],[1.0000],1,1,1.0000,[[MontroseBeach201508221200_Water_Temperature]]
2025-10-15 19:28:07.292,139.871,63rd_WaterTempDrop_85,atomic,[63rd_WaterTempDrop_85],[1.0000],1,1,1.0000,[[63rdStreetBeach201508221200_Water_Temperature]]
2025-10-15 19:28:07.354,139.933,63rd_WaterTempDrop_85,atomic,[63rd_WaterTempDrop_85],[1.0000],1,1,1.0000,[[63rdStreetBeach201508221300_Water_Temperature]]
2025-10-15 19:28:07.356,139.935,Montrose_WaterTempDrop_85,atomic,[Montrose_WaterTempDrop_85],[1.0000],1,1,1.0000,[[MontroseBeach201508221300_Water_Temperature]]
2025-10-15 19:28:07.357,139.936,Calumet_WaterTempDrop_85,atomic,[Calumet_WaterTempDrop_85],[1.0000],1,1,1.0000,[[CalumetBeach201508221300_Water_Temperature]]
2025-10-15 19:28:07.412,139.991,63rd_WaterTempDrop_85,atomic,[63rd_WaterTempDrop_85],[0.9732],1,1,0.9732,[[63rdStreetBeach201508221400_Water_Temperature]]
2025-10-15 19:28:07.412,139.991,Montrose_WaterTempDrop_85,atomic,[Montrose_WaterTempDrop_85],[0.9727],1,1,0.9727,[[MontroseBeach201508221400_Water_Temperature]]
2025-10-15 19:28:07.417,139.996,Calumet_WaterTempDrop_85,atomic,[Calumet_WaterTempDrop_85],[1.0000],1,1,1.0000,[[CalumetBeach201508221400_Water_Temperature]]
2025-10-15 19:28:07.474,140.053,Calumet_WaterTempDrop_85,atomic,[Calumet_WaterTempDrop_85],[0.9686],1,1,0.9686,[[CalumetBeach201508221600_Water_Temperature]]
2025-10-15 19:28:07.479,140.058,Montrose_WaterTempDrop_85,atomic,[Montrose_WaterTempDrop_85],[1.0000],1,1,1.0000,[[MontroseBeach201508221600_Water_Temperature]]
2025-10-15 19:28:07.480,140.059,63rd_WaterTempDrop_85,atomic,[63rd_WaterTempDrop_85],[1.0000],1,1,1.0000,[[63rdStreetBeach201508221600_Water_Temperature]]
2025-10-15 19:28:07.536,140.115,Montrose_WaterTempDrop_85,atomic,[Montrose_WaterTempDrop_85],[0.9698],1,1,0.9698,[[MontroseBeach201508221700_Water_Temperature]]
2025-10-15 19:28:07.541,140.120,63rd_WaterTempDrop_85,atomic,[63rd_WaterTempDrop_85],[1.0000],1,1,1.0000,[[63rdStreetBeach201508221700_Water_Temperature]]
2025-10-15 19:28:07.542,140.121,Calumet_WaterTempDrop_85,atomic,[Calumet_WaterTempDrop_85],[1.0000],1,1,1.0000,[[CalumetBeach201508221700_Water_Temperature]]
2025-10-15 19:28:07.600,140.179,Calumet_WaterTempDrop_85,atomic,[Calumet_WaterTempDrop_85],[0.9662],1,1,0.9662,[[CalumetBeach201508221800_Water_Temperature]]
2025-10-15 19:28:07.600,140.179,Montrose_WaterTempDrop_85,atomic,[Montrose_WaterTempDrop_85],[1.0000],1,1,1.0000,[[MontroseBeach201508221800_Water_Temperature]]
2025-10-15 19:28:07.605,140.184,63rd_WaterTempDrop_85,atomic,[63rd_WaterTempDrop_85],[1.0000],1,1,1.0000,[[63rdStreetBeach201508221800_Water_Temperature]]
2025-10-15 19:28:07.662,140.241,Calumet_WaterTempDrop_85,atomic,[Calumet_WaterTempDrop_85],[1.0000],1,1,1.0000,[[CalumetBeach201508221900_Water_Temperature]]
2025-10-15 19:28:07.663,140.242,63rd_WaterTempDrop_85,atomic,[63rd_WaterTempDrop_85],[1.0000],1,1,1.0000,[[63rdStreetBeach201508221900_Water_Temperature]]
2025-10-15 19:28:07.667,140.246,Montrose_WaterTempDrop_85,atomic,[Montrose_WaterTempDrop_85],[1.0000],1,1,1.0000,[[MontroseBeach201508221900_Water_Temperature]]
2025-10-15 19:28:07.725,140.304,Montrose_WaterTempDrop_85,atomic,[Montrose_WaterTempDrop_85],[1.0000],1,1,1.0000,[[MontroseBeach201508222000_Water_Temperature]]
2025-10-15 19:28:07.726,140.305,Calumet_WaterTempDrop_85,atomic,[Calumet_WaterTempDrop_85],[0.9641],1,1,0.9641,[[CalumetBeach201508222000_Water_Temperature]]
2025-10-15 19:28:07.728,140.307,63rd_WaterTempDrop_85,atomic,[63rd_WaterTempDrop_85],[1.0000],1,1,1.0000,[[63rdStreetBeach201508222000_Water_Temperature]]
2025-10-15 19:28:07.788,140.367,Montrose_WaterTempDrop_85,atomic,[Montrose_WaterTempDrop_85],[1.0000],1,1,1.0000,[[MontroseBeach201508222100_Water_Temperature]]
2025-10-15 19:28:07.789,140.368,Calumet_WaterTempDrop_85,atomic,[Calumet_WaterTempDrop_85],[1.0000],1,1,1.0000,[[CalumetBeach201508222100_Water_Temperature]]
2025-10-15 19:28:07.849,140.428,Calumet_WaterTempDrop_85,atomic,[Calumet_WaterTempDrop_85],[0.9624],1,1,0.9624,[[CalumetBeach201508222200_Water_Temperature]]
2025-10-15 19:28:07.850,140.429,Montrose_WaterTempDrop_85,atomic,[Montrose_WaterTempDrop_85],[1.0000],1,1,1.0000,[[MontroseBeach201508222200_Water_Temperature]]
2025-10-15 19:28:07.930,140.509,Montrose_WaterTempDrop_85,atomic,[Montrose_WaterTempDrop_85],[1.0000],1,1,1.0000,[[MontroseBeach201508222300_Water_Temperature]]
2025-10-15 19:28:07.931,140.510,Calumet_WaterTempDrop_85,atomic,[Calumet_WaterTempDrop_85],[1.0000],1,1,1.0000,[[CalumetBeach201508222300_Water_Temperature]]
2025-10-15 19:28:07.932,140.511,63rd_WaterTempDrop_85,atomic,[63rd_WaterTempDrop_85],[1.0000],1,1,1.0000,[[63rdStreetBeach201508222300_Water_Temperature]]
2025-10-15 19:28:07.974,140.553,Calumet_WaterTempDrop_85,atomic,[Calumet_WaterTempDrop_85],[1.0000],1,1,1.0000,[[CalumetBeach201508232400_Water_Temperature]]
2025-10-15 19:28:07.977,140.556,63rd_WaterTempDrop_85,atomic,[63rd_WaterTempDrop_85],[1.0000],1,1,1.0000,[[63rdStreetBeach201508232400_Water_Temperature]]
2025-10-15 19:28:07.978,140.557,Montrose_WaterTempDrop_85,atomic,[Montrose_WaterTempDrop_85],[1.0000],1,1,1.0000,[[MontroseBeach201508232400_Water_Temperature]]
2025-10-15 19:28:08.036,140.615,63rd_WaterTempDrop_85,atomic,[63rd_WaterTempDrop_85],[1.0000],1,1,1.0000,[[63rdStreetBeach201508230200_Water_Temperature]]
2025-10-15 19:28:08.038,140.617,Montrose_WaterTempDrop_85,atomic,[Montrose_WaterTempDrop_85],[0.9713],1,1,0.9713,[[MontroseBeach201508230200_Water_Temperature]]
2025-10-15 19:28:08.038,140.617,Calumet_WaterTempDrop_85,atomic,[Calumet_WaterTempDrop_85],[1.0000],1,1,1.0000,[[CalumetBeach201508230200_Water_Temperature]]
2025-10-15 19:28:08.098,140.677,Montrose_WaterTempDrop_85,atomic,[Montrose_WaterTempDrop_85],[1.0000],1,1,1.0000,[[MontroseBeach201508230300_Water_Temperature]]
2025-10-15 19:28:08.101,140.680,Calumet_WaterTempDrop_85,atomic,[Calumet_WaterTempDrop_85],[0.9653],1,1,0.9653,[[CalumetBeach201508230300_Water_Temperature]]
2025-10-15 19:28:08.102,140.681,63rd_WaterTempDrop_85,atomic,[63rd_WaterTempDrop_85],[1.0000],1,1,1.0000,[[63rdStreetBeach201508230300_Water_Temperature]]
2025-10-15 19:28:08.160,140.739,Calumet_WaterTempDrop_85,atomic,[Calumet_WaterTempDrop_85],[1.0000],1,1,1.0000,[[CalumetBeach201508230400_Water_Temperature]]
2025-10-15 19:28:08.162,140.741,Montrose_WaterTempDrop_85,atomic,[Montrose_WaterTempDrop_85],[1.0000],1,1,1.0000,[[MontroseBeach201508230400_Water_Temperature]]
2025-10-15 19:28:08.164,140.743,63rd_WaterTempDrop_85,atomic,[63rd_WaterTempDrop_85],[1.0000],1,1,1.0000,[[63rdStreetBeach201508230400_Water_Temperature]]
2025-10-15 19:28:08.222,140.801,63rd_WaterTempDrop_85,atomic,[63rd_WaterTempDrop_85],[1.0000],1,1,1.0000,[[63rdStreetBeach201508230500_Water_Temperature]]
2025-10-15 19:28:08.224,140.803,Montrose_WaterTempDrop_85,atomic,[Montrose_WaterTempDrop_85],[1.0000],1,1,1.0000,[[MontroseBeach201508230500_Water_Temperature]]
2025-10-15 19:28:08.226,140.805,Calumet_WaterTempDrop_85,atomic,[Calumet_WaterTempDrop_85],[1.0000],1,1,1.0000,[[CalumetBeach201508230500_Water_Temperature]]
2025-10-15 19:28:08.283,140.862,63rd_WaterTempDrop_85,atomic,[63rd_WaterTempDrop_85],[0.9728],1,1,0.9728,[[63rdStreetBeach201508230600_Water_Temperature]]
2025-10-15 19:28:08.284,140.863,Calumet_WaterTempDrop_85,atomic,[Calumet_WaterTempDrop_85],[1.0000],1,1,1.0000,[[CalumetBeach201508230600_Water_Temperature]]
2025-10-15 19:28:08.287,140.866,Montrose_WaterTempDrop_85,atomic,[Montrose_WaterTempDrop_85],[1.0000],1,1,1.0000,[[MontroseBeach201508230600_Water_Temperature]]
2025-10-15 19:28:08.348,140.927,Montrose_WaterTempDrop_85,atomic,[Montrose_WaterTempDrop_85],[1.0000],1,1,1.0000,[[MontroseBeach201508230700_Water_Temperature]]
2025-10-15 19:28:08.350,140.929,Calumet_WaterTempDrop_85,atomic,[Calumet_WaterTempDrop_85],[1.0000],1,1,1.0000,[[CalumetBeach201508230700_Water_Temperature]]
2025-10-15 19:28:08.405,140.984,Montrose_WaterTempDrop_85,atomic,[Montrose_WaterTempDrop_85],[0.9712],1,1,0.9712,[[MontroseBeach201508230800_Water_Temperature]]
2025-10-15 19:28:08.409,140.988,Calumet_WaterTempDrop_85,atomic,[Calumet_WaterTempDrop_85],[1.0000],1,1,1.0000,[[CalumetBeach201508230800_Water_Temperature]]
2025-10-15 19:28:08.412,140.991,63rd_WaterTempDrop_85,atomic,[63rd_WaterTempDrop_85],[1.0000],1,1,1.0000,[[63rdStreetBeach201508230800_Water_Temperature]]
2025-10-15 19:28:08.469,141.048,Montrose_WaterTempDrop_85,atomic,[Montrose_WaterTempDrop_85],[0.9675],1,1,0.9675,[[MontroseBeach201508230900_Water_Temperature]]
2025-10-15 19:28:08.471,141.050,Calumet_WaterTempDrop_85,atomic,[Calumet_WaterTempDrop_85],[1.0000],1,1,1.0000,[[CalumetBeach201508230900_Water_Temperature]]
2025-10-15 19:28:08.473,141.052,63rd_WaterTempDrop_85,atomic,[63rd_WaterTempDrop_85],[1.0000],1,1,1.0000,[[63rdStreetBeach201508230900_Water_Temperature]]
2025-10-15 19:28:08.529,141.108,63rd_WaterTempDrop_85,atomic,[63rd_WaterTempDrop_85],[0.9704],1,1,0.9704,[[63rdStreetBeach201508231000_Water_Temperature]]
2025-10-15 19:28:08.533,141.112,Calumet_WaterTempDrop_85,atomic,[Calumet_WaterTempDrop_85],[1.0000],1,1,1.0000,[[CalumetBeach201508231000_Water_Temperature]]
2025-10-15 19:28:08.535,141.114,Montrose_WaterTempDrop_85,atomic,[Montrose_WaterTempDrop_85],[1.0000],1,1,1.0000,[[MontroseBeach201508231000_Water_Temperature]]
2025-10-15 19:28:08.595,141.174,Montrose_WaterTempDrop_85,atomic,[Montrose_WaterTempDrop_85],[1.0000],1,1,1.0000,[[MontroseBeach201508231100_Water_Temperature]]
2025-10-15 19:28:08.596,141.175,Calumet_WaterTempDrop_85,atomic,[Calumet_WaterTempDrop_85],[1.0000],1,1,1.0000,[[CalumetBeach201508231100_Water_Temperature]]
2025-10-15 19:28:08.597,141.176,63rd_WaterTempDrop_85,atomic,[63rd_WaterTempDrop_85],[1.0000],1,1,1.0000,[[63rdStreetBeach201508231100_Water_Temperature]]
2025-10-15 19:28:08.657,141.236,63rd_WaterTempDrop_85,atomic,[63rd_WaterTempDrop_85],[1.0000],1,1,1.0000,[[63rdStreetBeach201508231200_Water_Temperature]]
2025-10-15 19:28:08.658,141.237,Montrose_WaterTempDrop_85,atomic,[Montrose_WaterTempDrop_85],[1.0000],1,1,1.0000,[[MontroseBeach201508231200_Water_Temperature]]
2025-10-15 19:28:08.659,141.238,Calumet_WaterTempDrop_85,atomic,[Calumet_WaterTempDrop_85],[1.0000],1,1,1.0000,[[CalumetBeach201508231200_Water_Temperature]]
2025-10-15 19:28:08.721,141.300,63rd_WaterTempDrop_85,atomic,[63rd_WaterTempDrop_85],[0.9687],1,1,0.9687,[[63rdStreetBeach201508231300_Water_Temperature]]
2025-10-15 19:28:08.723,141.302,Calumet_WaterTempDrop_85,atomic,[Calumet_WaterTempDrop_85],[1.0000],1,1,1.0000,[[CalumetBeach201508231300_Water_Temperature]]
2025-10-15 19:28:08.723,141.302,Montrose_WaterTempDrop_85,atomic,[Montrose_WaterTempDrop_85],[1.0000],1,1,1.0000,[[MontroseBeach201508231300_Water_Temperature]]
2025-10-15 19:28:08.785,141.364,Calumet_WaterTempDrop_85,atomic,[Calumet_WaterTempDrop_85],[1.0000],1,1,1.0000,[[CalumetBeach201508231400_Water_Temperature]]
2025-10-15 19:28:08.786,141.365,Montrose_WaterTempDrop_85,atomic,[Montrose_WaterTempDrop_85],[1.0000],1,1,1.0000,[[MontroseBeach201508231400_Water_Temperature]]
2025-10-15 19:28:08.850,141.429,Montrose_WaterTempDrop_85,atomic,[Montrose_WaterTempDrop_85],[1.0000],1,1,1.0000,[[MontroseBeach201508231500_Water_Temperature]]
2025-10-15 19:28:08.851,141.430,Calumet_WaterTempDrop_85,atomic,[Calumet_WaterTempDrop_85],[1.0000],1,1,1.0000,[[CalumetBeach201508231500_Water_Temperature]]
2025-10-15 19:28:08.853,141.432,63rd_WaterTempDrop_85,atomic,[63rd_WaterTempDrop_85],[1.0000],1,1,1.0000,[[63rdStreetBeach201508231500_Water_Temperature]]
2025-10-15 19:28:08.910,141.489,Calumet_WaterTempDrop_85,atomic,[Calumet_WaterTempDrop_85],[1.0000],1,1,1.0000,[[CalumetBeach201508231600_Water_Temperature]]
2025-10-15 19:28:08.912,141.491,Montrose_WaterTempDrop_85,atomic,[Montrose_WaterTempDrop_85],[1.0000],1,1,1.0000,[[MontroseBeach201508231600_Water_Temperature]]
2025-10-15 19:28:08.913,141.492,63rd_WaterTempDrop_85,atomic,[63rd_WaterTempDrop_85],[1.0000],1,1,1.0000,[[63rdStreetBeach201508231600_Water_Temperature]]
2025-10-15 19:28:08.974,141.553,Montrose_WaterTempDrop_85,atomic,[Montrose_WaterTempDrop_85],[1.0000],1,1,1.0000,[[MontroseBeach201508231700_Water_Temperature]]
2025-10-15 19:28:08.975,141.554,Calumet_WaterTempDrop_85,atomic,[Calumet_WaterTempDrop_85],[1.0000],1,1,1.0000,[[CalumetBeach201508231700_Water_Temperature]]
2025-10-15 19:28:08.977,141.556,63rd_WaterTempDrop_85,atomic,[63rd_WaterTempDrop_85],[1.0000],1,1,1.0000,[[63rdStreetBeach201508231700_Water_Temperature]]
2025-10-15 19:28:09.035,141.614,Montrose_WaterTempDrop_85,atomic,[Montrose_WaterTempDrop_85],[1.0000],1,1,1.0000,[[MontroseBeach201508231800_Water_Temperature]]
2025-10-15 19:28:09.038,141.617,Calumet_WaterTempDrop_85,atomic,[Calumet_WaterTempDrop_85],[1.0000],1,1,1.0000,[[CalumetBeach201508231800_Water_Temperature]]
2025-10-15 19:28:09.039,141.618,63rd_WaterTempDrop_85,atomic,[63rd_WaterTempDrop_85],[1.0000],1,1,1.0000,[[63rdStreetBeach201508231800_Water_Temperature]]
2025-10-15 19:28:09.096,141.675,63rd_WaterTempDrop_85,atomic,[63rd_WaterTempDrop_85],[1.0000],1,1,1.0000,[[63rdStreetBeach201508231900_Water_Temperature]]
2025-10-15 19:28:09.099,141.678,Calumet_WaterTempDrop_85,atomic,[Calumet_WaterTempDrop_85],[1.0000],1,1,1.0000,[[CalumetBeach201508231900_Water_Temperature]]
2025-10-15 19:28:09.100,141.679,Montrose_WaterTempDrop_85,atomic,[Montrose_WaterTempDrop_85],[1.0000],1,1,1.0000,[[MontroseBeach201508231900_Water_Temperature]]
2025-10-15 19:28:09.156,141.735,Calumet_WaterTempDrop_85,atomic,[Calumet_WaterTempDrop_85],[0.9731],1,1,0.9731,[[CalumetBeach201508232000_Water_Temperature]]
2025-10-15 19:28:09.159,141.738,Montrose_WaterTempDrop_85,atomic,[Montrose_WaterTempDrop_85],[1.0000],1,1,1.0000,[[MontroseBeach201508232000_Water_Temperature]]
2025-10-15 19:28:09.162,141.741,63rd_WaterTempDrop_85,atomic,[63rd_WaterTempDrop_85],[1.0000],1,1,1.0000,[[63rdStreetBeach201508232000_Water_Temperature]]
2025-10-15 19:28:09.218,141.797,63rd_WaterTempDrop_85,atomic,[63rd_WaterTempDrop_85],[0.9707],1,1,0.9707,[[63rdStreetBeach201508232100_Water_Temperature]]
2025-10-15 19:28:09.220,141.799,Calumet_WaterTempDrop_85,atomic,[Calumet_WaterTempDrop_85],[1.0000],1,1,1.0000,[[CalumetBeach201508232100_Water_Temperature]]
2025-10-15 19:28:09.221,141.800,Montrose_WaterTempDrop_85,atomic,[Montrose_WaterTempDrop_85],[1.0000],1,1,1.0000,[[MontroseBeach201508232100_Water_Temperature]]
2025-10-15 19:28:09.285,141.864,Calumet_WaterTempDrop_85,atomic,[Calumet_WaterTempDrop_85],[1.0000],1,1,1.0000,[[CalumetBeach201508232200_Water_Temperature]]
2025-10-15 19:28:09.286,141.865,Montrose_WaterTempDrop_85,atomic,[Montrose_WaterTempDrop_85],[0.9726],1,1,0.9726,[[MontroseBeach201508232200_Water_Temperature]]
2025-10-15 19:28:09.344,141.923,Calumet_WaterTempDrop_85,atomic,[Calumet_WaterTempDrop_85],[1.0000],1,1,1.0000,[[CalumetBeach201508232300_Water_Temperature]]
2025-10-15 19:28:09.345,141.924,Montrose_WaterTempDrop_85,atomic,[Montrose_WaterTempDrop_85],[1.0000],1,1,1.0000,[[MontroseBeach201508232300_Water_Temperature]]
2025-10-15 19:28:09.406,141.985,Montrose_WaterTempDrop_85,atomic,[Montrose_WaterTempDrop_85],[1.0000],1,1,1.0000,[[MontroseBeach201508242400_Water_Temperature]]
2025-10-15 19:28:09.408,141.987,Calumet_WaterTempDrop_85,atomic,[Calumet_WaterTempDrop_85],[1.0000],1,1,1.0000,[[CalumetBeach201508242400_Water_Temperature]]
2025-10-15 19:28:09.411,141.990,63rd_WaterTempDrop_85,atomic,[63rd_WaterTempDrop_85],[1.0000],1,1,1.0000,[[63rdStreetBeach201508242400_Water_Temperature]]
2025-10-15 19:28:09.467,142.046,Calumet_WaterTempDrop_85,atomic,[Calumet_WaterTempDrop_85],[0.9714],1,1,0.9714,[[CalumetBeach201508240100_Water_Temperature]]
2025-10-15 19:28:09.472,142.051,63rd_WaterTempDrop_85,atomic,[63rd_WaterTempDrop_85],[1.0000],1,1,1.0000,[[63rdStreetBeach201508240100_Water_Temperature]]
2025-10-15 19:28:09.473,142.052,Montrose_WaterTempDrop_85,atomic,[Montrose_WaterTempDrop_85],[1.0000],1,1,1.0000,[[MontroseBeach201508240100_Water_Temperature]]
2025-10-15 19:28:09.530,142.109,Montrose_WaterTempDrop_85,atomic,[Montrose_WaterTempDrop_85],[0.9709],1,1,0.9709,[[MontroseBeach201508240200_Water_Temperature]]
2025-10-15 19:28:09.531,142.110,63rd_WaterTempDrop_85,atomic,[63rd_WaterTempDrop_85],[1.0000],1,1,1.0000,[[63rdStreetBeach201508240200_Water_Temperature]]
2025-10-15 19:28:09.534,142.113,Calumet_WaterTempDrop_85,atomic,[Calumet_WaterTempDrop_85],[1.0000],1,1,1.0000,[[CalumetBeach201508240200_Water_Temperature]]
2025-10-15 19:28:09.595,142.174,Calumet_WaterTempDrop_85,atomic,[Calumet_WaterTempDrop_85],[1.0000],1,1,1.0000,[[CalumetBeach201508240300_Water_Temperature]]
2025-10-15 19:28:09.598,142.177,63rd_WaterTempDrop_85,atomic,[63rd_WaterTempDrop_85],[1.0000],1,1,1.0000,[[63rdStreetBeach201508240300_Water_Temperature]]
2025-10-15 19:28:09.598,142.177,Montrose_WaterTempDrop_85,atomic,[Montrose_WaterTempDrop_85],[1.0000],1,1,1.0000,[[MontroseBeach201508240300_Water_Temperature]]
2025-10-15 19:28:09.670,142.249,Calumet_WaterTempDrop_85,atomic,[Calumet_WaterTempDrop_85],[1.0000],1,1,1.0000,[[CalumetBeach201508240400_Water_Temperature]]
2025-10-15 19:28:09.672,142.251,Montrose_WaterTempDrop_85,atomic,[Montrose_WaterTempDrop_85],[1.0000],1,1,1.0000,[[MontroseBeach201508240400_Water_Temperature]]
2025-10-15 19:28:09.674,142.253,63rd_WaterTempDrop_85,atomic,[63rd_WaterTempDrop_85],[1.0000],1,1,1.0000,[[63rdStreetBeach201508240400_Water_Temperature]]
2025-10-15 19:28:09.719,142.298,Montrose_WaterTempDrop_85,atomic,[Montrose_WaterTempDrop_85],[1.0000],1,1,1.0000,[[MontroseBeach201508240500_Water_Temperature]]
2025-10-15 19:28:09.723,142.302,63rd_WaterTempDrop_85,atomic,[63rd_WaterTempDrop_85],[1.0000],1,1,1.0000,[[63rdStreetBeach201508240500_Water_Temperature]]
2025-10-15 19:28:09.724,142.303,Calumet_WaterTempDrop_85,atomic,[Calumet_WaterTempDrop_85],[1.0000],1,1,1.0000,[[CalumetBeach201508240500_Water_Temperature]]
2025-10-15 19:28:09.780,142.359,Calumet_WaterTempDrop_85,atomic,[Calumet_WaterTempDrop_85],[0.9705],1,1,0.9705,[[CalumetBeach201508240600_Water_Temperature]]
2025-10-15 19:28:09.783,142.362,63rd_WaterTempDrop_85,atomic,[63rd_WaterTempDrop_85],[1.0000],1,1,1.0000,[[63rdStreetBeach201508240600_Water_Temperature]]
2025-10-15 19:28:09.786,142.365,Montrose_WaterTempDrop_85,atomic,[Montrose_WaterTempDrop_85],[1.0000],1,1,1.0000,[[MontroseBeach201508240600_Water_Temperature]]
2025-10-15 19:28:09.847,142.426,63rd_WaterTempDrop_85,atomic,[63rd_WaterTempDrop_85],[1.0000],1,1,1.0000,[[63rdStreetBeach201508240700_Water_Temperature]]
2025-10-15 19:28:09.848,142.427,Calumet_WaterTempDrop_85,atomic,[Calumet_WaterTempDrop_85],[1.0000],1,1,1.0000,[[CalumetBeach201508240700_Water_Temperature]]
2025-10-15 19:28:09.849,142.428,Montrose_WaterTempDrop_85,atomic,[Montrose_WaterTempDrop_85],[1.0000],1,1,1.0000,[[MontroseBeach201508240700_Water_Temperature]]
2025-10-15 19:28:09.906,142.485,Montrose_WaterTempDrop_85,atomic,[Montrose_WaterTempDrop_85],[1.0000],1,1,1.0000,[[MontroseBeach201508240800_Water_Temperature]]
2025-10-15 19:28:09.908,142.487,63rd_WaterTempDrop_85,atomic,[63rd_WaterTempDrop_85],[1.0000],1,1,1.0000,[[63rdStreetBeach201508240800_Water_Temperature]]
2025-10-15 19:28:09.909,142.488,Calumet_WaterTempDrop_85,atomic,[Calumet_WaterTempDrop_85],[1.0000],1,1,1.0000,[[CalumetBeach201508240800_Water_Temperature]]
2025-10-15 19:28:09.971,142.550,Montrose_WaterTempDrop_85,atomic,[Montrose_WaterTempDrop_85],[1.0000],1,1,1.0000,[[MontroseBeach201508240900_Water_Temperature]]
2025-10-15 19:28:09.972,142.551,63rd_WaterTempDrop_85,atomic,[63rd_WaterTempDrop_85],[1.0000],1,1,1.0000,[[63rdStreetBeach201508240900_Water_Temperature]]
2025-10-15 19:28:09.973,142.552,Calumet_WaterTempDrop_85,atomic,[Calumet_WaterTempDrop_85],[1.0000],1,1,1.0000,[[CalumetBeach201508240900_Water_Temperature]]
2025-10-15 19:28:10.029,142.608,Calumet_WaterTempDrop_85,atomic,[Calumet_WaterTempDrop_85],[1.0000],1,1,1.0000,[[CalumetBeach201508241000_Water_Temperature]]
2025-10-15 19:28:10.030,142.609,63rd_WaterTempDrop_85,atomic,[63rd_WaterTempDrop_85],[1.0000],1,1,1.0000,[[63rdStreetBeach201508241000_Water_Temperature]]
2025-10-15 19:28:10.033,142.612,Montrose_WaterTempDrop_85,atomic,[Montrose_WaterTempDrop_85],[1.0000],1,1,1.0000,[[MontroseBeach201508241000_Water_Temperature]]
2025-10-15 19:28:10.091,142.670,63rd_WaterTempDrop_85,atomic,[63rd_WaterTempDrop_85],[1.0000],1,1,1.0000,[[63rdStreetBeach201508241100_Water_Temperature]]
2025-10-15 19:28:10.091,142.670,Montrose_WaterTempDrop_85,atomic,[Montrose_WaterTempDrop_85],[1.0000],1,1,1.0000,[[MontroseBeach201508241100_Water_Temperature]]
2025-10-15 19:28:10.093,142.672,Calumet_WaterTempDrop_85,atomic,[Calumet_WaterTempDrop_85],[1.0000],1,1,1.0000,[[CalumetBeach201508241100_Water_Temperature]]
2025-10-15 19:28:10.152,142.731,63rd_WaterTempDrop_85,atomic,[63rd_WaterTempDrop_85],[1.0000],1,1,1.0000,[[63rdStreetBeach201508241200_Water_Temperature]]
2025-10-15 19:28:10.153,142.732,Calumet_WaterTempDrop_85,atomic,[Calumet_WaterTempDrop_85],[1.0000],1,1,1.0000,[[CalumetBeach201508241200_Water_Temperature]]
2025-10-15 19:28:10.156,142.735,Montrose_WaterTempDrop_85,atomic,[Montrose_WaterTempDrop_85],[1.0000],1,1,1.0000,[[MontroseBeach201508241200_Water_Temperature]]
2025-10-15 19:28:10.215,142.794,63rd_WaterTempDrop_85,atomic,[63rd_WaterTempDrop_85],[1.0000],1,1,1.0000,[[63rdStreetBeach201508241300_Water_Temperature]]
2025-10-15 19:28:10.215,142.794,Calumet_WaterTempDrop_85,atomic,[Calumet_WaterTempDrop_85],[0.9711],1,1,0.9711,[[CalumetBeach201508241300_Water_Temperature]]
2025-10-15 19:28:10.220,142.799,Montrose_WaterTempDrop_85,atomic,[Montrose_WaterTempDrop_85],[1.0000],1,1,1.0000,[[MontroseBeach201508241300_Water_Temperature]]
2025-10-15 19:28:10.273,142.852,Calumet_WaterTempDrop_85,atomic,[Calumet_WaterTempDrop_85],[0.9675],1,1,0.9675,[[CalumetBeach201508241400_Water_Temperature]]
2025-10-15 19:28:10.277,142.856,Montrose_WaterTempDrop_85,atomic,[Montrose_WaterTempDrop_85],[1.0000],1,1,1.0000,[[MontroseBeach201508241400_Water_Temperature]]
2025-10-15 19:28:10.340,142.919,63rd_WaterTempDrop_85,atomic,[63rd_WaterTempDrop_85],[1.0000],1,1,1.0000,[[63rdStreetBeach201508241500_Water_Temperature]]
2025-10-15 19:28:10.343,142.922,Montrose_WaterTempDrop_85,atomic,[Montrose_WaterTempDrop_85],[1.0000],1,1,1.0000,[[MontroseBeach201508241500_Water_Temperature]]
2025-10-15 19:28:10.345,142.924,Calumet_WaterTempDrop_85,atomic,[Calumet_WaterTempDrop_85],[0.9634],1,1,0.9634,[[CalumetBeach201508241500_Water_Temperature]]
2025-10-15 19:28:10.413,142.992,Montrose_WaterTempDrop_85,atomic,[Montrose_WaterTempDrop_85],[0.9729],1,1,0.9729,[[MontroseBeach201508241600_Water_Temperature]]
2025-10-15 19:28:10.416,142.995,Calumet_WaterTempDrop_85,atomic,[Calumet_WaterTempDrop_85],[0.9588],1,1,0.9588,[[CalumetBeach201508241600_Water_Temperature]]
2025-10-15 19:28:10.417,142.996,63rd_WaterTempDrop_85,atomic,[63rd_WaterTempDrop_85],[1.0000],1,1,1.0000,[[63rdStreetBeach201508241600_Water_Temperature]]
2025-10-15 19:28:10.479,143.058,63rd_WaterTempDrop_85,atomic,[63rd_WaterTempDrop_85],[1.0000],1,1,1.0000,[[63rdStreetBeach201508241700_Water_Temperature]]
2025-10-15 19:28:10.481,143.060,Montrose_WaterTempDrop_85,atomic,[Montrose_WaterTempDrop_85],[1.0000],1,1,1.0000,[[MontroseBeach201508241700_Water_Temperature]]
2025-10-15 19:28:10.483,143.062,Calumet_WaterTempDrop_85,atomic,[Calumet_WaterTempDrop_85],[1.0000],1,1,1.0000,[[CalumetBeach201508241700_Water_Temperature]]
2025-10-15 19:28:10.542,143.121,Montrose_WaterTempDrop_85,atomic,[Montrose_WaterTempDrop_85],[1.0000],1,1,1.0000,[[MontroseBeach201508241800_Water_Temperature]]
2025-10-15 19:28:10.542,143.121,63rd_WaterTempDrop_85,atomic,[63rd_WaterTempDrop_85],[0.9733],1,1,0.9733,[[63rdStreetBeach201508241800_Water_Temperature]]
2025-10-15 19:28:10.546,143.125,Calumet_WaterTempDrop_85,atomic,[Calumet_WaterTempDrop_85],[1.0000],1,1,1.0000,[[CalumetBeach201508241800_Water_Temperature]]
2025-10-15 19:28:10.602,143.181,63rd_WaterTempDrop_85,atomic,[63rd_WaterTempDrop_85],[1.0000],1,1,1.0000,[[63rdStreetBeach201508241900_Water_Temperature]]
2025-10-15 19:28:10.605,143.184,Calumet_WaterTempDrop_85,atomic,[Calumet_WaterTempDrop_85],[1.0000],1,1,1.0000,[[CalumetBeach201508241900_Water_Temperature]]
2025-10-15 19:28:10.607,143.186,Montrose_WaterTempDrop_85,atomic,[Montrose_WaterTempDrop_85],[1.0000],1,1,1.0000,[[MontroseBeach201508241900_Water_Temperature]]
2025-10-15 19:28:10.665,143.244,Calumet_WaterTempDrop_85,atomic,[Calumet_WaterTempDrop_85],[1.0000],1,1,1.0000,[[CalumetBeach201508242000_Water_Temperature]]
2025-10-15 19:28:10.668,143.247,Montrose_WaterTempDrop_85,atomic,[Montrose_WaterTempDrop_85],[1.0000],1,1,1.0000,[[MontroseBeach201508242000_Water_Temperature]]
2025-10-15 19:28:10.670,143.249,63rd_WaterTempDrop_85,atomic,[63rd_WaterTempDrop_85],[1.0000],1,1,1.0000,[[63rdStreetBeach201508242000_Water_Temperature]]
2025-10-15 19:28:10.727,143.306,63rd_WaterTempDrop_85,atomic,[63rd_WaterTempDrop_85],[1.0000],1,1,1.0000,[[63rdStreetBeach201508242100_Water_Temperature]]
2025-10-15 19:28:10.728,143.307,Calumet_WaterTempDrop_85,atomic,[Calumet_WaterTempDrop_85],[1.0000],1,1,1.0000,[[CalumetBeach201508242100_Water_Temperature]]
2025-10-15 19:28:10.729,143.308,Montrose_WaterTempDrop_85,atomic,[Montrose_WaterTempDrop_85],[1.0000],1,1,1.0000,[[MontroseBeach201508242100_Water_Temperature]]
2025-10-15 19:28:10.790,143.369,63rd_WaterTempDrop_85,atomic,[63rd_WaterTempDrop_85],[1.0000],1,1,1.0000,[[63rdStreetBeach201508242200_Water_Temperature]]
2025-10-15 19:28:10.791,143.370,Calumet_WaterTempDrop_85,atomic,[Calumet_WaterTempDrop_85],[1.0000],1,1,1.0000,[[CalumetBeach201508242200_Water_Temperature]]
2025-10-15 19:28:10.793,143.372,Montrose_WaterTempDrop_85,atomic,[Montrose_WaterTempDrop_85],[1.0000],1,1,1.0000,[[MontroseBeach201508242200_Water_Temperature]]
2025-10-15 19:28:10.850,143.429,63rd_WaterTempDrop_85,atomic,[63rd_WaterTempDrop_85],[1.0000],1,1,1.0000,[[63rdStreetBeach201508242300_Water_Temperature]]
2025-10-15 19:28:10.851,143.430,Calumet_WaterTempDrop_85,atomic,[Calumet_WaterTempDrop_85],[1.0000],1,1,1.0000,[[CalumetBeach201508242300_Water_Temperature]]
2025-10-15 19:28:10.853,143.432,Montrose_WaterTempDrop_85,atomic,[Montrose_WaterTempDrop_85],[1.0000],1,1,1.0000,[[MontroseBeach201508242300_Water_Temperature]]
2025-10-15 19:28:10.913,143.492,Montrose_WaterTempDrop_85,atomic,[Montrose_WaterTempDrop_85],[1.0000],1,1,1.0000,[[MontroseBeach201508252400_Water_Temperature]]
2025-10-15 19:28:10.916,143.495,63rd_WaterTempDrop_85,atomic,[63rd_WaterTempDrop_85],[1.0000],1,1,1.0000,[[63rdStreetBeach201508252400_Water_Temperature]]
2025-10-15 19:28:10.916,143.495,Calumet_WaterTempDrop_85,atomic,[Calumet_WaterTempDrop_85],[1.0000],1,1,1.0000,[[CalumetBeach201508252400_Water_Temperature]]
2025-10-15 19:28:10.975,143.554,Montrose_WaterTempDrop_85,atomic,[Montrose_WaterTempDrop_85],[1.0000],1,1,1.0000,[[MontroseBeach201508250100_Water_Temperature]]
2025-10-15 19:28:10.977,143.556,Calumet_WaterTempDrop_85,atomic,[Calumet_WaterTempDrop_85],[1.0000],1,1,1.0000,[[CalumetBeach201508250100_Water_Temperature]]
2025-10-15 19:28:10.978,143.557,63rd_WaterTempDrop_85,atomic,[63rd_WaterTempDrop_85],[1.0000],1,1,1.0000,[[63rdStreetBeach201508250100_Water_Temperature]]
2025-10-15 19:28:11.039,143.618,Montrose_WaterTempDrop_85,atomic,[Montrose_WaterTempDrop_85],[1.0000],1,1,1.0000,[[MontroseBeach201508250200_Water_Temperature]]
2025-10-15 19:28:11.042,143.621,Calumet_WaterTempDrop_85,atomic,[Calumet_WaterTempDrop_85],[1.0000],1,1,1.0000,[[CalumetBeach201508250200_Water_Temperature]]
2025-10-15 19:28:11.044,143.623,63rd_WaterTempDrop_85,atomic,[63rd_WaterTempDrop_85],[1.0000],1,1,1.0000,[[63rdStreetBeach201508250200_Water_Temperature]]
2025-10-15 19:28:11.102,143.681,Calumet_WaterTempDrop_85,atomic,[Calumet_WaterTempDrop_85],[1.0000],1,1,1.0000,[[CalumetBeach201508250300_Water_Temperature]]
2025-10-15 19:28:11.103,143.682,63rd_WaterTempDrop_85,atomic,[63rd_WaterTempDrop_85],[1.0000],1,1,1.0000,[[63rdStreetBeach201508250300_Water_Temperature]]
2025-10-15 19:28:11.105,143.684,Montrose_WaterTempDrop_85,atomic,[Montrose_WaterTempDrop_85],[1.0000],1,1,1.0000,[[MontroseBeach201508250300_Water_Temperature]]
2025-10-15 19:28:11.163,143.742,63rd_WaterTempDrop_85,atomic,[63rd_WaterTempDrop_85],[1.0000],1,1,1.0000,[[63rdStreetBeach201508250400_Water_Temperature]]
2025-10-15 19:28:11.164,143.743,Calumet_WaterTempDrop_85,atomic,[Calumet_WaterTempDrop_85],[1.0000],1,1,1.0000,[[CalumetBeach201508250400_Water_Temperature]]
2025-10-15 19:28:11.166,143.745,Montrose_WaterTempDrop_85,atomic,[Montrose_WaterTempDrop_85],[1.0000],1,1,1.0000,[[MontroseBeach201508250400_Water_Temperature]]
2025-10-15 19:28:11.225,143.804,63rd_WaterTempDrop_85,atomic,[63rd_WaterTempDrop_85],[0.9728],1,1,0.9728,[[63rdStreetBeach201508250500_Water_Temperature]]
2025-10-15 19:28:11.226,143.805,Calumet_WaterTempDrop_85,atomic,[Calumet_WaterTempDrop_85],[1.0000],1,1,1.0000,[[CalumetBeach201508250500_Water_Temperature]]
2025-10-15 19:28:11.228,143.807,Montrose_WaterTempDrop_85,atomic,[Montrose_WaterTempDrop_85],[1.0000],1,1,1.0000,[[MontroseBeach201508250500_Water_Temperature]]
2025-10-15 19:28:11.284,143.863,Calumet_WaterTempDrop_85,atomic,[Calumet_WaterTempDrop_85],[1.0000],1,1,1.0000,[[CalumetBeach201508250600_Water_Temperature]]
2025-10-15 19:28:11.289,143.868,63rd_WaterTempDrop_85,atomic,[63rd_WaterTempDrop_85],[1.0000],1,1,1.0000,[[63rdStreetBeach201508250600_Water_Temperature]]
2025-10-15 19:28:11.290,143.869,Montrose_WaterTempDrop_85,atomic,[Montrose_WaterTempDrop_85],[1.0000],1,1,1.0000,[[MontroseBeach201508250600_Water_Temperature]]
2025-10-15 19:28:11.346,143.925,Calumet_WaterTempDrop_85,atomic,[Calumet_WaterTempDrop_85],[0.9726],1,1,0.9726,[[CalumetBeach201508250700_Water_Temperature]]
2025-10-15 19:28:11.350,143.929,63rd_WaterTempDrop_85,atomic,[63rd_WaterTempDrop_85],[0.9699],1,1,0.9699,[[63rdStreetBeach201508250700_Water_Temperature]]
2025-10-15 19:28:11.351,143.930,Montrose_WaterTempDrop_85,atomic,[Montrose_WaterTempDrop_85],[1.0000],1,1,1.0000,[[MontroseBeach201508250700_Water_Temperature]]
2025-10-15 19:28:11.410,143.989,63rd_WaterTempDrop_85,atomic,[63rd_WaterTempDrop_85],[1.0000],1,1,1.0000,[[63rdStreetBeach201508250800_Water_Temperature]]
2025-10-15 19:28:11.411,143.990,Calumet_WaterTempDrop_85,atomic,[Calumet_WaterTempDrop_85],[1.0000],1,1,1.0000,[[CalumetBeach201508250800_Water_Temperature]]
2025-10-15 19:28:11.412,143.991,Montrose_WaterTempDrop_85,atomic,[Montrose_WaterTempDrop_85],[1.0000],1,1,1.0000,[[MontroseBeach201508250800_Water_Temperature]]
2025-10-15 19:28:11.471,144.050,Calumet_WaterTempDrop_85,atomic,[Calumet_WaterTempDrop_85],[1.0000],1,1,1.0000,[[CalumetBeach201508250900_Water_Temperature]]
2025-10-15 19:28:11.472,144.051,Montrose_WaterTempDrop_85,atomic,[Montrose_WaterTempDrop_85],[1.0000],1,1,1.0000,[[MontroseBeach201508250900_Water_Temperature]]
2025-10-15 19:28:11.533,144.112,Montrose_WaterTempDrop_85,atomic,[Montrose_WaterTempDrop_85],[1.0000],1,1,1.0000,[[MontroseBeach201508251000_Water_Temperature]]
2025-10-15 19:28:11.534,144.113,Calumet_WaterTempDrop_85,atomic,[Calumet_WaterTempDrop_85],[1.0000],1,1,1.0000,[[CalumetBeach201508251000_Water_Temperature]]
2025-10-15 19:28:11.535,144.114,63rd_WaterTempDrop_85,atomic,[63rd_WaterTempDrop_85],[1.0000],1,1,1.0000,[[63rdStreetBeach201508251000_Water_Temperature]]
2025-10-15 19:28:11.593,144.172,Montrose_WaterTempDrop_85,atomic,[Montrose_WaterTempDrop_85],[0.9733],1,1,0.9733,[[MontroseBeach201508251100_Water_Temperature]]
2025-10-15 19:28:11.597,144.176,63rd_WaterTempDrop_85,atomic,[63rd_WaterTempDrop_85],[1.0000],1,1,1.0000,[[63rdStreetBeach201508251100_Water_Temperature]]
2025-10-15 19:28:11.599,144.178,Calumet_WaterTempDrop_85,atomic,[Calumet_WaterTempDrop_85],[1.0000],1,1,1.0000,[[CalumetBeach201508251100_Water_Temperature]]
2025-10-15 19:28:11.656,144.235,Montrose_WaterTempDrop_85,atomic,[Montrose_WaterTempDrop_85],[0.9698],1,1,0.9698,[[MontroseBeach201508251200_Water_Temperature]]
2025-10-15 19:28:11.657,144.236,Calumet_WaterTempDrop_85,atomic,[Calumet_WaterTempDrop_85],[1.0000],1,1,1.0000,[[CalumetBeach201508251200_Water_Temperature]]
2025-10-15 19:28:11.721,144.300,Montrose_WaterTempDrop_85,atomic,[Montrose_WaterTempDrop_85],[1.0000],1,1,1.0000,[[MontroseBeach201508251300_Water_Temperature]]
2025-10-15 19:28:11.722,144.301,Calumet_WaterTempDrop_85,atomic,[Calumet_WaterTempDrop_85],[1.0000],1,1,1.0000,[[CalumetBeach201508251300_Water_Temperature]]
2025-10-15 19:28:11.784,144.363,Montrose_WaterTempDrop_85,atomic,[Montrose_WaterTempDrop_85],[1.0000],1,1,1.0000,[[MontroseBeach201508251400_Water_Temperature]]
2025-10-15 19:28:11.784,144.363,Calumet_WaterTempDrop_85,atomic,[Calumet_WaterTempDrop_85],[1.0000],1,1,1.0000,[[CalumetBeach201508251400_Water_Temperature]]
2025-10-15 19:28:11.845,144.424,Montrose_WaterTempDrop_85,atomic,[Montrose_WaterTempDrop_85],[0.9681],1,1,0.9681,[[MontroseBeach201508251500_Water_Temperature]]
2025-10-15 19:28:11.847,144.426,Calumet_WaterTempDrop_85,atomic,[Calumet_WaterTempDrop_85],[1.0000],1,1,1.0000,[[CalumetBeach201508251500_Water_Temperature]]
2025-10-15 19:28:11.849,144.428,63rd_WaterTempDrop_85,atomic,[63rd_WaterTempDrop_85],[1.0000],1,1,1.0000,[[63rdStreetBeach201508251500_Water_Temperature]]
2025-10-15 19:28:11.907,144.486,63rd_WaterTempDrop_85,atomic,[63rd_WaterTempDrop_85],[1.0000],1,1,1.0000,[[63rdStreetBeach201508251600_Water_Temperature]]
2025-10-15 19:28:11.908,144.487,Montrose_WaterTempDrop_85,atomic,[Montrose_WaterTempDrop_85],[1.0000],1,1,1.0000,[[MontroseBeach201508251600_Water_Temperature]]
2025-10-15 19:28:11.910,144.489,Calumet_WaterTempDrop_85,atomic,[Calumet_WaterTempDrop_85],[1.0000],1,1,1.0000,[[CalumetBeach201508251600_Water_Temperature]]
2025-10-15 19:28:11.972,144.551,63rd_WaterTempDrop_85,atomic,[63rd_WaterTempDrop_85],[1.0000],1,1,1.0000,[[63rdStreetBeach201508251700_Water_Temperature]]
2025-10-15 19:28:11.973,144.552,Calumet_WaterTempDrop_85,atomic,[Calumet_WaterTempDrop_85],[1.0000],1,1,1.0000,[[CalumetBeach201508251700_Water_Temperature]]
2025-10-15 19:28:11.974,144.553,Montrose_WaterTempDrop_85,atomic,[Montrose_WaterTempDrop_85],[1.0000],1,1,1.0000,[[MontroseBeach201508251700_Water_Temperature]]
2025-10-15 19:28:12.033,144.612,Montrose_WaterTempDrop_85,atomic,[Montrose_WaterTempDrop_85],[0.9670],1,1,0.9670,[[MontroseBeach201508251800_Water_Temperature]]
2025-10-15 19:28:12.033,144.612,Calumet_WaterTempDrop_85,atomic,[Calumet_WaterTempDrop_85],[1.0000],1,1,1.0000,[[CalumetBeach201508251800_Water_Temperature]]
2025-10-15 19:28:12.034,144.613,63rd_WaterTempDrop_85,atomic,[63rd_WaterTempDrop_85],[1.0000],1,1,1.0000,[[63rdStreetBeach201508251800_Water_Temperature]]
2025-10-15 19:28:12.095,144.674,Montrose_WaterTempDrop_85,atomic,[Montrose_WaterTempDrop_85],[1.0000],1,1,1.0000,[[MontroseBeach201508251900_Water_Temperature]]
2025-10-15 19:28:12.097,144.676,Calumet_WaterTempDrop_85,atomic,[Calumet_WaterTempDrop_85],[0.9729],1,1,0.9729,[[CalumetBeach201508251900_Water_Temperature]]
2025-10-15 19:28:12.098,144.677,63rd_WaterTempDrop_85,atomic,[63rd_WaterTempDrop_85],[1.0000],1,1,1.0000,[[63rdStreetBeach201508251900_Water_Temperature]]
2025-10-15 19:28:12.165,144.744,63rd_WaterTempDrop_85,atomic,[63rd_WaterTempDrop_85],[1.0000],1,1,1.0000,[[63rdStreetBeach201508252000_Water_Temperature]]
2025-10-15 19:28:12.168,144.747,Montrose_WaterTempDrop_85,atomic,[Montrose_WaterTempDrop_85],[0.9648],1,1,0.9648,[[MontroseBeach201508252000_Water_Temperature]]
2025-10-15 19:28:12.168,144.747,Calumet_WaterTempDrop_85,atomic,[Calumet_WaterTempDrop_85],[1.0000],1,1,1.0000,[[CalumetBeach201508252000_Water_Temperature]]
2025-10-15 19:28:12.236,144.815,Calumet_WaterTempDrop_85,atomic,[Calumet_WaterTempDrop_85],[0.9700],1,1,0.9700,[[CalumetBeach201508252100_Water_Temperature]]
2025-10-15 19:28:12.237,144.816,63rd_WaterTempDrop_85,atomic,[63rd_WaterTempDrop_85],[1.0000],1,1,1.0000,[[63rdStreetBeach201508252100_Water_Temperature]]
2025-10-15 19:28:12.238,144.817,Montrose_WaterTempDrop_85,atomic,[Montrose_WaterTempDrop_85],[1.0000],1,1,1.0000,[[MontroseBeach201508252100_Water_Temperature]]
2025-10-15 19:28:12.295,144.874,Calumet_WaterTempDrop_85,atomic,[Calumet_WaterTempDrop_85],[1.0000],1,1,1.0000,[[CalumetBeach201508252200_Water_Temperature]]
2025-10-15 19:28:12.298,144.877,Montrose_WaterTempDrop_85,atomic,[Montrose_WaterTempDrop_85],[1.0000],1,1,1.0000,[[MontroseBeach201508252200_Water_Temperature]]
2025-10-15 19:28:12.359,144.938,Montrose_WaterTempDrop_85,atomic,[Montrose_WaterTempDrop_85],[1.0000],1,1,1.0000,[[MontroseBeach201508252300_Water_Temperature]]
2025-10-15 19:28:12.361,144.940,63rd_WaterTempDrop_85,atomic,[63rd_WaterTempDrop_85],[1.0000],1,1,1.0000,[[63rdStreetBeach201508252300_Water_Temperature]]
2025-10-15 19:28:12.363,144.942,Calumet_WaterTempDrop_85,atomic,[Calumet_WaterTempDrop_85],[1.0000],1,1,1.0000,[[CalumetBeach201508252300_Water_Temperature]]
2025-10-15 19:28:12.420,144.999,Montrose_WaterTempDrop_85,atomic,[Montrose_WaterTempDrop_85],[0.9665],1,1,0.9665,[[MontroseBeach201508262400_Water_Temperature]]
2025-10-15 19:28:12.421,145.000,Calumet_WaterTempDrop_85,atomic,[Calumet_WaterTempDrop_85],[1.0000],1,1,1.0000,[[CalumetBeach201508262400_Water_Temperature]]
2025-10-15 19:28:12.424,145.003,63rd_WaterTempDrop_85,atomic,[63rd_WaterTempDrop_85],[1.0000],1,1,1.0000,[[63rdStreetBeach201508262400_Water_Temperature]]
2025-10-15 19:28:12.484,145.063,Calumet_WaterTempDrop_85,atomic,[Calumet_WaterTempDrop_85],[0.9691],1,1,0.9691,[[CalumetBeach201508260100_Water_Temperature]]
2025-10-15 19:28:12.486,145.065,63rd_WaterTempDrop_85,atomic,[63rd_WaterTempDrop_85],[1.0000],1,1,1.0000,[[63rdStreetBeach201508260100_Water_Temperature]]
2025-10-15 19:28:12.487,145.066,Montrose_WaterTempDrop_85,atomic,[Montrose_WaterTempDrop_85],[1.0000],1,1,1.0000,[[MontroseBeach201508260100_Water_Temperature]]
2025-10-15 19:28:12.547,145.126,63rd_WaterTempDrop_85,atomic,[63rd_WaterTempDrop_85],[0.9729],1,1,0.9729,[[63rdStreetBeach201508260200_Water_Temperature]]
2025-10-15 19:28:12.552,145.131,Montrose_WaterTempDrop_85,atomic,[Montrose_WaterTempDrop_85],[1.0000],1,1,1.0000,[[MontroseBeach201508260200_Water_Temperature]]
2025-10-15 19:28:12.552,145.131,Calumet_WaterTempDrop_85,atomic,[Calumet_WaterTempDrop_85],[0.9652],1,1,0.9652,[[CalumetBeach201508260200_Water_Temperature]]
2025-10-15 19:28:12.611,145.190,Montrose_WaterTempDrop_85,atomic,[Montrose_WaterTempDrop_85],[1.0000],1,1,1.0000,[[MontroseBeach201508260300_Water_Temperature]]
2025-10-15 19:28:12.612,145.191,Calumet_WaterTempDrop_85,atomic,[Calumet_WaterTempDrop_85],[1.0000],1,1,1.0000,[[CalumetBeach201508260300_Water_Temperature]]
2025-10-15 19:28:12.671,145.250,Calumet_WaterTempDrop_85,atomic,[Calumet_WaterTempDrop_85],[1.0000],1,1,1.0000,[[CalumetBeach201508260400_Water_Temperature]]
2025-10-15 19:28:12.673,145.252,Montrose_WaterTempDrop_85,atomic,[Montrose_WaterTempDrop_85],[1.0000],1,1,1.0000,[[MontroseBeach201508260400_Water_Temperature]]
2025-10-15 19:28:12.737,145.316,Calumet_WaterTempDrop_85,atomic,[Calumet_WaterTempDrop_85],[1.0000],1,1,1.0000,[[CalumetBeach201508260500_Water_Temperature]]
2025-10-15 19:28:12.738,145.317,Montrose_WaterTempDrop_85,atomic,[Montrose_WaterTempDrop_85],[1.0000],1,1,1.0000,[[MontroseBeach201508260500_Water_Temperature]]
2025-10-15 19:28:12.800,145.379,63rd_WaterTempDrop_85,atomic,[63rd_WaterTempDrop_85],[0.9694],1,1,0.9694,[[63rdStreetBeach201508260600_Water_Temperature]]
2025-10-15 19:28:12.800,145.379,Calumet_WaterTempDrop_85,atomic,[Calumet_WaterTempDrop_85],[1.0000],1,1,1.0000,[[CalumetBeach201508260600_Water_Temperature]]
2025-10-15 19:28:12.803,145.382,Montrose_WaterTempDrop_85,atomic,[Montrose_WaterTempDrop_85],[1.0000],1,1,1.0000,[[MontroseBeach201508260600_Water_Temperature]]
2025-10-15 19:28:12.860,145.439,Montrose_WaterTempDrop_85,atomic,[Montrose_WaterTempDrop_85],[0.9704],1,1,0.9704,[[MontroseBeach201508260700_Water_Temperature]]
2025-10-15 19:28:12.861,145.440,Calumet_WaterTempDrop_85,atomic,[Calumet_WaterTempDrop_85],[1.0000],1,1,1.0000,[[CalumetBeach201508260700_Water_Temperature]]
2025-10-15 19:28:12.922,145.501,Montrose_WaterTempDrop_85,atomic,[Montrose_WaterTempDrop_85],[0.9667],1,1,0.9667,[[MontroseBeach201508260800_Water_Temperature]]
2025-10-15 19:28:12.924,145.503,Calumet_WaterTempDrop_85,atomic,[Calumet_WaterTempDrop_85],[1.0000],1,1,1.0000,[[CalumetBeach201508260800_Water_Temperature]]
2025-10-15 19:28:12.926,145.505,63rd_WaterTempDrop_85,atomic,[63rd_WaterTempDrop_85],[1.0000],1,1,1.0000,[[63rdStreetBeach201508260800_Water_Temperature]]
2025-10-15 19:28:12.988,145.567,63rd_WaterTempDrop_85,atomic,[63rd_WaterTempDrop_85],[1.0000],1,1,1.0000,[[63rdStreetBeach201508260900_Water_Temperature]]
2025-10-15 19:28:12.990,145.569,Calumet_WaterTempDrop_85,atomic,[Calumet_WaterTempDrop_85],[1.0000],1,1,1.0000,[[CalumetBeach201508260900_Water_Temperature]]
2025-10-15 19:28:12.991,145.570,Montrose_WaterTempDrop_85,atomic,[Montrose_WaterTempDrop_85],[1.0000],1,1,1.0000,[[MontroseBeach201508260900_Water_Temperature]]
2025-10-15 19:28:13.044,145.623,Montrose_WaterTempDrop_85,atomic,[Montrose_WaterTempDrop_85],[0.9647],1,1,0.9647,[[MontroseBeach201508261000_Water_Temperature]]
2025-10-15 19:28:13.050,145.629,Calumet_WaterTempDrop_85,atomic,[Calumet_WaterTempDrop_85],[1.0000],1,1,1.0000,[[CalumetBeach201508261000_Water_Temperature]]
2025-10-15 19:28:13.051,145.630,63rd_WaterTempDrop_85,atomic,[63rd_WaterTempDrop_85],[1.0000],1,1,1.0000,[[63rdStreetBeach201508261000_Water_Temperature]]
2025-10-15 19:28:13.109,145.688,Calumet_WaterTempDrop_85,atomic,[Calumet_WaterTempDrop_85],[1.0000],1,1,1.0000,[[CalumetBeach201508261100_Water_Temperature]]
2025-10-15 19:28:13.111,145.690,Montrose_WaterTempDrop_85,atomic,[Montrose_WaterTempDrop_85],[1.0000],1,1,1.0000,[[MontroseBeach201508261100_Water_Temperature]]
2025-10-15 19:28:13.172,145.751,63rd_WaterTempDrop_85,atomic,[63rd_WaterTempDrop_85],[1.0000],1,1,1.0000,[[63rdStreetBeach201508261200_Water_Temperature]]
2025-10-15 19:28:13.173,145.752,Calumet_WaterTempDrop_85,atomic,[Calumet_WaterTempDrop_85],[1.0000],1,1,1.0000,[[CalumetBeach201508261200_Water_Temperature]]
2025-10-15 19:28:13.177,145.756,Montrose_WaterTempDrop_85,atomic,[Montrose_WaterTempDrop_85],[1.0000],1,1,1.0000,[[MontroseBeach201508261200_Water_Temperature]]
2025-10-15 19:28:13.235,145.814,63rd_WaterTempDrop_85,atomic,[63rd_WaterTempDrop_85],[1.0000],1,1,1.0000,[[63rdStreetBeach201508261300_Water_Temperature]]
2025-10-15 19:28:13.237,145.816,Montrose_WaterTempDrop_85,atomic,[Montrose_WaterTempDrop_85],[1.0000],1,1,1.0000,[[MontroseBeach201508261300_Water_Temperature]]
2025-10-15 19:28:13.238,145.817,Calumet_WaterTempDrop_85,atomic,[Calumet_WaterTempDrop_85],[1.0000],1,1,1.0000,[[CalumetBeach201508261300_Water_Temperature]]
2025-10-15 19:28:13.294,145.873,Montrose_WaterTempDrop_85,atomic,[Montrose_WaterTempDrop_85],[1.0000],1,1,1.0000,[[MontroseBeach201508261400_Water_Temperature]]
2025-10-15 19:28:13.296,145.875,Calumet_WaterTempDrop_85,atomic,[Calumet_WaterTempDrop_85],[1.0000],1,1,1.0000,[[CalumetBeach201508261400_Water_Temperature]]
2025-10-15 19:28:13.359,145.938,Montrose_WaterTempDrop_85,atomic,[Montrose_WaterTempDrop_85],[1.0000],1,1,1.0000,[[MontroseBeach201508261500_Water_Temperature]]
2025-10-15 19:28:13.360,145.939,Calumet_WaterTempDrop_85,atomic,[Calumet_WaterTempDrop_85],[1.0000],1,1,1.0000,[[CalumetBeach201508261500_Water_Temperature]]
2025-10-15 19:28:13.421,146.000,63rd_WaterTempDrop_85,atomic,[63rd_WaterTempDrop_85],[0.9703],1,1,0.9703,[[63rdStreetBeach201508261600_Water_Temperature]]
2025-10-15 19:28:13.423,146.002,Montrose_WaterTempDrop_85,atomic,[Montrose_WaterTempDrop_85],[1.0000],1,1,1.0000,[[MontroseBeach201508261600_Water_Temperature]]
2025-10-15 19:28:13.425,146.004,Calumet_WaterTempDrop_85,atomic,[Calumet_WaterTempDrop_85],[1.0000],1,1,1.0000,[[CalumetBeach201508261600_Water_Temperature]]
2025-10-15 19:28:13.484,146.063,Montrose_WaterTempDrop_85,atomic,[Montrose_WaterTempDrop_85],[1.0000],1,1,1.0000,[[MontroseBeach201508261700_Water_Temperature]]
2025-10-15 19:28:13.484,146.063,Calumet_WaterTempDrop_85,atomic,[Calumet_WaterTempDrop_85],[1.0000],1,1,1.0000,[[CalumetBeach201508261700_Water_Temperature]]
2025-10-15 19:28:13.547,146.126,Montrose_WaterTempDrop_85,atomic,[Montrose_WaterTempDrop_85],[1.0000],1,1,1.0000,[[MontroseBeach201508261800_Water_Temperature]]
2025-10-15 19:28:13.549,146.128,63rd_WaterTempDrop_85,atomic,[63rd_WaterTempDrop_85],[1.0000],1,1,1.0000,[[63rdStreetBeach201508261800_Water_Temperature]]
2025-10-15 19:28:13.550,146.129,Calumet_WaterTempDrop_85,atomic,[Calumet_WaterTempDrop_85],[1.0000],1,1,1.0000,[[CalumetBeach201508261800_Water_Temperature]]
2025-10-15 19:28:13.608,146.187,Calumet_WaterTempDrop_85,atomic,[Calumet_WaterTempDrop_85],[1.0000],1,1,1.0000,[[CalumetBeach201508261900_Water_Temperature]]
2025-10-15 19:28:13.609,146.188,Montrose_WaterTempDrop_85,atomic,[Montrose_WaterTempDrop_85],[1.0000],1,1,1.0000,[[MontroseBeach201508261900_Water_Temperature]]
2025-10-15 19:28:13.611,146.190,63rd_WaterTempDrop_85,atomic,[63rd_WaterTempDrop_85],[1.0000],1,1,1.0000,[[63rdStreetBeach201508261900_Water_Temperature]]
2025-10-15 19:28:13.667,146.246,63rd_WaterTempDrop_85,atomic,[63rd_WaterTempDrop_85],[0.9687],1,1,0.9687,[[63rdStreetBeach201508262000_Water_Temperature]]
2025-10-15 19:28:13.673,146.252,Calumet_WaterTempDrop_85,atomic,[Calumet_WaterTempDrop_85],[1.0000],1,1,1.0000,[[CalumetBeach201508262000_Water_Temperature]]
2025-10-15 19:28:13.673,146.252,Montrose_WaterTempDrop_85,atomic,[Montrose_WaterTempDrop_85],[1.0000],1,1,1.0000,[[MontroseBeach201508262000_Water_Temperature]]
2025-10-15 19:28:13.732,146.311,Montrose_WaterTempDrop_85,atomic,[Montrose_WaterTempDrop_85],[1.0000],1,1,1.0000,[[MontroseBeach201508262100_Water_Temperature]]
2025-10-15 19:28:13.735,146.314,63rd_WaterTempDrop_85,atomic,[63rd_WaterTempDrop_85],[1.0000],1,1,1.0000,[[63rdStreetBeach201508262100_Water_Temperature]]
2025-10-15 19:28:13.735,146.314,Calumet_WaterTempDrop_85,atomic,[Calumet_WaterTempDrop_85],[1.0000],1,1,1.0000,[[CalumetBeach201508262100_Water_Temperature]]
2025-10-15 19:28:13.793,146.372,Calumet_WaterTempDrop_85,atomic,[Calumet_WaterTempDrop_85],[1.0000],1,1,1.0000,[[CalumetBeach201508262200_Water_Temperature]]
2025-10-15 19:28:13.794,146.373,Montrose_WaterTempDrop_85,atomic,[Montrose_WaterTempDrop_85],[1.0000],1,1,1.0000,[[MontroseBeach201508262200_Water_Temperature]]
2025-10-15 19:28:13.855,146.434,Calumet_WaterTempDrop_85,atomic,[Calumet_WaterTempDrop_85],[1.0000],1,1,1.0000,[[CalumetBeach201508262300_Water_Temperature]]
2025-10-15 19:28:13.857,146.436,63rd_WaterTempDrop_85,atomic,[63rd_WaterTempDrop_85],[1.0000],1,1,1.0000,[[63rdStreetBeach201508262300_Water_Temperature]]
2025-10-15 19:28:13.858,146.437,Montrose_WaterTempDrop_85,atomic,[Montrose_WaterTempDrop_85],[0.9725],1,1,0.9725,[[MontroseBeach201508262300_Water_Temperature]]
2025-10-15 19:28:13.917,146.496,63rd_WaterTempDrop_85,atomic,[63rd_WaterTempDrop_85],[0.9676],1,1,0.9676,[[63rdStreetBeach201508272400_Water_Temperature]]
2025-10-15 19:28:13.918,146.497,Montrose_WaterTempDrop_85,atomic,[Montrose_WaterTempDrop_85],[1.0000],1,1,1.0000,[[MontroseBeach201508272400_Water_Temperature]]
2025-10-15 19:28:13.922,146.501,Calumet_WaterTempDrop_85,atomic,[Calumet_WaterTempDrop_85],[1.0000],1,1,1.0000,[[CalumetBeach201508272400_Water_Temperature]]
2025-10-15 19:28:13.981,146.560,Montrose_WaterTempDrop_85,atomic,[Montrose_WaterTempDrop_85],[1.0000],1,1,1.0000,[[MontroseBeach201508270100_Water_Temperature]]
2025-10-15 19:28:13.983,146.562,Calumet_WaterTempDrop_85,atomic,[Calumet_WaterTempDrop_85],[1.0000],1,1,1.0000,[[CalumetBeach201508270100_Water_Temperature]]
2025-10-15 19:28:13.985,146.564,63rd_WaterTempDrop_85,atomic,[63rd_WaterTempDrop_85],[1.0000],1,1,1.0000,[[63rdStreetBeach201508270100_Water_Temperature]]
2025-10-15 19:28:14.041,146.620,63rd_WaterTempDrop_85,atomic,[63rd_WaterTempDrop_85],[1.0000],1,1,1.0000,[[63rdStreetBeach201508270200_Water_Temperature]]
2025-10-15 19:28:14.044,146.623,Montrose_WaterTempDrop_85,atomic,[Montrose_WaterTempDrop_85],[1.0000],1,1,1.0000,[[MontroseBeach201508270200_Water_Temperature]]
2025-10-15 19:28:14.046,146.625,Calumet_WaterTempDrop_85,atomic,[Calumet_WaterTempDrop_85],[1.0000],1,1,1.0000,[[CalumetBeach201508270200_Water_Temperature]]
2025-10-15 19:28:14.103,146.682,63rd_WaterTempDrop_85,atomic,[63rd_WaterTempDrop_85],[1.0000],1,1,1.0000,[[63rdStreetBeach201508270300_Water_Temperature]]
2025-10-15 19:28:14.104,146.683,Montrose_WaterTempDrop_85,atomic,[Montrose_WaterTempDrop_85],[1.0000],1,1,1.0000,[[MontroseBeach201508270300_Water_Temperature]]
2025-10-15 19:28:14.105,146.684,Calumet_WaterTempDrop_85,atomic,[Calumet_WaterTempDrop_85],[1.0000],1,1,1.0000,[[CalumetBeach201508270300_Water_Temperature]]
2025-10-15 19:28:14.163,146.742,Calumet_WaterTempDrop_85,atomic,[Calumet_WaterTempDrop_85],[1.0000],1,1,1.0000,[[CalumetBeach201508270400_Water_Temperature]]
2025-10-15 19:28:14.166,146.745,63rd_WaterTempDrop_85,atomic,[63rd_WaterTempDrop_85],[1.0000],1,1,1.0000,[[63rdStreetBeach201508270400_Water_Temperature]]
2025-10-15 19:28:14.166,146.745,Montrose_WaterTempDrop_85,atomic,[Montrose_WaterTempDrop_85],[1.0000],1,1,1.0000,[[MontroseBeach201508270400_Water_Temperature]]
2025-10-15 19:28:14.225,146.804,Calumet_WaterTempDrop_85,atomic,[Calumet_WaterTempDrop_85],[1.0000],1,1,1.0000,[[CalumetBeach201508270500_Water_Temperature]]
2025-10-15 19:28:14.226,146.805,Montrose_WaterTempDrop_85,atomic,[Montrose_WaterTempDrop_85],[1.0000],1,1,1.0000,[[MontroseBeach201508270500_Water_Temperature]]
2025-10-15 19:28:14.228,146.807,63rd_WaterTempDrop_85,atomic,[63rd_WaterTempDrop_85],[1.0000],1,1,1.0000,[[63rdStreetBeach201508270500_Water_Temperature]]
2025-10-15 19:28:14.287,146.866,Calumet_WaterTempDrop_85,atomic,[Calumet_WaterTempDrop_85],[1.0000],1,1,1.0000,[[CalumetBeach201508270600_Water_Temperature]]
2025-10-15 19:28:14.289,146.868,63rd_WaterTempDrop_85,atomic,[63rd_WaterTempDrop_85],[1.0000],1,1,1.0000,[[63rdStreetBeach201508270600_Water_Temperature]]
2025-10-15 19:28:14.291,146.870,Montrose_WaterTempDrop_85,atomic,[Montrose_WaterTempDrop_85],[1.0000],1,1,1.0000,[[MontroseBeach201508270600_Water_Temperature]]
2025-10-15 19:28:14.347,146.926,63rd_WaterTempDrop_85,atomic,[63rd_WaterTempDrop_85],[0.9705],1,1,0.9705,[[63rdStreetBeach201508270700_Water_Temperature]]
2025-10-15 19:28:14.349,146.928,Montrose_WaterTempDrop_85,atomic,[Montrose_WaterTempDrop_85],[0.9722],1,1,0.9722,[[MontroseBeach201508270700_Water_Temperature]]
2025-10-15 19:28:14.353,146.932,Calumet_WaterTempDrop_85,atomic,[Calumet_WaterTempDrop_85],[1.0000],1,1,1.0000,[[CalumetBeach201508270700_Water_Temperature]]
2025-10-15 19:28:14.408,146.987,63rd_WaterTempDrop_85,atomic,[63rd_WaterTempDrop_85],[1.0000],1,1,1.0000,[[63rdStreetBeach201508270800_Water_Temperature]]
2025-10-15 19:28:14.411,146.990,Montrose_WaterTempDrop_85,atomic,[Montrose_WaterTempDrop_85],[1.0000],1,1,1.0000,[[MontroseBeach201508270800_Water_Temperature]]
2025-10-15 19:28:14.413,146.992,Calumet_WaterTempDrop_85,atomic,[Calumet_WaterTempDrop_85],[1.0000],1,1,1.0000,[[CalumetBeach201508270800_Water_Temperature]]
2025-10-15 19:28:14.473,147.052,63rd_WaterTempDrop_85,atomic,[63rd_WaterTempDrop_85],[1.0000],1,1,1.0000,[[63rdStreetBeach201508270900_Water_Temperature]]
2025-10-15 19:28:14.474,147.053,Montrose_WaterTempDrop_85,atomic,[Montrose_WaterTempDrop_85],[1.0000],1,1,1.0000,[[MontroseBeach201508270900_Water_Temperature]]
2025-10-15 19:28:14.476,147.055,Calumet_WaterTempDrop_85,atomic,[Calumet_WaterTempDrop_85],[1.0000],1,1,1.0000,[[CalumetBeach201508270900_Water_Temperature]]
2025-10-15 19:28:14.534,147.113,63rd_WaterTempDrop_85,atomic,[63rd_WaterTempDrop_85],[0.9690],1,1,0.9690,[[63rdStreetBeach201508271000_Water_Temperature]]
2025-10-15 19:28:14.536,147.115,Calumet_WaterTempDrop_85,atomic,[Calumet_WaterTempDrop_85],[0.9734],1,1,0.9734,[[CalumetBeach201508271000_Water_Temperature]]
2025-10-15 19:28:14.537,147.116,Montrose_WaterTempDrop_85,atomic,[Montrose_WaterTempDrop_85],[1.0000],1,1,1.0000,[[MontroseBeach201508271000_Water_Temperature]]
2025-10-15 19:28:14.597,147.176,63rd_WaterTempDrop_85,atomic,[63rd_WaterTempDrop_85],[1.0000],1,1,1.0000,[[63rdStreetBeach201508271100_Water_Temperature]]
2025-10-15 19:28:14.601,147.180,Calumet_WaterTempDrop_85,atomic,[Calumet_WaterTempDrop_85],[1.0000],1,1,1.0000,[[CalumetBeach201508271100_Water_Temperature]]
2025-10-15 19:28:14.603,147.182,Montrose_WaterTempDrop_85,atomic,[Montrose_WaterTempDrop_85],[1.0000],1,1,1.0000,[[MontroseBeach201508271100_Water_Temperature]]
2025-10-15 19:28:14.656,147.235,Calumet_WaterTempDrop_85,atomic,[Calumet_WaterTempDrop_85],[0.9704],1,1,0.9704,[[CalumetBeach201508271200_Water_Temperature]]
2025-10-15 19:28:14.656,147.235,63rd_WaterTempDrop_85,atomic,[63rd_WaterTempDrop_85],[1.0000],1,1,1.0000,[[63rdStreetBeach201508271200_Water_Temperature]]
2025-10-15 19:28:14.659,147.238,Montrose_WaterTempDrop_85,atomic,[Montrose_WaterTempDrop_85],[0.9709],1,1,0.9709,[[MontroseBeach201508271200_Water_Temperature]]
2025-10-15 19:28:14.720,147.299,63rd_WaterTempDrop_85,atomic,[63rd_WaterTempDrop_85],[1.0000],1,1,1.0000,[[63rdStreetBeach201508271300_Water_Temperature]]
2025-10-15 19:28:14.786,147.365,Calumet_WaterTempDrop_85,atomic,[Calumet_WaterTempDrop_85],[0.9665],1,1,0.9665,[[CalumetBeach201508271500_Water_Temperature]]
2025-10-15 19:28:14.789,147.368,Montrose_WaterTempDrop_85,atomic,[Montrose_WaterTempDrop_85],[1.0000],1,1,1.0000,[[MontroseBeach201508271500_Water_Temperature]]
2025-10-15 19:28:14.842,147.421,Montrose_WaterTempDrop_85,atomic,[Montrose_WaterTempDrop_85],[0.9682],1,1,0.9682,[[MontroseBeach201508271600_Water_Temperature]]
2025-10-15 19:28:14.843,147.422,Calumet_WaterTempDrop_85,atomic,[Calumet_WaterTempDrop_85],[1.0000],1,1,1.0000,[[CalumetBeach201508271600_Water_Temperature]]
2025-10-15 19:28:14.845,147.424,63rd_WaterTempDrop_85,atomic,[63rd_WaterTempDrop_85],[1.0000],1,1,1.0000,[[63rdStreetBeach201508271600_Water_Temperature]]
2025-10-15 19:28:14.903,147.482,63rd_WaterTempDrop_85,atomic,[63rd_WaterTempDrop_85],[0.9697],1,1,0.9697,[[63rdStreetBeach201508271700_Water_Temperature]]
2025-10-15 19:28:14.904,147.483,Calumet_WaterTempDrop_85,atomic,[Calumet_WaterTempDrop_85],[1.0000],1,1,1.0000,[[CalumetBeach201508271700_Water_Temperature]]
2025-10-15 19:28:14.908,147.487,Montrose_WaterTempDrop_85,atomic,[Montrose_WaterTempDrop_85],[1.0000],1,1,1.0000,[[MontroseBeach201508271700_Water_Temperature]]
2025-10-15 19:28:14.965,147.544,Montrose_WaterTempDrop_85,atomic,[Montrose_WaterTempDrop_85],[0.9658],1,1,0.9658,[[MontroseBeach201508271800_Water_Temperature]]
2025-10-15 19:28:14.966,147.545,63rd_WaterTempDrop_85,atomic,[63rd_WaterTempDrop_85],[1.0000],1,1,1.0000,[[63rdStreetBeach201508271800_Water_Temperature]]
2025-10-15 19:28:14.968,147.547,Calumet_WaterTempDrop_85,atomic,[Calumet_WaterTempDrop_85],[1.0000],1,1,1.0000,[[CalumetBeach201508271800_Water_Temperature]]
2025-10-15 19:28:15.027,147.606,Montrose_WaterTempDrop_85,atomic,[Montrose_WaterTempDrop_85],[1.0000],1,1,1.0000,[[MontroseBeach201508271900_Water_Temperature]]
2025-10-15 19:28:15.029,147.608,Calumet_WaterTempDrop_85,atomic,[Calumet_WaterTempDrop_85],[1.0000],1,1,1.0000,[[CalumetBeach201508271900_Water_Temperature]]
2025-10-15 19:28:15.031,147.610,63rd_WaterTempDrop_85,atomic,[63rd_WaterTempDrop_85],[1.0000],1,1,1.0000,[[63rdStreetBeach201508271900_Water_Temperature]]
2025-10-15 19:28:15.088,147.667,Calumet_WaterTempDrop_85,atomic,[Calumet_WaterTempDrop_85],[1.0000],1,1,1.0000,[[CalumetBeach201508272000_Water_Temperature]]
2025-10-15 19:28:15.091,147.670,Montrose_WaterTempDrop_85,atomic,[Montrose_WaterTempDrop_85],[1.0000],1,1,1.0000,[[MontroseBeach201508272000_Water_Temperature]]
2025-10-15 19:28:15.093,147.672,63rd_WaterTempDrop_85,atomic,[63rd_WaterTempDrop_85],[1.0000],1,1,1.0000,[[63rdStreetBeach201508272000_Water_Temperature]]
2025-10-15 19:28:15.149,147.728,Calumet_WaterTempDrop_85,atomic,[Calumet_WaterTempDrop_85],[1.0000],1,1,1.0000,[[CalumetBeach201508272100_Water_Temperature]]
2025-10-15 19:28:15.151,147.730,63rd_WaterTempDrop_85,atomic,[63rd_WaterTempDrop_85],[1.0000],1,1,1.0000,[[63rdStreetBeach201508272100_Water_Temperature]]
2025-10-15 19:28:15.153,147.732,Montrose_WaterTempDrop_85,atomic,[Montrose_WaterTempDrop_85],[1.0000],1,1,1.0000,[[MontroseBeach201508272100_Water_Temperature]]
2025-10-15 19:28:15.213,147.792,63rd_WaterTempDrop_85,atomic,[63rd_WaterTempDrop_85],[0.9700],1,1,0.9700,[[63rdStreetBeach201508272200_Water_Temperature]]
2025-10-15 19:28:15.216,147.795,Montrose_WaterTempDrop_85,atomic,[Montrose_WaterTempDrop_85],[1.0000],1,1,1.0000,[[MontroseBeach201508272200_Water_Temperature]]
2025-10-15 19:28:15.220,147.799,Calumet_WaterTempDrop_85,atomic,[Calumet_WaterTempDrop_85],[1.0000],1,1,1.0000,[[CalumetBeach201508272200_Water_Temperature]]
2025-10-15 19:28:15.275,147.854,63rd_WaterTempDrop_85,atomic,[63rd_WaterTempDrop_85],[1.0000],1,1,1.0000,[[63rdStreetBeach201508272300_Water_Temperature]]
2025-10-15 19:28:15.280,147.859,Calumet_WaterTempDrop_85,atomic,[Calumet_WaterTempDrop_85],[1.0000],1,1,1.0000,[[CalumetBeach201508272300_Water_Temperature]]
2025-10-15 19:28:15.280,147.859,Montrose_WaterTempDrop_85,atomic,[Montrose_WaterTempDrop_85],[1.0000],1,1,1.0000,[[MontroseBeach201508272300_Water_Temperature]]
2025-10-15 19:28:15.335,147.914,63rd_WaterTempDrop_85,atomic,[63rd_WaterTempDrop_85],[1.0000],1,1,1.0000,[[63rdStreetBeach201508282400_Water_Temperature]]
2025-10-15 19:28:15.337,147.916,Calumet_WaterTempDrop_85,atomic,[Calumet_WaterTempDrop_85],[0.9710],1,1,0.9710,[[CalumetBeach201508282400_Water_Temperature]]
2025-10-15 19:28:15.338,147.917,Montrose_WaterTempDrop_85,atomic,[Montrose_WaterTempDrop_85],[1.0000],1,1,1.0000,[[MontroseBeach201508282400_Water_Temperature]]
2025-10-15 19:28:15.397,147.976,Calumet_WaterTempDrop_85,atomic,[Calumet_WaterTempDrop_85],[0.9673],1,1,0.9673,[[CalumetBeach201508280100_Water_Temperature]]
2025-10-15 19:28:15.399,147.978,63rd_WaterTempDrop_85,atomic,[63rd_WaterTempDrop_85],[1.0000],1,1,1.0000,[[63rdStreetBeach201508280100_Water_Temperature]]
2025-10-15 19:28:15.401,147.980,Montrose_WaterTempDrop_85,atomic,[Montrose_WaterTempDrop_85],[1.0000],1,1,1.0000,[[MontroseBeach201508280100_Water_Temperature]]
2025-10-15 19:28:15.459,148.038,Calumet_WaterTempDrop_85,atomic,[Calumet_WaterTempDrop_85],[0.9633],1,1,0.9633,[[CalumetBeach201508280200_Water_Temperature]]
2025-10-15 19:28:15.459,148.038,Montrose_WaterTempDrop_85,atomic,[Montrose_WaterTempDrop_85],[1.0000],1,1,1.0000,[[MontroseBeach201508280200_Water_Temperature]]
2025-10-15 19:28:15.461,148.040,63rd_WaterTempDrop_85,atomic,[63rd_WaterTempDrop_85],[0.9694],1,1,0.9694,[[63rdStreetBeach201508280200_Water_Temperature]]
2025-10-15 19:28:15.519,148.098,Montrose_WaterTempDrop_85,atomic,[Montrose_WaterTempDrop_85],[0.9710],1,1,0.9710,[[MontroseBeach201508280300_Water_Temperature]]
2025-10-15 19:28:15.522,148.101,63rd_WaterTempDrop_85,atomic,[63rd_WaterTempDrop_85],[1.0000],1,1,1.0000,[[63rdStreetBeach201508280300_Water_Temperature]]
2025-10-15 19:28:15.524,148.103,Calumet_WaterTempDrop_85,atomic,[Calumet_WaterTempDrop_85],[1.0000],1,1,1.0000,[[CalumetBeach201508280300_Water_Temperature]]
2025-10-15 19:28:15.584,148.163,63rd_WaterTempDrop_85,atomic,[63rd_WaterTempDrop_85],[0.9670],1,1,0.9670,[[63rdStreetBeach201508280400_Water_Temperature]]
2025-10-15 19:28:15.585,148.164,Montrose_WaterTempDrop_85,atomic,[Montrose_WaterTempDrop_85],[1.0000],1,1,1.0000,[[MontroseBeach201508280400_Water_Temperature]]
2025-10-15 19:28:15.590,148.169,Calumet_WaterTempDrop_85,atomic,[Calumet_WaterTempDrop_85],[1.0000],1,1,1.0000,[[CalumetBeach201508280400_Water_Temperature]]
2025-10-15 19:28:15.648,148.227,Montrose_WaterTempDrop_85,atomic,[Montrose_WaterTempDrop_85],[1.0000],1,1,1.0000,[[MontroseBeach201508280500_Water_Temperature]]
2025-10-15 19:28:15.650,148.229,Calumet_WaterTempDrop_85,atomic,[Calumet_WaterTempDrop_85],[1.0000],1,1,1.0000,[[CalumetBeach201508280500_Water_Temperature]]
2025-10-15 19:28:15.651,148.230,63rd_WaterTempDrop_85,atomic,[63rd_WaterTempDrop_85],[1.0000],1,1,1.0000,[[63rdStreetBeach201508280500_Water_Temperature]]
2025-10-15 19:28:15.712,148.291,Calumet_WaterTempDrop_85,atomic,[Calumet_WaterTempDrop_85],[0.9657],1,1,0.9657,[[CalumetBeach201508280600_Water_Temperature]]
2025-10-15 19:28:15.712,148.291,63rd_WaterTempDrop_85,atomic,[63rd_WaterTempDrop_85],[1.0000],1,1,1.0000,[[63rdStreetBeach201508280600_Water_Temperature]]
2025-10-15 19:28:15.714,148.293,Montrose_WaterTempDrop_85,atomic,[Montrose_WaterTempDrop_85],[1.0000],1,1,1.0000,[[MontroseBeach201508280600_Water_Temperature]]
2025-10-15 19:28:15.772,148.351,Calumet_WaterTempDrop_85,atomic,[Calumet_WaterTempDrop_85],[1.0000],1,1,1.0000,[[CalumetBeach201508280700_Water_Temperature]]
2025-10-15 19:28:15.773,148.352,63rd_WaterTempDrop_85,atomic,[63rd_WaterTempDrop_85],[1.0000],1,1,1.0000,[[63rdStreetBeach201508280700_Water_Temperature]]
2025-10-15 19:28:15.774,148.353,Montrose_WaterTempDrop_85,atomic,[Montrose_WaterTempDrop_85],[1.0000],1,1,1.0000,[[MontroseBeach201508280700_Water_Temperature]]
2025-10-15 19:28:15.834,148.413,63rd_WaterTempDrop_85,atomic,[63rd_WaterTempDrop_85],[0.9677],1,1,0.9677,[[63rdStreetBeach201508280800_Water_Temperature]]
2025-10-15 19:28:15.838,148.417,Calumet_WaterTempDrop_85,atomic,[Calumet_WaterTempDrop_85],[1.0000],1,1,1.0000,[[CalumetBeach201508280800_Water_Temperature]]
2025-10-15 19:28:15.840,148.419,Montrose_WaterTempDrop_85,atomic,[Montrose_WaterTempDrop_85],[1.0000],1,1,1.0000,[[MontroseBeach201508280800_Water_Temperature]]
2025-10-15 19:28:15.900,148.479,Calumet_WaterTempDrop_85,atomic,[Calumet_WaterTempDrop_85],[1.0000],1,1,1.0000,[[CalumetBeach201508280900_Water_Temperature]]
2025-10-15 19:28:15.901,148.480,63rd_WaterTempDrop_85,atomic,[63rd_WaterTempDrop_85],[1.0000],1,1,1.0000,[[63rdStreetBeach201508280900_Water_Temperature]]
2025-10-15 19:28:15.902,148.481,Montrose_WaterTempDrop_85,atomic,[Montrose_WaterTempDrop_85],[1.0000],1,1,1.0000,[[MontroseBeach201508280900_Water_Temperature]]
2025-10-15 19:28:15.960,148.539,Calumet_WaterTempDrop_85,atomic,[Calumet_WaterTempDrop_85],[0.9672],1,1,0.9672,[[CalumetBeach201508281000_Water_Temperature]]
2025-10-15 19:28:15.967,148.546,63rd_WaterTempDrop_85,atomic,[63rd_WaterTempDrop_85],[1.0000],1,1,1.0000,[[63rdStreetBeach201508281000_Water_Temperature]]
2025-10-15 19:28:15.968,148.547,Montrose_WaterTempDrop_85,atomic,[Montrose_WaterTempDrop_85],[1.0000],1,1,1.0000,[[MontroseBeach201508281000_Water_Temperature]]
2025-10-15 19:28:16.027,148.606,63rd_WaterTempDrop_85,atomic,[63rd_WaterTempDrop_85],[1.0000],1,1,1.0000,[[63rdStreetBeach201508281100_Water_Temperature]]
2025-10-15 19:28:16.030,148.609,Calumet_WaterTempDrop_85,atomic,[Calumet_WaterTempDrop_85],[1.0000],1,1,1.0000,[[CalumetBeach201508281100_Water_Temperature]]
2025-10-15 19:28:16.031,148.610,Montrose_WaterTempDrop_85,atomic,[Montrose_WaterTempDrop_85],[1.0000],1,1,1.0000,[[MontroseBeach201508281100_Water_Temperature]]
2025-10-15 19:28:16.089,148.668,63rd_WaterTempDrop_85,atomic,[63rd_WaterTempDrop_85],[0.9681],1,1,0.9681,[[63rdStreetBeach201508281200_Water_Temperature]]
2025-10-15 19:28:16.089,148.668,Montrose_WaterTempDrop_85,atomic,[Montrose_WaterTempDrop_85],[1.0000],1,1,1.0000,[[MontroseBeach201508281200_Water_Temperature]]
2025-10-15 19:28:16.091,148.670,Calumet_WaterTempDrop_85,atomic,[Calumet_WaterTempDrop_85],[1.0000],1,1,1.0000,[[CalumetBeach201508281200_Water_Temperature]]
2025-10-15 19:28:16.150,148.729,63rd_WaterTempDrop_85,atomic,[63rd_WaterTempDrop_85],[0.9642],1,1,0.9642,[[63rdStreetBeach201508281300_Water_Temperature]]
2025-10-15 19:28:16.151,148.730,Montrose_WaterTempDrop_85,atomic,[Montrose_WaterTempDrop_85],[1.0000],1,1,1.0000,[[MontroseBeach201508281300_Water_Temperature]]
2025-10-15 19:28:16.152,148.731,Calumet_WaterTempDrop_85,atomic,[Calumet_WaterTempDrop_85],[1.0000],1,1,1.0000,[[CalumetBeach201508281300_Water_Temperature]]
2025-10-15 19:28:16.213,148.792,63rd_WaterTempDrop_85,atomic,[63rd_WaterTempDrop_85],[1.0000],1,1,1.0000,[[63rdStreetBeach201508281400_Water_Temperature]]
2025-10-15 19:28:16.213,148.792,Calumet_WaterTempDrop_85,atomic,[Calumet_WaterTempDrop_85],[0.9680],1,1,0.9680,[[CalumetBeach201508281400_Water_Temperature]]
2025-10-15 19:28:16.216,148.795,Montrose_WaterTempDrop_85,atomic,[Montrose_WaterTempDrop_85],[1.0000],1,1,1.0000,[[MontroseBeach201508281400_Water_Temperature]]
2025-10-15 19:28:16.273,148.852,Calumet_WaterTempDrop_85,atomic,[Calumet_WaterTempDrop_85],[0.9642],1,1,0.9642,[[CalumetBeach201508281500_Water_Temperature]]
2025-10-15 19:28:16.273,148.852,63rd_WaterTempDrop_85,atomic,[63rd_WaterTempDrop_85],[0.9625],1,1,0.9625,[[63rdStreetBeach201508281500_Water_Temperature]]
2025-10-15 19:28:16.278,148.857,Montrose_WaterTempDrop_85,atomic,[Montrose_WaterTempDrop_85],[1.0000],1,1,1.0000,[[MontroseBeach201508281500_Water_Temperature]]
2025-10-15 19:28:16.338,148.917,63rd_WaterTempDrop_85,atomic,[63rd_WaterTempDrop_85],[1.0000],1,1,1.0000,[[63rdStreetBeach201508281600_Water_Temperature]]
2025-10-15 19:28:16.340,148.919,Calumet_WaterTempDrop_85,atomic,[Calumet_WaterTempDrop_85],[1.0000],1,1,1.0000,[[CalumetBeach201508281600_Water_Temperature]]
2025-10-15 19:28:16.341,148.920,Montrose_WaterTempDrop_85,atomic,[Montrose_WaterTempDrop_85],[1.0000],1,1,1.0000,[[MontroseBeach201508281600_Water_Temperature]]
2025-10-15 19:28:16.398,148.977,63rd_WaterTempDrop_85,atomic,[63rd_WaterTempDrop_85],[1.0000],1,1,1.0000,[[63rdStreetBeach201508281700_Water_Temperature]]
2025-10-15 19:28:16.400,148.979,Calumet_WaterTempDrop_85,atomic,[Calumet_WaterTempDrop_85],[1.0000],1,1,1.0000,[[CalumetBeach201508281700_Water_Temperature]]
2025-10-15 19:28:16.401,148.980,Montrose_WaterTempDrop_85,atomic,[Montrose_WaterTempDrop_85],[1.0000],1,1,1.0000,[[MontroseBeach201508281700_Water_Temperature]]
2025-10-15 19:28:16.461,149.040,Montrose_WaterTempDrop_85,atomic,[Montrose_WaterTempDrop_85],[1.0000],1,1,1.0000,[[MontroseBeach201508281800_Water_Temperature]]
2025-10-15 19:28:16.461,149.040,Calumet_WaterTempDrop_85,atomic,[Calumet_WaterTempDrop_85],[0.9647],1,1,0.9647,[[CalumetBeach201508281800_Water_Temperature]]
2025-10-15 19:28:16.463,149.042,63rd_WaterTempDrop_85,atomic,[63rd_WaterTempDrop_85],[1.0000],1,1,1.0000,[[63rdStreetBeach201508281800_Water_Temperature]]
2025-10-15 19:28:16.526,149.105,63rd_WaterTempDrop_85,atomic,[63rd_WaterTempDrop_85],[0.9654],1,1,0.9654,[[63rdStreetBeach201508281900_Water_Temperature]]
2025-10-15 19:28:16.526,149.105,Montrose_WaterTempDrop_85,atomic,[Montrose_WaterTempDrop_85],[1.0000],1,1,1.0000,[[MontroseBeach201508281900_Water_Temperature]]
2025-10-15 19:28:16.528,149.107,Calumet_WaterTempDrop_85,atomic,[Calumet_WaterTempDrop_85],[1.0000],1,1,1.0000,[[CalumetBeach201508281900_Water_Temperature]]
2025-10-15 19:28:16.588,149.167,Calumet_WaterTempDrop_85,atomic,[Calumet_WaterTempDrop_85],[1.0000],1,1,1.0000,[[CalumetBeach201508282000_Water_Temperature]]
2025-10-15 19:28:16.589,149.168,Montrose_WaterTempDrop_85,atomic,[Montrose_WaterTempDrop_85],[1.0000],1,1,1.0000,[[MontroseBeach201508282000_Water_Temperature]]
2025-10-15 19:28:16.591,149.170,63rd_WaterTempDrop_85,atomic,[63rd_WaterTempDrop_85],[1.0000],1,1,1.0000,[[63rdStreetBeach201508282000_Water_Temperature]]
2025-10-15 19:28:16.649,149.228,Calumet_WaterTempDrop_85,atomic,[Calumet_WaterTempDrop_85],[0.9651],1,1,0.9651,[[CalumetBeach201508282100_Water_Temperature]]
2025-10-15 19:28:16.651,149.230,Montrose_WaterTempDrop_85,atomic,[Montrose_WaterTempDrop_85],[1.0000],1,1,1.0000,[[MontroseBeach201508282100_Water_Temperature]]
2025-10-15 19:28:16.653,149.232,63rd_WaterTempDrop_85,atomic,[63rd_WaterTempDrop_85],[1.0000],1,1,1.0000,[[63rdStreetBeach201508282100_Water_Temperature]]
2025-10-15 19:28:16.713,149.292,Calumet_WaterTempDrop_85,atomic,[Calumet_WaterTempDrop_85],[1.0000],1,1,1.0000,[[CalumetBeach201508282200_Water_Temperature]]
2025-10-15 19:28:16.715,149.294,Montrose_WaterTempDrop_85,atomic,[Montrose_WaterTempDrop_85],[1.0000],1,1,1.0000,[[MontroseBeach201508282200_Water_Temperature]]
2025-10-15 19:28:16.717,149.296,63rd_WaterTempDrop_85,atomic,[63rd_WaterTempDrop_85],[1.0000],1,1,1.0000,[[63rdStreetBeach201508282200_Water_Temperature]]
2025-10-15 19:28:16.771,149.350,Montrose_WaterTempDrop_85,atomic,[Montrose_WaterTempDrop_85],[0.9733],1,1,0.9733,[[MontroseBeach201508282300_Water_Temperature]]
2025-10-15 19:28:16.775,149.354,63rd_WaterTempDrop_85,atomic,[63rd_WaterTempDrop_85],[1.0000],1,1,1.0000,[[63rdStreetBeach201508282300_Water_Temperature]]
2025-10-15 19:28:16.776,149.355,Calumet_WaterTempDrop_85,atomic,[Calumet_WaterTempDrop_85],[1.0000],1,1,1.0000,[[CalumetBeach201508282300_Water_Temperature]]
2025-10-15 19:28:16.838,149.417,63rd_WaterTempDrop_85,atomic,[63rd_WaterTempDrop_85],[1.0000],1,1,1.0000,[[63rdStreetBeach201508292400_Water_Temperature]]
2025-10-15 19:28:16.839,149.418,Montrose_WaterTempDrop_85,atomic,[Montrose_WaterTempDrop_85],[1.0000],1,1,1.0000,[[MontroseBeach201508292400_Water_Temperature]]
2025-10-15 19:28:16.841,149.420,Calumet_WaterTempDrop_85,atomic,[Calumet_WaterTempDrop_85],[1.0000],1,1,1.0000,[[CalumetBeach201508292400_Water_Temperature]]
2025-10-15 19:28:16.899,149.478,Calumet_WaterTempDrop_85,atomic,[Calumet_WaterTempDrop_85],[1.0000],1,1,1.0000,[[CalumetBeach201508290100_Water_Temperature]]
2025-10-15 19:28:16.902,149.481,63rd_WaterTempDrop_85,atomic,[63rd_WaterTempDrop_85],[1.0000],1,1,1.0000,[[63rdStreetBeach201508290100_Water_Temperature]]
2025-10-15 19:28:16.903,149.482,Montrose_WaterTempDrop_85,atomic,[Montrose_WaterTempDrop_85],[1.0000],1,1,1.0000,[[MontroseBeach201508290100_Water_Temperature]]
2025-10-15 19:28:16.960,149.539,Calumet_WaterTempDrop_85,atomic,[Calumet_WaterTempDrop_85],[0.9682],1,1,0.9682,[[CalumetBeach201508290200_Water_Temperature]]
2025-10-15 19:28:16.964,149.543,63rd_WaterTempDrop_85,atomic,[63rd_WaterTempDrop_85],[1.0000],1,1,1.0000,[[63rdStreetBeach201508290200_Water_Temperature]]
2025-10-15 19:28:16.965,149.544,Montrose_WaterTempDrop_85,atomic,[Montrose_WaterTempDrop_85],[1.0000],1,1,1.0000,[[MontroseBeach201508290200_Water_Temperature]]
2025-10-15 19:28:17.023,149.602,63rd_WaterTempDrop_85,atomic,[63rd_WaterTempDrop_85],[1.0000],1,1,1.0000,[[63rdStreetBeach201508290300_Water_Temperature]]
2025-10-15 19:28:17.026,149.605,Montrose_WaterTempDrop_85,atomic,[Montrose_WaterTempDrop_85],[1.0000],1,1,1.0000,[[MontroseBeach201508290300_Water_Temperature]]
2025-10-15 19:28:17.026,149.605,Calumet_WaterTempDrop_85,atomic,[Calumet_WaterTempDrop_85],[1.0000],1,1,1.0000,[[CalumetBeach201508290300_Water_Temperature]]
2025-10-15 19:28:17.086,149.665,Calumet_WaterTempDrop_85,atomic,[Calumet_WaterTempDrop_85],[1.0000],1,1,1.0000,[[CalumetBeach201508290400_Water_Temperature]]
2025-10-15 19:28:17.086,149.665,63rd_WaterTempDrop_85,atomic,[63rd_WaterTempDrop_85],[0.9713],1,1,0.9713,[[63rdStreetBeach201508290400_Water_Temperature]]
2025-10-15 19:28:17.087,149.666,Montrose_WaterTempDrop_85,atomic,[Montrose_WaterTempDrop_85],[1.0000],1,1,1.0000,[[MontroseBeach201508290400_Water_Temperature]]
2025-10-15 19:28:17.146,149.725,Montrose_WaterTempDrop_85,atomic,[Montrose_WaterTempDrop_85],[1.0000],1,1,1.0000,[[MontroseBeach201508290500_Water_Temperature]]
2025-10-15 19:28:17.146,149.725,Calumet_WaterTempDrop_85,atomic,[Calumet_WaterTempDrop_85],[0.9675],1,1,0.9675,[[CalumetBeach201508290500_Water_Temperature]]
2025-10-15 19:28:17.149,149.728,63rd_WaterTempDrop_85,atomic,[63rd_WaterTempDrop_85],[1.0000],1,1,1.0000,[[63rdStreetBeach201508290500_Water_Temperature]]
2025-10-15 19:28:17.210,149.789,Montrose_WaterTempDrop_85,atomic,[Montrose_WaterTempDrop_85],[0.9720],1,1,0.9720,[[MontroseBeach201508290600_Water_Temperature]]
2025-10-15 19:28:17.210,149.789,63rd_WaterTempDrop_85,atomic,[63rd_WaterTempDrop_85],[1.0000],1,1,1.0000,[[63rdStreetBeach201508290600_Water_Temperature]]
2025-10-15 19:28:17.211,149.790,Calumet_WaterTempDrop_85,atomic,[Calumet_WaterTempDrop_85],[0.9635],1,1,0.9635,[[CalumetBeach201508290600_Water_Temperature]]
2025-10-15 19:28:17.272,149.851,Calumet_WaterTempDrop_85,atomic,[Calumet_WaterTempDrop_85],[1.0000],1,1,1.0000,[[CalumetBeach201508290700_Water_Temperature]]
2025-10-15 19:28:17.274,149.853,63rd_WaterTempDrop_85,atomic,[63rd_WaterTempDrop_85],[1.0000],1,1,1.0000,[[63rdStreetBeach201508290700_Water_Temperature]]
2025-10-15 19:28:17.275,149.854,Montrose_WaterTempDrop_85,atomic,[Montrose_WaterTempDrop_85],[1.0000],1,1,1.0000,[[MontroseBeach201508290700_Water_Temperature]]
2025-10-15 19:28:17.331,149.910,Montrose_WaterTempDrop_85,atomic,[Montrose_WaterTempDrop_85],[1.0000],1,1,1.0000,[[MontroseBeach201508290800_Water_Temperature]]
2025-10-15 19:28:17.334,149.913,63rd_WaterTempDrop_85,atomic,[63rd_WaterTempDrop_85],[1.0000],1,1,1.0000,[[63rdStreetBeach201508290800_Water_Temperature]]
2025-10-15 19:28:17.336,149.915,Calumet_WaterTempDrop_85,atomic,[Calumet_WaterTempDrop_85],[1.0000],1,1,1.0000,[[CalumetBeach201508290800_Water_Temperature]]
2025-10-15 19:28:17.394,149.973,Calumet_WaterTempDrop_85,atomic,[Calumet_WaterTempDrop_85],[0.9642],1,1,0.9642,[[CalumetBeach201508290900_Water_Temperature]]
2025-10-15 19:28:17.394,149.973,Montrose_WaterTempDrop_85,atomic,[Montrose_WaterTempDrop_85],[1.0000],1,1,1.0000,[[MontroseBeach201508290900_Water_Temperature]]
2025-10-15 19:28:17.454,150.033,Montrose_WaterTempDrop_85,atomic,[Montrose_WaterTempDrop_85],[0.9704],1,1,0.9704,[[MontroseBeach201508291000_Water_Temperature]]
2025-10-15 19:28:17.454,150.033,Calumet_WaterTempDrop_85,atomic,[Calumet_WaterTempDrop_85],[0.9599],1,1,0.9599,[[CalumetBeach201508291000_Water_Temperature]]
2025-10-15 19:28:17.520,150.099,63rd_WaterTempDrop_85,atomic,[63rd_WaterTempDrop_85],[1.0000],1,1,1.0000,[[63rdStreetBeach201508291100_Water_Temperature]]
2025-10-15 19:28:17.520,150.099,Calumet_WaterTempDrop_85,atomic,[Calumet_WaterTempDrop_85],[1.0000],1,1,1.0000,[[CalumetBeach201508291100_Water_Temperature]]
2025-10-15 19:28:17.522,150.101,Montrose_WaterTempDrop_85,atomic,[Montrose_WaterTempDrop_85],[1.0000],1,1,1.0000,[[MontroseBeach201508291100_Water_Temperature]]
2025-10-15 19:28:17.582,150.161,63rd_WaterTempDrop_85,atomic,[63rd_WaterTempDrop_85],[0.9713],1,1,0.9713,[[63rdStreetBeach201508291200_Water_Temperature]]
2025-10-15 19:28:17.583,150.162,Calumet_WaterTempDrop_85,atomic,[Calumet_WaterTempDrop_85],[1.0000],1,1,1.0000,[[CalumetBeach201508291200_Water_Temperature]]
2025-10-15 19:28:17.584,150.163,Montrose_WaterTempDrop_85,atomic,[Montrose_WaterTempDrop_85],[1.0000],1,1,1.0000,[[MontroseBeach201508291200_Water_Temperature]]
2025-10-15 19:28:17.663,150.242,Calumet_WaterTempDrop_85,atomic,[Calumet_WaterTempDrop_85],[1.0000],1,1,1.0000,[[CalumetBeach201508291300_Water_Temperature]]
2025-10-15 19:28:17.664,150.243,Montrose_WaterTempDrop_85,atomic,[Montrose_WaterTempDrop_85],[1.0000],1,1,1.0000,[[MontroseBeach201508291300_Water_Temperature]]
2025-10-15 19:28:17.708,150.287,Montrose_WaterTempDrop_85,atomic,[Montrose_WaterTempDrop_85],[1.0000],1,1,1.0000,[[MontroseBeach201508291400_Water_Temperature]]
2025-10-15 19:28:17.709,150.288,Calumet_WaterTempDrop_85,atomic,[Calumet_WaterTempDrop_85],[1.0000],1,1,1.0000,[[CalumetBeach201508291400_Water_Temperature]]
2025-10-15 19:28:17.710,150.289,63rd_WaterTempDrop_85,atomic,[63rd_WaterTempDrop_85],[1.0000],1,1,1.0000,[[63rdStreetBeach201508291400_Water_Temperature]]
2025-10-15 19:28:17.769,150.348,Montrose_WaterTempDrop_85,atomic,[Montrose_WaterTempDrop_85],[1.0000],1,1,1.0000,[[MontroseBeach201508291500_Water_Temperature]]
2025-10-15 19:28:17.771,150.350,Calumet_WaterTempDrop_85,atomic,[Calumet_WaterTempDrop_85],[1.0000],1,1,1.0000,[[CalumetBeach201508291500_Water_Temperature]]
2025-10-15 19:28:17.774,150.353,63rd_WaterTempDrop_85,atomic,[63rd_WaterTempDrop_85],[1.0000],1,1,1.0000,[[63rdStreetBeach201508291500_Water_Temperature]]
2025-10-15 19:28:17.833,150.412,63rd_WaterTempDrop_85,atomic,[63rd_WaterTempDrop_85],[1.0000],1,1,1.0000,[[63rdStreetBeach201508291600_Water_Temperature]]
2025-10-15 19:28:17.834,150.413,Calumet_WaterTempDrop_85,atomic,[Calumet_WaterTempDrop_85],[1.0000],1,1,1.0000,[[CalumetBeach201508291600_Water_Temperature]]
2025-10-15 19:28:17.837,150.416,Montrose_WaterTempDrop_85,atomic,[Montrose_WaterTempDrop_85],[1.0000],1,1,1.0000,[[MontroseBeach201508291600_Water_Temperature]]
2025-10-15 19:28:17.893,150.472,Montrose_WaterTempDrop_85,atomic,[Montrose_WaterTempDrop_85],[1.0000],1,1,1.0000,[[MontroseBeach201508291700_Water_Temperature]]
2025-10-15 19:28:17.893,150.472,Calumet_WaterTempDrop_85,atomic,[Calumet_WaterTempDrop_85],[1.0000],1,1,1.0000,[[CalumetBeach201508291700_Water_Temperature]]
2025-10-15 19:28:17.955,150.534,Calumet_WaterTempDrop_85,atomic,[Calumet_WaterTempDrop_85],[0.9695],1,1,0.9695,[[CalumetBeach201508291800_Water_Temperature]]
2025-10-15 19:28:17.957,150.536,Montrose_WaterTempDrop_85,atomic,[Montrose_WaterTempDrop_85],[1.0000],1,1,1.0000,[[MontroseBeach201508291800_Water_Temperature]]
2025-10-15 19:28:17.959,150.538,63rd_WaterTempDrop_85,atomic,[63rd_WaterTempDrop_85],[1.0000],1,1,1.0000,[[63rdStreetBeach201508291800_Water_Temperature]]
2025-10-15 19:28:18.019,150.598,Montrose_WaterTempDrop_85,atomic,[Montrose_WaterTempDrop_85],[1.0000],1,1,1.0000,[[MontroseBeach201508291900_Water_Temperature]]
2025-10-15 19:28:18.020,150.599,Calumet_WaterTempDrop_85,atomic,[Calumet_WaterTempDrop_85],[1.0000],1,1,1.0000,[[CalumetBeach201508291900_Water_Temperature]]
2025-10-15 19:28:18.078,150.657,Calumet_WaterTempDrop_85,atomic,[Calumet_WaterTempDrop_85],[0.9672],1,1,0.9672,[[CalumetBeach201508292000_Water_Temperature]]
2025-10-15 19:28:18.081,150.660,Montrose_WaterTempDrop_85,atomic,[Montrose_WaterTempDrop_85],[1.0000],1,1,1.0000,[[MontroseBeach201508292000_Water_Temperature]]
2025-10-15 19:28:18.082,150.661,63rd_WaterTempDrop_85,atomic,[63rd_WaterTempDrop_85],[1.0000],1,1,1.0000,[[63rdStreetBeach201508292000_Water_Temperature]]
2025-10-15 19:28:18.142,150.721,Calumet_WaterTempDrop_85,atomic,[Calumet_WaterTempDrop_85],[1.0000],1,1,1.0000,[[CalumetBeach201508292100_Water_Temperature]]
2025-10-15 19:28:18.144,150.723,Montrose_WaterTempDrop_85,atomic,[Montrose_WaterTempDrop_85],[1.0000],1,1,1.0000,[[MontroseBeach201508292100_Water_Temperature]]
2025-10-15 19:28:18.205,150.784,Montrose_WaterTempDrop_85,atomic,[Montrose_WaterTempDrop_85],[1.0000],1,1,1.0000,[[MontroseBeach201508292200_Water_Temperature]]
2025-10-15 19:28:18.205,150.784,63rd_WaterTempDrop_85,atomic,[63rd_WaterTempDrop_85],[1.0000],1,1,1.0000,[[63rdStreetBeach201508292200_Water_Temperature]]
2025-10-15 19:28:18.206,150.785,Calumet_WaterTempDrop_85,atomic,[Calumet_WaterTempDrop_85],[1.0000],1,1,1.0000,[[CalumetBeach201508292200_Water_Temperature]]
2025-10-15 19:28:18.266,150.845,63rd_WaterTempDrop_85,atomic,[63rd_WaterTempDrop_85],[1.0000],1,1,1.0000,[[63rdStreetBeach201508292300_Water_Temperature]]
2025-10-15 19:28:18.268,150.847,Calumet_WaterTempDrop_85,atomic,[Calumet_WaterTempDrop_85],[1.0000],1,1,1.0000,[[CalumetBeach201508292300_Water_Temperature]]
2025-10-15 19:28:18.269,150.848,Montrose_WaterTempDrop_85,atomic,[Montrose_WaterTempDrop_85],[1.0000],1,1,1.0000,[[MontroseBeach201508292300_Water_Temperature]]
2025-10-15 19:28:18.328,150.907,63rd_WaterTempDrop_85,atomic,[63rd_WaterTempDrop_85],[0.9718],1,1,0.9718,[[63rdStreetBeach201508302400_Water_Temperature]]
2025-10-15 19:28:18.329,150.908,Montrose_WaterTempDrop_85,atomic,[Montrose_WaterTempDrop_85],[1.0000],1,1,1.0000,[[MontroseBeach201508302400_Water_Temperature]]
2025-10-15 19:28:18.330,150.909,Calumet_WaterTempDrop_85,atomic,[Calumet_WaterTempDrop_85],[1.0000],1,1,1.0000,[[CalumetBeach201508302400_Water_Temperature]]
2025-10-15 19:28:18.393,150.972,Montrose_WaterTempDrop_85,atomic,[Montrose_WaterTempDrop_85],[1.0000],1,1,1.0000,[[MontroseBeach201508300200_Water_Temperature]]
2025-10-15 19:28:18.395,150.974,63rd_WaterTempDrop_85,atomic,[63rd_WaterTempDrop_85],[1.0000],1,1,1.0000,[[63rdStreetBeach201508300200_Water_Temperature]]
2025-10-15 19:28:18.395,150.974,Calumet_WaterTempDrop_85,atomic,[Calumet_WaterTempDrop_85],[1.0000],1,1,1.0000,[[CalumetBeach201508300200_Water_Temperature]]
2025-10-15 19:28:18.455,151.034,63rd_WaterTempDrop_85,atomic,[63rd_WaterTempDrop_85],[0.9690],1,1,0.9690,[[63rdStreetBeach201508300300_Water_Temperature]]
2025-10-15 19:28:18.456,151.035,Calumet_WaterTempDrop_85,atomic,[Calumet_WaterTempDrop_85],[1.0000],1,1,1.0000,[[CalumetBeach201508300300_Water_Temperature]]
2025-10-15 19:28:18.459,151.038,Montrose_WaterTempDrop_85,atomic,[Montrose_WaterTempDrop_85],[1.0000],1,1,1.0000,[[MontroseBeach201508300300_Water_Temperature]]
2025-10-15 19:28:18.518,151.097,Calumet_WaterTempDrop_85,atomic,[Calumet_WaterTempDrop_85],[1.0000],1,1,1.0000,[[CalumetBeach201508300400_Water_Temperature]]
2025-10-15 19:28:18.522,151.101,Montrose_WaterTempDrop_85,atomic,[Montrose_WaterTempDrop_85],[1.0000],1,1,1.0000,[[MontroseBeach201508300400_Water_Temperature]]
2025-10-15 19:28:18.580,151.159,Montrose_WaterTempDrop_85,atomic,[Montrose_WaterTempDrop_85],[1.0000],1,1,1.0000,[[MontroseBeach201508300500_Water_Temperature]]
2025-10-15 19:28:18.580,151.159,Calumet_WaterTempDrop_85,atomic,[Calumet_WaterTempDrop_85],[1.0000],1,1,1.0000,[[CalumetBeach201508300500_Water_Temperature]]
2025-10-15 19:28:18.640,151.219,63rd_WaterTempDrop_85,atomic,[63rd_WaterTempDrop_85],[0.9651],1,1,0.9651,[[63rdStreetBeach201508300600_Water_Temperature]]
2025-10-15 19:28:18.644,151.223,Calumet_WaterTempDrop_85,atomic,[Calumet_WaterTempDrop_85],[1.0000],1,1,1.0000,[[CalumetBeach201508300600_Water_Temperature]]
2025-10-15 19:28:18.646,151.225,Montrose_WaterTempDrop_85,atomic,[Montrose_WaterTempDrop_85],[1.0000],1,1,1.0000,[[MontroseBeach201508300600_Water_Temperature]]
2025-10-15 19:28:18.704,151.283,63rd_WaterTempDrop_85,atomic,[63rd_WaterTempDrop_85],[0.9607],1,1,0.9607,[[63rdStreetBeach201508300700_Water_Temperature]]
2025-10-15 19:28:18.706,151.285,Montrose_WaterTempDrop_85,atomic,[Montrose_WaterTempDrop_85],[1.0000],1,1,1.0000,[[MontroseBeach201508300700_Water_Temperature]]
2025-10-15 19:28:18.707,151.286,Calumet_WaterTempDrop_85,atomic,[Calumet_WaterTempDrop_85],[1.0000],1,1,1.0000,[[CalumetBeach201508300700_Water_Temperature]]
2025-10-15 19:28:18.767,151.346,Montrose_WaterTempDrop_85,atomic,[Montrose_WaterTempDrop_85],[1.0000],1,1,1.0000,[[MontroseBeach201508300800_Water_Temperature]]
2025-10-15 19:28:18.768,151.347,63rd_WaterTempDrop_85,atomic,[63rd_WaterTempDrop_85],[1.0000],1,1,1.0000,[[63rdStreetBeach201508300800_Water_Temperature]]
2025-10-15 19:28:18.769,151.348,Calumet_WaterTempDrop_85,atomic,[Calumet_WaterTempDrop_85],[1.0000],1,1,1.0000,[[CalumetBeach201508300800_Water_Temperature]]
2025-10-15 19:28:18.829,151.408,63rd_WaterTempDrop_85,atomic,[63rd_WaterTempDrop_85],[1.0000],1,1,1.0000,[[63rdStreetBeach201508300900_Water_Temperature]]
2025-10-15 19:28:18.830,151.409,Montrose_WaterTempDrop_85,atomic,[Montrose_WaterTempDrop_85],[1.0000],1,1,1.0000,[[MontroseBeach201508300900_Water_Temperature]]
2025-10-15 19:28:18.831,151.410,Calumet_WaterTempDrop_85,atomic,[Calumet_WaterTempDrop_85],[1.0000],1,1,1.0000,[[CalumetBeach201508300900_Water_Temperature]]
2025-10-15 19:28:18.891,151.470,Montrose_WaterTempDrop_85,atomic,[Montrose_WaterTempDrop_85],[1.0000],1,1,1.0000,[[MontroseBeach201508301000_Water_Temperature]]
2025-10-15 19:28:18.892,151.471,Calumet_WaterTempDrop_85,atomic,[Calumet_WaterTempDrop_85],[1.0000],1,1,1.0000,[[CalumetBeach201508301000_Water_Temperature]]
2025-10-15 19:28:18.894,151.473,63rd_WaterTempDrop_85,atomic,[63rd_WaterTempDrop_85],[1.0000],1,1,1.0000,[[63rdStreetBeach201508301000_Water_Temperature]]
2025-10-15 19:28:18.955,151.534,Montrose_WaterTempDrop_85,atomic,[Montrose_WaterTempDrop_85],[1.0000],1,1,1.0000,[[MontroseBeach201508301100_Water_Temperature]]
2025-10-15 19:28:18.957,151.536,63rd_WaterTempDrop_85,atomic,[63rd_WaterTempDrop_85],[1.0000],1,1,1.0000,[[63rdStreetBeach201508301100_Water_Temperature]]
2025-10-15 19:28:18.958,151.537,Calumet_WaterTempDrop_85,atomic,[Calumet_WaterTempDrop_85],[1.0000],1,1,1.0000,[[CalumetBeach201508301100_Water_Temperature]]
2025-10-15 19:28:19.016,151.595,63rd_WaterTempDrop_85,atomic,[63rd_WaterTempDrop_85],[1.0000],1,1,1.0000,[[63rdStreetBeach201508301200_Water_Temperature]]
2025-10-15 19:28:19.018,151.597,Montrose_WaterTempDrop_85,atomic,[Montrose_WaterTempDrop_85],[1.0000],1,1,1.0000,[[MontroseBeach201508301200_Water_Temperature]]
2025-10-15 19:28:19.018,151.597,Calumet_WaterTempDrop_85,atomic,[Calumet_WaterTempDrop_85],[1.0000],1,1,1.0000,[[CalumetBeach201508301200_Water_Temperature]]
2025-10-15 19:28:19.079,151.658,Montrose_WaterTempDrop_85,atomic,[Montrose_WaterTempDrop_85],[0.9735],1,1,0.9735,[[MontroseBeach201508301300_Water_Temperature]]
2025-10-15 19:28:19.079,151.658,Calumet_WaterTempDrop_85,atomic,[Calumet_WaterTempDrop_85],[0.9729],1,1,0.9729,[[CalumetBeach201508301300_Water_Temperature]]
2025-10-15 19:28:19.083,151.662,63rd_WaterTempDrop_85,atomic,[63rd_WaterTempDrop_85],[1.0000],1,1,1.0000,[[63rdStreetBeach201508301300_Water_Temperature]]
2025-10-15 19:28:19.139,151.718,Montrose_WaterTempDrop_85,atomic,[Montrose_WaterTempDrop_85],[0.9700],1,1,0.9700,[[MontroseBeach201508301400_Water_Temperature]]
2025-10-15 19:28:19.140,151.719,Calumet_WaterTempDrop_85,atomic,[Calumet_WaterTempDrop_85],[1.0000],1,1,1.0000,[[CalumetBeach201508301400_Water_Temperature]]
2025-10-15 19:28:19.202,151.781,Montrose_WaterTempDrop_85,atomic,[Montrose_WaterTempDrop_85],[0.9661],1,1,0.9661,[[MontroseBeach201508301500_Water_Temperature]]
2025-10-15 19:28:19.204,151.783,Calumet_WaterTempDrop_85,atomic,[Calumet_WaterTempDrop_85],[1.0000],1,1,1.0000,[[CalumetBeach201508301500_Water_Temperature]]
2025-10-15 19:28:19.264,151.843,Calumet_WaterTempDrop_85,atomic,[Calumet_WaterTempDrop_85],[0.9704],1,1,0.9704,[[CalumetBeach201508301600_Water_Temperature]]
2025-10-15 19:28:19.265,151.844,Montrose_WaterTempDrop_85,atomic,[Montrose_WaterTempDrop_85],[1.0000],1,1,1.0000,[[MontroseBeach201508301600_Water_Temperature]]
2025-10-15 19:28:19.327,151.906,Montrose_WaterTempDrop_85,atomic,[Montrose_WaterTempDrop_85],[0.9638],1,1,0.9638,[[MontroseBeach201508301700_Water_Temperature]]
2025-10-15 19:28:19.328,151.907,63rd_WaterTempDrop_85,atomic,[63rd_WaterTempDrop_85],[1.0000],1,1,1.0000,[[63rdStreetBeach201508301700_Water_Temperature]]
2025-10-15 19:28:19.329,151.908,Calumet_WaterTempDrop_85,atomic,[Calumet_WaterTempDrop_85],[1.0000],1,1,1.0000,[[CalumetBeach201508301700_Water_Temperature]]
2025-10-15 19:28:19.389,151.968,Montrose_WaterTempDrop_85,atomic,[Montrose_WaterTempDrop_85],[0.9593],1,1,0.9593,[[MontroseBeach201508301800_Water_Temperature]]
2025-10-15 19:28:19.390,151.969,Calumet_WaterTempDrop_85,atomic,[Calumet_WaterTempDrop_85],[1.0000],1,1,1.0000,[[CalumetBeach201508301800_Water_Temperature]]
2025-10-15 19:28:19.392,151.971,63rd_WaterTempDrop_85,atomic,[63rd_WaterTempDrop_85],[1.0000],1,1,1.0000,[[63rdStreetBeach201508301800_Water_Temperature]]
2025-10-15 19:28:19.468,152.047,Calumet_WaterTempDrop_85,atomic,[Calumet_WaterTempDrop_85],[1.0000],1,1,1.0000,[[CalumetBeach201508301900_Water_Temperature]]
2025-10-15 19:28:19.468,152.047,Montrose_WaterTempDrop_85,atomic,[Montrose_WaterTempDrop_85],[1.0000],1,1,1.0000,[[MontroseBeach201508301900_Water_Temperature]]
2025-10-15 19:28:19.469,152.048,63rd_WaterTempDrop_85,atomic,[63rd_WaterTempDrop_85],[1.0000],1,1,1.0000,[[63rdStreetBeach201508301900_Water_Temperature]]
2025-10-15 19:28:19.515,152.094,Calumet_WaterTempDrop_85,atomic,[Calumet_WaterTempDrop_85],[1.0000],1,1,1.0000,[[CalumetBeach201508302000_Water_Temperature]]
2025-10-15 19:28:19.516,152.095,Montrose_WaterTempDrop_85,atomic,[Montrose_WaterTempDrop_85],[1.0000],1,1,1.0000,[[MontroseBeach201508302000_Water_Temperature]]
2025-10-15 19:28:19.518,152.097,63rd_WaterTempDrop_85,atomic,[63rd_WaterTempDrop_85],[1.0000],1,1,1.0000,[[63rdStreetBeach201508302000_Water_Temperature]]
2025-10-15 19:28:19.576,152.155,Calumet_WaterTempDrop_85,atomic,[Calumet_WaterTempDrop_85],[0.9700],1,1,0.9700,[[CalumetBeach201508302100_Water_Temperature]]
2025-10-15 19:28:19.580,152.159,Montrose_WaterTempDrop_85,atomic,[Montrose_WaterTempDrop_85],[1.0000],1,1,1.0000,[[MontroseBeach201508302100_Water_Temperature]]
2025-10-15 19:28:19.580,152.159,63rd_WaterTempDrop_85,atomic,[63rd_WaterTempDrop_85],[1.0000],1,1,1.0000,[[63rdStreetBeach201508302100_Water_Temperature]]
2025-10-15 19:28:19.637,152.216,Calumet_WaterTempDrop_85,atomic,[Calumet_WaterTempDrop_85],[0.9661],1,1,0.9661,[[CalumetBeach201508302200_Water_Temperature]]
2025-10-15 19:28:19.638,152.217,63rd_WaterTempDrop_85,atomic,[63rd_WaterTempDrop_85],[1.0000],1,1,1.0000,[[63rdStreetBeach201508302200_Water_Temperature]]
2025-10-15 19:28:19.639,152.218,Montrose_WaterTempDrop_85,atomic,[Montrose_WaterTempDrop_85],[1.0000],1,1,1.0000,[[MontroseBeach201508302200_Water_Temperature]]
2025-10-15 19:28:19.702,152.281,Calumet_WaterTempDrop_85,atomic,[Calumet_WaterTempDrop_85],[0.9619],1,1,0.9619,[[CalumetBeach201508302300_Water_Temperature]]
2025-10-15 19:28:19.702,152.281,Montrose_WaterTempDrop_85,atomic,[Montrose_WaterTempDrop_85],[0.9654],1,1,0.9654,[[MontroseBeach201508302300_Water_Temperature]]
2025-10-15 19:28:19.762,152.341,Calumet_WaterTempDrop_85,atomic,[Calumet_WaterTempDrop_85],[0.9571],1,1,0.9571,[[CalumetBeach201508312400_Water_Temperature]]
2025-10-15 19:28:19.762,152.341,63rd_WaterTempDrop_85,atomic,[63rd_WaterTempDrop_85],[1.0000],1,1,1.0000,[[63rdStreetBeach201508312400_Water_Temperature]]
2025-10-15 19:28:19.763,152.342,Montrose_WaterTempDrop_85,atomic,[Montrose_WaterTempDrop_85],[1.0000],1,1,1.0000,[[MontroseBeach201508312400_Water_Temperature]]
2025-10-15 19:28:19.826,152.405,Montrose_WaterTempDrop_85,atomic,[Montrose_WaterTempDrop_85],[1.0000],1,1,1.0000,[[MontroseBeach201508310100_Water_Temperature]]
2025-10-15 19:28:19.827,152.406,63rd_WaterTempDrop_85,atomic,[63rd_WaterTempDrop_85],[1.0000],1,1,1.0000,[[63rdStreetBeach201508310100_Water_Temperature]]
2025-10-15 19:28:19.829,152.408,Calumet_WaterTempDrop_85,atomic,[Calumet_WaterTempDrop_85],[1.0000],1,1,1.0000,[[CalumetBeach201508310100_Water_Temperature]]
2025-10-15 19:28:19.886,152.465,Montrose_WaterTempDrop_85,atomic,[Montrose_WaterTempDrop_85],[0.9655],1,1,0.9655,[[MontroseBeach201508310200_Water_Temperature]]
2025-10-15 19:28:19.887,152.466,Calumet_WaterTempDrop_85,atomic,[Calumet_WaterTempDrop_85],[0.9565],1,1,0.9565,[[CalumetBeach201508310200_Water_Temperature]]
2025-10-15 19:28:19.887,152.466,63rd_WaterTempDrop_85,atomic,[63rd_WaterTempDrop_85],[1.0000],1,1,1.0000,[[63rdStreetBeach201508310200_Water_Temperature]]
2025-10-15 19:28:19.950,152.529,Montrose_WaterTempDrop_85,atomic,[Montrose_WaterTempDrop_85],[1.0000],1,1,1.0000,[[MontroseBeach201508310300_Water_Temperature]]
2025-10-15 19:28:19.951,152.530,Calumet_WaterTempDrop_85,atomic,[Calumet_WaterTempDrop_85],[1.0000],1,1,1.0000,[[CalumetBeach201508310300_Water_Temperature]]
2025-10-15 19:28:19.953,152.532,63rd_WaterTempDrop_85,atomic,[63rd_WaterTempDrop_85],[1.0000],1,1,1.0000,[[63rdStreetBeach201508310300_Water_Temperature]]
2025-10-15 19:28:20.012,152.591,Calumet_WaterTempDrop_85,atomic,[Calumet_WaterTempDrop_85],[0.9562],1,1,0.9562,[[CalumetBeach201508310400_Water_Temperature]]
2025-10-15 19:28:20.012,152.591,63rd_WaterTempDrop_85,atomic,[63rd_WaterTempDrop_85],[1.0000],1,1,1.0000,[[63rdStreetBeach201508310400_Water_Temperature]]
2025-10-15 19:28:20.013,152.592,Montrose_WaterTempDrop_85,atomic,[Montrose_WaterTempDrop_85],[1.0000],1,1,1.0000,[[MontroseBeach201508310400_Water_Temperature]]
2025-10-15 19:28:20.075,152.654,Calumet_WaterTempDrop_85,atomic,[Calumet_WaterTempDrop_85],[1.0000],1,1,1.0000,[[CalumetBeach201508310500_Water_Temperature]]
2025-10-15 19:28:20.075,152.654,Montrose_WaterTempDrop_85,atomic,[Montrose_WaterTempDrop_85],[1.0000],1,1,1.0000,[[MontroseBeach201508310500_Water_Temperature]]
2025-10-15 19:28:20.137,152.716,Montrose_WaterTempDrop_85,atomic,[Montrose_WaterTempDrop_85],[1.0000],1,1,1.0000,[[MontroseBeach201508310600_Water_Temperature]]
2025-10-15 19:28:20.138,152.717,Calumet_WaterTempDrop_85,atomic,[Calumet_WaterTempDrop_85],[1.0000],1,1,1.0000,[[CalumetBeach201508310600_Water_Temperature]]
2025-10-15 19:28:20.140,152.719,63rd_WaterTempDrop_85,atomic,[63rd_WaterTempDrop_85],[1.0000],1,1,1.0000,[[63rdStreetBeach201508310600_Water_Temperature]]
2025-10-15 19:28:20.197,152.776,Calumet_WaterTempDrop_85,atomic,[Calumet_WaterTempDrop_85],[0.9598],1,1,0.9598,[[CalumetBeach201508310700_Water_Temperature]]
2025-10-15 19:28:20.199,152.778,63rd_WaterTempDrop_85,atomic,[63rd_WaterTempDrop_85],[0.9731],1,1,0.9731,[[63rdStreetBeach201508310700_Water_Temperature]]
2025-10-15 19:28:20.200,152.779,Montrose_WaterTempDrop_85,atomic,[Montrose_WaterTempDrop_85],[1.0000],1,1,1.0000,[[MontroseBeach201508310700_Water_Temperature]]
2025-10-15 19:28:20.260,152.839,63rd_WaterTempDrop_85,atomic,[63rd_WaterTempDrop_85],[0.9696],1,1,0.9696,[[63rdStreetBeach201508310800_Water_Temperature]]
2025-10-15 19:28:20.261,152.840,Calumet_WaterTempDrop_85,atomic,[Calumet_WaterTempDrop_85],[0.9552],1,1,0.9552,[[CalumetBeach201508310800_Water_Temperature]]
2025-10-15 19:28:20.261,152.840,Montrose_WaterTempDrop_85,atomic,[Montrose_WaterTempDrop_85],[1.0000],1,1,1.0000,[[MontroseBeach201508310800_Water_Temperature]]
2025-10-15 19:28:20.324,152.903,63rd_WaterTempDrop_85,atomic,[63rd_WaterTempDrop_85],[1.0000],1,1,1.0000,[[63rdStreetBeach201508310900_Water_Temperature]]
2025-10-15 19:28:20.324,152.903,Montrose_WaterTempDrop_85,atomic,[Montrose_WaterTempDrop_85],[0.9702],1,1,0.9702,[[MontroseBeach201508310900_Water_Temperature]]
2025-10-15 19:28:20.326,152.905,Calumet_WaterTempDrop_85,atomic,[Calumet_WaterTempDrop_85],[1.0000],1,1,1.0000,[[CalumetBeach201508310900_Water_Temperature]]
2025-10-15 19:28:20.384,152.963,Calumet_WaterTempDrop_85,atomic,[Calumet_WaterTempDrop_85],[1.0000],1,1,1.0000,[[CalumetBeach201508311000_Water_Temperature]]
2025-10-15 19:28:20.386,152.965,Montrose_WaterTempDrop_85,atomic,[Montrose_WaterTempDrop_85],[1.0000],1,1,1.0000,[[MontroseBeach201508311000_Water_Temperature]]
2025-10-15 19:28:20.448,153.027,Montrose_WaterTempDrop_85,atomic,[Montrose_WaterTempDrop_85],[1.0000],1,1,1.0000,[[MontroseBeach201508311100_Water_Temperature]]
2025-10-15 19:28:20.451,153.030,63rd_WaterTempDrop_85,atomic,[63rd_WaterTempDrop_85],[1.0000],1,1,1.0000,[[63rdStreetBeach201508311100_Water_Temperature]]
2025-10-15 19:28:20.451,153.030,Calumet_WaterTempDrop_85,atomic,[Calumet_WaterTempDrop_85],[1.0000],1,1,1.0000,[[CalumetBeach201508311100_Water_Temperature]]
2025-10-15 19:28:20.510,153.089,Montrose_WaterTempDrop_85,atomic,[Montrose_WaterTempDrop_85],[1.0000],1,1,1.0000,[[MontroseBeach201508311200_Water_Temperature]]
2025-10-15 19:28:20.512,153.091,Calumet_WaterTempDrop_85,atomic,[Calumet_WaterTempDrop_85],[1.0000],1,1,1.0000,[[CalumetBeach201508311200_Water_Temperature]]
2025-10-15 19:28:20.574,153.153,Montrose_WaterTempDrop_85,atomic,[Montrose_WaterTempDrop_85],[1.0000],1,1,1.0000,[[MontroseBeach201508311300_Water_Temperature]]
2025-10-15 19:28:20.575,153.154,Calumet_WaterTempDrop_85,atomic,[Calumet_WaterTempDrop_85],[1.0000],1,1,1.0000,[[CalumetBeach201508311300_Water_Temperature]]
2025-10-15 19:28:20.637,153.216,63rd_WaterTempDrop_85,atomic,[63rd_WaterTempDrop_85],[1.0000],1,1,1.0000,[[63rdStreetBeach201508311400_Water_Temperature]]
2025-10-15 19:28:20.640,153.219,Montrose_WaterTempDrop_85,atomic,[Montrose_WaterTempDrop_85],[1.0000],1,1,1.0000,[[MontroseBeach201508311400_Water_Temperature]]
2025-10-15 19:28:20.698,153.277,Calumet_WaterTempDrop_85,atomic,[Calumet_WaterTempDrop_85],[0.9679],1,1,0.9679,[[CalumetBeach201508311500_Water_Temperature]]
2025-10-15 19:28:20.700,153.279,Montrose_WaterTempDrop_85,atomic,[Montrose_WaterTempDrop_85],[1.0000],1,1,1.0000,[[MontroseBeach201508311500_Water_Temperature]]
2025-10-15 19:28:20.760,153.339,Calumet_WaterTempDrop_85,atomic,[Calumet_WaterTempDrop_85],[0.9642],1,1,0.9642,[[CalumetBeach201508311600_Water_Temperature]]
2025-10-15 19:28:20.760,153.339,Montrose_WaterTempDrop_85,atomic,[Montrose_WaterTempDrop_85],[1.0000],1,1,1.0000,[[MontroseBeach201508311600_Water_Temperature]]
2025-10-15 19:28:20.760,153.339,63rd_WaterTempDrop_85,atomic,[63rd_WaterTempDrop_85],[0.9689],1,1,0.9689,[[63rdStreetBeach201508311600_Water_Temperature]]
2025-10-15 19:28:20.824,153.403,63rd_WaterTempDrop_85,atomic,[63rd_WaterTempDrop_85],[0.9650],1,1,0.9650,[[63rdStreetBeach201508311700_Water_Temperature]]
2025-10-15 19:28:20.825,153.404,Montrose_WaterTempDrop_85,atomic,[Montrose_WaterTempDrop_85],[1.0000],1,1,1.0000,[[MontroseBeach201508311700_Water_Temperature]]
2025-10-15 19:28:20.884,153.463,63rd_WaterTempDrop_85,atomic,[63rd_WaterTempDrop_85],[0.9606],1,1,0.9606,[[63rdStreetBeach201508311800_Water_Temperature]]
2025-10-15 19:28:20.884,153.463,Calumet_WaterTempDrop_85,atomic,[Calumet_WaterTempDrop_85],[0.9627],1,1,0.9627,[[CalumetBeach201508311800_Water_Temperature]]
2025-10-15 19:28:20.888,153.467,Montrose_WaterTempDrop_85,atomic,[Montrose_WaterTempDrop_85],[1.0000],1,1,1.0000,[[MontroseBeach201508311800_Water_Temperature]]
2025-10-15 19:28:20.947,153.526,Montrose_WaterTempDrop_85,atomic,[Montrose_WaterTempDrop_85],[0.9725],1,1,0.9725,[[MontroseBeach201508311900_Water_Temperature]]
2025-10-15 19:28:20.948,153.527,Calumet_WaterTempDrop_85,atomic,[Calumet_WaterTempDrop_85],[0.9584],1,1,0.9584,[[CalumetBeach201508311900_Water_Temperature]]
2025-10-15 19:28:20.950,153.529,63rd_WaterTempDrop_85,atomic,[63rd_WaterTempDrop_85],[0.9557],1,1,0.9557,[[63rdStreetBeach201508311900_Water_Temperature]]
2025-10-15 19:28:21.012,153.591,Calumet_WaterTempDrop_85,atomic,[Calumet_WaterTempDrop_85],[0.9536],1,1,0.9536,[[CalumetBeach201508312000_Water_Temperature]]
2025-10-15 19:28:21.012,153.591,63rd_WaterTempDrop_85,atomic,[63rd_WaterTempDrop_85],[0.9504],1,1,0.9504,[[63rdStreetBeach201508312000_Water_Temperature]]
2025-10-15 19:28:21.013,153.592,Montrose_WaterTempDrop_85,atomic,[Montrose_WaterTempDrop_85],[1.0000],1,1,1.0000,[[MontroseBeach201508312000_Water_Temperature]]
2025-10-15 19:28:21.072,153.651,Calumet_WaterTempDrop_85,atomic,[Calumet_WaterTempDrop_85],[0.9484],1,1,0.9484,[[CalumetBeach201508312100_Water_Temperature]]
2025-10-15 19:28:21.074,153.653,Montrose_WaterTempDrop_85,atomic,[Montrose_WaterTempDrop_85],[0.9697],1,1,0.9697,[[MontroseBeach201508312100_Water_Temperature]]
2025-10-15 19:28:21.075,153.654,63rd_WaterTempDrop_85,atomic,[63rd_WaterTempDrop_85],[0.9445],1,1,0.9445,[[63rdStreetBeach201508312100_Water_Temperature]]
2025-10-15 19:28:21.135,153.714,Montrose_WaterTempDrop_85,atomic,[Montrose_WaterTempDrop_85],[0.9658],1,1,0.9658,[[MontroseBeach201508312200_Water_Temperature]]
2025-10-15 19:28:21.140,153.719,Calumet_WaterTempDrop_85,atomic,[Calumet_WaterTempDrop_85],[1.0000],1,1,1.0000,[[CalumetBeach201508312200_Water_Temperature]]
2025-10-15 19:28:21.198,153.777,Calumet_WaterTempDrop_85,atomic,[Calumet_WaterTempDrop_85],[0.9504],1,1,0.9504,[[CalumetBeach201508312300_Water_Temperature]]
2025-10-15 19:28:21.198,153.777,63rd_WaterTempDrop_85,atomic,[63rd_WaterTempDrop_85],[1.0000],1,1,1.0000,[[63rdStreetBeach201508312300_Water_Temperature]]
2025-10-15 19:28:21.201,153.780,Montrose_WaterTempDrop_85,atomic,[Montrose_WaterTempDrop_85],[1.0000],1,1,1.0000,[[MontroseBeach201508312300_Water_Temperature]]
2025-10-15 19:28:21.260,153.839,Montrose_WaterTempDrop_85,atomic,[Montrose_WaterTempDrop_85],[1.0000],1,1,1.0000,[[MontroseBeach201509012400_Water_Temperature]]
2025-10-15 19:28:21.324,153.903,Montrose_WaterTempDrop_85,atomic,[Montrose_WaterTempDrop_85],[1.0000],1,1,1.0000,[[MontroseBeach201509010100_Water_Temperature]]
2025-10-15 19:28:21.326,153.905,Calumet_WaterTempDrop_85,atomic,[Calumet_WaterTempDrop_85],[1.0000],1,1,1.0000,[[CalumetBeach201509010100_Water_Temperature]]
2025-10-15 19:28:21.385,153.964,Montrose_WaterTempDrop_85,atomic,[Montrose_WaterTempDrop_85],[0.9668],1,1,0.9668,[[MontroseBeach201509010200_Water_Temperature]]
2025-10-15 19:28:21.386,153.965,Calumet_WaterTempDrop_85,atomic,[Calumet_WaterTempDrop_85],[1.0000],1,1,1.0000,[[CalumetBeach201509010200_Water_Temperature]]
2025-10-15 19:28:21.449,154.028,Montrose_WaterTempDrop_85,atomic,[Montrose_WaterTempDrop_85],[1.0000],1,1,1.0000,[[MontroseBeach201509010300_Water_Temperature]]
2025-10-15 19:28:21.450,154.029,Calumet_WaterTempDrop_85,atomic,[Calumet_WaterTempDrop_85],[1.0000],1,1,1.0000,[[CalumetBeach201509010300_Water_Temperature]]
2025-10-15 19:28:21.507,154.086,Montrose_WaterTempDrop_85,atomic,[Montrose_WaterTempDrop_85],[0.9647],1,1,0.9647,[[MontroseBeach201509010400_Water_Temperature]]
2025-10-15 19:28:21.510,154.089,Calumet_WaterTempDrop_85,atomic,[Calumet_WaterTempDrop_85],[0.9586],1,1,0.9586,[[CalumetBeach201509010400_Water_Temperature]]
2025-10-15 19:28:21.572,154.151,Calumet_WaterTempDrop_85,atomic,[Calumet_WaterTempDrop_85],[1.0000],1,1,1.0000,[[CalumetBeach201509010500_Water_Temperature]]
2025-10-15 19:28:21.575,154.154,Montrose_WaterTempDrop_85,atomic,[Montrose_WaterTempDrop_85],[1.0000],1,1,1.0000,[[MontroseBeach201509010500_Water_Temperature]]
2025-10-15 19:28:21.636,154.215,Calumet_WaterTempDrop_85,atomic,[Calumet_WaterTempDrop_85],[1.0000],1,1,1.0000,[[CalumetBeach201509010600_Water_Temperature]]
2025-10-15 19:28:21.638,154.217,Montrose_WaterTempDrop_85,atomic,[Montrose_WaterTempDrop_85],[1.0000],1,1,1.0000,[[MontroseBeach201509010600_Water_Temperature]]
2025-10-15 19:28:21.640,154.219,63rd_WaterTempDrop_85,atomic,[63rd_WaterTempDrop_85],[1.0000],1,1,1.0000,[[63rdStreetBeach201509010600_Water_Temperature]]
2025-10-15 19:28:21.699,154.278,Calumet_WaterTempDrop_85,atomic,[Calumet_WaterTempDrop_85],[1.0000],1,1,1.0000,[[CalumetBeach201509010700_Water_Temperature]]
2025-10-15 19:28:21.700,154.279,Montrose_WaterTempDrop_85,atomic,[Montrose_WaterTempDrop_85],[1.0000],1,1,1.0000,[[MontroseBeach201509010700_Water_Temperature]]
2025-10-15 19:28:21.760,154.339,Calumet_WaterTempDrop_85,atomic,[Calumet_WaterTempDrop_85],[1.0000],1,1,1.0000,[[CalumetBeach201509010800_Water_Temperature]]
2025-10-15 19:28:21.763,154.342,Montrose_WaterTempDrop_85,atomic,[Montrose_WaterTempDrop_85],[1.0000],1,1,1.0000,[[MontroseBeach201509010800_Water_Temperature]]
2025-10-15 19:28:21.825,154.404,Calumet_WaterTempDrop_85,atomic,[Calumet_WaterTempDrop_85],[1.0000],1,1,1.0000,[[CalumetBeach201509010900_Water_Temperature]]
2025-10-15 19:28:21.826,154.405,Montrose_WaterTempDrop_85,atomic,[Montrose_WaterTempDrop_85],[1.0000],1,1,1.0000,[[MontroseBeach201509010900_Water_Temperature]]
2025-10-15 19:28:21.884,154.463,Calumet_WaterTempDrop_85,atomic,[Calumet_WaterTempDrop_85],[0.9677],1,1,0.9677,[[CalumetBeach201509011000_Water_Temperature]]
2025-10-15 19:28:21.885,154.464,63rd_WaterTempDrop_85,atomic,[63rd_WaterTempDrop_85],[1.0000],1,1,1.0000,[[63rdStreetBeach201509011000_Water_Temperature]]
2025-10-15 19:28:21.886,154.465,Montrose_WaterTempDrop_85,atomic,[Montrose_WaterTempDrop_85],[1.0000],1,1,1.0000,[[MontroseBeach201509011000_Water_Temperature]]
2025-10-15 19:28:21.947,154.526,Montrose_WaterTempDrop_85,atomic,[Montrose_WaterTempDrop_85],[1.0000],1,1,1.0000,[[MontroseBeach201509011100_Water_Temperature]]
2025-10-15 19:28:21.947,154.526,63rd_WaterTempDrop_85,atomic,[63rd_WaterTempDrop_85],[1.0000],1,1,1.0000,[[63rdStreetBeach201509011100_Water_Temperature]]
2025-10-15 19:28:21.949,154.528,Calumet_WaterTempDrop_85,atomic,[Calumet_WaterTempDrop_85],[1.0000],1,1,1.0000,[[CalumetBeach201509011100_Water_Temperature]]
2025-10-15 19:28:22.009,154.588,63rd_WaterTempDrop_85,atomic,[63rd_WaterTempDrop_85],[0.9488],1,1,0.9488,[[63rdStreetBeach201509011200_Water_Temperature]]
2025-10-15 19:28:22.009,154.588,Montrose_WaterTempDrop_85,atomic,[Montrose_WaterTempDrop_85],[1.0000],1,1,1.0000,[[MontroseBeach201509011200_Water_Temperature]]
2025-10-15 19:28:22.011,154.590,Calumet_WaterTempDrop_85,atomic,[Calumet_WaterTempDrop_85],[1.0000],1,1,1.0000,[[CalumetBeach201509011200_Water_Temperature]]
2025-10-15 19:28:22.068,154.647,Montrose_WaterTempDrop_85,atomic,[Montrose_WaterTempDrop_85],[0.9709],1,1,0.9709,[[MontroseBeach201509011300_Water_Temperature]]
2025-10-15 19:28:22.069,154.648,63rd_WaterTempDrop_85,atomic,[63rd_WaterTempDrop_85],[0.9435],1,1,0.9435,[[63rdStreetBeach201509011300_Water_Temperature]]
2025-10-15 19:28:22.070,154.649,Calumet_WaterTempDrop_85,atomic,[Calumet_WaterTempDrop_85],[0.9673],1,1,0.9673,[[CalumetBeach201509011300_Water_Temperature]]
2025-10-15 19:28:22.132,154.711,Montrose_WaterTempDrop_85,atomic,[Montrose_WaterTempDrop_85],[1.0000],1,1,1.0000,[[MontroseBeach201509011400_Water_Temperature]]
2025-10-15 19:28:22.134,154.713,Calumet_WaterTempDrop_85,atomic,[Calumet_WaterTempDrop_85],[1.0000],1,1,1.0000,[[CalumetBeach201509011400_Water_Temperature]]
2025-10-15 19:28:22.193,154.772,Montrose_WaterTempDrop_85,atomic,[Montrose_WaterTempDrop_85],[0.9684],1,1,0.9684,[[MontroseBeach201509011500_Water_Temperature]]
2025-10-15 19:28:22.196,154.775,Calumet_WaterTempDrop_85,atomic,[Calumet_WaterTempDrop_85],[1.0000],1,1,1.0000,[[CalumetBeach201509011500_Water_Temperature]]
2025-10-15 19:28:22.257,154.836,Calumet_WaterTempDrop_85,atomic,[Calumet_WaterTempDrop_85],[0.9669],1,1,0.9669,[[CalumetBeach201509011600_Water_Temperature]]
2025-10-15 19:28:22.258,154.837,Montrose_WaterTempDrop_85,atomic,[Montrose_WaterTempDrop_85],[0.9645],1,1,0.9645,[[MontroseBeach201509011600_Water_Temperature]]
2025-10-15 19:28:22.260,154.839,63rd_WaterTempDrop_85,atomic,[63rd_WaterTempDrop_85],[1.0000],1,1,1.0000,[[63rdStreetBeach201509011600_Water_Temperature]]
2025-10-15 19:28:22.320,154.899,63rd_WaterTempDrop_85,atomic,[63rd_WaterTempDrop_85],[0.9438],1,1,0.9438,[[63rdStreetBeach201509011700_Water_Temperature]]
2025-10-15 19:28:22.320,154.899,Montrose_WaterTempDrop_85,atomic,[Montrose_WaterTempDrop_85],[0.9601],1,1,0.9601,[[MontroseBeach201509011700_Water_Temperature]]
2025-10-15 19:28:22.324,154.903,Calumet_WaterTempDrop_85,atomic,[Calumet_WaterTempDrop_85],[1.0000],1,1,1.0000,[[CalumetBeach201509011700_Water_Temperature]]
2025-10-15 19:28:22.382,154.961,Montrose_WaterTempDrop_85,atomic,[Montrose_WaterTempDrop_85],[1.0000],1,1,1.0000,[[MontroseBeach201509011800_Water_Temperature]]
2025-10-15 19:28:22.383,154.962,Calumet_WaterTempDrop_85,atomic,[Calumet_WaterTempDrop_85],[1.0000],1,1,1.0000,[[CalumetBeach201509011800_Water_Temperature]]
2025-10-15 19:28:22.384,154.963,63rd_WaterTempDrop_85,atomic,[63rd_WaterTempDrop_85],[1.0000],1,1,1.0000,[[63rdStreetBeach201509011800_Water_Temperature]]
2025-10-15 19:28:22.444,155.023,Montrose_WaterTempDrop_85,atomic,[Montrose_WaterTempDrop_85],[1.0000],1,1,1.0000,[[MontroseBeach201509011900_Water_Temperature]]
2025-10-15 19:28:22.446,155.025,Calumet_WaterTempDrop_85,atomic,[Calumet_WaterTempDrop_85],[1.0000],1,1,1.0000,[[CalumetBeach201509011900_Water_Temperature]]
2025-10-15 19:28:22.447,155.026,63rd_WaterTempDrop_85,atomic,[63rd_WaterTempDrop_85],[1.0000],1,1,1.0000,[[63rdStreetBeach201509011900_Water_Temperature]]
2025-10-15 19:28:22.507,155.086,63rd_WaterTempDrop_85,atomic,[63rd_WaterTempDrop_85],[0.9545],1,1,0.9545,[[63rdStreetBeach201509020700_Water_Temperature]]
2025-10-15 19:28:22.507,155.086,Montrose_WaterTempDrop_85,atomic,[Montrose_WaterTempDrop_85],[1.0000],1,1,1.0000,[[MontroseBeach201509020700_Water_Temperature]]
2025-10-15 19:28:22.511,155.090,Calumet_WaterTempDrop_85,atomic,[Calumet_WaterTempDrop_85],[1.0000],1,1,1.0000,[[CalumetBeach201509020700_Water_Temperature]]
2025-10-15 19:28:22.570,155.149,Calumet_WaterTempDrop_85,atomic,[Calumet_WaterTempDrop_85],[1.0000],1,1,1.0000,[[CalumetBeach201509020800_Water_Temperature]]
2025-10-15 19:28:22.573,155.152,63rd_WaterTempDrop_85,atomic,[63rd_WaterTempDrop_85],[1.0000],1,1,1.0000,[[63rdStreetBeach201509020800_Water_Temperature]]
2025-10-15 19:28:22.573,155.152,Montrose_WaterTempDrop_85,atomic,[Montrose_WaterTempDrop_85],[1.0000],1,1,1.0000,[[MontroseBeach201509020800_Water_Temperature]]
2025-10-15 19:28:22.633,155.212,63rd_WaterTempDrop_85,atomic,[63rd_WaterTempDrop_85],[1.0000],1,1,1.0000,[[63rdStreetBeach201509020900_Water_Temperature]]
2025-10-15 19:28:22.634,155.213,Montrose_WaterTempDrop_85,atomic,[Montrose_WaterTempDrop_85],[1.0000],1,1,1.0000,[[MontroseBeach201509020900_Water_Temperature]]
2025-10-15 19:28:22.694,155.273,63rd_WaterTempDrop_85,atomic,[63rd_WaterTempDrop_85],[0.9598],1,1,0.9598,[[63rdStreetBeach201509021100_Water_Temperature]]
2025-10-15 19:28:22.696,155.275,Montrose_WaterTempDrop_85,atomic,[Montrose_WaterTempDrop_85],[1.0000],1,1,1.0000,[[MontroseBeach201509021100_Water_Temperature]]
2025-10-15 19:28:22.758,155.337,Calumet_WaterTempDrop_85,atomic,[Calumet_WaterTempDrop_85],[0.9696],1,1,0.9696,[[CalumetBeach201509021300_Water_Temperature]]
2025-10-15 19:28:22.758,155.337,63rd_WaterTempDrop_85,atomic,[63rd_WaterTempDrop_85],[1.0000],1,1,1.0000,[[63rdStreetBeach201509021300_Water_Temperature]]
2025-10-15 19:28:22.821,155.400,Montrose_WaterTempDrop_85,atomic,[Montrose_WaterTempDrop_85],[1.0000],1,1,1.0000,[[MontroseBeach201509021400_Water_Temperature]]
2025-10-15 19:28:22.883,155.462,Calumet_WaterTempDrop_85,atomic,[Calumet_WaterTempDrop_85],[1.0000],1,1,1.0000,[[CalumetBeach201509021500_Water_Temperature]]
2025-10-15 19:28:22.883,155.462,Montrose_WaterTempDrop_85,atomic,[Montrose_WaterTempDrop_85],[1.0000],1,1,1.0000,[[MontroseBeach201509021500_Water_Temperature]]
2025-10-15 19:28:22.945,155.524,63rd_WaterTempDrop_85,atomic,[63rd_WaterTempDrop_85],[0.9597],1,1,0.9597,[[63rdStreetBeach201509021600_Water_Temperature]]
2025-10-15 19:28:22.945,155.524,Montrose_WaterTempDrop_85,atomic,[Montrose_WaterTempDrop_85],[1.0000],1,1,1.0000,[[MontroseBeach201509021600_Water_Temperature]]
2025-10-15 19:28:22.945,155.524,Calumet_WaterTempDrop_85,atomic,[Calumet_WaterTempDrop_85],[0.9671],1,1,0.9671,[[CalumetBeach201509021600_Water_Temperature]]
2025-10-15 19:28:23.005,155.584,Montrose_WaterTempDrop_85,atomic,[Montrose_WaterTempDrop_85],[0.9708],1,1,0.9708,[[MontroseBeach201509021700_Water_Temperature]]
2025-10-15 19:28:23.007,155.586,Calumet_WaterTempDrop_85,atomic,[Calumet_WaterTempDrop_85],[1.0000],1,1,1.0000,[[CalumetBeach201509021700_Water_Temperature]]
2025-10-15 19:28:23.007,155.586,63rd_WaterTempDrop_85,atomic,[63rd_WaterTempDrop_85],[1.0000],1,1,1.0000,[[63rdStreetBeach201509021700_Water_Temperature]]
2025-10-15 19:28:23.066,155.645,Montrose_WaterTempDrop_85,atomic,[Montrose_WaterTempDrop_85],[0.9672],1,1,0.9672,[[MontroseBeach201509021800_Water_Temperature]]
2025-10-15 19:28:23.067,155.646,Calumet_WaterTempDrop_85,atomic,[Calumet_WaterTempDrop_85],[0.9649],1,1,0.9649,[[CalumetBeach201509021800_Water_Temperature]]
2025-10-15 19:28:23.130,155.709,63rd_WaterTempDrop_85,atomic,[63rd_WaterTempDrop_85],[1.0000],1,1,1.0000,[[63rdStreetBeach201509021900_Water_Temperature]]
2025-10-15 19:28:23.131,155.710,Calumet_WaterTempDrop_85,atomic,[Calumet_WaterTempDrop_85],[1.0000],1,1,1.0000,[[CalumetBeach201509021900_Water_Temperature]]
2025-10-15 19:28:23.199,155.778,63rd_WaterTempDrop_85,atomic,[63rd_WaterTempDrop_85],[0.9626],1,1,0.9626,[[63rdStreetBeach201509022000_Water_Temperature]]
2025-10-15 19:28:23.201,155.780,Calumet_WaterTempDrop_85,atomic,[Calumet_WaterTempDrop_85],[1.0000],1,1,1.0000,[[CalumetBeach201509022000_Water_Temperature]]
2025-10-15 19:28:23.202,155.781,Montrose_WaterTempDrop_85,atomic,[Montrose_WaterTempDrop_85],[1.0000],1,1,1.0000,[[MontroseBeach201509022000_Water_Temperature]]
2025-10-15 19:28:23.254,155.833,63rd_WaterTempDrop_85,atomic,[63rd_WaterTempDrop_85],[0.9584],1,1,0.9584,[[63rdStreetBeach201509022100_Water_Temperature]]
2025-10-15 19:28:23.255,155.834,Calumet_WaterTempDrop_85,atomic,[Calumet_WaterTempDrop_85],[1.0000],1,1,1.0000,[[CalumetBeach201509022100_Water_Temperature]]
2025-10-15 19:28:23.316,155.895,Montrose_WaterTempDrop_85,atomic,[Montrose_WaterTempDrop_85],[0.9651],1,1,0.9651,[[MontroseBeach201509022200_Water_Temperature]]
2025-10-15 19:28:23.319,155.898,63rd_WaterTempDrop_85,atomic,[63rd_WaterTempDrop_85],[1.0000],1,1,1.0000,[[63rdStreetBeach201509022200_Water_Temperature]]
2025-10-15 19:28:23.320,155.899,Calumet_WaterTempDrop_85,atomic,[Calumet_WaterTempDrop_85],[1.0000],1,1,1.0000,[[CalumetBeach201509022200_Water_Temperature]]
2025-10-15 19:28:23.379,155.958,63rd_WaterTempDrop_85,atomic,[63rd_WaterTempDrop_85],[0.9582],1,1,0.9582,[[63rdStreetBeach201509022300_Water_Temperature]]
2025-10-15 19:28:23.380,155.959,Montrose_WaterTempDrop_85,atomic,[Montrose_WaterTempDrop_85],[0.9608],1,1,0.9608,[[MontroseBeach201509022300_Water_Temperature]]
2025-10-15 19:28:23.382,155.961,Calumet_WaterTempDrop_85,atomic,[Calumet_WaterTempDrop_85],[1.0000],1,1,1.0000,[[CalumetBeach201509022300_Water_Temperature]]
2025-10-15 19:28:23.443,156.022,63rd_WaterTempDrop_85,atomic,[63rd_WaterTempDrop_85],[0.9535],1,1,0.9535,[[63rdStreetBeach201509032400_Water_Temperature]]
2025-10-15 19:28:23.450,156.029,Calumet_WaterTempDrop_85,atomic,[Calumet_WaterTempDrop_85],[1.0000],1,1,1.0000,[[CalumetBeach201509032400_Water_Temperature]]
2025-10-15 19:28:23.450,156.029,Montrose_WaterTempDrop_85,atomic,[Montrose_WaterTempDrop_85],[1.0000],1,1,1.0000,[[MontroseBeach201509032400_Water_Temperature]]
2025-10-15 19:28:23.506,156.085,Calumet_WaterTempDrop_85,atomic,[Calumet_WaterTempDrop_85],[1.0000],1,1,1.0000,[[CalumetBeach201509030100_Water_Temperature]]
2025-10-15 19:28:23.506,156.085,63rd_WaterTempDrop_85,atomic,[63rd_WaterTempDrop_85],[1.0000],1,1,1.0000,[[63rdStreetBeach201509030100_Water_Temperature]]
2025-10-15 19:28:23.507,156.086,Montrose_WaterTempDrop_85,atomic,[Montrose_WaterTempDrop_85],[1.0000],1,1,1.0000,[[MontroseBeach201509030100_Water_Temperature]]
2025-10-15 19:28:23.568,156.147,63rd_WaterTempDrop_85,atomic,[63rd_WaterTempDrop_85],[0.9543],1,1,0.9543,[[63rdStreetBeach201509030200_Water_Temperature]]
2025-10-15 19:28:23.569,156.148,Calumet_WaterTempDrop_85,atomic,[Calumet_WaterTempDrop_85],[1.0000],1,1,1.0000,[[CalumetBeach201509030200_Water_Temperature]]
2025-10-15 19:28:23.629,156.208,Calumet_WaterTempDrop_85,atomic,[Calumet_WaterTempDrop_85],[0.9707],1,1,0.9707,[[CalumetBeach201509030300_Water_Temperature]]
2025-10-15 19:28:23.632,156.211,Montrose_WaterTempDrop_85,atomic,[Montrose_WaterTempDrop_85],[1.0000],1,1,1.0000,[[MontroseBeach201509030300_Water_Temperature]]
2025-10-15 19:28:23.633,156.212,63rd_WaterTempDrop_85,atomic,[63rd_WaterTempDrop_85],[1.0000],1,1,1.0000,[[63rdStreetBeach201509030300_Water_Temperature]]
2025-10-15 19:28:23.694,156.273,Calumet_WaterTempDrop_85,atomic,[Calumet_WaterTempDrop_85],[1.0000],1,1,1.0000,[[CalumetBeach201509030400_Water_Temperature]]
2025-10-15 19:28:23.694,156.273,Montrose_WaterTempDrop_85,atomic,[Montrose_WaterTempDrop_85],[1.0000],1,1,1.0000,[[MontroseBeach201509030400_Water_Temperature]]
2025-10-15 19:28:23.757,156.336,63rd_WaterTempDrop_85,atomic,[63rd_WaterTempDrop_85],[1.0000],1,1,1.0000,[[63rdStreetBeach201509030500_Water_Temperature]]
2025-10-15 19:28:23.758,156.337,Montrose_WaterTempDrop_85,atomic,[Montrose_WaterTempDrop_85],[1.0000],1,1,1.0000,[[MontroseBeach201509030500_Water_Temperature]]
2025-10-15 19:28:23.759,156.338,Calumet_WaterTempDrop_85,atomic,[Calumet_WaterTempDrop_85],[1.0000],1,1,1.0000,[[CalumetBeach201509030500_Water_Temperature]]
2025-10-15 19:28:23.820,156.399,Montrose_WaterTempDrop_85,atomic,[Montrose_WaterTempDrop_85],[0.9676],1,1,0.9676,[[MontroseBeach201509030600_Water_Temperature]]
2025-10-15 19:28:23.820,156.399,63rd_WaterTempDrop_85,atomic,[63rd_WaterTempDrop_85],[1.0000],1,1,1.0000,[[63rdStreetBeach201509030600_Water_Temperature]]
2025-10-15 19:28:23.822,156.401,Calumet_WaterTempDrop_85,atomic,[Calumet_WaterTempDrop_85],[1.0000],1,1,1.0000,[[CalumetBeach201509030600_Water_Temperature]]
2025-10-15 19:28:23.883,156.462,Calumet_WaterTempDrop_85,atomic,[Calumet_WaterTempDrop_85],[1.0000],1,1,1.0000,[[CalumetBeach201509030700_Water_Temperature]]
2025-10-15 19:28:23.884,156.463,Montrose_WaterTempDrop_85,atomic,[Montrose_WaterTempDrop_85],[1.0000],1,1,1.0000,[[MontroseBeach201509030700_Water_Temperature]]
2025-10-15 19:28:23.884,156.463,63rd_WaterTempDrop_85,atomic,[63rd_WaterTempDrop_85],[1.0000],1,1,1.0000,[[63rdStreetBeach201509030700_Water_Temperature]]
2025-10-15 19:28:23.945,156.524,63rd_WaterTempDrop_85,atomic,[63rd_WaterTempDrop_85],[0.9644],1,1,0.9644,[[63rdStreetBeach201509030800_Water_Temperature]]
2025-10-15 19:28:23.947,156.526,Montrose_WaterTempDrop_85,atomic,[Montrose_WaterTempDrop_85],[1.0000],1,1,1.0000,[[MontroseBeach201509030800_Water_Temperature]]
2025-10-15 19:28:23.948,156.527,Calumet_WaterTempDrop_85,atomic,[Calumet_WaterTempDrop_85],[1.0000],1,1,1.0000,[[CalumetBeach201509030800_Water_Temperature]]
2025-10-15 19:28:24.006,156.585,Montrose_WaterTempDrop_85,atomic,[Montrose_WaterTempDrop_85],[1.0000],1,1,1.0000,[[MontroseBeach201509031000_Water_Temperature]]
2025-10-15 19:28:24.008,156.587,Calumet_WaterTempDrop_85,atomic,[Calumet_WaterTempDrop_85],[1.0000],1,1,1.0000,[[CalumetBeach201509031000_Water_Temperature]]
2025-10-15 19:28:24.070,156.649,Montrose_WaterTempDrop_85,atomic,[Montrose_WaterTempDrop_85],[0.9682],1,1,0.9682,[[MontroseBeach201509031100_Water_Temperature]]
2025-10-15 19:28:24.071,156.650,Calumet_WaterTempDrop_85,atomic,[Calumet_WaterTempDrop_85],[1.0000],1,1,1.0000,[[CalumetBeach201509031100_Water_Temperature]]
2025-10-15 19:28:24.131,156.710,Calumet_WaterTempDrop_85,atomic,[Calumet_WaterTempDrop_85],[0.9716],1,1,0.9716,[[CalumetBeach201509031200_Water_Temperature]]
2025-10-15 19:28:24.133,156.712,Montrose_WaterTempDrop_85,atomic,[Montrose_WaterTempDrop_85],[1.0000],1,1,1.0000,[[MontroseBeach201509031200_Water_Temperature]]
2025-10-15 19:28:24.194,156.773,Montrose_WaterTempDrop_85,atomic,[Montrose_WaterTempDrop_85],[0.9660],1,1,0.9660,[[MontroseBeach201509031300_Water_Temperature]]
2025-10-15 19:28:24.194,156.773,Calumet_WaterTempDrop_85,atomic,[Calumet_WaterTempDrop_85],[1.0000],1,1,1.0000,[[CalumetBeach201509031300_Water_Temperature]]
2025-10-15 19:28:24.257,156.836,Calumet_WaterTempDrop_85,atomic,[Calumet_WaterTempDrop_85],[1.0000],1,1,1.0000,[[CalumetBeach201509031400_Water_Temperature]]
2025-10-15 19:28:24.258,156.837,Montrose_WaterTempDrop_85,atomic,[Montrose_WaterTempDrop_85],[1.0000],1,1,1.0000,[[MontroseBeach201509031400_Water_Temperature]]
2025-10-15 19:28:24.317,156.896,63rd_WaterTempDrop_85,atomic,[63rd_WaterTempDrop_85],[1.0000],1,1,1.0000,[[63rdStreetBeach201509031500_Water_Temperature]]
2025-10-15 19:28:24.319,156.898,Calumet_WaterTempDrop_85,atomic,[Calumet_WaterTempDrop_85],[1.0000],1,1,1.0000,[[CalumetBeach201509031500_Water_Temperature]]
2025-10-15 19:28:24.381,156.960,Calumet_WaterTempDrop_85,atomic,[Calumet_WaterTempDrop_85],[1.0000],1,1,1.0000,[[CalumetBeach201509031600_Water_Temperature]]
2025-10-15 19:28:24.383,156.962,63rd_WaterTempDrop_85,atomic,[63rd_WaterTempDrop_85],[1.0000],1,1,1.0000,[[63rdStreetBeach201509031600_Water_Temperature]]
2025-10-15 19:28:24.384,156.963,Montrose_WaterTempDrop_85,atomic,[Montrose_WaterTempDrop_85],[1.0000],1,1,1.0000,[[MontroseBeach201509031600_Water_Temperature]]
2025-10-15 19:28:24.442,157.021,Calumet_WaterTempDrop_85,atomic,[Calumet_WaterTempDrop_85],[0.9707],1,1,0.9707,[[CalumetBeach201509031700_Water_Temperature]]
2025-10-15 19:28:24.443,157.022,Montrose_WaterTempDrop_85,atomic,[Montrose_WaterTempDrop_85],[1.0000],1,1,1.0000,[[MontroseBeach201509031700_Water_Temperature]]
2025-10-15 19:28:24.504,157.083,Calumet_WaterTempDrop_85,atomic,[Calumet_WaterTempDrop_85],[1.0000],1,1,1.0000,[[CalumetBeach201509031800_Water_Temperature]]
2025-10-15 19:28:24.506,157.085,63rd_WaterTempDrop_85,atomic,[63rd_WaterTempDrop_85],[1.0000],1,1,1.0000,[[63rdStreetBeach201509031800_Water_Temperature]]
2025-10-15 19:28:24.507,157.086,Montrose_WaterTempDrop_85,atomic,[Montrose_WaterTempDrop_85],[1.0000],1,1,1.0000,[[MontroseBeach201509031800_Water_Temperature]]
2025-10-15 19:28:24.566,157.145,63rd_WaterTempDrop_85,atomic,[63rd_WaterTempDrop_85],[0.9666],1,1,0.9666,[[63rdStreetBeach201509031900_Water_Temperature]]
2025-10-15 19:28:24.568,157.147,Calumet_WaterTempDrop_85,atomic,[Calumet_WaterTempDrop_85],[1.0000],1,1,1.0000,[[CalumetBeach201509031900_Water_Temperature]]
2025-10-15 19:28:24.570,157.149,Montrose_WaterTempDrop_85,atomic,[Montrose_WaterTempDrop_85],[1.0000],1,1,1.0000,[[MontroseBeach201509031900_Water_Temperature]]
2025-10-15 19:28:24.627,157.206,Montrose_WaterTempDrop_85,atomic,[Montrose_WaterTempDrop_85],[0.9693],1,1,0.9693,[[MontroseBeach201509032000_Water_Temperature]]
2025-10-15 19:28:24.628,157.207,Calumet_WaterTempDrop_85,atomic,[Calumet_WaterTempDrop_85],[0.9689],1,1,0.9689,[[CalumetBeach201509032000_Water_Temperature]]
2025-10-15 19:28:24.628,157.207,63rd_WaterTempDrop_85,atomic,[63rd_WaterTempDrop_85],[1.0000],1,1,1.0000,[[63rdStreetBeach201509032000_Water_Temperature]]
2025-10-15 19:28:24.692,157.271,63rd_WaterTempDrop_85,atomic,[63rd_WaterTempDrop_85],[1.0000],1,1,1.0000,[[63rdStreetBeach201509032100_Water_Temperature]]
2025-10-15 19:28:24.695,157.274,Montrose_WaterTempDrop_85,atomic,[Montrose_WaterTempDrop_85],[1.0000],1,1,1.0000,[[MontroseBeach201509032100_Water_Temperature]]
2025-10-15 19:28:24.696,157.275,Calumet_WaterTempDrop_85,atomic,[Calumet_WaterTempDrop_85],[1.0000],1,1,1.0000,[[CalumetBeach201509032100_Water_Temperature]]
2025-10-15 19:28:24.754,157.333,Calumet_WaterTempDrop_85,atomic,[Calumet_WaterTempDrop_85],[1.0000],1,1,1.0000,[[CalumetBeach201509032200_Water_Temperature]]
2025-10-15 19:28:24.755,157.334,Montrose_WaterTempDrop_85,atomic,[Montrose_WaterTempDrop_85],[1.0000],1,1,1.0000,[[MontroseBeach201509032200_Water_Temperature]]
2025-10-15 19:28:24.815,157.394,63rd_WaterTempDrop_85,atomic,[63rd_WaterTempDrop_85],[1.0000],1,1,1.0000,[[63rdStreetBeach201509032300_Water_Temperature]]
2025-10-15 19:28:24.820,157.399,Calumet_WaterTempDrop_85,atomic,[Calumet_WaterTempDrop_85],[1.0000],1,1,1.0000,[[CalumetBeach201509032300_Water_Temperature]]
2025-10-15 19:28:24.820,157.399,Montrose_WaterTempDrop_85,atomic,[Montrose_WaterTempDrop_85],[1.0000],1,1,1.0000,[[MontroseBeach201509032300_Water_Temperature]]
2025-10-15 19:28:24.878,157.457,63rd_WaterTempDrop_85,atomic,[63rd_WaterTempDrop_85],[1.0000],1,1,1.0000,[[63rdStreetBeach201509042400_Water_Temperature]]
2025-10-15 19:28:24.880,157.459,Calumet_WaterTempDrop_85,atomic,[Calumet_WaterTempDrop_85],[0.9686],1,1,0.9686,[[CalumetBeach201509042400_Water_Temperature]]
2025-10-15 19:28:24.880,157.459,Montrose_WaterTempDrop_85,atomic,[Montrose_WaterTempDrop_85],[1.0000],1,1,1.0000,[[MontroseBeach201509042400_Water_Temperature]]
2025-10-15 19:28:24.938,157.517,Calumet_WaterTempDrop_85,atomic,[Calumet_WaterTempDrop_85],[0.9646],1,1,0.9646,[[CalumetBeach201509040100_Water_Temperature]]
2025-10-15 19:28:24.939,157.518,63rd_WaterTempDrop_85,atomic,[63rd_WaterTempDrop_85],[1.0000],1,1,1.0000,[[63rdStreetBeach201509040100_Water_Temperature]]
2025-10-15 19:28:24.941,157.520,Montrose_WaterTempDrop_85,atomic,[Montrose_WaterTempDrop_85],[1.0000],1,1,1.0000,[[MontroseBeach201509040100_Water_Temperature]]
2025-10-15 19:28:25.000,157.579,Calumet_WaterTempDrop_85,atomic,[Calumet_WaterTempDrop_85],[0.9603],1,1,0.9603,[[CalumetBeach201509040200_Water_Temperature]]
2025-10-15 19:28:25.002,157.581,Montrose_WaterTempDrop_85,atomic,[Montrose_WaterTempDrop_85],[0.9705],1,1,0.9705,[[MontroseBeach201509040200_Water_Temperature]]
2025-10-15 19:28:25.002,157.581,63rd_WaterTempDrop_85,atomic,[63rd_WaterTempDrop_85],[1.0000],1,1,1.0000,[[63rdStreetBeach201509040200_Water_Temperature]]
2025-10-15 19:28:25.065,157.644,Montrose_WaterTempDrop_85,atomic,[Montrose_WaterTempDrop_85],[1.0000],1,1,1.0000,[[MontroseBeach201509040300_Water_Temperature]]
2025-10-15 19:28:25.066,157.645,Calumet_WaterTempDrop_85,atomic,[Calumet_WaterTempDrop_85],[1.0000],1,1,1.0000,[[CalumetBeach201509040300_Water_Temperature]]
2025-10-15 19:28:25.127,157.706,Calumet_WaterTempDrop_85,atomic,[Calumet_WaterTempDrop_85],[1.0000],1,1,1.0000,[[CalumetBeach201509040400_Water_Temperature]]
2025-10-15 19:28:25.129,157.708,63rd_WaterTempDrop_85,atomic,[63rd_WaterTempDrop_85],[1.0000],1,1,1.0000,[[63rdStreetBeach201509040400_Water_Temperature]]
2025-10-15 19:28:25.129,157.708,Montrose_WaterTempDrop_85,atomic,[Montrose_WaterTempDrop_85],[1.0000],1,1,1.0000,[[MontroseBeach201509040400_Water_Temperature]]
2025-10-15 19:28:25.191,157.770,Montrose_HighWave_85,atomic,[Montrose_HighWave_85],[0.8717],1,1,0.8717,[[MontroseBeach201509040500_Wave_Height]]
2025-10-15 19:28:25.191,157.770,Montrose_WaterTempDrop_85,atomic,[Montrose_WaterTempDrop_85],[1.0000],1,1,1.0000,[[MontroseBeach201509040500_Water_Temperature]]
2025-10-15 19:28:25.192,157.771,63rd_WaterTempDrop_85,atomic,[63rd_WaterTempDrop_85],[1.0000],1,1,1.0000,[[63rdStreetBeach201509040500_Water_Temperature]]
2025-10-15 19:28:25.194,157.773,Calumet_WaterTempDrop_85,atomic,[Calumet_WaterTempDrop_85],[1.0000],1,1,1.0000,[[CalumetBeach201509040500_Water_Temperature]]
2025-10-15 19:28:25.251,157.830,63rd_WaterTempDrop_85,atomic,[63rd_WaterTempDrop_85],[1.0000],1,1,1.0000,[[63rdStreetBeach201509040600_Water_Temperature]]
2025-10-15 19:28:25.253,157.832,Calumet_WaterTempDrop_85,atomic,[Calumet_WaterTempDrop_85],[1.0000],1,1,1.0000,[[CalumetBeach201509040600_Water_Temperature]]
2025-10-15 19:28:25.254,157.833,Montrose_WaterTempDrop_85,atomic,[Montrose_WaterTempDrop_85],[1.0000],1,1,1.0000,[[MontroseBeach201509040600_Water_Temperature]]
2025-10-15 19:28:25.315,157.894,Calumet_WaterTempDrop_85,atomic,[Calumet_WaterTempDrop_85],[1.0000],1,1,1.0000,[[CalumetBeach201509040700_Water_Temperature]]
2025-10-15 19:28:25.315,157.894,Montrose_WaterTempDrop_85,atomic,[Montrose_WaterTempDrop_85],[1.0000],1,1,1.0000,[[MontroseBeach201509040700_Water_Temperature]]
2025-10-15 19:28:25.316,157.895,63rd_WaterTempDrop_85,atomic,[63rd_WaterTempDrop_85],[1.0000],1,1,1.0000,[[63rdStreetBeach201509040700_Water_Temperature]]
2025-10-15 19:28:25.374,157.953,Calumet_WaterTempDrop_85,atomic,[Calumet_WaterTempDrop_85],[0.9673],1,1,0.9673,[[CalumetBeach201509040800_Water_Temperature]]
2025-10-15 19:28:25.375,157.954,Montrose_WaterTempDrop_85,atomic,[Montrose_WaterTempDrop_85],[0.9709],1,1,0.9709,[[MontroseBeach201509040800_Water_Temperature]]
2025-10-15 19:28:25.378,157.957,63rd_WaterTempDrop_85,atomic,[63rd_WaterTempDrop_85],[1.0000],1,1,1.0000,[[63rdStreetBeach201509040800_Water_Temperature]]
2025-10-15 19:28:25.437,158.016,Montrose_WaterTempDrop_85,atomic,[Montrose_WaterTempDrop_85],[0.9672],1,1,0.9672,[[MontroseBeach201509040900_Water_Temperature]]
2025-10-15 19:28:25.440,158.019,Calumet_WaterTempDrop_85,atomic,[Calumet_WaterTempDrop_85],[1.0000],1,1,1.0000,[[CalumetBeach201509040900_Water_Temperature]]
2025-10-15 19:28:25.498,158.077,Montrose_WaterTempDrop_85,atomic,[Montrose_WaterTempDrop_85],[0.9630],1,1,0.9630,[[MontroseBeach201509041000_Water_Temperature]]
2025-10-15 19:28:25.501,158.080,Calumet_WaterTempDrop_85,atomic,[Calumet_WaterTempDrop_85],[1.0000],1,1,1.0000,[[CalumetBeach201509041000_Water_Temperature]]
2025-10-15 19:28:25.561,158.140,63rd_WaterTempDrop_85,atomic,[63rd_WaterTempDrop_85],[0.9720],1,1,0.9720,[[63rdStreetBeach201509041100_Water_Temperature]]
2025-10-15 19:28:25.565,158.144,Montrose_WaterTempDrop_85,atomic,[Montrose_WaterTempDrop_85],[1.0000],1,1,1.0000,[[MontroseBeach201509041100_Water_Temperature]]
2025-10-15 19:28:25.567,158.146,Calumet_WaterTempDrop_85,atomic,[Calumet_WaterTempDrop_85],[1.0000],1,1,1.0000,[[CalumetBeach201509041100_Water_Temperature]]
2025-10-15 19:28:25.626,158.205,Calumet_WaterTempDrop_85,atomic,[Calumet_WaterTempDrop_85],[0.9681],1,1,0.9681,[[CalumetBeach201509041200_Water_Temperature]]
2025-10-15 19:28:25.627,158.206,Montrose_WaterTempDrop_85,atomic,[Montrose_WaterTempDrop_85],[1.0000],1,1,1.0000,[[MontroseBeach201509041200_Water_Temperature]]
2025-10-15 19:28:25.688,158.267,Calumet_WaterTempDrop_85,atomic,[Calumet_WaterTempDrop_85],[0.9642],1,1,0.9642,[[CalumetBeach201509041300_Water_Temperature]]
2025-10-15 19:28:25.689,158.268,63rd_WaterTempDrop_85,atomic,[63rd_WaterTempDrop_85],[0.9683],1,1,0.9683,[[63rdStreetBeach201509041300_Water_Temperature]]
2025-10-15 19:28:25.690,158.269,Montrose_WaterTempDrop_85,atomic,[Montrose_WaterTempDrop_85],[1.0000],1,1,1.0000,[[MontroseBeach201509041300_Water_Temperature]]
2025-10-15 19:28:25.751,158.330,Montrose_WaterTempDrop_85,atomic,[Montrose_WaterTempDrop_85],[0.9654],1,1,0.9654,[[MontroseBeach201509041400_Water_Temperature]]
2025-10-15 19:28:25.754,158.333,Calumet_WaterTempDrop_85,atomic,[Calumet_WaterTempDrop_85],[1.0000],1,1,1.0000,[[CalumetBeach201509041400_Water_Temperature]]
2025-10-15 19:28:25.815,158.394,Calumet_WaterTempDrop_85,atomic,[Calumet_WaterTempDrop_85],[1.0000],1,1,1.0000,[[CalumetBeach201509041500_Water_Temperature]]
2025-10-15 19:28:25.816,158.395,Montrose_WaterTempDrop_85,atomic,[Montrose_WaterTempDrop_85],[1.0000],1,1,1.0000,[[MontroseBeach201509041500_Water_Temperature]]
2025-10-15 19:28:25.878,158.457,Montrose_WaterTempDrop_85,atomic,[Montrose_WaterTempDrop_85],[1.0000],1,1,1.0000,[[MontroseBeach201509041600_Water_Temperature]]
2025-10-15 19:28:25.879,158.458,Calumet_WaterTempDrop_85,atomic,[Calumet_WaterTempDrop_85],[1.0000],1,1,1.0000,[[CalumetBeach201509041600_Water_Temperature]]
2025-10-15 19:28:25.940,158.519,Calumet_WaterTempDrop_85,atomic,[Calumet_WaterTempDrop_85],[0.9663],1,1,0.9663,[[CalumetBeach201509041700_Water_Temperature]]
2025-10-15 19:28:25.941,158.520,Montrose_WaterTempDrop_85,atomic,[Montrose_WaterTempDrop_85],[0.9654],1,1,0.9654,[[MontroseBeach201509041700_Water_Temperature]]
2025-10-15 19:28:26.003,158.582,Montrose_WaterTempDrop_85,atomic,[Montrose_WaterTempDrop_85],[1.0000],1,1,1.0000,[[MontroseBeach201509041800_Water_Temperature]]
2025-10-15 19:28:26.004,158.583,Calumet_WaterTempDrop_85,atomic,[Calumet_WaterTempDrop_85],[1.0000],1,1,1.0000,[[CalumetBeach201509041800_Water_Temperature]]
2025-10-15 19:28:26.071,158.650,Montrose_WaterTempDrop_85,atomic,[Montrose_WaterTempDrop_85],[1.0000],1,1,1.0000,[[MontroseBeach201509041900_Water_Temperature]]
2025-10-15 19:28:26.126,158.705,Calumet_WaterTempDrop_85,atomic,[Calumet_WaterTempDrop_85],[0.9662],1,1,0.9662,[[CalumetBeach201509042000_Water_Temperature]]
2025-10-15 19:28:26.130,158.709,Montrose_WaterTempDrop_85,atomic,[Montrose_WaterTempDrop_85],[1.0000],1,1,1.0000,[[MontroseBeach201509042000_Water_Temperature]]
2025-10-15 19:28:26.189,158.768,63rd_WaterTempDrop_85,atomic,[63rd_WaterTempDrop_85],[0.9688],1,1,0.9688,[[63rdStreetBeach201509042100_Water_Temperature]]
2025-10-15 19:28:26.189,158.768,Montrose_WaterTempDrop_85,atomic,[Montrose_WaterTempDrop_85],[0.9669],1,1,0.9669,[[MontroseBeach201509042100_Water_Temperature]]
2025-10-15 19:28:26.191,158.770,Calumet_WaterTempDrop_85,atomic,[Calumet_WaterTempDrop_85],[0.9621],1,1,0.9621,[[CalumetBeach201509042100_Water_Temperature]]
2025-10-15 19:28:26.255,158.834,Montrose_WaterTempDrop_85,atomic,[Montrose_WaterTempDrop_85],[1.0000],1,1,1.0000,[[MontroseBeach201509042200_Water_Temperature]]
2025-10-15 19:28:26.315,158.894,Montrose_WaterTempDrop_85,atomic,[Montrose_WaterTempDrop_85],[1.0000],1,1,1.0000,[[MontroseBeach201509042300_Water_Temperature]]
2025-10-15 19:28:26.377,158.956,63rd_WaterTempDrop_85,atomic,[63rd_WaterTempDrop_85],[0.9674],1,1,0.9674,[[63rdStreetBeach201509052400_Water_Temperature]]
2025-10-15 19:28:26.380,158.959,Montrose_WaterTempDrop_85,atomic,[Montrose_WaterTempDrop_85],[1.0000],1,1,1.0000,[[MontroseBeach201509052400_Water_Temperature]]
2025-10-15 19:28:26.443,159.022,Montrose_WaterTempDrop_85,atomic,[Montrose_WaterTempDrop_85],[1.0000],1,1,1.0000,[[MontroseBeach201509050100_Water_Temperature]]
2025-10-15 19:28:26.505,159.084,63rd_WaterTempDrop_85,atomic,[63rd_WaterTempDrop_85],[0.9650],1,1,0.9650,[[63rdStreetBeach201509050200_Water_Temperature]]
2025-10-15 19:28:26.506,159.085,Montrose_WaterTempDrop_85,atomic,[Montrose_WaterTempDrop_85],[0.9689],1,1,0.9689,[[MontroseBeach201509050200_Water_Temperature]]
2025-10-15 19:28:26.564,159.143,Montrose_WaterTempDrop_85,atomic,[Montrose_WaterTempDrop_85],[0.9650],1,1,0.9650,[[MontroseBeach201509050300_Water_Temperature]]
2025-10-15 19:28:26.569,159.148,Calumet_WaterTempDrop_85,atomic,[Calumet_WaterTempDrop_85],[1.0000],1,1,1.0000,[[CalumetBeach201509050300_Water_Temperature]]
2025-10-15 19:28:26.629,159.208,Montrose_WaterTempDrop_85,atomic,[Montrose_WaterTempDrop_85],[1.0000],1,1,1.0000,[[MontroseBeach201509050400_Water_Temperature]]
2025-10-15 19:28:26.629,159.208,Calumet_WaterTempDrop_85,atomic,[Calumet_WaterTempDrop_85],[1.0000],1,1,1.0000,[[CalumetBeach201509050400_Water_Temperature]]
2025-10-15 19:28:26.692,159.271,63rd_WaterTempDrop_85,atomic,[63rd_WaterTempDrop_85],[1.0000],1,1,1.0000,[[63rdStreetBeach201509050500_Water_Temperature]]
2025-10-15 19:28:26.694,159.273,Calumet_WaterTempDrop_85,atomic,[Calumet_WaterTempDrop_85],[1.0000],1,1,1.0000,[[CalumetBeach201509050500_Water_Temperature]]
2025-10-15 19:28:26.695,159.274,Montrose_WaterTempDrop_85,atomic,[Montrose_WaterTempDrop_85],[1.0000],1,1,1.0000,[[MontroseBeach201509050500_Water_Temperature]]
2025-10-15 19:28:26.750,159.329,Montrose_WaterTempDrop_85,atomic,[Montrose_WaterTempDrop_85],[0.9652],1,1,0.9652,[[MontroseBeach201509050600_Water_Temperature]]
2025-10-15 19:28:26.754,159.333,Calumet_WaterTempDrop_85,atomic,[Calumet_WaterTempDrop_85],[1.0000],1,1,1.0000,[[CalumetBeach201509050600_Water_Temperature]]
2025-10-15 19:28:26.820,159.399,63rd_WaterTempDrop_85,atomic,[63rd_WaterTempDrop_85],[1.0000],1,1,1.0000,[[63rdStreetBeach201509050700_Water_Temperature]]
2025-10-15 19:28:26.821,159.400,Calumet_WaterTempDrop_85,atomic,[Calumet_WaterTempDrop_85],[1.0000],1,1,1.0000,[[CalumetBeach201509050700_Water_Temperature]]
2025-10-15 19:28:26.822,159.401,Montrose_WaterTempDrop_85,atomic,[Montrose_WaterTempDrop_85],[1.0000],1,1,1.0000,[[MontroseBeach201509050700_Water_Temperature]]
2025-10-15 19:28:26.876,159.455,Montrose_WaterTempDrop_85,atomic,[Montrose_WaterTempDrop_85],[0.9634],1,1,0.9634,[[MontroseBeach201509050800_Water_Temperature]]
2025-10-15 19:28:27.002,159.581,63rd_WaterTempDrop_85,atomic,[63rd_WaterTempDrop_85],[1.0000],1,1,1.0000,[[63rdStreetBeach201509051000_Water_Temperature]]
2025-10-15 19:28:27.006,159.585,Calumet_WaterTempDrop_85,atomic,[Calumet_WaterTempDrop_85],[1.0000],1,1,1.0000,[[CalumetBeach201509051000_Water_Temperature]]
2025-10-15 19:28:27.066,159.645,Calumet_WaterTempDrop_85,atomic,[Calumet_WaterTempDrop_85],[1.0000],1,1,1.0000,[[CalumetBeach201509051100_Water_Temperature]]
2025-10-15 19:28:27.067,159.646,63rd_WaterTempDrop_85,atomic,[63rd_WaterTempDrop_85],[1.0000],1,1,1.0000,[[63rdStreetBeach201509051100_Water_Temperature]]
2025-10-15 19:28:27.130,159.709,63rd_WaterTempDrop_85,atomic,[63rd_WaterTempDrop_85],[1.0000],1,1,1.0000,[[63rdStreetBeach201509051200_Water_Temperature]]
2025-10-15 19:28:27.130,159.709,Montrose_WaterTempDrop_85,atomic,[Montrose_WaterTempDrop_85],[1.0000],1,1,1.0000,[[MontroseBeach201509051200_Water_Temperature]]
2025-10-15 19:28:27.192,159.771,63rd_WaterTempDrop_85,atomic,[63rd_WaterTempDrop_85],[1.0000],1,1,1.0000,[[63rdStreetBeach201509051300_Water_Temperature]]
2025-10-15 19:28:27.193,159.772,Calumet_WaterTempDrop_85,atomic,[Calumet_WaterTempDrop_85],[1.0000],1,1,1.0000,[[CalumetBeach201509051300_Water_Temperature]]
2025-10-15 19:28:27.253,159.832,Calumet_WaterTempDrop_85,atomic,[Calumet_WaterTempDrop_85],[1.0000],1,1,1.0000,[[CalumetBeach201509051400_Water_Temperature]]
2025-10-15 19:28:27.256,159.835,63rd_WaterTempDrop_85,atomic,[63rd_WaterTempDrop_85],[1.0000],1,1,1.0000,[[63rdStreetBeach201509051400_Water_Temperature]]
2025-10-15 19:28:27.257,159.836,Montrose_WaterTempDrop_85,atomic,[Montrose_WaterTempDrop_85],[1.0000],1,1,1.0000,[[MontroseBeach201509051400_Water_Temperature]]
2025-10-15 19:28:27.319,159.898,Montrose_WaterTempDrop_85,atomic,[Montrose_WaterTempDrop_85],[1.0000],1,1,1.0000,[[MontroseBeach201509051500_Water_Temperature]]
2025-10-15 19:28:27.377,159.956,Montrose_WaterTempDrop_85,atomic,[Montrose_WaterTempDrop_85],[1.0000],1,1,1.0000,[[MontroseBeach201509051600_Water_Temperature]]
2025-10-15 19:28:27.442,160.021,63rd_WaterTempDrop_85,atomic,[63rd_WaterTempDrop_85],[1.0000],1,1,1.0000,[[63rdStreetBeach201509051700_Water_Temperature]]
2025-10-15 19:28:27.444,160.023,Montrose_WaterTempDrop_85,atomic,[Montrose_WaterTempDrop_85],[1.0000],1,1,1.0000,[[MontroseBeach201509051700_Water_Temperature]]
2025-10-15 19:28:27.515,160.094,63rd_WaterTempDrop_85,atomic,[63rd_WaterTempDrop_85],[1.0000],1,1,1.0000,[[63rdStreetBeach201509051800_Water_Temperature]]
2025-10-15 19:28:27.516,160.095,Montrose_WaterTempDrop_85,atomic,[Montrose_WaterTempDrop_85],[1.0000],1,1,1.0000,[[MontroseBeach201509051800_Water_Temperature]]
2025-10-15 19:28:27.564,160.143,63rd_WaterTempDrop_85,atomic,[63rd_WaterTempDrop_85],[1.0000],1,1,1.0000,[[63rdStreetBeach201509051900_Water_Temperature]]
2025-10-15 19:28:27.568,160.147,Montrose_WaterTempDrop_85,atomic,[Montrose_WaterTempDrop_85],[1.0000],1,1,1.0000,[[MontroseBeach201509051900_Water_Temperature]]
2025-10-15 19:28:27.628,160.207,Montrose_WaterTempDrop_85,atomic,[Montrose_WaterTempDrop_85],[1.0000],1,1,1.0000,[[MontroseBeach201509052000_Water_Temperature]]
2025-10-15 19:28:27.689,160.268,Montrose_WaterTempDrop_85,atomic,[Montrose_WaterTempDrop_85],[0.9683],1,1,0.9683,[[MontroseBeach201509052100_Water_Temperature]]
2025-10-15 19:28:27.693,160.272,63rd_WaterTempDrop_85,atomic,[63rd_WaterTempDrop_85],[1.0000],1,1,1.0000,[[63rdStreetBeach201509052100_Water_Temperature]]
2025-10-15 19:28:27.756,160.335,Calumet_WaterTempDrop_85,atomic,[Calumet_WaterTempDrop_85],[1.0000],1,1,1.0000,[[CalumetBeach201509052200_Water_Temperature]]
2025-10-15 19:28:27.757,160.336,Montrose_WaterTempDrop_85,atomic,[Montrose_WaterTempDrop_85],[1.0000],1,1,1.0000,[[MontroseBeach201509052200_Water_Temperature]]
2025-10-15 19:28:27.815,160.394,Calumet_WaterTempDrop_85,atomic,[Calumet_WaterTempDrop_85],[1.0000],1,1,1.0000,[[CalumetBeach201509052300_Water_Temperature]]
2025-10-15 19:28:27.816,160.395,63rd_WaterTempDrop_85,atomic,[63rd_WaterTempDrop_85],[1.0000],1,1,1.0000,[[63rdStreetBeach201509052300_Water_Temperature]]
2025-10-15 19:28:27.817,160.396,Montrose_WaterTempDrop_85,atomic,[Montrose_WaterTempDrop_85],[1.0000],1,1,1.0000,[[MontroseBeach201509052300_Water_Temperature]]
2025-10-15 19:28:27.874,160.453,Calumet_WaterTempDrop_85,atomic,[Calumet_WaterTempDrop_85],[1.0000],1,1,1.0000,[[CalumetBeach201509062400_Water_Temperature]]
2025-10-15 19:28:27.875,160.454,Montrose_WaterTempDrop_85,atomic,[Montrose_WaterTempDrop_85],[1.0000],1,1,1.0000,[[MontroseBeach201509062400_Water_Temperature]]
2025-10-15 19:28:27.936,160.515,Montrose_WaterTempDrop_85,atomic,[Montrose_WaterTempDrop_85],[0.9689],1,1,0.9689,[[MontroseBeach201509060200_Water_Temperature]]
2025-10-15 19:28:27.940,160.519,Calumet_WaterTempDrop_85,atomic,[Calumet_WaterTempDrop_85],[1.0000],1,1,1.0000,[[CalumetBeach201509060200_Water_Temperature]]
2025-10-15 19:28:27.999,160.578,Montrose_WaterTempDrop_85,atomic,[Montrose_WaterTempDrop_85],[0.9651],1,1,0.9651,[[MontroseBeach201509060300_Water_Temperature]]
2025-10-15 19:28:28.001,160.580,Calumet_WaterTempDrop_85,atomic,[Calumet_WaterTempDrop_85],[1.0000],1,1,1.0000,[[CalumetBeach201509060300_Water_Temperature]]
2025-10-15 19:28:28.002,160.581,63rd_WaterTempDrop_85,atomic,[63rd_WaterTempDrop_85],[1.0000],1,1,1.0000,[[63rdStreetBeach201509060300_Water_Temperature]]
2025-10-15 19:28:28.063,160.642,63rd_WaterTempDrop_85,atomic,[63rd_WaterTempDrop_85],[0.9577],1,1,0.9577,[[63rdStreetBeach201509060400_Water_Temperature]]
2025-10-15 19:28:28.066,160.645,Montrose_WaterTempDrop_85,atomic,[Montrose_WaterTempDrop_85],[1.0000],1,1,1.0000,[[MontroseBeach201509060400_Water_Temperature]]
2025-10-15 19:28:28.126,160.705,63rd_WaterTempDrop_85,atomic,[63rd_WaterTempDrop_85],[0.9528],1,1,0.9528,[[63rdStreetBeach201509060500_Water_Temperature]]
2025-10-15 19:28:28.128,160.707,Montrose_WaterTempDrop_85,atomic,[Montrose_WaterTempDrop_85],[1.0000],1,1,1.0000,[[MontroseBeach201509060500_Water_Temperature]]
2025-10-15 19:28:28.191,160.770,Montrose_WaterTempDrop_85,atomic,[Montrose_WaterTempDrop_85],[1.0000],1,1,1.0000,[[MontroseBeach201509060600_Water_Temperature]]
2025-10-15 19:28:28.193,160.772,63rd_WaterTempDrop_85,atomic,[63rd_WaterTempDrop_85],[1.0000],1,1,1.0000,[[63rdStreetBeach201509060600_Water_Temperature]]
2025-10-15 19:28:28.250,160.829,Montrose_WaterTempDrop_85,atomic,[Montrose_WaterTempDrop_85],[1.0000],1,1,1.0000,[[MontroseBeach201509060700_Water_Temperature]]
2025-10-15 19:28:28.250,160.829,Calumet_WaterTempDrop_85,atomic,[Calumet_WaterTempDrop_85],[1.0000],1,1,1.0000,[[CalumetBeach201509060700_Water_Temperature]]
2025-10-15 19:28:28.252,160.831,63rd_WaterTempDrop_85,atomic,[63rd_WaterTempDrop_85],[1.0000],1,1,1.0000,[[63rdStreetBeach201509060700_Water_Temperature]]
2025-10-15 19:28:28.311,160.890,63rd_WaterTempDrop_85,atomic,[63rd_WaterTempDrop_85],[0.9581],1,1,0.9581,[[63rdStreetBeach201509060800_Water_Temperature]]
2025-10-15 19:28:28.313,160.892,Calumet_WaterTempDrop_85,atomic,[Calumet_WaterTempDrop_85],[1.0000],1,1,1.0000,[[CalumetBeach201509060800_Water_Temperature]]
2025-10-15 19:28:28.314,160.893,Montrose_WaterTempDrop_85,atomic,[Montrose_WaterTempDrop_85],[1.0000],1,1,1.0000,[[MontroseBeach201509060800_Water_Temperature]]
2025-10-15 19:28:28.372,160.951,Calumet_WaterTempDrop_85,atomic,[Calumet_WaterTempDrop_85],[0.9614],1,1,0.9614,[[CalumetBeach201509060900_Water_Temperature]]
2025-10-15 19:28:28.374,160.953,Montrose_WaterTempDrop_85,atomic,[Montrose_WaterTempDrop_85],[1.0000],1,1,1.0000,[[MontroseBeach201509060900_Water_Temperature]]
2025-10-15 19:28:28.375,160.954,63rd_WaterTempDrop_85,atomic,[63rd_WaterTempDrop_85],[1.0000],1,1,1.0000,[[63rdStreetBeach201509060900_Water_Temperature]]
2025-10-15 19:28:28.434,161.013,Calumet_WaterTempDrop_85,atomic,[Calumet_WaterTempDrop_85],[0.9569],1,1,0.9569,[[CalumetBeach201509061000_Water_Temperature]]
2025-10-15 19:28:28.435,161.014,Montrose_WaterTempDrop_85,atomic,[Montrose_WaterTempDrop_85],[0.9698],1,1,0.9698,[[MontroseBeach201509061000_Water_Temperature]]
2025-10-15 19:28:28.438,161.017,63rd_WaterTempDrop_85,atomic,[63rd_WaterTempDrop_85],[1.0000],1,1,1.0000,[[63rdStreetBeach201509061000_Water_Temperature]]
2025-10-15 19:28:28.496,161.075,Calumet_WaterTempDrop_85,atomic,[Calumet_WaterTempDrop_85],[1.0000],1,1,1.0000,[[CalumetBeach201509061100_Water_Temperature]]
2025-10-15 19:28:28.499,161.078,Montrose_WaterTempDrop_85,atomic,[Montrose_WaterTempDrop_85],[1.0000],1,1,1.0000,[[MontroseBeach201509061100_Water_Temperature]]
2025-10-15 19:28:28.500,161.079,63rd_WaterTempDrop_85,atomic,[63rd_WaterTempDrop_85],[1.0000],1,1,1.0000,[[63rdStreetBeach201509061100_Water_Temperature]]
2025-10-15 19:28:28.558,161.137,Calumet_WaterTempDrop_85,atomic,[Calumet_WaterTempDrop_85],[0.9568],1,1,0.9568,[[CalumetBeach201509061200_Water_Temperature]]
2025-10-15 19:28:28.561,161.140,Montrose_WaterTempDrop_85,atomic,[Montrose_WaterTempDrop_85],[1.0000],1,1,1.0000,[[MontroseBeach201509061200_Water_Temperature]]
2025-10-15 19:28:28.561,161.140,63rd_WaterTempDrop_85,atomic,[63rd_WaterTempDrop_85],[1.0000],1,1,1.0000,[[63rdStreetBeach201509061200_Water_Temperature]]
2025-10-15 19:28:28.621,161.200,63rd_WaterTempDrop_85,atomic,[63rd_WaterTempDrop_85],[0.9657],1,1,0.9657,[[63rdStreetBeach201509061300_Water_Temperature]]
2025-10-15 19:28:28.624,161.203,Montrose_WaterTempDrop_85,atomic,[Montrose_WaterTempDrop_85],[1.0000],1,1,1.0000,[[MontroseBeach201509061300_Water_Temperature]]
2025-10-15 19:28:28.624,161.203,Calumet_WaterTempDrop_85,atomic,[Calumet_WaterTempDrop_85],[1.0000],1,1,1.0000,[[CalumetBeach201509061300_Water_Temperature]]
2025-10-15 19:28:28.684,161.263,Calumet_WaterTempDrop_85,atomic,[Calumet_WaterTempDrop_85],[0.9567],1,1,0.9567,[[CalumetBeach201509061400_Water_Temperature]]
2025-10-15 19:28:28.684,161.263,63rd_WaterTempDrop_85,atomic,[63rd_WaterTempDrop_85],[1.0000],1,1,1.0000,[[63rdStreetBeach201509061400_Water_Temperature]]
2025-10-15 19:28:28.687,161.266,Montrose_WaterTempDrop_85,atomic,[Montrose_WaterTempDrop_85],[1.0000],1,1,1.0000,[[MontroseBeach201509061400_Water_Temperature]]
2025-10-15 19:28:28.745,161.324,Calumet_WaterTempDrop_85,atomic,[Calumet_WaterTempDrop_85],[1.0000],1,1,1.0000,[[CalumetBeach201509061500_Water_Temperature]]
2025-10-15 19:28:28.748,161.327,63rd_WaterTempDrop_85,atomic,[63rd_WaterTempDrop_85],[1.0000],1,1,1.0000,[[63rdStreetBeach201509061500_Water_Temperature]]
2025-10-15 19:28:28.749,161.328,Montrose_WaterTempDrop_85,atomic,[Montrose_WaterTempDrop_85],[1.0000],1,1,1.0000,[[MontroseBeach201509061500_Water_Temperature]]
2025-10-15 19:28:28.808,161.387,63rd_WaterTempDrop_85,atomic,[63rd_WaterTempDrop_85],[1.0000],1,1,1.0000,[[63rdStreetBeach201509061600_Water_Temperature]]
2025-10-15 19:28:28.808,161.387,Calumet_WaterTempDrop_85,atomic,[Calumet_WaterTempDrop_85],[0.9568],1,1,0.9568,[[CalumetBeach201509061600_Water_Temperature]]
2025-10-15 19:28:28.812,161.391,Montrose_WaterTempDrop_85,atomic,[Montrose_WaterTempDrop_85],[1.0000],1,1,1.0000,[[MontroseBeach201509061600_Water_Temperature]]
2025-10-15 19:28:28.870,161.449,63rd_WaterTempDrop_85,atomic,[63rd_WaterTempDrop_85],[0.9674],1,1,0.9674,[[63rdStreetBeach201509061700_Water_Temperature]]
2025-10-15 19:28:28.872,161.451,Calumet_WaterTempDrop_85,atomic,[Calumet_WaterTempDrop_85],[0.9519],1,1,0.9519,[[CalumetBeach201509061700_Water_Temperature]]
2025-10-15 19:28:28.873,161.452,Montrose_WaterTempDrop_85,atomic,[Montrose_WaterTempDrop_85],[1.0000],1,1,1.0000,[[MontroseBeach201509061700_Water_Temperature]]
2025-10-15 19:28:28.936,161.515,Calumet_WaterTempDrop_85,atomic,[Calumet_WaterTempDrop_85],[0.9465],1,1,0.9465,[[CalumetBeach201509061800_Water_Temperature]]
2025-10-15 19:28:28.938,161.517,63rd_WaterTempDrop_85,atomic,[63rd_WaterTempDrop_85],[1.0000],1,1,1.0000,[[63rdStreetBeach201509061800_Water_Temperature]]
2025-10-15 19:28:28.938,161.517,Montrose_WaterTempDrop_85,atomic,[Montrose_WaterTempDrop_85],[0.9715],1,1,0.9715,[[MontroseBeach201509061800_Water_Temperature]]
2025-10-15 19:28:28.994,161.573,63rd_WaterTempDrop_85,atomic,[63rd_WaterTempDrop_85],[0.9655],1,1,0.9655,[[63rdStreetBeach201509061900_Water_Temperature]]
2025-10-15 19:28:28.998,161.577,Calumet_WaterTempDrop_85,atomic,[Calumet_WaterTempDrop_85],[1.0000],1,1,1.0000,[[CalumetBeach201509061900_Water_Temperature]]
2025-10-15 19:28:28.999,161.578,Montrose_WaterTempDrop_85,atomic,[Montrose_WaterTempDrop_85],[1.0000],1,1,1.0000,[[MontroseBeach201509061900_Water_Temperature]]
2025-10-15 19:28:29.059,161.638,63rd_WaterTempDrop_85,atomic,[63rd_WaterTempDrop_85],[0.9613],1,1,0.9613,[[63rdStreetBeach201509062000_Water_Temperature]]
2025-10-15 19:28:29.059,161.638,Calumet_WaterTempDrop_85,atomic,[Calumet_WaterTempDrop_85],[1.0000],1,1,1.0000,[[CalumetBeach201509062000_Water_Temperature]]
2025-10-15 19:28:29.060,161.639,Montrose_WaterTempDrop_85,atomic,[Montrose_WaterTempDrop_85],[1.0000],1,1,1.0000,[[MontroseBeach201509062000_Water_Temperature]]
2025-10-15 19:28:29.119,161.698,Calumet_WaterTempDrop_85,atomic,[Calumet_WaterTempDrop_85],[0.9550],1,1,0.9550,[[CalumetBeach201509062100_Water_Temperature]]
2025-10-15 19:28:29.119,161.698,63rd_WaterTempDrop_85,atomic,[63rd_WaterTempDrop_85],[0.9567],1,1,0.9567,[[63rdStreetBeach201509062100_Water_Temperature]]
2025-10-15 19:28:29.119,161.698,Montrose_WaterTempDrop_85,atomic,[Montrose_WaterTempDrop_85],[0.9695],1,1,0.9695,[[MontroseBeach201509062100_Water_Temperature]]
2025-10-15 19:28:29.183,161.762,Montrose_WaterTempDrop_85,atomic,[Montrose_WaterTempDrop_85],[1.0000],1,1,1.0000,[[MontroseBeach201509062200_Water_Temperature]]
2025-10-15 19:28:29.185,161.764,63rd_WaterTempDrop_85,atomic,[63rd_WaterTempDrop_85],[0.9517],1,1,0.9517,[[63rdStreetBeach201509062200_Water_Temperature]]
2025-10-15 19:28:29.187,161.766,Calumet_WaterTempDrop_85,atomic,[Calumet_WaterTempDrop_85],[1.0000],1,1,1.0000,[[CalumetBeach201509062200_Water_Temperature]]
2025-10-15 19:28:29.245,161.824,Montrose_WaterTempDrop_85,atomic,[Montrose_WaterTempDrop_85],[1.0000],1,1,1.0000,[[MontroseBeach201509062300_Water_Temperature]]
2025-10-15 19:28:29.248,161.827,Calumet_WaterTempDrop_85,atomic,[Calumet_WaterTempDrop_85],[1.0000],1,1,1.0000,[[CalumetBeach201509062300_Water_Temperature]]
2025-10-15 19:28:29.250,161.829,63rd_WaterTempDrop_85,atomic,[63rd_WaterTempDrop_85],[1.0000],1,1,1.0000,[[63rdStreetBeach201509062300_Water_Temperature]]
2025-10-15 19:28:29.310,161.889,63rd_WaterTempDrop_85,atomic,[63rd_WaterTempDrop_85],[1.0000],1,1,1.0000,[[63rdStreetBeach201509072400_Water_Temperature]]
2025-10-15 19:28:29.310,161.889,Calumet_WaterTempDrop_85,atomic,[Calumet_WaterTempDrop_85],[1.0000],1,1,1.0000,[[CalumetBeach201509072400_Water_Temperature]]
2025-10-15 19:28:29.312,161.891,Montrose_WaterTempDrop_85,atomic,[Montrose_WaterTempDrop_85],[1.0000],1,1,1.0000,[[MontroseBeach201509072400_Water_Temperature]]
2025-10-15 19:28:29.372,161.951,Montrose_WaterTempDrop_85,atomic,[Montrose_WaterTempDrop_85],[1.0000],1,1,1.0000,[[MontroseBeach201509070100_Water_Temperature]]
2025-10-15 19:28:29.373,161.952,Calumet_WaterTempDrop_85,atomic,[Calumet_WaterTempDrop_85],[1.0000],1,1,1.0000,[[CalumetBeach201509070100_Water_Temperature]]
2025-10-15 19:28:29.374,161.953,63rd_WaterTempDrop_85,atomic,[63rd_WaterTempDrop_85],[1.0000],1,1,1.0000,[[63rdStreetBeach201509070100_Water_Temperature]]
2025-10-15 19:28:29.435,162.014,Calumet_WaterTempDrop_85,atomic,[Calumet_WaterTempDrop_85],[1.0000],1,1,1.0000,[[CalumetBeach201509070200_Water_Temperature]]
2025-10-15 19:28:29.438,162.017,Montrose_WaterTempDrop_85,atomic,[Montrose_WaterTempDrop_85],[1.0000],1,1,1.0000,[[MontroseBeach201509070200_Water_Temperature]]
2025-10-15 19:28:29.439,162.018,63rd_WaterTempDrop_85,atomic,[63rd_WaterTempDrop_85],[1.0000],1,1,1.0000,[[63rdStreetBeach201509070200_Water_Temperature]]
2025-10-15 19:28:29.494,162.073,Calumet_WaterTempDrop_85,atomic,[Calumet_WaterTempDrop_85],[0.9667],1,1,0.9667,[[CalumetBeach201509070300_Water_Temperature]]
2025-10-15 19:28:29.494,162.073,63rd_WaterTempDrop_85,atomic,[63rd_WaterTempDrop_85],[1.0000],1,1,1.0000,[[63rdStreetBeach201509070300_Water_Temperature]]
2025-10-15 19:28:29.496,162.075,Montrose_WaterTempDrop_85,atomic,[Montrose_WaterTempDrop_85],[1.0000],1,1,1.0000,[[MontroseBeach201509070300_Water_Temperature]]
2025-10-15 19:28:29.560,162.139,63rd_WaterTempDrop_85,atomic,[63rd_WaterTempDrop_85],[1.0000],1,1,1.0000,[[63rdStreetBeach201509070400_Water_Temperature]]
2025-10-15 19:28:29.561,162.140,Montrose_WaterTempDrop_85,atomic,[Montrose_WaterTempDrop_85],[1.0000],1,1,1.0000,[[MontroseBeach201509070400_Water_Temperature]]
2025-10-15 19:28:29.562,162.141,Calumet_WaterTempDrop_85,atomic,[Calumet_WaterTempDrop_85],[1.0000],1,1,1.0000,[[CalumetBeach201509070400_Water_Temperature]]
2025-10-15 19:28:29.620,162.199,Calumet_WaterTempDrop_85,atomic,[Calumet_WaterTempDrop_85],[1.0000],1,1,1.0000,[[CalumetBeach201509070500_Water_Temperature]]
2025-10-15 19:28:29.622,162.201,Montrose_WaterTempDrop_85,atomic,[Montrose_WaterTempDrop_85],[1.0000],1,1,1.0000,[[MontroseBeach201509070500_Water_Temperature]]
2025-10-15 19:28:29.624,162.203,63rd_WaterTempDrop_85,atomic,[63rd_WaterTempDrop_85],[1.0000],1,1,1.0000,[[63rdStreetBeach201509070500_Water_Temperature]]
2025-10-15 19:28:29.683,162.262,Montrose_WaterTempDrop_85,atomic,[Montrose_WaterTempDrop_85],[0.9716],1,1,0.9716,[[MontroseBeach201509070600_Water_Temperature]]
2025-10-15 19:28:29.684,162.263,Calumet_WaterTempDrop_85,atomic,[Calumet_WaterTempDrop_85],[0.9667],1,1,0.9667,[[CalumetBeach201509070600_Water_Temperature]]
2025-10-15 19:28:29.688,162.267,63rd_WaterTempDrop_85,atomic,[63rd_WaterTempDrop_85],[1.0000],1,1,1.0000,[[63rdStreetBeach201509070600_Water_Temperature]]
2025-10-15 19:28:29.745,162.324,63rd_WaterTempDrop_85,atomic,[63rd_WaterTempDrop_85],[0.9692],1,1,0.9692,[[63rdStreetBeach201509070700_Water_Temperature]]
2025-10-15 19:28:29.749,162.328,Montrose_WaterTempDrop_85,atomic,[Montrose_WaterTempDrop_85],[1.0000],1,1,1.0000,[[MontroseBeach201509070700_Water_Temperature]]
2025-10-15 19:28:29.751,162.330,Calumet_WaterTempDrop_85,atomic,[Calumet_WaterTempDrop_85],[1.0000],1,1,1.0000,[[CalumetBeach201509070700_Water_Temperature]]
2025-10-15 19:28:29.809,162.388,Calumet_WaterTempDrop_85,atomic,[Calumet_WaterTempDrop_85],[1.0000],1,1,1.0000,[[CalumetBeach201509070800_Water_Temperature]]
2025-10-15 19:28:29.811,162.390,63rd_WaterTempDrop_85,atomic,[63rd_WaterTempDrop_85],[1.0000],1,1,1.0000,[[63rdStreetBeach201509070800_Water_Temperature]]
2025-10-15 19:28:29.812,162.391,Montrose_WaterTempDrop_85,atomic,[Montrose_WaterTempDrop_85],[1.0000],1,1,1.0000,[[MontroseBeach201509070800_Water_Temperature]]
2025-10-15 19:28:29.871,162.450,Montrose_WaterTempDrop_85,atomic,[Montrose_WaterTempDrop_85],[0.9695],1,1,0.9695,[[MontroseBeach201509070900_Water_Temperature]]
2025-10-15 19:28:29.873,162.452,Calumet_WaterTempDrop_85,atomic,[Calumet_WaterTempDrop_85],[1.0000],1,1,1.0000,[[CalumetBeach201509070900_Water_Temperature]]
2025-10-15 19:28:29.874,162.453,63rd_WaterTempDrop_85,atomic,[63rd_WaterTempDrop_85],[1.0000],1,1,1.0000,[[63rdStreetBeach201509070900_Water_Temperature]]
2025-10-15 19:28:29.933,162.512,63rd_WaterTempDrop_85,atomic,[63rd_WaterTempDrop_85],[0.9681],1,1,0.9681,[[63rdStreetBeach201509071000_Water_Temperature]]
2025-10-15 19:28:29.936,162.515,Calumet_WaterTempDrop_85,atomic,[Calumet_WaterTempDrop_85],[1.0000],1,1,1.0000,[[CalumetBeach201509071000_Water_Temperature]]
2025-10-15 19:28:29.938,162.517,Montrose_WaterTempDrop_85,atomic,[Montrose_WaterTempDrop_85],[1.0000],1,1,1.0000,[[MontroseBeach201509071000_Water_Temperature]]
2025-10-15 19:28:29.996,162.575,Montrose_WaterTempDrop_85,atomic,[Montrose_WaterTempDrop_85],[1.0000],1,1,1.0000,[[MontroseBeach201509071100_Water_Temperature]]
2025-10-15 19:28:29.997,162.576,Calumet_WaterTempDrop_85,atomic,[Calumet_WaterTempDrop_85],[1.0000],1,1,1.0000,[[CalumetBeach201509071100_Water_Temperature]]
2025-10-15 19:28:29.999,162.578,63rd_WaterTempDrop_85,atomic,[63rd_WaterTempDrop_85],[1.0000],1,1,1.0000,[[63rdStreetBeach201509071100_Water_Temperature]]
2025-10-15 19:28:30.060,162.639,63rd_WaterTempDrop_85,atomic,[63rd_WaterTempDrop_85],[1.0000],1,1,1.0000,[[63rdStreetBeach201509071200_Water_Temperature]]
2025-10-15 19:28:30.062,162.641,Calumet_WaterTempDrop_85,atomic,[Calumet_WaterTempDrop_85],[1.0000],1,1,1.0000,[[CalumetBeach201509071200_Water_Temperature]]
2025-10-15 19:28:30.062,162.641,Montrose_WaterTempDrop_85,atomic,[Montrose_WaterTempDrop_85],[1.0000],1,1,1.0000,[[MontroseBeach201509071200_Water_Temperature]]
2025-10-15 19:28:30.122,162.701,Montrose_WaterTempDrop_85,atomic,[Montrose_WaterTempDrop_85],[1.0000],1,1,1.0000,[[MontroseBeach201509071300_Water_Temperature]]
2025-10-15 19:28:30.125,162.704,63rd_WaterTempDrop_85,atomic,[63rd_WaterTempDrop_85],[1.0000],1,1,1.0000,[[63rdStreetBeach201509071300_Water_Temperature]]
2025-10-15 19:28:30.126,162.705,Calumet_WaterTempDrop_85,atomic,[Calumet_WaterTempDrop_85],[1.0000],1,1,1.0000,[[CalumetBeach201509071300_Water_Temperature]]
2025-10-15 19:28:30.190,162.769,Montrose_WaterTempDrop_85,atomic,[Montrose_WaterTempDrop_85],[0.9697],1,1,0.9697,[[MontroseBeach201509071400_Water_Temperature]]
2025-10-15 19:28:30.194,162.773,Calumet_WaterTempDrop_85,atomic,[Calumet_WaterTempDrop_85],[1.0000],1,1,1.0000,[[CalumetBeach201509071400_Water_Temperature]]
2025-10-15 19:28:30.194,162.773,63rd_WaterTempDrop_85,atomic,[63rd_WaterTempDrop_85],[1.0000],1,1,1.0000,[[63rdStreetBeach201509071400_Water_Temperature]]
2025-10-15 19:28:30.253,162.832,Calumet_WaterTempDrop_85,atomic,[Calumet_WaterTempDrop_85],[0.9715],1,1,0.9715,[[CalumetBeach201509071500_Water_Temperature]]
2025-10-15 19:28:30.254,162.833,63rd_WaterTempDrop_85,atomic,[63rd_WaterTempDrop_85],[1.0000],1,1,1.0000,[[63rdStreetBeach201509071500_Water_Temperature]]
2025-10-15 19:28:30.260,162.839,Montrose_WaterTempDrop_85,atomic,[Montrose_WaterTempDrop_85],[1.0000],1,1,1.0000,[[MontroseBeach201509071500_Water_Temperature]]
2025-10-15 19:28:30.325,162.904,Calumet_WaterTempDrop_85,atomic,[Calumet_WaterTempDrop_85],[0.9678],1,1,0.9678,[[CalumetBeach201509071600_Water_Temperature]]
2025-10-15 19:28:30.325,162.904,Montrose_WaterTempDrop_85,atomic,[Montrose_WaterTempDrop_85],[1.0000],1,1,1.0000,[[MontroseBeach201509071600_Water_Temperature]]
2025-10-15 19:28:30.328,162.907,63rd_WaterTempDrop_85,atomic,[63rd_WaterTempDrop_85],[1.0000],1,1,1.0000,[[63rdStreetBeach201509071600_Water_Temperature]]
2025-10-15 19:28:30.389,162.968,Montrose_WaterTempDrop_85,atomic,[Montrose_WaterTempDrop_85],[1.0000],1,1,1.0000,[[MontroseBeach201509071700_Water_Temperature]]
2025-10-15 19:28:30.391,162.970,Calumet_WaterTempDrop_85,atomic,[Calumet_WaterTempDrop_85],[1.0000],1,1,1.0000,[[CalumetBeach201509071700_Water_Temperature]]
2025-10-15 19:28:30.393,162.972,63rd_WaterTempDrop_85,atomic,[63rd_WaterTempDrop_85],[1.0000],1,1,1.0000,[[63rdStreetBeach201509071700_Water_Temperature]]
2025-10-15 19:28:30.448,163.027,63rd_WaterTempDrop_85,atomic,[63rd_WaterTempDrop_85],[1.0000],1,1,1.0000,[[63rdStreetBeach201509071800_Water_Temperature]]
2025-10-15 19:28:30.448,163.027,Montrose_WaterTempDrop_85,atomic,[Montrose_WaterTempDrop_85],[0.9691],1,1,0.9691,[[MontroseBeach201509071800_Water_Temperature]]
2025-10-15 19:28:30.450,163.029,Calumet_WaterTempDrop_85,atomic,[Calumet_WaterTempDrop_85],[1.0000],1,1,1.0000,[[CalumetBeach201509071800_Water_Temperature]]
2025-10-15 19:28:30.512,163.091,Calumet_WaterTempDrop_85,atomic,[Calumet_WaterTempDrop_85],[0.9668],1,1,0.9668,[[CalumetBeach201509071900_Water_Temperature]]
2025-10-15 19:28:30.513,163.092,Montrose_WaterTempDrop_85,atomic,[Montrose_WaterTempDrop_85],[1.0000],1,1,1.0000,[[MontroseBeach201509071900_Water_Temperature]]
2025-10-15 19:28:30.514,163.093,63rd_WaterTempDrop_85,atomic,[63rd_WaterTempDrop_85],[1.0000],1,1,1.0000,[[63rdStreetBeach201509071900_Water_Temperature]]
2025-10-15 19:28:30.577,163.156,Calumet_WaterTempDrop_85,atomic,[Calumet_WaterTempDrop_85],[1.0000],1,1,1.0000,[[CalumetBeach201509072000_Water_Temperature]]
2025-10-15 19:28:30.578,163.157,63rd_WaterTempDrop_85,atomic,[63rd_WaterTempDrop_85],[1.0000],1,1,1.0000,[[63rdStreetBeach201509072000_Water_Temperature]]
2025-10-15 19:28:30.580,163.159,Montrose_WaterTempDrop_85,atomic,[Montrose_WaterTempDrop_85],[1.0000],1,1,1.0000,[[MontroseBeach201509072000_Water_Temperature]]
2025-10-15 19:28:30.640,163.219,Montrose_WaterTempDrop_85,atomic,[Montrose_WaterTempDrop_85],[1.0000],1,1,1.0000,[[MontroseBeach201509072100_Water_Temperature]]
2025-10-15 19:28:30.641,163.220,63rd_WaterTempDrop_85,atomic,[63rd_WaterTempDrop_85],[1.0000],1,1,1.0000,[[63rdStreetBeach201509072100_Water_Temperature]]
2025-10-15 19:28:30.642,163.221,Calumet_WaterTempDrop_85,atomic,[Calumet_WaterTempDrop_85],[1.0000],1,1,1.0000,[[CalumetBeach201509072100_Water_Temperature]]
2025-10-15 19:28:30.702,163.281,63rd_WaterTempDrop_85,atomic,[63rd_WaterTempDrop_85],[1.0000],1,1,1.0000,[[63rdStreetBeach201509072200_Water_Temperature]]
2025-10-15 19:28:30.704,163.283,Montrose_WaterTempDrop_85,atomic,[Montrose_WaterTempDrop_85],[1.0000],1,1,1.0000,[[MontroseBeach201509072200_Water_Temperature]]
2025-10-15 19:28:30.706,163.285,Calumet_WaterTempDrop_85,atomic,[Calumet_WaterTempDrop_85],[1.0000],1,1,1.0000,[[CalumetBeach201509072200_Water_Temperature]]
2025-10-15 19:28:30.762,163.341,Calumet_WaterTempDrop_85,atomic,[Calumet_WaterTempDrop_85],[1.0000],1,1,1.0000,[[CalumetBeach201509072300_Water_Temperature]]
2025-10-15 19:28:30.763,163.342,Montrose_WaterTempDrop_85,atomic,[Montrose_WaterTempDrop_85],[0.9697],1,1,0.9697,[[MontroseBeach201509072300_Water_Temperature]]
2025-10-15 19:28:30.764,163.343,63rd_WaterTempDrop_85,atomic,[63rd_WaterTempDrop_85],[1.0000],1,1,1.0000,[[63rdStreetBeach201509072300_Water_Temperature]]
2025-10-15 19:28:30.824,163.403,Montrose_WaterTempDrop_85,atomic,[Montrose_WaterTempDrop_85],[1.0000],1,1,1.0000,[[MontroseBeach201509082400_Water_Temperature]]
2025-10-15 19:28:30.825,163.404,63rd_WaterTempDrop_85,atomic,[63rd_WaterTempDrop_85],[1.0000],1,1,1.0000,[[63rdStreetBeach201509082400_Water_Temperature]]
2025-10-15 19:28:30.826,163.405,Calumet_WaterTempDrop_85,atomic,[Calumet_WaterTempDrop_85],[1.0000],1,1,1.0000,[[CalumetBeach201509082400_Water_Temperature]]
2025-10-15 19:28:30.885,163.464,63rd_WaterTempDrop_85,atomic,[63rd_WaterTempDrop_85],[0.9727],1,1,0.9727,[[63rdStreetBeach201509080100_Water_Temperature]]
2025-10-15 19:28:30.887,163.466,Calumet_WaterTempDrop_85,atomic,[Calumet_WaterTempDrop_85],[1.0000],1,1,1.0000,[[CalumetBeach201509080100_Water_Temperature]]
2025-10-15 19:28:30.889,163.468,Montrose_WaterTempDrop_85,atomic,[Montrose_WaterTempDrop_85],[1.0000],1,1,1.0000,[[MontroseBeach201509080100_Water_Temperature]]
2025-10-15 19:28:30.946,163.525,Calumet_WaterTempDrop_85,atomic,[Calumet_WaterTempDrop_85],[0.9699],1,1,0.9699,[[CalumetBeach201509080200_Water_Temperature]]
2025-10-15 19:28:30.948,163.527,Montrose_WaterTempDrop_85,atomic,[Montrose_WaterTempDrop_85],[0.9683],1,1,0.9683,[[MontroseBeach201509080200_Water_Temperature]]
2025-10-15 19:28:30.948,163.527,63rd_WaterTempDrop_85,atomic,[63rd_WaterTempDrop_85],[1.0000],1,1,1.0000,[[63rdStreetBeach201509080200_Water_Temperature]]
2025-10-15 19:28:31.008,163.587,63rd_WaterTempDrop_85,atomic,[63rd_WaterTempDrop_85],[0.9697],1,1,0.9697,[[63rdStreetBeach201509080300_Water_Temperature]]
2025-10-15 19:28:31.009,163.588,Calumet_WaterTempDrop_85,atomic,[Calumet_WaterTempDrop_85],[0.9661],1,1,0.9661,[[CalumetBeach201509080300_Water_Temperature]]
2025-10-15 19:28:31.011,163.590,Montrose_WaterTempDrop_85,atomic,[Montrose_WaterTempDrop_85],[0.9644],1,1,0.9644,[[MontroseBeach201509080300_Water_Temperature]]
2025-10-15 19:28:31.069,163.648,63rd_WaterTempDrop_85,atomic,[63rd_WaterTempDrop_85],[0.9658],1,1,0.9658,[[63rdStreetBeach201509080400_Water_Temperature]]
2025-10-15 19:28:31.070,163.649,Calumet_WaterTempDrop_85,atomic,[Calumet_WaterTempDrop_85],[0.9618],1,1,0.9618,[[CalumetBeach201509080400_Water_Temperature]]
2025-10-15 19:28:31.073,163.652,Montrose_WaterTempDrop_85,atomic,[Montrose_WaterTempDrop_85],[1.0000],1,1,1.0000,[[MontroseBeach201509080400_Water_Temperature]]
2025-10-15 19:28:31.132,163.711,63rd_WaterTempDrop_85,atomic,[63rd_WaterTempDrop_85],[0.9614],1,1,0.9614,[[63rdStreetBeach201509080500_Water_Temperature]]
2025-10-15 19:28:31.136,163.715,Calumet_WaterTempDrop_85,atomic,[Calumet_WaterTempDrop_85],[1.0000],1,1,1.0000,[[CalumetBeach201509080500_Water_Temperature]]
2025-10-15 19:28:31.136,163.715,Montrose_WaterTempDrop_85,atomic,[Montrose_WaterTempDrop_85],[1.0000],1,1,1.0000,[[MontroseBeach201509080500_Water_Temperature]]
2025-10-15 19:28:31.193,163.772,Calumet_WaterTempDrop_85,atomic,[Calumet_WaterTempDrop_85],[0.9603],1,1,0.9603,[[CalumetBeach201509080600_Water_Temperature]]
2025-10-15 19:28:31.194,163.773,Montrose_WaterTempDrop_85,atomic,[Montrose_WaterTempDrop_85],[1.0000],1,1,1.0000,[[MontroseBeach201509080600_Water_Temperature]]
2025-10-15 19:28:31.197,163.776,63rd_WaterTempDrop_85,atomic,[63rd_WaterTempDrop_85],[1.0000],1,1,1.0000,[[63rdStreetBeach201509080600_Water_Temperature]]
2025-10-15 19:28:31.258,163.837,Calumet_WaterTempDrop_85,atomic,[Calumet_WaterTempDrop_85],[1.0000],1,1,1.0000,[[CalumetBeach201509080700_Water_Temperature]]
2025-10-15 19:28:31.258,163.837,Montrose_WaterTempDrop_85,atomic,[Montrose_WaterTempDrop_85],[1.0000],1,1,1.0000,[[MontroseBeach201509080700_Water_Temperature]]
2025-10-15 19:28:31.260,163.839,63rd_WaterTempDrop_85,atomic,[63rd_WaterTempDrop_85],[1.0000],1,1,1.0000,[[63rdStreetBeach201509080700_Water_Temperature]]
2025-10-15 19:28:31.319,163.898,Montrose_WaterTempDrop_85,atomic,[Montrose_WaterTempDrop_85],[1.0000],1,1,1.0000,[[MontroseBeach201509080800_Water_Temperature]]
2025-10-15 19:28:31.321,163.900,63rd_WaterTempDrop_85,atomic,[63rd_WaterTempDrop_85],[1.0000],1,1,1.0000,[[63rdStreetBeach201509080800_Water_Temperature]]
2025-10-15 19:28:31.323,163.902,Calumet_WaterTempDrop_85,atomic,[Calumet_WaterTempDrop_85],[1.0000],1,1,1.0000,[[CalumetBeach201509080800_Water_Temperature]]
2025-10-15 19:28:31.382,163.961,Montrose_WaterTempDrop_85,atomic,[Montrose_WaterTempDrop_85],[0.9687],1,1,0.9687,[[MontroseBeach201509080900_Water_Temperature]]
2025-10-15 19:28:31.382,163.961,Calumet_WaterTempDrop_85,atomic,[Calumet_WaterTempDrop_85],[1.0000],1,1,1.0000,[[CalumetBeach201509080900_Water_Temperature]]
2025-10-15 19:28:31.384,163.963,63rd_WaterTempDrop_85,atomic,[63rd_WaterTempDrop_85],[1.0000],1,1,1.0000,[[63rdStreetBeach201509080900_Water_Temperature]]
2025-10-15 19:28:31.445,164.024,Montrose_WaterTempDrop_85,atomic,[Montrose_WaterTempDrop_85],[0.9648],1,1,0.9648,[[MontroseBeach201509081000_Water_Temperature]]
2025-10-15 19:28:31.446,164.025,Calumet_WaterTempDrop_85,atomic,[Calumet_WaterTempDrop_85],[0.9642],1,1,0.9642,[[CalumetBeach201509081000_Water_Temperature]]
2025-10-15 19:28:31.446,164.025,63rd_WaterTempDrop_85,atomic,[63rd_WaterTempDrop_85],[0.9660],1,1,0.9660,[[63rdStreetBeach201509081000_Water_Temperature]]
2025-10-15 19:28:31.509,164.088,Montrose_WaterTempDrop_85,atomic,[Montrose_WaterTempDrop_85],[1.0000],1,1,1.0000,[[MontroseBeach201509081100_Water_Temperature]]
2025-10-15 19:28:31.509,164.088,63rd_WaterTempDrop_85,atomic,[63rd_WaterTempDrop_85],[1.0000],1,1,1.0000,[[63rdStreetBeach201509081100_Water_Temperature]]
2025-10-15 19:28:31.511,164.090,Calumet_WaterTempDrop_85,atomic,[Calumet_WaterTempDrop_85],[1.0000],1,1,1.0000,[[CalumetBeach201509081100_Water_Temperature]]
2025-10-15 19:28:31.572,164.151,63rd_WaterTempDrop_85,atomic,[63rd_WaterTempDrop_85],[0.9640],1,1,0.9640,[[63rdStreetBeach201509081200_Water_Temperature]]
2025-10-15 19:28:31.573,164.152,Calumet_WaterTempDrop_85,atomic,[Calumet_WaterTempDrop_85],[0.9626],1,1,0.9626,[[CalumetBeach201509081200_Water_Temperature]]
2025-10-15 19:28:31.573,164.152,Montrose_WaterTempDrop_85,atomic,[Montrose_WaterTempDrop_85],[1.0000],1,1,1.0000,[[MontroseBeach201509081200_Water_Temperature]]
2025-10-15 19:28:31.636,164.215,Montrose_WaterTempDrop_85,atomic,[Montrose_WaterTempDrop_85],[1.0000],1,1,1.0000,[[MontroseBeach201509081300_Water_Temperature]]
2025-10-15 19:28:31.641,164.220,Calumet_WaterTempDrop_85,atomic,[Calumet_WaterTempDrop_85],[1.0000],1,1,1.0000,[[CalumetBeach201509081300_Water_Temperature]]
2025-10-15 19:28:31.641,164.220,63rd_WaterTempDrop_85,atomic,[63rd_WaterTempDrop_85],[1.0000],1,1,1.0000,[[63rdStreetBeach201509081300_Water_Temperature]]
2025-10-15 19:28:31.699,164.278,63rd_WaterTempDrop_85,atomic,[63rd_WaterTempDrop_85],[0.9623],1,1,0.9623,[[63rdStreetBeach201509081400_Water_Temperature]]
2025-10-15 19:28:31.700,164.279,Calumet_WaterTempDrop_85,atomic,[Calumet_WaterTempDrop_85],[1.0000],1,1,1.0000,[[CalumetBeach201509081400_Water_Temperature]]
2025-10-15 19:28:31.703,164.282,Montrose_WaterTempDrop_85,atomic,[Montrose_WaterTempDrop_85],[1.0000],1,1,1.0000,[[MontroseBeach201509081400_Water_Temperature]]
2025-10-15 19:28:31.762,164.341,63rd_WaterTempDrop_85,atomic,[63rd_WaterTempDrop_85],[1.0000],1,1,1.0000,[[63rdStreetBeach201509081500_Water_Temperature]]
2025-10-15 19:28:31.763,164.342,Montrose_WaterTempDrop_85,atomic,[Montrose_WaterTempDrop_85],[1.0000],1,1,1.0000,[[MontroseBeach201509081500_Water_Temperature]]
2025-10-15 19:28:31.763,164.342,Calumet_WaterTempDrop_85,atomic,[Calumet_WaterTempDrop_85],[1.0000],1,1,1.0000,[[CalumetBeach201509081500_Water_Temperature]]
2025-10-15 19:28:31.825,164.404,Calumet_WaterTempDrop_85,atomic,[Calumet_WaterTempDrop_85],[0.9655],1,1,0.9655,[[CalumetBeach201509081600_Water_Temperature]]
2025-10-15 19:28:31.825,164.404,63rd_WaterTempDrop_85,atomic,[63rd_WaterTempDrop_85],[1.0000],1,1,1.0000,[[63rdStreetBeach201509081600_Water_Temperature]]
2025-10-15 19:28:31.828,164.407,Montrose_WaterTempDrop_85,atomic,[Montrose_WaterTempDrop_85],[1.0000],1,1,1.0000,[[MontroseBeach201509081600_Water_Temperature]]
2025-10-15 19:28:31.886,164.465,Calumet_WaterTempDrop_85,atomic,[Calumet_WaterTempDrop_85],[0.9614],1,1,0.9614,[[CalumetBeach201509081700_Water_Temperature]]
2025-10-15 19:28:31.887,164.466,63rd_WaterTempDrop_85,atomic,[63rd_WaterTempDrop_85],[1.0000],1,1,1.0000,[[63rdStreetBeach201509081700_Water_Temperature]]
2025-10-15 19:28:31.889,164.468,Montrose_WaterTempDrop_85,atomic,[Montrose_WaterTempDrop_85],[1.0000],1,1,1.0000,[[MontroseBeach201509081700_Water_Temperature]]
2025-10-15 19:28:31.950,164.529,Calumet_WaterTempDrop_85,atomic,[Calumet_WaterTempDrop_85],[1.0000],1,1,1.0000,[[CalumetBeach201509081800_Water_Temperature]]
2025-10-15 19:28:31.951,164.530,Montrose_WaterTempDrop_85,atomic,[Montrose_WaterTempDrop_85],[1.0000],1,1,1.0000,[[MontroseBeach201509081800_Water_Temperature]]
2025-10-15 19:28:31.953,164.532,63rd_WaterTempDrop_85,atomic,[63rd_WaterTempDrop_85],[1.0000],1,1,1.0000,[[63rdStreetBeach201509081800_Water_Temperature]]
2025-10-15 19:28:32.013,164.592,63rd_WaterTempDrop_85,atomic,[63rd_WaterTempDrop_85],[0.9669],1,1,0.9669,[[63rdStreetBeach201509081900_Water_Temperature]]
2025-10-15 19:28:32.015,164.594,Calumet_WaterTempDrop_85,atomic,[Calumet_WaterTempDrop_85],[1.0000],1,1,1.0000,[[CalumetBeach201509081900_Water_Temperature]]
2025-10-15 19:28:32.017,164.596,Montrose_WaterTempDrop_85,atomic,[Montrose_WaterTempDrop_85],[1.0000],1,1,1.0000,[[MontroseBeach201509081900_Water_Temperature]]
2025-10-15 19:28:32.076,164.655,63rd_WaterTempDrop_85,atomic,[63rd_WaterTempDrop_85],[0.9630],1,1,0.9630,[[63rdStreetBeach201509082000_Water_Temperature]]
2025-10-15 19:28:32.076,164.655,Montrose_WaterTempDrop_85,atomic,[Montrose_WaterTempDrop_85],[1.0000],1,1,1.0000,[[MontroseBeach201509082000_Water_Temperature]]
2025-10-15 19:28:32.078,164.657,Calumet_WaterTempDrop_85,atomic,[Calumet_WaterTempDrop_85],[1.0000],1,1,1.0000,[[CalumetBeach201509082000_Water_Temperature]]
2025-10-15 19:28:32.135,164.714,63rd_WaterTempDrop_85,atomic,[63rd_WaterTempDrop_85],[0.9586],1,1,0.9586,[[63rdStreetBeach201509082100_Water_Temperature]]
2025-10-15 19:28:32.138,164.717,Calumet_WaterTempDrop_85,atomic,[Calumet_WaterTempDrop_85],[1.0000],1,1,1.0000,[[CalumetBeach201509082100_Water_Temperature]]
2025-10-15 19:28:32.139,164.718,Montrose_WaterTempDrop_85,atomic,[Montrose_WaterTempDrop_85],[1.0000],1,1,1.0000,[[MontroseBeach201509082100_Water_Temperature]]
2025-10-15 19:28:32.199,164.778,Montrose_WaterTempDrop_85,atomic,[Montrose_WaterTempDrop_85],[0.9722],1,1,0.9722,[[MontroseBeach201509082200_Water_Temperature]]
2025-10-15 19:28:32.199,164.778,Calumet_WaterTempDrop_85,atomic,[Calumet_WaterTempDrop_85],[1.0000],1,1,1.0000,[[CalumetBeach201509082200_Water_Temperature]]
2025-10-15 19:28:32.202,164.781,63rd_WaterTempDrop_85,atomic,[63rd_WaterTempDrop_85],[1.0000],1,1,1.0000,[[63rdStreetBeach201509082200_Water_Temperature]]
2025-10-15 19:28:32.259,164.838,Montrose_WaterTempDrop_85,atomic,[Montrose_WaterTempDrop_85],[0.9687],1,1,0.9687,[[MontroseBeach201509082300_Water_Temperature]]
2025-10-15 19:28:32.262,164.841,63rd_WaterTempDrop_85,atomic,[63rd_WaterTempDrop_85],[1.0000],1,1,1.0000,[[63rdStreetBeach201509082300_Water_Temperature]]
2025-10-15 19:28:32.264,164.843,Calumet_WaterTempDrop_85,atomic,[Calumet_WaterTempDrop_85],[1.0000],1,1,1.0000,[[CalumetBeach201509082300_Water_Temperature]]
2025-10-15 19:28:32.324,164.903,Calumet_WaterTempDrop_85,atomic,[Calumet_WaterTempDrop_85],[0.9691],1,1,0.9691,[[CalumetBeach201509092400_Water_Temperature]]
2025-10-15 19:28:32.324,164.903,63rd_WaterTempDrop_85,atomic,[63rd_WaterTempDrop_85],[1.0000],1,1,1.0000,[[63rdStreetBeach201509092400_Water_Temperature]]
2025-10-15 19:28:32.327,164.906,Montrose_WaterTempDrop_85,atomic,[Montrose_WaterTempDrop_85],[1.0000],1,1,1.0000,[[MontroseBeach201509092400_Water_Temperature]]
2025-10-15 19:28:32.384,164.963,Montrose_WaterTempDrop_85,atomic,[Montrose_WaterTempDrop_85],[1.0000],1,1,1.0000,[[MontroseBeach201509090100_Water_Temperature]]
2025-10-15 19:28:32.385,164.964,Calumet_WaterTempDrop_85,atomic,[Calumet_WaterTempDrop_85],[1.0000],1,1,1.0000,[[CalumetBeach201509090100_Water_Temperature]]
2025-10-15 19:28:32.447,165.026,Montrose_WaterTempDrop_85,atomic,[Montrose_WaterTempDrop_85],[0.9675],1,1,0.9675,[[MontroseBeach201509090200_Water_Temperature]]
2025-10-15 19:28:32.448,165.027,Calumet_WaterTempDrop_85,atomic,[Calumet_WaterTempDrop_85],[0.9668],1,1,0.9668,[[CalumetBeach201509090200_Water_Temperature]]
2025-10-15 19:28:32.448,165.027,63rd_WaterTempDrop_85,atomic,[63rd_WaterTempDrop_85],[1.0000],1,1,1.0000,[[63rdStreetBeach201509090200_Water_Temperature]]
2025-10-15 19:28:32.508,165.087,Calumet_WaterTempDrop_85,atomic,[Calumet_WaterTempDrop_85],[0.9628],1,1,0.9628,[[CalumetBeach201509090300_Water_Temperature]]
2025-10-15 19:28:32.510,165.089,63rd_WaterTempDrop_85,atomic,[63rd_WaterTempDrop_85],[0.9656],1,1,0.9656,[[63rdStreetBeach201509090300_Water_Temperature]]
2025-10-15 19:28:32.513,165.092,Montrose_WaterTempDrop_85,atomic,[Montrose_WaterTempDrop_85],[1.0000],1,1,1.0000,[[MontroseBeach201509090300_Water_Temperature]]
2025-10-15 19:28:32.572,165.151,63rd_WaterTempDrop_85,atomic,[63rd_WaterTempDrop_85],[0.9616],1,1,0.9616,[[63rdStreetBeach201509090400_Water_Temperature]]
2025-10-15 19:28:32.575,165.154,Calumet_WaterTempDrop_85,atomic,[Calumet_WaterTempDrop_85],[0.9584],1,1,0.9584,[[CalumetBeach201509090400_Water_Temperature]]
2025-10-15 19:28:32.576,165.155,Montrose_WaterTempDrop_85,atomic,[Montrose_WaterTempDrop_85],[1.0000],1,1,1.0000,[[MontroseBeach201509090400_Water_Temperature]]
2025-10-15 19:28:32.635,165.214,Calumet_WaterTempDrop_85,atomic,[Calumet_WaterTempDrop_85],[0.9534],1,1,0.9534,[[CalumetBeach201509090500_Water_Temperature]]
2025-10-15 19:28:32.637,165.216,63rd_WaterTempDrop_85,atomic,[63rd_WaterTempDrop_85],[1.0000],1,1,1.0000,[[63rdStreetBeach201509090500_Water_Temperature]]
2025-10-15 19:28:32.639,165.218,Montrose_WaterTempDrop_85,atomic,[Montrose_WaterTempDrop_85],[1.0000],1,1,1.0000,[[MontroseBeach201509090500_Water_Temperature]]
2025-10-15 19:28:32.699,165.278,63rd_WaterTempDrop_85,atomic,[63rd_WaterTempDrop_85],[0.9605],1,1,0.9605,[[63rdStreetBeach201509090600_Water_Temperature]]
2025-10-15 19:28:32.699,165.278,Montrose_WaterTempDrop_85,atomic,[Montrose_WaterTempDrop_85],[1.0000],1,1,1.0000,[[MontroseBeach201509090600_Water_Temperature]]
2025-10-15 19:28:32.702,165.281,Calumet_WaterTempDrop_85,atomic,[Calumet_WaterTempDrop_85],[1.0000],1,1,1.0000,[[CalumetBeach201509090600_Water_Temperature]]
2025-10-15 19:28:32.760,165.339,Calumet_WaterTempDrop_85,atomic,[Calumet_WaterTempDrop_85],[0.9539],1,1,0.9539,[[CalumetBeach201509090700_Water_Temperature]]
2025-10-15 19:28:32.760,165.339,Montrose_WaterTempDrop_85,atomic,[Montrose_WaterTempDrop_85],[1.0000],1,1,1.0000,[[MontroseBeach201509090700_Water_Temperature]]
2025-10-15 19:28:32.823,165.402,63rd_WaterTempDrop_85,atomic,[63rd_WaterTempDrop_85],[1.0000],1,1,1.0000,[[63rdStreetBeach201509090800_Water_Temperature]]
2025-10-15 19:28:32.826,165.405,Calumet_WaterTempDrop_85,atomic,[Calumet_WaterTempDrop_85],[1.0000],1,1,1.0000,[[CalumetBeach201509090800_Water_Temperature]]
2025-10-15 19:28:32.827,165.406,Montrose_WaterTempDrop_85,atomic,[Montrose_WaterTempDrop_85],[1.0000],1,1,1.0000,[[MontroseBeach201509090800_Water_Temperature]]
2025-10-15 19:28:32.883,165.462,Calumet_WaterTempDrop_85,atomic,[Calumet_WaterTempDrop_85],[1.0000],1,1,1.0000,[[CalumetBeach201509090900_Water_Temperature]]
2025-10-15 19:28:32.884,165.463,Montrose_WaterTempDrop_85,atomic,[Montrose_WaterTempDrop_85],[1.0000],1,1,1.0000,[[MontroseBeach201509090900_Water_Temperature]]
2025-10-15 19:28:32.947,165.526,Montrose_WaterTempDrop_85,atomic,[Montrose_WaterTempDrop_85],[0.9709],1,1,0.9709,[[MontroseBeach201509091000_Water_Temperature]]
2025-10-15 19:28:32.948,165.527,Calumet_WaterTempDrop_85,atomic,[Calumet_WaterTempDrop_85],[0.9586],1,1,0.9586,[[CalumetBeach201509091000_Water_Temperature]]
2025-10-15 19:28:33.008,165.587,Calumet_WaterTempDrop_85,atomic,[Calumet_WaterTempDrop_85],[0.9539],1,1,0.9539,[[CalumetBeach201509091100_Water_Temperature]]
2025-10-15 19:28:33.015,165.594,63rd_WaterTempDrop_85,atomic,[63rd_WaterTempDrop_85],[1.0000],1,1,1.0000,[[63rdStreetBeach201509091100_Water_Temperature]]
2025-10-15 19:28:33.015,165.594,Montrose_WaterTempDrop_85,atomic,[Montrose_WaterTempDrop_85],[1.0000],1,1,1.0000,[[MontroseBeach201509091100_Water_Temperature]]
2025-10-15 19:28:33.072,165.651,Calumet_WaterTempDrop_85,atomic,[Calumet_WaterTempDrop_85],[1.0000],1,1,1.0000,[[CalumetBeach201509091200_Water_Temperature]]
2025-10-15 19:28:33.073,165.652,Montrose_WaterTempDrop_85,atomic,[Montrose_WaterTempDrop_85],[1.0000],1,1,1.0000,[[MontroseBeach201509091200_Water_Temperature]]
2025-10-15 19:28:33.132,165.711,63rd_WaterTempDrop_85,atomic,[63rd_WaterTempDrop_85],[0.9625],1,1,0.9625,[[63rdStreetBeach201509091300_Water_Temperature]]
2025-10-15 19:28:33.134,165.713,Calumet_WaterTempDrop_85,atomic,[Calumet_WaterTempDrop_85],[0.9545],1,1,0.9545,[[CalumetBeach201509091300_Water_Temperature]]
2025-10-15 19:28:33.136,165.715,Montrose_WaterTempDrop_85,atomic,[Montrose_WaterTempDrop_85],[1.0000],1,1,1.0000,[[MontroseBeach201509091300_Water_Temperature]]
2025-10-15 19:28:33.138,165.717,Montrose_HighWave_85,atomic,[Montrose_HighWave_85],[1.0000],1,1,1.0000,[[MontroseBeach201509091300_Wave_Height]]
2025-10-15 19:28:33.195,165.774,Calumet_WaterTempDrop_85,atomic,[Calumet_WaterTempDrop_85],[0.9494],1,1,0.9494,[[CalumetBeach201509091400_Water_Temperature]]
2025-10-15 19:28:33.200,165.779,Montrose_WaterTempDrop_85,atomic,[Montrose_WaterTempDrop_85],[1.0000],1,1,1.0000,[[MontroseBeach201509091400_Water_Temperature]]
2025-10-15 19:28:33.201,165.780,Montrose_HighWave_85,atomic,[Montrose_HighWave_85],[1.0000],1,1,1.0000,[[MontroseBeach201509091400_Wave_Height]]
2025-10-15 19:28:33.201,165.780,63rd_WaterTempDrop_85,atomic,[63rd_WaterTempDrop_85],[1.0000],1,1,1.0000,[[63rdStreetBeach201509091400_Water_Temperature]]
2025-10-15 19:28:33.260,165.839,Calumet_WaterTempDrop_85,atomic,[Calumet_WaterTempDrop_85],[1.0000],1,1,1.0000,[[CalumetBeach201509091500_Water_Temperature]]
2025-10-15 19:28:33.261,165.840,Montrose_WaterTempDrop_85,atomic,[Montrose_WaterTempDrop_85],[1.0000],1,1,1.0000,[[MontroseBeach201509091500_Water_Temperature]]
2025-10-15 19:28:33.261,165.840,Montrose_HighWave_85,atomic,[Montrose_HighWave_85],[1.0000],1,1,1.0000,[[MontroseBeach201509091500_Wave_Height]]
2025-10-15 19:28:33.263,165.842,63rd_WaterTempDrop_85,atomic,[63rd_WaterTempDrop_85],[1.0000],1,1,1.0000,[[63rdStreetBeach201509091500_Water_Temperature]]
2025-10-15 19:28:33.323,165.902,Montrose_WaterTempDrop_85,atomic,[Montrose_WaterTempDrop_85],[1.0000],1,1,1.0000,[[MontroseBeach201509091600_Water_Temperature]]
2025-10-15 19:28:33.323,165.902,Montrose_HighWave_85,atomic,[Montrose_HighWave_85],[1.0000],1,1,1.0000,[[MontroseBeach201509091600_Wave_Height]]
2025-10-15 19:28:33.323,165.902,Calumet_WaterTempDrop_85,atomic,[Calumet_WaterTempDrop_85],[1.0000],1,1,1.0000,[[CalumetBeach201509091600_Water_Temperature]]
2025-10-15 19:28:33.382,165.961,63rd_WaterTempDrop_85,atomic,[63rd_WaterTempDrop_85],[0.9638],1,1,0.9638,[[63rdStreetBeach201509091700_Water_Temperature]]
2025-10-15 19:28:33.382,165.961,Calumet_WaterTempDrop_85,atomic,[Calumet_WaterTempDrop_85],[0.9565],1,1,0.9565,[[CalumetBeach201509091700_Water_Temperature]]
2025-10-15 19:28:33.388,165.967,Montrose_WaterTempDrop_85,atomic,[Montrose_WaterTempDrop_85],[1.0000],1,1,1.0000,[[MontroseBeach201509091700_Water_Temperature]]
2025-10-15 19:28:33.390,165.969,Montrose_HighWave_85,atomic,[Montrose_HighWave_85],[1.0000],1,1,1.0000,[[MontroseBeach201509091700_Wave_Height]]
2025-10-15 19:28:33.450,166.029,63rd_WaterTempDrop_85,atomic,[63rd_WaterTempDrop_85],[1.0000],1,1,1.0000,[[63rdStreetBeach201509091800_Water_Temperature]]
2025-10-15 19:28:33.450,166.029,Montrose_HighWave_85,atomic,[Montrose_HighWave_85],[0.8858],1,1,0.8858,[[MontroseBeach201509091800_Wave_Height]]
2025-10-15 19:28:33.450,166.029,Calumet_WaterTempDrop_85,atomic,[Calumet_WaterTempDrop_85],[0.9516],1,1,0.9516,[[CalumetBeach201509091800_Water_Temperature]]
2025-10-15 19:28:33.451,166.030,Montrose_WaterTempDrop_85,atomic,[Montrose_WaterTempDrop_85],[1.0000],1,1,1.0000,[[MontroseBeach201509091800_Water_Temperature]]
2025-10-15 19:28:33.509,166.088,Calumet_WaterTempDrop_85,atomic,[Calumet_WaterTempDrop_85],[0.9463],1,1,0.9463,[[CalumetBeach201509091900_Water_Temperature]]
2025-10-15 19:28:33.513,166.092,63rd_WaterTempDrop_85,atomic,[63rd_WaterTempDrop_85],[1.0000],1,1,1.0000,[[63rdStreetBeach201509091900_Water_Temperature]]
2025-10-15 19:28:33.513,166.092,Montrose_WaterTempDrop_85,atomic,[Montrose_WaterTempDrop_85],[1.0000],1,1,1.0000,[[MontroseBeach201509091900_Water_Temperature]]
2025-10-15 19:28:33.571,166.150,Calumet_WaterTempDrop_85,atomic,[Calumet_WaterTempDrop_85],[0.9405],1,1,0.9405,[[CalumetBeach201509092000_Water_Temperature]]
2025-10-15 19:28:33.571,166.150,Montrose_WaterTempDrop_85,atomic,[Montrose_WaterTempDrop_85],[0.9723],1,1,0.9723,[[MontroseBeach201509092000_Water_Temperature]]
2025-10-15 19:28:33.572,166.151,Montrose_HighWave_85,atomic,[Montrose_HighWave_85],[0.8731],1,1,0.8731,[[MontroseBeach201509092000_Wave_Height]]
2025-10-15 19:28:33.575,166.154,63rd_WaterTempDrop_85,atomic,[63rd_WaterTempDrop_85],[1.0000],1,1,1.0000,[[63rdStreetBeach201509092000_Water_Temperature]]
2025-10-15 19:28:33.634,166.213,Calumet_WaterTempDrop_85,atomic,[Calumet_WaterTempDrop_85],[0.9342],1,1,0.9342,[[CalumetBeach201509092100_Water_Temperature]]
2025-10-15 19:28:33.638,166.217,63rd_WaterTempDrop_85,atomic,[63rd_WaterTempDrop_85],[1.0000],1,1,1.0000,[[63rdStreetBeach201509092100_Water_Temperature]]
2025-10-15 19:28:33.638,166.217,Montrose_WaterTempDrop_85,atomic,[Montrose_WaterTempDrop_85],[1.0000],1,1,1.0000,[[MontroseBeach201509092100_Water_Temperature]]
2025-10-15 19:28:33.697,166.276,Montrose_WaterTempDrop_85,atomic,[Montrose_WaterTempDrop_85],[1.0000],1,1,1.0000,[[MontroseBeach201509092200_Water_Temperature]]
2025-10-15 19:28:33.697,166.276,Calumet_WaterTempDrop_85,atomic,[Calumet_WaterTempDrop_85],[0.9274],1,1,0.9274,[[CalumetBeach201509092200_Water_Temperature]]
2025-10-15 19:28:33.699,166.278,63rd_WaterTempDrop_85,atomic,[63rd_WaterTempDrop_85],[1.0000],1,1,1.0000,[[63rdStreetBeach201509092200_Water_Temperature]]
2025-10-15 19:28:33.760,166.339,63rd_WaterTempDrop_85,atomic,[63rd_WaterTempDrop_85],[1.0000],1,1,1.0000,[[63rdStreetBeach201509092300_Water_Temperature]]
2025-10-15 19:28:33.760,166.339,Calumet_WaterTempDrop_85,atomic,[Calumet_WaterTempDrop_85],[0.9199],1,1,0.9199,[[CalumetBeach201509092300_Water_Temperature]]
2025-10-15 19:28:33.762,166.341,Montrose_WaterTempDrop_85,atomic,[Montrose_WaterTempDrop_85],[1.0000],1,1,1.0000,[[MontroseBeach201509092300_Water_Temperature]]
2025-10-15 19:28:33.822,166.401,Montrose_WaterTempDrop_85,atomic,[Montrose_WaterTempDrop_85],[1.0000],1,1,1.0000,[[MontroseBeach201509102400_Water_Temperature]]
2025-10-15 19:28:33.823,166.402,63rd_WaterTempDrop_85,atomic,[63rd_WaterTempDrop_85],[1.0000],1,1,1.0000,[[63rdStreetBeach201509102400_Water_Temperature]]
2025-10-15 19:28:33.825,166.404,Calumet_WaterTempDrop_85,atomic,[Calumet_WaterTempDrop_85],[1.0000],1,1,1.0000,[[CalumetBeach201509102400_Water_Temperature]]
2025-10-15 19:28:33.884,166.463,63rd_WaterTempDrop_85,atomic,[63rd_WaterTempDrop_85],[0.9705],1,1,0.9705,[[63rdStreetBeach201509100100_Water_Temperature]]
2025-10-15 19:28:33.884,166.463,Calumet_WaterTempDrop_85,atomic,[Calumet_WaterTempDrop_85],[1.0000],1,1,1.0000,[[CalumetBeach201509100100_Water_Temperature]]
2025-10-15 19:28:33.886,166.465,Montrose_WaterTempDrop_85,atomic,[Montrose_WaterTempDrop_85],[1.0000],1,1,1.0000,[[MontroseBeach201509100100_Water_Temperature]]
2025-10-15 19:28:33.945,166.524,Montrose_WaterTempDrop_85,atomic,[Montrose_WaterTempDrop_85],[0.9715],1,1,0.9715,[[MontroseBeach201509100200_Water_Temperature]]
2025-10-15 19:28:33.945,166.524,Calumet_WaterTempDrop_85,atomic,[Calumet_WaterTempDrop_85],[1.0000],1,1,1.0000,[[CalumetBeach201509100200_Water_Temperature]]
2025-10-15 19:28:33.949,166.528,63rd_WaterTempDrop_85,atomic,[63rd_WaterTempDrop_85],[1.0000],1,1,1.0000,[[63rdStreetBeach201509100200_Water_Temperature]]
2025-10-15 19:28:34.007,166.586,Calumet_WaterTempDrop_85,atomic,[Calumet_WaterTempDrop_85],[1.0000],1,1,1.0000,[[CalumetBeach201509100300_Water_Temperature]]
2025-10-15 19:28:34.007,166.586,Montrose_WaterTempDrop_85,atomic,[Montrose_WaterTempDrop_85],[0.9678],1,1,0.9678,[[MontroseBeach201509100300_Water_Temperature]]
2025-10-15 19:28:34.010,166.589,63rd_WaterTempDrop_85,atomic,[63rd_WaterTempDrop_85],[1.0000],1,1,1.0000,[[63rdStreetBeach201509100300_Water_Temperature]]
2025-10-15 19:28:34.072,166.651,Calumet_WaterTempDrop_85,atomic,[Calumet_WaterTempDrop_85],[1.0000],1,1,1.0000,[[CalumetBeach201509100400_Water_Temperature]]
2025-10-15 19:28:34.073,166.652,63rd_WaterTempDrop_85,atomic,[63rd_WaterTempDrop_85],[1.0000],1,1,1.0000,[[63rdStreetBeach201509100400_Water_Temperature]]
2025-10-15 19:28:34.073,166.652,Montrose_WaterTempDrop_85,atomic,[Montrose_WaterTempDrop_85],[1.0000],1,1,1.0000,[[MontroseBeach201509100400_Water_Temperature]]
2025-10-15 19:28:34.131,166.710,Montrose_WaterTempDrop_85,atomic,[Montrose_WaterTempDrop_85],[0.9654],1,1,0.9654,[[MontroseBeach201509100500_Water_Temperature]]
2025-10-15 19:28:34.134,166.713,Calumet_WaterTempDrop_85,atomic,[Calumet_WaterTempDrop_85],[1.0000],1,1,1.0000,[[CalumetBeach201509100500_Water_Temperature]]
2025-10-15 19:28:34.135,166.714,63rd_WaterTempDrop_85,atomic,[63rd_WaterTempDrop_85],[1.0000],1,1,1.0000,[[63rdStreetBeach201509100500_Water_Temperature]]
2025-10-15 19:28:34.193,166.772,63rd_WaterTempDrop_85,atomic,[63rd_WaterTempDrop_85],[0.9704],1,1,0.9704,[[63rdStreetBeach201509100600_Water_Temperature]]
2025-10-15 19:28:34.194,166.773,Calumet_WaterTempDrop_85,atomic,[Calumet_WaterTempDrop_85],[0.9638],1,1,0.9638,[[CalumetBeach201509100600_Water_Temperature]]
2025-10-15 19:28:34.197,166.776,Montrose_WaterTempDrop_85,atomic,[Montrose_WaterTempDrop_85],[1.0000],1,1,1.0000,[[MontroseBeach201509100600_Water_Temperature]]
2025-10-15 19:28:34.256,166.835,63rd_WaterTempDrop_85,atomic,[63rd_WaterTempDrop_85],[1.0000],1,1,1.0000,[[63rdStreetBeach201509100700_Water_Temperature]]
2025-10-15 19:28:34.258,166.837,Calumet_WaterTempDrop_85,atomic,[Calumet_WaterTempDrop_85],[1.0000],1,1,1.0000,[[CalumetBeach201509100700_Water_Temperature]]
2025-10-15 19:28:34.260,166.839,Montrose_WaterTempDrop_85,atomic,[Montrose_WaterTempDrop_85],[1.0000],1,1,1.0000,[[MontroseBeach201509100700_Water_Temperature]]
2025-10-15 19:28:34.320,166.899,Calumet_WaterTempDrop_85,atomic,[Calumet_WaterTempDrop_85],[1.0000],1,1,1.0000,[[CalumetBeach201509100800_Water_Temperature]]
2025-10-15 19:28:34.320,166.899,Montrose_WaterTempDrop_85,atomic,[Montrose_WaterTempDrop_85],[1.0000],1,1,1.0000,[[MontroseBeach201509100800_Water_Temperature]]
2025-10-15 19:28:34.321,166.900,63rd_WaterTempDrop_85,atomic,[63rd_WaterTempDrop_85],[1.0000],1,1,1.0000,[[63rdStreetBeach201509100800_Water_Temperature]]
2025-10-15 19:28:34.381,166.960,Calumet_WaterTempDrop_85,atomic,[Calumet_WaterTempDrop_85],[0.9651],1,1,0.9651,[[CalumetBeach201509100900_Water_Temperature]]
2025-10-15 19:28:34.382,166.961,63rd_WaterTempDrop_85,atomic,[63rd_WaterTempDrop_85],[1.0000],1,1,1.0000,[[63rdStreetBeach201509100900_Water_Temperature]]
2025-10-15 19:28:34.385,166.964,Montrose_WaterTempDrop_85,atomic,[Montrose_WaterTempDrop_85],[1.0000],1,1,1.0000,[[MontroseBeach201509100900_Water_Temperature]]
2025-10-15 19:28:34.445,167.024,Montrose_WaterTempDrop_85,atomic,[Montrose_WaterTempDrop_85],[1.0000],1,1,1.0000,[[MontroseBeach201509101000_Water_Temperature]]
2025-10-15 19:28:34.445,167.024,Calumet_WaterTempDrop_85,atomic,[Calumet_WaterTempDrop_85],[0.9611],1,1,0.9611,[[CalumetBeach201509101000_Water_Temperature]]
2025-10-15 19:28:34.447,167.026,63rd_WaterTempDrop_85,atomic,[63rd_WaterTempDrop_85],[1.0000],1,1,1.0000,[[63rdStreetBeach201509101000_Water_Temperature]]
2025-10-15 19:28:34.504,167.083,63rd_WaterTempDrop_85,atomic,[63rd_WaterTempDrop_85],[0.9702],1,1,0.9702,[[63rdStreetBeach201509101100_Water_Temperature]]
2025-10-15 19:28:34.505,167.084,Calumet_WaterTempDrop_85,atomic,[Calumet_WaterTempDrop_85],[1.0000],1,1,1.0000,[[CalumetBeach201509101100_Water_Temperature]]
2025-10-15 19:28:34.577,167.156,Calumet_WaterTempDrop_85,atomic,[Calumet_WaterTempDrop_85],[0.9604],1,1,0.9604,[[CalumetBeach201509101200_Water_Temperature]]
2025-10-15 19:28:34.577,167.156,63rd_WaterTempDrop_85,atomic,[63rd_WaterTempDrop_85],[0.9664],1,1,0.9664,[[63rdStreetBeach201509101200_Water_Temperature]]
2025-10-15 19:28:34.644,167.223,63rd_WaterTempDrop_85,atomic,[63rd_WaterTempDrop_85],[0.9622],1,1,0.9622,[[63rdStreetBeach201509101300_Water_Temperature]]
2025-10-15 19:28:34.645,167.224,Calumet_WaterTempDrop_85,atomic,[Calumet_WaterTempDrop_85],[0.9558],1,1,0.9558,[[CalumetBeach201509101300_Water_Temperature]]
2025-10-15 19:28:34.707,167.286,63rd_WaterTempDrop_85,atomic,[63rd_WaterTempDrop_85],[0.9575],1,1,0.9575,[[63rdStreetBeach201509101400_Water_Temperature]]
2025-10-15 19:28:34.708,167.287,Calumet_WaterTempDrop_85,atomic,[Calumet_WaterTempDrop_85],[0.9508],1,1,0.9508,[[CalumetBeach201509101400_Water_Temperature]]
2025-10-15 19:28:34.771,167.350,Calumet_WaterTempDrop_85,atomic,[Calumet_WaterTempDrop_85],[0.9453],1,1,0.9453,[[CalumetBeach201509101500_Water_Temperature]]
2025-10-15 19:28:34.833,167.412,Calumet_WaterTempDrop_85,atomic,[Calumet_WaterTempDrop_85],[0.9393],1,1,0.9393,[[CalumetBeach201509101600_Water_Temperature]]
2025-10-15 19:28:34.833,167.412,63rd_WaterTempDrop_85,atomic,[63rd_WaterTempDrop_85],[1.0000],1,1,1.0000,[[63rdStreetBeach201509101600_Water_Temperature]]
2025-10-15 19:28:34.894,167.473,Calumet_WaterTempDrop_85,atomic,[Calumet_WaterTempDrop_85],[0.9327],1,1,0.9327,[[CalumetBeach201509101700_Water_Temperature]]
2025-10-15 19:28:34.894,167.473,63rd_WaterTempDrop_85,atomic,[63rd_WaterTempDrop_85],[1.0000],1,1,1.0000,[[63rdStreetBeach201509101700_Water_Temperature]]
2025-10-15 19:28:34.970,167.549,Calumet_WaterTempDrop_85,atomic,[Calumet_WaterTempDrop_85],[1.0000],1,1,1.0000,[[CalumetBeach201509101800_Water_Temperature]]
2025-10-15 19:28:35.016,167.595,Calumet_WaterTempDrop_85,atomic,[Calumet_WaterTempDrop_85],[0.9399],1,1,0.9399,[[CalumetBeach201509101900_Water_Temperature]]
2025-10-15 19:28:35.019,167.598,63rd_WaterTempDrop_85,atomic,[63rd_WaterTempDrop_85],[1.0000],1,1,1.0000,[[63rdStreetBeach201509101900_Water_Temperature]]
2025-10-15 19:28:35.080,167.659,Calumet_WaterTempDrop_85,atomic,[Calumet_WaterTempDrop_85],[0.9335],1,1,0.9335,[[CalumetBeach201509102000_Water_Temperature]]
2025-10-15 19:28:35.081,167.660,63rd_WaterTempDrop_85,atomic,[63rd_WaterTempDrop_85],[1.0000],1,1,1.0000,[[63rdStreetBeach201509102000_Water_Temperature]]
2025-10-15 19:28:35.142,167.721,63rd_WaterTempDrop_85,atomic,[63rd_WaterTempDrop_85],[0.9648],1,1,0.9648,[[63rdStreetBeach201509102100_Water_Temperature]]
2025-10-15 19:28:35.144,167.723,Calumet_WaterTempDrop_85,atomic,[Calumet_WaterTempDrop_85],[1.0000],1,1,1.0000,[[CalumetBeach201509102100_Water_Temperature]]
2025-10-15 19:28:35.221,167.800,63rd_WaterTempDrop_85,atomic,[63rd_WaterTempDrop_85],[1.0000],1,1,1.0000,[[63rdStreetBeach201509102200_Water_Temperature]]
2025-10-15 19:28:35.221,167.800,Calumet_WaterTempDrop_85,atomic,[Calumet_WaterTempDrop_85],[1.0000],1,1,1.0000,[[CalumetBeach201509102200_Water_Temperature]]
2025-10-15 19:28:35.268,167.847,63rd_WaterTempDrop_85,atomic,[63rd_WaterTempDrop_85],[0.9630],1,1,0.9630,[[63rdStreetBeach201509102300_Water_Temperature]]
2025-10-15 19:28:35.269,167.848,Calumet_WaterTempDrop_85,atomic,[Calumet_WaterTempDrop_85],[1.0000],1,1,1.0000,[[CalumetBeach201509102300_Water_Temperature]]
2025-10-15 19:28:35.332,167.911,63rd_WaterTempDrop_85,atomic,[63rd_WaterTempDrop_85],[1.0000],1,1,1.0000,[[63rdStreetBeach201509112400_Water_Temperature]]
2025-10-15 19:28:35.334,167.913,Calumet_WaterTempDrop_85,atomic,[Calumet_WaterTempDrop_85],[1.0000],1,1,1.0000,[[CalumetBeach201509112400_Water_Temperature]]
2025-10-15 19:28:35.394,167.973,63rd_WaterTempDrop_85,atomic,[63rd_WaterTempDrop_85],[1.0000],1,1,1.0000,[[63rdStreetBeach201509110100_Water_Temperature]]
2025-10-15 19:28:35.395,167.974,Calumet_WaterTempDrop_85,atomic,[Calumet_WaterTempDrop_85],[1.0000],1,1,1.0000,[[CalumetBeach201509110100_Water_Temperature]]
2025-10-15 19:28:35.455,168.034,63rd_WaterTempDrop_85,atomic,[63rd_WaterTempDrop_85],[0.9639],1,1,0.9639,[[63rdStreetBeach201509110200_Water_Temperature]]
2025-10-15 19:28:35.457,168.036,Calumet_WaterTempDrop_85,atomic,[Calumet_WaterTempDrop_85],[1.0000],1,1,1.0000,[[CalumetBeach201509110200_Water_Temperature]]
2025-10-15 19:28:35.517,168.096,Calumet_WaterTempDrop_85,atomic,[Calumet_WaterTempDrop_85],[0.9648],1,1,0.9648,[[CalumetBeach201509110300_Water_Temperature]]
2025-10-15 19:28:35.520,168.099,63rd_WaterTempDrop_85,atomic,[63rd_WaterTempDrop_85],[1.0000],1,1,1.0000,[[63rdStreetBeach201509110300_Water_Temperature]]
2025-10-15 19:28:35.582,168.161,63rd_WaterTempDrop_85,atomic,[63rd_WaterTempDrop_85],[1.0000],1,1,1.0000,[[63rdStreetBeach201509110400_Water_Temperature]]
2025-10-15 19:28:35.582,168.161,Calumet_WaterTempDrop_85,atomic,[Calumet_WaterTempDrop_85],[1.0000],1,1,1.0000,[[CalumetBeach201509110400_Water_Temperature]]
2025-10-15 19:28:35.643,168.222,Calumet_WaterTempDrop_85,atomic,[Calumet_WaterTempDrop_85],[1.0000],1,1,1.0000,[[CalumetBeach201509110500_Water_Temperature]]
2025-10-15 19:28:35.644,168.223,63rd_WaterTempDrop_85,atomic,[63rd_WaterTempDrop_85],[1.0000],1,1,1.0000,[[63rdStreetBeach201509110500_Water_Temperature]]
2025-10-15 19:28:35.705,168.284,Calumet_WaterTempDrop_85,atomic,[Calumet_WaterTempDrop_85],[0.9655],1,1,0.9655,[[CalumetBeach201509110600_Water_Temperature]]
2025-10-15 19:28:35.771,168.350,Calumet_WaterTempDrop_85,atomic,[Calumet_WaterTempDrop_85],[1.0000],1,1,1.0000,[[CalumetBeach201509110700_Water_Temperature]]
2025-10-15 19:28:35.772,168.351,63rd_WaterTempDrop_85,atomic,[63rd_WaterTempDrop_85],[1.0000],1,1,1.0000,[[63rdStreetBeach201509110700_Water_Temperature]]
2025-10-15 19:28:35.831,168.410,63rd_WaterTempDrop_85,atomic,[63rd_WaterTempDrop_85],[1.0000],1,1,1.0000,[[63rdStreetBeach201509110800_Water_Temperature]]
2025-10-15 19:28:35.834,168.413,Calumet_WaterTempDrop_85,atomic,[Calumet_WaterTempDrop_85],[1.0000],1,1,1.0000,[[CalumetBeach201509110800_Water_Temperature]]
2025-10-15 19:28:35.891,168.470,Calumet_WaterTempDrop_85,atomic,[Calumet_WaterTempDrop_85],[0.9658],1,1,0.9658,[[CalumetBeach201509110900_Water_Temperature]]
2025-10-15 19:28:35.955,168.534,63rd_WaterTempDrop_85,atomic,[63rd_WaterTempDrop_85],[0.9688],1,1,0.9688,[[63rdStreetBeach201509111000_Water_Temperature]]
2025-10-15 19:28:35.958,168.537,Calumet_WaterTempDrop_85,atomic,[Calumet_WaterTempDrop_85],[1.0000],1,1,1.0000,[[CalumetBeach201509111000_Water_Temperature]]
2025-10-15 19:28:36.018,168.597,63rd_WaterTempDrop_85,atomic,[63rd_WaterTempDrop_85],[1.0000],1,1,1.0000,[[63rdStreetBeach201509111100_Water_Temperature]]
2025-10-15 19:28:36.019,168.598,Calumet_WaterTempDrop_85,atomic,[Calumet_WaterTempDrop_85],[1.0000],1,1,1.0000,[[CalumetBeach201509111100_Water_Temperature]]
2025-10-15 19:28:36.080,168.659,Calumet_WaterTempDrop_85,atomic,[Calumet_WaterTempDrop_85],[0.9658],1,1,0.9658,[[CalumetBeach201509111200_Water_Temperature]]
2025-10-15 19:28:36.080,168.659,63rd_WaterTempDrop_85,atomic,[63rd_WaterTempDrop_85],[1.0000],1,1,1.0000,[[63rdStreetBeach201509111200_Water_Temperature]]
2025-10-15 19:28:36.142,168.721,63rd_WaterTempDrop_85,atomic,[63rd_WaterTempDrop_85],[1.0000],1,1,1.0000,[[63rdStreetBeach201509111300_Water_Temperature]]
2025-10-15 19:28:36.143,168.722,Calumet_WaterTempDrop_85,atomic,[Calumet_WaterTempDrop_85],[1.0000],1,1,1.0000,[[CalumetBeach201509111300_Water_Temperature]]
2025-10-15 19:28:36.205,168.784,Calumet_WaterTempDrop_85,atomic,[Calumet_WaterTempDrop_85],[0.9639],1,1,0.9639,[[CalumetBeach201509111400_Water_Temperature]]
2025-10-15 19:28:36.206,168.785,63rd_WaterTempDrop_85,atomic,[63rd_WaterTempDrop_85],[1.0000],1,1,1.0000,[[63rdStreetBeach201509111400_Water_Temperature]]
2025-10-15 19:28:36.266,168.845,Calumet_WaterTempDrop_85,atomic,[Calumet_WaterTempDrop_85],[1.0000],1,1,1.0000,[[CalumetBeach201509111500_Water_Temperature]]
2025-10-15 19:28:36.267,168.846,63rd_WaterTempDrop_85,atomic,[63rd_WaterTempDrop_85],[1.0000],1,1,1.0000,[[63rdStreetBeach201509111500_Water_Temperature]]
2025-10-15 19:28:36.268,168.847,63rd_HighWave_85,atomic,[63rd_HighWave_85],[1.0000],1,1,1.0000,[[63rdStreetBeach201509111500_Wave_Height]]
2025-10-15 19:28:36.329,168.908,Calumet_WaterTempDrop_85,atomic,[Calumet_WaterTempDrop_85],[1.0000],1,1,1.0000,[[CalumetBeach201509111600_Water_Temperature]]
2025-10-15 19:28:36.392,168.971,63rd_WaterTempDrop_85,atomic,[63rd_WaterTempDrop_85],[0.9704],1,1,0.9704,[[63rdStreetBeach201509111700_Water_Temperature]]
2025-10-15 19:28:36.394,168.973,Calumet_WaterTempDrop_85,atomic,[Calumet_WaterTempDrop_85],[1.0000],1,1,1.0000,[[CalumetBeach201509111700_Water_Temperature]]
2025-10-15 19:28:36.456,169.035,Calumet_WaterTempDrop_85,atomic,[Calumet_WaterTempDrop_85],[1.0000],1,1,1.0000,[[CalumetBeach201509111800_Water_Temperature]]
2025-10-15 19:28:36.516,169.095,Calumet_WaterTempDrop_85,atomic,[Calumet_WaterTempDrop_85],[1.0000],1,1,1.0000,[[CalumetBeach201509111900_Water_Temperature]]
2025-10-15 19:28:36.580,169.159,Calumet_WaterTempDrop_85,atomic,[Calumet_WaterTempDrop_85],[1.0000],1,1,1.0000,[[CalumetBeach201509112000_Water_Temperature]]
2025-10-15 19:28:36.643,169.222,Calumet_WaterTempDrop_85,atomic,[Calumet_WaterTempDrop_85],[1.0000],1,1,1.0000,[[CalumetBeach201509112100_Water_Temperature]]
2025-10-15 19:28:36.706,169.285,Calumet_WaterTempDrop_85,atomic,[Calumet_WaterTempDrop_85],[1.0000],1,1,1.0000,[[CalumetBeach201509112200_Water_Temperature]]
2025-10-15 19:28:36.767,169.346,Calumet_WaterTempDrop_85,atomic,[Calumet_WaterTempDrop_85],[1.0000],1,1,1.0000,[[CalumetBeach201509112300_Water_Temperature]]
2025-10-15 19:28:36.828,169.407,Calumet_WaterTempDrop_85,atomic,[Calumet_WaterTempDrop_85],[0.9710],1,1,0.9710,[[CalumetBeach201509122400_Water_Temperature]]
2025-10-15 19:28:36.904,169.483,Calumet_WaterTempDrop_85,atomic,[Calumet_WaterTempDrop_85],[1.0000],1,1,1.0000,[[CalumetBeach201509120100_Water_Temperature]]
2025-10-15 19:28:36.953,169.532,Calumet_WaterTempDrop_85,atomic,[Calumet_WaterTempDrop_85],[0.9683],1,1,0.9683,[[CalumetBeach201509120200_Water_Temperature]]
2025-10-15 19:28:37.014,169.593,Calumet_WaterTempDrop_85,atomic,[Calumet_WaterTempDrop_85],[0.9642],1,1,0.9642,[[CalumetBeach201509120300_Water_Temperature]]
2025-10-15 19:28:37.078,169.657,Calumet_WaterTempDrop_85,atomic,[Calumet_WaterTempDrop_85],[1.0000],1,1,1.0000,[[CalumetBeach201509120400_Water_Temperature]]
2025-10-15 19:28:37.140,169.719,Calumet_WaterTempDrop_85,atomic,[Calumet_WaterTempDrop_85],[1.0000],1,1,1.0000,[[CalumetBeach201509120500_Water_Temperature]]
2025-10-15 19:28:37.214,169.793,Calumet_WaterTempDrop_85,atomic,[Calumet_WaterTempDrop_85],[1.0000],1,1,1.0000,[[CalumetBeach201509120600_Water_Temperature]]
2025-10-15 19:28:37.262,169.841,Calumet_WaterTempDrop_85,atomic,[Calumet_WaterTempDrop_85],[1.0000],1,1,1.0000,[[CalumetBeach201509120700_Water_Temperature]]
2025-10-15 19:28:37.326,169.905,Calumet_WaterTempDrop_85,atomic,[Calumet_WaterTempDrop_85],[1.0000],1,1,1.0000,[[CalumetBeach201509120800_Water_Temperature]]
2025-10-15 19:28:37.388,169.967,Calumet_WaterTempDrop_85,atomic,[Calumet_WaterTempDrop_85],[0.9682],1,1,0.9682,[[CalumetBeach201509120900_Water_Temperature]]
2025-10-15 19:28:37.451,170.030,Calumet_WaterTempDrop_85,atomic,[Calumet_WaterTempDrop_85],[1.0000],1,1,1.0000,[[CalumetBeach201509121000_Water_Temperature]]
2025-10-15 19:28:37.514,170.093,Calumet_WaterTempDrop_85,atomic,[Calumet_WaterTempDrop_85],[0.9659],1,1,0.9659,[[CalumetBeach201509121100_Water_Temperature]]
2025-10-15 19:28:37.578,170.157,Calumet_WaterTempDrop_85,atomic,[Calumet_WaterTempDrop_85],[1.0000],1,1,1.0000,[[CalumetBeach201509121200_Water_Temperature]]
2025-10-15 19:28:37.639,170.218,Calumet_WaterTempDrop_85,atomic,[Calumet_WaterTempDrop_85],[1.0000],1,1,1.0000,[[CalumetBeach201509121300_Water_Temperature]]
2025-10-15 19:28:37.702,170.281,Calumet_WaterTempDrop_85,atomic,[Calumet_WaterTempDrop_85],[0.9656],1,1,0.9656,[[CalumetBeach201509121400_Water_Temperature]]
2025-10-15 19:28:37.765,170.344,Calumet_WaterTempDrop_85,atomic,[Calumet_WaterTempDrop_85],[1.0000],1,1,1.0000,[[CalumetBeach201509121500_Water_Temperature]]
2025-10-15 19:28:37.827,170.406,Calumet_WaterTempDrop_85,atomic,[Calumet_WaterTempDrop_85],[1.0000],1,1,1.0000,[[CalumetBeach201509121600_Water_Temperature]]
2025-10-15 19:28:37.890,170.469,Calumet_WaterTempDrop_85,atomic,[Calumet_WaterTempDrop_85],[1.0000],1,1,1.0000,[[CalumetBeach201509121700_Water_Temperature]]
2025-10-15 19:28:37.954,170.533,Calumet_WaterTempDrop_85,atomic,[Calumet_WaterTempDrop_85],[0.9669],1,1,0.9669,[[CalumetBeach201509121800_Water_Temperature]]
2025-10-15 19:28:38.014,170.593,Calumet_HighTurbidity_85,atomic,[Calumet_HighTurbidity_85],[0.8663],1,1,0.8663,[[CalumetBeach201509121900_Turbidity]]
2025-10-15 19:28:38.016,170.595,Calumet_LocalAlert_85,complex,[Calumet_HighTurbidity_85;Calumet_WaterTempDrop_85],[0.8663;1.0000],2,2,0.9331,[[CalumetBeach201509121900_Turbidity];[CalumetBeach201509030200_Water_Temperature]]
2025-10-15 19:28:38.016,170.595,Calumet_WaterTempDrop_85,atomic,[Calumet_WaterTempDrop_85],[1.0000],1,1,1.0000,[[CalumetBeach201509121900_Water_Temperature]]
2025-10-15 19:28:38.079,170.658,Calumet_WaterTempDrop_85,atomic,[Calumet_WaterTempDrop_85],[0.9648],1,1,0.9648,[[CalumetBeach201509122000_Water_Temperature]]
2025-10-15 19:28:38.139,170.718,Calumet_WaterTempDrop_85,atomic,[Calumet_WaterTempDrop_85],[1.0000],1,1,1.0000,[[CalumetBeach201509122100_Water_Temperature]]
2025-10-15 19:28:38.202,170.781,Calumet_WaterTempDrop_85,atomic,[Calumet_WaterTempDrop_85],[0.9631],1,1,0.9631,[[CalumetBeach201509122200_Water_Temperature]]
2025-10-15 19:28:38.278,170.857,Calumet_WaterTempDrop_85,atomic,[Calumet_WaterTempDrop_85],[1.0000],1,1,1.0000,[[CalumetBeach201509122300_Water_Temperature]]
2025-10-15 19:28:38.326,170.905,Calumet_WaterTempDrop_85,atomic,[Calumet_WaterTempDrop_85],[0.9616],1,1,0.9616,[[CalumetBeach201509132400_Water_Temperature]]
2025-10-15 19:28:38.326,170.905,Calumet_HighTurbidity_85,atomic,[Calumet_HighTurbidity_85],[1.0000],1,1,1.0000,[[CalumetBeach201509132400_Turbidity]]
2025-10-15 19:28:38.328,170.907,Calumet_LocalAlert_85,complex,[Calumet_HighTurbidity_85;Calumet_WaterTempDrop_85],[1.0000;1.0000],2,2,1.0000,[[CalumetBeach201509132400_Turbidity];[CalumetBeach201509121900_Water_Temperature]]
2025-10-15 19:28:38.388,170.967,Calumet_HighTurbidity_85,atomic,[Calumet_HighTurbidity_85],[0.8903],1,1,0.8903,[[CalumetBeach201509130200_Turbidity]]
2025-10-15 19:28:38.388,170.967,Calumet_WaterTempDrop_85,atomic,[Calumet_WaterTempDrop_85],[1.0000],1,1,1.0000,[[CalumetBeach201509130200_Water_Temperature]]
2025-10-15 19:28:38.390,170.969,Calumet_LocalAlert_85,complex,[Calumet_HighTurbidity_85;Calumet_WaterTempDrop_85],[0.8903;1.0000],2,2,0.9451,[[CalumetBeach201509130200_Turbidity];[CalumetBeach201509130200_Water_Temperature]]
2025-10-15 19:28:38.452,171.031,Calumet_HighTurbidity_85,atomic,[Calumet_HighTurbidity_85],[0.8755],1,1,0.8755,[[CalumetBeach201509130300_Turbidity]]
2025-10-15 19:28:38.458,171.037,Calumet_WaterTempDrop_85,atomic,[Calumet_WaterTempDrop_85],[1.0000],1,1,1.0000,[[CalumetBeach201509130300_Water_Temperature]]
2025-10-15 19:28:38.458,171.037,Calumet_LocalAlert_85,complex,[Calumet_HighTurbidity_85;Calumet_WaterTempDrop_85],[0.8755;1.0000],2,2,0.9377,[[CalumetBeach201509130300_Turbidity];[CalumetBeach201509130300_Water_Temperature]]
2025-10-15 19:28:38.512,171.091,Calumet_HighTurbidity_85,atomic,[Calumet_HighTurbidity_85],[0.8591],1,1,0.8591,[[CalumetBeach201509130400_Turbidity]]
2025-10-15 19:28:38.514,171.093,Calumet_WaterTempDrop_85,atomic,[Calumet_WaterTempDrop_85],[1.0000],1,1,1.0000,[[CalumetBeach201509130400_Water_Temperature]]
2025-10-15 19:28:38.514,171.093,Calumet_LocalAlert_85,complex,[Calumet_HighTurbidity_85;Calumet_WaterTempDrop_85],[0.8591;1.0000],2,2,0.9295,[[CalumetBeach201509130400_Turbidity];[CalumetBeach201509130400_Water_Temperature]]
2025-10-15 19:28:38.576,171.155,Calumet_WaterTempDrop_85,atomic,[Calumet_WaterTempDrop_85],[1.0000],1,1,1.0000,[[CalumetBeach201509130500_Water_Temperature]]
2025-10-15 19:28:38.639,171.218,Calumet_WaterTempDrop_85,atomic,[Calumet_WaterTempDrop_85],[0.9667],1,1,0.9667,[[CalumetBeach201509130600_Water_Temperature]]
2025-10-15 19:28:38.703,171.282,Calumet_WaterTempDrop_85,atomic,[Calumet_WaterTempDrop_85],[1.0000],1,1,1.0000,[[CalumetBeach201509130700_Water_Temperature]]
2025-10-15 19:28:38.765,171.344,Calumet_WaterTempDrop_85,atomic,[Calumet_WaterTempDrop_85],[1.0000],1,1,1.0000,[[CalumetBeach201509130800_Water_Temperature]]
2025-10-15 19:28:38.826,171.405,Calumet_WaterTempDrop_85,atomic,[Calumet_WaterTempDrop_85],[1.0000],1,1,1.0000,[[CalumetBeach201509130900_Water_Temperature]]
2025-10-15 19:28:38.890,171.469,Calumet_WaterTempDrop_85,atomic,[Calumet_WaterTempDrop_85],[1.0000],1,1,1.0000,[[CalumetBeach201509131000_Water_Temperature]]
2025-10-15 19:28:38.954,171.533,Calumet_WaterTempDrop_85,atomic,[Calumet_WaterTempDrop_85],[1.0000],1,1,1.0000,[[CalumetBeach201509131100_Water_Temperature]]
2025-10-15 19:28:39.015,171.594,Calumet_WaterTempDrop_85,atomic,[Calumet_WaterTempDrop_85],[1.0000],1,1,1.0000,[[CalumetBeach201509131200_Water_Temperature]]
2025-10-15 19:28:39.077,171.656,Calumet_WaterTempDrop_85,atomic,[Calumet_WaterTempDrop_85],[1.0000],1,1,1.0000,[[CalumetBeach201509131300_Water_Temperature]]
2025-10-15 19:28:39.139,171.718,Calumet_WaterTempDrop_85,atomic,[Calumet_WaterTempDrop_85],[1.0000],1,1,1.0000,[[CalumetBeach201509131400_Water_Temperature]]
2025-10-15 19:28:39.202,171.781,Calumet_WaterTempDrop_85,atomic,[Calumet_WaterTempDrop_85],[1.0000],1,1,1.0000,[[CalumetBeach201509131500_Water_Temperature]]
2025-10-15 19:28:39.265,171.844,Calumet_WaterTempDrop_85,atomic,[Calumet_WaterTempDrop_85],[1.0000],1,1,1.0000,[[CalumetBeach201509131600_Water_Temperature]]
2025-10-15 19:28:39.328,171.907,Calumet_WaterTempDrop_85,atomic,[Calumet_WaterTempDrop_85],[1.0000],1,1,1.0000,[[CalumetBeach201509131700_Water_Temperature]]
2025-10-15 19:28:39.392,171.971,Calumet_WaterTempDrop_85,atomic,[Calumet_WaterTempDrop_85],[1.0000],1,1,1.0000,[[CalumetBeach201509131800_Water_Temperature]]
2025-10-15 19:28:39.454,172.033,Calumet_WaterTempDrop_85,atomic,[Calumet_WaterTempDrop_85],[1.0000],1,1,1.0000,[[CalumetBeach201509131900_Water_Temperature]]
2025-10-15 19:28:39.516,172.095,Calumet_WaterTempDrop_85,atomic,[Calumet_WaterTempDrop_85],[1.0000],1,1,1.0000,[[CalumetBeach201509132000_Water_Temperature]]
2025-10-15 19:28:39.594,172.173,Calumet_WaterTempDrop_85,atomic,[Calumet_WaterTempDrop_85],[1.0000],1,1,1.0000,[[CalumetBeach201509132100_Water_Temperature]]
2025-10-15 19:28:39.642,172.221,Calumet_WaterTempDrop_85,atomic,[Calumet_WaterTempDrop_85],[1.0000],1,1,1.0000,[[CalumetBeach201509132200_Water_Temperature]]
2025-10-15 19:28:39.705,172.284,Calumet_WaterTempDrop_85,atomic,[Calumet_WaterTempDrop_85],[1.0000],1,1,1.0000,[[CalumetBeach201509132300_Water_Temperature]]
2025-10-15 19:28:39.767,172.346,Calumet_WaterTempDrop_85,atomic,[Calumet_WaterTempDrop_85],[0.9731],1,1,0.9731,[[CalumetBeach201509142400_Water_Temperature]]
2025-10-15 19:28:39.830,172.409,Calumet_WaterTempDrop_85,atomic,[Calumet_WaterTempDrop_85],[1.0000],1,1,1.0000,[[CalumetBeach201509140100_Water_Temperature]]
2025-10-15 19:28:39.893,172.472,Calumet_WaterTempDrop_85,atomic,[Calumet_WaterTempDrop_85],[1.0000],1,1,1.0000,[[CalumetBeach201509140200_Water_Temperature]]
2025-10-15 19:28:39.955,172.534,Calumet_WaterTempDrop_85,atomic,[Calumet_WaterTempDrop_85],[1.0000],1,1,1.0000,[[CalumetBeach201509140300_Water_Temperature]]
2025-10-15 19:28:40.017,172.596,Calumet_WaterTempDrop_85,atomic,[Calumet_WaterTempDrop_85],[1.0000],1,1,1.0000,[[CalumetBeach201509140400_Water_Temperature]]
2025-10-15 19:28:40.091,172.670,Calumet_WaterTempDrop_85,atomic,[Calumet_WaterTempDrop_85],[1.0000],1,1,1.0000,[[CalumetBeach201509140500_Water_Temperature]]
2025-10-15 19:28:40.139,172.718,Calumet_WaterTempDrop_85,atomic,[Calumet_WaterTempDrop_85],[1.0000],1,1,1.0000,[[CalumetBeach201509140600_Water_Temperature]]
2025-10-15 19:28:40.204,172.783,Calumet_WaterTempDrop_85,atomic,[Calumet_WaterTempDrop_85],[0.9718],1,1,0.9718,[[CalumetBeach201509140700_Water_Temperature]]
2025-10-15 19:28:40.264,172.843,Calumet_WaterTempDrop_85,atomic,[Calumet_WaterTempDrop_85],[1.0000],1,1,1.0000,[[CalumetBeach201509140800_Water_Temperature]]
2025-10-15 19:28:40.326,172.905,Calumet_WaterTempDrop_85,atomic,[Calumet_WaterTempDrop_85],[1.0000],1,1,1.0000,[[CalumetBeach201509140900_Water_Temperature]]
2025-10-15 19:28:40.403,172.982,Calumet_WaterTempDrop_85,atomic,[Calumet_WaterTempDrop_85],[1.0000],1,1,1.0000,[[CalumetBeach201509141000_Water_Temperature]]
2025-10-15 19:28:40.452,173.031,Calumet_WaterTempDrop_85,atomic,[Calumet_WaterTempDrop_85],[1.0000],1,1,1.0000,[[CalumetBeach201509141100_Water_Temperature]]
2025-10-15 19:28:40.527,173.106,Calumet_WaterTempDrop_85,atomic,[Calumet_WaterTempDrop_85],[1.0000],1,1,1.0000,[[CalumetBeach201509141200_Water_Temperature]]
2025-10-15 19:28:40.577,173.156,Calumet_WaterTempDrop_85,atomic,[Calumet_WaterTempDrop_85],[1.0000],1,1,1.0000,[[CalumetBeach201509141300_Water_Temperature]]
2025-10-15 19:28:40.638,173.217,Calumet_WaterTempDrop_85,atomic,[Calumet_WaterTempDrop_85],[1.0000],1,1,1.0000,[[CalumetBeach201509141400_Water_Temperature]]
2025-10-15 19:28:40.699,173.278,Calumet_WaterTempDrop_85,atomic,[Calumet_WaterTempDrop_85],[0.9718],1,1,0.9718,[[CalumetBeach201509141500_Water_Temperature]]
2025-10-15 19:28:40.760,173.339,Calumet_WaterTempDrop_85,atomic,[Calumet_WaterTempDrop_85],[1.0000],1,1,1.0000,[[CalumetBeach201509141600_Water_Temperature]]
2025-10-15 19:28:40.821,173.400,Calumet_WaterTempDrop_85,atomic,[Calumet_WaterTempDrop_85],[0.9690],1,1,0.9690,[[CalumetBeach201509141700_Water_Temperature]]
2025-10-15 19:28:40.885,173.464,Calumet_WaterTempDrop_85,atomic,[Calumet_WaterTempDrop_85],[1.0000],1,1,1.0000,[[CalumetBeach201509141800_Water_Temperature]]
2025-10-15 19:28:40.947,173.526,Calumet_WaterTempDrop_85,atomic,[Calumet_WaterTempDrop_85],[1.0000],1,1,1.0000,[[CalumetBeach201509141900_Water_Temperature]]
2025-10-15 19:28:41.010,173.589,Calumet_WaterTempDrop_85,atomic,[Calumet_WaterTempDrop_85],[1.0000],1,1,1.0000,[[CalumetBeach201509142000_Water_Temperature]]
2025-10-15 19:28:41.071,173.650,Calumet_WaterTempDrop_85,atomic,[Calumet_WaterTempDrop_85],[1.0000],1,1,1.0000,[[CalumetBeach201509142100_Water_Temperature]]
2025-10-15 19:28:41.132,173.711,Calumet_WaterTempDrop_85,atomic,[Calumet_WaterTempDrop_85],[0.9694],1,1,0.9694,[[CalumetBeach201509142200_Water_Temperature]]
2025-10-15 19:28:41.195,173.774,Calumet_WaterTempDrop_85,atomic,[Calumet_WaterTempDrop_85],[1.0000],1,1,1.0000,[[CalumetBeach201509142300_Water_Temperature]]
2025-10-15 19:28:41.257,173.836,Calumet_WaterTempDrop_85,atomic,[Calumet_WaterTempDrop_85],[1.0000],1,1,1.0000,[[CalumetBeach201509152400_Water_Temperature]]
2025-10-15 19:28:41.317,173.896,Calumet_WaterTempDrop_85,atomic,[Calumet_WaterTempDrop_85],[0.9681],1,1,0.9681,[[CalumetBeach201509150100_Water_Temperature]]
2025-10-15 19:28:41.380,173.959,Calumet_WaterTempDrop_85,atomic,[Calumet_WaterTempDrop_85],[1.0000],1,1,1.0000,[[CalumetBeach201509150200_Water_Temperature]]
2025-10-15 19:28:41.443,174.022,Calumet_WaterTempDrop_85,atomic,[Calumet_WaterTempDrop_85],[0.9658],1,1,0.9658,[[CalumetBeach201509150300_Water_Temperature]]
2025-10-15 19:28:41.522,174.101,Calumet_WaterTempDrop_85,atomic,[Calumet_WaterTempDrop_85],[1.0000],1,1,1.0000,[[CalumetBeach201509150400_Water_Temperature]]
2025-10-15 19:28:41.570,174.149,Calumet_WaterTempDrop_85,atomic,[Calumet_WaterTempDrop_85],[1.0000],1,1,1.0000,[[CalumetBeach201509150500_Water_Temperature]]
2025-10-15 19:28:41.631,174.210,Calumet_WaterTempDrop_85,atomic,[Calumet_WaterTempDrop_85],[1.0000],1,1,1.0000,[[CalumetBeach201509150600_Water_Temperature]]
2025-10-15 19:28:41.694,174.273,Calumet_WaterTempDrop_85,atomic,[Calumet_WaterTempDrop_85],[1.0000],1,1,1.0000,[[CalumetBeach201509150700_Water_Temperature]]
2025-10-15 19:28:41.768,174.347,Calumet_WaterTempDrop_85,atomic,[Calumet_WaterTempDrop_85],[1.0000],1,1,1.0000,[[CalumetBeach201509150800_Water_Temperature]]
2025-10-15 19:28:41.817,174.396,Calumet_WaterTempDrop_85,atomic,[Calumet_WaterTempDrop_85],[1.0000],1,1,1.0000,[[CalumetBeach201509150900_Water_Temperature]]
2025-10-15 19:28:41.878,174.457,Calumet_WaterTempDrop_85,atomic,[Calumet_WaterTempDrop_85],[0.9700],1,1,0.9700,[[CalumetBeach201509151000_Water_Temperature]]
2025-10-15 19:28:41.943,174.522,Calumet_WaterTempDrop_85,atomic,[Calumet_WaterTempDrop_85],[1.0000],1,1,1.0000,[[CalumetBeach201509151100_Water_Temperature]]
2025-10-15 19:28:42.004,174.583,Calumet_WaterTempDrop_85,atomic,[Calumet_WaterTempDrop_85],[1.0000],1,1,1.0000,[[CalumetBeach201509151200_Water_Temperature]]
2025-10-15 19:28:42.068,174.647,Calumet_WaterTempDrop_85,atomic,[Calumet_WaterTempDrop_85],[1.0000],1,1,1.0000,[[CalumetBeach201509151300_Water_Temperature]]
2025-10-15 19:28:42.129,174.708,Calumet_WaterTempDrop_85,atomic,[Calumet_WaterTempDrop_85],[1.0000],1,1,1.0000,[[CalumetBeach201509151400_Water_Temperature]]
2025-10-15 19:28:42.194,174.773,Calumet_WaterTempDrop_85,atomic,[Calumet_WaterTempDrop_85],[1.0000],1,1,1.0000,[[CalumetBeach201509151500_Water_Temperature]]
2025-10-15 19:28:42.253,174.832,Calumet_WaterTempDrop_85,atomic,[Calumet_WaterTempDrop_85],[1.0000],1,1,1.0000,[[CalumetBeach201509151600_Water_Temperature]]
2025-10-15 19:28:42.315,174.894,Calumet_WaterTempDrop_85,atomic,[Calumet_WaterTempDrop_85],[0.9714],1,1,0.9714,[[CalumetBeach201509151700_Water_Temperature]]
2025-10-15 19:28:42.393,174.972,Calumet_WaterTempDrop_85,atomic,[Calumet_WaterTempDrop_85],[1.0000],1,1,1.0000,[[CalumetBeach201509151800_Water_Temperature]]
2025-10-15 19:28:42.455,175.034,Calumet_WaterTempDrop_85,atomic,[Calumet_WaterTempDrop_85],[1.0000],1,1,1.0000,[[CalumetBeach201509151900_Water_Temperature]]
2025-10-15 19:28:42.502,175.081,Calumet_WaterTempDrop_85,atomic,[Calumet_WaterTempDrop_85],[1.0000],1,1,1.0000,[[CalumetBeach201509152000_Water_Temperature]]
2025-10-15 19:28:42.562,175.141,Calumet_WaterTempDrop_85,atomic,[Calumet_WaterTempDrop_85],[1.0000],1,1,1.0000,[[CalumetBeach201509152100_Water_Temperature]]
2025-10-15 19:28:42.639,175.218,Calumet_WaterTempDrop_85,atomic,[Calumet_WaterTempDrop_85],[1.0000],1,1,1.0000,[[CalumetBeach201509152200_Water_Temperature]]
2025-10-15 19:28:42.686,175.265,Calumet_WaterTempDrop_85,atomic,[Calumet_WaterTempDrop_85],[0.9713],1,1,0.9713,[[CalumetBeach201509152300_Water_Temperature]]
2025-10-15 19:28:42.749,175.328,Calumet_WaterTempDrop_85,atomic,[Calumet_WaterTempDrop_85],[0.9676],1,1,0.9676,[[CalumetBeach201509162400_Water_Temperature]]
2025-10-15 19:28:42.814,175.393,Calumet_WaterTempDrop_85,atomic,[Calumet_WaterTempDrop_85],[1.0000],1,1,1.0000,[[CalumetBeach201509160100_Water_Temperature]]
2025-10-15 19:28:42.874,175.453,Calumet_WaterTempDrop_85,atomic,[Calumet_WaterTempDrop_85],[0.9653],1,1,0.9653,[[CalumetBeach201509160200_Water_Temperature]]
2025-10-15 19:28:42.937,175.516,Calumet_WaterTempDrop_85,atomic,[Calumet_WaterTempDrop_85],[0.9610],1,1,0.9610,[[CalumetBeach201509160300_Water_Temperature]]
2025-10-15 19:28:42.999,175.578,Calumet_WaterTempDrop_85,atomic,[Calumet_WaterTempDrop_85],[1.0000],1,1,1.0000,[[CalumetBeach201509160400_Water_Temperature]]
2025-10-15 19:28:43.061,175.640,Calumet_WaterTempDrop_85,atomic,[Calumet_WaterTempDrop_85],[1.0000],1,1,1.0000,[[CalumetBeach201509160500_Water_Temperature]]
2025-10-15 19:28:43.139,175.718,Calumet_WaterTempDrop_85,atomic,[Calumet_WaterTempDrop_85],[1.0000],1,1,1.0000,[[CalumetBeach201509160600_Water_Temperature]]
2025-10-15 19:28:43.186,175.765,Calumet_WaterTempDrop_85,atomic,[Calumet_WaterTempDrop_85],[1.0000],1,1,1.0000,[[CalumetBeach201509160700_Water_Temperature]]
2025-10-15 19:28:43.262,175.841,Calumet_WaterTempDrop_85,atomic,[Calumet_WaterTempDrop_85],[1.0000],1,1,1.0000,[[CalumetBeach201509160800_Water_Temperature]]
2025-10-15 19:28:43.312,175.891,Calumet_WaterTempDrop_85,atomic,[Calumet_WaterTempDrop_85],[0.9675],1,1,0.9675,[[CalumetBeach201509160900_Water_Temperature]]
2025-10-15 19:28:43.375,175.954,Calumet_WaterTempDrop_85,atomic,[Calumet_WaterTempDrop_85],[1.0000],1,1,1.0000,[[CalumetBeach201509161000_Water_Temperature]]
2025-10-15 19:28:43.437,176.016,Calumet_WaterTempDrop_85,atomic,[Calumet_WaterTempDrop_85],[1.0000],1,1,1.0000,[[CalumetBeach201509161100_Water_Temperature]]
2025-10-15 19:28:43.498,176.077,Calumet_WaterTempDrop_85,atomic,[Calumet_WaterTempDrop_85],[1.0000],1,1,1.0000,[[CalumetBeach201509161200_Water_Temperature]]
2025-10-15 19:28:43.574,176.153,Calumet_WaterTempDrop_85,atomic,[Calumet_WaterTempDrop_85],[1.0000],1,1,1.0000,[[CalumetBeach201509161300_Water_Temperature]]
2025-10-15 19:28:43.623,176.202,Calumet_WaterTempDrop_85,atomic,[Calumet_WaterTempDrop_85],[1.0000],1,1,1.0000,[[CalumetBeach201509161400_Water_Temperature]]
2025-10-15 19:28:43.699,176.278,Calumet_WaterTempDrop_85,atomic,[Calumet_WaterTempDrop_85],[1.0000],1,1,1.0000,[[CalumetBeach201509161500_Water_Temperature]]
2025-10-15 19:28:43.758,176.337,Calumet_WaterTempDrop_85,atomic,[Calumet_WaterTempDrop_85],[1.0000],1,1,1.0000,[[CalumetBeach201509161600_Water_Temperature]]
2025-10-15 19:28:43.820,176.399,Calumet_WaterTempDrop_85,atomic,[Calumet_WaterTempDrop_85],[1.0000],1,1,1.0000,[[CalumetBeach201509161700_Water_Temperature]]
2025-10-15 19:28:43.869,176.448,Calumet_WaterTempDrop_85,atomic,[Calumet_WaterTempDrop_85],[1.0000],1,1,1.0000,[[CalumetBeach201509161800_Water_Temperature]]
2025-10-15 19:28:43.931,176.510,Calumet_WaterTempDrop_85,atomic,[Calumet_WaterTempDrop_85],[0.9720],1,1,0.9720,[[CalumetBeach201509161900_Water_Temperature]]
2025-10-15 19:28:43.993,176.572,Calumet_WaterTempDrop_85,atomic,[Calumet_WaterTempDrop_85],[1.0000],1,1,1.0000,[[CalumetBeach201509162000_Water_Temperature]]
2025-10-15 19:28:44.056,176.635,Calumet_WaterTempDrop_85,atomic,[Calumet_WaterTempDrop_85],[1.0000],1,1,1.0000,[[CalumetBeach201509162100_Water_Temperature]]
2025-10-15 19:28:44.116,176.695,Calumet_WaterTempDrop_85,atomic,[Calumet_WaterTempDrop_85],[1.0000],1,1,1.0000,[[CalumetBeach201509170100_Water_Temperature]]
2025-10-15 19:28:44.182,176.761,Calumet_WaterTempDrop_85,atomic,[Calumet_WaterTempDrop_85],[1.0000],1,1,1.0000,[[CalumetBeach201509170200_Water_Temperature]]
2025-10-15 19:28:44.240,176.819,Calumet_WaterTempDrop_85,atomic,[Calumet_WaterTempDrop_85],[0.9711],1,1,0.9711,[[CalumetBeach201509170300_Water_Temperature]]
2025-10-15 19:28:44.304,176.883,Calumet_WaterTempDrop_85,atomic,[Calumet_WaterTempDrop_85],[1.0000],1,1,1.0000,[[CalumetBeach201509170400_Water_Temperature]]
2025-10-15 19:28:44.366,176.945,Calumet_WaterTempDrop_85,atomic,[Calumet_WaterTempDrop_85],[1.0000],1,1,1.0000,[[CalumetBeach201509170500_Water_Temperature]]
2025-10-15 19:28:44.440,177.019,Calumet_WaterTempDrop_85,atomic,[Calumet_WaterTempDrop_85],[1.0000],1,1,1.0000,[[CalumetBeach201509170600_Water_Temperature]]
2025-10-15 19:28:44.486,177.065,Calumet_WaterTempDrop_85,atomic,[Calumet_WaterTempDrop_85],[0.9699],1,1,0.9699,[[CalumetBeach201509170700_Water_Temperature]]
2025-10-15 19:28:44.550,177.129,Calumet_WaterTempDrop_85,atomic,[Calumet_WaterTempDrop_85],[0.9661],1,1,0.9661,[[CalumetBeach201509170800_Water_Temperature]]
2025-10-15 19:28:44.626,177.205,Calumet_WaterTempDrop_85,atomic,[Calumet_WaterTempDrop_85],[1.0000],1,1,1.0000,[[CalumetBeach201509170900_Water_Temperature]]
2025-10-15 19:28:44.674,177.253,Calumet_WaterTempDrop_85,atomic,[Calumet_WaterTempDrop_85],[1.0000],1,1,1.0000,[[CalumetBeach201509171000_Water_Temperature]]
2025-10-15 19:28:44.736,177.315,Calumet_WaterTempDrop_85,atomic,[Calumet_WaterTempDrop_85],[1.0000],1,1,1.0000,[[CalumetBeach201509171100_Water_Temperature]]
2025-10-15 19:28:44.797,177.376,Calumet_WaterTempDrop_85,atomic,[Calumet_WaterTempDrop_85],[1.0000],1,1,1.0000,[[CalumetBeach201509171200_Water_Temperature]]
2025-10-15 19:28:44.859,177.438,Calumet_WaterTempDrop_85,atomic,[Calumet_WaterTempDrop_85],[0.9681],1,1,0.9681,[[CalumetBeach201509171300_Water_Temperature]]
2025-10-15 19:28:44.921,177.500,Calumet_WaterTempDrop_85,atomic,[Calumet_WaterTempDrop_85],[0.9642],1,1,0.9642,[[CalumetBeach201509171400_Water_Temperature]]
2025-10-15 19:28:44.986,177.565,Calumet_WaterTempDrop_85,atomic,[Calumet_WaterTempDrop_85],[1.0000],1,1,1.0000,[[CalumetBeach201509171500_Water_Temperature]]
2025-10-15 19:28:45.046,177.625,Calumet_WaterTempDrop_85,atomic,[Calumet_WaterTempDrop_85],[1.0000],1,1,1.0000,[[CalumetBeach201509171600_Water_Temperature]]
2025-10-15 19:28:45.107,177.686,Calumet_WaterTempDrop_85,atomic,[Calumet_WaterTempDrop_85],[0.9645],1,1,0.9645,[[CalumetBeach201509171700_Water_Temperature]]
2025-10-15 19:28:45.169,177.748,Calumet_WaterTempDrop_85,atomic,[Calumet_WaterTempDrop_85],[0.9602],1,1,0.9602,[[CalumetBeach201509171800_Water_Temperature]]
2025-10-15 19:28:45.248,177.827,Calumet_WaterTempDrop_85,atomic,[Calumet_WaterTempDrop_85],[1.0000],1,1,1.0000,[[CalumetBeach201509171900_Water_Temperature]]
2025-10-15 19:28:45.297,177.876,Calumet_WaterTempDrop_85,atomic,[Calumet_WaterTempDrop_85],[1.0000],1,1,1.0000,[[CalumetBeach201509172000_Water_Temperature]]
2025-10-15 19:28:45.360,177.939,Calumet_WaterTempDrop_85,atomic,[Calumet_WaterTempDrop_85],[1.0000],1,1,1.0000,[[CalumetBeach201509172100_Water_Temperature]]
2025-10-15 19:28:45.423,178.002,Calumet_WaterTempDrop_85,atomic,[Calumet_WaterTempDrop_85],[1.0000],1,1,1.0000,[[CalumetBeach201509180100_Water_Temperature]]
2025-10-15 19:28:45.485,178.064,Calumet_WaterTempDrop_85,atomic,[Calumet_WaterTempDrop_85],[0.9661],1,1,0.9661,[[CalumetBeach201509180200_Water_Temperature]]
2025-10-15 19:28:45.561,178.140,Calumet_WaterTempDrop_85,atomic,[Calumet_WaterTempDrop_85],[1.0000],1,1,1.0000,[[CalumetBeach201509180300_Water_Temperature]]
2025-10-15 19:28:45.609,178.188,Calumet_WaterTempDrop_85,atomic,[Calumet_WaterTempDrop_85],[0.9643],1,1,0.9643,[[CalumetBeach201509180400_Water_Temperature]]
2025-10-15 19:28:45.671,178.250,Calumet_WaterTempDrop_85,atomic,[Calumet_WaterTempDrop_85],[0.9600],1,1,0.9600,[[CalumetBeach201509180500_Water_Temperature]]
2025-10-15 19:28:45.733,178.312,Calumet_WaterTempDrop_85,atomic,[Calumet_WaterTempDrop_85],[0.9554],1,1,0.9554,[[CalumetBeach201509180600_Water_Temperature]]
2025-10-15 19:28:45.808,178.387,Calumet_WaterTempDrop_85,atomic,[Calumet_WaterTempDrop_85],[1.0000],1,1,1.0000,[[CalumetBeach201509180700_Water_Temperature]]
2025-10-15 19:28:45.856,178.435,Calumet_WaterTempDrop_85,atomic,[Calumet_WaterTempDrop_85],[0.9555],1,1,0.9555,[[CalumetBeach201509180800_Water_Temperature]]
2025-10-15 19:28:45.919,178.498,Calumet_WaterTempDrop_85,atomic,[Calumet_WaterTempDrop_85],[1.0000],1,1,1.0000,[[CalumetBeach201509181000_Water_Temperature]]
2025-10-15 19:28:45.978,178.557,Calumet_WaterTempDrop_85,atomic,[Calumet_WaterTempDrop_85],[1.0000],1,1,1.0000,[[CalumetBeach201509181100_Water_Temperature]]
2025-10-15 19:28:46.040,178.619,Calumet_WaterTempDrop_85,atomic,[Calumet_WaterTempDrop_85],[1.0000],1,1,1.0000,[[CalumetBeach201509181200_Water_Temperature]]
2025-10-15 19:28:46.102,178.681,Calumet_WaterTempDrop_85,atomic,[Calumet_WaterTempDrop_85],[1.0000],1,1,1.0000,[[CalumetBeach201509181300_Water_Temperature]]
2025-10-15 19:28:46.178,178.757,Calumet_WaterTempDrop_85,atomic,[Calumet_WaterTempDrop_85],[1.0000],1,1,1.0000,[[CalumetBeach201509181400_Water_Temperature]]
2025-10-15 19:28:46.227,178.806,Calumet_WaterTempDrop_85,atomic,[Calumet_WaterTempDrop_85],[1.0000],1,1,1.0000,[[CalumetBeach201509181500_Water_Temperature]]
2025-10-15 19:28:46.288,178.867,Calumet_WaterTempDrop_85,atomic,[Calumet_WaterTempDrop_85],[1.0000],1,1,1.0000,[[CalumetBeach201509181600_Water_Temperature]]
2025-10-15 19:28:46.351,178.930,Calumet_WaterTempDrop_85,atomic,[Calumet_WaterTempDrop_85],[1.0000],1,1,1.0000,[[CalumetBeach201509181700_Water_Temperature]]
2025-10-15 19:28:46.427,179.006,Calumet_WaterTempDrop_85,atomic,[Calumet_WaterTempDrop_85],[1.0000],1,1,1.0000,[[CalumetBeach201509181800_Water_Temperature]]
2025-10-15 19:28:46.476,179.055,Calumet_WaterTempDrop_85,atomic,[Calumet_WaterTempDrop_85],[1.0000],1,1,1.0000,[[CalumetBeach201509181900_Water_Temperature]]
2025-10-15 19:28:46.541,179.120,Calumet_WaterTempDrop_85,atomic,[Calumet_WaterTempDrop_85],[1.0000],1,1,1.0000,[[CalumetBeach201509182000_Water_Temperature]]
2025-10-15 19:28:46.599,179.178,Calumet_WaterTempDrop_85,atomic,[Calumet_WaterTempDrop_85],[1.0000],1,1,1.0000,[[CalumetBeach201509182100_Water_Temperature]]
2025-10-15 19:28:46.663,179.242,Calumet_WaterTempDrop_85,atomic,[Calumet_WaterTempDrop_85],[0.9721],1,1,0.9721,[[CalumetBeach201509182200_Water_Temperature]]
2025-10-15 19:28:46.724,179.303,Calumet_WaterTempDrop_85,atomic,[Calumet_WaterTempDrop_85],[0.9686],1,1,0.9686,[[CalumetBeach201509182300_Water_Temperature]]
2025-10-15 19:28:46.801,179.380,Calumet_WaterTempDrop_85,atomic,[Calumet_WaterTempDrop_85],[1.0000],1,1,1.0000,[[CalumetBeach201509192400_Water_Temperature]]
2025-10-15 19:28:46.862,179.441,Calumet_WaterTempDrop_85,atomic,[Calumet_WaterTempDrop_85],[1.0000],1,1,1.0000,[[CalumetBeach201509190100_Water_Temperature]]
2025-10-15 19:28:46.912,179.491,Calumet_WaterTempDrop_85,atomic,[Calumet_WaterTempDrop_85],[1.0000],1,1,1.0000,[[CalumetBeach201509190200_Water_Temperature]]
2025-10-15 19:28:46.973,179.552,Calumet_WaterTempDrop_85,atomic,[Calumet_WaterTempDrop_85],[0.9685],1,1,0.9685,[[CalumetBeach201509190300_Water_Temperature]]
2025-10-15 19:28:47.036,179.615,Calumet_WaterTempDrop_85,atomic,[Calumet_WaterTempDrop_85],[0.9646],1,1,0.9646,[[CalumetBeach201509190400_Water_Temperature]]
2025-10-15 19:28:47.096,179.675,Calumet_WaterTempDrop_85,atomic,[Calumet_WaterTempDrop_85],[0.9602],1,1,0.9602,[[CalumetBeach201509190500_Water_Temperature]]
2025-10-15 19:28:47.160,179.739,Calumet_WaterTempDrop_85,atomic,[Calumet_WaterTempDrop_85],[0.9553],1,1,0.9553,[[CalumetBeach201509190600_Water_Temperature]]
2025-10-15 19:28:47.222,179.801,Calumet_WaterTempDrop_85,atomic,[Calumet_WaterTempDrop_85],[1.0000],1,1,1.0000,[[CalumetBeach201509190700_Water_Temperature]]
2025-10-15 19:28:47.285,179.864,Calumet_WaterTempDrop_85,atomic,[Calumet_WaterTempDrop_85],[1.0000],1,1,1.0000,[[CalumetBeach201509190800_Water_Temperature]]
2025-10-15 19:28:47.345,179.924,Calumet_WaterTempDrop_85,atomic,[Calumet_WaterTempDrop_85],[1.0000],1,1,1.0000,[[CalumetBeach201509190900_Water_Temperature]]
2025-10-15 19:28:47.408,179.987,Calumet_WaterTempDrop_85,atomic,[Calumet_WaterTempDrop_85],[1.0000],1,1,1.0000,[[CalumetBeach201509191000_Water_Temperature]]
2025-10-15 19:28:47.470,180.049,Calumet_WaterTempDrop_85,atomic,[Calumet_WaterTempDrop_85],[0.9641],1,1,0.9641,[[CalumetBeach201509191100_Water_Temperature]]
2025-10-15 19:28:47.534,180.113,Calumet_WaterTempDrop_85,atomic,[Calumet_WaterTempDrop_85],[1.0000],1,1,1.0000,[[CalumetBeach201509191200_Water_Temperature]]
2025-10-15 19:28:47.593,180.172,Calumet_WaterTempDrop_85,atomic,[Calumet_WaterTempDrop_85],[0.9625],1,1,0.9625,[[CalumetBeach201509191300_Water_Temperature]]
2025-10-15 19:28:47.658,180.237,Calumet_WaterTempDrop_85,atomic,[Calumet_WaterTempDrop_85],[1.0000],1,1,1.0000,[[CalumetBeach201509191400_Water_Temperature]]
2025-10-15 19:28:47.718,180.297,Calumet_WaterTempDrop_85,atomic,[Calumet_WaterTempDrop_85],[1.0000],1,1,1.0000,[[CalumetBeach201509191500_Water_Temperature]]
2025-10-15 19:28:47.784,180.363,Calumet_WaterTempDrop_85,atomic,[Calumet_WaterTempDrop_85],[1.0000],1,1,1.0000,[[CalumetBeach201509191600_Water_Temperature]]
2025-10-15 19:28:47.840,180.419,Calumet_WaterTempDrop_85,atomic,[Calumet_WaterTempDrop_85],[0.9656],1,1,0.9656,[[CalumetBeach201509191700_Water_Temperature]]
2025-10-15 19:28:47.906,180.485,Calumet_WaterTempDrop_85,atomic,[Calumet_WaterTempDrop_85],[0.9615],1,1,0.9615,[[CalumetBeach201509191800_Water_Temperature]]
2025-10-15 19:28:47.971,180.550,Calumet_WaterTempDrop_85,atomic,[Calumet_WaterTempDrop_85],[1.0000],1,1,1.0000,[[CalumetBeach201509192200_Water_Temperature]]
2025-10-15 19:28:48.034,180.613,Calumet_WaterTempDrop_85,atomic,[Calumet_WaterTempDrop_85],[1.0000],1,1,1.0000,[[CalumetBeach201509192300_Water_Temperature]]
2025-10-15 19:28:48.092,180.671,Calumet_WaterTempDrop_85,atomic,[Calumet_WaterTempDrop_85],[1.0000],1,1,1.0000,[[CalumetBeach201509202400_Water_Temperature]]
2025-10-15 19:28:48.155,180.734,Calumet_WaterTempDrop_85,atomic,[Calumet_WaterTempDrop_85],[0.9651],1,1,0.9651,[[CalumetBeach201509200200_Water_Temperature]]
2025-10-15 19:28:48.216,180.795,Calumet_WaterTempDrop_85,atomic,[Calumet_WaterTempDrop_85],[1.0000],1,1,1.0000,[[CalumetBeach201509200300_Water_Temperature]]
2025-10-15 19:28:48.281,180.860,Calumet_WaterTempDrop_85,atomic,[Calumet_WaterTempDrop_85],[1.0000],1,1,1.0000,[[CalumetBeach201509200400_Water_Temperature]]
2025-10-15 19:28:48.341,180.920,Calumet_WaterTempDrop_85,atomic,[Calumet_WaterTempDrop_85],[1.0000],1,1,1.0000,[[CalumetBeach201509200500_Water_Temperature]]
2025-10-15 19:28:48.406,180.985,Calumet_WaterTempDrop_85,atomic,[Calumet_WaterTempDrop_85],[1.0000],1,1,1.0000,[[CalumetBeach201509200600_Water_Temperature]]
2025-10-15 19:28:48.466,181.045,Calumet_WaterTempDrop_85,atomic,[Calumet_WaterTempDrop_85],[1.0000],1,1,1.0000,[[CalumetBeach201509200700_Water_Temperature]]
2025-10-15 19:28:48.529,181.108,Calumet_WaterTempDrop_85,atomic,[Calumet_WaterTempDrop_85],[1.0000],1,1,1.0000,[[CalumetBeach201509200800_Water_Temperature]]
2025-10-15 19:28:48.592,181.171,Calumet_WaterTempDrop_85,atomic,[Calumet_WaterTempDrop_85],[1.0000],1,1,1.0000,[[CalumetBeach201509200900_Water_Temperature]]
2025-10-15 19:28:48.654,181.233,Calumet_WaterTempDrop_85,atomic,[Calumet_WaterTempDrop_85],[0.9707],1,1,0.9707,[[CalumetBeach201509201000_Water_Temperature]]
2025-10-15 19:28:48.717,181.296,Calumet_WaterTempDrop_85,atomic,[Calumet_WaterTempDrop_85],[1.0000],1,1,1.0000,[[CalumetBeach201509201100_Water_Temperature]]
2025-10-15 19:28:48.781,181.360,Calumet_WaterTempDrop_85,atomic,[Calumet_WaterTempDrop_85],[0.9682],1,1,0.9682,[[CalumetBeach201509201200_Water_Temperature]]
2025-10-15 19:28:48.842,181.421,Calumet_WaterTempDrop_85,atomic,[Calumet_WaterTempDrop_85],[0.9643],1,1,0.9643,[[CalumetBeach201509201300_Water_Temperature]]
2025-10-15 19:28:48.905,181.484,Calumet_WaterTempDrop_85,atomic,[Calumet_WaterTempDrop_85],[0.9599],1,1,0.9599,[[CalumetBeach201509201400_Water_Temperature]]
2025-10-15 19:28:48.968,181.547,Calumet_WaterTempDrop_85,atomic,[Calumet_WaterTempDrop_85],[1.0000],1,1,1.0000,[[CalumetBeach201509201500_Water_Temperature]]
2025-10-15 19:28:49.028,181.607,Calumet_WaterTempDrop_85,atomic,[Calumet_WaterTempDrop_85],[0.9588],1,1,0.9588,[[CalumetBeach201509201600_Water_Temperature]]
2025-10-15 19:28:49.106,181.685,Calumet_WaterTempDrop_85,atomic,[Calumet_WaterTempDrop_85],[1.0000],1,1,1.0000,[[CalumetBeach201509201700_Water_Temperature]]
2025-10-15 19:28:49.154,181.733,Calumet_WaterTempDrop_85,atomic,[Calumet_WaterTempDrop_85],[1.0000],1,1,1.0000,[[CalumetBeach201509201800_Water_Temperature]]
2025-10-15 19:28:49.216,181.795,Calumet_WaterTempDrop_85,atomic,[Calumet_WaterTempDrop_85],[1.0000],1,1,1.0000,[[CalumetBeach201509201900_Water_Temperature]]
2025-10-15 19:28:49.277,181.856,Calumet_WaterTempDrop_85,atomic,[Calumet_WaterTempDrop_85],[0.9636],1,1,0.9636,[[CalumetBeach201509202000_Water_Temperature]]
2025-10-15 19:28:49.339,181.918,Calumet_WaterTempDrop_85,atomic,[Calumet_WaterTempDrop_85],[1.0000],1,1,1.0000,[[CalumetBeach201509202100_Water_Temperature]]
2025-10-15 19:28:49.402,181.981,Calumet_WaterTempDrop_85,atomic,[Calumet_WaterTempDrop_85],[0.9621],1,1,0.9621,[[CalumetBeach201509202200_Water_Temperature]]
2025-10-15 19:28:49.464,182.043,Calumet_WaterTempDrop_85,atomic,[Calumet_WaterTempDrop_85],[1.0000],1,1,1.0000,[[CalumetBeach201509202300_Water_Temperature]]
2025-10-15 19:28:49.526,182.105,Calumet_WaterTempDrop_85,atomic,[Calumet_WaterTempDrop_85],[1.0000],1,1,1.0000,[[CalumetBeach201509212400_Water_Temperature]]
2025-10-15 19:28:49.588,182.167,Calumet_WaterTempDrop_85,atomic,[Calumet_WaterTempDrop_85],[1.0000],1,1,1.0000,[[CalumetBeach201509210100_Water_Temperature]]
2025-10-15 19:28:49.652,182.231,Calumet_WaterTempDrop_85,atomic,[Calumet_WaterTempDrop_85],[1.0000],1,1,1.0000,[[CalumetBeach201509210200_Water_Temperature]]
2025-10-15 19:28:49.715,182.294,Calumet_WaterTempDrop_85,atomic,[Calumet_WaterTempDrop_85],[1.0000],1,1,1.0000,[[CalumetBeach201509210300_Water_Temperature]]
2025-10-15 19:28:49.779,182.358,Calumet_WaterTempDrop_85,atomic,[Calumet_WaterTempDrop_85],[1.0000],1,1,1.0000,[[CalumetBeach201509210400_Water_Temperature]]
2025-10-15 19:28:49.841,182.420,Calumet_WaterTempDrop_85,atomic,[Calumet_WaterTempDrop_85],[1.0000],1,1,1.0000,[[CalumetBeach201509210500_Water_Temperature]]
2025-10-15 19:28:49.907,182.486,Calumet_WaterTempDrop_85,atomic,[Calumet_WaterTempDrop_85],[1.0000],1,1,1.0000,[[CalumetBeach201509210600_Water_Temperature]]
2025-10-15 19:28:49.966,182.545,Calumet_WaterTempDrop_85,atomic,[Calumet_WaterTempDrop_85],[1.0000],1,1,1.0000,[[CalumetBeach201509210700_Water_Temperature]]
2025-10-15 19:28:50.026,182.605,Calumet_WaterTempDrop_85,atomic,[Calumet_WaterTempDrop_85],[0.9712],1,1,0.9712,[[CalumetBeach201509210800_Water_Temperature]]
2025-10-15 19:28:50.091,182.670,Calumet_WaterTempDrop_85,atomic,[Calumet_WaterTempDrop_85],[1.0000],1,1,1.0000,[[CalumetBeach201509210900_Water_Temperature]]
2025-10-15 19:28:50.164,182.743,Calumet_WaterTempDrop_85,atomic,[Calumet_WaterTempDrop_85],[1.0000],1,1,1.0000,[[CalumetBeach201509211000_Water_Temperature]]
2025-10-15 19:28:50.213,182.792,Calumet_WaterTempDrop_85,atomic,[Calumet_WaterTempDrop_85],[1.0000],1,1,1.0000,[[CalumetBeach201509211100_Water_Temperature]]
2025-10-15 19:28:50.276,182.855,Calumet_WaterTempDrop_85,atomic,[Calumet_WaterTempDrop_85],[0.9702],1,1,0.9702,[[CalumetBeach201509211200_Water_Temperature]]
2025-10-15 19:28:50.339,182.918,Calumet_WaterTempDrop_85,atomic,[Calumet_WaterTempDrop_85],[1.0000],1,1,1.0000,[[CalumetBeach201509211300_Water_Temperature]]
2025-10-15 19:28:50.405,182.984,Calumet_WaterTempDrop_85,atomic,[Calumet_WaterTempDrop_85],[1.0000],1,1,1.0000,[[CalumetBeach201509211400_Water_Temperature]]
2025-10-15 19:28:50.461,183.040,Calumet_WaterTempDrop_85,atomic,[Calumet_WaterTempDrop_85],[0.9686],1,1,0.9686,[[CalumetBeach201509211500_Water_Temperature]]
2025-10-15 19:28:50.525,183.104,Calumet_WaterTempDrop_85,atomic,[Calumet_WaterTempDrop_85],[1.0000],1,1,1.0000,[[CalumetBeach201509211600_Water_Temperature]]
2025-10-15 19:28:50.587,183.166,Calumet_WaterTempDrop_85,atomic,[Calumet_WaterTempDrop_85],[0.9662],1,1,0.9662,[[CalumetBeach201509211700_Water_Temperature]]
2025-10-15 19:28:50.651,183.230,Calumet_WaterTempDrop_85,atomic,[Calumet_WaterTempDrop_85],[1.0000],1,1,1.0000,[[CalumetBeach201509211800_Water_Temperature]]
2025-10-15 19:28:50.714,183.293,Calumet_WaterTempDrop_85,atomic,[Calumet_WaterTempDrop_85],[1.0000],1,1,1.0000,[[CalumetBeach201509211900_Water_Temperature]]
2025-10-15 19:28:50.776,183.355,Calumet_WaterTempDrop_85,atomic,[Calumet_WaterTempDrop_85],[1.0000],1,1,1.0000,[[CalumetBeach201509212000_Water_Temperature]]
2025-10-15 19:28:50.838,183.417,Calumet_WaterTempDrop_85,atomic,[Calumet_WaterTempDrop_85],[1.0000],1,1,1.0000,[[CalumetBeach201509212100_Water_Temperature]]
2025-10-15 19:28:50.904,183.483,Calumet_WaterTempDrop_85,atomic,[Calumet_WaterTempDrop_85],[1.0000],1,1,1.0000,[[CalumetBeach201509212200_Water_Temperature]]
2025-10-15 19:28:50.963,183.542,Calumet_WaterTempDrop_85,atomic,[Calumet_WaterTempDrop_85],[1.0000],1,1,1.0000,[[CalumetBeach201509212300_Water_Temperature]]
2025-10-15 19:28:51.027,183.606,Calumet_WaterTempDrop_85,atomic,[Calumet_WaterTempDrop_85],[0.9699],1,1,0.9699,[[CalumetBeach201509222400_Water_Temperature]]
2025-10-15 19:28:51.086,183.665,Calumet_WaterTempDrop_85,atomic,[Calumet_WaterTempDrop_85],[0.9661],1,1,0.9661,[[CalumetBeach201509220100_Water_Temperature]]
2025-10-15 19:28:51.151,183.730,Calumet_WaterTempDrop_85,atomic,[Calumet_WaterTempDrop_85],[1.0000],1,1,1.0000,[[CalumetBeach201509220200_Water_Temperature]]
2025-10-15 19:28:51.215,183.794,Calumet_WaterTempDrop_85,atomic,[Calumet_WaterTempDrop_85],[1.0000],1,1,1.0000,[[CalumetBeach201509220300_Water_Temperature]]
2025-10-15 19:28:51.293,183.872,Calumet_WaterTempDrop_85,atomic,[Calumet_WaterTempDrop_85],[1.0000],1,1,1.0000,[[CalumetBeach201509220400_Water_Temperature]]
2025-10-15 19:28:51.341,183.920,Calumet_WaterTempDrop_85,atomic,[Calumet_WaterTempDrop_85],[1.0000],1,1,1.0000,[[CalumetBeach201509220500_Water_Temperature]]
2025-10-15 19:28:51.403,183.982,Calumet_WaterTempDrop_85,atomic,[Calumet_WaterTempDrop_85],[1.0000],1,1,1.0000,[[CalumetBeach201509220600_Water_Temperature]]
2025-10-15 19:28:51.465,184.044,Calumet_WaterTempDrop_85,atomic,[Calumet_WaterTempDrop_85],[1.0000],1,1,1.0000,[[CalumetBeach201509220700_Water_Temperature]]
2025-10-15 19:28:51.540,184.119,Calumet_WaterTempDrop_85,atomic,[Calumet_WaterTempDrop_85],[1.0000],1,1,1.0000,[[CalumetBeach201509220800_Water_Temperature]]
2025-10-15 19:28:51.589,184.168,Calumet_WaterTempDrop_85,atomic,[Calumet_WaterTempDrop_85],[1.0000],1,1,1.0000,[[CalumetBeach201509220900_Water_Temperature]]
2025-10-15 19:28:51.662,184.241,Calumet_WaterTempDrop_85,atomic,[Calumet_WaterTempDrop_85],[1.0000],1,1,1.0000,[[CalumetBeach201509221000_Water_Temperature]]
2025-10-15 19:28:51.709,184.288,Calumet_WaterTempDrop_85,atomic,[Calumet_WaterTempDrop_85],[1.0000],1,1,1.0000,[[CalumetBeach201509221100_Water_Temperature]]
2025-10-15 19:28:51.784,184.363,Calumet_WaterTempDrop_85,atomic,[Calumet_WaterTempDrop_85],[1.0000],1,1,1.0000,[[CalumetBeach201509221200_Water_Temperature]]
2025-10-15 19:28:51.832,184.411,Calumet_WaterTempDrop_85,atomic,[Calumet_WaterTempDrop_85],[1.0000],1,1,1.0000,[[CalumetBeach201509221300_Water_Temperature]]
2025-10-15 19:28:51.908,184.487,Calumet_WaterTempDrop_85,atomic,[Calumet_WaterTempDrop_85],[1.0000],1,1,1.0000,[[CalumetBeach201509221400_Water_Temperature]]
2025-10-15 19:28:51.953,184.532,Calumet_WaterTempDrop_85,atomic,[Calumet_WaterTempDrop_85],[0.9726],1,1,0.9726,[[CalumetBeach201509221500_Water_Temperature]]
2025-10-15 19:28:52.030,184.609,Calumet_WaterTempDrop_85,atomic,[Calumet_WaterTempDrop_85],[1.0000],1,1,1.0000,[[CalumetBeach201509221600_Water_Temperature]]
2025-10-15 19:28:52.078,184.657,Calumet_WaterTempDrop_85,atomic,[Calumet_WaterTempDrop_85],[0.9698],1,1,0.9698,[[CalumetBeach201509221700_Water_Temperature]]
2025-10-15 19:28:52.156,184.735,Calumet_WaterTempDrop_85,atomic,[Calumet_WaterTempDrop_85],[1.0000],1,1,1.0000,[[CalumetBeach201509221800_Water_Temperature]]
2025-10-15 19:28:52.204,184.783,Calumet_WaterTempDrop_85,atomic,[Calumet_WaterTempDrop_85],[0.9671],1,1,0.9671,[[CalumetBeach201509221900_Water_Temperature]]
2025-10-15 19:28:52.264,184.843,Calumet_WaterTempDrop_85,atomic,[Calumet_WaterTempDrop_85],[0.9630],1,1,0.9630,[[CalumetBeach201509222000_Water_Temperature]]
2025-10-15 19:28:52.328,184.907,Calumet_WaterTempDrop_85,atomic,[Calumet_WaterTempDrop_85],[0.9584],1,1,0.9584,[[CalumetBeach201509222100_Water_Temperature]]
2025-10-15 19:28:52.390,184.969,Calumet_WaterTempDrop_85,atomic,[Calumet_WaterTempDrop_85],[0.9533],1,1,0.9533,[[CalumetBeach201509222200_Water_Temperature]]
2025-10-15 19:28:52.468,185.047,Calumet_WaterTempDrop_85,atomic,[Calumet_WaterTempDrop_85],[1.0000],1,1,1.0000,[[CalumetBeach201509222300_Water_Temperature]]
2025-10-15 19:28:52.518,185.097,Calumet_WaterTempDrop_85,atomic,[Calumet_WaterTempDrop_85],[1.0000],1,1,1.0000,[[CalumetBeach201509232400_Water_Temperature]]
2025-10-15 19:28:52.577,185.156,Calumet_WaterTempDrop_85,atomic,[Calumet_WaterTempDrop_85],[0.9579],1,1,0.9579,[[CalumetBeach201509230100_Water_Temperature]]
2025-10-15 19:28:52.644,185.223,Calumet_WaterTempDrop_85,atomic,[Calumet_WaterTempDrop_85],[1.0000],1,1,1.0000,[[CalumetBeach201509230200_Water_Temperature]]
2025-10-15 19:28:52.719,185.298,Calumet_WaterTempDrop_85,atomic,[Calumet_WaterTempDrop_85],[1.0000],1,1,1.0000,[[CalumetBeach201509230300_Water_Temperature]]
2025-10-15 19:28:52.766,185.345,Calumet_WaterTempDrop_85,atomic,[Calumet_WaterTempDrop_85],[0.9608],1,1,0.9608,[[CalumetBeach201509230400_Water_Temperature]]
2025-10-15 19:28:52.829,185.408,Calumet_WaterTempDrop_85,atomic,[Calumet_WaterTempDrop_85],[1.0000],1,1,1.0000,[[CalumetBeach201509230500_Water_Temperature]]
2025-10-15 19:28:52.891,185.470,Calumet_WaterTempDrop_85,atomic,[Calumet_WaterTempDrop_85],[1.0000],1,1,1.0000,[[CalumetBeach201509230600_Water_Temperature]]
2025-10-15 19:28:52.952,185.531,Calumet_WaterTempDrop_85,atomic,[Calumet_WaterTempDrop_85],[0.9627],1,1,0.9627,[[CalumetBeach201509230700_Water_Temperature]]
2025-10-15 19:28:53.030,185.609,Calumet_WaterTempDrop_85,atomic,[Calumet_WaterTempDrop_85],[1.0000],1,1,1.0000,[[CalumetBeach201509230800_Water_Temperature]]
2025-10-15 19:28:53.076,185.655,Calumet_WaterTempDrop_85,atomic,[Calumet_WaterTempDrop_85],[0.9615],1,1,0.9615,[[CalumetBeach201509230900_Water_Temperature]]
2025-10-15 19:28:53.139,185.718,Calumet_WaterTempDrop_85,atomic,[Calumet_WaterTempDrop_85],[0.9571],1,1,0.9571,[[CalumetBeach201509231000_Water_Temperature]]
2025-10-15 19:28:53.200,185.779,Calumet_WaterTempDrop_85,atomic,[Calumet_WaterTempDrop_85],[0.9522],1,1,0.9522,[[CalumetBeach201509231100_Water_Temperature]]
2025-10-15 19:28:53.265,185.844,Calumet_WaterTempDrop_85,atomic,[Calumet_WaterTempDrop_85],[0.9469],1,1,0.9469,[[CalumetBeach201509231200_Water_Temperature]]
2025-10-15 19:28:53.339,185.918,Calumet_WaterTempDrop_85,atomic,[Calumet_WaterTempDrop_85],[1.0000],1,1,1.0000,[[CalumetBeach201509231300_Water_Temperature]]
2025-10-15 19:28:53.389,185.968,Calumet_WaterTempDrop_85,atomic,[Calumet_WaterTempDrop_85],[0.9494],1,1,0.9494,[[CalumetBeach201509231400_Water_Temperature]]
2025-10-15 19:28:53.451,186.030,Calumet_WaterTempDrop_85,atomic,[Calumet_WaterTempDrop_85],[0.9439],1,1,0.9439,[[CalumetBeach201509231500_Water_Temperature]]
2025-10-15 19:28:53.528,186.107,Calumet_WaterTempDrop_85,atomic,[Calumet_WaterTempDrop_85],[1.0000],1,1,1.0000,[[CalumetBeach201509231600_Water_Temperature]]
2025-10-15 19:28:53.576,186.155,Calumet_WaterTempDrop_85,atomic,[Calumet_WaterTempDrop_85],[0.9474],1,1,0.9474,[[CalumetBeach201509231700_Water_Temperature]]
2025-10-15 19:28:53.652,186.231,Calumet_WaterTempDrop_85,atomic,[Calumet_WaterTempDrop_85],[1.0000],1,1,1.0000,[[CalumetBeach201509231800_Water_Temperature]]
2025-10-15 19:28:53.699,186.278,Calumet_WaterTempDrop_85,atomic,[Calumet_WaterTempDrop_85],[1.0000],1,1,1.0000,[[CalumetBeach201509231900_Water_Temperature]]
2025-10-15 19:28:53.761,186.340,Calumet_WaterTempDrop_85,atomic,[Calumet_WaterTempDrop_85],[0.9557],1,1,0.9557,[[CalumetBeach201509232000_Water_Temperature]]
2025-10-15 19:28:53.824,186.403,Calumet_WaterTempDrop_85,atomic,[Calumet_WaterTempDrop_85],[0.9509],1,1,0.9509,[[CalumetBeach201509232100_Water_Temperature]]
2025-10-15 19:28:53.883,186.462,Calumet_WaterTempDrop_85,atomic,[Calumet_WaterTempDrop_85],[0.9457],1,1,0.9457,[[CalumetBeach201509232200_Water_Temperature]]
2025-10-15 19:28:53.947,186.526,Calumet_WaterTempDrop_85,atomic,[Calumet_WaterTempDrop_85],[0.9400],1,1,0.9400,[[CalumetBeach201509232300_Water_Temperature]]
2025-10-15 19:28:54.011,186.590,Calumet_WaterTempDrop_85,atomic,[Calumet_WaterTempDrop_85],[1.0000],1,1,1.0000,[[CalumetBeach201509242400_Water_Temperature]]
2025-10-15 19:28:54.074,186.653,Calumet_WaterTempDrop_85,atomic,[Calumet_WaterTempDrop_85],[1.0000],1,1,1.0000,[[CalumetBeach201509240100_Water_Temperature]]
2025-10-15 19:28:54.135,186.714,Calumet_WaterTempDrop_85,atomic,[Calumet_WaterTempDrop_85],[1.0000],1,1,1.0000,[[CalumetBeach201509240200_Water_Temperature]]
2025-10-15 19:28:54.196,186.775,Calumet_WaterTempDrop_85,atomic,[Calumet_WaterTempDrop_85],[0.9573],1,1,0.9573,[[CalumetBeach201509240300_Water_Temperature]]
2025-10-15 19:28:54.260,186.839,Calumet_WaterTempDrop_85,atomic,[Calumet_WaterTempDrop_85],[1.0000],1,1,1.0000,[[CalumetBeach201509240400_Water_Temperature]]
2025-10-15 19:28:54.318,186.897,Calumet_WaterTempDrop_85,atomic,[Calumet_WaterTempDrop_85],[0.9576],1,1,0.9576,[[CalumetBeach201509240500_Water_Temperature]]
2025-10-15 19:28:54.380,186.959,Calumet_WaterTempDrop_85,atomic,[Calumet_WaterTempDrop_85],[0.9531],1,1,0.9531,[[CalumetBeach201509240600_Water_Temperature]]
2025-10-15 19:28:54.441,187.020,Calumet_WaterTempDrop_85,atomic,[Calumet_WaterTempDrop_85],[0.9480],1,1,0.9480,[[CalumetBeach201509240700_Water_Temperature]]
2025-10-15 19:28:54.506,187.085,Calumet_WaterTempDrop_85,atomic,[Calumet_WaterTempDrop_85],[1.0000],1,1,1.0000,[[CalumetBeach201509240900_Water_Temperature]]
2025-10-15 19:28:54.566,187.145,Calumet_WaterTempDrop_85,atomic,[Calumet_WaterTempDrop_85],[1.0000],1,1,1.0000,[[CalumetBeach201509241000_Water_Temperature]]
2025-10-15 19:28:54.629,187.208,Calumet_WaterTempDrop_85,atomic,[Calumet_WaterTempDrop_85],[1.0000],1,1,1.0000,[[CalumetBeach201509241100_Water_Temperature]]
2025-10-15 19:28:54.693,187.272,Calumet_WaterTempDrop_85,atomic,[Calumet_WaterTempDrop_85],[1.0000],1,1,1.0000,[[CalumetBeach201509241200_Water_Temperature]]
2025-10-15 19:28:54.765,187.344,Calumet_WaterTempDrop_85,atomic,[Calumet_WaterTempDrop_85],[1.0000],1,1,1.0000,[[CalumetBeach201509241300_Water_Temperature]]
2025-10-15 19:28:54.826,187.405,Calumet_WaterTempDrop_85,atomic,[Calumet_WaterTempDrop_85],[1.0000],1,1,1.0000,[[CalumetBeach201509241400_Water_Temperature]]
2025-10-15 19:28:54.875,187.454,Calumet_WaterTempDrop_85,atomic,[Calumet_WaterTempDrop_85],[1.0000],1,1,1.0000,[[CalumetBeach201509241500_Water_Temperature]]
2025-10-15 19:28:54.951,187.530,Calumet_WaterTempDrop_85,atomic,[Calumet_WaterTempDrop_85],[1.0000],1,1,1.0000,[[CalumetBeach201509241600_Water_Temperature]]
2025-10-15 19:28:54.999,187.578,Calumet_WaterTempDrop_85,atomic,[Calumet_WaterTempDrop_85],[0.9693],1,1,0.9693,[[CalumetBeach201509241700_Water_Temperature]]
2025-10-15 19:28:55.063,187.642,Calumet_WaterTempDrop_85,atomic,[Calumet_WaterTempDrop_85],[1.0000],1,1,1.0000,[[CalumetBeach201509241800_Water_Temperature]]
2025-10-15 19:28:55.125,187.704,Calumet_WaterTempDrop_85,atomic,[Calumet_WaterTempDrop_85],[0.9671],1,1,0.9671,[[CalumetBeach201509241900_Water_Temperature]]
2025-10-15 19:28:55.187,187.766,Calumet_WaterTempDrop_85,atomic,[Calumet_WaterTempDrop_85],[0.9631],1,1,0.9631,[[CalumetBeach201509242000_Water_Temperature]]
2025-10-15 19:28:55.250,187.829,Calumet_WaterTempDrop_85,atomic,[Calumet_WaterTempDrop_85],[1.0000],1,1,1.0000,[[CalumetBeach201509242100_Water_Temperature]]
2025-10-15 19:28:55.310,187.889,Calumet_WaterTempDrop_85,atomic,[Calumet_WaterTempDrop_85],[1.0000],1,1,1.0000,[[CalumetBeach201509242200_Water_Temperature]]
2025-10-15 19:28:55.372,187.951,Calumet_WaterTempDrop_85,atomic,[Calumet_WaterTempDrop_85],[1.0000],1,1,1.0000,[[CalumetBeach201509242300_Water_Temperature]]
2025-10-15 19:28:55.432,188.011,Calumet_WaterTempDrop_85,atomic,[Calumet_WaterTempDrop_85],[1.0000],1,1,1.0000,[[CalumetBeach201509252400_Water_Temperature]]
2025-10-15 19:28:55.495,188.074,Calumet_WaterTempDrop_85,atomic,[Calumet_WaterTempDrop_85],[1.0000],1,1,1.0000,[[CalumetBeach201509250100_Water_Temperature]]
2025-10-15 19:28:55.556,188.135,Calumet_WaterTempDrop_85,atomic,[Calumet_WaterTempDrop_85],[1.0000],1,1,1.0000,[[CalumetBeach201509250200_Water_Temperature]]
2025-10-15 19:28:55.618,188.197,Calumet_WaterTempDrop_85,atomic,[Calumet_WaterTempDrop_85],[1.0000],1,1,1.0000,[[CalumetBeach201509250300_Water_Temperature]]
2025-10-15 19:28:55.677,188.256,Calumet_WaterTempDrop_85,atomic,[Calumet_WaterTempDrop_85],[0.9698],1,1,0.9698,[[CalumetBeach201509250400_Water_Temperature]]
2025-10-15 19:28:55.743,188.322,Calumet_WaterTempDrop_85,atomic,[Calumet_WaterTempDrop_85],[1.0000],1,1,1.0000,[[CalumetBeach201509250500_Water_Temperature]]
2025-10-15 19:28:55.805,188.384,Calumet_WaterTempDrop_85,atomic,[Calumet_WaterTempDrop_85],[1.0000],1,1,1.0000,[[CalumetBeach201509250600_Water_Temperature]]
2025-10-15 19:28:55.867,188.446,Calumet_WaterTempDrop_85,atomic,[Calumet_WaterTempDrop_85],[0.9682],1,1,0.9682,[[CalumetBeach201509250700_Water_Temperature]]
2025-10-15 19:28:55.928,188.507,Calumet_WaterTempDrop_85,atomic,[Calumet_WaterTempDrop_85],[1.0000],1,1,1.0000,[[CalumetBeach201509250800_Water_Temperature]]
2025-10-15 19:28:55.990,188.569,Calumet_WaterTempDrop_85,atomic,[Calumet_WaterTempDrop_85],[1.0000],1,1,1.0000,[[CalumetBeach201509250900_Water_Temperature]]
2025-10-15 19:28:56.051,188.630,Calumet_WaterTempDrop_85,atomic,[Calumet_WaterTempDrop_85],[1.0000],1,1,1.0000,[[CalumetBeach201509251000_Water_Temperature]]
2025-10-15 19:28:56.113,188.692,Calumet_WaterTempDrop_85,atomic,[Calumet_WaterTempDrop_85],[1.0000],1,1,1.0000,[[CalumetBeach201509251100_Water_Temperature]]
2025-10-15 19:28:56.172,188.751,Calumet_WaterTempDrop_85,atomic,[Calumet_WaterTempDrop_85],[0.9690],1,1,0.9690,[[CalumetBeach201509251200_Water_Temperature]]
2025-10-15 19:28:56.236,188.815,Calumet_WaterTempDrop_85,atomic,[Calumet_WaterTempDrop_85],[1.0000],1,1,1.0000,[[CalumetBeach201509251300_Water_Temperature]]
2025-10-15 19:28:56.297,188.876,Calumet_WaterTempDrop_85,atomic,[Calumet_WaterTempDrop_85],[1.0000],1,1,1.0000,[[CalumetBeach201509251400_Water_Temperature]]
2025-10-15 19:28:56.358,188.937,Calumet_WaterTempDrop_85,atomic,[Calumet_WaterTempDrop_85],[1.0000],1,1,1.0000,[[CalumetBeach201509251500_Water_Temperature]]
2025-10-15 19:28:56.421,189.000,Calumet_WaterTempDrop_85,atomic,[Calumet_WaterTempDrop_85],[1.0000],1,1,1.0000,[[CalumetBeach201509251600_Water_Temperature]]
2025-10-15 19:28:56.483,189.062,Calumet_WaterTempDrop_85,atomic,[Calumet_WaterTempDrop_85],[1.0000],1,1,1.0000,[[CalumetBeach201509251700_Water_Temperature]]
2025-10-15 19:28:56.544,189.123,Calumet_WaterTempDrop_85,atomic,[Calumet_WaterTempDrop_85],[1.0000],1,1,1.0000,[[CalumetBeach201509251800_Water_Temperature]]
2025-10-15 19:28:56.607,189.186,Calumet_WaterTempDrop_85,atomic,[Calumet_WaterTempDrop_85],[1.0000],1,1,1.0000,[[CalumetBeach201509251900_Water_Temperature]]
2025-10-15 19:28:56.668,189.247,Calumet_WaterTempDrop_85,atomic,[Calumet_WaterTempDrop_85],[1.0000],1,1,1.0000,[[CalumetBeach201509252000_Water_Temperature]]
2025-10-15 19:28:56.730,189.309,Calumet_WaterTempDrop_85,atomic,[Calumet_WaterTempDrop_85],[1.0000],1,1,1.0000,[[CalumetBeach201509252100_Water_Temperature]]
2025-10-15 19:28:56.791,189.370,Calumet_WaterTempDrop_85,atomic,[Calumet_WaterTempDrop_85],[0.9718],1,1,0.9718,[[CalumetBeach201509252200_Water_Temperature]]
2025-10-15 19:28:56.853,189.432,Calumet_WaterTempDrop_85,atomic,[Calumet_WaterTempDrop_85],[0.9681],1,1,0.9681,[[CalumetBeach201509252300_Water_Temperature]]
2025-10-15 19:28:56.916,189.495,Calumet_WaterTempDrop_85,atomic,[Calumet_WaterTempDrop_85],[1.0000],1,1,1.0000,[[CalumetBeach201509262400_Water_Temperature]]
2025-10-15 19:28:56.981,189.560,Calumet_WaterTempDrop_85,atomic,[Calumet_WaterTempDrop_85],[1.0000],1,1,1.0000,[[CalumetBeach201509260100_Water_Temperature]]
2025-10-15 19:28:57.040,189.619,Calumet_WaterTempDrop_85,atomic,[Calumet_WaterTempDrop_85],[1.0000],1,1,1.0000,[[CalumetBeach201509260200_Water_Temperature]]
2025-10-15 19:28:57.104,189.683,Calumet_WaterTempDrop_85,atomic,[Calumet_WaterTempDrop_85],[1.0000],1,1,1.0000,[[CalumetBeach201509260300_Water_Temperature]]
2025-10-15 19:28:57.165,189.744,Calumet_WaterTempDrop_85,atomic,[Calumet_WaterTempDrop_85],[1.0000],1,1,1.0000,[[CalumetBeach201509260400_Water_Temperature]]
2025-10-15 19:28:57.228,189.807,Calumet_WaterTempDrop_85,atomic,[Calumet_WaterTempDrop_85],[1.0000],1,1,1.0000,[[CalumetBeach201509260500_Water_Temperature]]
2025-10-15 19:28:57.291,189.870,Calumet_WaterTempDrop_85,atomic,[Calumet_WaterTempDrop_85],[1.0000],1,1,1.0000,[[CalumetBeach201509260600_Water_Temperature]]
2025-10-15 19:28:57.352,189.931,Calumet_WaterTempDrop_85,atomic,[Calumet_WaterTempDrop_85],[0.9708],1,1,0.9708,[[CalumetBeach201509260700_Water_Temperature]]
2025-10-15 19:28:57.415,189.994,Calumet_WaterTempDrop_85,atomic,[Calumet_WaterTempDrop_85],[0.9671],1,1,0.9671,[[CalumetBeach201509260800_Water_Temperature]]
2025-10-15 19:28:57.479,190.058,Calumet_WaterTempDrop_85,atomic,[Calumet_WaterTempDrop_85],[1.0000],1,1,1.0000,[[CalumetBeach201509260900_Water_Temperature]]
2025-10-15 19:28:57.540,190.119,Calumet_WaterTempDrop_85,atomic,[Calumet_WaterTempDrop_85],[1.0000],1,1,1.0000,[[CalumetBeach201509261000_Water_Temperature]]
2025-10-15 19:28:57.604,190.183,Calumet_WaterTempDrop_85,atomic,[Calumet_WaterTempDrop_85],[1.0000],1,1,1.0000,[[CalumetBeach201509261100_Water_Temperature]]
2025-10-15 19:28:57.665,190.244,Calumet_WaterTempDrop_85,atomic,[Calumet_WaterTempDrop_85],[1.0000],1,1,1.0000,[[CalumetBeach201509261200_Water_Temperature]]
2025-10-15 19:28:57.727,190.306,Calumet_WaterTempDrop_85,atomic,[Calumet_WaterTempDrop_85],[0.9686],1,1,0.9686,[[CalumetBeach201509261300_Water_Temperature]]
2025-10-15 19:28:57.789,190.368,Calumet_WaterTempDrop_85,atomic,[Calumet_WaterTempDrop_85],[1.0000],1,1,1.0000,[[CalumetBeach201509261400_Water_Temperature]]
2025-10-15 19:28:57.851,190.430,Calumet_WaterTempDrop_85,atomic,[Calumet_WaterTempDrop_85],[1.0000],1,1,1.0000,[[CalumetBeach201509261500_Water_Temperature]]
2025-10-15 19:28:57.913,190.492,Calumet_WaterTempDrop_85,atomic,[Calumet_WaterTempDrop_85],[1.0000],1,1,1.0000,[[CalumetBeach201509261600_Water_Temperature]]
2025-10-15 19:28:57.973,190.552,Calumet_WaterTempDrop_85,atomic,[Calumet_WaterTempDrop_85],[1.0000],1,1,1.0000,[[CalumetBeach201509261700_Water_Temperature]]
2025-10-15 19:28:58.035,190.614,Calumet_WaterTempDrop_85,atomic,[Calumet_WaterTempDrop_85],[0.9695],1,1,0.9695,[[CalumetBeach201509261800_Water_Temperature]]
2025-10-15 19:28:58.099,190.678,Calumet_WaterTempDrop_85,atomic,[Calumet_WaterTempDrop_85],[0.9657],1,1,0.9657,[[CalumetBeach201509261900_Water_Temperature]]
2025-10-15 19:28:58.161,190.740,Calumet_WaterTempDrop_85,atomic,[Calumet_WaterTempDrop_85],[1.0000],1,1,1.0000,[[CalumetBeach201509262000_Water_Temperature]]
2025-10-15 19:28:58.222,190.801,Calumet_WaterTempDrop_85,atomic,[Calumet_WaterTempDrop_85],[0.9637],1,1,0.9637,[[CalumetBeach201509262100_Water_Temperature]]
2025-10-15 19:28:58.284,190.863,Calumet_WaterTempDrop_85,atomic,[Calumet_WaterTempDrop_85],[1.0000],1,1,1.0000,[[CalumetBeach201509262200_Water_Temperature]]
2025-10-15 19:28:58.348,190.927,Calumet_WaterTempDrop_85,atomic,[Calumet_WaterTempDrop_85],[0.9621],1,1,0.9621,[[CalumetBeach201509262300_Water_Temperature]]
2025-10-15 19:28:58.410,190.989,Calumet_WaterTempDrop_85,atomic,[Calumet_WaterTempDrop_85],[0.9575],1,1,0.9575,[[CalumetBeach201509272400_Water_Temperature]]
2025-10-15 19:28:58.472,191.051,Calumet_WaterTempDrop_85,atomic,[Calumet_WaterTempDrop_85],[1.0000],1,1,1.0000,[[CalumetBeach201509270200_Water_Temperature]]
2025-10-15 19:28:58.534,191.113,Calumet_WaterTempDrop_85,atomic,[Calumet_WaterTempDrop_85],[0.9571],1,1,0.9571,[[CalumetBeach201509270300_Water_Temperature]]
2025-10-15 19:28:58.598,191.177,Calumet_WaterTempDrop_85,atomic,[Calumet_WaterTempDrop_85],[1.0000],1,1,1.0000,[[CalumetBeach201509270400_Water_Temperature]]
2025-10-15 19:28:58.658,191.237,Calumet_WaterTempDrop_85,atomic,[Calumet_WaterTempDrop_85],[0.9569],1,1,0.9569,[[CalumetBeach201509270500_Water_Temperature]]
2025-10-15 19:28:58.720,191.299,Calumet_WaterTempDrop_85,atomic,[Calumet_WaterTempDrop_85],[0.9519],1,1,0.9519,[[CalumetBeach201509270600_Water_Temperature]]
2025-10-15 19:28:58.782,191.361,Calumet_WaterTempDrop_85,atomic,[Calumet_WaterTempDrop_85],[1.0000],1,1,1.0000,[[CalumetBeach201509270700_Water_Temperature]]
2025-10-15 19:28:58.845,191.424,Calumet_WaterTempDrop_85,atomic,[Calumet_WaterTempDrop_85],[1.0000],1,1,1.0000,[[CalumetBeach201509270800_Water_Temperature]]
2025-10-15 19:28:58.904,191.483,Calumet_WaterTempDrop_85,atomic,[Calumet_WaterTempDrop_85],[0.9576],1,1,0.9576,[[CalumetBeach201509270900_Water_Temperature]]
2025-10-15 19:28:58.982,191.561,Calumet_WaterTempDrop_85,atomic,[Calumet_WaterTempDrop_85],[1.0000],1,1,1.0000,[[CalumetBeach201509271000_Water_Temperature]]
2025-10-15 19:28:59.046,191.625,Calumet_WaterTempDrop_85,atomic,[Calumet_WaterTempDrop_85],[1.0000],1,1,1.0000,[[CalumetBeach201509271100_Water_Temperature]]
2025-10-15 19:28:59.095,191.674,Calumet_WaterTempDrop_85,atomic,[Calumet_WaterTempDrop_85],[1.0000],1,1,1.0000,[[CalumetBeach201509271200_Water_Temperature]]
2025-10-15 19:28:59.158,191.737,Calumet_WaterTempDrop_85,atomic,[Calumet_WaterTempDrop_85],[1.0000],1,1,1.0000,[[CalumetBeach201509271300_Water_Temperature]]
2025-10-15 19:28:59.216,191.795,Calumet_WaterTempDrop_85,atomic,[Calumet_WaterTempDrop_85],[0.9657],1,1,0.9657,[[CalumetBeach201509271400_Water_Temperature]]
2025-10-15 19:28:59.278,191.857,Calumet_WaterTempDrop_85,atomic,[Calumet_WaterTempDrop_85],[0.9617],1,1,0.9617,[[CalumetBeach201509271500_Water_Temperature]]
2025-10-15 19:28:59.339,191.918,Calumet_WaterTempDrop_85,atomic,[Calumet_WaterTempDrop_85],[0.9573],1,1,0.9573,[[CalumetBeach201509271600_Water_Temperature]]
2025-10-15 19:28:59.418,191.997,Calumet_WaterTempDrop_85,atomic,[Calumet_WaterTempDrop_85],[1.0000],1,1,1.0000,[[CalumetBeach201509271700_Water_Temperature]]
2025-10-15 19:28:59.466,192.045,Calumet_WaterTempDrop_85,atomic,[Calumet_WaterTempDrop_85],[0.9572],1,1,0.9572,[[CalumetBeach201509271800_Water_Temperature]]
2025-10-15 19:28:59.527,192.106,Calumet_WaterTempDrop_85,atomic,[Calumet_WaterTempDrop_85],[1.0000],1,1,1.0000,[[CalumetBeach201509271900_Water_Temperature]]
2025-10-15 19:28:59.587,192.166,Calumet_WaterTempDrop_85,atomic,[Calumet_WaterTempDrop_85],[0.9572],1,1,0.9572,[[CalumetBeach201509272000_Water_Temperature]]
2025-10-15 19:28:59.650,192.229,Calumet_WaterTempDrop_85,atomic,[Calumet_WaterTempDrop_85],[1.0000],1,1,1.0000,[[CalumetBeach201509272100_Water_Temperature]]
2025-10-15 19:28:59.712,192.291,Calumet_WaterTempDrop_85,atomic,[Calumet_WaterTempDrop_85],[1.0000],1,1,1.0000,[[CalumetBeach201509272200_Water_Temperature]]
2025-10-15 19:28:59.774,192.353,Calumet_WaterTempDrop_85,atomic,[Calumet_WaterTempDrop_85],[1.0000],1,1,1.0000,[[CalumetBeach201509272300_Water_Temperature]]
2025-10-15 19:28:59.834,192.413,Calumet_WaterTempDrop_85,atomic,[Calumet_WaterTempDrop_85],[0.9634],1,1,0.9634,[[CalumetBeach201509282400_Water_Temperature]]
2025-10-15 19:28:59.912,192.491,Calumet_WaterTempDrop_85,atomic,[Calumet_WaterTempDrop_85],[1.0000],1,1,1.0000,[[CalumetBeach201509280100_Water_Temperature]]
2025-10-15 19:28:59.961,192.540,Calumet_WaterTempDrop_85,atomic,[Calumet_WaterTempDrop_85],[1.0000],1,1,1.0000,[[CalumetBeach201509280200_Water_Temperature]]
2025-10-15 19:29:00.021,192.600,Calumet_WaterTempDrop_85,atomic,[Calumet_WaterTempDrop_85],[0.9645],1,1,0.9645,[[CalumetBeach201509280300_Water_Temperature]]
2025-10-15 19:29:00.087,192.666,Calumet_WaterTempDrop_85,atomic,[Calumet_WaterTempDrop_85],[1.0000],1,1,1.0000,[[CalumetBeach201509280400_Water_Temperature]]
2025-10-15 19:29:00.146,192.725,Calumet_WaterTempDrop_85,atomic,[Calumet_WaterTempDrop_85],[0.9630],1,1,0.9630,[[CalumetBeach201509280500_Water_Temperature]]
2025-10-15 19:29:00.208,192.787,Calumet_WaterTempDrop_85,atomic,[Calumet_WaterTempDrop_85],[1.0000],1,1,1.0000,[[CalumetBeach201509280600_Water_Temperature]]
2025-10-15 19:29:00.271,192.850,Calumet_WaterTempDrop_85,atomic,[Calumet_WaterTempDrop_85],[1.0000],1,1,1.0000,[[CalumetBeach201509280700_Water_Temperature]]
2025-10-15 19:29:00.344,192.923,Calumet_WaterTempDrop_85,atomic,[Calumet_WaterTempDrop_85],[1.0000],1,1,1.0000,[[CalumetBeach201509280800_Water_Temperature]]
2025-10-15 19:29:00.392,192.971,Calumet_WaterTempDrop_85,atomic,[Calumet_WaterTempDrop_85],[0.9659],1,1,0.9659,[[CalumetBeach201509280900_Water_Temperature]]
2025-10-15 19:29:00.453,193.032,Calumet_WaterTempDrop_85,atomic,[Calumet_WaterTempDrop_85],[0.9619],1,1,0.9619,[[CalumetBeach201509281000_Water_Temperature]]
2025-10-15 19:29:00.517,193.096,Calumet_WaterTempDrop_85,atomic,[Calumet_WaterTempDrop_85],[1.0000],1,1,1.0000,[[CalumetBeach201509281100_Water_Temperature]]
2025-10-15 19:29:00.579,193.158,Calumet_WaterTempDrop_85,atomic,[Calumet_WaterTempDrop_85],[1.0000],1,1,1.0000,[[CalumetBeach201509281200_Water_Temperature]]
2025-10-15 19:29:00.638,193.217,Calumet_WaterTempDrop_85,atomic,[Calumet_WaterTempDrop_85],[0.9632],1,1,0.9632,[[CalumetBeach201509281300_Water_Temperature]]
2025-10-15 19:29:00.704,193.283,Calumet_WaterTempDrop_85,atomic,[Calumet_WaterTempDrop_85],[1.0000],1,1,1.0000,[[CalumetBeach201509281400_Water_Temperature]]
2025-10-15 19:29:00.765,193.344,Calumet_WaterTempDrop_85,atomic,[Calumet_WaterTempDrop_85],[1.0000],1,1,1.0000,[[CalumetBeach201509281500_Water_Temperature]]
2025-10-15 19:29:00.825,193.404,Calumet_WaterTempDrop_85,atomic,[Calumet_WaterTempDrop_85],[0.9641],1,1,0.9641,[[CalumetBeach201509281600_Water_Temperature]]
2025-10-15 19:29:00.904,193.483,Calumet_WaterTempDrop_85,atomic,[Calumet_WaterTempDrop_85],[1.0000],1,1,1.0000,[[CalumetBeach201509281700_Water_Temperature]]
2025-10-15 19:29:00.951,193.530,Calumet_WaterTempDrop_85,atomic,[Calumet_WaterTempDrop_85],[1.0000],1,1,1.0000,[[CalumetBeach201509281800_Water_Temperature]]
2025-10-15 19:29:01.014,193.593,Calumet_WaterTempDrop_85,atomic,[Calumet_WaterTempDrop_85],[1.0000],1,1,1.0000,[[CalumetBeach201509281900_Water_Temperature]]
2025-10-15 19:29:01.074,193.653,Calumet_WaterTempDrop_85,atomic,[Calumet_WaterTempDrop_85],[1.0000],1,1,1.0000,[[CalumetBeach201509282000_Water_Temperature]]
2025-10-15 19:29:01.137,193.716,Calumet_WaterTempDrop_85,atomic,[Calumet_WaterTempDrop_85],[1.0000],1,1,1.0000,[[CalumetBeach201509282100_Water_Temperature]]
2025-10-15 19:29:01.199,193.778,Calumet_WaterTempDrop_85,atomic,[Calumet_WaterTempDrop_85],[1.0000],1,1,1.0000,[[CalumetBeach201509282200_Water_Temperature]]
2025-10-15 19:29:01.260,193.839,Calumet_WaterTempDrop_85,atomic,[Calumet_WaterTempDrop_85],[1.0000],1,1,1.0000,[[CalumetBeach201509282300_Water_Temperature]]
2025-10-15 19:29:01.322,193.901,Calumet_WaterTempDrop_85,atomic,[Calumet_WaterTempDrop_85],[1.0000],1,1,1.0000,[[CalumetBeach201509292400_Water_Temperature]]
2025-10-15 19:29:01.383,193.962,Calumet_WaterTempDrop_85,atomic,[Calumet_WaterTempDrop_85],[1.0000],1,1,1.0000,[[CalumetBeach201509290100_Water_Temperature]]
2025-10-15 19:29:01.444,194.023,Calumet_WaterTempDrop_85,atomic,[Calumet_WaterTempDrop_85],[0.9713],1,1,0.9713,[[CalumetBeach201509290200_Water_Temperature]]
2025-10-15 19:29:01.520,194.099,Calumet_WaterTempDrop_85,atomic,[Calumet_WaterTempDrop_85],[1.0000],1,1,1.0000,[[CalumetBeach201509290300_Water_Temperature]]
2025-10-15 19:29:01.570,194.149,Calumet_WaterTempDrop_85,atomic,[Calumet_WaterTempDrop_85],[1.0000],1,1,1.0000,[[CalumetBeach201509290400_Water_Temperature]]
2025-10-15 19:29:01.628,194.207,Calumet_WaterTempDrop_85,atomic,[Calumet_WaterTempDrop_85],[0.9694],1,1,0.9694,[[CalumetBeach201509290500_Water_Temperature]]
2025-10-15 19:29:01.690,194.269,Calumet_WaterTempDrop_85,atomic,[Calumet_WaterTempDrop_85],[1.0000],1,1,1.0000,[[CalumetBeach201509290600_Water_Temperature]]
2025-10-15 19:29:01.750,194.329,Calumet_WaterTempDrop_85,atomic,[Calumet_WaterTempDrop_85],[0.9669],1,1,0.9669,[[CalumetBeach201509290700_Water_Temperature]]
2025-10-15 19:29:01.814,194.393,Calumet_WaterTempDrop_85,atomic,[Calumet_WaterTempDrop_85],[1.0000],1,1,1.0000,[[CalumetBeach201509290800_Water_Temperature]]
2025-10-15 19:29:01.874,194.453,Calumet_WaterTempDrop_85,atomic,[Calumet_WaterTempDrop_85],[0.9646],1,1,0.9646,[[CalumetBeach201509290900_Water_Temperature]]
2025-10-15 19:29:01.938,194.517,Calumet_WaterTempDrop_85,atomic,[Calumet_WaterTempDrop_85],[0.9602],1,1,0.9602,[[CalumetBeach201509291000_Water_Temperature]]
2025-10-15 19:29:01.997,194.576,Calumet_WaterTempDrop_85,atomic,[Calumet_WaterTempDrop_85],[0.9553],1,1,0.9553,[[CalumetBeach201509291100_Water_Temperature]]
2025-10-15 19:29:02.063,194.642,Calumet_WaterTempDrop_85,atomic,[Calumet_WaterTempDrop_85],[1.0000],1,1,1.0000,[[CalumetBeach201509291200_Water_Temperature]]
2025-10-15 19:29:02.123,194.702,Calumet_WaterTempDrop_85,atomic,[Calumet_WaterTempDrop_85],[1.0000],1,1,1.0000,[[CalumetBeach201509291300_Water_Temperature]]
2025-10-15 19:29:02.124,194.703,Calumet_HighWave_85,atomic,[Calumet_HighWave_85],[1.0000],1,1,1.0000,[[CalumetBeach201509291300_Wave_Height]]
2025-10-15 19:29:02.183,194.762,Calumet_WaterTempDrop_85,atomic,[Calumet_WaterTempDrop_85],[0.9590],1,1,0.9590,[[CalumetBeach201509291400_Water_Temperature]]
2025-10-15 19:29:02.247,194.826,Calumet_WaterTempDrop_85,atomic,[Calumet_WaterTempDrop_85],[1.0000],1,1,1.0000,[[CalumetBeach201509291500_Water_Temperature]]
2025-10-15 19:29:02.307,194.886,Calumet_WaterTempDrop_85,atomic,[Calumet_WaterTempDrop_85],[0.9583],1,1,0.9583,[[CalumetBeach201509291600_Water_Temperature]]
2025-10-15 19:29:02.370,194.949,Calumet_WaterTempDrop_85,atomic,[Calumet_WaterTempDrop_85],[1.0000],1,1,1.0000,[[CalumetBeach201509291700_Water_Temperature]]
2025-10-15 19:29:02.371,194.950,Calumet_HighTurbidity_85,atomic,[Calumet_HighTurbidity_85],[1.0000],1,1,1.0000,[[CalumetBeach201509291700_Turbidity]]
2025-10-15 19:29:02.371,194.950,Calumet_LocalAlert_85,complex,[Calumet_HighTurbidity_85;Calumet_WaterTempDrop_85],[1.0000;0.9569],2,2,0.9784,[[CalumetBeach201509291700_Turbidity];[CalumetBeach201509270500_Water_Temperature]]
2025-10-15 19:29:02.433,195.012,Calumet_WaterTempDrop_85,atomic,[Calumet_WaterTempDrop_85],[1.0000],1,1,1.0000,[[CalumetBeach201509291800_Water_Temperature]]
2025-10-15 19:29:02.495,195.074,Calumet_WaterTempDrop_85,atomic,[Calumet_WaterTempDrop_85],[1.0000],1,1,1.0000,[[CalumetBeach201509291900_Water_Temperature]]
2025-10-15 19:29:02.556,195.135,Calumet_HighTurbidity_85,atomic,[Calumet_HighTurbidity_85],[0.8588],1,1,0.8588,[[CalumetBeach201509292000_Turbidity]]
2025-10-15 19:29:02.557,195.136,Calumet_LocalAlert_85,complex,[Calumet_HighTurbidity_85;Calumet_WaterTempDrop_85],[0.8588;1.0000],2,2,0.9294,[[CalumetBeach201509292000_Turbidity];[CalumetBeach201509291800_Water_Temperature]]
2025-10-15 19:29:02.557,195.136,Calumet_WaterTempDrop_85,atomic,[Calumet_WaterTempDrop_85],[1.0000],1,1,1.0000,[[CalumetBeach201509292000_Water_Temperature]]
2025-10-15 19:29:02.618,195.197,Calumet_WaterTempDrop_85,atomic,[Calumet_WaterTempDrop_85],[1.0000],1,1,1.0000,[[CalumetBeach201509292100_Water_Temperature]]
2025-10-15 19:29:02.681,195.260,Calumet_WaterTempDrop_85,atomic,[Calumet_WaterTempDrop_85],[1.0000],1,1,1.0000,[[CalumetBeach201509292200_Water_Temperature]]
2025-10-15 19:29:02.742,195.321,Calumet_WaterTempDrop_85,atomic,[Calumet_WaterTempDrop_85],[1.0000],1,1,1.0000,[[CalumetBeach201509292300_Water_Temperature]]
2025-10-15 19:29:02.808,195.387,Calumet_WaterTempDrop_85,atomic,[Calumet_WaterTempDrop_85],[1.0000],1,1,1.0000,[[CalumetBeach201509302400_Water_Temperature]]
2025-10-15 19:29:02.867,195.446,Calumet_WaterTempDrop_85,atomic,[Calumet_WaterTempDrop_85],[0.9702],1,1,0.9702,[[CalumetBeach201509300100_Water_Temperature]]
2025-10-15 19:29:02.931,195.510,Calumet_WaterTempDrop_85,atomic,[Calumet_WaterTempDrop_85],[0.9665],1,1,0.9665,[[CalumetBeach201509300200_Water_Temperature]]
2025-10-15 19:29:02.993,195.572,Calumet_WaterTempDrop_85,atomic,[Calumet_WaterTempDrop_85],[0.9625],1,1,0.9625,[[CalumetBeach201509300300_Water_Temperature]]
2025-10-15 19:29:02.994,195.573,Calumet_HighWave_85,atomic,[Calumet_HighWave_85],[1.0000],1,1,1.0000,[[CalumetBeach201509300300_Wave_Height]]
2025-10-15 19:29:03.056,195.635,Calumet_WaterTempDrop_85,atomic,[Calumet_WaterTempDrop_85],[1.0000],1,1,1.0000,[[CalumetBeach201509300400_Water_Temperature]]
2025-10-15 19:29:03.116,195.695,Calumet_WaterTempDrop_85,atomic,[Calumet_WaterTempDrop_85],[1.0000],1,1,1.0000,[[CalumetBeach201509300600_Water_Temperature]]
2025-10-15 19:29:03.182,195.761,Calumet_WaterTempDrop_85,atomic,[Calumet_WaterTempDrop_85],[1.0000],1,1,1.0000,[[CalumetBeach201509300700_Water_Temperature]]
2025-10-15 19:29:03.242,195.821,Calumet_WaterTempDrop_85,atomic,[Calumet_WaterTempDrop_85],[0.9654],1,1,0.9654,[[CalumetBeach201509300800_Water_Temperature]]
2025-10-15 19:29:03.306,195.885,Calumet_WaterTempDrop_85,atomic,[Calumet_WaterTempDrop_85],[1.0000],1,1,1.0000,[[CalumetBeach201509300900_Water_Temperature]]
2025-10-15 19:29:03.369,195.948,Calumet_WaterTempDrop_85,atomic,[Calumet_WaterTempDrop_85],[0.9636],1,1,0.9636,[[CalumetBeach201509301000_Water_Temperature]]
2025-10-15 19:29:03.370,195.949,Calumet_HighWave_85,atomic,[Calumet_HighWave_85],[1.0000],1,1,1.0000,[[CalumetBeach201509301000_Wave_Height]]
2025-10-15 19:29:03.431,196.010,Calumet_WaterTempDrop_85,atomic,[Calumet_WaterTempDrop_85],[0.9593],1,1,0.9593,[[CalumetBeach201509301100_Water_Temperature]]
2025-10-15 19:29:03.494,196.073,Calumet_WaterTempDrop_85,atomic,[Calumet_WaterTempDrop_85],[1.0000],1,1,1.0000,[[CalumetBeach201509301200_Water_Temperature]]
2025-10-15 19:29:03.554,196.133,Calumet_WaterTempDrop_85,atomic,[Calumet_WaterTempDrop_85],[1.0000],1,1,1.0000,[[CalumetBeach201509301300_Water_Temperature]]
2025-10-15 19:29:03.618,196.197,Calumet_WaterTempDrop_85,atomic,[Calumet_WaterTempDrop_85],[0.9616],1,1,0.9616,[[CalumetBeach201509301400_Water_Temperature]]
2025-10-15 19:29:03.681,196.260,Calumet_WaterTempDrop_85,atomic,[Calumet_WaterTempDrop_85],[1.0000],1,1,1.0000,[[CalumetBeach201509301600_Water_Temperature]]
2025-10-15 19:29:03.745,196.324,Calumet_WaterTempDrop_85,atomic,[Calumet_WaterTempDrop_85],[1.0000],1,1,1.0000,[[CalumetBeach201509301700_Water_Temperature]]
2025-10-15 19:29:03.806,196.385,Calumet_WaterTempDrop_85,atomic,[Calumet_WaterTempDrop_85],[0.9631],1,1,0.9631,[[CalumetBeach201509301800_Water_Temperature]]
2025-10-15 19:29:03.868,196.447,Calumet_WaterTempDrop_85,atomic,[Calumet_WaterTempDrop_85],[1.0000],1,1,1.0000,[[CalumetBeach201509301900_Water_Temperature]]
