# Logger: PatternLogger | Started: Sun Apr 26 10:47:21 EDT 2026
fired_at,fired_offset_sec,pattern_name,pattern_type,subpatterns,subpattern_confidences,num_subpatterns,num_events,confidence,contributing_streams,nested_event_ids
2026-04-26 10:47:26.191,4.626,Overspeeding,atomic,[Overspeeding],[1.0000],1,1,1.0000,[speed-1],[[3a900244-79d0-4566-814d-43143c93ce57]]
2026-04-26 10:47:26.210,4.645,Overspeeding,atomic,[Overspeeding],[0.8884],1,1,0.8884,[speed-1],[[d9098f6b-fa2e-4d8c-820a-32e6f5aac006]]
2026-04-26 10:47:27.015,5.450,Overspeeding,atomic,[Overspeeding],[1.0000],1,1,1.0000,[speed-1],[[5a920eca-3b65-419a-af66-700659b182fc]]
2026-04-26 10:47:27.029,5.464,EngineOverheat,atomic,[EngineOverheat],[1.0000],1,1,1.0000,[engine-temp-1],[[b12c98db-0047-4ac9-a46e-a5479200ea12]]
2026-04-26 10:47:27.044,5.479,HighSpeedOverheat,complex,[Overspeeding;EngineOverheat],[1.0000;1.0000],2,2,1.0000,[engine-temp-1;speed-1],[[3a900244-79d0-4566-814d-43143c93ce57];[b12c98db-0047-4ac9-a46e-a5479200ea12]]
2026-04-26 10:47:28.023,6.458,Overspeeding,atomic,[Overspeeding],[1.0000],1,1,1.0000,[speed-1],[[767fd44c-9306-4c3f-894c-a527604c0f37]]
2026-04-26 10:47:28.035,6.470,EngineOverheat,atomic,[EngineOverheat],[1.0000],1,1,1.0000,[engine-temp-1],[[e2686422-a620-4d85-b8d9-bb92e8042169]]
2026-04-26 10:47:28.040,6.475,CrazyEvent,complex,[HighSpeedOverheat;EngineOverheat],[1.0000;1.0000],3,3,1.0000,[engine-temp-1;speed-1],[[3a900244-79d0-4566-814d-43143c93ce57];[b12c98db-0047-4ac9-a46e-a5479200ea12];[e2686422-a620-4d85-b8d9-bb92e8042169]]
2026-04-26 10:47:28.042,6.477,HighSpeedOverheat,complex,[Overspeeding;EngineOverheat],[1.0000;1.0000],2,2,1.0000,[engine-temp-1;speed-1],[[767fd44c-9306-4c3f-894c-a527604c0f37];[e2686422-a620-4d85-b8d9-bb92e8042169]]
2026-04-26 10:47:29.016,7.451,EngineOverheat,atomic,[EngineOverheat],[1.0000],1,1,1.0000,[engine-temp-1],[[d8cbb0a0-2c0b-4832-b134-b680f989f5b5]]
2026-04-26 10:47:29.018,7.453,CrazyEvent,complex,[HighSpeedOverheat;EngineOverheat],[1.0000;1.0000],3,3,1.0000,[engine-temp-1;speed-1],[[767fd44c-9306-4c3f-894c-a527604c0f37];[e2686422-a620-4d85-b8d9-bb92e8042169];[d8cbb0a0-2c0b-4832-b134-b680f989f5b5]]
2026-04-26 10:47:29.029,7.464,Overspeeding,atomic,[Overspeeding],[1.0000],1,1,1.0000,[speed-1],[[023161b5-7e7a-416b-ab69-e024b313c49f]]
2026-04-26 10:47:30.026,8.461,EngineOverheat,atomic,[EngineOverheat],[1.0000],1,1,1.0000,[engine-temp-1],[[6f6bad6c-c5fb-40ab-9386-1b5fa300ff78]]
2026-04-26 10:47:30.027,8.462,HighSpeedOverheat,complex,[Overspeeding;EngineOverheat],[1.0000;1.0000],2,2,1.0000,[engine-temp-1;speed-1],[[023161b5-7e7a-416b-ab69-e024b313c49f];[6f6bad6c-c5fb-40ab-9386-1b5fa300ff78]]
2026-04-26 10:47:30.039,8.474,Overspeeding,atomic,[Overspeeding],[1.0000],1,1,1.0000,[speed-1],[[8c725677-4fdb-47c4-ba12-2c5daa165b97]]
2026-04-26 10:47:31.013,9.448,EngineOverheat,atomic,[EngineOverheat],[1.0000],1,1,1.0000,[engine-temp-1],[[d2d8cb0e-f355-45c6-9165-ba37e4717935]]
2026-04-26 10:47:31.014,9.449,CrazyEvent,complex,[HighSpeedOverheat;EngineOverheat],[1.0000;1.0000],3,3,1.0000,[engine-temp-1;speed-1],[[023161b5-7e7a-416b-ab69-e024b313c49f];[6f6bad6c-c5fb-40ab-9386-1b5fa300ff78];[d2d8cb0e-f355-45c6-9165-ba37e4717935]]
2026-04-26 10:47:31.015,9.450,HighSpeedOverheat,complex,[Overspeeding;EngineOverheat],[1.0000;1.0000],2,2,1.0000,[engine-temp-1;speed-1],[[8c725677-4fdb-47c4-ba12-2c5daa165b97];[d2d8cb0e-f355-45c6-9165-ba37e4717935]]
2026-04-26 10:47:31.027,9.462,Overspeeding,atomic,[Overspeeding],[1.0000],1,1,1.0000,[speed-1],[[3a3045ab-c529-42fa-af24-23072ea93b53]]
2026-04-26 10:47:32.013,10.448,Overspeeding,atomic,[Overspeeding],[1.0000],1,1,1.0000,[speed-1],[[4a56e7ba-0ccc-4842-8b03-11bbf680e1bd]]
2026-04-26 10:47:32.026,10.461,EngineOverheat,atomic,[EngineOverheat],[1.0000],1,1,1.0000,[engine-temp-1],[[1c6833b6-e418-4f29-9fba-59500672e8c7]]
2026-04-26 10:47:32.028,10.463,CrazyEvent,complex,[HighSpeedOverheat;EngineOverheat],[1.0000;1.0000],3,3,1.0000,[engine-temp-1;speed-1],[[8c725677-4fdb-47c4-ba12-2c5daa165b97];[d2d8cb0e-f355-45c6-9165-ba37e4717935];[1c6833b6-e418-4f29-9fba-59500672e8c7]]
2026-04-26 10:47:32.029,10.464,HighSpeedOverheat,complex,[Overspeeding;EngineOverheat],[1.0000;1.0000],2,2,1.0000,[engine-temp-1;speed-1],[[3a3045ab-c529-42fa-af24-23072ea93b53];[1c6833b6-e418-4f29-9fba-59500672e8c7]]
2026-04-26 10:47:33.043,11.478,Overspeeding,atomic,[Overspeeding],[1.0000],1,1,1.0000,[speed-1],[[144576e4-ecc9-4845-baf1-350b16297f51]]
2026-04-26 10:47:33.063,11.498,EngineOverheat,atomic,[EngineOverheat],[1.0000],1,1,1.0000,[engine-temp-1],[[15a0744b-0431-42d1-8a28-58b61efc5be4]]
2026-04-26 10:47:33.066,11.501,CrazyEvent,complex,[HighSpeedOverheat;EngineOverheat],[1.0000;1.0000],3,3,1.0000,[engine-temp-1;speed-1],[[3a3045ab-c529-42fa-af24-23072ea93b53];[1c6833b6-e418-4f29-9fba-59500672e8c7];[15a0744b-0431-42d1-8a28-58b61efc5be4]]
2026-04-26 10:47:33.067,11.502,HighSpeedOverheat,complex,[Overspeeding;EngineOverheat],[1.0000;1.0000],2,2,1.0000,[engine-temp-1;speed-1],[[144576e4-ecc9-4845-baf1-350b16297f51];[15a0744b-0431-42d1-8a28-58b61efc5be4]]
2026-04-26 10:47:34.025,12.460,EngineOverheat,atomic,[EngineOverheat],[1.0000],1,1,1.0000,[engine-temp-1],[[ada773e8-8004-4bcf-b872-fa4a275edebd]]
2026-04-26 10:47:34.026,12.461,CrazyEvent,complex,[HighSpeedOverheat;EngineOverheat],[1.0000;1.0000],3,3,1.0000,[engine-temp-1;speed-1],[[144576e4-ecc9-4845-baf1-350b16297f51];[15a0744b-0431-42d1-8a28-58b61efc5be4];[ada773e8-8004-4bcf-b872-fa4a275edebd]]
2026-04-26 10:47:34.040,12.475,Overspeeding,atomic,[Overspeeding],[1.0000],1,1,1.0000,[speed-1],[[3c54b884-e6a1-4f45-b250-b441aa0d2751]]
2026-04-26 10:47:35.011,13.446,Overspeeding,atomic,[Overspeeding],[1.0000],1,1,1.0000,[speed-1],[[9ed98d2d-b1db-4d19-a7b2-9eb36b2337ec]]
2026-04-26 10:47:35.024,13.459,EngineOverheat,atomic,[EngineOverheat],[1.0000],1,1,1.0000,[engine-temp-1],[[6c5f2a54-6363-4a72-9f54-048ee3a5edca]]
2026-04-26 10:47:35.026,13.461,HighSpeedOverheat,complex,[Overspeeding;EngineOverheat],[1.0000;1.0000],2,2,1.0000,[engine-temp-1;speed-1],[[3c54b884-e6a1-4f45-b250-b441aa0d2751];[6c5f2a54-6363-4a72-9f54-048ee3a5edca]]
2026-04-26 10:47:36.030,14.465,Overspeeding,atomic,[Overspeeding],[1.0000],1,1,1.0000,[speed-1],[[0d86c8d0-bf34-4a88-98f7-0f5b32f04bb4]]
2026-04-26 10:47:36.043,14.478,EngineOverheat,atomic,[EngineOverheat],[1.0000],1,1,1.0000,[engine-temp-1],[[e24a899d-8cdc-4ce7-aa1f-7cd68d6c1807]]
2026-04-26 10:47:36.044,14.479,CrazyEvent,complex,[HighSpeedOverheat;EngineOverheat],[1.0000;1.0000],3,3,1.0000,[engine-temp-1;speed-1],[[3c54b884-e6a1-4f45-b250-b441aa0d2751];[6c5f2a54-6363-4a72-9f54-048ee3a5edca];[e24a899d-8cdc-4ce7-aa1f-7cd68d6c1807]]
2026-04-26 10:47:36.045,14.480,HighSpeedOverheat,complex,[Overspeeding;EngineOverheat],[1.0000;1.0000],2,2,1.0000,[engine-temp-1;speed-1],[[0d86c8d0-bf34-4a88-98f7-0f5b32f04bb4];[e24a899d-8cdc-4ce7-aa1f-7cd68d6c1807]]
2026-04-26 10:47:37.023,15.458,EngineOverheat,atomic,[EngineOverheat],[1.0000],1,1,1.0000,[engine-temp-1],[[b489e3b6-de25-41ed-86b2-c16021178ea3]]
2026-04-26 10:47:37.024,15.459,CrazyEvent,complex,[HighSpeedOverheat;EngineOverheat],[1.0000;1.0000],3,3,1.0000,[engine-temp-1;speed-1],[[0d86c8d0-bf34-4a88-98f7-0f5b32f04bb4];[e24a899d-8cdc-4ce7-aa1f-7cd68d6c1807];[b489e3b6-de25-41ed-86b2-c16021178ea3]]
2026-04-26 10:47:37.036,15.471,Overspeeding,atomic,[Overspeeding],[1.0000],1,1,1.0000,[speed-1],[[2446ef9b-2946-4924-9820-fd498a925775]]
2026-04-26 10:47:38.030,16.465,EngineOverheat,atomic,[EngineOverheat],[1.0000],1,1,1.0000,[engine-temp-1],[[05cd93b5-ecd2-4a4a-8024-e62f80309f80]]
2026-04-26 10:47:38.032,16.467,HighSpeedOverheat,complex,[Overspeeding;EngineOverheat],[1.0000;1.0000],2,2,1.0000,[engine-temp-1;speed-1],[[2446ef9b-2946-4924-9820-fd498a925775];[05cd93b5-ecd2-4a4a-8024-e62f80309f80]]
2026-04-26 10:47:38.045,16.480,Overspeeding,atomic,[Overspeeding],[1.0000],1,1,1.0000,[speed-1],[[0c535b99-1da9-4395-bc4e-b026689e84d2]]
2026-04-26 10:47:39.023,17.458,EngineOverheat,atomic,[EngineOverheat],[1.0000],1,1,1.0000,[engine-temp-1],[[3c0811ec-113f-472d-a79a-c03fec88030d]]
2026-04-26 10:47:39.024,17.459,CrazyEvent,complex,[HighSpeedOverheat;EngineOverheat],[1.0000;1.0000],3,3,1.0000,[engine-temp-1;speed-1],[[2446ef9b-2946-4924-9820-fd498a925775];[05cd93b5-ecd2-4a4a-8024-e62f80309f80];[3c0811ec-113f-472d-a79a-c03fec88030d]]
2026-04-26 10:47:39.025,17.460,HighSpeedOverheat,complex,[Overspeeding;EngineOverheat],[1.0000;1.0000],2,2,1.0000,[engine-temp-1;speed-1],[[0c535b99-1da9-4395-bc4e-b026689e84d2];[3c0811ec-113f-472d-a79a-c03fec88030d]]
2026-04-26 10:47:39.037,17.472,Overspeeding,atomic,[Overspeeding],[1.0000],1,1,1.0000,[speed-1],[[c5fc3689-b5a7-44f9-986b-97feb702acaf]]
2026-04-26 10:47:40.030,18.465,EngineOverheat,atomic,[EngineOverheat],[1.0000],1,1,1.0000,[engine-temp-1],[[ab60cc03-0afb-44ce-a258-7533fdc9bc72]]
2026-04-26 10:47:40.031,18.466,CrazyEvent,complex,[HighSpeedOverheat;EngineOverheat],[1.0000;1.0000],3,3,1.0000,[engine-temp-1;speed-1],[[0c535b99-1da9-4395-bc4e-b026689e84d2];[3c0811ec-113f-472d-a79a-c03fec88030d];[ab60cc03-0afb-44ce-a258-7533fdc9bc72]]
2026-04-26 10:47:40.031,18.466,HighSpeedOverheat,complex,[Overspeeding;EngineOverheat],[1.0000;1.0000],2,2,1.0000,[engine-temp-1;speed-1],[[c5fc3689-b5a7-44f9-986b-97feb702acaf];[ab60cc03-0afb-44ce-a258-7533fdc9bc72]]
2026-04-26 10:47:40.045,18.480,Overspeeding,atomic,[Overspeeding],[1.0000],1,1,1.0000,[speed-1],[[306f2df7-0e83-4699-9a9e-5c9afe4ec216]]
2026-04-26 10:47:41.019,19.454,Overspeeding,atomic,[Overspeeding],[1.0000],1,1,1.0000,[speed-1],[[aa3a9296-529f-42f1-b497-0de8f4ddef8a]]
2026-04-26 10:47:41.034,19.469,EngineOverheat,atomic,[EngineOverheat],[1.0000],1,1,1.0000,[engine-temp-1],[[c379d413-dfe4-4645-a019-f27e3a81b05c]]
2026-04-26 10:47:41.035,19.470,CrazyEvent,complex,[HighSpeedOverheat;EngineOverheat],[1.0000;1.0000],3,3,1.0000,[engine-temp-1;speed-1],[[c5fc3689-b5a7-44f9-986b-97feb702acaf];[ab60cc03-0afb-44ce-a258-7533fdc9bc72];[c379d413-dfe4-4645-a019-f27e3a81b05c]]
2026-04-26 10:47:41.035,19.470,HighSpeedOverheat,complex,[Overspeeding;EngineOverheat],[1.0000;1.0000],2,2,1.0000,[engine-temp-1;speed-1],[[306f2df7-0e83-4699-9a9e-5c9afe4ec216];[c379d413-dfe4-4645-a019-f27e3a81b05c]]
2026-04-26 10:47:42.016,20.451,EngineOverheat,atomic,[EngineOverheat],[1.0000],1,1,1.0000,[engine-temp-1],[[6a76a594-9563-43bf-a7e5-677364d30caf]]
2026-04-26 10:47:42.017,20.452,CrazyEvent,complex,[HighSpeedOverheat;EngineOverheat],[1.0000;1.0000],3,3,1.0000,[engine-temp-1;speed-1],[[306f2df7-0e83-4699-9a9e-5c9afe4ec216];[c379d413-dfe4-4645-a019-f27e3a81b05c];[6a76a594-9563-43bf-a7e5-677364d30caf]]
2026-04-26 10:47:42.030,20.465,Overspeeding,atomic,[Overspeeding],[1.0000],1,1,1.0000,[speed-1],[[edb979f5-bdda-4d38-a5b5-9e019cdf032a]]
2026-04-26 10:47:43.020,21.455,EngineOverheat,atomic,[EngineOverheat],[1.0000],1,1,1.0000,[engine-temp-1],[[189b320b-ca20-41f9-a91f-d31b5487e266]]
2026-04-26 10:47:43.022,21.457,HighSpeedOverheat,complex,[Overspeeding;EngineOverheat],[1.0000;1.0000],2,2,1.0000,[engine-temp-1;speed-1],[[edb979f5-bdda-4d38-a5b5-9e019cdf032a];[189b320b-ca20-41f9-a91f-d31b5487e266]]
2026-04-26 10:47:43.035,21.470,Overspeeding,atomic,[Overspeeding],[1.0000],1,1,1.0000,[speed-1],[[2edeee04-9873-4ae5-a787-5e3d5136f8f5]]
2026-04-26 10:47:44.010,22.445,Overspeeding,atomic,[Overspeeding],[1.0000],1,1,1.0000,[speed-1],[[29d904a7-83b1-4ed9-af4e-be9384de75dc]]
2026-04-26 10:47:44.025,22.460,EngineOverheat,atomic,[EngineOverheat],[1.0000],1,1,1.0000,[engine-temp-1],[[a9ce557e-66ba-4e27-8a79-d058218c3c57]]
2026-04-26 10:47:44.025,22.460,CrazyEvent,complex,[HighSpeedOverheat;EngineOverheat],[1.0000;1.0000],3,3,1.0000,[engine-temp-1;speed-1],[[edb979f5-bdda-4d38-a5b5-9e019cdf032a];[189b320b-ca20-41f9-a91f-d31b5487e266];[a9ce557e-66ba-4e27-8a79-d058218c3c57]]
2026-04-26 10:47:44.026,22.461,HighSpeedOverheat,complex,[Overspeeding;EngineOverheat],[1.0000;1.0000],2,2,1.0000,[engine-temp-1;speed-1],[[2edeee04-9873-4ae5-a787-5e3d5136f8f5];[a9ce557e-66ba-4e27-8a79-d058218c3c57]]
2026-04-26 10:47:45.011,23.446,Overspeeding,atomic,[Overspeeding],[1.0000],1,1,1.0000,[speed-1],[[4103b6e5-ba6c-43d4-804f-6059de0700d2]]
2026-04-26 10:47:45.023,23.458,EngineOverheat,atomic,[EngineOverheat],[1.0000],1,1,1.0000,[engine-temp-1],[[81aafde0-3ac6-4bfe-9301-1e86c8ee47ab]]
2026-04-26 10:47:45.026,23.461,CrazyEvent,complex,[HighSpeedOverheat;EngineOverheat],[1.0000;1.0000],3,3,1.0000,[engine-temp-1;speed-1],[[2edeee04-9873-4ae5-a787-5e3d5136f8f5];[a9ce557e-66ba-4e27-8a79-d058218c3c57];[81aafde0-3ac6-4bfe-9301-1e86c8ee47ab]]
2026-04-26 10:47:45.027,23.462,HighSpeedOverheat,complex,[Overspeeding;EngineOverheat],[1.0000;1.0000],2,2,1.0000,[engine-temp-1;speed-1],[[4103b6e5-ba6c-43d4-804f-6059de0700d2];[81aafde0-3ac6-4bfe-9301-1e86c8ee47ab]]
2026-04-26 10:47:46.014,24.449,EngineOverheat,atomic,[EngineOverheat],[1.0000],1,1,1.0000,[engine-temp-1],[[683f87b8-6009-47e7-af18-51fc3f87c781]]
2026-04-26 10:47:46.015,24.450,CrazyEvent,complex,[HighSpeedOverheat;EngineOverheat],[1.0000;1.0000],3,3,1.0000,[engine-temp-1;speed-1],[[4103b6e5-ba6c-43d4-804f-6059de0700d2];[81aafde0-3ac6-4bfe-9301-1e86c8ee47ab];[683f87b8-6009-47e7-af18-51fc3f87c781]]
2026-04-26 10:47:46.029,24.464,Overspeeding,atomic,[Overspeeding],[1.0000],1,1,1.0000,[speed-1],[[4b38625e-8c70-43d9-8d1f-87947b476334]]
2026-04-26 10:47:47.017,25.452,EngineOverheat,atomic,[EngineOverheat],[1.0000],1,1,1.0000,[engine-temp-1],[[2404fced-7c4d-4718-96f3-41b365bf8a1b]]
2026-04-26 10:47:47.018,25.453,HighSpeedOverheat,complex,[Overspeeding;EngineOverheat],[1.0000;1.0000],2,2,1.0000,[engine-temp-1;speed-1],[[4b38625e-8c70-43d9-8d1f-87947b476334];[2404fced-7c4d-4718-96f3-41b365bf8a1b]]
2026-04-26 10:47:47.030,25.465,Overspeeding,atomic,[Overspeeding],[1.0000],1,1,1.0000,[speed-1],[[87ffe055-651b-4dec-b871-1a163212ae9a]]
2026-04-26 10:47:48.024,26.459,EngineOverheat,atomic,[EngineOverheat],[1.0000],1,1,1.0000,[engine-temp-1],[[ccd27ab1-f0d0-4f1d-8409-171e5eb3a38f]]
2026-04-26 10:47:48.025,26.460,CrazyEvent,complex,[HighSpeedOverheat;EngineOverheat],[1.0000;1.0000],3,3,1.0000,[engine-temp-1;speed-1],[[4b38625e-8c70-43d9-8d1f-87947b476334];[2404fced-7c4d-4718-96f3-41b365bf8a1b];[ccd27ab1-f0d0-4f1d-8409-171e5eb3a38f]]
2026-04-26 10:47:48.026,26.461,HighSpeedOverheat,complex,[Overspeeding;EngineOverheat],[1.0000;1.0000],2,2,1.0000,[engine-temp-1;speed-1],[[87ffe055-651b-4dec-b871-1a163212ae9a];[ccd27ab1-f0d0-4f1d-8409-171e5eb3a38f]]
2026-04-26 10:47:48.038,26.473,Overspeeding,atomic,[Overspeeding],[1.0000],1,1,1.0000,[speed-1],[[492874ec-36cc-4148-a13c-fa5d485429dd]]
2026-04-26 10:47:49.025,27.460,EngineOverheat,atomic,[EngineOverheat],[1.0000],1,1,1.0000,[engine-temp-1],[[79ee8409-a29a-4caa-a2a6-74be42058e69]]
2026-04-26 10:47:49.027,27.462,CrazyEvent,complex,[HighSpeedOverheat;EngineOverheat],[1.0000;1.0000],3,3,1.0000,[engine-temp-1;speed-1],[[87ffe055-651b-4dec-b871-1a163212ae9a];[ccd27ab1-f0d0-4f1d-8409-171e5eb3a38f];[79ee8409-a29a-4caa-a2a6-74be42058e69]]
2026-04-26 10:47:49.029,27.464,HighSpeedOverheat,complex,[Overspeeding;EngineOverheat],[1.0000;1.0000],2,2,1.0000,[engine-temp-1;speed-1],[[492874ec-36cc-4148-a13c-fa5d485429dd];[79ee8409-a29a-4caa-a2a6-74be42058e69]]
2026-04-26 10:47:49.043,27.478,Overspeeding,atomic,[Overspeeding],[1.0000],1,1,1.0000,[speed-1],[[1ba5452f-29e7-488c-9267-efd929c4e073]]
2026-04-26 10:47:50.015,28.450,Overspeeding,atomic,[Overspeeding],[1.0000],1,1,1.0000,[speed-1],[[39dd56ec-d48b-45c0-9740-36fa5de4552c]]
2026-04-26 10:47:50.026,28.461,EngineOverheat,atomic,[EngineOverheat],[1.0000],1,1,1.0000,[engine-temp-1],[[1904207b-ced6-4745-8fa7-ea1ccb495084]]
2026-04-26 10:47:50.026,28.461,CrazyEvent,complex,[HighSpeedOverheat;EngineOverheat],[1.0000;1.0000],3,3,1.0000,[engine-temp-1;speed-1],[[492874ec-36cc-4148-a13c-fa5d485429dd];[79ee8409-a29a-4caa-a2a6-74be42058e69];[1904207b-ced6-4745-8fa7-ea1ccb495084]]
2026-04-26 10:47:50.028,28.463,HighSpeedOverheat,complex,[Overspeeding;EngineOverheat],[1.0000;1.0000],2,2,1.0000,[engine-temp-1;speed-1],[[1ba5452f-29e7-488c-9267-efd929c4e073];[1904207b-ced6-4745-8fa7-ea1ccb495084]]
2026-04-26 10:47:51.017,29.452,Overspeeding,atomic,[Overspeeding],[1.0000],1,1,1.0000,[speed-1],[[d2b4e0fa-3cf9-42e0-95a7-bccc8dd9f44b]]
2026-04-26 10:47:51.029,29.464,EngineOverheat,atomic,[EngineOverheat],[1.0000],1,1,1.0000,[engine-temp-1],[[aa2abadc-e52a-452d-b460-6077690da6b0]]
2026-04-26 10:47:51.030,29.465,CrazyEvent,complex,[HighSpeedOverheat;EngineOverheat],[1.0000;1.0000],3,3,1.0000,[engine-temp-1;speed-1],[[1ba5452f-29e7-488c-9267-efd929c4e073];[1904207b-ced6-4745-8fa7-ea1ccb495084];[aa2abadc-e52a-452d-b460-6077690da6b0]]
2026-04-26 10:47:51.031,29.466,HighSpeedOverheat,complex,[Overspeeding;EngineOverheat],[1.0000;1.0000],2,2,1.0000,[engine-temp-1;speed-1],[[d2b4e0fa-3cf9-42e0-95a7-bccc8dd9f44b];[aa2abadc-e52a-452d-b460-6077690da6b0]]
2026-04-26 10:47:52.008,30.443,Overspeeding,atomic,[Overspeeding],[1.0000],1,1,1.0000,[speed-1],[[49ad7e89-b2b2-4eb6-874b-731fa296ee3a]]
2026-04-26 10:47:52.023,30.458,EngineOverheat,atomic,[EngineOverheat],[1.0000],1,1,1.0000,[engine-temp-1],[[b43ad9e6-f7b8-4cff-a3da-a21032c070e3]]
2026-04-26 10:47:52.023,30.458,CrazyEvent,complex,[HighSpeedOverheat;EngineOverheat],[1.0000;1.0000],3,3,1.0000,[engine-temp-1;speed-1],[[d2b4e0fa-3cf9-42e0-95a7-bccc8dd9f44b];[aa2abadc-e52a-452d-b460-6077690da6b0];[b43ad9e6-f7b8-4cff-a3da-a21032c070e3]]
2026-04-26 10:47:52.024,30.459,HighSpeedOverheat,complex,[Overspeeding;EngineOverheat],[1.0000;1.0000],2,2,1.0000,[engine-temp-1;speed-1],[[49ad7e89-b2b2-4eb6-874b-731fa296ee3a];[b43ad9e6-f7b8-4cff-a3da-a21032c070e3]]
2026-04-26 10:47:53.015,31.450,Overspeeding,atomic,[Overspeeding],[1.0000],1,1,1.0000,[speed-1],[[2a9f20c3-2151-407d-8395-5a7d7025de9c]]
2026-04-26 10:47:53.030,31.465,EngineOverheat,atomic,[EngineOverheat],[1.0000],1,1,1.0000,[engine-temp-1],[[7a513153-bd21-46c3-94ff-5cd418a1350e]]
2026-04-26 10:47:53.030,31.465,CrazyEvent,complex,[HighSpeedOverheat;EngineOverheat],[1.0000;1.0000],3,3,1.0000,[engine-temp-1;speed-1],[[49ad7e89-b2b2-4eb6-874b-731fa296ee3a];[b43ad9e6-f7b8-4cff-a3da-a21032c070e3];[7a513153-bd21-46c3-94ff-5cd418a1350e]]
2026-04-26 10:47:53.030,31.465,HighSpeedOverheat,complex,[Overspeeding;EngineOverheat],[1.0000;1.0000],2,2,1.0000,[engine-temp-1;speed-1],[[2a9f20c3-2151-407d-8395-5a7d7025de9c];[7a513153-bd21-46c3-94ff-5cd418a1350e]]
2026-04-26 10:47:54.022,32.457,Overspeeding,atomic,[Overspeeding],[1.0000],1,1,1.0000,[speed-1],[[cee4a247-6c54-4528-8b15-1a6e63ba671b]]
2026-04-26 10:47:54.034,32.469,EngineOverheat,atomic,[EngineOverheat],[1.0000],1,1,1.0000,[engine-temp-1],[[f75ee3f2-8544-4d14-ac0c-7aa56ce47160]]
2026-04-26 10:47:54.035,32.470,CrazyEvent,complex,[HighSpeedOverheat;EngineOverheat],[1.0000;1.0000],3,3,1.0000,[engine-temp-1;speed-1],[[2a9f20c3-2151-407d-8395-5a7d7025de9c];[7a513153-bd21-46c3-94ff-5cd418a1350e];[f75ee3f2-8544-4d14-ac0c-7aa56ce47160]]
2026-04-26 10:47:54.035,32.470,HighSpeedOverheat,complex,[Overspeeding;EngineOverheat],[1.0000;1.0000],2,2,1.0000,[engine-temp-1;speed-1],[[cee4a247-6c54-4528-8b15-1a6e63ba671b];[f75ee3f2-8544-4d14-ac0c-7aa56ce47160]]
2026-04-26 10:47:55.011,33.446,EngineOverheat,atomic,[EngineOverheat],[1.0000],1,1,1.0000,[engine-temp-1],[[907ce0bd-30f6-40a7-a0fb-00c1fbe99d7e]]
2026-04-26 10:47:55.012,33.447,CrazyEvent,complex,[HighSpeedOverheat;EngineOverheat],[1.0000;1.0000],3,3,1.0000,[engine-temp-1;speed-1],[[cee4a247-6c54-4528-8b15-1a6e63ba671b];[f75ee3f2-8544-4d14-ac0c-7aa56ce47160];[907ce0bd-30f6-40a7-a0fb-00c1fbe99d7e]]
2026-04-26 10:47:55.023,33.458,Overspeeding,atomic,[Overspeeding],[1.0000],1,1,1.0000,[speed-1],[[ccd1f097-d6d3-4a9a-885b-917ccac787a3]]
2026-04-26 10:47:56.016,34.451,Overspeeding,atomic,[Overspeeding],[1.0000],1,1,1.0000,[speed-1],[[31b99079-b851-4d6d-8336-6a95ce8fac15]]
2026-04-26 10:47:56.029,34.464,EngineOverheat,atomic,[EngineOverheat],[1.0000],1,1,1.0000,[engine-temp-1],[[34ec4334-d7be-4393-920b-c783f9275ff2]]
2026-04-26 10:47:56.030,34.465,HighSpeedOverheat,complex,[Overspeeding;EngineOverheat],[1.0000;1.0000],2,2,1.0000,[engine-temp-1;speed-1],[[ccd1f097-d6d3-4a9a-885b-917ccac787a3];[34ec4334-d7be-4393-920b-c783f9275ff2]]
2026-04-26 10:47:57.024,35.459,EngineOverheat,atomic,[EngineOverheat],[1.0000],1,1,1.0000,[engine-temp-1],[[e60fe789-0780-4237-89db-ade9846aa918]]
2026-04-26 10:47:57.025,35.460,CrazyEvent,complex,[HighSpeedOverheat;EngineOverheat],[1.0000;1.0000],3,3,1.0000,[engine-temp-1;speed-1],[[ccd1f097-d6d3-4a9a-885b-917ccac787a3];[34ec4334-d7be-4393-920b-c783f9275ff2];[e60fe789-0780-4237-89db-ade9846aa918]]
2026-04-26 10:47:57.036,35.471,Overspeeding,atomic,[Overspeeding],[1.0000],1,1,1.0000,[speed-1],[[9f6258e1-557a-4d52-bbf5-0bda9cbf3a9c]]
2026-04-26 10:47:58.015,36.450,Overspeeding,atomic,[Overspeeding],[1.0000],1,1,1.0000,[speed-1],[[56b557c0-8048-432c-b060-8f0a607e4d29]]
2026-04-26 10:47:58.028,36.463,EngineOverheat,atomic,[EngineOverheat],[1.0000],1,1,1.0000,[engine-temp-1],[[50b41eea-6847-4fa1-93e8-4b4aab6aee41]]
2026-04-26 10:47:58.028,36.463,HighSpeedOverheat,complex,[Overspeeding;EngineOverheat],[1.0000;1.0000],2,2,1.0000,[engine-temp-1;speed-1],[[9f6258e1-557a-4d52-bbf5-0bda9cbf3a9c];[50b41eea-6847-4fa1-93e8-4b4aab6aee41]]
2026-04-26 10:47:59.020,37.455,EngineOverheat,atomic,[EngineOverheat],[1.0000],1,1,1.0000,[engine-temp-1],[[ca717392-06df-44d5-98f1-961d4127ba22]]
2026-04-26 10:47:59.021,37.456,CrazyEvent,complex,[HighSpeedOverheat;EngineOverheat],[1.0000;1.0000],3,3,1.0000,[engine-temp-1;speed-1],[[9f6258e1-557a-4d52-bbf5-0bda9cbf3a9c];[50b41eea-6847-4fa1-93e8-4b4aab6aee41];[ca717392-06df-44d5-98f1-961d4127ba22]]
2026-04-26 10:47:59.033,37.468,Overspeeding,atomic,[Overspeeding],[1.0000],1,1,1.0000,[speed-1],[[3f713d6d-db14-42c7-be79-bba6e95a08ec]]
2026-04-26 10:48:00.018,38.453,EngineOverheat,atomic,[EngineOverheat],[1.0000],1,1,1.0000,[engine-temp-1],[[6b7984f3-eb8d-41d6-b9d7-50778b4de400]]
2026-04-26 10:48:00.019,38.454,HighSpeedOverheat,complex,[Overspeeding;EngineOverheat],[1.0000;1.0000],2,2,1.0000,[engine-temp-1;speed-1],[[3f713d6d-db14-42c7-be79-bba6e95a08ec];[6b7984f3-eb8d-41d6-b9d7-50778b4de400]]
2026-04-26 10:48:00.034,38.469,Overspeeding,atomic,[Overspeeding],[1.0000],1,1,1.0000,[speed-1],[[124622b0-8564-4416-abd4-d59a8eb06816]]
2026-04-26 10:48:01.020,39.455,Overspeeding,atomic,[Overspeeding],[1.0000],1,1,1.0000,[speed-1],[[60f6661d-156c-4391-9ba5-e52b1c76e045]]
2026-04-26 10:48:01.032,39.467,EngineOverheat,atomic,[EngineOverheat],[1.0000],1,1,1.0000,[engine-temp-1],[[d0d789f8-3dc9-4b8a-aae9-f6099c110ad6]]
2026-04-26 10:48:01.033,39.468,CrazyEvent,complex,[HighSpeedOverheat;EngineOverheat],[1.0000;1.0000],3,3,1.0000,[engine-temp-1;speed-1],[[3f713d6d-db14-42c7-be79-bba6e95a08ec];[6b7984f3-eb8d-41d6-b9d7-50778b4de400];[d0d789f8-3dc9-4b8a-aae9-f6099c110ad6]]
2026-04-26 10:48:01.034,39.469,HighSpeedOverheat,complex,[Overspeeding;EngineOverheat],[1.0000;1.0000],2,2,1.0000,[engine-temp-1;speed-1],[[124622b0-8564-4416-abd4-d59a8eb06816];[d0d789f8-3dc9-4b8a-aae9-f6099c110ad6]]
2026-04-26 10:48:02.019,40.454,EngineOverheat,atomic,[EngineOverheat],[1.0000],1,1,1.0000,[engine-temp-1],[[6cd18a82-0ae7-42d3-b97c-8221be3729d1]]
2026-04-26 10:48:02.020,40.455,CrazyEvent,complex,[HighSpeedOverheat;EngineOverheat],[1.0000;1.0000],3,3,1.0000,[engine-temp-1;speed-1],[[124622b0-8564-4416-abd4-d59a8eb06816];[d0d789f8-3dc9-4b8a-aae9-f6099c110ad6];[6cd18a82-0ae7-42d3-b97c-8221be3729d1]]
2026-04-26 10:48:02.033,40.468,Overspeeding,atomic,[Overspeeding],[1.0000],1,1,1.0000,[speed-1],[[b00bd93f-da29-4acd-a638-d6595b22c962]]
2026-04-26 10:48:03.023,41.458,Overspeeding,atomic,[Overspeeding],[1.0000],1,1,1.0000,[speed-1],[[761406f1-e3e4-443d-bdd6-d6e625b2ac62]]
2026-04-26 10:48:03.038,41.473,EngineOverheat,atomic,[EngineOverheat],[1.0000],1,1,1.0000,[engine-temp-1],[[3234aa20-3810-44ce-a01a-a4df1a15b4e2]]
2026-04-26 10:48:03.040,41.475,HighSpeedOverheat,complex,[Overspeeding;EngineOverheat],[1.0000;1.0000],2,2,1.0000,[engine-temp-1;speed-1],[[b00bd93f-da29-4acd-a638-d6595b22c962];[3234aa20-3810-44ce-a01a-a4df1a15b4e2]]
2026-04-26 10:48:04.025,42.460,Overspeeding,atomic,[Overspeeding],[1.0000],1,1,1.0000,[speed-1],[[f59d993c-232b-4e2a-929a-39d3080af3df]]
2026-04-26 10:48:04.037,42.472,EngineOverheat,atomic,[EngineOverheat],[1.0000],1,1,1.0000,[engine-temp-1],[[fa799323-b754-4ec2-96d2-28943ac22200]]
2026-04-26 10:48:04.037,42.472,CrazyEvent,complex,[HighSpeedOverheat;EngineOverheat],[1.0000;1.0000],3,3,1.0000,[engine-temp-1;speed-1],[[b00bd93f-da29-4acd-a638-d6595b22c962];[3234aa20-3810-44ce-a01a-a4df1a15b4e2];[fa799323-b754-4ec2-96d2-28943ac22200]]
2026-04-26 10:48:04.038,42.473,HighSpeedOverheat,complex,[Overspeeding;EngineOverheat],[1.0000;1.0000],2,2,1.0000,[engine-temp-1;speed-1],[[f59d993c-232b-4e2a-929a-39d3080af3df];[fa799323-b754-4ec2-96d2-28943ac22200]]
2026-04-26 10:48:05.023,43.458,EngineOverheat,atomic,[EngineOverheat],[1.0000],1,1,1.0000,[engine-temp-1],[[d3adf1fc-9a39-470f-a013-ea139a250f0d]]
2026-04-26 10:48:05.024,43.459,CrazyEvent,complex,[HighSpeedOverheat;EngineOverheat],[1.0000;1.0000],3,3,1.0000,[engine-temp-1;speed-1],[[f59d993c-232b-4e2a-929a-39d3080af3df];[fa799323-b754-4ec2-96d2-28943ac22200];[d3adf1fc-9a39-470f-a013-ea139a250f0d]]
2026-04-26 10:48:05.035,43.470,Overspeeding,atomic,[Overspeeding],[1.0000],1,1,1.0000,[speed-1],[[621d1231-5463-48ca-8aa7-bf198c05d709]]
2026-04-26 10:48:06.032,44.467,EngineOverheat,atomic,[EngineOverheat],[1.0000],1,1,1.0000,[engine-temp-1],[[f9c9f1de-da2c-4f76-a86e-43fc9b82f067]]
2026-04-26 10:48:06.033,44.468,HighSpeedOverheat,complex,[Overspeeding;EngineOverheat],[1.0000;1.0000],2,2,1.0000,[engine-temp-1;speed-1],[[621d1231-5463-48ca-8aa7-bf198c05d709];[f9c9f1de-da2c-4f76-a86e-43fc9b82f067]]
2026-04-26 10:48:06.044,44.479,Overspeeding,atomic,[Overspeeding],[1.0000],1,1,1.0000,[speed-1],[[f9da9a05-603e-4a7d-b11c-f6bba8d2bdb8]]
2026-04-26 10:48:07.029,45.464,Overspeeding,atomic,[Overspeeding],[1.0000],1,1,1.0000,[speed-1],[[7773c551-04d2-4548-b20b-07d1ac71a26f]]
2026-04-26 10:48:07.042,45.477,EngineOverheat,atomic,[EngineOverheat],[1.0000],1,1,1.0000,[engine-temp-1],[[3db4c466-0aa1-4073-a481-184c59118361]]
2026-04-26 10:48:07.043,45.478,CrazyEvent,complex,[HighSpeedOverheat;EngineOverheat],[1.0000;1.0000],3,3,1.0000,[engine-temp-1;speed-1],[[621d1231-5463-48ca-8aa7-bf198c05d709];[f9c9f1de-da2c-4f76-a86e-43fc9b82f067];[3db4c466-0aa1-4073-a481-184c59118361]]
2026-04-26 10:48:07.043,45.478,HighSpeedOverheat,complex,[Overspeeding;EngineOverheat],[1.0000;1.0000],2,2,1.0000,[engine-temp-1;speed-1],[[f9da9a05-603e-4a7d-b11c-f6bba8d2bdb8];[3db4c466-0aa1-4073-a481-184c59118361]]
2026-04-26 10:48:08.023,46.458,Overspeeding,atomic,[Overspeeding],[1.0000],1,1,1.0000,[speed-1],[[a0f6ddd8-b41e-4ab4-a608-5f66aa4b4ba7]]
2026-04-26 10:48:08.034,46.469,EngineOverheat,atomic,[EngineOverheat],[1.0000],1,1,1.0000,[engine-temp-1],[[05f684f6-e1e6-401c-b2e6-adbc35757433]]
2026-04-26 10:48:08.036,46.471,CrazyEvent,complex,[HighSpeedOverheat;EngineOverheat],[1.0000;1.0000],3,3,1.0000,[engine-temp-1;speed-1],[[f9da9a05-603e-4a7d-b11c-f6bba8d2bdb8];[3db4c466-0aa1-4073-a481-184c59118361];[05f684f6-e1e6-401c-b2e6-adbc35757433]]
2026-04-26 10:48:08.036,46.471,HighSpeedOverheat,complex,[Overspeeding;EngineOverheat],[1.0000;1.0000],2,2,1.0000,[engine-temp-1;speed-1],[[a0f6ddd8-b41e-4ab4-a608-5f66aa4b4ba7];[05f684f6-e1e6-401c-b2e6-adbc35757433]]
2026-04-26 10:48:09.009,47.444,Overspeeding,atomic,[Overspeeding],[1.0000],1,1,1.0000,[speed-1],[[63d20f31-f40a-4ccb-92ae-8b4907efe553]]
2026-04-26 10:48:09.023,47.458,EngineOverheat,atomic,[EngineOverheat],[1.0000],1,1,1.0000,[engine-temp-1],[[8e4d1e3d-bd0c-44e4-926b-abcc040ffa08]]
2026-04-26 10:48:09.024,47.459,CrazyEvent,complex,[HighSpeedOverheat;EngineOverheat],[1.0000;1.0000],3,3,1.0000,[engine-temp-1;speed-1],[[a0f6ddd8-b41e-4ab4-a608-5f66aa4b4ba7];[05f684f6-e1e6-401c-b2e6-adbc35757433];[8e4d1e3d-bd0c-44e4-926b-abcc040ffa08]]
2026-04-26 10:48:09.024,47.459,HighSpeedOverheat,complex,[Overspeeding;EngineOverheat],[1.0000;1.0000],2,2,1.0000,[engine-temp-1;speed-1],[[63d20f31-f40a-4ccb-92ae-8b4907efe553];[8e4d1e3d-bd0c-44e4-926b-abcc040ffa08]]
2026-04-26 10:48:10.024,48.459,EngineOverheat,atomic,[EngineOverheat],[1.0000],1,1,1.0000,[engine-temp-1],[[1eed3815-879e-42f8-9b7b-7d0effdc73b7]]
2026-04-26 10:48:10.025,48.460,CrazyEvent,complex,[HighSpeedOverheat;EngineOverheat],[1.0000;1.0000],3,3,1.0000,[engine-temp-1;speed-1],[[63d20f31-f40a-4ccb-92ae-8b4907efe553];[8e4d1e3d-bd0c-44e4-926b-abcc040ffa08];[1eed3815-879e-42f8-9b7b-7d0effdc73b7]]
2026-04-26 10:48:10.037,48.472,Overspeeding,atomic,[Overspeeding],[1.0000],1,1,1.0000,[speed-1],[[f03c8fa0-a823-4103-be92-f8be5e614993]]
2026-04-26 10:48:11.022,49.457,EngineOverheat,atomic,[EngineOverheat],[1.0000],1,1,1.0000,[engine-temp-1],[[674ae8a7-0131-4074-9252-10777d4efbde]]
2026-04-26 10:48:11.023,49.458,HighSpeedOverheat,complex,[Overspeeding;EngineOverheat],[1.0000;1.0000],2,2,1.0000,[engine-temp-1;speed-1],[[f03c8fa0-a823-4103-be92-f8be5e614993];[674ae8a7-0131-4074-9252-10777d4efbde]]
2026-04-26 10:48:11.035,49.470,Overspeeding,atomic,[Overspeeding],[1.0000],1,1,1.0000,[speed-1],[[0d0bcde1-c4cf-47d6-b398-4e2d989e75ef]]
2026-04-26 10:48:12.011,50.446,EngineOverheat,atomic,[EngineOverheat],[1.0000],1,1,1.0000,[engine-temp-1],[[89a07fcf-13b2-45e2-9dce-4a778339dff9]]
2026-04-26 10:48:12.013,50.448,CrazyEvent,complex,[HighSpeedOverheat;EngineOverheat],[1.0000;1.0000],3,3,1.0000,[engine-temp-1;speed-1],[[f03c8fa0-a823-4103-be92-f8be5e614993];[674ae8a7-0131-4074-9252-10777d4efbde];[89a07fcf-13b2-45e2-9dce-4a778339dff9]]
2026-04-26 10:48:12.013,50.448,HighSpeedOverheat,complex,[Overspeeding;EngineOverheat],[1.0000;1.0000],2,2,1.0000,[engine-temp-1;speed-1],[[0d0bcde1-c4cf-47d6-b398-4e2d989e75ef];[89a07fcf-13b2-45e2-9dce-4a778339dff9]]
2026-04-26 10:48:12.027,50.462,Overspeeding,atomic,[Overspeeding],[1.0000],1,1,1.0000,[speed-1],[[f6eaa6c3-d632-492e-9683-a8b486a19683]]
2026-04-26 10:48:13.014,51.449,EngineOverheat,atomic,[EngineOverheat],[1.0000],1,1,1.0000,[engine-temp-1],[[aaa0f84f-f075-4a11-8433-2773de20e28a]]
2026-04-26 10:48:13.015,51.450,CrazyEvent,complex,[HighSpeedOverheat;EngineOverheat],[1.0000;1.0000],3,3,1.0000,[engine-temp-1;speed-1],[[0d0bcde1-c4cf-47d6-b398-4e2d989e75ef];[89a07fcf-13b2-45e2-9dce-4a778339dff9];[aaa0f84f-f075-4a11-8433-2773de20e28a]]
2026-04-26 10:48:13.015,51.450,HighSpeedOverheat,complex,[Overspeeding;EngineOverheat],[1.0000;1.0000],2,2,1.0000,[engine-temp-1;speed-1],[[f6eaa6c3-d632-492e-9683-a8b486a19683];[aaa0f84f-f075-4a11-8433-2773de20e28a]]
2026-04-26 10:48:13.026,51.461,Overspeeding,atomic,[Overspeeding],[1.0000],1,1,1.0000,[speed-1],[[5d3c95e6-c680-4c2c-8631-5a74df1f1a6b]]
2026-04-26 10:48:14.013,52.448,EngineOverheat,atomic,[EngineOverheat],[1.0000],1,1,1.0000,[engine-temp-1],[[97c591b5-4d3e-48d1-bae1-b1bb365fbae5]]
2026-04-26 10:48:14.014,52.449,CrazyEvent,complex,[HighSpeedOverheat;EngineOverheat],[1.0000;1.0000],3,3,1.0000,[engine-temp-1;speed-1],[[f6eaa6c3-d632-492e-9683-a8b486a19683];[aaa0f84f-f075-4a11-8433-2773de20e28a];[97c591b5-4d3e-48d1-bae1-b1bb365fbae5]]
2026-04-26 10:48:14.014,52.449,HighSpeedOverheat,complex,[Overspeeding;EngineOverheat],[1.0000;1.0000],2,2,1.0000,[engine-temp-1;speed-1],[[5d3c95e6-c680-4c2c-8631-5a74df1f1a6b];[97c591b5-4d3e-48d1-bae1-b1bb365fbae5]]
2026-04-26 10:48:14.027,52.462,Overspeeding,atomic,[Overspeeding],[1.0000],1,1,1.0000,[speed-1],[[c86f0d85-3c42-4aff-aea8-671ff5d60a77]]
2026-04-26 10:48:15.032,53.467,Overspeeding,atomic,[Overspeeding],[1.0000],1,1,1.0000,[speed-1],[[0204de5e-efb3-4387-a20a-747febf58dd7]]
2026-04-26 10:48:15.045,53.480,EngineOverheat,atomic,[EngineOverheat],[1.0000],1,1,1.0000,[engine-temp-1],[[b958cbeb-f193-436c-9a46-38d6f52e0520]]
2026-04-26 10:48:15.045,53.480,CrazyEvent,complex,[HighSpeedOverheat;EngineOverheat],[1.0000;1.0000],3,3,1.0000,[engine-temp-1;speed-1],[[5d3c95e6-c680-4c2c-8631-5a74df1f1a6b];[97c591b5-4d3e-48d1-bae1-b1bb365fbae5];[b958cbeb-f193-436c-9a46-38d6f52e0520]]
2026-04-26 10:48:15.046,53.481,HighSpeedOverheat,complex,[Overspeeding;EngineOverheat],[1.0000;1.0000],2,2,1.0000,[engine-temp-1;speed-1],[[c86f0d85-3c42-4aff-aea8-671ff5d60a77];[b958cbeb-f193-436c-9a46-38d6f52e0520]]
2026-04-26 10:48:16.015,54.450,Overspeeding,atomic,[Overspeeding],[1.0000],1,1,1.0000,[speed-1],[[7a0e494b-bf84-42d3-8ac4-a29a7519b9ba]]
2026-04-26 10:48:16.028,54.463,EngineOverheat,atomic,[EngineOverheat],[1.0000],1,1,1.0000,[engine-temp-1],[[2e97a87b-ce90-480d-bd5f-b97ab0826fcd]]
2026-04-26 10:48:16.029,54.464,CrazyEvent,complex,[HighSpeedOverheat;EngineOverheat],[1.0000;1.0000],3,3,1.0000,[engine-temp-1;speed-1],[[c86f0d85-3c42-4aff-aea8-671ff5d60a77];[b958cbeb-f193-436c-9a46-38d6f52e0520];[2e97a87b-ce90-480d-bd5f-b97ab0826fcd]]
2026-04-26 10:48:16.029,54.464,HighSpeedOverheat,complex,[Overspeeding;EngineOverheat],[1.0000;1.0000],2,2,1.0000,[engine-temp-1;speed-1],[[7a0e494b-bf84-42d3-8ac4-a29a7519b9ba];[2e97a87b-ce90-480d-bd5f-b97ab0826fcd]]
2026-04-26 10:48:17.021,55.456,EngineOverheat,atomic,[EngineOverheat],[1.0000],1,1,1.0000,[engine-temp-1],[[fd58b9de-ee2c-48b6-bc6f-040a4036d428]]
2026-04-26 10:48:17.022,55.457,CrazyEvent,complex,[HighSpeedOverheat;EngineOverheat],[1.0000;1.0000],3,3,1.0000,[engine-temp-1;speed-1],[[7a0e494b-bf84-42d3-8ac4-a29a7519b9ba];[2e97a87b-ce90-480d-bd5f-b97ab0826fcd];[fd58b9de-ee2c-48b6-bc6f-040a4036d428]]
2026-04-26 10:48:17.033,55.468,Overspeeding,atomic,[Overspeeding],[1.0000],1,1,1.0000,[speed-1],[[e09e14a0-5402-4769-8c45-9e7b563fe69a]]
2026-04-26 10:48:18.018,56.453,EngineOverheat,atomic,[EngineOverheat],[1.0000],1,1,1.0000,[engine-temp-1],[[8cd305a3-57fa-4290-a412-4cc7fc87d32e]]
2026-04-26 10:48:18.018,56.453,HighSpeedOverheat,complex,[Overspeeding;EngineOverheat],[1.0000;1.0000],2,2,1.0000,[engine-temp-1;speed-1],[[e09e14a0-5402-4769-8c45-9e7b563fe69a];[8cd305a3-57fa-4290-a412-4cc7fc87d32e]]
2026-04-26 10:48:18.031,56.466,Overspeeding,atomic,[Overspeeding],[1.0000],1,1,1.0000,[speed-1],[[fbe7c2b0-40c5-41e5-bd83-6dd66572c90a]]
2026-04-26 10:48:19.031,57.466,EngineOverheat,atomic,[EngineOverheat],[1.0000],1,1,1.0000,[engine-temp-1],[[b3e15eb9-c1d8-40ae-88d1-a488408536ac]]
2026-04-26 10:48:19.031,57.466,CrazyEvent,complex,[HighSpeedOverheat;EngineOverheat],[1.0000;1.0000],3,3,1.0000,[engine-temp-1;speed-1],[[e09e14a0-5402-4769-8c45-9e7b563fe69a];[8cd305a3-57fa-4290-a412-4cc7fc87d32e];[b3e15eb9-c1d8-40ae-88d1-a488408536ac]]
2026-04-26 10:48:19.031,57.466,HighSpeedOverheat,complex,[Overspeeding;EngineOverheat],[1.0000;1.0000],2,2,1.0000,[engine-temp-1;speed-1],[[fbe7c2b0-40c5-41e5-bd83-6dd66572c90a];[b3e15eb9-c1d8-40ae-88d1-a488408536ac]]
2026-04-26 10:48:19.043,57.478,Overspeeding,atomic,[Overspeeding],[1.0000],1,1,1.0000,[speed-1],[[c237875a-16e6-4fdf-a666-af03446c4031]]
2026-04-26 10:48:20.018,58.453,EngineOverheat,atomic,[EngineOverheat],[1.0000],1,1,1.0000,[engine-temp-1],[[a622a8d8-9ccb-456f-90c5-461246ad7df1]]
2026-04-26 10:48:20.019,58.454,CrazyEvent,complex,[HighSpeedOverheat;EngineOverheat],[1.0000;1.0000],3,3,1.0000,[engine-temp-1;speed-1],[[fbe7c2b0-40c5-41e5-bd83-6dd66572c90a];[b3e15eb9-c1d8-40ae-88d1-a488408536ac];[a622a8d8-9ccb-456f-90c5-461246ad7df1]]
2026-04-26 10:48:20.019,58.454,HighSpeedOverheat,complex,[Overspeeding;EngineOverheat],[1.0000;1.0000],2,2,1.0000,[engine-temp-1;speed-1],[[c237875a-16e6-4fdf-a666-af03446c4031];[a622a8d8-9ccb-456f-90c5-461246ad7df1]]
2026-04-26 10:48:20.031,58.466,Overspeeding,atomic,[Overspeeding],[1.0000],1,1,1.0000,[speed-1],[[8f6d446c-7c29-41d4-8fea-aae13aeff5d2]]
2026-04-26 10:48:21.013,59.448,EngineOverheat,atomic,[EngineOverheat],[1.0000],1,1,1.0000,[engine-temp-1],[[9bbcd809-ee00-4fde-b742-c73024f0eea6]]
2026-04-26 10:48:21.014,59.449,CrazyEvent,complex,[HighSpeedOverheat;EngineOverheat],[1.0000;1.0000],3,3,1.0000,[engine-temp-1;speed-1],[[c237875a-16e6-4fdf-a666-af03446c4031];[a622a8d8-9ccb-456f-90c5-461246ad7df1];[9bbcd809-ee00-4fde-b742-c73024f0eea6]]
2026-04-26 10:48:21.014,59.449,HighSpeedOverheat,complex,[Overspeeding;EngineOverheat],[1.0000;1.0000],2,2,1.0000,[engine-temp-1;speed-1],[[8f6d446c-7c29-41d4-8fea-aae13aeff5d2];[9bbcd809-ee00-4fde-b742-c73024f0eea6]]
2026-04-26 10:48:21.025,59.460,Overspeeding,atomic,[Overspeeding],[1.0000],1,1,1.0000,[speed-1],[[d244d4a2-3ead-4f4b-92bf-e3eaa683cbf8]]
2026-04-26 10:48:22.028,60.463,Overspeeding,atomic,[Overspeeding],[1.0000],1,1,1.0000,[speed-1],[[d73414b0-4b1b-4ab1-8e7c-d9601def6168]]
2026-04-26 10:48:22.039,60.474,EngineOverheat,atomic,[EngineOverheat],[1.0000],1,1,1.0000,[engine-temp-1],[[b320e965-0504-44d1-8a66-15295c1e958b]]
2026-04-26 10:48:22.040,60.475,CrazyEvent,complex,[HighSpeedOverheat;EngineOverheat],[1.0000;1.0000],3,3,1.0000,[engine-temp-1;speed-1],[[8f6d446c-7c29-41d4-8fea-aae13aeff5d2];[9bbcd809-ee00-4fde-b742-c73024f0eea6];[b320e965-0504-44d1-8a66-15295c1e958b]]
2026-04-26 10:48:22.040,60.475,HighSpeedOverheat,complex,[Overspeeding;EngineOverheat],[1.0000;1.0000],2,2,1.0000,[engine-temp-1;speed-1],[[d244d4a2-3ead-4f4b-92bf-e3eaa683cbf8];[b320e965-0504-44d1-8a66-15295c1e958b]]
2026-04-26 10:48:23.024,61.459,EngineOverheat,atomic,[EngineOverheat],[1.0000],1,1,1.0000,[engine-temp-1],[[9ae8320a-aaf3-4c01-a433-58a47fbcd7a2]]
2026-04-26 10:48:23.026,61.461,CrazyEvent,complex,[HighSpeedOverheat;EngineOverheat],[1.0000;1.0000],3,3,1.0000,[engine-temp-1;speed-1],[[d244d4a2-3ead-4f4b-92bf-e3eaa683cbf8];[b320e965-0504-44d1-8a66-15295c1e958b];[9ae8320a-aaf3-4c01-a433-58a47fbcd7a2]]
2026-04-26 10:48:23.039,61.474,Overspeeding,atomic,[Overspeeding],[1.0000],1,1,1.0000,[speed-1],[[3862ec65-1a70-4e93-872a-a142a47cb0c2]]
2026-04-26 10:48:24.009,62.444,Overspeeding,atomic,[Overspeeding],[1.0000],1,1,1.0000,[speed-1],[[be683dc2-67ca-4a9e-bf35-ffac1bcee0cb]]
2026-04-26 10:48:24.025,62.460,EngineOverheat,atomic,[EngineOverheat],[1.0000],1,1,1.0000,[engine-temp-1],[[668e8bae-2c60-4b18-b68a-3a99f5206507]]
2026-04-26 10:48:24.025,62.460,HighSpeedOverheat,complex,[Overspeeding;EngineOverheat],[1.0000;1.0000],2,2,1.0000,[engine-temp-1;speed-1],[[3862ec65-1a70-4e93-872a-a142a47cb0c2];[668e8bae-2c60-4b18-b68a-3a99f5206507]]
2026-04-26 10:48:25.025,63.460,EngineOverheat,atomic,[EngineOverheat],[1.0000],1,1,1.0000,[engine-temp-1],[[76dc0b6f-c078-412e-b6a1-554a8868f76f]]
2026-04-26 10:48:25.026,63.461,CrazyEvent,complex,[HighSpeedOverheat;EngineOverheat],[1.0000;1.0000],3,3,1.0000,[engine-temp-1;speed-1],[[3862ec65-1a70-4e93-872a-a142a47cb0c2];[668e8bae-2c60-4b18-b68a-3a99f5206507];[76dc0b6f-c078-412e-b6a1-554a8868f76f]]
2026-04-26 10:48:25.037,63.472,Overspeeding,atomic,[Overspeeding],[1.0000],1,1,1.0000,[speed-1],[[b288b658-f0a2-4870-8e0c-bacca2bfc2b2]]
2026-04-26 10:48:26.028,64.463,Overspeeding,atomic,[Overspeeding],[1.0000],1,1,1.0000,[speed-1],[[d712e709-ec22-436c-9f18-bbae4a9b5a47]]
2026-04-26 10:48:26.041,64.476,EngineOverheat,atomic,[EngineOverheat],[1.0000],1,1,1.0000,[engine-temp-1],[[51017b6e-5e56-42ac-8f86-24d60a7c57b6]]
2026-04-26 10:48:26.041,64.476,HighSpeedOverheat,complex,[Overspeeding;EngineOverheat],[1.0000;1.0000],2,2,1.0000,[engine-temp-1;speed-1],[[b288b658-f0a2-4870-8e0c-bacca2bfc2b2];[51017b6e-5e56-42ac-8f86-24d60a7c57b6]]
2026-04-26 10:48:27.017,65.452,Overspeeding,atomic,[Overspeeding],[1.0000],1,1,1.0000,[speed-1],[[0f98f36a-f4cd-4b20-8ff7-14583c1cfa80]]
2026-04-26 10:48:27.030,65.465,EngineOverheat,atomic,[EngineOverheat],[1.0000],1,1,1.0000,[engine-temp-1],[[dd41db88-d712-4e13-b146-f9bee05b99d5]]
2026-04-26 10:48:27.030,65.465,CrazyEvent,complex,[HighSpeedOverheat;EngineOverheat],[1.0000;1.0000],3,3,1.0000,[engine-temp-1;speed-1],[[b288b658-f0a2-4870-8e0c-bacca2bfc2b2];[51017b6e-5e56-42ac-8f86-24d60a7c57b6];[dd41db88-d712-4e13-b146-f9bee05b99d5]]
2026-04-26 10:48:27.030,65.465,HighSpeedOverheat,complex,[Overspeeding;EngineOverheat],[1.0000;1.0000],2,2,1.0000,[engine-temp-1;speed-1],[[0f98f36a-f4cd-4b20-8ff7-14583c1cfa80];[dd41db88-d712-4e13-b146-f9bee05b99d5]]
2026-04-26 10:48:28.022,66.457,EngineOverheat,atomic,[EngineOverheat],[1.0000],1,1,1.0000,[engine-temp-1],[[503ed26c-e785-4c19-b346-a05419567415]]
2026-04-26 10:48:28.023,66.458,CrazyEvent,complex,[HighSpeedOverheat;EngineOverheat],[1.0000;1.0000],3,3,1.0000,[engine-temp-1;speed-1],[[0f98f36a-f4cd-4b20-8ff7-14583c1cfa80];[dd41db88-d712-4e13-b146-f9bee05b99d5];[503ed26c-e785-4c19-b346-a05419567415]]
2026-04-26 10:48:28.034,66.469,Overspeeding,atomic,[Overspeeding],[1.0000],1,1,1.0000,[speed-1],[[2db7ecf8-23e9-4af8-8543-d8cb1e53e2b6]]
2026-04-26 10:48:29.022,67.457,EngineOverheat,atomic,[EngineOverheat],[1.0000],1,1,1.0000,[engine-temp-1],[[b849c15a-192f-42dc-8f74-a5dfdbfa863d]]
2026-04-26 10:48:29.022,67.457,HighSpeedOverheat,complex,[Overspeeding;EngineOverheat],[1.0000;1.0000],2,2,1.0000,[engine-temp-1;speed-1],[[2db7ecf8-23e9-4af8-8543-d8cb1e53e2b6];[b849c15a-192f-42dc-8f74-a5dfdbfa863d]]
2026-04-26 10:48:29.037,67.472,Overspeeding,atomic,[Overspeeding],[1.0000],1,1,1.0000,[speed-1],[[f2c53b76-b9a8-429a-827d-c94d13968a37]]
2026-04-26 10:48:30.029,68.464,EngineOverheat,atomic,[EngineOverheat],[1.0000],1,1,1.0000,[engine-temp-1],[[662ba555-a04c-4761-992a-abd9bb5584d6]]
2026-04-26 10:48:30.030,68.465,CrazyEvent,complex,[HighSpeedOverheat;EngineOverheat],[1.0000;1.0000],3,3,1.0000,[engine-temp-1;speed-1],[[2db7ecf8-23e9-4af8-8543-d8cb1e53e2b6];[b849c15a-192f-42dc-8f74-a5dfdbfa863d];[662ba555-a04c-4761-992a-abd9bb5584d6]]
2026-04-26 10:48:30.030,68.465,HighSpeedOverheat,complex,[Overspeeding;EngineOverheat],[1.0000;1.0000],2,2,1.0000,[engine-temp-1;speed-1],[[f2c53b76-b9a8-429a-827d-c94d13968a37];[662ba555-a04c-4761-992a-abd9bb5584d6]]
2026-04-26 10:48:30.041,68.476,Overspeeding,atomic,[Overspeeding],[1.0000],1,1,1.0000,[speed-1],[[0905e525-ffa6-4787-a0f9-920634460780]]
2026-04-26 10:48:31.020,69.455,EngineOverheat,atomic,[EngineOverheat],[1.0000],1,1,1.0000,[engine-temp-1],[[ae17ffa5-6e52-4f18-8fc2-398e1182f111]]
2026-04-26 10:48:31.021,69.456,CrazyEvent,complex,[HighSpeedOverheat;EngineOverheat],[1.0000;1.0000],3,3,1.0000,[engine-temp-1;speed-1],[[f2c53b76-b9a8-429a-827d-c94d13968a37];[662ba555-a04c-4761-992a-abd9bb5584d6];[ae17ffa5-6e52-4f18-8fc2-398e1182f111]]
2026-04-26 10:48:31.021,69.456,HighSpeedOverheat,complex,[Overspeeding;EngineOverheat],[1.0000;1.0000],2,2,1.0000,[engine-temp-1;speed-1],[[0905e525-ffa6-4787-a0f9-920634460780];[ae17ffa5-6e52-4f18-8fc2-398e1182f111]]
2026-04-26 10:48:31.032,69.467,Overspeeding,atomic,[Overspeeding],[1.0000],1,1,1.0000,[speed-1],[[a269fb88-0ac9-4171-802b-f36c72a62985]]
2026-04-26 10:48:32.017,70.452,EngineOverheat,atomic,[EngineOverheat],[1.0000],1,1,1.0000,[engine-temp-1],[[fddfe174-275c-4bd3-93fa-926e5dd92ba2]]
2026-04-26 10:48:32.017,70.452,CrazyEvent,complex,[HighSpeedOverheat;EngineOverheat],[1.0000;1.0000],3,3,1.0000,[engine-temp-1;speed-1],[[0905e525-ffa6-4787-a0f9-920634460780];[ae17ffa5-6e52-4f18-8fc2-398e1182f111];[fddfe174-275c-4bd3-93fa-926e5dd92ba2]]
2026-04-26 10:48:32.020,70.455,HighSpeedOverheat,complex,[Overspeeding;EngineOverheat],[1.0000;1.0000],2,2,1.0000,[engine-temp-1;speed-1],[[a269fb88-0ac9-4171-802b-f36c72a62985];[fddfe174-275c-4bd3-93fa-926e5dd92ba2]]
2026-04-26 10:48:32.032,70.467,Overspeeding,atomic,[Overspeeding],[1.0000],1,1,1.0000,[speed-1],[[be19be57-f833-4e70-8057-b5bd3ddd64e0]]
2026-04-26 10:48:33.022,71.457,EngineOverheat,atomic,[EngineOverheat],[1.0000],1,1,1.0000,[engine-temp-1],[[4759ad8d-4845-408d-b53f-634289d38b9b]]
2026-04-26 10:48:33.022,71.457,CrazyEvent,complex,[HighSpeedOverheat;EngineOverheat],[1.0000;1.0000],3,3,1.0000,[engine-temp-1;speed-1],[[a269fb88-0ac9-4171-802b-f36c72a62985];[fddfe174-275c-4bd3-93fa-926e5dd92ba2];[4759ad8d-4845-408d-b53f-634289d38b9b]]
2026-04-26 10:48:33.023,71.458,HighSpeedOverheat,complex,[Overspeeding;EngineOverheat],[1.0000;1.0000],2,2,1.0000,[engine-temp-1;speed-1],[[be19be57-f833-4e70-8057-b5bd3ddd64e0];[4759ad8d-4845-408d-b53f-634289d38b9b]]
2026-04-26 10:48:33.035,71.470,Overspeeding,atomic,[Overspeeding],[1.0000],1,1,1.0000,[speed-1],[[6a4bc861-5004-41e5-a811-1f8ad3654712]]
2026-04-26 10:48:34.020,72.455,EngineOverheat,atomic,[EngineOverheat],[1.0000],1,1,1.0000,[engine-temp-1],[[fa811a0a-9f0d-4381-82ac-86db49603d76]]
2026-04-26 10:48:34.022,72.457,CrazyEvent,complex,[HighSpeedOverheat;EngineOverheat],[1.0000;1.0000],3,3,1.0000,[engine-temp-1;speed-1],[[be19be57-f833-4e70-8057-b5bd3ddd64e0];[4759ad8d-4845-408d-b53f-634289d38b9b];[fa811a0a-9f0d-4381-82ac-86db49603d76]]
2026-04-26 10:48:34.023,72.458,HighSpeedOverheat,complex,[Overspeeding;EngineOverheat],[1.0000;1.0000],2,2,1.0000,[engine-temp-1;speed-1],[[6a4bc861-5004-41e5-a811-1f8ad3654712];[fa811a0a-9f0d-4381-82ac-86db49603d76]]
2026-04-26 10:48:34.034,72.469,Overspeeding,atomic,[Overspeeding],[1.0000],1,1,1.0000,[speed-1],[[a441f81f-17f8-45dc-a833-5506b9d6d099]]
2026-04-26 10:48:35.011,73.446,Overspeeding,atomic,[Overspeeding],[1.0000],1,1,1.0000,[speed-1],[[f4da816e-ea41-4c0b-92bd-98a2ef335595]]
2026-04-26 10:48:35.024,73.459,EngineOverheat,atomic,[EngineOverheat],[1.0000],1,1,1.0000,[engine-temp-1],[[bbd0123d-1a95-49cd-8388-5a3c50180385]]
2026-04-26 10:48:35.025,73.460,CrazyEvent,complex,[HighSpeedOverheat;EngineOverheat],[1.0000;1.0000],3,3,1.0000,[engine-temp-1;speed-1],[[6a4bc861-5004-41e5-a811-1f8ad3654712];[fa811a0a-9f0d-4381-82ac-86db49603d76];[bbd0123d-1a95-49cd-8388-5a3c50180385]]
2026-04-26 10:48:35.025,73.460,HighSpeedOverheat,complex,[Overspeeding;EngineOverheat],[1.0000;1.0000],2,2,1.0000,[engine-temp-1;speed-1],[[a441f81f-17f8-45dc-a833-5506b9d6d099];[bbd0123d-1a95-49cd-8388-5a3c50180385]]
2026-04-26 10:48:36.025,74.460,Overspeeding,atomic,[Overspeeding],[1.0000],1,1,1.0000,[speed-1],[[4906d14a-e78e-4ba0-ae72-e54b26ceaa77]]
2026-04-26 10:48:36.039,74.474,EngineOverheat,atomic,[EngineOverheat],[1.0000],1,1,1.0000,[engine-temp-1],[[23c7c55d-9d26-4503-a360-10d6ed9da0d2]]
2026-04-26 10:48:36.039,74.474,CrazyEvent,complex,[HighSpeedOverheat;EngineOverheat],[1.0000;1.0000],3,3,1.0000,[engine-temp-1;speed-1],[[a441f81f-17f8-45dc-a833-5506b9d6d099];[bbd0123d-1a95-49cd-8388-5a3c50180385];[23c7c55d-9d26-4503-a360-10d6ed9da0d2]]
2026-04-26 10:48:36.040,74.475,HighSpeedOverheat,complex,[Overspeeding;EngineOverheat],[1.0000;1.0000],2,2,1.0000,[engine-temp-1;speed-1],[[4906d14a-e78e-4ba0-ae72-e54b26ceaa77];[23c7c55d-9d26-4503-a360-10d6ed9da0d2]]
2026-04-26 10:48:37.018,75.453,EngineOverheat,atomic,[EngineOverheat],[1.0000],1,1,1.0000,[engine-temp-1],[[00cfd0bf-59ac-4802-88eb-b86cd57fb8e9]]
2026-04-26 10:48:37.020,75.455,CrazyEvent,complex,[HighSpeedOverheat;EngineOverheat],[1.0000;1.0000],3,3,1.0000,[engine-temp-1;speed-1],[[4906d14a-e78e-4ba0-ae72-e54b26ceaa77];[23c7c55d-9d26-4503-a360-10d6ed9da0d2];[00cfd0bf-59ac-4802-88eb-b86cd57fb8e9]]
2026-04-26 10:48:37.033,75.468,Overspeeding,atomic,[Overspeeding],[1.0000],1,1,1.0000,[speed-1],[[1c36838c-7a55-4d4b-967b-0200883efd1a]]
2026-04-26 10:48:38.009,76.444,Overspeeding,atomic,[Overspeeding],[1.0000],1,1,1.0000,[speed-1],[[bc956e25-2f5a-4665-b874-7ac8e2d4801c]]
2026-04-26 10:48:38.022,76.457,EngineOverheat,atomic,[EngineOverheat],[1.0000],1,1,1.0000,[engine-temp-1],[[cc88087a-a9d1-4327-b53a-05d123bbece9]]
2026-04-26 10:48:38.022,76.457,HighSpeedOverheat,complex,[Overspeeding;EngineOverheat],[1.0000;1.0000],2,2,1.0000,[engine-temp-1;speed-1],[[1c36838c-7a55-4d4b-967b-0200883efd1a];[cc88087a-a9d1-4327-b53a-05d123bbece9]]
2026-04-26 10:48:39.018,77.453,EngineOverheat,atomic,[EngineOverheat],[1.0000],1,1,1.0000,[engine-temp-1],[[1c7522eb-b47b-41ec-ab08-f321933ab10f]]
2026-04-26 10:48:39.019,77.454,CrazyEvent,complex,[HighSpeedOverheat;EngineOverheat],[1.0000;1.0000],3,3,1.0000,[engine-temp-1;speed-1],[[1c36838c-7a55-4d4b-967b-0200883efd1a];[cc88087a-a9d1-4327-b53a-05d123bbece9];[1c7522eb-b47b-41ec-ab08-f321933ab10f]]
2026-04-26 10:48:39.030,77.465,Overspeeding,atomic,[Overspeeding],[1.0000],1,1,1.0000,[speed-1],[[cc2187e6-8377-4dfd-8c47-7e9545f2ed53]]
2026-04-26 10:48:40.008,78.443,Overspeeding,atomic,[Overspeeding],[1.0000],1,1,1.0000,[speed-1],[[b300c8d4-a270-466d-a089-4aa413b2fed5]]
2026-04-26 10:48:40.023,78.458,EngineOverheat,atomic,[EngineOverheat],[1.0000],1,1,1.0000,[engine-temp-1],[[34e46424-5c40-4369-a9db-c8230e1d77a3]]
2026-04-26 10:48:40.024,78.459,HighSpeedOverheat,complex,[Overspeeding;EngineOverheat],[1.0000;1.0000],2,2,1.0000,[engine-temp-1;speed-1],[[cc2187e6-8377-4dfd-8c47-7e9545f2ed53];[34e46424-5c40-4369-a9db-c8230e1d77a3]]
2026-04-26 10:48:41.025,79.460,EngineOverheat,atomic,[EngineOverheat],[1.0000],1,1,1.0000,[engine-temp-1],[[ff5242f0-15bc-4842-9f5d-8585f59c173c]]
2026-04-26 10:48:41.027,79.462,CrazyEvent,complex,[HighSpeedOverheat;EngineOverheat],[1.0000;1.0000],3,3,1.0000,[engine-temp-1;speed-1],[[cc2187e6-8377-4dfd-8c47-7e9545f2ed53];[34e46424-5c40-4369-a9db-c8230e1d77a3];[ff5242f0-15bc-4842-9f5d-8585f59c173c]]
2026-04-26 10:48:41.039,79.474,Overspeeding,atomic,[Overspeeding],[1.0000],1,1,1.0000,[speed-1],[[50bf6cf0-ff33-42c4-9451-de7eac324587]]
2026-04-26 10:48:42.018,80.453,EngineOverheat,atomic,[EngineOverheat],[1.0000],1,1,1.0000,[engine-temp-1],[[b93a4709-d257-4ab8-8865-891737afc137]]
2026-04-26 10:48:42.018,80.453,HighSpeedOverheat,complex,[Overspeeding;EngineOverheat],[1.0000;1.0000],2,2,1.0000,[engine-temp-1;speed-1],[[50bf6cf0-ff33-42c4-9451-de7eac324587];[b93a4709-d257-4ab8-8865-891737afc137]]
2026-04-26 10:48:42.031,80.466,Overspeeding,atomic,[Overspeeding],[1.0000],1,1,1.0000,[speed-1],[[99ffe195-0117-4d03-a332-f29d59ffda70]]
2026-04-26 10:48:43.018,81.453,EngineOverheat,atomic,[EngineOverheat],[1.0000],1,1,1.0000,[engine-temp-1],[[539d0ea1-767f-4fa1-a776-44dbc27d25cb]]
2026-04-26 10:48:43.019,81.454,CrazyEvent,complex,[HighSpeedOverheat;EngineOverheat],[1.0000;1.0000],3,3,1.0000,[engine-temp-1;speed-1],[[50bf6cf0-ff33-42c4-9451-de7eac324587];[b93a4709-d257-4ab8-8865-891737afc137];[539d0ea1-767f-4fa1-a776-44dbc27d25cb]]
2026-04-26 10:48:43.019,81.454,HighSpeedOverheat,complex,[Overspeeding;EngineOverheat],[1.0000;1.0000],2,2,1.0000,[engine-temp-1;speed-1],[[99ffe195-0117-4d03-a332-f29d59ffda70];[539d0ea1-767f-4fa1-a776-44dbc27d25cb]]
2026-04-26 10:48:43.030,81.465,Overspeeding,atomic,[Overspeeding],[1.0000],1,1,1.0000,[speed-1],[[7aeb6c1c-6860-4f0d-bb6d-3aafdfc36a32]]
2026-04-26 10:48:44.021,82.456,EngineOverheat,atomic,[EngineOverheat],[1.0000],1,1,1.0000,[engine-temp-1],[[4cd77adc-dc69-413e-a67f-60e159f709af]]
2026-04-26 10:48:44.022,82.457,CrazyEvent,complex,[HighSpeedOverheat;EngineOverheat],[1.0000;1.0000],3,3,1.0000,[engine-temp-1;speed-1],[[99ffe195-0117-4d03-a332-f29d59ffda70];[539d0ea1-767f-4fa1-a776-44dbc27d25cb];[4cd77adc-dc69-413e-a67f-60e159f709af]]
2026-04-26 10:48:44.022,82.457,HighSpeedOverheat,complex,[Overspeeding;EngineOverheat],[1.0000;1.0000],2,2,1.0000,[engine-temp-1;speed-1],[[7aeb6c1c-6860-4f0d-bb6d-3aafdfc36a32];[4cd77adc-dc69-413e-a67f-60e159f709af]]
2026-04-26 10:48:44.035,82.470,Overspeeding,atomic,[Overspeeding],[1.0000],1,1,1.0000,[speed-1],[[07d4a9c9-54dc-437f-b6d4-f2160110aea5]]
2026-04-26 10:48:45.018,83.453,Overspeeding,atomic,[Overspeeding],[1.0000],1,1,1.0000,[speed-1],[[09725697-af43-4d63-a164-2815c1e7ef10]]
2026-04-26 10:48:45.030,83.465,EngineOverheat,atomic,[EngineOverheat],[1.0000],1,1,1.0000,[engine-temp-1],[[50351c9a-2af2-4ffd-8205-4fa336ea0799]]
2026-04-26 10:48:45.030,83.465,CrazyEvent,complex,[HighSpeedOverheat;EngineOverheat],[1.0000;1.0000],3,3,1.0000,[engine-temp-1;speed-1],[[7aeb6c1c-6860-4f0d-bb6d-3aafdfc36a32];[4cd77adc-dc69-413e-a67f-60e159f709af];[50351c9a-2af2-4ffd-8205-4fa336ea0799]]
2026-04-26 10:48:45.031,83.466,HighSpeedOverheat,complex,[Overspeeding;EngineOverheat],[1.0000;1.0000],2,2,1.0000,[engine-temp-1;speed-1],[[07d4a9c9-54dc-437f-b6d4-f2160110aea5];[50351c9a-2af2-4ffd-8205-4fa336ea0799]]
2026-04-26 10:48:46.014,84.449,Overspeeding,atomic,[Overspeeding],[1.0000],1,1,1.0000,[speed-1],[[76ba2539-e1c0-47c1-ba66-1c6f0ea8f0fc]]
2026-04-26 10:48:46.026,84.461,EngineOverheat,atomic,[EngineOverheat],[1.0000],1,1,1.0000,[engine-temp-1],[[a4704012-ba3d-4039-bb25-918c2059e149]]
2026-04-26 10:48:46.026,84.461,CrazyEvent,complex,[HighSpeedOverheat;EngineOverheat],[1.0000;1.0000],3,3,1.0000,[engine-temp-1;speed-1],[[07d4a9c9-54dc-437f-b6d4-f2160110aea5];[50351c9a-2af2-4ffd-8205-4fa336ea0799];[a4704012-ba3d-4039-bb25-918c2059e149]]
2026-04-26 10:48:46.027,84.462,HighSpeedOverheat,complex,[Overspeeding;EngineOverheat],[1.0000;1.0000],2,2,1.0000,[engine-temp-1;speed-1],[[76ba2539-e1c0-47c1-ba66-1c6f0ea8f0fc];[a4704012-ba3d-4039-bb25-918c2059e149]]
2026-04-26 10:48:47.010,85.445,Overspeeding,atomic,[Overspeeding],[1.0000],1,1,1.0000,[speed-1],[[d8b6647b-6427-44bb-a022-99da91b41897]]
2026-04-26 10:48:47.024,85.459,EngineOverheat,atomic,[EngineOverheat],[1.0000],1,1,1.0000,[engine-temp-1],[[346b83f1-e2fc-4261-aae9-1a95921510e1]]
2026-04-26 10:48:47.024,85.459,CrazyEvent,complex,[HighSpeedOverheat;EngineOverheat],[1.0000;1.0000],3,3,1.0000,[engine-temp-1;speed-1],[[76ba2539-e1c0-47c1-ba66-1c6f0ea8f0fc];[a4704012-ba3d-4039-bb25-918c2059e149];[346b83f1-e2fc-4261-aae9-1a95921510e1]]
2026-04-26 10:48:47.024,85.459,HighSpeedOverheat,complex,[Overspeeding;EngineOverheat],[1.0000;1.0000],2,2,1.0000,[engine-temp-1;speed-1],[[d8b6647b-6427-44bb-a022-99da91b41897];[346b83f1-e2fc-4261-aae9-1a95921510e1]]
2026-04-26 10:48:48.008,86.443,Overspeeding,atomic,[Overspeeding],[1.0000],1,1,1.0000,[speed-1],[[94e265a6-990a-4361-8ac6-e7f8f682b62c]]
2026-04-26 10:48:48.022,86.457,EngineOverheat,atomic,[EngineOverheat],[1.0000],1,1,1.0000,[engine-temp-1],[[4659ce9f-3425-494c-93a0-fae90d6593b8]]
2026-04-26 10:48:48.023,86.458,CrazyEvent,complex,[HighSpeedOverheat;EngineOverheat],[1.0000;1.0000],3,3,1.0000,[engine-temp-1;speed-1],[[d8b6647b-6427-44bb-a022-99da91b41897];[346b83f1-e2fc-4261-aae9-1a95921510e1];[4659ce9f-3425-494c-93a0-fae90d6593b8]]
2026-04-26 10:48:48.023,86.458,HighSpeedOverheat,complex,[Overspeeding;EngineOverheat],[1.0000;1.0000],2,2,1.0000,[engine-temp-1;speed-1],[[94e265a6-990a-4361-8ac6-e7f8f682b62c];[4659ce9f-3425-494c-93a0-fae90d6593b8]]
2026-04-26 10:48:49.029,87.464,EngineOverheat,atomic,[EngineOverheat],[1.0000],1,1,1.0000,[engine-temp-1],[[20c37ffd-7a80-4ef1-ab07-2b74971416b1]]
2026-04-26 10:48:49.030,87.465,CrazyEvent,complex,[HighSpeedOverheat;EngineOverheat],[1.0000;1.0000],3,3,1.0000,[engine-temp-1;speed-1],[[94e265a6-990a-4361-8ac6-e7f8f682b62c];[4659ce9f-3425-494c-93a0-fae90d6593b8];[20c37ffd-7a80-4ef1-ab07-2b74971416b1]]
2026-04-26 10:48:49.042,87.477,Overspeeding,atomic,[Overspeeding],[1.0000],1,1,1.0000,[speed-1],[[3f1f8699-1179-4a94-9515-9d1a5630084f]]
2026-04-26 10:48:50.028,88.463,EngineOverheat,atomic,[EngineOverheat],[1.0000],1,1,1.0000,[engine-temp-1],[[a81ea507-0a51-48a3-a97c-6337fa80916b]]
2026-04-26 10:48:50.028,88.463,HighSpeedOverheat,complex,[Overspeeding;EngineOverheat],[1.0000;1.0000],2,2,1.0000,[engine-temp-1;speed-1],[[3f1f8699-1179-4a94-9515-9d1a5630084f];[a81ea507-0a51-48a3-a97c-6337fa80916b]]
2026-04-26 10:48:50.040,88.475,Overspeeding,atomic,[Overspeeding],[1.0000],1,1,1.0000,[speed-1],[[f0ec3fe5-08cd-48f2-a350-c33df9c7628b]]
2026-04-26 10:48:51.022,89.457,EngineOverheat,atomic,[EngineOverheat],[1.0000],1,1,1.0000,[engine-temp-1],[[98c2de5a-55ea-4c32-8f99-a0a573306e22]]
2026-04-26 10:48:51.022,89.457,CrazyEvent,complex,[HighSpeedOverheat;EngineOverheat],[1.0000;1.0000],3,3,1.0000,[engine-temp-1;speed-1],[[3f1f8699-1179-4a94-9515-9d1a5630084f];[a81ea507-0a51-48a3-a97c-6337fa80916b];[98c2de5a-55ea-4c32-8f99-a0a573306e22]]
2026-04-26 10:48:51.022,89.457,HighSpeedOverheat,complex,[Overspeeding;EngineOverheat],[1.0000;1.0000],2,2,1.0000,[engine-temp-1;speed-1],[[f0ec3fe5-08cd-48f2-a350-c33df9c7628b];[98c2de5a-55ea-4c32-8f99-a0a573306e22]]
2026-04-26 10:48:51.034,89.469,Overspeeding,atomic,[Overspeeding],[1.0000],1,1,1.0000,[speed-1],[[4c07b661-faf6-44e2-aaf6-a098b5b1edea]]
2026-04-26 10:48:52.028,90.463,EngineOverheat,atomic,[EngineOverheat],[1.0000],1,1,1.0000,[engine-temp-1],[[e2c7a9b1-c079-4fee-a9f2-027bb4e3e317]]
2026-04-26 10:48:52.029,90.464,CrazyEvent,complex,[HighSpeedOverheat;EngineOverheat],[1.0000;1.0000],3,3,1.0000,[engine-temp-1;speed-1],[[f0ec3fe5-08cd-48f2-a350-c33df9c7628b];[98c2de5a-55ea-4c32-8f99-a0a573306e22];[e2c7a9b1-c079-4fee-a9f2-027bb4e3e317]]
2026-04-26 10:48:52.029,90.464,HighSpeedOverheat,complex,[Overspeeding;EngineOverheat],[1.0000;1.0000],2,2,1.0000,[engine-temp-1;speed-1],[[4c07b661-faf6-44e2-aaf6-a098b5b1edea];[e2c7a9b1-c079-4fee-a9f2-027bb4e3e317]]
2026-04-26 10:48:52.041,90.476,Overspeeding,atomic,[Overspeeding],[1.0000],1,1,1.0000,[speed-1],[[dfb8080b-9586-44a6-9580-b38a8233fe02]]
2026-04-26 10:48:53.016,91.451,Overspeeding,atomic,[Overspeeding],[1.0000],1,1,1.0000,[speed-1],[[8a94b614-68cb-4a11-b1a2-b70c059be85d]]
2026-04-26 10:48:53.028,91.463,EngineOverheat,atomic,[EngineOverheat],[1.0000],1,1,1.0000,[engine-temp-1],[[d21dd773-ce13-4935-be74-c546b7d03ff2]]
2026-04-26 10:48:53.028,91.463,CrazyEvent,complex,[HighSpeedOverheat;EngineOverheat],[1.0000;1.0000],3,3,1.0000,[engine-temp-1;speed-1],[[4c07b661-faf6-44e2-aaf6-a098b5b1edea];[e2c7a9b1-c079-4fee-a9f2-027bb4e3e317];[d21dd773-ce13-4935-be74-c546b7d03ff2]]
2026-04-26 10:48:53.029,91.464,HighSpeedOverheat,complex,[Overspeeding;EngineOverheat],[1.0000;1.0000],2,2,1.0000,[engine-temp-1;speed-1],[[dfb8080b-9586-44a6-9580-b38a8233fe02];[d21dd773-ce13-4935-be74-c546b7d03ff2]]
2026-04-26 10:48:54.018,92.453,Overspeeding,atomic,[Overspeeding],[1.0000],1,1,1.0000,[speed-1],[[1a88e711-b381-4b70-b577-a9b756269051]]
2026-04-26 10:48:54.037,92.472,EngineOverheat,atomic,[EngineOverheat],[1.0000],1,1,1.0000,[engine-temp-1],[[a2f5ed85-97a4-4270-909a-e4298535778c]]
2026-04-26 10:48:54.037,92.472,CrazyEvent,complex,[HighSpeedOverheat;EngineOverheat],[1.0000;1.0000],3,3,1.0000,[engine-temp-1;speed-1],[[dfb8080b-9586-44a6-9580-b38a8233fe02];[d21dd773-ce13-4935-be74-c546b7d03ff2];[a2f5ed85-97a4-4270-909a-e4298535778c]]
2026-04-26 10:48:54.037,92.472,HighSpeedOverheat,complex,[Overspeeding;EngineOverheat],[1.0000;1.0000],2,2,1.0000,[engine-temp-1;speed-1],[[1a88e711-b381-4b70-b577-a9b756269051];[a2f5ed85-97a4-4270-909a-e4298535778c]]
2026-04-26 10:48:55.014,93.449,Overspeeding,atomic,[Overspeeding],[1.0000],1,1,1.0000,[speed-1],[[4c77dab0-9851-4924-a554-2afa909daab0]]
2026-04-26 10:48:55.025,93.460,EngineOverheat,atomic,[EngineOverheat],[1.0000],1,1,1.0000,[engine-temp-1],[[4fe26d33-ee68-422f-8b22-149705559d41]]
2026-04-26 10:48:55.025,93.460,CrazyEvent,complex,[HighSpeedOverheat;EngineOverheat],[1.0000;1.0000],3,3,1.0000,[engine-temp-1;speed-1],[[1a88e711-b381-4b70-b577-a9b756269051];[a2f5ed85-97a4-4270-909a-e4298535778c];[4fe26d33-ee68-422f-8b22-149705559d41]]
2026-04-26 10:48:55.025,93.460,HighSpeedOverheat,complex,[Overspeeding;EngineOverheat],[1.0000;1.0000],2,2,1.0000,[engine-temp-1;speed-1],[[4c77dab0-9851-4924-a554-2afa909daab0];[4fe26d33-ee68-422f-8b22-149705559d41]]
2026-04-26 10:48:56.022,94.457,Overspeeding,atomic,[Overspeeding],[1.0000],1,1,1.0000,[speed-1],[[de6a1280-1a65-4b89-9e9b-35bd85784a8d]]
2026-04-26 10:48:56.035,94.470,EngineOverheat,atomic,[EngineOverheat],[1.0000],1,1,1.0000,[engine-temp-1],[[49b90580-8c30-4aa8-bfe0-b3c26a369c49]]
2026-04-26 10:48:56.035,94.470,CrazyEvent,complex,[HighSpeedOverheat;EngineOverheat],[1.0000;1.0000],3,3,1.0000,[engine-temp-1;speed-1],[[4c77dab0-9851-4924-a554-2afa909daab0];[4fe26d33-ee68-422f-8b22-149705559d41];[49b90580-8c30-4aa8-bfe0-b3c26a369c49]]
2026-04-26 10:48:56.037,94.472,HighSpeedOverheat,complex,[Overspeeding;EngineOverheat],[1.0000;1.0000],2,2,1.0000,[engine-temp-1;speed-1],[[de6a1280-1a65-4b89-9e9b-35bd85784a8d];[49b90580-8c30-4aa8-bfe0-b3c26a369c49]]
2026-04-26 10:48:57.020,95.455,EngineOverheat,atomic,[EngineOverheat],[1.0000],1,1,1.0000,[engine-temp-1],[[8187facc-2408-424b-b587-e14e0739e3b2]]
2026-04-26 10:48:57.021,95.456,CrazyEvent,complex,[HighSpeedOverheat;EngineOverheat],[1.0000;1.0000],3,3,1.0000,[engine-temp-1;speed-1],[[de6a1280-1a65-4b89-9e9b-35bd85784a8d];[49b90580-8c30-4aa8-bfe0-b3c26a369c49];[8187facc-2408-424b-b587-e14e0739e3b2]]
2026-04-26 10:48:57.033,95.468,Overspeeding,atomic,[Overspeeding],[1.0000],1,1,1.0000,[speed-1],[[e3542e56-e0ac-4958-bf5b-ff4e9cb38dc0]]
2026-04-26 10:48:58.011,96.446,Overspeeding,atomic,[Overspeeding],[1.0000],1,1,1.0000,[speed-1],[[29886548-de31-47ba-8867-3f599a486727]]
2026-04-26 10:48:58.024,96.459,EngineOverheat,atomic,[EngineOverheat],[1.0000],1,1,1.0000,[engine-temp-1],[[fabad0ff-bd22-4ed3-8cb6-fc440c175919]]
2026-04-26 10:48:58.033,96.468,HighSpeedOverheat,complex,[Overspeeding;EngineOverheat],[1.0000;1.0000],2,2,1.0000,[engine-temp-1;speed-1],[[e3542e56-e0ac-4958-bf5b-ff4e9cb38dc0];[fabad0ff-bd22-4ed3-8cb6-fc440c175919]]
2026-04-26 10:48:59.022,97.457,Overspeeding,atomic,[Overspeeding],[1.0000],1,1,1.0000,[speed-1],[[3fa8ad14-7f62-4d82-95b0-730ec793e385]]
2026-04-26 10:48:59.034,97.469,EngineOverheat,atomic,[EngineOverheat],[1.0000],1,1,1.0000,[engine-temp-1],[[1320a8d4-4477-4be2-ba5f-d28442d68b3a]]
2026-04-26 10:48:59.034,97.469,CrazyEvent,complex,[HighSpeedOverheat;EngineOverheat],[1.0000;1.0000],3,3,1.0000,[engine-temp-1;speed-1],[[e3542e56-e0ac-4958-bf5b-ff4e9cb38dc0];[fabad0ff-bd22-4ed3-8cb6-fc440c175919];[1320a8d4-4477-4be2-ba5f-d28442d68b3a]]
2026-04-26 10:48:59.034,97.469,HighSpeedOverheat,complex,[Overspeeding;EngineOverheat],[1.0000;1.0000],2,2,1.0000,[engine-temp-1;speed-1],[[3fa8ad14-7f62-4d82-95b0-730ec793e385];[1320a8d4-4477-4be2-ba5f-d28442d68b3a]]
2026-04-26 10:49:00.017,98.452,EngineOverheat,atomic,[EngineOverheat],[1.0000],1,1,1.0000,[engine-temp-1],[[cc8f5150-44eb-438f-8b21-bc44185d6554]]
2026-04-26 10:49:00.017,98.452,CrazyEvent,complex,[HighSpeedOverheat;EngineOverheat],[1.0000;1.0000],3,3,1.0000,[engine-temp-1;speed-1],[[3fa8ad14-7f62-4d82-95b0-730ec793e385];[1320a8d4-4477-4be2-ba5f-d28442d68b3a];[cc8f5150-44eb-438f-8b21-bc44185d6554]]
2026-04-26 10:49:00.030,98.465,Overspeeding,atomic,[Overspeeding],[1.0000],1,1,1.0000,[speed-1],[[7ead62d2-828e-4efe-bf3d-3e61f71e9e45]]
2026-04-26 10:49:01.018,99.453,EngineOverheat,atomic,[EngineOverheat],[1.0000],1,1,1.0000,[engine-temp-1],[[a00aeb10-4a4d-40e2-bc35-e43d216a9267]]
2026-04-26 10:49:01.018,99.453,HighSpeedOverheat,complex,[Overspeeding;EngineOverheat],[1.0000;1.0000],2,2,1.0000,[engine-temp-1;speed-1],[[7ead62d2-828e-4efe-bf3d-3e61f71e9e45];[a00aeb10-4a4d-40e2-bc35-e43d216a9267]]
2026-04-26 10:49:01.031,99.466,Overspeeding,atomic,[Overspeeding],[1.0000],1,1,1.0000,[speed-1],[[3479797d-2436-4ab0-b9d4-fcf273d64e03]]
2026-04-26 10:49:02.021,100.456,Overspeeding,atomic,[Overspeeding],[1.0000],1,1,1.0000,[speed-1],[[4cb34540-9ead-424d-bbad-b5c8b387f052]]
2026-04-26 10:49:02.034,100.469,EngineOverheat,atomic,[EngineOverheat],[1.0000],1,1,1.0000,[engine-temp-1],[[826bae1f-dc86-4968-b7eb-099f1974f644]]
2026-04-26 10:49:02.034,100.469,CrazyEvent,complex,[HighSpeedOverheat;EngineOverheat],[1.0000;1.0000],3,3,1.0000,[engine-temp-1;speed-1],[[7ead62d2-828e-4efe-bf3d-3e61f71e9e45];[a00aeb10-4a4d-40e2-bc35-e43d216a9267];[826bae1f-dc86-4968-b7eb-099f1974f644]]
2026-04-26 10:49:02.034,100.469,HighSpeedOverheat,complex,[Overspeeding;EngineOverheat],[1.0000;1.0000],2,2,1.0000,[engine-temp-1;speed-1],[[3479797d-2436-4ab0-b9d4-fcf273d64e03];[826bae1f-dc86-4968-b7eb-099f1974f644]]
2026-04-26 10:49:03.015,101.450,EngineOverheat,atomic,[EngineOverheat],[1.0000],1,1,1.0000,[engine-temp-1],[[975e1377-5213-41e2-9535-87cde638324b]]
2026-04-26 10:49:03.015,101.450,CrazyEvent,complex,[HighSpeedOverheat;EngineOverheat],[1.0000;1.0000],3,3,1.0000,[engine-temp-1;speed-1],[[3479797d-2436-4ab0-b9d4-fcf273d64e03];[826bae1f-dc86-4968-b7eb-099f1974f644];[975e1377-5213-41e2-9535-87cde638324b]]
2026-04-26 10:49:03.028,101.463,Overspeeding,atomic,[Overspeeding],[1.0000],1,1,1.0000,[speed-1],[[76cb8e6f-1f4c-4670-9317-2e69f85c5882]]
2026-04-26 10:49:04.022,102.457,EngineOverheat,atomic,[EngineOverheat],[1.0000],1,1,1.0000,[engine-temp-1],[[a9ec44ac-d4ca-420d-b704-03d67c19a4c9]]
2026-04-26 10:49:04.022,102.457,HighSpeedOverheat,complex,[Overspeeding;EngineOverheat],[1.0000;1.0000],2,2,1.0000,[engine-temp-1;speed-1],[[76cb8e6f-1f4c-4670-9317-2e69f85c5882];[a9ec44ac-d4ca-420d-b704-03d67c19a4c9]]
2026-04-26 10:49:04.034,102.469,Overspeeding,atomic,[Overspeeding],[1.0000],1,1,1.0000,[speed-1],[[24f58325-f400-4b45-afde-d4f1e7b5b4a2]]
2026-04-26 10:49:05.022,103.457,EngineOverheat,atomic,[EngineOverheat],[1.0000],1,1,1.0000,[engine-temp-1],[[98abcd6b-9e3a-481c-8aec-af37ec710e78]]
2026-04-26 10:49:05.022,103.457,CrazyEvent,complex,[HighSpeedOverheat;EngineOverheat],[1.0000;1.0000],3,3,1.0000,[engine-temp-1;speed-1],[[76cb8e6f-1f4c-4670-9317-2e69f85c5882];[a9ec44ac-d4ca-420d-b704-03d67c19a4c9];[98abcd6b-9e3a-481c-8aec-af37ec710e78]]
2026-04-26 10:49:05.023,103.458,HighSpeedOverheat,complex,[Overspeeding;EngineOverheat],[1.0000;1.0000],2,2,1.0000,[engine-temp-1;speed-1],[[24f58325-f400-4b45-afde-d4f1e7b5b4a2];[98abcd6b-9e3a-481c-8aec-af37ec710e78]]
2026-04-26 10:49:05.034,103.469,Overspeeding,atomic,[Overspeeding],[1.0000],1,1,1.0000,[speed-1],[[24cc08ac-b2fd-4db1-b336-4225d20a0637]]
2026-04-26 10:49:06.022,104.457,EngineOverheat,atomic,[EngineOverheat],[1.0000],1,1,1.0000,[engine-temp-1],[[9ebfa99c-4fa1-4396-acc5-564b348d39c0]]
2026-04-26 10:49:06.022,104.457,CrazyEvent,complex,[HighSpeedOverheat;EngineOverheat],[1.0000;1.0000],3,3,1.0000,[engine-temp-1;speed-1],[[24f58325-f400-4b45-afde-d4f1e7b5b4a2];[98abcd6b-9e3a-481c-8aec-af37ec710e78];[9ebfa99c-4fa1-4396-acc5-564b348d39c0]]
2026-04-26 10:49:06.022,104.457,HighSpeedOverheat,complex,[Overspeeding;EngineOverheat],[1.0000;1.0000],2,2,1.0000,[engine-temp-1;speed-1],[[24cc08ac-b2fd-4db1-b336-4225d20a0637];[9ebfa99c-4fa1-4396-acc5-564b348d39c0]]
2026-04-26 10:49:06.034,104.469,Overspeeding,atomic,[Overspeeding],[1.0000],1,1,1.0000,[speed-1],[[01edda22-b07d-451a-bce3-0bb2707b450f]]
2026-04-26 10:49:07.024,105.459,EngineOverheat,atomic,[EngineOverheat],[1.0000],1,1,1.0000,[engine-temp-1],[[6aba803a-3be3-4345-9f23-214a504cc1dc]]
2026-04-26 10:49:07.024,105.459,CrazyEvent,complex,[HighSpeedOverheat;EngineOverheat],[1.0000;1.0000],3,3,1.0000,[engine-temp-1;speed-1],[[24cc08ac-b2fd-4db1-b336-4225d20a0637];[9ebfa99c-4fa1-4396-acc5-564b348d39c0];[6aba803a-3be3-4345-9f23-214a504cc1dc]]
2026-04-26 10:49:07.024,105.459,HighSpeedOverheat,complex,[Overspeeding;EngineOverheat],[1.0000;1.0000],2,2,1.0000,[engine-temp-1;speed-1],[[01edda22-b07d-451a-bce3-0bb2707b450f];[6aba803a-3be3-4345-9f23-214a504cc1dc]]
2026-04-26 10:49:07.036,105.471,Overspeeding,atomic,[Overspeeding],[1.0000],1,1,1.0000,[speed-1],[[05e4903c-0431-4a08-8917-2ab04a8a3bd5]]
2026-04-26 10:49:08.012,106.447,EngineOverheat,atomic,[EngineOverheat],[1.0000],1,1,1.0000,[engine-temp-1],[[01b4ff70-27fe-4a0c-92a4-4844243c906c]]
2026-04-26 10:49:08.013,106.448,CrazyEvent,complex,[HighSpeedOverheat;EngineOverheat],[1.0000;1.0000],3,3,1.0000,[engine-temp-1;speed-1],[[01edda22-b07d-451a-bce3-0bb2707b450f];[6aba803a-3be3-4345-9f23-214a504cc1dc];[01b4ff70-27fe-4a0c-92a4-4844243c906c]]
2026-04-26 10:49:08.013,106.448,HighSpeedOverheat,complex,[Overspeeding;EngineOverheat],[1.0000;1.0000],2,2,1.0000,[engine-temp-1;speed-1],[[05e4903c-0431-4a08-8917-2ab04a8a3bd5];[01b4ff70-27fe-4a0c-92a4-4844243c906c]]
2026-04-26 10:49:08.027,106.462,Overspeeding,atomic,[Overspeeding],[1.0000],1,1,1.0000,[speed-1],[[110ebcde-f974-4e4b-a5dd-2a83bb749ae8]]
2026-04-26 10:49:09.018,107.453,EngineOverheat,atomic,[EngineOverheat],[1.0000],1,1,1.0000,[engine-temp-1],[[9c40f93f-61b8-4687-a595-7d3f40540123]]
2026-04-26 10:49:09.018,107.453,CrazyEvent,complex,[HighSpeedOverheat;EngineOverheat],[1.0000;1.0000],3,3,1.0000,[engine-temp-1;speed-1],[[05e4903c-0431-4a08-8917-2ab04a8a3bd5];[01b4ff70-27fe-4a0c-92a4-4844243c906c];[9c40f93f-61b8-4687-a595-7d3f40540123]]
2026-04-26 10:49:09.019,107.454,HighSpeedOverheat,complex,[Overspeeding;EngineOverheat],[1.0000;1.0000],2,2,1.0000,[engine-temp-1;speed-1],[[110ebcde-f974-4e4b-a5dd-2a83bb749ae8];[9c40f93f-61b8-4687-a595-7d3f40540123]]
2026-04-26 10:49:09.032,107.467,Overspeeding,atomic,[Overspeeding],[1.0000],1,1,1.0000,[speed-1],[[23c1e18c-2c52-41f8-9e5b-3b4268008dc9]]
2026-04-26 10:49:10.026,108.461,EngineOverheat,atomic,[EngineOverheat],[1.0000],1,1,1.0000,[engine-temp-1],[[0215e09e-474b-466e-b297-583765ffb048]]
2026-04-26 10:49:10.027,108.462,CrazyEvent,complex,[HighSpeedOverheat;EngineOverheat],[1.0000;1.0000],3,3,1.0000,[engine-temp-1;speed-1],[[110ebcde-f974-4e4b-a5dd-2a83bb749ae8];[9c40f93f-61b8-4687-a595-7d3f40540123];[0215e09e-474b-466e-b297-583765ffb048]]
2026-04-26 10:49:10.028,108.463,HighSpeedOverheat,complex,[Overspeeding;EngineOverheat],[1.0000;1.0000],2,2,1.0000,[engine-temp-1;speed-1],[[23c1e18c-2c52-41f8-9e5b-3b4268008dc9];[0215e09e-474b-466e-b297-583765ffb048]]
2026-04-26 10:49:10.041,108.476,Overspeeding,atomic,[Overspeeding],[1.0000],1,1,1.0000,[speed-1],[[bed67e6c-ebf4-4cb7-b3a1-44cc7d0c4d3d]]
2026-04-26 10:49:11.021,109.456,EngineOverheat,atomic,[EngineOverheat],[1.0000],1,1,1.0000,[engine-temp-1],[[d41fc511-7120-40f6-8f43-71829275991e]]
2026-04-26 10:49:11.021,109.456,CrazyEvent,complex,[HighSpeedOverheat;EngineOverheat],[1.0000;1.0000],3,3,1.0000,[engine-temp-1;speed-1],[[23c1e18c-2c52-41f8-9e5b-3b4268008dc9];[0215e09e-474b-466e-b297-583765ffb048];[d41fc511-7120-40f6-8f43-71829275991e]]
2026-04-26 10:49:11.022,109.457,HighSpeedOverheat,complex,[Overspeeding;EngineOverheat],[1.0000;1.0000],2,2,1.0000,[engine-temp-1;speed-1],[[bed67e6c-ebf4-4cb7-b3a1-44cc7d0c4d3d];[d41fc511-7120-40f6-8f43-71829275991e]]
2026-04-26 10:49:11.033,109.468,Overspeeding,atomic,[Overspeeding],[1.0000],1,1,1.0000,[speed-1],[[c0c2a17c-94b7-47fc-9486-1048280cdd6b]]
2026-04-26 10:49:12.021,110.456,Overspeeding,atomic,[Overspeeding],[1.0000],1,1,1.0000,[speed-1],[[67f82318-6eff-416d-b6eb-1715168ced61]]
2026-04-26 10:49:12.032,110.467,EngineOverheat,atomic,[EngineOverheat],[1.0000],1,1,1.0000,[engine-temp-1],[[609ce9aa-24e4-4415-b35a-e69eebdd4b42]]
2026-04-26 10:49:12.033,110.468,CrazyEvent,complex,[HighSpeedOverheat;EngineOverheat],[1.0000;1.0000],3,3,1.0000,[engine-temp-1;speed-1],[[bed67e6c-ebf4-4cb7-b3a1-44cc7d0c4d3d];[d41fc511-7120-40f6-8f43-71829275991e];[609ce9aa-24e4-4415-b35a-e69eebdd4b42]]
2026-04-26 10:49:12.034,110.469,HighSpeedOverheat,complex,[Overspeeding;EngineOverheat],[1.0000;1.0000],2,2,1.0000,[engine-temp-1;speed-1],[[c0c2a17c-94b7-47fc-9486-1048280cdd6b];[609ce9aa-24e4-4415-b35a-e69eebdd4b42]]
2026-04-26 10:49:13.019,111.454,Overspeeding,atomic,[Overspeeding],[1.0000],1,1,1.0000,[speed-1],[[cc10cc47-16f3-407e-bd43-4caf267650da]]
2026-04-26 10:49:13.031,111.466,EngineOverheat,atomic,[EngineOverheat],[1.0000],1,1,1.0000,[engine-temp-1],[[e7eac2e6-558f-480e-a829-792ce8d5ab61]]
2026-04-26 10:49:13.032,111.467,CrazyEvent,complex,[HighSpeedOverheat;EngineOverheat],[1.0000;1.0000],3,3,1.0000,[engine-temp-1;speed-1],[[c0c2a17c-94b7-47fc-9486-1048280cdd6b];[609ce9aa-24e4-4415-b35a-e69eebdd4b42];[e7eac2e6-558f-480e-a829-792ce8d5ab61]]
2026-04-26 10:49:13.032,111.467,HighSpeedOverheat,complex,[Overspeeding;EngineOverheat],[1.0000;1.0000],2,2,1.0000,[engine-temp-1;speed-1],[[cc10cc47-16f3-407e-bd43-4caf267650da];[e7eac2e6-558f-480e-a829-792ce8d5ab61]]
2026-04-26 10:49:14.011,112.446,Overspeeding,atomic,[Overspeeding],[1.0000],1,1,1.0000,[speed-1],[[7361eb84-3087-4fa1-865e-163b71019ebd]]
2026-04-26 10:49:14.025,112.460,EngineOverheat,atomic,[EngineOverheat],[1.0000],1,1,1.0000,[engine-temp-1],[[ead03ee0-3fbd-4fbe-ab12-5273d177db2d]]
2026-04-26 10:49:14.025,112.460,CrazyEvent,complex,[HighSpeedOverheat;EngineOverheat],[1.0000;1.0000],3,3,1.0000,[engine-temp-1;speed-1],[[cc10cc47-16f3-407e-bd43-4caf267650da];[e7eac2e6-558f-480e-a829-792ce8d5ab61];[ead03ee0-3fbd-4fbe-ab12-5273d177db2d]]
2026-04-26 10:49:14.025,112.460,HighSpeedOverheat,complex,[Overspeeding;EngineOverheat],[1.0000;1.0000],2,2,1.0000,[engine-temp-1;speed-1],[[7361eb84-3087-4fa1-865e-163b71019ebd];[ead03ee0-3fbd-4fbe-ab12-5273d177db2d]]
2026-04-26 10:49:15.025,113.460,EngineOverheat,atomic,[EngineOverheat],[1.0000],1,1,1.0000,[engine-temp-1],[[aed49ac5-f1d3-42b4-9698-88068113d9c6]]
2026-04-26 10:49:15.026,113.461,CrazyEvent,complex,[HighSpeedOverheat;EngineOverheat],[1.0000;1.0000],3,3,1.0000,[engine-temp-1;speed-1],[[7361eb84-3087-4fa1-865e-163b71019ebd];[ead03ee0-3fbd-4fbe-ab12-5273d177db2d];[aed49ac5-f1d3-42b4-9698-88068113d9c6]]
2026-04-26 10:49:15.039,113.474,Overspeeding,atomic,[Overspeeding],[1.0000],1,1,1.0000,[speed-1],[[bfcf97ae-ce3d-466e-a863-d2809159b118]]
2026-04-26 10:49:16.022,114.457,Overspeeding,atomic,[Overspeeding],[1.0000],1,1,1.0000,[speed-1],[[bd6328a2-0dd8-4d36-b860-9099733eafa1]]
2026-04-26 10:49:16.034,114.469,EngineOverheat,atomic,[EngineOverheat],[1.0000],1,1,1.0000,[engine-temp-1],[[b0dfe448-a364-4f8f-88cd-468d7ce83945]]
2026-04-26 10:49:16.034,114.469,HighSpeedOverheat,complex,[Overspeeding;EngineOverheat],[1.0000;1.0000],2,2,1.0000,[engine-temp-1;speed-1],[[bfcf97ae-ce3d-466e-a863-d2809159b118];[b0dfe448-a364-4f8f-88cd-468d7ce83945]]
2026-04-26 10:49:17.022,115.457,EngineOverheat,atomic,[EngineOverheat],[1.0000],1,1,1.0000,[engine-temp-1],[[e25dd789-2894-4ded-b0ed-293c76d5ba52]]
2026-04-26 10:49:17.023,115.458,CrazyEvent,complex,[HighSpeedOverheat;EngineOverheat],[1.0000;1.0000],3,3,1.0000,[engine-temp-1;speed-1],[[bfcf97ae-ce3d-466e-a863-d2809159b118];[b0dfe448-a364-4f8f-88cd-468d7ce83945];[e25dd789-2894-4ded-b0ed-293c76d5ba52]]
2026-04-26 10:49:17.033,115.468,Overspeeding,atomic,[Overspeeding],[1.0000],1,1,1.0000,[speed-1],[[1c0d263a-0a16-483c-8ba1-78e9001f698d]]
2026-04-26 10:49:18.021,116.456,EngineOverheat,atomic,[EngineOverheat],[1.0000],1,1,1.0000,[engine-temp-1],[[4360909c-1fa9-44d8-878e-667710c3428e]]
2026-04-26 10:49:18.021,116.456,HighSpeedOverheat,complex,[Overspeeding;EngineOverheat],[1.0000;1.0000],2,2,1.0000,[engine-temp-1;speed-1],[[1c0d263a-0a16-483c-8ba1-78e9001f698d];[4360909c-1fa9-44d8-878e-667710c3428e]]
2026-04-26 10:49:18.035,116.470,Overspeeding,atomic,[Overspeeding],[1.0000],1,1,1.0000,[speed-1],[[84331191-4a2f-4f1e-b448-46b9c4dc8f23]]
2026-04-26 10:49:19.022,117.457,EngineOverheat,atomic,[EngineOverheat],[1.0000],1,1,1.0000,[engine-temp-1],[[606b86df-7077-4704-b050-b9bf013f2217]]
2026-04-26 10:49:19.023,117.458,CrazyEvent,complex,[HighSpeedOverheat;EngineOverheat],[1.0000;1.0000],3,3,1.0000,[engine-temp-1;speed-1],[[1c0d263a-0a16-483c-8ba1-78e9001f698d];[4360909c-1fa9-44d8-878e-667710c3428e];[606b86df-7077-4704-b050-b9bf013f2217]]
2026-04-26 10:49:19.023,117.458,HighSpeedOverheat,complex,[Overspeeding;EngineOverheat],[1.0000;1.0000],2,2,1.0000,[engine-temp-1;speed-1],[[84331191-4a2f-4f1e-b448-46b9c4dc8f23];[606b86df-7077-4704-b050-b9bf013f2217]]
2026-04-26 10:49:19.035,117.470,Overspeeding,atomic,[Overspeeding],[1.0000],1,1,1.0000,[speed-1],[[de5f2044-4742-48ac-bfa3-f2a4e2f6e89c]]
2026-04-26 10:49:20.016,118.451,Overspeeding,atomic,[Overspeeding],[1.0000],1,1,1.0000,[speed-1],[[14037cc6-8b4c-4b41-bfd5-ba9503ebe9ed]]
2026-04-26 10:49:20.027,118.462,EngineOverheat,atomic,[EngineOverheat],[1.0000],1,1,1.0000,[engine-temp-1],[[3b06be80-22bc-4f28-8b59-b3c80a81c4a4]]
2026-04-26 10:49:20.028,118.463,CrazyEvent,complex,[HighSpeedOverheat;EngineOverheat],[1.0000;1.0000],3,3,1.0000,[engine-temp-1;speed-1],[[84331191-4a2f-4f1e-b448-46b9c4dc8f23];[606b86df-7077-4704-b050-b9bf013f2217];[3b06be80-22bc-4f28-8b59-b3c80a81c4a4]]
2026-04-26 10:49:20.028,118.463,HighSpeedOverheat,complex,[Overspeeding;EngineOverheat],[1.0000;1.0000],2,2,1.0000,[engine-temp-1;speed-1],[[de5f2044-4742-48ac-bfa3-f2a4e2f6e89c];[3b06be80-22bc-4f28-8b59-b3c80a81c4a4]]
2026-04-26 10:49:21.020,119.455,EngineOverheat,atomic,[EngineOverheat],[1.0000],1,1,1.0000,[engine-temp-1],[[8ad7a5b0-4273-45fe-b177-440fce2f416a]]
2026-04-26 10:49:21.020,119.455,CrazyEvent,complex,[HighSpeedOverheat;EngineOverheat],[1.0000;1.0000],3,3,1.0000,[engine-temp-1;speed-1],[[de5f2044-4742-48ac-bfa3-f2a4e2f6e89c];[3b06be80-22bc-4f28-8b59-b3c80a81c4a4];[8ad7a5b0-4273-45fe-b177-440fce2f416a]]
2026-04-26 10:49:21.034,119.469,Overspeeding,atomic,[Overspeeding],[1.0000],1,1,1.0000,[speed-1],[[f7055e43-3844-44f5-a209-450e4d2a0cc2]]
2026-04-26 10:49:22.020,120.455,EngineOverheat,atomic,[EngineOverheat],[1.0000],1,1,1.0000,[engine-temp-1],[[e59baff6-1e99-4a7c-9f73-b9be02d105cf]]
2026-04-26 10:49:22.020,120.455,HighSpeedOverheat,complex,[Overspeeding;EngineOverheat],[1.0000;1.0000],2,2,1.0000,[engine-temp-1;speed-1],[[f7055e43-3844-44f5-a209-450e4d2a0cc2];[e59baff6-1e99-4a7c-9f73-b9be02d105cf]]
2026-04-26 10:49:22.033,120.468,Overspeeding,atomic,[Overspeeding],[1.0000],1,1,1.0000,[speed-1],[[90860220-4206-40a5-a515-fabf96ccdbe4]]
2026-04-26 10:49:23.020,121.455,Overspeeding,atomic,[Overspeeding],[1.0000],1,1,1.0000,[speed-1],[[23839f90-06df-4618-ac88-cfff561fe320]]
2026-04-26 10:49:23.033,121.468,EngineOverheat,atomic,[EngineOverheat],[1.0000],1,1,1.0000,[engine-temp-1],[[82df66b3-d2dd-4615-89b3-c2a9526dc59e]]
2026-04-26 10:49:23.034,121.469,CrazyEvent,complex,[HighSpeedOverheat;EngineOverheat],[1.0000;1.0000],3,3,1.0000,[engine-temp-1;speed-1],[[f7055e43-3844-44f5-a209-450e4d2a0cc2];[e59baff6-1e99-4a7c-9f73-b9be02d105cf];[82df66b3-d2dd-4615-89b3-c2a9526dc59e]]
2026-04-26 10:49:23.034,121.469,HighSpeedOverheat,complex,[Overspeeding;EngineOverheat],[1.0000;1.0000],2,2,1.0000,[engine-temp-1;speed-1],[[90860220-4206-40a5-a515-fabf96ccdbe4];[82df66b3-d2dd-4615-89b3-c2a9526dc59e]]
2026-04-26 10:49:24.022,122.457,EngineOverheat,atomic,[EngineOverheat],[1.0000],1,1,1.0000,[engine-temp-1],[[a6f99df2-69f6-41d3-8671-232717fcb4ef]]
2026-04-26 10:49:24.022,122.457,CrazyEvent,complex,[HighSpeedOverheat;EngineOverheat],[1.0000;1.0000],3,3,1.0000,[engine-temp-1;speed-1],[[90860220-4206-40a5-a515-fabf96ccdbe4];[82df66b3-d2dd-4615-89b3-c2a9526dc59e];[a6f99df2-69f6-41d3-8671-232717fcb4ef]]
2026-04-26 10:49:24.034,122.469,Overspeeding,atomic,[Overspeeding],[1.0000],1,1,1.0000,[speed-1],[[fe230e17-36fc-463a-b4b6-a8db69614143]]
2026-04-26 10:49:25.014,123.449,EngineOverheat,atomic,[EngineOverheat],[1.0000],1,1,1.0000,[engine-temp-1],[[579c0eb8-a9ee-40f7-bcb5-c6556b3c981d]]
2026-04-26 10:49:25.014,123.449,HighSpeedOverheat,complex,[Overspeeding;EngineOverheat],[1.0000;1.0000],2,2,1.0000,[engine-temp-1;speed-1],[[fe230e17-36fc-463a-b4b6-a8db69614143];[579c0eb8-a9ee-40f7-bcb5-c6556b3c981d]]
2026-04-26 10:49:25.027,123.462,Overspeeding,atomic,[Overspeeding],[1.0000],1,1,1.0000,[speed-1],[[fb8c0a3d-7950-45ad-afe6-8bb0f8a24f8a]]
2026-04-26 10:49:26.015,124.450,EngineOverheat,atomic,[EngineOverheat],[1.0000],1,1,1.0000,[engine-temp-1],[[38c11cf8-501d-457d-a130-c6dc447ff718]]
2026-04-26 10:49:26.016,124.451,CrazyEvent,complex,[HighSpeedOverheat;EngineOverheat],[1.0000;1.0000],3,3,1.0000,[engine-temp-1;speed-1],[[fe230e17-36fc-463a-b4b6-a8db69614143];[579c0eb8-a9ee-40f7-bcb5-c6556b3c981d];[38c11cf8-501d-457d-a130-c6dc447ff718]]
2026-04-26 10:49:26.016,124.451,HighSpeedOverheat,complex,[Overspeeding;EngineOverheat],[1.0000;1.0000],2,2,1.0000,[engine-temp-1;speed-1],[[fb8c0a3d-7950-45ad-afe6-8bb0f8a24f8a];[38c11cf8-501d-457d-a130-c6dc447ff718]]
2026-04-26 10:49:26.029,124.464,Overspeeding,atomic,[Overspeeding],[1.0000],1,1,1.0000,[speed-1],[[149411ea-9610-44d2-b88b-78abcc874930]]
2026-04-26 10:49:27.015,125.450,Overspeeding,atomic,[Overspeeding],[1.0000],1,1,1.0000,[speed-1],[[50c638c2-e8e6-4d34-8da4-57776aa37a36]]
2026-04-26 10:49:27.027,125.462,EngineOverheat,atomic,[EngineOverheat],[1.0000],1,1,1.0000,[engine-temp-1],[[2e8714c5-e57f-4ece-84c7-f3b51a14fed4]]
2026-04-26 10:49:27.027,125.462,CrazyEvent,complex,[HighSpeedOverheat;EngineOverheat],[1.0000;1.0000],3,3,1.0000,[engine-temp-1;speed-1],[[fb8c0a3d-7950-45ad-afe6-8bb0f8a24f8a];[38c11cf8-501d-457d-a130-c6dc447ff718];[2e8714c5-e57f-4ece-84c7-f3b51a14fed4]]
2026-04-26 10:49:27.027,125.462,HighSpeedOverheat,complex,[Overspeeding;EngineOverheat],[1.0000;1.0000],2,2,1.0000,[engine-temp-1;speed-1],[[149411ea-9610-44d2-b88b-78abcc874930];[2e8714c5-e57f-4ece-84c7-f3b51a14fed4]]
2026-04-26 10:49:28.016,126.451,EngineOverheat,atomic,[EngineOverheat],[1.0000],1,1,1.0000,[engine-temp-1],[[c8a01e9b-351c-44a2-9821-ab93634be79d]]
2026-04-26 10:49:28.016,126.451,CrazyEvent,complex,[HighSpeedOverheat;EngineOverheat],[1.0000;1.0000],3,3,1.0000,[engine-temp-1;speed-1],[[149411ea-9610-44d2-b88b-78abcc874930];[2e8714c5-e57f-4ece-84c7-f3b51a14fed4];[c8a01e9b-351c-44a2-9821-ab93634be79d]]
2026-04-26 10:49:28.030,126.465,Overspeeding,atomic,[Overspeeding],[1.0000],1,1,1.0000,[speed-1],[[afed8359-b0c1-40a0-a9f5-2ffc0fa7ee9b]]
2026-04-26 10:49:29.016,127.451,EngineOverheat,atomic,[EngineOverheat],[1.0000],1,1,1.0000,[engine-temp-1],[[57930bf5-7703-43b4-afeb-27288c48b068]]
2026-04-26 10:49:29.016,127.451,HighSpeedOverheat,complex,[Overspeeding;EngineOverheat],[1.0000;1.0000],2,2,1.0000,[engine-temp-1;speed-1],[[afed8359-b0c1-40a0-a9f5-2ffc0fa7ee9b];[57930bf5-7703-43b4-afeb-27288c48b068]]
2026-04-26 10:49:29.031,127.466,Overspeeding,atomic,[Overspeeding],[1.0000],1,1,1.0000,[speed-1],[[8935a52c-f7c5-4b70-951f-15e4821f6912]]
2026-04-26 10:49:30.016,128.451,Overspeeding,atomic,[Overspeeding],[1.0000],1,1,1.0000,[speed-1],[[fe73c78d-590d-4f55-a77d-3df7d2399ef9]]
2026-04-26 10:49:30.029,128.464,EngineOverheat,atomic,[EngineOverheat],[1.0000],1,1,1.0000,[engine-temp-1],[[4a9e18ee-9df1-4eba-b6e4-f05ea1aeded9]]
2026-04-26 10:49:30.029,128.464,CrazyEvent,complex,[HighSpeedOverheat;EngineOverheat],[1.0000;1.0000],3,3,1.0000,[engine-temp-1;speed-1],[[afed8359-b0c1-40a0-a9f5-2ffc0fa7ee9b];[57930bf5-7703-43b4-afeb-27288c48b068];[4a9e18ee-9df1-4eba-b6e4-f05ea1aeded9]]
2026-04-26 10:49:30.029,128.464,HighSpeedOverheat,complex,[Overspeeding;EngineOverheat],[1.0000;1.0000],2,2,1.0000,[engine-temp-1;speed-1],[[8935a52c-f7c5-4b70-951f-15e4821f6912];[4a9e18ee-9df1-4eba-b6e4-f05ea1aeded9]]
2026-04-26 10:49:31.020,129.455,EngineOverheat,atomic,[EngineOverheat],[1.0000],1,1,1.0000,[engine-temp-1],[[a7eb1976-964e-43db-9890-9849bc29abf3]]
2026-04-26 10:49:31.021,129.456,CrazyEvent,complex,[HighSpeedOverheat;EngineOverheat],[1.0000;1.0000],3,3,1.0000,[engine-temp-1;speed-1],[[8935a52c-f7c5-4b70-951f-15e4821f6912];[4a9e18ee-9df1-4eba-b6e4-f05ea1aeded9];[a7eb1976-964e-43db-9890-9849bc29abf3]]
2026-04-26 10:49:31.033,129.468,Overspeeding,atomic,[Overspeeding],[1.0000],1,1,1.0000,[speed-1],[[ddd17fa6-3b1c-49b4-8e21-54cd1c244be8]]
2026-04-26 10:49:32.013,130.448,EngineOverheat,atomic,[EngineOverheat],[1.0000],1,1,1.0000,[engine-temp-1],[[0984d87f-5b8f-454f-b17a-7317751c0488]]
2026-04-26 10:49:32.014,130.449,HighSpeedOverheat,complex,[Overspeeding;EngineOverheat],[1.0000;1.0000],2,2,1.0000,[engine-temp-1;speed-1],[[ddd17fa6-3b1c-49b4-8e21-54cd1c244be8];[0984d87f-5b8f-454f-b17a-7317751c0488]]
2026-04-26 10:49:32.027,130.462,Overspeeding,atomic,[Overspeeding],[1.0000],1,1,1.0000,[speed-1],[[17653257-0be8-45c5-87dd-e4364297fa99]]
2026-04-26 10:49:33.018,131.453,EngineOverheat,atomic,[EngineOverheat],[1.0000],1,1,1.0000,[engine-temp-1],[[7d3ddc18-25ca-4c64-b5ff-229b0fbf60af]]
2026-04-26 10:49:33.018,131.453,CrazyEvent,complex,[HighSpeedOverheat;EngineOverheat],[1.0000;1.0000],3,3,1.0000,[engine-temp-1;speed-1],[[ddd17fa6-3b1c-49b4-8e21-54cd1c244be8];[0984d87f-5b8f-454f-b17a-7317751c0488];[7d3ddc18-25ca-4c64-b5ff-229b0fbf60af]]
2026-04-26 10:49:33.019,131.454,HighSpeedOverheat,complex,[Overspeeding;EngineOverheat],[1.0000;1.0000],2,2,1.0000,[engine-temp-1;speed-1],[[17653257-0be8-45c5-87dd-e4364297fa99];[7d3ddc18-25ca-4c64-b5ff-229b0fbf60af]]
2026-04-26 10:49:33.033,131.468,Overspeeding,atomic,[Overspeeding],[1.0000],1,1,1.0000,[speed-1],[[abf94993-7781-411f-a13d-6f03c3bd42e6]]
2026-04-26 10:49:34.019,132.454,EngineOverheat,atomic,[EngineOverheat],[1.0000],1,1,1.0000,[engine-temp-1],[[214fa705-3d10-4693-9faf-54388e66fc91]]
2026-04-26 10:49:34.020,132.455,CrazyEvent,complex,[HighSpeedOverheat;EngineOverheat],[1.0000;1.0000],3,3,1.0000,[engine-temp-1;speed-1],[[17653257-0be8-45c5-87dd-e4364297fa99];[7d3ddc18-25ca-4c64-b5ff-229b0fbf60af];[214fa705-3d10-4693-9faf-54388e66fc91]]
2026-04-26 10:49:34.020,132.455,HighSpeedOverheat,complex,[Overspeeding;EngineOverheat],[1.0000;1.0000],2,2,1.0000,[engine-temp-1;speed-1],[[abf94993-7781-411f-a13d-6f03c3bd42e6];[214fa705-3d10-4693-9faf-54388e66fc91]]
2026-04-26 10:49:34.032,132.467,Overspeeding,atomic,[Overspeeding],[1.0000],1,1,1.0000,[speed-1],[[5e626d6b-49b0-4b3e-b670-a0a6322a8678]]
2026-04-26 10:49:35.025,133.460,Overspeeding,atomic,[Overspeeding],[1.0000],1,1,1.0000,[speed-1],[[4863826f-ba92-4890-b61e-d6719ec30e2f]]
2026-04-26 10:49:35.037,133.472,EngineOverheat,atomic,[EngineOverheat],[1.0000],1,1,1.0000,[engine-temp-1],[[49ee2f72-456b-4ad8-b8c5-c7a4870bf401]]
2026-04-26 10:49:35.037,133.472,CrazyEvent,complex,[HighSpeedOverheat;EngineOverheat],[1.0000;1.0000],3,3,1.0000,[engine-temp-1;speed-1],[[abf94993-7781-411f-a13d-6f03c3bd42e6];[214fa705-3d10-4693-9faf-54388e66fc91];[49ee2f72-456b-4ad8-b8c5-c7a4870bf401]]
2026-04-26 10:49:35.037,133.472,HighSpeedOverheat,complex,[Overspeeding;EngineOverheat],[1.0000;1.0000],2,2,1.0000,[engine-temp-1;speed-1],[[5e626d6b-49b0-4b3e-b670-a0a6322a8678];[49ee2f72-456b-4ad8-b8c5-c7a4870bf401]]
2026-04-26 10:49:36.021,134.456,EngineOverheat,atomic,[EngineOverheat],[1.0000],1,1,1.0000,[engine-temp-1],[[741bffb7-c94e-4d16-a894-025c2d5dca1c]]
2026-04-26 10:49:36.021,134.456,CrazyEvent,complex,[HighSpeedOverheat;EngineOverheat],[1.0000;1.0000],3,3,1.0000,[engine-temp-1;speed-1],[[5e626d6b-49b0-4b3e-b670-a0a6322a8678];[49ee2f72-456b-4ad8-b8c5-c7a4870bf401];[741bffb7-c94e-4d16-a894-025c2d5dca1c]]
2026-04-26 10:49:36.033,134.468,Overspeeding,atomic,[Overspeeding],[1.0000],1,1,1.0000,[speed-1],[[e94acdb5-53b4-4322-8317-7a681bdf3b14]]
2026-04-26 10:49:37.007,135.442,Overspeeding,atomic,[Overspeeding],[1.0000],1,1,1.0000,[speed-1],[[1b4bcb68-b52d-4ae5-b19a-6587d746636d]]
2026-04-26 10:49:37.023,135.458,EngineOverheat,atomic,[EngineOverheat],[1.0000],1,1,1.0000,[engine-temp-1],[[ea106280-2054-4832-a6ce-dbabce1b36bb]]
2026-04-26 10:49:37.024,135.459,HighSpeedOverheat,complex,[Overspeeding;EngineOverheat],[1.0000;1.0000],2,2,1.0000,[engine-temp-1;speed-1],[[e94acdb5-53b4-4322-8317-7a681bdf3b14];[ea106280-2054-4832-a6ce-dbabce1b36bb]]
2026-04-26 10:49:38.021,136.456,Overspeeding,atomic,[Overspeeding],[1.0000],1,1,1.0000,[speed-1],[[b4455317-508b-4367-8b4b-2c676477b859]]
2026-04-26 10:49:38.033,136.468,EngineOverheat,atomic,[EngineOverheat],[1.0000],1,1,1.0000,[engine-temp-1],[[1e3ace4e-fc2f-455e-8a11-47569a746f89]]
2026-04-26 10:49:38.033,136.468,CrazyEvent,complex,[HighSpeedOverheat;EngineOverheat],[1.0000;1.0000],3,3,1.0000,[engine-temp-1;speed-1],[[e94acdb5-53b4-4322-8317-7a681bdf3b14];[ea106280-2054-4832-a6ce-dbabce1b36bb];[1e3ace4e-fc2f-455e-8a11-47569a746f89]]
2026-04-26 10:49:38.034,136.469,HighSpeedOverheat,complex,[Overspeeding;EngineOverheat],[1.0000;1.0000],2,2,1.0000,[engine-temp-1;speed-1],[[b4455317-508b-4367-8b4b-2c676477b859];[1e3ace4e-fc2f-455e-8a11-47569a746f89]]
2026-04-26 10:49:39.056,137.491,Overspeeding,atomic,[Overspeeding],[1.0000],1,1,1.0000,[speed-1],[[6886e5da-8098-44f9-a8b9-7b65b9cc0f4d]]
2026-04-26 10:49:39.068,137.503,EngineOverheat,atomic,[EngineOverheat],[1.0000],1,1,1.0000,[engine-temp-1],[[7c85f9b0-8c6d-42c8-a308-d4724c4c9fc0]]
2026-04-26 10:49:39.068,137.503,CrazyEvent,complex,[HighSpeedOverheat;EngineOverheat],[1.0000;1.0000],3,3,1.0000,[engine-temp-1;speed-1],[[b4455317-508b-4367-8b4b-2c676477b859];[1e3ace4e-fc2f-455e-8a11-47569a746f89];[7c85f9b0-8c6d-42c8-a308-d4724c4c9fc0]]
2026-04-26 10:49:39.068,137.503,HighSpeedOverheat,complex,[Overspeeding;EngineOverheat],[1.0000;1.0000],2,2,1.0000,[engine-temp-1;speed-1],[[6886e5da-8098-44f9-a8b9-7b65b9cc0f4d];[7c85f9b0-8c6d-42c8-a308-d4724c4c9fc0]]
2026-04-26 10:49:40.022,138.457,EngineOverheat,atomic,[EngineOverheat],[1.0000],1,1,1.0000,[engine-temp-1],[[c618f14a-9630-46d7-8a95-3f7874e0d4b1]]
2026-04-26 10:49:40.022,138.457,CrazyEvent,complex,[HighSpeedOverheat;EngineOverheat],[1.0000;1.0000],3,3,1.0000,[engine-temp-1;speed-1],[[6886e5da-8098-44f9-a8b9-7b65b9cc0f4d];[7c85f9b0-8c6d-42c8-a308-d4724c4c9fc0];[c618f14a-9630-46d7-8a95-3f7874e0d4b1]]
2026-04-26 10:49:40.034,138.469,Overspeeding,atomic,[Overspeeding],[1.0000],1,1,1.0000,[speed-1],[[838d86f7-0157-4f49-9f4b-04f57722d9a1]]
2026-04-26 10:49:41.011,139.446,EngineOverheat,atomic,[EngineOverheat],[1.0000],1,1,1.0000,[engine-temp-1],[[e41cd850-c252-46ee-af10-381432ce849f]]
2026-04-26 10:49:41.012,139.447,HighSpeedOverheat,complex,[Overspeeding;EngineOverheat],[1.0000;1.0000],2,2,1.0000,[engine-temp-1;speed-1],[[838d86f7-0157-4f49-9f4b-04f57722d9a1];[e41cd850-c252-46ee-af10-381432ce849f]]
2026-04-26 10:49:41.022,139.457,Overspeeding,atomic,[Overspeeding],[1.0000],1,1,1.0000,[speed-1],[[03dec078-cd74-4214-9bd9-b8abc30dc532]]
2026-04-26 10:49:42.015,140.450,EngineOverheat,atomic,[EngineOverheat],[1.0000],1,1,1.0000,[engine-temp-1],[[e5f3fa8e-135c-4bbb-aab4-1b16efe9696d]]
2026-04-26 10:49:42.015,140.450,CrazyEvent,complex,[HighSpeedOverheat;EngineOverheat],[1.0000;1.0000],3,3,1.0000,[engine-temp-1;speed-1],[[838d86f7-0157-4f49-9f4b-04f57722d9a1];[e41cd850-c252-46ee-af10-381432ce849f];[e5f3fa8e-135c-4bbb-aab4-1b16efe9696d]]
2026-04-26 10:49:42.015,140.450,HighSpeedOverheat,complex,[Overspeeding;EngineOverheat],[1.0000;1.0000],2,2,1.0000,[engine-temp-1;speed-1],[[03dec078-cd74-4214-9bd9-b8abc30dc532];[e5f3fa8e-135c-4bbb-aab4-1b16efe9696d]]
2026-04-26 10:49:42.026,140.461,Overspeeding,atomic,[Overspeeding],[1.0000],1,1,1.0000,[speed-1],[[a1250c39-0104-4f78-84e3-6284d92cb179]]
2026-04-26 10:49:43.020,141.455,EngineOverheat,atomic,[EngineOverheat],[1.0000],1,1,1.0000,[engine-temp-1],[[7edc772a-3a88-4f89-8753-edf32c55341e]]
2026-04-26 10:49:43.020,141.455,CrazyEvent,complex,[HighSpeedOverheat;EngineOverheat],[1.0000;1.0000],3,3,1.0000,[engine-temp-1;speed-1],[[03dec078-cd74-4214-9bd9-b8abc30dc532];[e5f3fa8e-135c-4bbb-aab4-1b16efe9696d];[7edc772a-3a88-4f89-8753-edf32c55341e]]
2026-04-26 10:49:43.021,141.456,HighSpeedOverheat,complex,[Overspeeding;EngineOverheat],[1.0000;1.0000],2,2,1.0000,[engine-temp-1;speed-1],[[a1250c39-0104-4f78-84e3-6284d92cb179];[7edc772a-3a88-4f89-8753-edf32c55341e]]
2026-04-26 10:49:43.035,141.470,Overspeeding,atomic,[Overspeeding],[1.0000],1,1,1.0000,[speed-1],[[f855919c-15d7-4243-a617-94f344cd88a7]]
2026-04-26 10:49:44.024,142.459,Overspeeding,atomic,[Overspeeding],[1.0000],1,1,1.0000,[speed-1],[[e9cf7560-77ab-48dd-8d1e-ab7349d7b31b]]
2026-04-26 10:49:44.035,142.470,EngineOverheat,atomic,[EngineOverheat],[1.0000],1,1,1.0000,[engine-temp-1],[[f9a26715-5e58-4182-93fc-b8201273b0d9]]
2026-04-26 10:49:44.035,142.470,CrazyEvent,complex,[HighSpeedOverheat;EngineOverheat],[1.0000;1.0000],3,3,1.0000,[engine-temp-1;speed-1],[[a1250c39-0104-4f78-84e3-6284d92cb179];[7edc772a-3a88-4f89-8753-edf32c55341e];[f9a26715-5e58-4182-93fc-b8201273b0d9]]
2026-04-26 10:49:44.035,142.470,HighSpeedOverheat,complex,[Overspeeding;EngineOverheat],[1.0000;1.0000],2,2,1.0000,[engine-temp-1;speed-1],[[f855919c-15d7-4243-a617-94f344cd88a7];[f9a26715-5e58-4182-93fc-b8201273b0d9]]
2026-04-26 10:49:45.017,143.452,Overspeeding,atomic,[Overspeeding],[1.0000],1,1,1.0000,[speed-1],[[01b7d2d1-c2ef-4df2-9372-adb5c1e0a449]]
2026-04-26 10:49:45.029,143.464,EngineOverheat,atomic,[EngineOverheat],[1.0000],1,1,1.0000,[engine-temp-1],[[13a1022c-1604-437b-8fe3-a523527a84ae]]
2026-04-26 10:49:45.029,143.464,CrazyEvent,complex,[HighSpeedOverheat;EngineOverheat],[1.0000;1.0000],3,3,1.0000,[engine-temp-1;speed-1],[[f855919c-15d7-4243-a617-94f344cd88a7];[f9a26715-5e58-4182-93fc-b8201273b0d9];[13a1022c-1604-437b-8fe3-a523527a84ae]]
2026-04-26 10:49:45.029,143.464,HighSpeedOverheat,complex,[Overspeeding;EngineOverheat],[1.0000;1.0000],2,2,1.0000,[engine-temp-1;speed-1],[[01b7d2d1-c2ef-4df2-9372-adb5c1e0a449];[13a1022c-1604-437b-8fe3-a523527a84ae]]
2026-04-26 10:49:46.015,144.450,Overspeeding,atomic,[Overspeeding],[1.0000],1,1,1.0000,[speed-1],[[1a400d5f-4664-4153-a97a-0eb9f4234cc6]]
2026-04-26 10:49:46.028,144.463,EngineOverheat,atomic,[EngineOverheat],[1.0000],1,1,1.0000,[engine-temp-1],[[3e069c2d-5300-4219-99f5-323a08404e6e]]
2026-04-26 10:49:46.028,144.463,CrazyEvent,complex,[HighSpeedOverheat;EngineOverheat],[1.0000;1.0000],3,3,1.0000,[engine-temp-1;speed-1],[[01b7d2d1-c2ef-4df2-9372-adb5c1e0a449];[13a1022c-1604-437b-8fe3-a523527a84ae];[3e069c2d-5300-4219-99f5-323a08404e6e]]
2026-04-26 10:49:46.028,144.463,HighSpeedOverheat,complex,[Overspeeding;EngineOverheat],[1.0000;1.0000],2,2,1.0000,[engine-temp-1;speed-1],[[1a400d5f-4664-4153-a97a-0eb9f4234cc6];[3e069c2d-5300-4219-99f5-323a08404e6e]]
2026-04-26 10:49:47.009,145.444,Overspeeding,atomic,[Overspeeding],[1.0000],1,1,1.0000,[speed-1],[[571b8d9e-67d2-4a29-ace7-b83e386c1338]]
2026-04-26 10:49:47.023,145.458,EngineOverheat,atomic,[EngineOverheat],[1.0000],1,1,1.0000,[engine-temp-1],[[98d373f6-6897-4a45-8afc-5f05d0ff0e4d]]
2026-04-26 10:49:47.024,145.459,CrazyEvent,complex,[HighSpeedOverheat;EngineOverheat],[1.0000;1.0000],3,3,1.0000,[engine-temp-1;speed-1],[[1a400d5f-4664-4153-a97a-0eb9f4234cc6];[3e069c2d-5300-4219-99f5-323a08404e6e];[98d373f6-6897-4a45-8afc-5f05d0ff0e4d]]
2026-04-26 10:49:47.024,145.459,HighSpeedOverheat,complex,[Overspeeding;EngineOverheat],[1.0000;1.0000],2,2,1.0000,[engine-temp-1;speed-1],[[571b8d9e-67d2-4a29-ace7-b83e386c1338];[98d373f6-6897-4a45-8afc-5f05d0ff0e4d]]
2026-04-26 10:49:48.019,146.454,EngineOverheat,atomic,[EngineOverheat],[1.0000],1,1,1.0000,[engine-temp-1],[[c175f3ff-c99d-4c78-8051-bfe9163dbd12]]
2026-04-26 10:49:48.020,146.455,CrazyEvent,complex,[HighSpeedOverheat;EngineOverheat],[1.0000;1.0000],3,3,1.0000,[engine-temp-1;speed-1],[[571b8d9e-67d2-4a29-ace7-b83e386c1338];[98d373f6-6897-4a45-8afc-5f05d0ff0e4d];[c175f3ff-c99d-4c78-8051-bfe9163dbd12]]
2026-04-26 10:49:48.031,146.466,Overspeeding,atomic,[Overspeeding],[1.0000],1,1,1.0000,[speed-1],[[7a849eca-ac53-4cce-a4be-ddde466c90b4]]
2026-04-26 10:49:49.032,147.467,Overspeeding,atomic,[Overspeeding],[1.0000],1,1,1.0000,[speed-1],[[cfb3bd98-95cf-45bd-94db-37887f9e75b0]]
2026-04-26 10:49:49.045,147.480,EngineOverheat,atomic,[EngineOverheat],[1.0000],1,1,1.0000,[engine-temp-1],[[5282a41b-9f0c-436d-8cf8-ad24221127b8]]
2026-04-26 10:49:49.045,147.480,HighSpeedOverheat,complex,[Overspeeding;EngineOverheat],[1.0000;1.0000],2,2,1.0000,[engine-temp-1;speed-1],[[7a849eca-ac53-4cce-a4be-ddde466c90b4];[5282a41b-9f0c-436d-8cf8-ad24221127b8]]
2026-04-26 10:49:50.013,148.448,EngineOverheat,atomic,[EngineOverheat],[1.0000],1,1,1.0000,[engine-temp-1],[[ca305a25-0b39-40a3-960f-a631decb60ef]]
2026-04-26 10:49:50.014,148.449,CrazyEvent,complex,[HighSpeedOverheat;EngineOverheat],[1.0000;1.0000],3,3,1.0000,[engine-temp-1;speed-1],[[7a849eca-ac53-4cce-a4be-ddde466c90b4];[5282a41b-9f0c-436d-8cf8-ad24221127b8];[ca305a25-0b39-40a3-960f-a631decb60ef]]
2026-04-26 10:49:50.026,148.461,Overspeeding,atomic,[Overspeeding],[1.0000],1,1,1.0000,[speed-1],[[9da4fc78-35a2-4a77-b8e5-88c31c8d78bb]]
2026-04-26 10:49:51.012,149.447,EngineOverheat,atomic,[EngineOverheat],[1.0000],1,1,1.0000,[engine-temp-1],[[021b940f-88de-4157-9543-f55b93cb4cb8]]
2026-04-26 10:49:51.012,149.447,HighSpeedOverheat,complex,[Overspeeding;EngineOverheat],[1.0000;1.0000],2,2,1.0000,[engine-temp-1;speed-1],[[9da4fc78-35a2-4a77-b8e5-88c31c8d78bb];[021b940f-88de-4157-9543-f55b93cb4cb8]]
2026-04-26 10:49:51.023,149.458,Overspeeding,atomic,[Overspeeding],[1.0000],1,1,1.0000,[speed-1],[[1d054828-94ab-4cc7-a125-73d5feaf06f3]]
2026-04-26 10:49:52.014,150.449,Overspeeding,atomic,[Overspeeding],[1.0000],1,1,1.0000,[speed-1],[[959d7a9b-1f2b-4552-82de-326522cbee64]]
2026-04-26 10:49:52.025,150.460,EngineOverheat,atomic,[EngineOverheat],[1.0000],1,1,1.0000,[engine-temp-1],[[b585bf02-2a4c-416c-8316-b38341f98a01]]
2026-04-26 10:49:52.025,150.460,CrazyEvent,complex,[HighSpeedOverheat;EngineOverheat],[1.0000;1.0000],3,3,1.0000,[engine-temp-1;speed-1],[[9da4fc78-35a2-4a77-b8e5-88c31c8d78bb];[021b940f-88de-4157-9543-f55b93cb4cb8];[b585bf02-2a4c-416c-8316-b38341f98a01]]
2026-04-26 10:49:52.026,150.461,HighSpeedOverheat,complex,[Overspeeding;EngineOverheat],[1.0000;1.0000],2,2,1.0000,[engine-temp-1;speed-1],[[1d054828-94ab-4cc7-a125-73d5feaf06f3];[b585bf02-2a4c-416c-8316-b38341f98a01]]
2026-04-26 10:49:53.011,151.446,EngineOverheat,atomic,[EngineOverheat],[1.0000],1,1,1.0000,[engine-temp-1],[[0c7b68b6-2ad7-476f-83e8-216ae1a6605c]]
2026-04-26 10:49:53.011,151.446,CrazyEvent,complex,[HighSpeedOverheat;EngineOverheat],[1.0000;1.0000],3,3,1.0000,[engine-temp-1;speed-1],[[1d054828-94ab-4cc7-a125-73d5feaf06f3];[b585bf02-2a4c-416c-8316-b38341f98a01];[0c7b68b6-2ad7-476f-83e8-216ae1a6605c]]
2026-04-26 10:49:53.023,151.458,Overspeeding,atomic,[Overspeeding],[1.0000],1,1,1.0000,[speed-1],[[abc1274b-47be-4ccb-b097-5e5436b09389]]
2026-04-26 10:49:54.014,152.449,EngineOverheat,atomic,[EngineOverheat],[1.0000],1,1,1.0000,[engine-temp-1],[[c013dc43-76e6-4578-957f-0283669bfa07]]
2026-04-26 10:49:54.014,152.449,HighSpeedOverheat,complex,[Overspeeding;EngineOverheat],[1.0000;1.0000],2,2,1.0000,[engine-temp-1;speed-1],[[abc1274b-47be-4ccb-b097-5e5436b09389];[c013dc43-76e6-4578-957f-0283669bfa07]]
2026-04-26 10:49:54.027,152.462,Overspeeding,atomic,[Overspeeding],[1.0000],1,1,1.0000,[speed-1],[[993bbac7-eac2-4199-8788-93108a05f20b]]
2026-04-26 10:49:55.015,153.450,EngineOverheat,atomic,[EngineOverheat],[1.0000],1,1,1.0000,[engine-temp-1],[[b33fb1d5-b3b3-4c9f-a7f3-cdbf80279319]]
2026-04-26 10:49:55.016,153.451,CrazyEvent,complex,[HighSpeedOverheat;EngineOverheat],[1.0000;1.0000],3,3,1.0000,[engine-temp-1;speed-1],[[abc1274b-47be-4ccb-b097-5e5436b09389];[c013dc43-76e6-4578-957f-0283669bfa07];[b33fb1d5-b3b3-4c9f-a7f3-cdbf80279319]]
2026-04-26 10:49:55.016,153.451,HighSpeedOverheat,complex,[Overspeeding;EngineOverheat],[1.0000;1.0000],2,2,1.0000,[engine-temp-1;speed-1],[[993bbac7-eac2-4199-8788-93108a05f20b];[b33fb1d5-b3b3-4c9f-a7f3-cdbf80279319]]
2026-04-26 10:49:55.029,153.464,Overspeeding,atomic,[Overspeeding],[1.0000],1,1,1.0000,[speed-1],[[4c64c460-0f49-44c7-8c16-b9cff3bf1f9e]]
2026-04-26 10:49:56.023,154.458,Overspeeding,atomic,[Overspeeding],[1.0000],1,1,1.0000,[speed-1],[[89d92231-a31e-409b-8e18-2f2777178534]]
2026-04-26 10:49:56.037,154.472,EngineOverheat,atomic,[EngineOverheat],[1.0000],1,1,1.0000,[engine-temp-1],[[3672d13b-e0dc-4440-97b8-fd71e297dd9f]]
2026-04-26 10:49:56.037,154.472,CrazyEvent,complex,[HighSpeedOverheat;EngineOverheat],[1.0000;1.0000],3,3,1.0000,[engine-temp-1;speed-1],[[993bbac7-eac2-4199-8788-93108a05f20b];[b33fb1d5-b3b3-4c9f-a7f3-cdbf80279319];[3672d13b-e0dc-4440-97b8-fd71e297dd9f]]
2026-04-26 10:49:56.037,154.472,HighSpeedOverheat,complex,[Overspeeding;EngineOverheat],[1.0000;1.0000],2,2,1.0000,[engine-temp-1;speed-1],[[4c64c460-0f49-44c7-8c16-b9cff3bf1f9e];[3672d13b-e0dc-4440-97b8-fd71e297dd9f]]
2026-04-26 10:49:57.023,155.458,EngineOverheat,atomic,[EngineOverheat],[1.0000],1,1,1.0000,[engine-temp-1],[[be33ea7b-686a-4c70-aae3-80c5b12e4542]]
2026-04-26 10:49:57.023,155.458,CrazyEvent,complex,[HighSpeedOverheat;EngineOverheat],[1.0000;1.0000],3,3,1.0000,[engine-temp-1;speed-1],[[4c64c460-0f49-44c7-8c16-b9cff3bf1f9e];[3672d13b-e0dc-4440-97b8-fd71e297dd9f];[be33ea7b-686a-4c70-aae3-80c5b12e4542]]
2026-04-26 10:49:57.036,155.471,Overspeeding,atomic,[Overspeeding],[1.0000],1,1,1.0000,[speed-1],[[b4dc8803-8e57-403e-bfc7-46ed471ae3a9]]
2026-04-26 10:49:58.027,156.462,EngineOverheat,atomic,[EngineOverheat],[1.0000],1,1,1.0000,[engine-temp-1],[[87146fdb-7c31-4733-be05-dee4d596f780]]
2026-04-26 10:49:58.027,156.462,HighSpeedOverheat,complex,[Overspeeding;EngineOverheat],[1.0000;1.0000],2,2,1.0000,[engine-temp-1;speed-1],[[b4dc8803-8e57-403e-bfc7-46ed471ae3a9];[87146fdb-7c31-4733-be05-dee4d596f780]]
2026-04-26 10:49:58.040,156.475,Overspeeding,atomic,[Overspeeding],[1.0000],1,1,1.0000,[speed-1],[[f46b3d54-ec63-4b57-9e89-5f1bead8e474]]
2026-04-26 10:49:59.019,157.454,Overspeeding,atomic,[Overspeeding],[1.0000],1,1,1.0000,[speed-1],[[ed02c650-06f4-4b7b-aa06-1b4a272a4049]]
2026-04-26 10:49:59.032,157.467,EngineOverheat,atomic,[EngineOverheat],[1.0000],1,1,1.0000,[engine-temp-1],[[378748c7-f30b-4292-9698-f28b8420740f]]
2026-04-26 10:49:59.033,157.468,CrazyEvent,complex,[HighSpeedOverheat;EngineOverheat],[1.0000;1.0000],3,3,1.0000,[engine-temp-1;speed-1],[[b4dc8803-8e57-403e-bfc7-46ed471ae3a9];[87146fdb-7c31-4733-be05-dee4d596f780];[378748c7-f30b-4292-9698-f28b8420740f]]
2026-04-26 10:49:59.033,157.468,HighSpeedOverheat,complex,[Overspeeding;EngineOverheat],[1.0000;1.0000],2,2,1.0000,[engine-temp-1;speed-1],[[f46b3d54-ec63-4b57-9e89-5f1bead8e474];[378748c7-f30b-4292-9698-f28b8420740f]]
2026-04-26 10:50:00.028,158.463,Overspeeding,atomic,[Overspeeding],[1.0000],1,1,1.0000,[speed-1],[[2de72606-5cf4-44bb-9c9c-0697218a29e7]]
2026-04-26 10:50:00.042,158.477,EngineOverheat,atomic,[EngineOverheat],[1.0000],1,1,1.0000,[engine-temp-1],[[6b594c4a-a070-4caa-988f-28b75b6f82f0]]
2026-04-26 10:50:00.043,158.478,CrazyEvent,complex,[HighSpeedOverheat;EngineOverheat],[1.0000;1.0000],3,3,1.0000,[engine-temp-1;speed-1],[[f46b3d54-ec63-4b57-9e89-5f1bead8e474];[378748c7-f30b-4292-9698-f28b8420740f];[6b594c4a-a070-4caa-988f-28b75b6f82f0]]
2026-04-26 10:50:00.044,158.479,HighSpeedOverheat,complex,[Overspeeding;EngineOverheat],[1.0000;1.0000],2,2,1.0000,[engine-temp-1;speed-1],[[2de72606-5cf4-44bb-9c9c-0697218a29e7];[6b594c4a-a070-4caa-988f-28b75b6f82f0]]
2026-04-26 10:50:01.026,159.461,EngineOverheat,atomic,[EngineOverheat],[1.0000],1,1,1.0000,[engine-temp-1],[[ec1db1c3-94ff-408b-a770-b8a18e11d2d5]]
2026-04-26 10:50:01.026,159.461,CrazyEvent,complex,[HighSpeedOverheat;EngineOverheat],[1.0000;1.0000],3,3,1.0000,[engine-temp-1;speed-1],[[2de72606-5cf4-44bb-9c9c-0697218a29e7];[6b594c4a-a070-4caa-988f-28b75b6f82f0];[ec1db1c3-94ff-408b-a770-b8a18e11d2d5]]
2026-04-26 10:50:01.040,159.475,Overspeeding,atomic,[Overspeeding],[1.0000],1,1,1.0000,[speed-1],[[b1db46b3-5208-4b48-96a1-074395a58828]]
2026-04-26 10:50:02.028,160.463,Overspeeding,atomic,[Overspeeding],[1.0000],1,1,1.0000,[speed-1],[[98f2b899-04fd-47ef-81e6-c8b1d8285a3a]]
2026-04-26 10:50:02.041,160.476,EngineOverheat,atomic,[EngineOverheat],[1.0000],1,1,1.0000,[engine-temp-1],[[a8709d7f-baf6-4670-b5da-7f0c4d9b192d]]
2026-04-26 10:50:02.042,160.477,HighSpeedOverheat,complex,[Overspeeding;EngineOverheat],[1.0000;1.0000],2,2,1.0000,[engine-temp-1;speed-1],[[b1db46b3-5208-4b48-96a1-074395a58828];[a8709d7f-baf6-4670-b5da-7f0c4d9b192d]]
2026-04-26 10:50:03.022,161.457,EngineOverheat,atomic,[EngineOverheat],[1.0000],1,1,1.0000,[engine-temp-1],[[94dc300b-7c89-478b-9e98-9c4b7e0b2370]]
2026-04-26 10:50:03.023,161.458,CrazyEvent,complex,[HighSpeedOverheat;EngineOverheat],[1.0000;1.0000],3,3,1.0000,[engine-temp-1;speed-1],[[b1db46b3-5208-4b48-96a1-074395a58828];[a8709d7f-baf6-4670-b5da-7f0c4d9b192d];[94dc300b-7c89-478b-9e98-9c4b7e0b2370]]
2026-04-26 10:50:03.034,161.469,Overspeeding,atomic,[Overspeeding],[1.0000],1,1,1.0000,[speed-1],[[2b7c4ede-2825-4fb5-9f4a-46a40afced69]]
2026-04-26 10:50:04.018,162.453,EngineOverheat,atomic,[EngineOverheat],[1.0000],1,1,1.0000,[engine-temp-1],[[576e0134-280b-4cd9-945c-c6ce278f3709]]
2026-04-26 10:50:04.019,162.454,HighSpeedOverheat,complex,[Overspeeding;EngineOverheat],[1.0000;1.0000],2,2,1.0000,[engine-temp-1;speed-1],[[2b7c4ede-2825-4fb5-9f4a-46a40afced69];[576e0134-280b-4cd9-945c-c6ce278f3709]]
2026-04-26 10:50:04.030,162.465,Overspeeding,atomic,[Overspeeding],[1.0000],1,1,1.0000,[speed-1],[[78754a19-fcea-4299-8eeb-a5ae4f44d664]]
2026-04-26 10:50:05.025,163.460,Overspeeding,atomic,[Overspeeding],[1.0000],1,1,1.0000,[speed-1],[[0e3a8414-dcc7-4ca1-9787-7ad40dc5fbe2]]
2026-04-26 10:50:05.036,163.471,EngineOverheat,atomic,[EngineOverheat],[1.0000],1,1,1.0000,[engine-temp-1],[[9d780e7c-fe80-4039-8377-807aabf2b3e7]]
2026-04-26 10:50:05.037,163.472,CrazyEvent,complex,[HighSpeedOverheat;EngineOverheat],[1.0000;1.0000],3,3,1.0000,[engine-temp-1;speed-1],[[2b7c4ede-2825-4fb5-9f4a-46a40afced69];[576e0134-280b-4cd9-945c-c6ce278f3709];[9d780e7c-fe80-4039-8377-807aabf2b3e7]]
2026-04-26 10:50:05.037,163.472,HighSpeedOverheat,complex,[Overspeeding;EngineOverheat],[1.0000;1.0000],2,2,1.0000,[engine-temp-1;speed-1],[[78754a19-fcea-4299-8eeb-a5ae4f44d664];[9d780e7c-fe80-4039-8377-807aabf2b3e7]]
2026-04-26 10:50:06.016,164.451,EngineOverheat,atomic,[EngineOverheat],[1.0000],1,1,1.0000,[engine-temp-1],[[b57eecc7-9c7f-48dc-91a9-caa09c2b4cfe]]
2026-04-26 10:50:06.016,164.451,CrazyEvent,complex,[HighSpeedOverheat;EngineOverheat],[1.0000;1.0000],3,3,1.0000,[engine-temp-1;speed-1],[[78754a19-fcea-4299-8eeb-a5ae4f44d664];[9d780e7c-fe80-4039-8377-807aabf2b3e7];[b57eecc7-9c7f-48dc-91a9-caa09c2b4cfe]]
2026-04-26 10:50:06.028,164.463,Overspeeding,atomic,[Overspeeding],[1.0000],1,1,1.0000,[speed-1],[[1de9373a-080f-4f35-bf2d-f27b45bc5c66]]
2026-04-26 10:50:07.024,165.459,EngineOverheat,atomic,[EngineOverheat],[1.0000],1,1,1.0000,[engine-temp-1],[[2b9ac809-3557-4992-a0b6-28fb8493be4f]]
2026-04-26 10:50:07.024,165.459,HighSpeedOverheat,complex,[Overspeeding;EngineOverheat],[1.0000;1.0000],2,2,1.0000,[engine-temp-1;speed-1],[[1de9373a-080f-4f35-bf2d-f27b45bc5c66];[2b9ac809-3557-4992-a0b6-28fb8493be4f]]
2026-04-26 10:50:07.037,165.472,Overspeeding,atomic,[Overspeeding],[1.0000],1,1,1.0000,[speed-1],[[47b464f6-e2a3-4340-975a-8282e83297e4]]
2026-04-26 10:50:08.027,166.462,EngineOverheat,atomic,[EngineOverheat],[1.0000],1,1,1.0000,[engine-temp-1],[[88e4f790-0113-4cbf-a3ab-05e29f03683b]]
2026-04-26 10:50:08.028,166.463,CrazyEvent,complex,[HighSpeedOverheat;EngineOverheat],[1.0000;1.0000],3,3,1.0000,[engine-temp-1;speed-1],[[1de9373a-080f-4f35-bf2d-f27b45bc5c66];[2b9ac809-3557-4992-a0b6-28fb8493be4f];[88e4f790-0113-4cbf-a3ab-05e29f03683b]]
2026-04-26 10:50:08.028,166.463,HighSpeedOverheat,complex,[Overspeeding;EngineOverheat],[1.0000;1.0000],2,2,1.0000,[engine-temp-1;speed-1],[[47b464f6-e2a3-4340-975a-8282e83297e4];[88e4f790-0113-4cbf-a3ab-05e29f03683b]]
2026-04-26 10:50:08.040,166.475,Overspeeding,atomic,[Overspeeding],[1.0000],1,1,1.0000,[speed-1],[[55738752-c9ca-4d41-9b54-0b3ff57efc9f]]
2026-04-26 10:50:09.012,167.447,Overspeeding,atomic,[Overspeeding],[1.0000],1,1,1.0000,[speed-1],[[d0f25d5c-391f-472a-a65b-274b136969fb]]
2026-04-26 10:50:09.024,167.459,EngineOverheat,atomic,[EngineOverheat],[1.0000],1,1,1.0000,[engine-temp-1],[[0421ae1a-99df-41b0-891a-ed6a189a845a]]
2026-04-26 10:50:09.024,167.459,CrazyEvent,complex,[HighSpeedOverheat;EngineOverheat],[1.0000;1.0000],3,3,1.0000,[engine-temp-1;speed-1],[[47b464f6-e2a3-4340-975a-8282e83297e4];[88e4f790-0113-4cbf-a3ab-05e29f03683b];[0421ae1a-99df-41b0-891a-ed6a189a845a]]
2026-04-26 10:50:09.024,167.459,HighSpeedOverheat,complex,[Overspeeding;EngineOverheat],[1.0000;1.0000],2,2,1.0000,[engine-temp-1;speed-1],[[55738752-c9ca-4d41-9b54-0b3ff57efc9f];[0421ae1a-99df-41b0-891a-ed6a189a845a]]
2026-04-26 10:50:10.020,168.455,EngineOverheat,atomic,[EngineOverheat],[1.0000],1,1,1.0000,[engine-temp-1],[[dfbd7134-4cb1-4185-aa8f-59e99d231a9c]]
2026-04-26 10:50:10.020,168.455,CrazyEvent,complex,[HighSpeedOverheat;EngineOverheat],[1.0000;1.0000],3,3,1.0000,[engine-temp-1;speed-1],[[55738752-c9ca-4d41-9b54-0b3ff57efc9f];[0421ae1a-99df-41b0-891a-ed6a189a845a];[dfbd7134-4cb1-4185-aa8f-59e99d231a9c]]
2026-04-26 10:50:10.032,168.467,Overspeeding,atomic,[Overspeeding],[1.0000],1,1,1.0000,[speed-1],[[0a867a98-2af8-4264-8455-8df1dfff8f6d]]
2026-04-26 10:50:11.040,169.475,Overspeeding,atomic,[Overspeeding],[1.0000],1,1,1.0000,[speed-1],[[d20df4bc-3b92-4a5e-b099-9e23241a9cb4]]
2026-04-26 10:50:11.053,169.488,EngineOverheat,atomic,[EngineOverheat],[1.0000],1,1,1.0000,[engine-temp-1],[[ad65120c-90b3-4b45-ba19-6879dbe49f78]]
2026-04-26 10:50:11.055,169.490,HighSpeedOverheat,complex,[Overspeeding;EngineOverheat],[1.0000;1.0000],2,2,1.0000,[engine-temp-1;speed-1],[[0a867a98-2af8-4264-8455-8df1dfff8f6d];[ad65120c-90b3-4b45-ba19-6879dbe49f78]]
2026-04-26 10:50:12.015,170.450,EngineOverheat,atomic,[EngineOverheat],[1.0000],1,1,1.0000,[engine-temp-1],[[049cb167-c01e-4c7e-86b5-0f69b9bc5efc]]
2026-04-26 10:50:12.015,170.450,CrazyEvent,complex,[HighSpeedOverheat;EngineOverheat],[1.0000;1.0000],3,3,1.0000,[engine-temp-1;speed-1],[[0a867a98-2af8-4264-8455-8df1dfff8f6d];[ad65120c-90b3-4b45-ba19-6879dbe49f78];[049cb167-c01e-4c7e-86b5-0f69b9bc5efc]]
2026-04-26 10:50:12.030,170.465,Overspeeding,atomic,[Overspeeding],[1.0000],1,1,1.0000,[speed-1],[[fbf6b42d-b2f9-41be-a87e-ae0f0a66cd1d]]
2026-04-26 10:50:13.024,171.459,Overspeeding,atomic,[Overspeeding],[1.0000],1,1,1.0000,[speed-1],[[14596a96-6dc8-436f-bdbd-f2788e47c09d]]
2026-04-26 10:50:13.036,171.471,EngineOverheat,atomic,[EngineOverheat],[1.0000],1,1,1.0000,[engine-temp-1],[[00b7dbd8-d5bf-4a63-8b2e-44083fa4a7a3]]
2026-04-26 10:50:13.039,171.474,HighSpeedOverheat,complex,[Overspeeding;EngineOverheat],[1.0000;1.0000],2,2,1.0000,[engine-temp-1;speed-1],[[fbf6b42d-b2f9-41be-a87e-ae0f0a66cd1d];[00b7dbd8-d5bf-4a63-8b2e-44083fa4a7a3]]
2026-04-26 10:50:14.019,172.454,EngineOverheat,atomic,[EngineOverheat],[1.0000],1,1,1.0000,[engine-temp-1],[[319e704e-e844-48c1-811b-0f3bb705dfde]]
2026-04-26 10:50:14.024,172.459,CrazyEvent,complex,[HighSpeedOverheat;EngineOverheat],[1.0000;1.0000],3,3,1.0000,[engine-temp-1;speed-1],[[fbf6b42d-b2f9-41be-a87e-ae0f0a66cd1d];[00b7dbd8-d5bf-4a63-8b2e-44083fa4a7a3];[319e704e-e844-48c1-811b-0f3bb705dfde]]
2026-04-26 10:50:14.038,172.473,Overspeeding,atomic,[Overspeeding],[1.0000],1,1,1.0000,[speed-1],[[d6d3988c-3245-4f4e-ac1f-0da014ab4a38]]
2026-04-26 10:50:15.024,173.459,Overspeeding,atomic,[Overspeeding],[1.0000],1,1,1.0000,[speed-1],[[c1308d92-4ede-49b0-919b-3015a4a1f590]]
2026-04-26 10:50:15.035,173.470,EngineOverheat,atomic,[EngineOverheat],[1.0000],1,1,1.0000,[engine-temp-1],[[4f6ab812-7d06-4b1b-9c64-25401588c228]]
2026-04-26 10:50:15.036,173.471,HighSpeedOverheat,complex,[Overspeeding;EngineOverheat],[1.0000;1.0000],2,2,1.0000,[engine-temp-1;speed-1],[[d6d3988c-3245-4f4e-ac1f-0da014ab4a38];[4f6ab812-7d06-4b1b-9c64-25401588c228]]
2026-04-26 10:50:16.026,174.461,Overspeeding,atomic,[Overspeeding],[1.0000],1,1,1.0000,[speed-1],[[126b8f9e-2342-4261-90ab-0607ad703a77]]
2026-04-26 10:50:16.041,174.476,EngineOverheat,atomic,[EngineOverheat],[1.0000],1,1,1.0000,[engine-temp-1],[[0bd5c9b4-fd7a-42ae-8770-5c68ab807172]]
2026-04-26 10:50:16.041,174.476,CrazyEvent,complex,[HighSpeedOverheat;EngineOverheat],[1.0000;1.0000],3,3,1.0000,[engine-temp-1;speed-1],[[d6d3988c-3245-4f4e-ac1f-0da014ab4a38];[4f6ab812-7d06-4b1b-9c64-25401588c228];[0bd5c9b4-fd7a-42ae-8770-5c68ab807172]]
2026-04-26 10:50:16.041,174.476,HighSpeedOverheat,complex,[Overspeeding;EngineOverheat],[1.0000;1.0000],2,2,1.0000,[engine-temp-1;speed-1],[[126b8f9e-2342-4261-90ab-0607ad703a77];[0bd5c9b4-fd7a-42ae-8770-5c68ab807172]]
2026-04-26 10:50:17.024,175.459,EngineOverheat,atomic,[EngineOverheat],[1.0000],1,1,1.0000,[engine-temp-1],[[11c2081d-f8bc-48ab-88fc-6197efae2c82]]
2026-04-26 10:50:17.024,175.459,CrazyEvent,complex,[HighSpeedOverheat;EngineOverheat],[1.0000;1.0000],3,3,1.0000,[engine-temp-1;speed-1],[[126b8f9e-2342-4261-90ab-0607ad703a77];[0bd5c9b4-fd7a-42ae-8770-5c68ab807172];[11c2081d-f8bc-48ab-88fc-6197efae2c82]]
2026-04-26 10:50:17.036,175.471,Overspeeding,atomic,[Overspeeding],[1.0000],1,1,1.0000,[speed-1],[[12abc4cd-8c34-4dae-b54f-4f67422b2bbe]]
2026-04-26 10:50:18.024,176.459,EngineOverheat,atomic,[EngineOverheat],[1.0000],1,1,1.0000,[engine-temp-1],[[3b4a58ec-4582-480f-bec6-44d4710518a0]]
2026-04-26 10:50:18.025,176.460,HighSpeedOverheat,complex,[Overspeeding;EngineOverheat],[1.0000;1.0000],2,2,1.0000,[engine-temp-1;speed-1],[[12abc4cd-8c34-4dae-b54f-4f67422b2bbe];[3b4a58ec-4582-480f-bec6-44d4710518a0]]
2026-04-26 10:50:18.036,176.471,Overspeeding,atomic,[Overspeeding],[1.0000],1,1,1.0000,[speed-1],[[65afa5cc-5396-408d-a9eb-ace47232598e]]
2026-04-26 10:50:19.019,177.454,EngineOverheat,atomic,[EngineOverheat],[1.0000],1,1,1.0000,[engine-temp-1],[[db805745-c468-4dbd-8be7-2973dda8cd55]]
2026-04-26 10:50:19.020,177.455,CrazyEvent,complex,[HighSpeedOverheat;EngineOverheat],[1.0000;1.0000],3,3,1.0000,[engine-temp-1;speed-1],[[12abc4cd-8c34-4dae-b54f-4f67422b2bbe];[3b4a58ec-4582-480f-bec6-44d4710518a0];[db805745-c468-4dbd-8be7-2973dda8cd55]]
2026-04-26 10:50:19.020,177.455,HighSpeedOverheat,complex,[Overspeeding;EngineOverheat],[1.0000;1.0000],2,2,1.0000,[engine-temp-1;speed-1],[[65afa5cc-5396-408d-a9eb-ace47232598e];[db805745-c468-4dbd-8be7-2973dda8cd55]]
2026-04-26 10:50:19.032,177.467,Overspeeding,atomic,[Overspeeding],[1.0000],1,1,1.0000,[speed-1],[[2aaba458-d866-47b4-b1e0-aef6cefadbb4]]
2026-04-26 10:50:20.015,178.450,Overspeeding,atomic,[Overspeeding],[1.0000],1,1,1.0000,[speed-1],[[4a3a833f-55e8-487a-bd13-d5c218047cec]]
2026-04-26 10:50:20.025,178.460,EngineOverheat,atomic,[EngineOverheat],[1.0000],1,1,1.0000,[engine-temp-1],[[f0d30b68-55bd-4e21-b479-3c2a6a81762f]]
2026-04-26 10:50:20.026,178.461,CrazyEvent,complex,[HighSpeedOverheat;EngineOverheat],[1.0000;1.0000],3,3,1.0000,[engine-temp-1;speed-1],[[65afa5cc-5396-408d-a9eb-ace47232598e];[db805745-c468-4dbd-8be7-2973dda8cd55];[f0d30b68-55bd-4e21-b479-3c2a6a81762f]]
2026-04-26 10:50:20.026,178.461,HighSpeedOverheat,complex,[Overspeeding;EngineOverheat],[1.0000;1.0000],2,2,1.0000,[engine-temp-1;speed-1],[[2aaba458-d866-47b4-b1e0-aef6cefadbb4];[f0d30b68-55bd-4e21-b479-3c2a6a81762f]]
2026-04-26 10:50:21.008,179.443,Overspeeding,atomic,[Overspeeding],[1.0000],1,1,1.0000,[speed-1],[[0058f2fe-2ebb-4d17-abc4-e085d9d650d2]]
2026-04-26 10:50:21.023,179.458,EngineOverheat,atomic,[EngineOverheat],[1.0000],1,1,1.0000,[engine-temp-1],[[00c65afc-2ae0-490e-9d97-da74d7864c3f]]
2026-04-26 10:50:21.024,179.459,CrazyEvent,complex,[HighSpeedOverheat;EngineOverheat],[1.0000;1.0000],3,3,1.0000,[engine-temp-1;speed-1],[[2aaba458-d866-47b4-b1e0-aef6cefadbb4];[f0d30b68-55bd-4e21-b479-3c2a6a81762f];[00c65afc-2ae0-490e-9d97-da74d7864c3f]]
2026-04-26 10:50:21.024,179.459,HighSpeedOverheat,complex,[Overspeeding;EngineOverheat],[1.0000;1.0000],2,2,1.0000,[engine-temp-1;speed-1],[[0058f2fe-2ebb-4d17-abc4-e085d9d650d2];[00c65afc-2ae0-490e-9d97-da74d7864c3f]]
2026-04-26 10:50:22.016,180.451,EngineOverheat,atomic,[EngineOverheat],[1.0000],1,1,1.0000,[engine-temp-1],[[e6e4245d-1355-47a0-b03c-991c6a362317]]
2026-04-26 10:50:22.016,180.451,CrazyEvent,complex,[HighSpeedOverheat;EngineOverheat],[1.0000;1.0000],3,3,1.0000,[engine-temp-1;speed-1],[[0058f2fe-2ebb-4d17-abc4-e085d9d650d2];[00c65afc-2ae0-490e-9d97-da74d7864c3f];[e6e4245d-1355-47a0-b03c-991c6a362317]]
2026-04-26 10:50:22.030,180.465,Overspeeding,atomic,[Overspeeding],[1.0000],1,1,1.0000,[speed-1],[[a47f3bd5-4bc0-45e8-a231-24d4bf96afd4]]
2026-04-26 10:50:23.034,181.469,EngineOverheat,atomic,[EngineOverheat],[1.0000],1,1,1.0000,[engine-temp-1],[[ef8b5960-96f6-4825-9411-2359520c2cba]]
2026-04-26 10:50:23.035,181.470,HighSpeedOverheat,complex,[Overspeeding;EngineOverheat],[1.0000;1.0000],2,2,1.0000,[engine-temp-1;speed-1],[[a47f3bd5-4bc0-45e8-a231-24d4bf96afd4];[ef8b5960-96f6-4825-9411-2359520c2cba]]
2026-04-26 10:50:23.046,181.481,Overspeeding,atomic,[Overspeeding],[1.0000],1,1,1.0000,[speed-1],[[2c994070-c585-411a-a21c-c36034f2b3ff]]
2026-04-26 10:50:24.018,182.453,Overspeeding,atomic,[Overspeeding],[1.0000],1,1,1.0000,[speed-1],[[afd25da8-ff63-4ccf-9d7b-43ba52396683]]
2026-04-26 10:50:24.030,182.465,EngineOverheat,atomic,[EngineOverheat],[1.0000],1,1,1.0000,[engine-temp-1],[[087254c3-a860-4d48-9cdd-d21f137ab51e]]
2026-04-26 10:50:24.030,182.465,CrazyEvent,complex,[HighSpeedOverheat;EngineOverheat],[1.0000;1.0000],3,3,1.0000,[engine-temp-1;speed-1],[[a47f3bd5-4bc0-45e8-a231-24d4bf96afd4];[ef8b5960-96f6-4825-9411-2359520c2cba];[087254c3-a860-4d48-9cdd-d21f137ab51e]]
2026-04-26 10:50:24.030,182.465,HighSpeedOverheat,complex,[Overspeeding;EngineOverheat],[1.0000;1.0000],2,2,1.0000,[engine-temp-1;speed-1],[[2c994070-c585-411a-a21c-c36034f2b3ff];[087254c3-a860-4d48-9cdd-d21f137ab51e]]
2026-04-26 10:50:25.024,183.459,EngineOverheat,atomic,[EngineOverheat],[1.0000],1,1,1.0000,[engine-temp-1],[[d1df4f44-5042-4ff8-9ebc-c9829f5ebb43]]
2026-04-26 10:50:25.025,183.460,CrazyEvent,complex,[HighSpeedOverheat;EngineOverheat],[1.0000;1.0000],3,3,1.0000,[engine-temp-1;speed-1],[[2c994070-c585-411a-a21c-c36034f2b3ff];[087254c3-a860-4d48-9cdd-d21f137ab51e];[d1df4f44-5042-4ff8-9ebc-c9829f5ebb43]]
2026-04-26 10:50:25.038,183.473,Overspeeding,atomic,[Overspeeding],[1.0000],1,1,1.0000,[speed-1],[[d0fbcba6-9022-4505-aa9e-1616166d7609]]
2026-04-26 10:50:26.024,184.459,Overspeeding,atomic,[Overspeeding],[1.0000],1,1,1.0000,[speed-1],[[223ffa9f-7b7d-4f8d-894a-5c60319e4d20]]
2026-04-26 10:50:26.037,184.472,EngineOverheat,atomic,[EngineOverheat],[1.0000],1,1,1.0000,[engine-temp-1],[[1b17a3f4-66ae-4219-a410-3c22b2e2c02d]]
2026-04-26 10:50:26.037,184.472,HighSpeedOverheat,complex,[Overspeeding;EngineOverheat],[1.0000;1.0000],2,2,1.0000,[engine-temp-1;speed-1],[[d0fbcba6-9022-4505-aa9e-1616166d7609];[1b17a3f4-66ae-4219-a410-3c22b2e2c02d]]
2026-04-26 10:50:27.022,185.457,Overspeeding,atomic,[Overspeeding],[1.0000],1,1,1.0000,[speed-1],[[9edc0c62-7231-4b78-84ba-b0bf9ebe1a11]]
2026-04-26 10:50:27.035,185.470,EngineOverheat,atomic,[EngineOverheat],[1.0000],1,1,1.0000,[engine-temp-1],[[1b35ae06-ff64-45d1-b92c-f637067418aa]]
2026-04-26 10:50:27.035,185.470,CrazyEvent,complex,[HighSpeedOverheat;EngineOverheat],[1.0000;1.0000],3,3,1.0000,[engine-temp-1;speed-1],[[d0fbcba6-9022-4505-aa9e-1616166d7609];[1b17a3f4-66ae-4219-a410-3c22b2e2c02d];[1b35ae06-ff64-45d1-b92c-f637067418aa]]
2026-04-26 10:50:27.035,185.470,HighSpeedOverheat,complex,[Overspeeding;EngineOverheat],[1.0000;1.0000],2,2,1.0000,[engine-temp-1;speed-1],[[9edc0c62-7231-4b78-84ba-b0bf9ebe1a11];[1b35ae06-ff64-45d1-b92c-f637067418aa]]
2026-04-26 10:50:28.009,186.444,EngineOverheat,atomic,[EngineOverheat],[1.0000],1,1,1.0000,[engine-temp-1],[[602760c5-6718-4301-9cc8-388809996fbb]]
2026-04-26 10:50:28.015,186.450,CrazyEvent,complex,[HighSpeedOverheat;EngineOverheat],[1.0000;1.0000],3,3,1.0000,[engine-temp-1;speed-1],[[9edc0c62-7231-4b78-84ba-b0bf9ebe1a11];[1b35ae06-ff64-45d1-b92c-f637067418aa];[602760c5-6718-4301-9cc8-388809996fbb]]
2026-04-26 10:50:28.030,186.465,Overspeeding,atomic,[Overspeeding],[1.0000],1,1,1.0000,[speed-1],[[ef064d80-a1f6-448e-ad92-2a0a26781d93]]
2026-04-26 10:50:29.018,187.453,EngineOverheat,atomic,[EngineOverheat],[1.0000],1,1,1.0000,[engine-temp-1],[[ba2f7980-5118-4903-bdd9-18f20938f7ac]]
2026-04-26 10:50:29.018,187.453,HighSpeedOverheat,complex,[Overspeeding;EngineOverheat],[1.0000;1.0000],2,2,1.0000,[engine-temp-1;speed-1],[[ef064d80-a1f6-448e-ad92-2a0a26781d93];[ba2f7980-5118-4903-bdd9-18f20938f7ac]]
2026-04-26 10:50:29.030,187.465,Overspeeding,atomic,[Overspeeding],[1.0000],1,1,1.0000,[speed-1],[[360c7da0-72fa-4ea7-b9ab-29e590e971e7]]
2026-04-26 10:50:30.024,188.459,EngineOverheat,atomic,[EngineOverheat],[1.0000],1,1,1.0000,[engine-temp-1],[[abb7c53f-29de-433b-bb66-f6c5772acea8]]
2026-04-26 10:50:30.024,188.459,CrazyEvent,complex,[HighSpeedOverheat;EngineOverheat],[1.0000;1.0000],3,3,1.0000,[engine-temp-1;speed-1],[[ef064d80-a1f6-448e-ad92-2a0a26781d93];[ba2f7980-5118-4903-bdd9-18f20938f7ac];[abb7c53f-29de-433b-bb66-f6c5772acea8]]
2026-04-26 10:50:30.024,188.459,HighSpeedOverheat,complex,[Overspeeding;EngineOverheat],[1.0000;1.0000],2,2,1.0000,[engine-temp-1;speed-1],[[360c7da0-72fa-4ea7-b9ab-29e590e971e7];[abb7c53f-29de-433b-bb66-f6c5772acea8]]
2026-04-26 10:50:30.036,188.471,Overspeeding,atomic,[Overspeeding],[1.0000],1,1,1.0000,[speed-1],[[7cc5ebf0-e3f0-4552-9518-469981bad8c8]]
2026-04-26 10:50:31.024,189.459,Overspeeding,atomic,[Overspeeding],[1.0000],1,1,1.0000,[speed-1],[[4c61434c-9087-4eb1-b38d-dca1bbfe644b]]
2026-04-26 10:50:31.035,189.470,EngineOverheat,atomic,[EngineOverheat],[1.0000],1,1,1.0000,[engine-temp-1],[[939484d2-c4cc-4ef0-b2fe-c576337e462f]]
2026-04-26 10:50:31.035,189.470,CrazyEvent,complex,[HighSpeedOverheat;EngineOverheat],[1.0000;1.0000],3,3,1.0000,[engine-temp-1;speed-1],[[360c7da0-72fa-4ea7-b9ab-29e590e971e7];[abb7c53f-29de-433b-bb66-f6c5772acea8];[939484d2-c4cc-4ef0-b2fe-c576337e462f]]
2026-04-26 10:50:31.035,189.470,HighSpeedOverheat,complex,[Overspeeding;EngineOverheat],[1.0000;1.0000],2,2,1.0000,[engine-temp-1;speed-1],[[7cc5ebf0-e3f0-4552-9518-469981bad8c8];[939484d2-c4cc-4ef0-b2fe-c576337e462f]]
2026-04-26 10:50:32.024,190.459,EngineOverheat,atomic,[EngineOverheat],[1.0000],1,1,1.0000,[engine-temp-1],[[78ff2072-44d7-4be5-b9f5-c69d5059bb7a]]
2026-04-26 10:50:32.024,190.459,CrazyEvent,complex,[HighSpeedOverheat;EngineOverheat],[1.0000;1.0000],3,3,1.0000,[engine-temp-1;speed-1],[[7cc5ebf0-e3f0-4552-9518-469981bad8c8];[939484d2-c4cc-4ef0-b2fe-c576337e462f];[78ff2072-44d7-4be5-b9f5-c69d5059bb7a]]
2026-04-26 10:50:32.035,190.470,Overspeeding,atomic,[Overspeeding],[1.0000],1,1,1.0000,[speed-1],[[7d5137ef-0b66-41e8-a9c2-92c3489f8036]]
2026-04-26 10:50:33.010,191.445,Overspeeding,atomic,[Overspeeding],[1.0000],1,1,1.0000,[speed-1],[[94185e75-e792-4033-ad13-516bf2afb029]]
2026-04-26 10:50:33.024,191.459,EngineOverheat,atomic,[EngineOverheat],[1.0000],1,1,1.0000,[engine-temp-1],[[9dc54b84-6770-4482-bb29-d9ae91afcec9]]
2026-04-26 10:50:33.024,191.459,HighSpeedOverheat,complex,[Overspeeding;EngineOverheat],[1.0000;1.0000],2,2,1.0000,[engine-temp-1;speed-1],[[7d5137ef-0b66-41e8-a9c2-92c3489f8036];[9dc54b84-6770-4482-bb29-d9ae91afcec9]]
2026-04-26 10:50:34.015,192.450,Overspeeding,atomic,[Overspeeding],[1.0000],1,1,1.0000,[speed-1],[[d72ed797-3c50-4f48-b43d-84748fd97892]]
2026-04-26 10:50:34.027,192.462,EngineOverheat,atomic,[EngineOverheat],[1.0000],1,1,1.0000,[engine-temp-1],[[1f1d83a5-5f48-4d1c-bb65-d631fb6a4533]]
2026-04-26 10:50:34.027,192.462,CrazyEvent,complex,[HighSpeedOverheat;EngineOverheat],[1.0000;1.0000],3,3,1.0000,[engine-temp-1;speed-1],[[7d5137ef-0b66-41e8-a9c2-92c3489f8036];[9dc54b84-6770-4482-bb29-d9ae91afcec9];[1f1d83a5-5f48-4d1c-bb65-d631fb6a4533]]
2026-04-26 10:50:34.027,192.462,HighSpeedOverheat,complex,[Overspeeding;EngineOverheat],[1.0000;1.0000],2,2,1.0000,[engine-temp-1;speed-1],[[d72ed797-3c50-4f48-b43d-84748fd97892];[1f1d83a5-5f48-4d1c-bb65-d631fb6a4533]]
2026-04-26 10:50:35.013,193.448,Overspeeding,atomic,[Overspeeding],[1.0000],1,1,1.0000,[speed-1],[[c17162ab-2055-4029-a4d9-a600262dca3d]]
2026-04-26 10:50:35.024,193.459,EngineOverheat,atomic,[EngineOverheat],[1.0000],1,1,1.0000,[engine-temp-1],[[8c403368-5000-4ba9-8f86-ba3c7a772c0f]]
2026-04-26 10:50:35.024,193.459,CrazyEvent,complex,[HighSpeedOverheat;EngineOverheat],[1.0000;1.0000],3,3,1.0000,[engine-temp-1;speed-1],[[d72ed797-3c50-4f48-b43d-84748fd97892];[1f1d83a5-5f48-4d1c-bb65-d631fb6a4533];[8c403368-5000-4ba9-8f86-ba3c7a772c0f]]
2026-04-26 10:50:35.024,193.459,HighSpeedOverheat,complex,[Overspeeding;EngineOverheat],[1.0000;1.0000],2,2,1.0000,[engine-temp-1;speed-1],[[c17162ab-2055-4029-a4d9-a600262dca3d];[8c403368-5000-4ba9-8f86-ba3c7a772c0f]]
2026-04-26 10:50:36.022,194.457,EngineOverheat,atomic,[EngineOverheat],[1.0000],1,1,1.0000,[engine-temp-1],[[4c5a831d-0bae-4061-85b8-a78ea9be38ff]]
2026-04-26 10:50:36.022,194.457,CrazyEvent,complex,[HighSpeedOverheat;EngineOverheat],[1.0000;1.0000],3,3,1.0000,[engine-temp-1;speed-1],[[c17162ab-2055-4029-a4d9-a600262dca3d];[8c403368-5000-4ba9-8f86-ba3c7a772c0f];[4c5a831d-0bae-4061-85b8-a78ea9be38ff]]
2026-04-26 10:50:36.034,194.469,Overspeeding,atomic,[Overspeeding],[1.0000],1,1,1.0000,[speed-1],[[d6f294b1-cdd5-4858-a624-6fff9309130d]]
2026-04-26 10:50:37.017,195.452,EngineOverheat,atomic,[EngineOverheat],[1.0000],1,1,1.0000,[engine-temp-1],[[bb912fae-cf93-43a1-8a0a-0ce9d65d75ee]]
2026-04-26 10:50:37.017,195.452,HighSpeedOverheat,complex,[Overspeeding;EngineOverheat],[1.0000;1.0000],2,2,1.0000,[engine-temp-1;speed-1],[[d6f294b1-cdd5-4858-a624-6fff9309130d];[bb912fae-cf93-43a1-8a0a-0ce9d65d75ee]]
2026-04-26 10:50:37.029,195.464,Overspeeding,atomic,[Overspeeding],[1.0000],1,1,1.0000,[speed-1],[[cfe58995-83d8-4dc5-b7a2-484303b6810b]]
2026-04-26 10:50:38.028,196.463,EngineOverheat,atomic,[EngineOverheat],[1.0000],1,1,1.0000,[engine-temp-1],[[d0ece809-cd89-40c5-9a98-e66bf788e758]]
2026-04-26 10:50:38.028,196.463,CrazyEvent,complex,[HighSpeedOverheat;EngineOverheat],[1.0000;1.0000],3,3,1.0000,[engine-temp-1;speed-1],[[d6f294b1-cdd5-4858-a624-6fff9309130d];[bb912fae-cf93-43a1-8a0a-0ce9d65d75ee];[d0ece809-cd89-40c5-9a98-e66bf788e758]]
2026-04-26 10:50:38.028,196.463,HighSpeedOverheat,complex,[Overspeeding;EngineOverheat],[1.0000;1.0000],2,2,1.0000,[engine-temp-1;speed-1],[[cfe58995-83d8-4dc5-b7a2-484303b6810b];[d0ece809-cd89-40c5-9a98-e66bf788e758]]
2026-04-26 10:50:38.040,196.475,Overspeeding,atomic,[Overspeeding],[1.0000],1,1,1.0000,[speed-1],[[cfd38b99-94a9-4d35-a8df-6954253f7973]]
2026-04-26 10:50:39.025,197.460,Overspeeding,atomic,[Overspeeding],[1.0000],1,1,1.0000,[speed-1],[[341e02ae-8f66-46d5-b099-d0e513229868]]
2026-04-26 10:50:39.036,197.471,EngineOverheat,atomic,[EngineOverheat],[1.0000],1,1,1.0000,[engine-temp-1],[[55f0d534-0e5f-4dc0-9da4-56a5be8e14fe]]
2026-04-26 10:50:39.036,197.471,CrazyEvent,complex,[HighSpeedOverheat;EngineOverheat],[1.0000;1.0000],3,3,1.0000,[engine-temp-1;speed-1],[[cfe58995-83d8-4dc5-b7a2-484303b6810b];[d0ece809-cd89-40c5-9a98-e66bf788e758];[55f0d534-0e5f-4dc0-9da4-56a5be8e14fe]]
2026-04-26 10:50:39.036,197.471,HighSpeedOverheat,complex,[Overspeeding;EngineOverheat],[1.0000;1.0000],2,2,1.0000,[engine-temp-1;speed-1],[[cfd38b99-94a9-4d35-a8df-6954253f7973];[55f0d534-0e5f-4dc0-9da4-56a5be8e14fe]]
2026-04-26 10:50:40.013,198.448,Overspeeding,atomic,[Overspeeding],[1.0000],1,1,1.0000,[speed-1],[[a062bace-e634-4efc-bfc4-32bfbee02276]]
2026-04-26 10:50:40.025,198.460,EngineOverheat,atomic,[EngineOverheat],[1.0000],1,1,1.0000,[engine-temp-1],[[e2a13a17-4a7f-44c8-b879-a11b9f6c9488]]
2026-04-26 10:50:40.025,198.460,CrazyEvent,complex,[HighSpeedOverheat;EngineOverheat],[1.0000;1.0000],3,3,1.0000,[engine-temp-1;speed-1],[[cfd38b99-94a9-4d35-a8df-6954253f7973];[55f0d534-0e5f-4dc0-9da4-56a5be8e14fe];[e2a13a17-4a7f-44c8-b879-a11b9f6c9488]]
2026-04-26 10:50:40.025,198.460,HighSpeedOverheat,complex,[Overspeeding;EngineOverheat],[1.0000;1.0000],2,2,1.0000,[engine-temp-1;speed-1],[[a062bace-e634-4efc-bfc4-32bfbee02276];[e2a13a17-4a7f-44c8-b879-a11b9f6c9488]]
2026-04-26 10:50:41.021,199.456,EngineOverheat,atomic,[EngineOverheat],[1.0000],1,1,1.0000,[engine-temp-1],[[450db111-5b05-4f7d-af6e-bf0e3bff6ae9]]
2026-04-26 10:50:41.022,199.457,CrazyEvent,complex,[HighSpeedOverheat;EngineOverheat],[1.0000;1.0000],3,3,1.0000,[engine-temp-1;speed-1],[[a062bace-e634-4efc-bfc4-32bfbee02276];[e2a13a17-4a7f-44c8-b879-a11b9f6c9488];[450db111-5b05-4f7d-af6e-bf0e3bff6ae9]]
2026-04-26 10:50:41.034,199.469,Overspeeding,atomic,[Overspeeding],[1.0000],1,1,1.0000,[speed-1],[[a1ced650-568e-4e54-85a8-eaa7f36e9b59]]
2026-04-26 10:50:42.015,200.450,EngineOverheat,atomic,[EngineOverheat],[1.0000],1,1,1.0000,[engine-temp-1],[[3b2450c7-e3f9-4928-bb06-fc1f5be8d58c]]
2026-04-26 10:50:42.015,200.450,HighSpeedOverheat,complex,[Overspeeding;EngineOverheat],[1.0000;1.0000],2,2,1.0000,[engine-temp-1;speed-1],[[a1ced650-568e-4e54-85a8-eaa7f36e9b59];[3b2450c7-e3f9-4928-bb06-fc1f5be8d58c]]
2026-04-26 10:50:42.027,200.462,Overspeeding,atomic,[Overspeeding],[1.0000],1,1,1.0000,[speed-1],[[9c478fe7-fb15-4414-a17e-be2fc00e3f68]]
2026-04-26 10:50:43.021,201.456,EngineOverheat,atomic,[EngineOverheat],[1.0000],1,1,1.0000,[engine-temp-1],[[cc0a62ad-0f84-428a-99e5-9bb7fe7196c3]]
2026-04-26 10:50:43.021,201.456,CrazyEvent,complex,[HighSpeedOverheat;EngineOverheat],[1.0000;1.0000],3,3,1.0000,[engine-temp-1;speed-1],[[a1ced650-568e-4e54-85a8-eaa7f36e9b59];[3b2450c7-e3f9-4928-bb06-fc1f5be8d58c];[cc0a62ad-0f84-428a-99e5-9bb7fe7196c3]]
2026-04-26 10:50:43.021,201.456,HighSpeedOverheat,complex,[Overspeeding;EngineOverheat],[1.0000;1.0000],2,2,1.0000,[engine-temp-1;speed-1],[[9c478fe7-fb15-4414-a17e-be2fc00e3f68];[cc0a62ad-0f84-428a-99e5-9bb7fe7196c3]]
2026-04-26 10:50:43.034,201.469,Overspeeding,atomic,[Overspeeding],[1.0000],1,1,1.0000,[speed-1],[[6ea73321-6e60-4b29-9598-cef84128ca01]]
2026-04-26 10:50:44.025,202.460,EngineOverheat,atomic,[EngineOverheat],[1.0000],1,1,1.0000,[engine-temp-1],[[155102ca-faff-4267-b011-b04094c83ae9]]
2026-04-26 10:50:44.026,202.461,CrazyEvent,complex,[HighSpeedOverheat;EngineOverheat],[1.0000;1.0000],3,3,1.0000,[engine-temp-1;speed-1],[[9c478fe7-fb15-4414-a17e-be2fc00e3f68];[cc0a62ad-0f84-428a-99e5-9bb7fe7196c3];[155102ca-faff-4267-b011-b04094c83ae9]]
2026-04-26 10:50:44.026,202.461,HighSpeedOverheat,complex,[Overspeeding;EngineOverheat],[1.0000;1.0000],2,2,1.0000,[engine-temp-1;speed-1],[[6ea73321-6e60-4b29-9598-cef84128ca01];[155102ca-faff-4267-b011-b04094c83ae9]]
2026-04-26 10:50:44.039,202.474,Overspeeding,atomic,[Overspeeding],[1.0000],1,1,1.0000,[speed-1],[[99c1c97a-0ab2-497d-b972-0ef90e100421]]
2026-04-26 10:50:45.022,203.457,Overspeeding,atomic,[Overspeeding],[1.0000],1,1,1.0000,[speed-1],[[ae7c15b9-8010-46cd-aad0-e2d1a70e1b7d]]
2026-04-26 10:50:45.033,203.468,EngineOverheat,atomic,[EngineOverheat],[1.0000],1,1,1.0000,[engine-temp-1],[[f66b174a-e8e6-429e-8db1-fd3e0fba8a0b]]
2026-04-26 10:50:45.033,203.468,CrazyEvent,complex,[HighSpeedOverheat;EngineOverheat],[1.0000;1.0000],3,3,1.0000,[engine-temp-1;speed-1],[[6ea73321-6e60-4b29-9598-cef84128ca01];[155102ca-faff-4267-b011-b04094c83ae9];[f66b174a-e8e6-429e-8db1-fd3e0fba8a0b]]
2026-04-26 10:50:45.033,203.468,HighSpeedOverheat,complex,[Overspeeding;EngineOverheat],[1.0000;1.0000],2,2,1.0000,[engine-temp-1;speed-1],[[99c1c97a-0ab2-497d-b972-0ef90e100421];[f66b174a-e8e6-429e-8db1-fd3e0fba8a0b]]
2026-04-26 10:50:46.018,204.453,Overspeeding,atomic,[Overspeeding],[1.0000],1,1,1.0000,[speed-1],[[a532d56d-8bc0-495f-aa42-ccc413596964]]
2026-04-26 10:50:46.030,204.465,EngineOverheat,atomic,[EngineOverheat],[1.0000],1,1,1.0000,[engine-temp-1],[[fc3790b2-62a4-43c7-a8b4-65e938309768]]
2026-04-26 10:50:46.030,204.465,CrazyEvent,complex,[HighSpeedOverheat;EngineOverheat],[1.0000;1.0000],3,3,1.0000,[engine-temp-1;speed-1],[[99c1c97a-0ab2-497d-b972-0ef90e100421];[f66b174a-e8e6-429e-8db1-fd3e0fba8a0b];[fc3790b2-62a4-43c7-a8b4-65e938309768]]
2026-04-26 10:50:46.030,204.465,HighSpeedOverheat,complex,[Overspeeding;EngineOverheat],[1.0000;1.0000],2,2,1.0000,[engine-temp-1;speed-1],[[a532d56d-8bc0-495f-aa42-ccc413596964];[fc3790b2-62a4-43c7-a8b4-65e938309768]]
2026-04-26 10:50:47.018,205.453,EngineOverheat,atomic,[EngineOverheat],[1.0000],1,1,1.0000,[engine-temp-1],[[b80296be-8797-410c-ab22-0ebd9c5c8c71]]
2026-04-26 10:50:47.018,205.453,CrazyEvent,complex,[HighSpeedOverheat;EngineOverheat],[1.0000;1.0000],3,3,1.0000,[engine-temp-1;speed-1],[[a532d56d-8bc0-495f-aa42-ccc413596964];[fc3790b2-62a4-43c7-a8b4-65e938309768];[b80296be-8797-410c-ab22-0ebd9c5c8c71]]
2026-04-26 10:50:47.030,205.465,Overspeeding,atomic,[Overspeeding],[1.0000],1,1,1.0000,[speed-1],[[39bfcebe-a4ef-4dd3-bad5-42a44e0ff5dc]]
2026-04-26 10:50:48.021,206.456,Overspeeding,atomic,[Overspeeding],[1.0000],1,1,1.0000,[speed-1],[[9d24ae7b-6b49-49f4-8e74-792ed74c4c16]]
2026-04-26 10:50:48.033,206.468,EngineOverheat,atomic,[EngineOverheat],[1.0000],1,1,1.0000,[engine-temp-1],[[ea9bfa87-b4c0-4701-8e79-7bea9de1ff7e]]
2026-04-26 10:50:48.033,206.468,HighSpeedOverheat,complex,[Overspeeding;EngineOverheat],[1.0000;1.0000],2,2,1.0000,[engine-temp-1;speed-1],[[39bfcebe-a4ef-4dd3-bad5-42a44e0ff5dc];[ea9bfa87-b4c0-4701-8e79-7bea9de1ff7e]]
2026-04-26 10:50:49.016,207.451,Overspeeding,atomic,[Overspeeding],[1.0000],1,1,1.0000,[speed-1],[[434c6264-6ed5-4070-82a4-09cdd69752dc]]
2026-04-26 10:50:49.028,207.463,EngineOverheat,atomic,[EngineOverheat],[1.0000],1,1,1.0000,[engine-temp-1],[[a913e718-3482-4eec-887f-0d465afba96b]]
2026-04-26 10:50:49.028,207.463,CrazyEvent,complex,[HighSpeedOverheat;EngineOverheat],[1.0000;1.0000],3,3,1.0000,[engine-temp-1;speed-1],[[39bfcebe-a4ef-4dd3-bad5-42a44e0ff5dc];[ea9bfa87-b4c0-4701-8e79-7bea9de1ff7e];[a913e718-3482-4eec-887f-0d465afba96b]]
2026-04-26 10:50:49.028,207.463,HighSpeedOverheat,complex,[Overspeeding;EngineOverheat],[1.0000;1.0000],2,2,1.0000,[engine-temp-1;speed-1],[[434c6264-6ed5-4070-82a4-09cdd69752dc];[a913e718-3482-4eec-887f-0d465afba96b]]
2026-04-26 10:50:50.017,208.452,EngineOverheat,atomic,[EngineOverheat],[1.0000],1,1,1.0000,[engine-temp-1],[[d3ef0c18-808f-4a96-954d-b00a8bf3da2e]]
2026-04-26 10:50:50.017,208.452,CrazyEvent,complex,[HighSpeedOverheat;EngineOverheat],[1.0000;1.0000],3,3,1.0000,[engine-temp-1;speed-1],[[434c6264-6ed5-4070-82a4-09cdd69752dc];[a913e718-3482-4eec-887f-0d465afba96b];[d3ef0c18-808f-4a96-954d-b00a8bf3da2e]]
2026-04-26 10:50:50.029,208.464,Overspeeding,atomic,[Overspeeding],[1.0000],1,1,1.0000,[speed-1],[[0f5c1a37-d3a4-4039-8b1c-28bb6dea7733]]
2026-04-26 10:50:51.014,209.449,EngineOverheat,atomic,[EngineOverheat],[1.0000],1,1,1.0000,[engine-temp-1],[[4f383ece-210c-4c97-98cf-22644179b1fe]]
2026-04-26 10:50:51.015,209.450,HighSpeedOverheat,complex,[Overspeeding;EngineOverheat],[1.0000;1.0000],2,2,1.0000,[engine-temp-1;speed-1],[[0f5c1a37-d3a4-4039-8b1c-28bb6dea7733];[4f383ece-210c-4c97-98cf-22644179b1fe]]
2026-04-26 10:50:51.027,209.462,Overspeeding,atomic,[Overspeeding],[1.0000],1,1,1.0000,[speed-1],[[e2438adf-a4e7-40a1-b576-c17a649ae092]]
2026-04-26 10:50:52.011,210.446,Overspeeding,atomic,[Overspeeding],[1.0000],1,1,1.0000,[speed-1],[[dbd1587a-0dd3-40df-98ee-a41f19b3ef63]]
2026-04-26 10:50:52.025,210.460,EngineOverheat,atomic,[EngineOverheat],[1.0000],1,1,1.0000,[engine-temp-1],[[8e42c1a6-8f84-4c05-a840-230702c95e63]]
2026-04-26 10:50:52.026,210.461,CrazyEvent,complex,[HighSpeedOverheat;EngineOverheat],[1.0000;1.0000],3,3,1.0000,[engine-temp-1;speed-1],[[0f5c1a37-d3a4-4039-8b1c-28bb6dea7733];[4f383ece-210c-4c97-98cf-22644179b1fe];[8e42c1a6-8f84-4c05-a840-230702c95e63]]
2026-04-26 10:50:52.026,210.461,HighSpeedOverheat,complex,[Overspeeding;EngineOverheat],[1.0000;1.0000],2,2,1.0000,[engine-temp-1;speed-1],[[e2438adf-a4e7-40a1-b576-c17a649ae092];[8e42c1a6-8f84-4c05-a840-230702c95e63]]
2026-04-26 10:50:53.018,211.453,EngineOverheat,atomic,[EngineOverheat],[1.0000],1,1,1.0000,[engine-temp-1],[[eab2d750-571d-4d3a-b370-58cbc4dff8bd]]
2026-04-26 10:50:53.018,211.453,CrazyEvent,complex,[HighSpeedOverheat;EngineOverheat],[1.0000;1.0000],3,3,1.0000,[engine-temp-1;speed-1],[[e2438adf-a4e7-40a1-b576-c17a649ae092];[8e42c1a6-8f84-4c05-a840-230702c95e63];[eab2d750-571d-4d3a-b370-58cbc4dff8bd]]
2026-04-26 10:50:53.030,211.465,Overspeeding,atomic,[Overspeeding],[1.0000],1,1,1.0000,[speed-1],[[b2058471-f8f2-4482-b404-f58b1e740e39]]
2026-04-26 10:50:54.028,212.463,EngineOverheat,atomic,[EngineOverheat],[1.0000],1,1,1.0000,[engine-temp-1],[[2dbc064e-f640-4916-86ea-96b4e99f85c9]]
2026-04-26 10:50:54.028,212.463,HighSpeedOverheat,complex,[Overspeeding;EngineOverheat],[1.0000;1.0000],2,2,1.0000,[engine-temp-1;speed-1],[[b2058471-f8f2-4482-b404-f58b1e740e39];[2dbc064e-f640-4916-86ea-96b4e99f85c9]]
2026-04-26 10:50:54.040,212.475,Overspeeding,atomic,[Overspeeding],[1.0000],1,1,1.0000,[speed-1],[[7cd4606f-9b05-4992-9686-00622671821d]]
2026-04-26 10:50:55.014,213.449,Overspeeding,atomic,[Overspeeding],[1.0000],1,1,1.0000,[speed-1],[[7cef0704-8076-44f9-937b-93da522723d8]]
2026-04-26 10:50:55.026,213.461,EngineOverheat,atomic,[EngineOverheat],[1.0000],1,1,1.0000,[engine-temp-1],[[9cdeefc2-5743-45ac-b637-4814311fc440]]
2026-04-26 10:50:55.026,213.461,CrazyEvent,complex,[HighSpeedOverheat;EngineOverheat],[1.0000;1.0000],3,3,1.0000,[engine-temp-1;speed-1],[[b2058471-f8f2-4482-b404-f58b1e740e39];[2dbc064e-f640-4916-86ea-96b4e99f85c9];[9cdeefc2-5743-45ac-b637-4814311fc440]]
2026-04-26 10:50:55.026,213.461,HighSpeedOverheat,complex,[Overspeeding;EngineOverheat],[1.0000;1.0000],2,2,1.0000,[engine-temp-1;speed-1],[[7cd4606f-9b05-4992-9686-00622671821d];[9cdeefc2-5743-45ac-b637-4814311fc440]]
2026-04-26 10:50:56.020,214.455,EngineOverheat,atomic,[EngineOverheat],[1.0000],1,1,1.0000,[engine-temp-1],[[6d8a0172-3c08-436e-a14f-0c7822f5fbae]]
2026-04-26 10:50:56.020,214.455,CrazyEvent,complex,[HighSpeedOverheat;EngineOverheat],[1.0000;1.0000],3,3,1.0000,[engine-temp-1;speed-1],[[7cd4606f-9b05-4992-9686-00622671821d];[9cdeefc2-5743-45ac-b637-4814311fc440];[6d8a0172-3c08-436e-a14f-0c7822f5fbae]]
2026-04-26 10:50:56.032,214.467,Overspeeding,atomic,[Overspeeding],[1.0000],1,1,1.0000,[speed-1],[[226a54f1-e2b9-4393-96ce-ebcb815e3cd6]]
2026-04-26 10:50:57.024,215.459,EngineOverheat,atomic,[EngineOverheat],[1.0000],1,1,1.0000,[engine-temp-1],[[16f921b0-80bf-41ce-9efd-2b564148be20]]
2026-04-26 10:50:57.025,215.460,HighSpeedOverheat,complex,[Overspeeding;EngineOverheat],[1.0000;1.0000],2,2,1.0000,[engine-temp-1;speed-1],[[226a54f1-e2b9-4393-96ce-ebcb815e3cd6];[16f921b0-80bf-41ce-9efd-2b564148be20]]
2026-04-26 10:50:57.038,215.473,Overspeeding,atomic,[Overspeeding],[1.0000],1,1,1.0000,[speed-1],[[93216e03-0c67-43ba-b4e5-c1b34f537113]]
2026-04-26 10:50:58.014,216.449,Overspeeding,atomic,[Overspeeding],[1.0000],1,1,1.0000,[speed-1],[[429d90c9-e3ae-40e4-8379-c716ff6b65fd]]
2026-04-26 10:50:58.026,216.461,EngineOverheat,atomic,[EngineOverheat],[1.0000],1,1,1.0000,[engine-temp-1],[[7a0f9e7e-f4af-4296-ba67-f810828ad950]]
2026-04-26 10:50:58.027,216.462,CrazyEvent,complex,[HighSpeedOverheat;EngineOverheat],[1.0000;1.0000],3,3,1.0000,[engine-temp-1;speed-1],[[226a54f1-e2b9-4393-96ce-ebcb815e3cd6];[16f921b0-80bf-41ce-9efd-2b564148be20];[7a0f9e7e-f4af-4296-ba67-f810828ad950]]
2026-04-26 10:50:58.029,216.464,HighSpeedOverheat,complex,[Overspeeding;EngineOverheat],[1.0000;1.0000],2,2,1.0000,[engine-temp-1;speed-1],[[93216e03-0c67-43ba-b4e5-c1b34f537113];[7a0f9e7e-f4af-4296-ba67-f810828ad950]]
2026-04-26 10:50:59.026,217.461,Overspeeding,atomic,[Overspeeding],[1.0000],1,1,1.0000,[speed-1],[[ad055de5-0e2b-4769-a85c-3b29e422692b]]
2026-04-26 10:50:59.038,217.473,EngineOverheat,atomic,[EngineOverheat],[1.0000],1,1,1.0000,[engine-temp-1],[[84b066de-4fac-4ce0-8ca4-04d1d6f83151]]
2026-04-26 10:50:59.038,217.473,CrazyEvent,complex,[HighSpeedOverheat;EngineOverheat],[1.0000;1.0000],3,3,1.0000,[engine-temp-1;speed-1],[[93216e03-0c67-43ba-b4e5-c1b34f537113];[7a0f9e7e-f4af-4296-ba67-f810828ad950];[84b066de-4fac-4ce0-8ca4-04d1d6f83151]]
2026-04-26 10:50:59.038,217.473,HighSpeedOverheat,complex,[Overspeeding;EngineOverheat],[1.0000;1.0000],2,2,1.0000,[engine-temp-1;speed-1],[[ad055de5-0e2b-4769-a85c-3b29e422692b];[84b066de-4fac-4ce0-8ca4-04d1d6f83151]]
2026-04-26 10:51:00.020,218.455,Overspeeding,atomic,[Overspeeding],[1.0000],1,1,1.0000,[speed-1],[[283839fe-4c2b-404b-9c93-296de83930c8]]
2026-04-26 10:51:00.031,218.466,EngineOverheat,atomic,[EngineOverheat],[1.0000],1,1,1.0000,[engine-temp-1],[[380b8da7-3ea0-44df-93a5-7392730868ae]]
2026-04-26 10:51:00.031,218.466,CrazyEvent,complex,[HighSpeedOverheat;EngineOverheat],[1.0000;1.0000],3,3,1.0000,[engine-temp-1;speed-1],[[ad055de5-0e2b-4769-a85c-3b29e422692b];[84b066de-4fac-4ce0-8ca4-04d1d6f83151];[380b8da7-3ea0-44df-93a5-7392730868ae]]
2026-04-26 10:51:00.031,218.466,HighSpeedOverheat,complex,[Overspeeding;EngineOverheat],[1.0000;1.0000],2,2,1.0000,[engine-temp-1;speed-1],[[283839fe-4c2b-404b-9c93-296de83930c8];[380b8da7-3ea0-44df-93a5-7392730868ae]]
2026-04-26 10:51:01.009,219.444,Overspeeding,atomic,[Overspeeding],[1.0000],1,1,1.0000,[speed-1],[[88d189f3-d876-4dab-8d6f-7d8d33769c26]]
2026-04-26 10:51:01.024,219.459,EngineOverheat,atomic,[EngineOverheat],[1.0000],1,1,1.0000,[engine-temp-1],[[48962161-3a8d-4224-8952-08114751d853]]
2026-04-26 10:51:01.024,219.459,CrazyEvent,complex,[HighSpeedOverheat;EngineOverheat],[1.0000;1.0000],3,3,1.0000,[engine-temp-1;speed-1],[[283839fe-4c2b-404b-9c93-296de83930c8];[380b8da7-3ea0-44df-93a5-7392730868ae];[48962161-3a8d-4224-8952-08114751d853]]
2026-04-26 10:51:01.024,219.459,HighSpeedOverheat,complex,[Overspeeding;EngineOverheat],[1.0000;1.0000],2,2,1.0000,[engine-temp-1;speed-1],[[88d189f3-d876-4dab-8d6f-7d8d33769c26];[48962161-3a8d-4224-8952-08114751d853]]
2026-04-26 10:51:02.011,220.446,Overspeeding,atomic,[Overspeeding],[1.0000],1,1,1.0000,[speed-1],[[d7e54f44-7128-4848-ad00-d35cf34cb9f4]]
2026-04-26 10:51:02.022,220.457,EngineOverheat,atomic,[EngineOverheat],[1.0000],1,1,1.0000,[engine-temp-1],[[3ca33594-fc20-427f-a18d-2f1843f38d00]]
2026-04-26 10:51:02.022,220.457,CrazyEvent,complex,[HighSpeedOverheat;EngineOverheat],[1.0000;1.0000],3,3,1.0000,[engine-temp-1;speed-1],[[88d189f3-d876-4dab-8d6f-7d8d33769c26];[48962161-3a8d-4224-8952-08114751d853];[3ca33594-fc20-427f-a18d-2f1843f38d00]]
2026-04-26 10:51:02.022,220.457,HighSpeedOverheat,complex,[Overspeeding;EngineOverheat],[1.0000;1.0000],2,2,1.0000,[engine-temp-1;speed-1],[[d7e54f44-7128-4848-ad00-d35cf34cb9f4];[3ca33594-fc20-427f-a18d-2f1843f38d00]]
2026-04-26 10:51:03.013,221.448,Overspeeding,atomic,[Overspeeding],[1.0000],1,1,1.0000,[speed-1],[[1ed7a500-fa46-425f-8fe6-eadbea2fa65a]]
2026-04-26 10:51:03.025,221.460,EngineOverheat,atomic,[EngineOverheat],[1.0000],1,1,1.0000,[engine-temp-1],[[24b187a3-32a0-46f5-842c-b5457c54592d]]
2026-04-26 10:51:03.025,221.460,CrazyEvent,complex,[HighSpeedOverheat;EngineOverheat],[1.0000;1.0000],3,3,1.0000,[engine-temp-1;speed-1],[[d7e54f44-7128-4848-ad00-d35cf34cb9f4];[3ca33594-fc20-427f-a18d-2f1843f38d00];[24b187a3-32a0-46f5-842c-b5457c54592d]]
2026-04-26 10:51:03.025,221.460,HighSpeedOverheat,complex,[Overspeeding;EngineOverheat],[1.0000;1.0000],2,2,1.0000,[engine-temp-1;speed-1],[[1ed7a500-fa46-425f-8fe6-eadbea2fa65a];[24b187a3-32a0-46f5-842c-b5457c54592d]]
2026-04-26 10:51:04.030,222.465,EngineOverheat,atomic,[EngineOverheat],[1.0000],1,1,1.0000,[engine-temp-1],[[1e73ef8c-cff5-45a5-8b9e-97bb511da349]]
2026-04-26 10:51:04.031,222.466,CrazyEvent,complex,[HighSpeedOverheat;EngineOverheat],[1.0000;1.0000],3,3,1.0000,[engine-temp-1;speed-1],[[1ed7a500-fa46-425f-8fe6-eadbea2fa65a];[24b187a3-32a0-46f5-842c-b5457c54592d];[1e73ef8c-cff5-45a5-8b9e-97bb511da349]]
2026-04-26 10:51:04.043,222.478,Overspeeding,atomic,[Overspeeding],[1.0000],1,1,1.0000,[speed-1],[[10ecfc9d-d760-48de-b0fb-071685597d62]]
2026-04-26 10:51:05.024,223.459,EngineOverheat,atomic,[EngineOverheat],[1.0000],1,1,1.0000,[engine-temp-1],[[fff016e4-f5d1-4e7e-b8b0-f379ee207848]]
2026-04-26 10:51:05.024,223.459,HighSpeedOverheat,complex,[Overspeeding;EngineOverheat],[1.0000;1.0000],2,2,1.0000,[engine-temp-1;speed-1],[[10ecfc9d-d760-48de-b0fb-071685597d62];[fff016e4-f5d1-4e7e-b8b0-f379ee207848]]
2026-04-26 10:51:05.034,223.469,Overspeeding,atomic,[Overspeeding],[1.0000],1,1,1.0000,[speed-1],[[c1ed1842-1446-4792-ab28-7e961da974a6]]
2026-04-26 10:51:06.027,224.462,EngineOverheat,atomic,[EngineOverheat],[1.0000],1,1,1.0000,[engine-temp-1],[[d52f928b-dce9-440d-9efc-bea41d2fb686]]
2026-04-26 10:51:06.027,224.462,CrazyEvent,complex,[HighSpeedOverheat;EngineOverheat],[1.0000;1.0000],3,3,1.0000,[engine-temp-1;speed-1],[[10ecfc9d-d760-48de-b0fb-071685597d62];[fff016e4-f5d1-4e7e-b8b0-f379ee207848];[d52f928b-dce9-440d-9efc-bea41d2fb686]]
2026-04-26 10:51:06.028,224.463,HighSpeedOverheat,complex,[Overspeeding;EngineOverheat],[1.0000;1.0000],2,2,1.0000,[engine-temp-1;speed-1],[[c1ed1842-1446-4792-ab28-7e961da974a6];[d52f928b-dce9-440d-9efc-bea41d2fb686]]
2026-04-26 10:51:06.041,224.476,Overspeeding,atomic,[Overspeeding],[1.0000],1,1,1.0000,[speed-1],[[56f7e983-c365-4c9d-b04f-10645470be0e]]
2026-04-26 10:51:07.011,225.446,EngineOverheat,atomic,[EngineOverheat],[1.0000],1,1,1.0000,[engine-temp-1],[[9f25e5b4-d83c-4a0e-b980-af70210d1c87]]
2026-04-26 10:51:07.012,225.447,CrazyEvent,complex,[HighSpeedOverheat;EngineOverheat],[1.0000;1.0000],3,3,1.0000,[engine-temp-1;speed-1],[[c1ed1842-1446-4792-ab28-7e961da974a6];[d52f928b-dce9-440d-9efc-bea41d2fb686];[9f25e5b4-d83c-4a0e-b980-af70210d1c87]]
2026-04-26 10:51:07.012,225.447,HighSpeedOverheat,complex,[Overspeeding;EngineOverheat],[1.0000;1.0000],2,2,1.0000,[engine-temp-1;speed-1],[[56f7e983-c365-4c9d-b04f-10645470be0e];[9f25e5b4-d83c-4a0e-b980-af70210d1c87]]
2026-04-26 10:51:07.024,225.459,Overspeeding,atomic,[Overspeeding],[1.0000],1,1,1.0000,[speed-1],[[779a1ab6-10f1-4284-b0eb-5f30ee111d38]]
2026-04-26 10:51:08.016,226.451,Overspeeding,atomic,[Overspeeding],[1.0000],1,1,1.0000,[speed-1],[[e7d07026-3623-4950-98a9-12bf3370c878]]
2026-04-26 10:51:08.027,226.462,EngineOverheat,atomic,[EngineOverheat],[1.0000],1,1,1.0000,[engine-temp-1],[[64a1c259-72f8-4b4c-a082-1afe999d1005]]
2026-04-26 10:51:08.027,226.462,CrazyEvent,complex,[HighSpeedOverheat;EngineOverheat],[1.0000;1.0000],3,3,1.0000,[engine-temp-1;speed-1],[[56f7e983-c365-4c9d-b04f-10645470be0e];[9f25e5b4-d83c-4a0e-b980-af70210d1c87];[64a1c259-72f8-4b4c-a082-1afe999d1005]]
2026-04-26 10:51:08.027,226.462,HighSpeedOverheat,complex,[Overspeeding;EngineOverheat],[1.0000;1.0000],2,2,1.0000,[engine-temp-1;speed-1],[[779a1ab6-10f1-4284-b0eb-5f30ee111d38];[64a1c259-72f8-4b4c-a082-1afe999d1005]]
2026-04-26 10:51:09.019,227.454,Overspeeding,atomic,[Overspeeding],[1.0000],1,1,1.0000,[speed-1],[[92268285-1e08-40f5-a9a5-2f484ebdeb4d]]
2026-04-26 10:51:09.032,227.467,EngineOverheat,atomic,[EngineOverheat],[1.0000],1,1,1.0000,[engine-temp-1],[[60428151-64ee-4964-a8d4-ef46772a5096]]
2026-04-26 10:51:09.032,227.467,CrazyEvent,complex,[HighSpeedOverheat;EngineOverheat],[1.0000;1.0000],3,3,1.0000,[engine-temp-1;speed-1],[[779a1ab6-10f1-4284-b0eb-5f30ee111d38];[64a1c259-72f8-4b4c-a082-1afe999d1005];[60428151-64ee-4964-a8d4-ef46772a5096]]
2026-04-26 10:51:09.032,227.467,HighSpeedOverheat,complex,[Overspeeding;EngineOverheat],[1.0000;1.0000],2,2,1.0000,[engine-temp-1;speed-1],[[92268285-1e08-40f5-a9a5-2f484ebdeb4d];[60428151-64ee-4964-a8d4-ef46772a5096]]
2026-04-26 10:51:10.026,228.461,Overspeeding,atomic,[Overspeeding],[1.0000],1,1,1.0000,[speed-1],[[9bb84a96-53d3-4680-89ba-4e4092d19041]]
2026-04-26 10:51:10.039,228.474,EngineOverheat,atomic,[EngineOverheat],[1.0000],1,1,1.0000,[engine-temp-1],[[5343804a-7088-4f1a-9aba-7ad4c1eb70e5]]
2026-04-26 10:51:10.039,228.474,CrazyEvent,complex,[HighSpeedOverheat;EngineOverheat],[1.0000;1.0000],3,3,1.0000,[engine-temp-1;speed-1],[[92268285-1e08-40f5-a9a5-2f484ebdeb4d];[60428151-64ee-4964-a8d4-ef46772a5096];[5343804a-7088-4f1a-9aba-7ad4c1eb70e5]]
2026-04-26 10:51:10.039,228.474,HighSpeedOverheat,complex,[Overspeeding;EngineOverheat],[1.0000;1.0000],2,2,1.0000,[engine-temp-1;speed-1],[[9bb84a96-53d3-4680-89ba-4e4092d19041];[5343804a-7088-4f1a-9aba-7ad4c1eb70e5]]
2026-04-26 10:51:11.013,229.448,Overspeeding,atomic,[Overspeeding],[1.0000],1,1,1.0000,[speed-1],[[9430bb3e-958c-4d44-9a21-876eb9160934]]
2026-04-26 10:51:11.025,229.460,EngineOverheat,atomic,[EngineOverheat],[1.0000],1,1,1.0000,[engine-temp-1],[[57eed6c3-8fd0-4755-8da1-677c9e917004]]
2026-04-26 10:51:11.025,229.460,CrazyEvent,complex,[HighSpeedOverheat;EngineOverheat],[1.0000;1.0000],3,3,1.0000,[engine-temp-1;speed-1],[[9bb84a96-53d3-4680-89ba-4e4092d19041];[5343804a-7088-4f1a-9aba-7ad4c1eb70e5];[57eed6c3-8fd0-4755-8da1-677c9e917004]]
2026-04-26 10:51:11.025,229.460,HighSpeedOverheat,complex,[Overspeeding;EngineOverheat],[1.0000;1.0000],2,2,1.0000,[engine-temp-1;speed-1],[[9430bb3e-958c-4d44-9a21-876eb9160934];[57eed6c3-8fd0-4755-8da1-677c9e917004]]
2026-04-26 10:51:12.036,230.471,Overspeeding,atomic,[Overspeeding],[1.0000],1,1,1.0000,[speed-1],[[e17ce1c9-9b46-442a-badc-ba23ef76d28c]]
2026-04-26 10:51:12.049,230.484,EngineOverheat,atomic,[EngineOverheat],[1.0000],1,1,1.0000,[engine-temp-1],[[0416752b-e565-41de-ac65-d81d1357785c]]
2026-04-26 10:51:12.049,230.484,CrazyEvent,complex,[HighSpeedOverheat;EngineOverheat],[1.0000;1.0000],3,3,1.0000,[engine-temp-1;speed-1],[[9430bb3e-958c-4d44-9a21-876eb9160934];[57eed6c3-8fd0-4755-8da1-677c9e917004];[0416752b-e565-41de-ac65-d81d1357785c]]
2026-04-26 10:51:12.049,230.484,HighSpeedOverheat,complex,[Overspeeding;EngineOverheat],[1.0000;1.0000],2,2,1.0000,[engine-temp-1;speed-1],[[e17ce1c9-9b46-442a-badc-ba23ef76d28c];[0416752b-e565-41de-ac65-d81d1357785c]]
2026-04-26 10:51:13.017,231.452,EngineOverheat,atomic,[EngineOverheat],[1.0000],1,1,1.0000,[engine-temp-1],[[8ba072cc-4e4f-448c-8ca1-a63d743ad5f3]]
2026-04-26 10:51:13.018,231.453,CrazyEvent,complex,[HighSpeedOverheat;EngineOverheat],[1.0000;1.0000],3,3,1.0000,[engine-temp-1;speed-1],[[e17ce1c9-9b46-442a-badc-ba23ef76d28c];[0416752b-e565-41de-ac65-d81d1357785c];[8ba072cc-4e4f-448c-8ca1-a63d743ad5f3]]
2026-04-26 10:51:13.029,231.464,Overspeeding,atomic,[Overspeeding],[1.0000],1,1,1.0000,[speed-1],[[e8352cc1-6227-4601-b1f0-9993ac894772]]
2026-04-26 10:51:14.033,232.468,Overspeeding,atomic,[Overspeeding],[1.0000],1,1,1.0000,[speed-1],[[0aef9829-c0e3-45f0-8898-240faf0ed15b]]
2026-04-26 10:51:14.045,232.480,EngineOverheat,atomic,[EngineOverheat],[1.0000],1,1,1.0000,[engine-temp-1],[[b4df8369-c0ed-4bdf-9068-99d5e2a5c1bd]]
2026-04-26 10:51:14.046,232.481,HighSpeedOverheat,complex,[Overspeeding;EngineOverheat],[1.0000;1.0000],2,2,1.0000,[engine-temp-1;speed-1],[[e8352cc1-6227-4601-b1f0-9993ac894772];[b4df8369-c0ed-4bdf-9068-99d5e2a5c1bd]]
2026-04-26 10:51:15.020,233.455,EngineOverheat,atomic,[EngineOverheat],[1.0000],1,1,1.0000,[engine-temp-1],[[80377fdb-9b43-45c4-8ad0-66555ddd3307]]
2026-04-26 10:51:15.021,233.456,CrazyEvent,complex,[HighSpeedOverheat;EngineOverheat],[1.0000;1.0000],3,3,1.0000,[engine-temp-1;speed-1],[[e8352cc1-6227-4601-b1f0-9993ac894772];[b4df8369-c0ed-4bdf-9068-99d5e2a5c1bd];[80377fdb-9b43-45c4-8ad0-66555ddd3307]]
2026-04-26 10:51:15.032,233.467,Overspeeding,atomic,[Overspeeding],[1.0000],1,1,1.0000,[speed-1],[[9fa89df8-b3f5-4010-bd53-54f1237efb53]]
2026-04-26 10:51:16.025,234.460,Overspeeding,atomic,[Overspeeding],[1.0000],1,1,1.0000,[speed-1],[[bdf4fc65-2fce-4127-928b-d613c8e39c54]]
2026-04-26 10:51:16.036,234.471,EngineOverheat,atomic,[EngineOverheat],[1.0000],1,1,1.0000,[engine-temp-1],[[6a8eca3d-d9b8-4a05-95c0-4c65087f87f5]]
2026-04-26 10:51:16.036,234.471,HighSpeedOverheat,complex,[Overspeeding;EngineOverheat],[1.0000;1.0000],2,2,1.0000,[engine-temp-1;speed-1],[[9fa89df8-b3f5-4010-bd53-54f1237efb53];[6a8eca3d-d9b8-4a05-95c0-4c65087f87f5]]
2026-04-26 10:51:17.014,235.449,EngineOverheat,atomic,[EngineOverheat],[1.0000],1,1,1.0000,[engine-temp-1],[[55f90afb-ce9b-43a6-8b26-c7acea2285f1]]
2026-04-26 10:51:17.019,235.454,CrazyEvent,complex,[HighSpeedOverheat;EngineOverheat],[1.0000;1.0000],3,3,1.0000,[engine-temp-1;speed-1],[[9fa89df8-b3f5-4010-bd53-54f1237efb53];[6a8eca3d-d9b8-4a05-95c0-4c65087f87f5];[55f90afb-ce9b-43a6-8b26-c7acea2285f1]]
2026-04-26 10:51:17.032,235.467,Overspeeding,atomic,[Overspeeding],[1.0000],1,1,1.0000,[speed-1],[[f1e0e447-855d-4789-bdb6-f6709f2590c9]]
2026-04-26 10:51:18.020,236.455,Overspeeding,atomic,[Overspeeding],[1.0000],1,1,1.0000,[speed-1],[[0b36c96d-8645-4c5b-8018-f692bf941cba]]
2026-04-26 10:51:18.035,236.470,EngineOverheat,atomic,[EngineOverheat],[1.0000],1,1,1.0000,[engine-temp-1],[[6f1309b5-ac8b-4e06-bcf6-7cdd7f0679fd]]
2026-04-26 10:51:18.035,236.470,HighSpeedOverheat,complex,[Overspeeding;EngineOverheat],[1.0000;1.0000],2,2,1.0000,[engine-temp-1;speed-1],[[f1e0e447-855d-4789-bdb6-f6709f2590c9];[6f1309b5-ac8b-4e06-bcf6-7cdd7f0679fd]]
2026-04-26 10:51:19.027,237.462,EngineOverheat,atomic,[EngineOverheat],[1.0000],1,1,1.0000,[engine-temp-1],[[d1eea6c5-fe66-454b-bc10-692855d0e7d6]]
2026-04-26 10:51:19.028,237.463,CrazyEvent,complex,[HighSpeedOverheat;EngineOverheat],[1.0000;1.0000],3,3,1.0000,[engine-temp-1;speed-1],[[f1e0e447-855d-4789-bdb6-f6709f2590c9];[6f1309b5-ac8b-4e06-bcf6-7cdd7f0679fd];[d1eea6c5-fe66-454b-bc10-692855d0e7d6]]
2026-04-26 10:51:19.039,237.474,Overspeeding,atomic,[Overspeeding],[1.0000],1,1,1.0000,[speed-1],[[fe2187ad-da23-4d15-8196-2b4be6747d38]]
2026-04-26 10:51:20.031,238.466,Overspeeding,atomic,[Overspeeding],[1.0000],1,1,1.0000,[speed-1],[[cf6d5f62-13fb-4c34-b67f-10a821e02dc8]]
2026-04-26 10:51:20.044,238.479,EngineOverheat,atomic,[EngineOverheat],[1.0000],1,1,1.0000,[engine-temp-1],[[6ee2268d-d2d6-4a61-90cc-a45ea9a5d23b]]
2026-04-26 10:51:20.044,238.479,HighSpeedOverheat,complex,[Overspeeding;EngineOverheat],[1.0000;1.0000],2,2,1.0000,[engine-temp-1;speed-1],[[fe2187ad-da23-4d15-8196-2b4be6747d38];[6ee2268d-d2d6-4a61-90cc-a45ea9a5d23b]]
2026-04-26 10:51:21.019,239.454,Overspeeding,atomic,[Overspeeding],[1.0000],1,1,1.0000,[speed-1],[[6beece12-09c8-448c-aa07-5ac78cea923d]]
2026-04-26 10:51:21.029,239.464,EngineOverheat,atomic,[EngineOverheat],[1.0000],1,1,1.0000,[engine-temp-1],[[a969e7e5-920c-498b-8d2c-c3ee02dfe8a3]]
2026-04-26 10:51:21.029,239.464,CrazyEvent,complex,[HighSpeedOverheat;EngineOverheat],[1.0000;1.0000],3,3,1.0000,[engine-temp-1;speed-1],[[fe2187ad-da23-4d15-8196-2b4be6747d38];[6ee2268d-d2d6-4a61-90cc-a45ea9a5d23b];[a969e7e5-920c-498b-8d2c-c3ee02dfe8a3]]
2026-04-26 10:51:21.029,239.464,HighSpeedOverheat,complex,[Overspeeding;EngineOverheat],[1.0000;1.0000],2,2,1.0000,[engine-temp-1;speed-1],[[6beece12-09c8-448c-aa07-5ac78cea923d];[a969e7e5-920c-498b-8d2c-c3ee02dfe8a3]]
2026-04-26 10:51:22.037,240.472,EngineOverheat,atomic,[EngineOverheat],[1.0000],1,1,1.0000,[engine-temp-1],[[9a79c019-f074-480a-8f29-79cec7646dfe]]
2026-04-26 10:51:22.037,240.472,CrazyEvent,complex,[HighSpeedOverheat;EngineOverheat],[1.0000;1.0000],3,3,1.0000,[engine-temp-1;speed-1],[[6beece12-09c8-448c-aa07-5ac78cea923d];[a969e7e5-920c-498b-8d2c-c3ee02dfe8a3];[9a79c019-f074-480a-8f29-79cec7646dfe]]
2026-04-26 10:51:22.048,240.483,Overspeeding,atomic,[Overspeeding],[1.0000],1,1,1.0000,[speed-1],[[26d45189-d8d6-4f20-b6f4-79548e66dfc6]]
2026-04-26 10:51:23.018,241.453,Overspeeding,atomic,[Overspeeding],[1.0000],1,1,1.0000,[speed-1],[[789febb8-c3b6-4623-bc9e-7a862427fcfd]]
2026-04-26 10:51:23.030,241.465,EngineOverheat,atomic,[EngineOverheat],[1.0000],1,1,1.0000,[engine-temp-1],[[8ec52f51-b439-498c-8b9e-0a1840aea065]]
2026-04-26 10:51:23.030,241.465,HighSpeedOverheat,complex,[Overspeeding;EngineOverheat],[1.0000;1.0000],2,2,1.0000,[engine-temp-1;speed-1],[[26d45189-d8d6-4f20-b6f4-79548e66dfc6];[8ec52f51-b439-498c-8b9e-0a1840aea065]]
2026-04-26 10:51:24.033,242.468,EngineOverheat,atomic,[EngineOverheat],[1.0000],1,1,1.0000,[engine-temp-1],[[1eaf3672-b804-4646-8db4-57246e5cd899]]
2026-04-26 10:51:24.034,242.469,CrazyEvent,complex,[HighSpeedOverheat;EngineOverheat],[1.0000;1.0000],3,3,1.0000,[engine-temp-1;speed-1],[[26d45189-d8d6-4f20-b6f4-79548e66dfc6];[8ec52f51-b439-498c-8b9e-0a1840aea065];[1eaf3672-b804-4646-8db4-57246e5cd899]]
2026-04-26 10:51:24.045,242.480,Overspeeding,atomic,[Overspeeding],[1.0000],1,1,1.0000,[speed-1],[[c11548fa-86c8-404b-914d-157954d82d20]]
2026-04-26 10:51:25.008,243.443,Overspeeding,atomic,[Overspeeding],[1.0000],1,1,1.0000,[speed-1],[[4c3f8a1e-3d6f-43af-bd17-7fbbdeaf79de]]
2026-04-26 10:51:25.023,243.458,EngineOverheat,atomic,[EngineOverheat],[1.0000],1,1,1.0000,[engine-temp-1],[[4588e462-2532-4f82-9b45-aba86fdbf4ae]]
2026-04-26 10:51:25.023,243.458,HighSpeedOverheat,complex,[Overspeeding;EngineOverheat],[1.0000;1.0000],2,2,1.0000,[engine-temp-1;speed-1],[[c11548fa-86c8-404b-914d-157954d82d20];[4588e462-2532-4f82-9b45-aba86fdbf4ae]]
2026-04-26 10:51:26.025,244.460,EngineOverheat,atomic,[EngineOverheat],[1.0000],1,1,1.0000,[engine-temp-1],[[676539bc-0a79-4ddf-8f5f-3a557007b126]]
2026-04-26 10:51:26.026,244.461,CrazyEvent,complex,[HighSpeedOverheat;EngineOverheat],[1.0000;1.0000],3,3,1.0000,[engine-temp-1;speed-1],[[c11548fa-86c8-404b-914d-157954d82d20];[4588e462-2532-4f82-9b45-aba86fdbf4ae];[676539bc-0a79-4ddf-8f5f-3a557007b126]]
2026-04-26 10:51:26.038,244.473,Overspeeding,atomic,[Overspeeding],[1.0000],1,1,1.0000,[speed-1],[[611e865d-d1cd-4300-a5cc-def99d545af5]]
2026-04-26 10:51:27.024,245.459,EngineOverheat,atomic,[EngineOverheat],[1.0000],1,1,1.0000,[engine-temp-1],[[3b6a8429-14e7-456c-a16e-0268632134a2]]
2026-04-26 10:51:27.024,245.459,HighSpeedOverheat,complex,[Overspeeding;EngineOverheat],[1.0000;1.0000],2,2,1.0000,[engine-temp-1;speed-1],[[611e865d-d1cd-4300-a5cc-def99d545af5];[3b6a8429-14e7-456c-a16e-0268632134a2]]
2026-04-26 10:51:27.036,245.471,Overspeeding,atomic,[Overspeeding],[1.0000],1,1,1.0000,[speed-1],[[200776ae-9e78-4f9c-898f-6b5336eae0ce]]
2026-04-26 10:51:28.010,246.445,EngineOverheat,atomic,[EngineOverheat],[1.0000],1,1,1.0000,[engine-temp-1],[[d8c471c3-4c14-43e1-9832-025ede97b7b6]]
2026-04-26 10:51:28.011,246.446,CrazyEvent,complex,[HighSpeedOverheat;EngineOverheat],[1.0000;1.0000],3,3,1.0000,[engine-temp-1;speed-1],[[611e865d-d1cd-4300-a5cc-def99d545af5];[3b6a8429-14e7-456c-a16e-0268632134a2];[d8c471c3-4c14-43e1-9832-025ede97b7b6]]
2026-04-26 10:51:28.011,246.446,HighSpeedOverheat,complex,[Overspeeding;EngineOverheat],[1.0000;1.0000],2,2,1.0000,[engine-temp-1;speed-1],[[200776ae-9e78-4f9c-898f-6b5336eae0ce];[d8c471c3-4c14-43e1-9832-025ede97b7b6]]
2026-04-26 10:51:28.024,246.459,Overspeeding,atomic,[Overspeeding],[1.0000],1,1,1.0000,[speed-1],[[890a5a58-2db8-4a32-96f5-11ff02ca3f16]]
2026-04-26 10:51:29.015,247.450,EngineOverheat,atomic,[EngineOverheat],[1.0000],1,1,1.0000,[engine-temp-1],[[852fab0e-5d06-4d25-9a0b-1d4314def8fe]]
2026-04-26 10:51:29.015,247.450,CrazyEvent,complex,[HighSpeedOverheat;EngineOverheat],[1.0000;1.0000],3,3,1.0000,[engine-temp-1;speed-1],[[200776ae-9e78-4f9c-898f-6b5336eae0ce];[d8c471c3-4c14-43e1-9832-025ede97b7b6];[852fab0e-5d06-4d25-9a0b-1d4314def8fe]]
2026-04-26 10:51:29.015,247.450,HighSpeedOverheat,complex,[Overspeeding;EngineOverheat],[1.0000;1.0000],2,2,1.0000,[engine-temp-1;speed-1],[[890a5a58-2db8-4a32-96f5-11ff02ca3f16];[852fab0e-5d06-4d25-9a0b-1d4314def8fe]]
2026-04-26 10:51:29.042,247.477,Overspeeding,atomic,[Overspeeding],[1.0000],1,1,1.0000,[speed-1],[[0898a325-2d4c-4440-b490-75980d9cabae]]
2026-04-26 10:51:30.021,248.456,Overspeeding,atomic,[Overspeeding],[1.0000],1,1,1.0000,[speed-1],[[62f2e923-438c-4b12-9387-6d4184678c47]]
2026-04-26 10:51:30.037,248.472,EngineOverheat,atomic,[EngineOverheat],[1.0000],1,1,1.0000,[engine-temp-1],[[7b51ea0a-b516-4ab6-9075-d987e95125bc]]
2026-04-26 10:51:30.038,248.473,CrazyEvent,complex,[HighSpeedOverheat;EngineOverheat],[1.0000;1.0000],3,3,1.0000,[engine-temp-1;speed-1],[[890a5a58-2db8-4a32-96f5-11ff02ca3f16];[852fab0e-5d06-4d25-9a0b-1d4314def8fe];[7b51ea0a-b516-4ab6-9075-d987e95125bc]]
2026-04-26 10:51:30.038,248.473,HighSpeedOverheat,complex,[Overspeeding;EngineOverheat],[1.0000;1.0000],2,2,1.0000,[engine-temp-1;speed-1],[[0898a325-2d4c-4440-b490-75980d9cabae];[7b51ea0a-b516-4ab6-9075-d987e95125bc]]
2026-04-26 10:51:31.013,249.448,EngineOverheat,atomic,[EngineOverheat],[1.0000],1,1,1.0000,[engine-temp-1],[[3b2ac1fe-3e43-4dff-8b16-019f36ae6285]]
2026-04-26 10:51:31.013,249.448,CrazyEvent,complex,[HighSpeedOverheat;EngineOverheat],[1.0000;1.0000],3,3,1.0000,[engine-temp-1;speed-1],[[0898a325-2d4c-4440-b490-75980d9cabae];[7b51ea0a-b516-4ab6-9075-d987e95125bc];[3b2ac1fe-3e43-4dff-8b16-019f36ae6285]]
2026-04-26 10:51:31.026,249.461,Overspeeding,atomic,[Overspeeding],[1.0000],1,1,1.0000,[speed-1],[[e709eca1-00c6-4edc-9715-6ba357e9c554]]
2026-04-26 10:51:32.012,250.447,EngineOverheat,atomic,[EngineOverheat],[1.0000],1,1,1.0000,[engine-temp-1],[[3b6cdc40-af15-47d9-9c2e-4e0b3ae02c81]]
2026-04-26 10:51:32.012,250.447,HighSpeedOverheat,complex,[Overspeeding;EngineOverheat],[1.0000;1.0000],2,2,1.0000,[engine-temp-1;speed-1],[[e709eca1-00c6-4edc-9715-6ba357e9c554];[3b6cdc40-af15-47d9-9c2e-4e0b3ae02c81]]
2026-04-26 10:51:32.024,250.459,Overspeeding,atomic,[Overspeeding],[1.0000],1,1,1.0000,[speed-1],[[caa86d4e-e938-4d15-9a8d-1cc0e72d4049]]
2026-04-26 10:51:33.024,251.459,EngineOverheat,atomic,[EngineOverheat],[1.0000],1,1,1.0000,[engine-temp-1],[[1706b07c-2817-485e-90af-97b169c0db00]]
2026-04-26 10:51:33.024,251.459,CrazyEvent,complex,[HighSpeedOverheat;EngineOverheat],[1.0000;1.0000],3,3,1.0000,[engine-temp-1;speed-1],[[e709eca1-00c6-4edc-9715-6ba357e9c554];[3b6cdc40-af15-47d9-9c2e-4e0b3ae02c81];[1706b07c-2817-485e-90af-97b169c0db00]]
2026-04-26 10:51:33.033,251.468,HighSpeedOverheat,complex,[Overspeeding;EngineOverheat],[1.0000;1.0000],2,2,1.0000,[engine-temp-1;speed-1],[[caa86d4e-e938-4d15-9a8d-1cc0e72d4049];[1706b07c-2817-485e-90af-97b169c0db00]]
2026-04-26 10:51:33.045,251.480,Overspeeding,atomic,[Overspeeding],[1.0000],1,1,1.0000,[speed-1],[[888512b9-d160-4063-bf53-9aad8c267a84]]
2026-04-26 10:51:34.008,252.443,Overspeeding,atomic,[Overspeeding],[1.0000],1,1,1.0000,[speed-1],[[282e81bb-966d-44be-ab98-400386f70d6d]]
2026-04-26 10:51:34.024,252.459,EngineOverheat,atomic,[EngineOverheat],[1.0000],1,1,1.0000,[engine-temp-1],[[6abd77ff-101f-42cf-b276-c9f25c7a7941]]
2026-04-26 10:51:34.024,252.459,CrazyEvent,complex,[HighSpeedOverheat;EngineOverheat],[1.0000;1.0000],3,3,1.0000,[engine-temp-1;speed-1],[[caa86d4e-e938-4d15-9a8d-1cc0e72d4049];[1706b07c-2817-485e-90af-97b169c0db00];[6abd77ff-101f-42cf-b276-c9f25c7a7941]]
2026-04-26 10:51:34.024,252.459,HighSpeedOverheat,complex,[Overspeeding;EngineOverheat],[1.0000;1.0000],2,2,1.0000,[engine-temp-1;speed-1],[[888512b9-d160-4063-bf53-9aad8c267a84];[6abd77ff-101f-42cf-b276-c9f25c7a7941]]
2026-04-26 10:51:35.011,253.446,EngineOverheat,atomic,[EngineOverheat],[1.0000],1,1,1.0000,[engine-temp-1],[[86acf66a-c9c0-4083-86c9-18a8787f763c]]
2026-04-26 10:51:35.011,253.446,CrazyEvent,complex,[HighSpeedOverheat;EngineOverheat],[1.0000;1.0000],3,3,1.0000,[engine-temp-1;speed-1],[[888512b9-d160-4063-bf53-9aad8c267a84];[6abd77ff-101f-42cf-b276-c9f25c7a7941];[86acf66a-c9c0-4083-86c9-18a8787f763c]]
2026-04-26 10:51:35.024,253.459,Overspeeding,atomic,[Overspeeding],[1.0000],1,1,1.0000,[speed-1],[[33aaad67-60cd-4653-a48f-7d07cd459968]]
2026-04-26 10:51:36.021,254.456,EngineOverheat,atomic,[EngineOverheat],[1.0000],1,1,1.0000,[engine-temp-1],[[4fc7c8df-345b-4565-866e-9e7e287f54ac]]
2026-04-26 10:51:36.021,254.456,HighSpeedOverheat,complex,[Overspeeding;EngineOverheat],[1.0000;1.0000],2,2,1.0000,[engine-temp-1;speed-1],[[33aaad67-60cd-4653-a48f-7d07cd459968];[4fc7c8df-345b-4565-866e-9e7e287f54ac]]
2026-04-26 10:51:36.035,254.470,Overspeeding,atomic,[Overspeeding],[1.0000],1,1,1.0000,[speed-1],[[27a8f4a7-262a-47c7-832b-fe777b2f07c2]]
2026-04-26 10:51:37.018,255.453,EngineOverheat,atomic,[EngineOverheat],[1.0000],1,1,1.0000,[engine-temp-1],[[604870bc-92f0-48e7-b7e0-d3fe1a904c92]]
2026-04-26 10:51:37.018,255.453,CrazyEvent,complex,[HighSpeedOverheat;EngineOverheat],[1.0000;1.0000],3,3,1.0000,[engine-temp-1;speed-1],[[33aaad67-60cd-4653-a48f-7d07cd459968];[4fc7c8df-345b-4565-866e-9e7e287f54ac];[604870bc-92f0-48e7-b7e0-d3fe1a904c92]]
2026-04-26 10:51:37.019,255.454,HighSpeedOverheat,complex,[Overspeeding;EngineOverheat],[1.0000;1.0000],2,2,1.0000,[engine-temp-1;speed-1],[[27a8f4a7-262a-47c7-832b-fe777b2f07c2];[604870bc-92f0-48e7-b7e0-d3fe1a904c92]]
2026-04-26 10:51:37.030,255.465,Overspeeding,atomic,[Overspeeding],[1.0000],1,1,1.0000,[speed-1],[[75cf8ed1-7dc4-4121-b125-de0bfb3194c5]]
2026-04-26 10:51:38.031,256.466,EngineOverheat,atomic,[EngineOverheat],[1.0000],1,1,1.0000,[engine-temp-1],[[ca6d83f7-0402-436e-a460-031e16f7af74]]
2026-04-26 10:51:38.034,256.469,CrazyEvent,complex,[HighSpeedOverheat;EngineOverheat],[1.0000;1.0000],3,3,1.0000,[engine-temp-1;speed-1],[[27a8f4a7-262a-47c7-832b-fe777b2f07c2];[604870bc-92f0-48e7-b7e0-d3fe1a904c92];[ca6d83f7-0402-436e-a460-031e16f7af74]]
2026-04-26 10:51:38.034,256.469,HighSpeedOverheat,complex,[Overspeeding;EngineOverheat],[1.0000;1.0000],2,2,1.0000,[engine-temp-1;speed-1],[[75cf8ed1-7dc4-4121-b125-de0bfb3194c5];[ca6d83f7-0402-436e-a460-031e16f7af74]]
2026-04-26 10:51:38.048,256.483,Overspeeding,atomic,[Overspeeding],[1.0000],1,1,1.0000,[speed-1],[[024df45a-2b8b-46b9-8afa-670ba553796a]]
2026-04-26 10:51:39.009,257.444,Overspeeding,atomic,[Overspeeding],[1.0000],1,1,1.0000,[speed-1],[[fbb83700-02ac-4c85-91f4-94d7f71e5833]]
2026-04-26 10:51:39.024,257.459,EngineOverheat,atomic,[EngineOverheat],[1.0000],1,1,1.0000,[engine-temp-1],[[9732a077-f6bc-4770-b47b-0207f17f14cb]]
2026-04-26 10:51:39.025,257.460,CrazyEvent,complex,[HighSpeedOverheat;EngineOverheat],[1.0000;1.0000],3,3,1.0000,[engine-temp-1;speed-1],[[75cf8ed1-7dc4-4121-b125-de0bfb3194c5];[ca6d83f7-0402-436e-a460-031e16f7af74];[9732a077-f6bc-4770-b47b-0207f17f14cb]]
2026-04-26 10:51:39.025,257.460,HighSpeedOverheat,complex,[Overspeeding;EngineOverheat],[1.0000;1.0000],2,2,1.0000,[engine-temp-1;speed-1],[[024df45a-2b8b-46b9-8afa-670ba553796a];[9732a077-f6bc-4770-b47b-0207f17f14cb]]
2026-04-26 10:51:40.028,258.463,EngineOverheat,atomic,[EngineOverheat],[1.0000],1,1,1.0000,[engine-temp-1],[[1c3dfac6-3819-439f-bc8b-e05bc807eb97]]
2026-04-26 10:51:40.029,258.464,CrazyEvent,complex,[HighSpeedOverheat;EngineOverheat],[1.0000;1.0000],3,3,1.0000,[engine-temp-1;speed-1],[[024df45a-2b8b-46b9-8afa-670ba553796a];[9732a077-f6bc-4770-b47b-0207f17f14cb];[1c3dfac6-3819-439f-bc8b-e05bc807eb97]]
2026-04-26 10:51:40.041,258.476,Overspeeding,atomic,[Overspeeding],[1.0000],1,1,1.0000,[speed-1],[[19ef0cd5-3749-4d62-abb8-ce6d4c537a5b]]
2026-04-26 10:51:41.028,259.463,EngineOverheat,atomic,[EngineOverheat],[1.0000],1,1,1.0000,[engine-temp-1],[[1bd12990-0e4d-4d18-9830-4ab68bba0254]]
2026-04-26 10:51:41.028,259.463,HighSpeedOverheat,complex,[Overspeeding;EngineOverheat],[1.0000;1.0000],2,2,1.0000,[engine-temp-1;speed-1],[[19ef0cd5-3749-4d62-abb8-ce6d4c537a5b];[1bd12990-0e4d-4d18-9830-4ab68bba0254]]
2026-04-26 10:51:41.040,259.475,Overspeeding,atomic,[Overspeeding],[1.0000],1,1,1.0000,[speed-1],[[73665f20-f2ee-4949-bdb4-e43387856976]]
2026-04-26 10:51:42.016,260.451,Overspeeding,atomic,[Overspeeding],[1.0000],1,1,1.0000,[speed-1],[[12c5baea-0511-4902-8571-411317a513b1]]
2026-04-26 10:51:42.027,260.462,EngineOverheat,atomic,[EngineOverheat],[1.0000],1,1,1.0000,[engine-temp-1],[[347a30e5-4970-4bb3-bbe5-d6cba098ebe4]]
2026-04-26 10:51:42.028,260.463,CrazyEvent,complex,[HighSpeedOverheat;EngineOverheat],[1.0000;1.0000],3,3,1.0000,[engine-temp-1;speed-1],[[19ef0cd5-3749-4d62-abb8-ce6d4c537a5b];[1bd12990-0e4d-4d18-9830-4ab68bba0254];[347a30e5-4970-4bb3-bbe5-d6cba098ebe4]]
2026-04-26 10:51:42.028,260.463,HighSpeedOverheat,complex,[Overspeeding;EngineOverheat],[1.0000;1.0000],2,2,1.0000,[engine-temp-1;speed-1],[[73665f20-f2ee-4949-bdb4-e43387856976];[347a30e5-4970-4bb3-bbe5-d6cba098ebe4]]
2026-04-26 10:51:43.020,261.455,EngineOverheat,atomic,[EngineOverheat],[1.0000],1,1,1.0000,[engine-temp-1],[[70f0a618-c327-4d6a-9ef1-4dfbcfaab512]]
2026-04-26 10:51:43.020,261.455,CrazyEvent,complex,[HighSpeedOverheat;EngineOverheat],[1.0000;1.0000],3,3,1.0000,[engine-temp-1;speed-1],[[73665f20-f2ee-4949-bdb4-e43387856976];[347a30e5-4970-4bb3-bbe5-d6cba098ebe4];[70f0a618-c327-4d6a-9ef1-4dfbcfaab512]]
2026-04-26 10:51:43.031,261.466,Overspeeding,atomic,[Overspeeding],[1.0000],1,1,1.0000,[speed-1],[[ba005161-fba7-4d22-8fd1-e7761fd45763]]
2026-04-26 10:51:44.017,262.452,EngineOverheat,atomic,[EngineOverheat],[1.0000],1,1,1.0000,[engine-temp-1],[[3fd79303-bb05-42b9-818c-ba762148b285]]
2026-04-26 10:51:44.017,262.452,HighSpeedOverheat,complex,[Overspeeding;EngineOverheat],[1.0000;1.0000],2,2,1.0000,[engine-temp-1;speed-1],[[ba005161-fba7-4d22-8fd1-e7761fd45763];[3fd79303-bb05-42b9-818c-ba762148b285]]
2026-04-26 10:51:44.029,262.464,Overspeeding,atomic,[Overspeeding],[1.0000],1,1,1.0000,[speed-1],[[e58e1376-8644-499c-a33d-0817d7b00294]]
2026-04-26 10:51:45.019,263.454,EngineOverheat,atomic,[EngineOverheat],[1.0000],1,1,1.0000,[engine-temp-1],[[ad413cb8-ac89-445f-9bb1-c29c035e46d8]]
2026-04-26 10:51:45.020,263.455,CrazyEvent,complex,[HighSpeedOverheat;EngineOverheat],[1.0000;1.0000],3,3,1.0000,[engine-temp-1;speed-1],[[ba005161-fba7-4d22-8fd1-e7761fd45763];[3fd79303-bb05-42b9-818c-ba762148b285];[ad413cb8-ac89-445f-9bb1-c29c035e46d8]]
2026-04-26 10:51:45.020,263.455,HighSpeedOverheat,complex,[Overspeeding;EngineOverheat],[1.0000;1.0000],2,2,1.0000,[engine-temp-1;speed-1],[[e58e1376-8644-499c-a33d-0817d7b00294];[ad413cb8-ac89-445f-9bb1-c29c035e46d8]]
2026-04-26 10:51:45.032,263.467,Overspeeding,atomic,[Overspeeding],[1.0000],1,1,1.0000,[speed-1],[[f2b2a96b-5715-4574-8d47-2c42c3583fa9]]
2026-04-26 10:51:46.011,264.446,Overspeeding,atomic,[Overspeeding],[1.0000],1,1,1.0000,[speed-1],[[68302c6f-61a4-4265-9976-626c65364bd8]]
2026-04-26 10:51:46.023,264.458,EngineOverheat,atomic,[EngineOverheat],[1.0000],1,1,1.0000,[engine-temp-1],[[aadf5943-3474-47a5-bb9e-c82261054c89]]
2026-04-26 10:51:46.023,264.458,CrazyEvent,complex,[HighSpeedOverheat;EngineOverheat],[1.0000;1.0000],3,3,1.0000,[engine-temp-1;speed-1],[[e58e1376-8644-499c-a33d-0817d7b00294];[ad413cb8-ac89-445f-9bb1-c29c035e46d8];[aadf5943-3474-47a5-bb9e-c82261054c89]]
2026-04-26 10:51:46.023,264.458,HighSpeedOverheat,complex,[Overspeeding;EngineOverheat],[1.0000;1.0000],2,2,1.0000,[engine-temp-1;speed-1],[[f2b2a96b-5715-4574-8d47-2c42c3583fa9];[aadf5943-3474-47a5-bb9e-c82261054c89]]
2026-04-26 10:51:47.022,265.457,Overspeeding,atomic,[Overspeeding],[1.0000],1,1,1.0000,[speed-1],[[fbad144b-bf9a-4d64-a910-7bf168b63a60]]
2026-04-26 10:51:47.034,265.469,EngineOverheat,atomic,[EngineOverheat],[1.0000],1,1,1.0000,[engine-temp-1],[[f8143370-fc41-4651-9c2a-15d26203d052]]
2026-04-26 10:51:47.034,265.469,CrazyEvent,complex,[HighSpeedOverheat;EngineOverheat],[1.0000;1.0000],3,3,1.0000,[engine-temp-1;speed-1],[[f2b2a96b-5715-4574-8d47-2c42c3583fa9];[aadf5943-3474-47a5-bb9e-c82261054c89];[f8143370-fc41-4651-9c2a-15d26203d052]]
2026-04-26 10:51:47.034,265.469,HighSpeedOverheat,complex,[Overspeeding;EngineOverheat],[1.0000;1.0000],2,2,1.0000,[engine-temp-1;speed-1],[[fbad144b-bf9a-4d64-a910-7bf168b63a60];[f8143370-fc41-4651-9c2a-15d26203d052]]
2026-04-26 10:51:48.026,266.461,EngineOverheat,atomic,[EngineOverheat],[1.0000],1,1,1.0000,[engine-temp-1],[[221c63ca-0863-45c4-8712-ea0e9c2a3cca]]
2026-04-26 10:51:48.026,266.461,CrazyEvent,complex,[HighSpeedOverheat;EngineOverheat],[1.0000;1.0000],3,3,1.0000,[engine-temp-1;speed-1],[[fbad144b-bf9a-4d64-a910-7bf168b63a60];[f8143370-fc41-4651-9c2a-15d26203d052];[221c63ca-0863-45c4-8712-ea0e9c2a3cca]]
2026-04-26 10:51:48.042,266.477,Overspeeding,atomic,[Overspeeding],[1.0000],1,1,1.0000,[speed-1],[[ae74bba0-aeae-41d5-bf2d-a45d19784cf5]]
2026-04-26 10:51:49.018,267.453,EngineOverheat,atomic,[EngineOverheat],[1.0000],1,1,1.0000,[engine-temp-1],[[7ad14197-3ddb-40e4-9aea-b838b11c7da7]]
2026-04-26 10:51:49.018,267.453,HighSpeedOverheat,complex,[Overspeeding;EngineOverheat],[1.0000;1.0000],2,2,1.0000,[engine-temp-1;speed-1],[[ae74bba0-aeae-41d5-bf2d-a45d19784cf5];[7ad14197-3ddb-40e4-9aea-b838b11c7da7]]
2026-04-26 10:51:49.029,267.464,Overspeeding,atomic,[Overspeeding],[1.0000],1,1,1.0000,[speed-1],[[b40e9fa4-f0e6-46ab-bb9b-666f9a33bf8a]]
2026-04-26 10:51:50.014,268.449,Overspeeding,atomic,[Overspeeding],[1.0000],1,1,1.0000,[speed-1],[[abd01c15-ffed-42e4-856c-c2bab9e14f63]]
2026-04-26 10:51:50.025,268.460,EngineOverheat,atomic,[EngineOverheat],[1.0000],1,1,1.0000,[engine-temp-1],[[cc4678c9-fbde-4f07-95b3-06851e8d42ac]]
2026-04-26 10:51:50.025,268.460,CrazyEvent,complex,[HighSpeedOverheat;EngineOverheat],[1.0000;1.0000],3,3,1.0000,[engine-temp-1;speed-1],[[ae74bba0-aeae-41d5-bf2d-a45d19784cf5];[7ad14197-3ddb-40e4-9aea-b838b11c7da7];[cc4678c9-fbde-4f07-95b3-06851e8d42ac]]
2026-04-26 10:51:50.026,268.461,HighSpeedOverheat,complex,[Overspeeding;EngineOverheat],[1.0000;1.0000],2,2,1.0000,[engine-temp-1;speed-1],[[b40e9fa4-f0e6-46ab-bb9b-666f9a33bf8a];[cc4678c9-fbde-4f07-95b3-06851e8d42ac]]
2026-04-26 10:51:51.020,269.455,EngineOverheat,atomic,[EngineOverheat],[1.0000],1,1,1.0000,[engine-temp-1],[[93cb8f0f-b9ec-4973-b826-33fa23e37c7b]]
2026-04-26 10:51:51.021,269.456,CrazyEvent,complex,[HighSpeedOverheat;EngineOverheat],[1.0000;1.0000],3,3,1.0000,[engine-temp-1;speed-1],[[b40e9fa4-f0e6-46ab-bb9b-666f9a33bf8a];[cc4678c9-fbde-4f07-95b3-06851e8d42ac];[93cb8f0f-b9ec-4973-b826-33fa23e37c7b]]
2026-04-26 10:51:51.032,269.467,Overspeeding,atomic,[Overspeeding],[1.0000],1,1,1.0000,[speed-1],[[83a110ad-f993-4fbc-bf77-0bceefc1ee92]]
2026-04-26 10:51:52.008,270.443,Overspeeding,atomic,[Overspeeding],[1.0000],1,1,1.0000,[speed-1],[[1b545d59-643c-4eb8-9cc1-551f5552d746]]
2026-04-26 10:51:52.023,270.458,EngineOverheat,atomic,[EngineOverheat],[1.0000],1,1,1.0000,[engine-temp-1],[[82955cfa-cf9c-477c-b5ca-d5beeef24c84]]
2026-04-26 10:51:52.023,270.458,HighSpeedOverheat,complex,[Overspeeding;EngineOverheat],[1.0000;1.0000],2,2,1.0000,[engine-temp-1;speed-1],[[83a110ad-f993-4fbc-bf77-0bceefc1ee92];[82955cfa-cf9c-477c-b5ca-d5beeef24c84]]
2026-04-26 10:51:53.019,271.454,EngineOverheat,atomic,[EngineOverheat],[1.0000],1,1,1.0000,[engine-temp-1],[[5460914f-1c96-49a1-b565-f87e57bdef03]]
2026-04-26 10:51:53.019,271.454,CrazyEvent,complex,[HighSpeedOverheat;EngineOverheat],[1.0000;1.0000],3,3,1.0000,[engine-temp-1;speed-1],[[83a110ad-f993-4fbc-bf77-0bceefc1ee92];[82955cfa-cf9c-477c-b5ca-d5beeef24c84];[5460914f-1c96-49a1-b565-f87e57bdef03]]
2026-04-26 10:51:53.030,271.465,Overspeeding,atomic,[Overspeeding],[1.0000],1,1,1.0000,[speed-1],[[4b6026b7-0b8e-4896-8c69-4703b7dc31fa]]
2026-04-26 10:51:54.029,272.464,EngineOverheat,atomic,[EngineOverheat],[1.0000],1,1,1.0000,[engine-temp-1],[[35f66328-02be-4e9f-b7d2-dc646381c394]]
2026-04-26 10:51:54.029,272.464,HighSpeedOverheat,complex,[Overspeeding;EngineOverheat],[1.0000;1.0000],2,2,1.0000,[engine-temp-1;speed-1],[[4b6026b7-0b8e-4896-8c69-4703b7dc31fa];[35f66328-02be-4e9f-b7d2-dc646381c394]]
2026-04-26 10:51:54.041,272.476,Overspeeding,atomic,[Overspeeding],[1.0000],1,1,1.0000,[speed-1],[[94a042ec-eaab-4da4-a9cb-13378e5d1de0]]
2026-04-26 10:51:55.023,273.458,Overspeeding,atomic,[Overspeeding],[1.0000],1,1,1.0000,[speed-1],[[f50e41c3-3d02-447a-841b-e173d463ec65]]
2026-04-26 10:51:55.035,273.470,EngineOverheat,atomic,[EngineOverheat],[1.0000],1,1,1.0000,[engine-temp-1],[[23d81961-551e-46e7-a19b-8dbae9091613]]
2026-04-26 10:51:55.035,273.470,CrazyEvent,complex,[HighSpeedOverheat;EngineOverheat],[1.0000;1.0000],3,3,1.0000,[engine-temp-1;speed-1],[[4b6026b7-0b8e-4896-8c69-4703b7dc31fa];[35f66328-02be-4e9f-b7d2-dc646381c394];[23d81961-551e-46e7-a19b-8dbae9091613]]
2026-04-26 10:51:55.035,273.470,HighSpeedOverheat,complex,[Overspeeding;EngineOverheat],[1.0000;1.0000],2,2,1.0000,[engine-temp-1;speed-1],[[94a042ec-eaab-4da4-a9cb-13378e5d1de0];[23d81961-551e-46e7-a19b-8dbae9091613]]
2026-04-26 10:51:56.013,274.448,EngineOverheat,atomic,[EngineOverheat],[1.0000],1,1,1.0000,[engine-temp-1],[[f9f85ee2-3f6b-4562-964d-8859567c5d3b]]
2026-04-26 10:51:56.014,274.449,CrazyEvent,complex,[HighSpeedOverheat;EngineOverheat],[1.0000;1.0000],3,3,1.0000,[engine-temp-1;speed-1],[[94a042ec-eaab-4da4-a9cb-13378e5d1de0];[23d81961-551e-46e7-a19b-8dbae9091613];[f9f85ee2-3f6b-4562-964d-8859567c5d3b]]
2026-04-26 10:51:56.026,274.461,Overspeeding,atomic,[Overspeeding],[1.0000],1,1,1.0000,[speed-1],[[d32bc63b-e6d9-499c-afbd-12358a54c29c]]
2026-04-26 10:51:57.019,275.454,EngineOverheat,atomic,[EngineOverheat],[1.0000],1,1,1.0000,[engine-temp-1],[[0e0fd50b-9c4d-4eb0-ac43-c5ca25ac07b3]]
2026-04-26 10:51:57.019,275.454,HighSpeedOverheat,complex,[Overspeeding;EngineOverheat],[1.0000;1.0000],2,2,1.0000,[engine-temp-1;speed-1],[[d32bc63b-e6d9-499c-afbd-12358a54c29c];[0e0fd50b-9c4d-4eb0-ac43-c5ca25ac07b3]]
2026-04-26 10:51:57.031,275.466,Overspeeding,atomic,[Overspeeding],[1.0000],1,1,1.0000,[speed-1],[[f41013eb-fc9e-4333-b543-e2585f119125]]
2026-04-26 10:51:58.018,276.453,EngineOverheat,atomic,[EngineOverheat],[1.0000],1,1,1.0000,[engine-temp-1],[[5c95d677-71e3-4bdb-95f4-d22ad0fa30db]]
2026-04-26 10:51:58.018,276.453,CrazyEvent,complex,[HighSpeedOverheat;EngineOverheat],[1.0000;1.0000],3,3,1.0000,[engine-temp-1;speed-1],[[d32bc63b-e6d9-499c-afbd-12358a54c29c];[0e0fd50b-9c4d-4eb0-ac43-c5ca25ac07b3];[5c95d677-71e3-4bdb-95f4-d22ad0fa30db]]
2026-04-26 10:51:58.018,276.453,HighSpeedOverheat,complex,[Overspeeding;EngineOverheat],[1.0000;1.0000],2,2,1.0000,[engine-temp-1;speed-1],[[f41013eb-fc9e-4333-b543-e2585f119125];[5c95d677-71e3-4bdb-95f4-d22ad0fa30db]]
2026-04-26 10:51:58.032,276.467,Overspeeding,atomic,[Overspeeding],[1.0000],1,1,1.0000,[speed-1],[[2ac96dcc-3514-4c53-91e4-db7758bbab75]]
2026-04-26 10:51:59.019,277.454,EngineOverheat,atomic,[EngineOverheat],[1.0000],1,1,1.0000,[engine-temp-1],[[49e6e814-ee32-4cbb-be58-48aa3ba9cd8b]]
2026-04-26 10:51:59.019,277.454,CrazyEvent,complex,[HighSpeedOverheat;EngineOverheat],[1.0000;1.0000],3,3,1.0000,[engine-temp-1;speed-1],[[f41013eb-fc9e-4333-b543-e2585f119125];[5c95d677-71e3-4bdb-95f4-d22ad0fa30db];[49e6e814-ee32-4cbb-be58-48aa3ba9cd8b]]
2026-04-26 10:51:59.020,277.455,HighSpeedOverheat,complex,[Overspeeding;EngineOverheat],[1.0000;1.0000],2,2,1.0000,[engine-temp-1;speed-1],[[2ac96dcc-3514-4c53-91e4-db7758bbab75];[49e6e814-ee32-4cbb-be58-48aa3ba9cd8b]]
2026-04-26 10:51:59.031,277.466,Overspeeding,atomic,[Overspeeding],[1.0000],1,1,1.0000,[speed-1],[[ea9df051-c370-449e-8a61-6fe1ea725548]]
2026-04-26 10:52:00.032,278.467,Overspeeding,atomic,[Overspeeding],[1.0000],1,1,1.0000,[speed-1],[[1eb928a4-e624-4e5c-a39e-45de483376d8]]
2026-04-26 10:52:00.045,278.480,EngineOverheat,atomic,[EngineOverheat],[1.0000],1,1,1.0000,[engine-temp-1],[[ef834123-4d10-4a5b-80be-d57552c428c5]]
2026-04-26 10:52:00.045,278.480,CrazyEvent,complex,[HighSpeedOverheat;EngineOverheat],[1.0000;1.0000],3,3,1.0000,[engine-temp-1;speed-1],[[2ac96dcc-3514-4c53-91e4-db7758bbab75];[49e6e814-ee32-4cbb-be58-48aa3ba9cd8b];[ef834123-4d10-4a5b-80be-d57552c428c5]]
2026-04-26 10:52:00.045,278.480,HighSpeedOverheat,complex,[Overspeeding;EngineOverheat],[1.0000;1.0000],2,2,1.0000,[engine-temp-1;speed-1],[[ea9df051-c370-449e-8a61-6fe1ea725548];[ef834123-4d10-4a5b-80be-d57552c428c5]]
2026-04-26 10:52:01.025,279.460,Overspeeding,atomic,[Overspeeding],[1.0000],1,1,1.0000,[speed-1],[[d9926889-f3d1-4c58-adcb-8c2a1c0fc793]]
2026-04-26 10:52:01.036,279.471,EngineOverheat,atomic,[EngineOverheat],[1.0000],1,1,1.0000,[engine-temp-1],[[fd5738ba-4a12-41b2-8eb0-e6be7c2e85ce]]
2026-04-26 10:52:01.036,279.471,CrazyEvent,complex,[HighSpeedOverheat;EngineOverheat],[1.0000;1.0000],3,3,1.0000,[engine-temp-1;speed-1],[[ea9df051-c370-449e-8a61-6fe1ea725548];[ef834123-4d10-4a5b-80be-d57552c428c5];[fd5738ba-4a12-41b2-8eb0-e6be7c2e85ce]]
2026-04-26 10:52:01.036,279.471,HighSpeedOverheat,complex,[Overspeeding;EngineOverheat],[1.0000;1.0000],2,2,1.0000,[engine-temp-1;speed-1],[[d9926889-f3d1-4c58-adcb-8c2a1c0fc793];[fd5738ba-4a12-41b2-8eb0-e6be7c2e85ce]]
2026-04-26 10:52:02.020,280.455,EngineOverheat,atomic,[EngineOverheat],[1.0000],1,1,1.0000,[engine-temp-1],[[752ac32c-74c5-4f06-8453-4b23807df5db]]
2026-04-26 10:52:02.020,280.455,CrazyEvent,complex,[HighSpeedOverheat;EngineOverheat],[1.0000;1.0000],3,3,1.0000,[engine-temp-1;speed-1],[[d9926889-f3d1-4c58-adcb-8c2a1c0fc793];[fd5738ba-4a12-41b2-8eb0-e6be7c2e85ce];[752ac32c-74c5-4f06-8453-4b23807df5db]]
2026-04-26 10:52:02.032,280.467,Overspeeding,atomic,[Overspeeding],[1.0000],1,1,1.0000,[speed-1],[[5a4be9aa-8c9b-4290-b9b2-ce943756783c]]
2026-04-26 10:52:03.019,281.454,EngineOverheat,atomic,[EngineOverheat],[1.0000],1,1,1.0000,[engine-temp-1],[[0febe9f9-979f-42a9-9380-73140358b6e2]]
2026-04-26 10:52:03.019,281.454,HighSpeedOverheat,complex,[Overspeeding;EngineOverheat],[1.0000;1.0000],2,2,1.0000,[engine-temp-1;speed-1],[[5a4be9aa-8c9b-4290-b9b2-ce943756783c];[0febe9f9-979f-42a9-9380-73140358b6e2]]
2026-04-26 10:52:03.031,281.466,Overspeeding,atomic,[Overspeeding],[1.0000],1,1,1.0000,[speed-1],[[d1182eaf-cf3a-4e8a-aef2-7343d01b263c]]
2026-04-26 10:52:04.030,282.465,Overspeeding,atomic,[Overspeeding],[1.0000],1,1,1.0000,[speed-1],[[6a0f9a4b-6d6e-44bd-a6a8-0a16f06a945e]]
2026-04-26 10:52:04.043,282.478,EngineOverheat,atomic,[EngineOverheat],[1.0000],1,1,1.0000,[engine-temp-1],[[639f781a-2901-4c5d-8a08-479aa8092a0c]]
2026-04-26 10:52:04.044,282.479,CrazyEvent,complex,[HighSpeedOverheat;EngineOverheat],[1.0000;1.0000],3,3,1.0000,[engine-temp-1;speed-1],[[5a4be9aa-8c9b-4290-b9b2-ce943756783c];[0febe9f9-979f-42a9-9380-73140358b6e2];[639f781a-2901-4c5d-8a08-479aa8092a0c]]
2026-04-26 10:52:04.044,282.479,HighSpeedOverheat,complex,[Overspeeding;EngineOverheat],[1.0000;1.0000],2,2,1.0000,[engine-temp-1;speed-1],[[d1182eaf-cf3a-4e8a-aef2-7343d01b263c];[639f781a-2901-4c5d-8a08-479aa8092a0c]]
2026-04-26 10:52:05.020,283.455,EngineOverheat,atomic,[EngineOverheat],[1.0000],1,1,1.0000,[engine-temp-1],[[3faae939-4f5f-406a-bec9-5fc360de1fe6]]
2026-04-26 10:52:05.020,283.455,CrazyEvent,complex,[HighSpeedOverheat;EngineOverheat],[1.0000;1.0000],3,3,1.0000,[engine-temp-1;speed-1],[[d1182eaf-cf3a-4e8a-aef2-7343d01b263c];[639f781a-2901-4c5d-8a08-479aa8092a0c];[3faae939-4f5f-406a-bec9-5fc360de1fe6]]
2026-04-26 10:52:05.031,283.466,Overspeeding,atomic,[Overspeeding],[1.0000],1,1,1.0000,[speed-1],[[27403f2d-6389-4e1f-9d8b-ced70c6c5328]]
2026-04-26 10:52:06.017,284.452,EngineOverheat,atomic,[EngineOverheat],[1.0000],1,1,1.0000,[engine-temp-1],[[0a0f4f08-ddbe-4740-8ccc-8a958e87bf97]]
2026-04-26 10:52:06.017,284.452,HighSpeedOverheat,complex,[Overspeeding;EngineOverheat],[1.0000;1.0000],2,2,1.0000,[engine-temp-1;speed-1],[[27403f2d-6389-4e1f-9d8b-ced70c6c5328];[0a0f4f08-ddbe-4740-8ccc-8a958e87bf97]]
2026-04-26 10:52:06.028,284.463,Overspeeding,atomic,[Overspeeding],[1.0000],1,1,1.0000,[speed-1],[[ffb45c21-3407-4d55-bd57-5023769ab66d]]
2026-04-26 10:52:07.020,285.455,EngineOverheat,atomic,[EngineOverheat],[1.0000],1,1,1.0000,[engine-temp-1],[[d9e819b7-995e-4234-8f89-20ff5200a750]]
2026-04-26 10:52:07.020,285.455,CrazyEvent,complex,[HighSpeedOverheat;EngineOverheat],[1.0000;1.0000],3,3,1.0000,[engine-temp-1;speed-1],[[27403f2d-6389-4e1f-9d8b-ced70c6c5328];[0a0f4f08-ddbe-4740-8ccc-8a958e87bf97];[d9e819b7-995e-4234-8f89-20ff5200a750]]
2026-04-26 10:52:07.020,285.455,HighSpeedOverheat,complex,[Overspeeding;EngineOverheat],[1.0000;1.0000],2,2,1.0000,[engine-temp-1;speed-1],[[ffb45c21-3407-4d55-bd57-5023769ab66d];[d9e819b7-995e-4234-8f89-20ff5200a750]]
2026-04-26 10:52:07.031,285.466,Overspeeding,atomic,[Overspeeding],[1.0000],1,1,1.0000,[speed-1],[[8f02a3fa-8dad-4987-b842-7b3e5a75cf94]]
2026-04-26 10:52:08.014,286.449,EngineOverheat,atomic,[EngineOverheat],[1.0000],1,1,1.0000,[engine-temp-1],[[8d6897d7-7a52-415e-abba-08dcc402ad61]]
2026-04-26 10:52:08.014,286.449,CrazyEvent,complex,[HighSpeedOverheat;EngineOverheat],[1.0000;1.0000],3,3,1.0000,[engine-temp-1;speed-1],[[ffb45c21-3407-4d55-bd57-5023769ab66d];[d9e819b7-995e-4234-8f89-20ff5200a750];[8d6897d7-7a52-415e-abba-08dcc402ad61]]
2026-04-26 10:52:08.014,286.449,HighSpeedOverheat,complex,[Overspeeding;EngineOverheat],[1.0000;1.0000],2,2,1.0000,[engine-temp-1;speed-1],[[8f02a3fa-8dad-4987-b842-7b3e5a75cf94];[8d6897d7-7a52-415e-abba-08dcc402ad61]]
2026-04-26 10:52:08.026,286.461,Overspeeding,atomic,[Overspeeding],[1.0000],1,1,1.0000,[speed-1],[[4619fb07-e63a-49bd-8517-ff78deb44253]]
2026-04-26 10:52:09.016,287.451,EngineOverheat,atomic,[EngineOverheat],[1.0000],1,1,1.0000,[engine-temp-1],[[66d3d31a-ec94-49bc-a36b-bb07f263cfa7]]
2026-04-26 10:52:09.016,287.451,CrazyEvent,complex,[HighSpeedOverheat;EngineOverheat],[1.0000;1.0000],3,3,1.0000,[engine-temp-1;speed-1],[[8f02a3fa-8dad-4987-b842-7b3e5a75cf94];[8d6897d7-7a52-415e-abba-08dcc402ad61];[66d3d31a-ec94-49bc-a36b-bb07f263cfa7]]
2026-04-26 10:52:09.017,287.452,HighSpeedOverheat,complex,[Overspeeding;EngineOverheat],[1.0000;1.0000],2,2,1.0000,[engine-temp-1;speed-1],[[4619fb07-e63a-49bd-8517-ff78deb44253];[66d3d31a-ec94-49bc-a36b-bb07f263cfa7]]
2026-04-26 10:52:09.028,287.463,Overspeeding,atomic,[Overspeeding],[1.0000],1,1,1.0000,[speed-1],[[e7dacae7-cbc9-41cd-ac7e-e66d69b3a78d]]
2026-04-26 10:52:10.010,288.445,EngineOverheat,atomic,[EngineOverheat],[1.0000],1,1,1.0000,[engine-temp-1],[[317896d5-594b-4d86-95c7-fa4bbdb40b91]]
2026-04-26 10:52:10.010,288.445,CrazyEvent,complex,[HighSpeedOverheat;EngineOverheat],[1.0000;1.0000],3,3,1.0000,[engine-temp-1;speed-1],[[4619fb07-e63a-49bd-8517-ff78deb44253];[66d3d31a-ec94-49bc-a36b-bb07f263cfa7];[317896d5-594b-4d86-95c7-fa4bbdb40b91]]
2026-04-26 10:52:10.010,288.445,HighSpeedOverheat,complex,[Overspeeding;EngineOverheat],[1.0000;1.0000],2,2,1.0000,[engine-temp-1;speed-1],[[e7dacae7-cbc9-41cd-ac7e-e66d69b3a78d];[317896d5-594b-4d86-95c7-fa4bbdb40b91]]
2026-04-26 10:52:10.024,288.459,Overspeeding,atomic,[Overspeeding],[1.0000],1,1,1.0000,[speed-1],[[bb40ade8-bf11-4cfc-a3d6-c8457c3ca467]]
2026-04-26 10:52:11.017,289.452,Overspeeding,atomic,[Overspeeding],[1.0000],1,1,1.0000,[speed-1],[[ddf09989-7733-4a7d-b11b-d082e1ac3e3c]]
2026-04-26 10:52:11.029,289.464,EngineOverheat,atomic,[EngineOverheat],[1.0000],1,1,1.0000,[engine-temp-1],[[de138247-367d-4c2f-953d-84f0be0152f2]]
2026-04-26 10:52:11.029,289.464,CrazyEvent,complex,[HighSpeedOverheat;EngineOverheat],[1.0000;1.0000],3,3,1.0000,[engine-temp-1;speed-1],[[e7dacae7-cbc9-41cd-ac7e-e66d69b3a78d];[317896d5-594b-4d86-95c7-fa4bbdb40b91];[de138247-367d-4c2f-953d-84f0be0152f2]]
2026-04-26 10:52:11.029,289.464,HighSpeedOverheat,complex,[Overspeeding;EngineOverheat],[1.0000;1.0000],2,2,1.0000,[engine-temp-1;speed-1],[[bb40ade8-bf11-4cfc-a3d6-c8457c3ca467];[de138247-367d-4c2f-953d-84f0be0152f2]]
2026-04-26 10:52:12.017,290.452,EngineOverheat,atomic,[EngineOverheat],[1.0000],1,1,1.0000,[engine-temp-1],[[e61f0c4b-53a9-4531-8f87-24769ebd080e]]
2026-04-26 10:52:12.017,290.452,CrazyEvent,complex,[HighSpeedOverheat;EngineOverheat],[1.0000;1.0000],3,3,1.0000,[engine-temp-1;speed-1],[[bb40ade8-bf11-4cfc-a3d6-c8457c3ca467];[de138247-367d-4c2f-953d-84f0be0152f2];[e61f0c4b-53a9-4531-8f87-24769ebd080e]]
2026-04-26 10:52:12.028,290.463,Overspeeding,atomic,[Overspeeding],[1.0000],1,1,1.0000,[speed-1],[[856181a8-1818-48f8-988c-3bd314df1895]]
