# Logger: PatternLogger | Started: Wed Oct 15 19:13:01 EDT 2025
fired_at,fired_offset_sec,pattern_name,pattern_type,subpatterns,subpattern_confidences,num_subpatterns,num_events,confidence,nested_event_ids
2025-10-15 19:13:07.972,6.562,63rd_WaterTempDrop_85,atomic,[63rd_WaterTempDrop_85],[1.0000],1,1,1.0000,[[63rdStreetBeach201505191000_Water_Temperature]]
2025-10-15 19:13:07.993,6.583,Montrose_WaterTempDrop_85,atomic,[Montrose_WaterTempDrop_85],[1.0000],1,1,1.0000,[[MontroseBeach201505191200_Water_Temperature]]
2025-10-15 19:13:08.001,6.591,Calumet_WaterTempDrop_85,atomic,[Calumet_WaterTempDrop_85],[1.0000],1,1,1.0000,[[CalumetBeach201505191300_Water_Temperature]]
2025-10-15 19:13:08.004,6.594,63rd_WaterTempDrop_85,atomic,[63rd_WaterTempDrop_85],[1.0000],1,1,1.0000,[[63rdStreetBeach201505191300_Water_Temperature]]
2025-10-15 19:13:08.033,6.623,Calumet_WaterTempDrop_85,atomic,[Calumet_WaterTempDrop_85],[1.0000],1,1,1.0000,[[CalumetBeach201505191400_Water_Temperature]]
2025-10-15 19:13:08.035,6.625,63rd_WaterTempDrop_85,atomic,[63rd_WaterTempDrop_85],[1.0000],1,1,1.0000,[[63rdStreetBeach201505191400_Water_Temperature]]
2025-10-15 19:13:08.038,6.628,Montrose_WaterTempDrop_85,atomic,[Montrose_WaterTempDrop_85],[1.0000],1,1,1.0000,[[MontroseBeach201505191400_Water_Temperature]]
2025-10-15 19:13:08.096,6.686,Montrose_WaterTempDrop_85,atomic,[Montrose_WaterTempDrop_85],[0.8805],1,1,0.8805,[[MontroseBeach201505191500_Water_Temperature]]
2025-10-15 19:13:08.099,6.689,Calumet_WaterTempDrop_85,atomic,[Calumet_WaterTempDrop_85],[1.0000],1,1,1.0000,[[CalumetBeach201505191500_Water_Temperature]]
2025-10-15 19:13:08.100,6.690,63rd_WaterTempDrop_85,atomic,[63rd_WaterTempDrop_85],[1.0000],1,1,1.0000,[[63rdStreetBeach201505191500_Water_Temperature]]
2025-10-15 19:13:08.159,6.749,63rd_WaterTempDrop_85,atomic,[63rd_WaterTempDrop_85],[1.0000],1,1,1.0000,[[63rdStreetBeach201505191600_Water_Temperature]]
2025-10-15 19:13:08.161,6.751,Montrose_WaterTempDrop_85,atomic,[Montrose_WaterTempDrop_85],[1.0000],1,1,1.0000,[[MontroseBeach201505191600_Water_Temperature]]
2025-10-15 19:13:08.162,6.752,Calumet_WaterTempDrop_85,atomic,[Calumet_WaterTempDrop_85],[1.0000],1,1,1.0000,[[CalumetBeach201505191600_Water_Temperature]]
2025-10-15 19:13:08.219,6.809,Montrose_WaterTempDrop_85,atomic,[Montrose_WaterTempDrop_85],[0.8771],1,1,0.8771,[[MontroseBeach201505191700_Water_Temperature]]
2025-10-15 19:13:08.220,6.810,Calumet_WaterTempDrop_85,atomic,[Calumet_WaterTempDrop_85],[1.0000],1,1,1.0000,[[CalumetBeach201505191700_Water_Temperature]]
2025-10-15 19:13:08.223,6.813,63rd_WaterTempDrop_85,atomic,[63rd_WaterTempDrop_85],[1.0000],1,1,1.0000,[[63rdStreetBeach201505191700_Water_Temperature]]
2025-10-15 19:13:08.284,6.874,Calumet_WaterTempDrop_85,atomic,[Calumet_WaterTempDrop_85],[1.0000],1,1,1.0000,[[CalumetBeach201505191800_Water_Temperature]]
2025-10-15 19:13:08.286,6.876,63rd_WaterTempDrop_85,atomic,[63rd_WaterTempDrop_85],[1.0000],1,1,1.0000,[[63rdStreetBeach201505191800_Water_Temperature]]
2025-10-15 19:13:08.344,6.934,Calumet_WaterTempDrop_85,atomic,[Calumet_WaterTempDrop_85],[1.0000],1,1,1.0000,[[CalumetBeach201505191900_Water_Temperature]]
2025-10-15 19:13:08.349,6.939,Montrose_WaterTempDrop_85,atomic,[Montrose_WaterTempDrop_85],[1.0000],1,1,1.0000,[[MontroseBeach201505191900_Water_Temperature]]
2025-10-15 19:13:08.350,6.940,63rd_WaterTempDrop_85,atomic,[63rd_WaterTempDrop_85],[1.0000],1,1,1.0000,[[63rdStreetBeach201505191900_Water_Temperature]]
2025-10-15 19:13:08.407,6.997,63rd_WaterTempDrop_85,atomic,[63rd_WaterTempDrop_85],[1.0000],1,1,1.0000,[[63rdStreetBeach201505192000_Water_Temperature]]
2025-10-15 19:13:08.409,6.999,Calumet_WaterTempDrop_85,atomic,[Calumet_WaterTempDrop_85],[1.0000],1,1,1.0000,[[CalumetBeach201505192000_Water_Temperature]]
2025-10-15 19:13:08.411,7.001,Montrose_WaterTempDrop_85,atomic,[Montrose_WaterTempDrop_85],[1.0000],1,1,1.0000,[[MontroseBeach201505192000_Water_Temperature]]
2025-10-15 19:13:08.467,7.057,63rd_WaterTempDrop_85,atomic,[63rd_WaterTempDrop_85],[1.0000],1,1,1.0000,[[63rdStreetBeach201505192100_Water_Temperature]]
2025-10-15 19:13:08.468,7.058,Montrose_WaterTempDrop_85,atomic,[Montrose_WaterTempDrop_85],[1.0000],1,1,1.0000,[[MontroseBeach201505192100_Water_Temperature]]
2025-10-15 19:13:08.471,7.061,Calumet_WaterTempDrop_85,atomic,[Calumet_WaterTempDrop_85],[1.0000],1,1,1.0000,[[CalumetBeach201505192100_Water_Temperature]]
2025-10-15 19:13:08.528,7.118,Calumet_WaterTempDrop_85,atomic,[Calumet_WaterTempDrop_85],[0.9056],1,1,0.9056,[[CalumetBeach201505192200_Water_Temperature]]
2025-10-15 19:13:08.531,7.121,Montrose_WaterTempDrop_85,atomic,[Montrose_WaterTempDrop_85],[1.0000],1,1,1.0000,[[MontroseBeach201505192200_Water_Temperature]]
2025-10-15 19:13:08.541,7.131,63rd_WaterTempDrop_85,atomic,[63rd_WaterTempDrop_85],[1.0000],1,1,1.0000,[[63rdStreetBeach201505192200_Water_Temperature]]
2025-10-15 19:13:08.593,7.183,Montrose_WaterTempDrop_85,atomic,[Montrose_WaterTempDrop_85],[1.0000],1,1,1.0000,[[MontroseBeach201505192300_Water_Temperature]]
2025-10-15 19:13:08.594,7.184,63rd_WaterTempDrop_85,atomic,[63rd_WaterTempDrop_85],[1.0000],1,1,1.0000,[[63rdStreetBeach201505192300_Water_Temperature]]
2025-10-15 19:13:08.596,7.186,Calumet_WaterTempDrop_85,atomic,[Calumet_WaterTempDrop_85],[1.0000],1,1,1.0000,[[CalumetBeach201505192300_Water_Temperature]]
2025-10-15 19:13:08.653,7.243,63rd_WaterTempDrop_85,atomic,[63rd_WaterTempDrop_85],[1.0000],1,1,1.0000,[[63rdStreetBeach201505202400_Water_Temperature]]
2025-10-15 19:13:08.657,7.247,Calumet_WaterTempDrop_85,atomic,[Calumet_WaterTempDrop_85],[1.0000],1,1,1.0000,[[CalumetBeach201505202400_Water_Temperature]]
2025-10-15 19:13:08.661,7.251,Montrose_WaterTempDrop_85,atomic,[Montrose_WaterTempDrop_85],[1.0000],1,1,1.0000,[[MontroseBeach201505202400_Water_Temperature]]
2025-10-15 19:13:08.718,7.308,63rd_WaterTempDrop_85,atomic,[63rd_WaterTempDrop_85],[1.0000],1,1,1.0000,[[63rdStreetBeach201505200100_Water_Temperature]]
2025-10-15 19:13:08.720,7.310,Montrose_WaterTempDrop_85,atomic,[Montrose_WaterTempDrop_85],[1.0000],1,1,1.0000,[[MontroseBeach201505200100_Water_Temperature]]
2025-10-15 19:13:08.722,7.312,Calumet_WaterTempDrop_85,atomic,[Calumet_WaterTempDrop_85],[1.0000],1,1,1.0000,[[CalumetBeach201505200100_Water_Temperature]]
2025-10-15 19:13:08.780,7.370,Montrose_WaterTempDrop_85,atomic,[Montrose_WaterTempDrop_85],[1.0000],1,1,1.0000,[[MontroseBeach201505200200_Water_Temperature]]
2025-10-15 19:13:08.785,7.375,Calumet_WaterTempDrop_85,atomic,[Calumet_WaterTempDrop_85],[1.0000],1,1,1.0000,[[CalumetBeach201505200200_Water_Temperature]]
2025-10-15 19:13:08.789,7.379,63rd_WaterTempDrop_85,atomic,[63rd_WaterTempDrop_85],[1.0000],1,1,1.0000,[[63rdStreetBeach201505200200_Water_Temperature]]
2025-10-15 19:13:08.842,7.432,Calumet_WaterTempDrop_85,atomic,[Calumet_WaterTempDrop_85],[1.0000],1,1,1.0000,[[CalumetBeach201505200300_Water_Temperature]]
2025-10-15 19:13:08.843,7.433,63rd_WaterTempDrop_85,atomic,[63rd_WaterTempDrop_85],[1.0000],1,1,1.0000,[[63rdStreetBeach201505200300_Water_Temperature]]
2025-10-15 19:13:08.845,7.435,Montrose_WaterTempDrop_85,atomic,[Montrose_WaterTempDrop_85],[1.0000],1,1,1.0000,[[MontroseBeach201505200300_Water_Temperature]]
2025-10-15 19:13:08.905,7.495,Calumet_WaterTempDrop_85,atomic,[Calumet_WaterTempDrop_85],[1.0000],1,1,1.0000,[[CalumetBeach201505200400_Water_Temperature]]
2025-10-15 19:13:08.907,7.497,Montrose_WaterTempDrop_85,atomic,[Montrose_WaterTempDrop_85],[1.0000],1,1,1.0000,[[MontroseBeach201505200400_Water_Temperature]]
2025-10-15 19:13:08.908,7.498,63rd_WaterTempDrop_85,atomic,[63rd_WaterTempDrop_85],[1.0000],1,1,1.0000,[[63rdStreetBeach201505200400_Water_Temperature]]
2025-10-15 19:13:08.968,7.558,63rd_WaterTempDrop_85,atomic,[63rd_WaterTempDrop_85],[1.0000],1,1,1.0000,[[63rdStreetBeach201505200500_Water_Temperature]]
2025-10-15 19:13:08.970,7.560,Montrose_WaterTempDrop_85,atomic,[Montrose_WaterTempDrop_85],[1.0000],1,1,1.0000,[[MontroseBeach201505200500_Water_Temperature]]
2025-10-15 19:13:08.972,7.562,Calumet_WaterTempDrop_85,atomic,[Calumet_WaterTempDrop_85],[1.0000],1,1,1.0000,[[CalumetBeach201505200500_Water_Temperature]]
2025-10-15 19:13:09.030,7.620,Montrose_WaterTempDrop_85,atomic,[Montrose_WaterTempDrop_85],[0.9179],1,1,0.9179,[[MontroseBeach201505200600_Water_Temperature]]
2025-10-15 19:13:09.031,7.621,Calumet_WaterTempDrop_85,atomic,[Calumet_WaterTempDrop_85],[1.0000],1,1,1.0000,[[CalumetBeach201505200600_Water_Temperature]]
2025-10-15 19:13:09.033,7.623,63rd_WaterTempDrop_85,atomic,[63rd_WaterTempDrop_85],[1.0000],1,1,1.0000,[[63rdStreetBeach201505200600_Water_Temperature]]
2025-10-15 19:13:09.092,7.682,Montrose_WaterTempDrop_85,atomic,[Montrose_WaterTempDrop_85],[1.0000],1,1,1.0000,[[MontroseBeach201505200700_Water_Temperature]]
2025-10-15 19:13:09.094,7.684,63rd_WaterTempDrop_85,atomic,[63rd_WaterTempDrop_85],[1.0000],1,1,1.0000,[[63rdStreetBeach201505200700_Water_Temperature]]
2025-10-15 19:13:09.095,7.685,Calumet_WaterTempDrop_85,atomic,[Calumet_WaterTempDrop_85],[1.0000],1,1,1.0000,[[CalumetBeach201505200700_Water_Temperature]]
2025-10-15 19:13:09.154,7.744,Montrose_WaterTempDrop_85,atomic,[Montrose_WaterTempDrop_85],[0.9028],1,1,0.9028,[[MontroseBeach201505200800_Water_Temperature]]
2025-10-15 19:13:09.155,7.745,63rd_WaterTempDrop_85,atomic,[63rd_WaterTempDrop_85],[1.0000],1,1,1.0000,[[63rdStreetBeach201505200800_Water_Temperature]]
2025-10-15 19:13:09.157,7.747,Calumet_WaterTempDrop_85,atomic,[Calumet_WaterTempDrop_85],[1.0000],1,1,1.0000,[[CalumetBeach201505200800_Water_Temperature]]
2025-10-15 19:13:09.217,7.807,Calumet_WaterTempDrop_85,atomic,[Calumet_WaterTempDrop_85],[1.0000],1,1,1.0000,[[CalumetBeach201505200900_Water_Temperature]]
2025-10-15 19:13:09.217,7.807,63rd_WaterTempDrop_85,atomic,[63rd_WaterTempDrop_85],[1.0000],1,1,1.0000,[[63rdStreetBeach201505200900_Water_Temperature]]
2025-10-15 19:13:09.219,7.809,Montrose_WaterTempDrop_85,atomic,[Montrose_WaterTempDrop_85],[1.0000],1,1,1.0000,[[MontroseBeach201505200900_Water_Temperature]]
2025-10-15 19:13:09.277,7.867,Montrose_WaterTempDrop_85,atomic,[Montrose_WaterTempDrop_85],[1.0000],1,1,1.0000,[[MontroseBeach201505201000_Water_Temperature]]
2025-10-15 19:13:09.279,7.869,Calumet_WaterTempDrop_85,atomic,[Calumet_WaterTempDrop_85],[1.0000],1,1,1.0000,[[CalumetBeach201505201000_Water_Temperature]]
2025-10-15 19:13:09.340,7.930,Calumet_WaterTempDrop_85,atomic,[Calumet_WaterTempDrop_85],[1.0000],1,1,1.0000,[[CalumetBeach201505201100_Water_Temperature]]
2025-10-15 19:13:09.341,7.931,Montrose_WaterTempDrop_85,atomic,[Montrose_WaterTempDrop_85],[1.0000],1,1,1.0000,[[MontroseBeach201505201100_Water_Temperature]]
2025-10-15 19:13:09.401,7.991,Montrose_WaterTempDrop_85,atomic,[Montrose_WaterTempDrop_85],[1.0000],1,1,1.0000,[[MontroseBeach201505201200_Water_Temperature]]
2025-10-15 19:13:09.402,7.992,Calumet_WaterTempDrop_85,atomic,[Calumet_WaterTempDrop_85],[1.0000],1,1,1.0000,[[CalumetBeach201505201200_Water_Temperature]]
2025-10-15 19:13:09.465,8.055,Montrose_WaterTempDrop_85,atomic,[Montrose_WaterTempDrop_85],[1.0000],1,1,1.0000,[[MontroseBeach201505201300_Water_Temperature]]
2025-10-15 19:13:09.466,8.056,63rd_WaterTempDrop_85,atomic,[63rd_WaterTempDrop_85],[1.0000],1,1,1.0000,[[63rdStreetBeach201505201300_Water_Temperature]]
2025-10-15 19:13:09.468,8.058,Calumet_WaterTempDrop_85,atomic,[Calumet_WaterTempDrop_85],[1.0000],1,1,1.0000,[[CalumetBeach201505201300_Water_Temperature]]
2025-10-15 19:13:09.526,8.116,Calumet_WaterTempDrop_85,atomic,[Calumet_WaterTempDrop_85],[1.0000],1,1,1.0000,[[CalumetBeach201505201400_Water_Temperature]]
2025-10-15 19:13:09.529,8.119,63rd_WaterTempDrop_85,atomic,[63rd_WaterTempDrop_85],[1.0000],1,1,1.0000,[[63rdStreetBeach201505201400_Water_Temperature]]
2025-10-15 19:13:09.530,8.120,Montrose_WaterTempDrop_85,atomic,[Montrose_WaterTempDrop_85],[1.0000],1,1,1.0000,[[MontroseBeach201505201400_Water_Temperature]]
2025-10-15 19:13:09.586,8.176,63rd_WaterTempDrop_85,atomic,[63rd_WaterTempDrop_85],[1.0000],1,1,1.0000,[[63rdStreetBeach201505201500_Water_Temperature]]
2025-10-15 19:13:09.589,8.179,Calumet_WaterTempDrop_85,atomic,[Calumet_WaterTempDrop_85],[1.0000],1,1,1.0000,[[CalumetBeach201505201500_Water_Temperature]]
2025-10-15 19:13:09.591,8.181,Montrose_WaterTempDrop_85,atomic,[Montrose_WaterTempDrop_85],[1.0000],1,1,1.0000,[[MontroseBeach201505201500_Water_Temperature]]
2025-10-15 19:13:09.649,8.239,Calumet_WaterTempDrop_85,atomic,[Calumet_WaterTempDrop_85],[0.9353],1,1,0.9353,[[CalumetBeach201505201600_Water_Temperature]]
2025-10-15 19:13:09.650,8.240,Montrose_WaterTempDrop_85,atomic,[Montrose_WaterTempDrop_85],[1.0000],1,1,1.0000,[[MontroseBeach201505201600_Water_Temperature]]
2025-10-15 19:13:09.651,8.241,63rd_WaterTempDrop_85,atomic,[63rd_WaterTempDrop_85],[1.0000],1,1,1.0000,[[63rdStreetBeach201505201600_Water_Temperature]]
2025-10-15 19:13:09.713,8.303,Calumet_WaterTempDrop_85,atomic,[Calumet_WaterTempDrop_85],[1.0000],1,1,1.0000,[[CalumetBeach201505201700_Water_Temperature]]
2025-10-15 19:13:09.714,8.304,Montrose_WaterTempDrop_85,atomic,[Montrose_WaterTempDrop_85],[1.0000],1,1,1.0000,[[MontroseBeach201505201700_Water_Temperature]]
2025-10-15 19:13:09.715,8.305,63rd_WaterTempDrop_85,atomic,[63rd_WaterTempDrop_85],[1.0000],1,1,1.0000,[[63rdStreetBeach201505201700_Water_Temperature]]
2025-10-15 19:13:09.774,8.364,Montrose_WaterTempDrop_85,atomic,[Montrose_WaterTempDrop_85],[1.0000],1,1,1.0000,[[MontroseBeach201505201800_Water_Temperature]]
2025-10-15 19:13:09.775,8.365,Montrose_HighWave_85,atomic,[Montrose_HighWave_85],[1.0000],1,1,1.0000,[[MontroseBeach201505201800_Wave_Height]]
2025-10-15 19:13:09.777,8.367,Calumet_WaterTempDrop_85,atomic,[Calumet_WaterTempDrop_85],[1.0000],1,1,1.0000,[[CalumetBeach201505201800_Water_Temperature]]
2025-10-15 19:13:09.778,8.368,63rd_WaterTempDrop_85,atomic,[63rd_WaterTempDrop_85],[1.0000],1,1,1.0000,[[63rdStreetBeach201505201800_Water_Temperature]]
2025-10-15 19:13:09.778,8.368,63rd_HighWave_85,atomic,[63rd_HighWave_85],[1.0000],1,1,1.0000,[[63rdStreetBeach201505201800_Wave_Height]]
2025-10-15 19:13:09.837,8.427,Montrose_WaterTempDrop_85,atomic,[Montrose_WaterTempDrop_85],[0.9410],1,1,0.9410,[[MontroseBeach201505201900_Water_Temperature]]
2025-10-15 19:13:09.839,8.429,63rd_WaterTempDrop_85,atomic,[63rd_WaterTempDrop_85],[1.0000],1,1,1.0000,[[63rdStreetBeach201505201900_Water_Temperature]]
2025-10-15 19:13:09.841,8.431,Calumet_WaterTempDrop_85,atomic,[Calumet_WaterTempDrop_85],[1.0000],1,1,1.0000,[[CalumetBeach201505201900_Water_Temperature]]
2025-10-15 19:13:09.898,8.488,Montrose_WaterTempDrop_85,atomic,[Montrose_WaterTempDrop_85],[1.0000],1,1,1.0000,[[MontroseBeach201505202000_Water_Temperature]]
2025-10-15 19:13:09.901,8.491,Calumet_WaterTempDrop_85,atomic,[Calumet_WaterTempDrop_85],[1.0000],1,1,1.0000,[[CalumetBeach201505202000_Water_Temperature]]
2025-10-15 19:13:09.902,8.492,63rd_WaterTempDrop_85,atomic,[63rd_WaterTempDrop_85],[1.0000],1,1,1.0000,[[63rdStreetBeach201505202000_Water_Temperature]]
2025-10-15 19:13:09.963,8.553,Montrose_WaterTempDrop_85,atomic,[Montrose_WaterTempDrop_85],[1.0000],1,1,1.0000,[[MontroseBeach201505202100_Water_Temperature]]
2025-10-15 19:13:09.965,8.555,Calumet_WaterTempDrop_85,atomic,[Calumet_WaterTempDrop_85],[1.0000],1,1,1.0000,[[CalumetBeach201505202100_Water_Temperature]]
2025-10-15 19:13:09.965,8.555,63rd_WaterTempDrop_85,atomic,[63rd_WaterTempDrop_85],[1.0000],1,1,1.0000,[[63rdStreetBeach201505202100_Water_Temperature]]
2025-10-15 19:13:10.021,8.611,Montrose_WaterTempDrop_85,atomic,[Montrose_WaterTempDrop_85],[1.0000],1,1,1.0000,[[MontroseBeach201505202200_Water_Temperature]]
2025-10-15 19:13:10.023,8.613,Calumet_WaterTempDrop_85,atomic,[Calumet_WaterTempDrop_85],[1.0000],1,1,1.0000,[[CalumetBeach201505202200_Water_Temperature]]
2025-10-15 19:13:10.085,8.675,Calumet_WaterTempDrop_85,atomic,[Calumet_WaterTempDrop_85],[1.0000],1,1,1.0000,[[CalumetBeach201505202300_Water_Temperature]]
2025-10-15 19:13:10.086,8.676,63rd_WaterTempDrop_85,atomic,[63rd_WaterTempDrop_85],[1.0000],1,1,1.0000,[[63rdStreetBeach201505202300_Water_Temperature]]
2025-10-15 19:13:10.087,8.677,Montrose_WaterTempDrop_85,atomic,[Montrose_WaterTempDrop_85],[1.0000],1,1,1.0000,[[MontroseBeach201505202300_Water_Temperature]]
2025-10-15 19:13:10.147,8.737,Montrose_WaterTempDrop_85,atomic,[Montrose_WaterTempDrop_85],[1.0000],1,1,1.0000,[[MontroseBeach201505212400_Water_Temperature]]
2025-10-15 19:13:10.151,8.741,63rd_WaterTempDrop_85,atomic,[63rd_WaterTempDrop_85],[1.0000],1,1,1.0000,[[63rdStreetBeach201505212400_Water_Temperature]]
2025-10-15 19:13:10.151,8.741,Calumet_WaterTempDrop_85,atomic,[Calumet_WaterTempDrop_85],[1.0000],1,1,1.0000,[[CalumetBeach201505212400_Water_Temperature]]
2025-10-15 19:13:10.209,8.799,63rd_WaterTempDrop_85,atomic,[63rd_WaterTempDrop_85],[1.0000],1,1,1.0000,[[63rdStreetBeach201505210100_Water_Temperature]]
2025-10-15 19:13:10.212,8.802,Montrose_WaterTempDrop_85,atomic,[Montrose_WaterTempDrop_85],[1.0000],1,1,1.0000,[[MontroseBeach201505210100_Water_Temperature]]
2025-10-15 19:13:10.212,8.802,Calumet_WaterTempDrop_85,atomic,[Calumet_WaterTempDrop_85],[1.0000],1,1,1.0000,[[CalumetBeach201505210100_Water_Temperature]]
2025-10-15 19:13:10.276,8.866,Calumet_WaterTempDrop_85,atomic,[Calumet_WaterTempDrop_85],[1.0000],1,1,1.0000,[[CalumetBeach201505210200_Water_Temperature]]
2025-10-15 19:13:10.277,8.867,63rd_WaterTempDrop_85,atomic,[63rd_WaterTempDrop_85],[1.0000],1,1,1.0000,[[63rdStreetBeach201505210200_Water_Temperature]]
2025-10-15 19:13:10.278,8.868,Montrose_WaterTempDrop_85,atomic,[Montrose_WaterTempDrop_85],[1.0000],1,1,1.0000,[[MontroseBeach201505210200_Water_Temperature]]
2025-10-15 19:13:10.336,8.926,Montrose_WaterTempDrop_85,atomic,[Montrose_WaterTempDrop_85],[1.0000],1,1,1.0000,[[MontroseBeach201505210300_Water_Temperature]]
2025-10-15 19:13:10.338,8.928,63rd_WaterTempDrop_85,atomic,[63rd_WaterTempDrop_85],[1.0000],1,1,1.0000,[[63rdStreetBeach201505210300_Water_Temperature]]
2025-10-15 19:13:10.339,8.929,Calumet_WaterTempDrop_85,atomic,[Calumet_WaterTempDrop_85],[1.0000],1,1,1.0000,[[CalumetBeach201505210300_Water_Temperature]]
2025-10-15 19:13:10.398,8.988,Calumet_WaterTempDrop_85,atomic,[Calumet_WaterTempDrop_85],[1.0000],1,1,1.0000,[[CalumetBeach201505210400_Water_Temperature]]
2025-10-15 19:13:10.401,8.991,Montrose_WaterTempDrop_85,atomic,[Montrose_WaterTempDrop_85],[1.0000],1,1,1.0000,[[MontroseBeach201505210400_Water_Temperature]]
2025-10-15 19:13:10.401,8.991,63rd_WaterTempDrop_85,atomic,[63rd_WaterTempDrop_85],[1.0000],1,1,1.0000,[[63rdStreetBeach201505210400_Water_Temperature]]
2025-10-15 19:13:10.461,9.051,63rd_WaterTempDrop_85,atomic,[63rd_WaterTempDrop_85],[1.0000],1,1,1.0000,[[63rdStreetBeach201505210500_Water_Temperature]]
2025-10-15 19:13:10.462,9.052,Montrose_WaterTempDrop_85,atomic,[Montrose_WaterTempDrop_85],[1.0000],1,1,1.0000,[[MontroseBeach201505210500_Water_Temperature]]
2025-10-15 19:13:10.464,9.054,Calumet_WaterTempDrop_85,atomic,[Calumet_WaterTempDrop_85],[1.0000],1,1,1.0000,[[CalumetBeach201505210500_Water_Temperature]]
2025-10-15 19:13:10.524,9.114,63rd_WaterTempDrop_85,atomic,[63rd_WaterTempDrop_85],[1.0000],1,1,1.0000,[[63rdStreetBeach201505210600_Water_Temperature]]
2025-10-15 19:13:10.525,9.115,Montrose_WaterTempDrop_85,atomic,[Montrose_WaterTempDrop_85],[1.0000],1,1,1.0000,[[MontroseBeach201505210600_Water_Temperature]]
2025-10-15 19:13:10.526,9.116,Calumet_WaterTempDrop_85,atomic,[Calumet_WaterTempDrop_85],[1.0000],1,1,1.0000,[[CalumetBeach201505210600_Water_Temperature]]
2025-10-15 19:13:10.586,9.176,Montrose_WaterTempDrop_85,atomic,[Montrose_WaterTempDrop_85],[1.0000],1,1,1.0000,[[MontroseBeach201505210700_Water_Temperature]]
2025-10-15 19:13:10.588,9.178,63rd_WaterTempDrop_85,atomic,[63rd_WaterTempDrop_85],[1.0000],1,1,1.0000,[[63rdStreetBeach201505210700_Water_Temperature]]
2025-10-15 19:13:10.589,9.179,Calumet_WaterTempDrop_85,atomic,[Calumet_WaterTempDrop_85],[1.0000],1,1,1.0000,[[CalumetBeach201505210700_Water_Temperature]]
2025-10-15 19:13:10.649,9.239,Montrose_WaterTempDrop_85,atomic,[Montrose_WaterTempDrop_85],[1.0000],1,1,1.0000,[[MontroseBeach201505210800_Water_Temperature]]
2025-10-15 19:13:10.651,9.241,63rd_WaterTempDrop_85,atomic,[63rd_WaterTempDrop_85],[1.0000],1,1,1.0000,[[63rdStreetBeach201505210800_Water_Temperature]]
2025-10-15 19:13:10.653,9.243,Calumet_WaterTempDrop_85,atomic,[Calumet_WaterTempDrop_85],[1.0000],1,1,1.0000,[[CalumetBeach201505210800_Water_Temperature]]
2025-10-15 19:13:10.712,9.302,Calumet_WaterTempDrop_85,atomic,[Calumet_WaterTempDrop_85],[1.0000],1,1,1.0000,[[CalumetBeach201505210900_Water_Temperature]]
2025-10-15 19:13:10.713,9.303,Montrose_WaterTempDrop_85,atomic,[Montrose_WaterTempDrop_85],[1.0000],1,1,1.0000,[[MontroseBeach201505210900_Water_Temperature]]
2025-10-15 19:13:10.713,9.303,63rd_WaterTempDrop_85,atomic,[63rd_WaterTempDrop_85],[1.0000],1,1,1.0000,[[63rdStreetBeach201505210900_Water_Temperature]]
2025-10-15 19:13:10.773,9.363,Montrose_WaterTempDrop_85,atomic,[Montrose_WaterTempDrop_85],[1.0000],1,1,1.0000,[[MontroseBeach201505211000_Water_Temperature]]
2025-10-15 19:13:10.774,9.364,Calumet_WaterTempDrop_85,atomic,[Calumet_WaterTempDrop_85],[1.0000],1,1,1.0000,[[CalumetBeach201505211000_Water_Temperature]]
2025-10-15 19:13:10.776,9.366,63rd_WaterTempDrop_85,atomic,[63rd_WaterTempDrop_85],[1.0000],1,1,1.0000,[[63rdStreetBeach201505211000_Water_Temperature]]
2025-10-15 19:13:10.835,9.425,63rd_WaterTempDrop_85,atomic,[63rd_WaterTempDrop_85],[1.0000],1,1,1.0000,[[63rdStreetBeach201505211100_Water_Temperature]]
2025-10-15 19:13:10.838,9.428,Calumet_WaterTempDrop_85,atomic,[Calumet_WaterTempDrop_85],[1.0000],1,1,1.0000,[[CalumetBeach201505211100_Water_Temperature]]
2025-10-15 19:13:10.839,9.429,Montrose_WaterTempDrop_85,atomic,[Montrose_WaterTempDrop_85],[1.0000],1,1,1.0000,[[MontroseBeach201505211100_Water_Temperature]]
2025-10-15 19:13:10.899,9.489,Calumet_WaterTempDrop_85,atomic,[Calumet_WaterTempDrop_85],[1.0000],1,1,1.0000,[[CalumetBeach201505211200_Water_Temperature]]
2025-10-15 19:13:10.901,9.491,63rd_WaterTempDrop_85,atomic,[63rd_WaterTempDrop_85],[1.0000],1,1,1.0000,[[63rdStreetBeach201505211200_Water_Temperature]]
2025-10-15 19:13:10.902,9.492,Montrose_WaterTempDrop_85,atomic,[Montrose_WaterTempDrop_85],[1.0000],1,1,1.0000,[[MontroseBeach201505211200_Water_Temperature]]
2025-10-15 19:13:10.960,9.550,Calumet_WaterTempDrop_85,atomic,[Calumet_WaterTempDrop_85],[1.0000],1,1,1.0000,[[CalumetBeach201505211300_Water_Temperature]]
2025-10-15 19:13:10.962,9.552,Montrose_WaterTempDrop_85,atomic,[Montrose_WaterTempDrop_85],[1.0000],1,1,1.0000,[[MontroseBeach201505211300_Water_Temperature]]
2025-10-15 19:13:11.020,9.610,Montrose_WaterTempDrop_85,atomic,[Montrose_WaterTempDrop_85],[1.0000],1,1,1.0000,[[MontroseBeach201505211400_Water_Temperature]]
2025-10-15 19:13:11.023,9.613,Calumet_WaterTempDrop_85,atomic,[Calumet_WaterTempDrop_85],[1.0000],1,1,1.0000,[[CalumetBeach201505211400_Water_Temperature]]
2025-10-15 19:13:11.083,9.673,Montrose_WaterTempDrop_85,atomic,[Montrose_WaterTempDrop_85],[0.9614],1,1,0.9614,[[MontroseBeach201505211500_Water_Temperature]]
2025-10-15 19:13:11.084,9.674,63rd_WaterTempDrop_85,atomic,[63rd_WaterTempDrop_85],[1.0000],1,1,1.0000,[[63rdStreetBeach201505211500_Water_Temperature]]
2025-10-15 19:13:11.087,9.677,Calumet_WaterTempDrop_85,atomic,[Calumet_WaterTempDrop_85],[1.0000],1,1,1.0000,[[CalumetBeach201505211500_Water_Temperature]]
2025-10-15 19:13:11.144,9.734,Montrose_WaterTempDrop_85,atomic,[Montrose_WaterTempDrop_85],[1.0000],1,1,1.0000,[[MontroseBeach201505211600_Water_Temperature]]
2025-10-15 19:13:11.145,9.735,Calumet_WaterTempDrop_85,atomic,[Calumet_WaterTempDrop_85],[1.0000],1,1,1.0000,[[CalumetBeach201505211600_Water_Temperature]]
2025-10-15 19:13:11.208,9.798,Montrose_WaterTempDrop_85,atomic,[Montrose_WaterTempDrop_85],[1.0000],1,1,1.0000,[[MontroseBeach201505211700_Water_Temperature]]
2025-10-15 19:13:11.209,9.799,Calumet_WaterTempDrop_85,atomic,[Calumet_WaterTempDrop_85],[1.0000],1,1,1.0000,[[CalumetBeach201505211700_Water_Temperature]]
2025-10-15 19:13:11.210,9.800,63rd_WaterTempDrop_85,atomic,[63rd_WaterTempDrop_85],[1.0000],1,1,1.0000,[[63rdStreetBeach201505211700_Water_Temperature]]
2025-10-15 19:13:11.266,9.856,63rd_WaterTempDrop_85,atomic,[63rd_WaterTempDrop_85],[1.0000],1,1,1.0000,[[63rdStreetBeach201505211800_Water_Temperature]]
2025-10-15 19:13:11.267,9.857,Calumet_WaterTempDrop_85,atomic,[Calumet_WaterTempDrop_85],[1.0000],1,1,1.0000,[[CalumetBeach201505211800_Water_Temperature]]
2025-10-15 19:13:11.268,9.858,Montrose_WaterTempDrop_85,atomic,[Montrose_WaterTempDrop_85],[1.0000],1,1,1.0000,[[MontroseBeach201505211800_Water_Temperature]]
2025-10-15 19:13:11.331,9.921,63rd_WaterTempDrop_85,atomic,[63rd_WaterTempDrop_85],[1.0000],1,1,1.0000,[[63rdStreetBeach201505211900_Water_Temperature]]
2025-10-15 19:13:11.332,9.922,Montrose_WaterTempDrop_85,atomic,[Montrose_WaterTempDrop_85],[1.0000],1,1,1.0000,[[MontroseBeach201505211900_Water_Temperature]]
2025-10-15 19:13:11.334,9.924,Calumet_WaterTempDrop_85,atomic,[Calumet_WaterTempDrop_85],[1.0000],1,1,1.0000,[[CalumetBeach201505211900_Water_Temperature]]
2025-10-15 19:13:11.393,9.983,63rd_WaterTempDrop_85,atomic,[63rd_WaterTempDrop_85],[1.0000],1,1,1.0000,[[63rdStreetBeach201505212000_Water_Temperature]]
2025-10-15 19:13:11.393,9.983,Calumet_WaterTempDrop_85,atomic,[Calumet_WaterTempDrop_85],[1.0000],1,1,1.0000,[[CalumetBeach201505212000_Water_Temperature]]
2025-10-15 19:13:11.393,9.983,Montrose_WaterTempDrop_85,atomic,[Montrose_WaterTempDrop_85],[1.0000],1,1,1.0000,[[MontroseBeach201505212000_Water_Temperature]]
2025-10-15 19:13:11.454,10.044,63rd_WaterTempDrop_85,atomic,[63rd_WaterTempDrop_85],[1.0000],1,1,1.0000,[[63rdStreetBeach201505212100_Water_Temperature]]
2025-10-15 19:13:11.456,10.046,Calumet_WaterTempDrop_85,atomic,[Calumet_WaterTempDrop_85],[1.0000],1,1,1.0000,[[CalumetBeach201505212100_Water_Temperature]]
2025-10-15 19:13:11.458,10.048,Montrose_WaterTempDrop_85,atomic,[Montrose_WaterTempDrop_85],[1.0000],1,1,1.0000,[[MontroseBeach201505212100_Water_Temperature]]
2025-10-15 19:13:11.515,10.105,Calumet_WaterTempDrop_85,atomic,[Calumet_WaterTempDrop_85],[1.0000],1,1,1.0000,[[CalumetBeach201505212200_Water_Temperature]]
2025-10-15 19:13:11.518,10.108,Montrose_WaterTempDrop_85,atomic,[Montrose_WaterTempDrop_85],[1.0000],1,1,1.0000,[[MontroseBeach201505212200_Water_Temperature]]
2025-10-15 19:13:11.519,10.109,63rd_WaterTempDrop_85,atomic,[63rd_WaterTempDrop_85],[1.0000],1,1,1.0000,[[63rdStreetBeach201505212200_Water_Temperature]]
2025-10-15 19:13:11.579,10.169,63rd_WaterTempDrop_85,atomic,[63rd_WaterTempDrop_85],[1.0000],1,1,1.0000,[[63rdStreetBeach201505212300_Water_Temperature]]
2025-10-15 19:13:11.582,10.172,Montrose_WaterTempDrop_85,atomic,[Montrose_WaterTempDrop_85],[1.0000],1,1,1.0000,[[MontroseBeach201505212300_Water_Temperature]]
2025-10-15 19:13:11.582,10.172,Calumet_WaterTempDrop_85,atomic,[Calumet_WaterTempDrop_85],[1.0000],1,1,1.0000,[[CalumetBeach201505212300_Water_Temperature]]
2025-10-15 19:13:11.640,10.230,63rd_WaterTempDrop_85,atomic,[63rd_WaterTempDrop_85],[1.0000],1,1,1.0000,[[63rdStreetBeach201505222400_Water_Temperature]]
2025-10-15 19:13:11.642,10.232,Calumet_WaterTempDrop_85,atomic,[Calumet_WaterTempDrop_85],[1.0000],1,1,1.0000,[[CalumetBeach201505222400_Water_Temperature]]
2025-10-15 19:13:11.643,10.233,Montrose_WaterTempDrop_85,atomic,[Montrose_WaterTempDrop_85],[1.0000],1,1,1.0000,[[MontroseBeach201505222400_Water_Temperature]]
2025-10-15 19:13:11.705,10.295,Calumet_WaterTempDrop_85,atomic,[Calumet_WaterTempDrop_85],[1.0000],1,1,1.0000,[[CalumetBeach201505220100_Water_Temperature]]
2025-10-15 19:13:11.706,10.296,63rd_WaterTempDrop_85,atomic,[63rd_WaterTempDrop_85],[1.0000],1,1,1.0000,[[63rdStreetBeach201505220100_Water_Temperature]]
2025-10-15 19:13:11.707,10.297,Montrose_WaterTempDrop_85,atomic,[Montrose_WaterTempDrop_85],[1.0000],1,1,1.0000,[[MontroseBeach201505220100_Water_Temperature]]
2025-10-15 19:13:11.765,10.355,Montrose_WaterTempDrop_85,atomic,[Montrose_WaterTempDrop_85],[0.9666],1,1,0.9666,[[MontroseBeach201505220200_Water_Temperature]]
2025-10-15 19:13:11.765,10.355,63rd_WaterTempDrop_85,atomic,[63rd_WaterTempDrop_85],[1.0000],1,1,1.0000,[[63rdStreetBeach201505220200_Water_Temperature]]
2025-10-15 19:13:11.767,10.357,Calumet_WaterTempDrop_85,atomic,[Calumet_WaterTempDrop_85],[1.0000],1,1,1.0000,[[CalumetBeach201505220200_Water_Temperature]]
2025-10-15 19:13:11.830,10.420,Montrose_WaterTempDrop_85,atomic,[Montrose_WaterTempDrop_85],[1.0000],1,1,1.0000,[[MontroseBeach201505220300_Water_Temperature]]
2025-10-15 19:13:11.831,10.421,Calumet_WaterTempDrop_85,atomic,[Calumet_WaterTempDrop_85],[1.0000],1,1,1.0000,[[CalumetBeach201505220300_Water_Temperature]]
2025-10-15 19:13:11.832,10.422,63rd_WaterTempDrop_85,atomic,[63rd_WaterTempDrop_85],[1.0000],1,1,1.0000,[[63rdStreetBeach201505220300_Water_Temperature]]
2025-10-15 19:13:11.892,10.482,Montrose_WaterTempDrop_85,atomic,[Montrose_WaterTempDrop_85],[1.0000],1,1,1.0000,[[MontroseBeach201505220400_Water_Temperature]]
2025-10-15 19:13:11.894,10.484,Calumet_WaterTempDrop_85,atomic,[Calumet_WaterTempDrop_85],[1.0000],1,1,1.0000,[[CalumetBeach201505220400_Water_Temperature]]
2025-10-15 19:13:11.894,10.484,63rd_WaterTempDrop_85,atomic,[63rd_WaterTempDrop_85],[1.0000],1,1,1.0000,[[63rdStreetBeach201505220400_Water_Temperature]]
2025-10-15 19:13:11.952,10.542,Montrose_WaterTempDrop_85,atomic,[Montrose_WaterTempDrop_85],[1.0000],1,1,1.0000,[[MontroseBeach201505220500_Water_Temperature]]
2025-10-15 19:13:11.955,10.545,63rd_WaterTempDrop_85,atomic,[63rd_WaterTempDrop_85],[1.0000],1,1,1.0000,[[63rdStreetBeach201505220500_Water_Temperature]]
2025-10-15 19:13:11.955,10.545,Calumet_WaterTempDrop_85,atomic,[Calumet_WaterTempDrop_85],[1.0000],1,1,1.0000,[[CalumetBeach201505220500_Water_Temperature]]
2025-10-15 19:13:12.020,10.610,63rd_WaterTempDrop_85,atomic,[63rd_WaterTempDrop_85],[1.0000],1,1,1.0000,[[63rdStreetBeach201505220600_Water_Temperature]]
2025-10-15 19:13:12.023,10.613,Montrose_WaterTempDrop_85,atomic,[Montrose_WaterTempDrop_85],[1.0000],1,1,1.0000,[[MontroseBeach201505220600_Water_Temperature]]
2025-10-15 19:13:12.024,10.614,Calumet_WaterTempDrop_85,atomic,[Calumet_WaterTempDrop_85],[1.0000],1,1,1.0000,[[CalumetBeach201505220600_Water_Temperature]]
2025-10-15 19:13:12.090,10.680,63rd_WaterTempDrop_85,atomic,[63rd_WaterTempDrop_85],[1.0000],1,1,1.0000,[[63rdStreetBeach201505220700_Water_Temperature]]
2025-10-15 19:13:12.092,10.682,Montrose_WaterTempDrop_85,atomic,[Montrose_WaterTempDrop_85],[1.0000],1,1,1.0000,[[MontroseBeach201505220700_Water_Temperature]]
2025-10-15 19:13:12.093,10.683,Calumet_WaterTempDrop_85,atomic,[Calumet_WaterTempDrop_85],[1.0000],1,1,1.0000,[[CalumetBeach201505220700_Water_Temperature]]
2025-10-15 19:13:12.153,10.743,Montrose_WaterTempDrop_85,atomic,[Montrose_WaterTempDrop_85],[1.0000],1,1,1.0000,[[MontroseBeach201505220800_Water_Temperature]]
2025-10-15 19:13:12.153,10.743,Calumet_WaterTempDrop_85,atomic,[Calumet_WaterTempDrop_85],[1.0000],1,1,1.0000,[[CalumetBeach201505220800_Water_Temperature]]
2025-10-15 19:13:12.163,10.753,63rd_WaterTempDrop_85,atomic,[63rd_WaterTempDrop_85],[1.0000],1,1,1.0000,[[63rdStreetBeach201505220800_Water_Temperature]]
2025-10-15 19:13:12.216,10.806,63rd_WaterTempDrop_85,atomic,[63rd_WaterTempDrop_85],[1.0000],1,1,1.0000,[[63rdStreetBeach201505220900_Water_Temperature]]
2025-10-15 19:13:12.217,10.807,Montrose_WaterTempDrop_85,atomic,[Montrose_WaterTempDrop_85],[1.0000],1,1,1.0000,[[MontroseBeach201505220900_Water_Temperature]]
2025-10-15 19:13:12.217,10.807,Calumet_WaterTempDrop_85,atomic,[Calumet_WaterTempDrop_85],[1.0000],1,1,1.0000,[[CalumetBeach201505220900_Water_Temperature]]
2025-10-15 19:13:12.276,10.866,Montrose_WaterTempDrop_85,atomic,[Montrose_WaterTempDrop_85],[1.0000],1,1,1.0000,[[MontroseBeach201505221000_Water_Temperature]]
2025-10-15 19:13:12.277,10.867,Calumet_WaterTempDrop_85,atomic,[Calumet_WaterTempDrop_85],[1.0000],1,1,1.0000,[[CalumetBeach201505221000_Water_Temperature]]
2025-10-15 19:13:12.280,10.870,63rd_WaterTempDrop_85,atomic,[63rd_WaterTempDrop_85],[1.0000],1,1,1.0000,[[63rdStreetBeach201505221000_Water_Temperature]]
2025-10-15 19:13:12.340,10.930,63rd_WaterTempDrop_85,atomic,[63rd_WaterTempDrop_85],[1.0000],1,1,1.0000,[[63rdStreetBeach201505221100_Water_Temperature]]
2025-10-15 19:13:12.343,10.933,Montrose_WaterTempDrop_85,atomic,[Montrose_WaterTempDrop_85],[1.0000],1,1,1.0000,[[MontroseBeach201505221100_Water_Temperature]]
2025-10-15 19:13:12.344,10.934,Calumet_WaterTempDrop_85,atomic,[Calumet_WaterTempDrop_85],[1.0000],1,1,1.0000,[[CalumetBeach201505221100_Water_Temperature]]
2025-10-15 19:13:12.404,10.994,Calumet_WaterTempDrop_85,atomic,[Calumet_WaterTempDrop_85],[1.0000],1,1,1.0000,[[CalumetBeach201505221200_Water_Temperature]]
2025-10-15 19:13:12.407,10.997,63rd_WaterTempDrop_85,atomic,[63rd_WaterTempDrop_85],[1.0000],1,1,1.0000,[[63rdStreetBeach201505221200_Water_Temperature]]
2025-10-15 19:13:12.407,10.997,Montrose_WaterTempDrop_85,atomic,[Montrose_WaterTempDrop_85],[1.0000],1,1,1.0000,[[MontroseBeach201505221200_Water_Temperature]]
2025-10-15 19:13:12.467,11.057,Calumet_WaterTempDrop_85,atomic,[Calumet_WaterTempDrop_85],[1.0000],1,1,1.0000,[[CalumetBeach201505221300_Water_Temperature]]
2025-10-15 19:13:12.468,11.058,63rd_WaterTempDrop_85,atomic,[63rd_WaterTempDrop_85],[1.0000],1,1,1.0000,[[63rdStreetBeach201505221300_Water_Temperature]]
2025-10-15 19:13:12.470,11.060,Montrose_WaterTempDrop_85,atomic,[Montrose_WaterTempDrop_85],[1.0000],1,1,1.0000,[[MontroseBeach201505221300_Water_Temperature]]
2025-10-15 19:13:12.529,11.119,Montrose_WaterTempDrop_85,atomic,[Montrose_WaterTempDrop_85],[1.0000],1,1,1.0000,[[MontroseBeach201505221400_Water_Temperature]]
2025-10-15 19:13:12.529,11.119,Calumet_WaterTempDrop_85,atomic,[Calumet_WaterTempDrop_85],[1.0000],1,1,1.0000,[[CalumetBeach201505221400_Water_Temperature]]
2025-10-15 19:13:12.590,11.180,Montrose_WaterTempDrop_85,atomic,[Montrose_WaterTempDrop_85],[1.0000],1,1,1.0000,[[MontroseBeach201505221500_Water_Temperature]]
2025-10-15 19:13:12.593,11.183,Calumet_WaterTempDrop_85,atomic,[Calumet_WaterTempDrop_85],[1.0000],1,1,1.0000,[[CalumetBeach201505221500_Water_Temperature]]
2025-10-15 19:13:12.595,11.185,63rd_WaterTempDrop_85,atomic,[63rd_WaterTempDrop_85],[1.0000],1,1,1.0000,[[63rdStreetBeach201505221500_Water_Temperature]]
2025-10-15 19:13:12.654,11.244,Montrose_WaterTempDrop_85,atomic,[Montrose_WaterTempDrop_85],[1.0000],1,1,1.0000,[[MontroseBeach201505221600_Water_Temperature]]
2025-10-15 19:13:12.655,11.245,Calumet_WaterTempDrop_85,atomic,[Calumet_WaterTempDrop_85],[1.0000],1,1,1.0000,[[CalumetBeach201505221600_Water_Temperature]]
2025-10-15 19:13:12.655,11.245,63rd_WaterTempDrop_85,atomic,[63rd_WaterTempDrop_85],[1.0000],1,1,1.0000,[[63rdStreetBeach201505221600_Water_Temperature]]
2025-10-15 19:13:12.714,11.304,Montrose_WaterTempDrop_85,atomic,[Montrose_WaterTempDrop_85],[0.9713],1,1,0.9713,[[MontroseBeach201505221700_Water_Temperature]]
2025-10-15 19:13:12.717,11.307,Calumet_WaterTempDrop_85,atomic,[Calumet_WaterTempDrop_85],[1.0000],1,1,1.0000,[[CalumetBeach201505221700_Water_Temperature]]
2025-10-15 19:13:12.718,11.308,63rd_WaterTempDrop_85,atomic,[63rd_WaterTempDrop_85],[1.0000],1,1,1.0000,[[63rdStreetBeach201505221700_Water_Temperature]]
2025-10-15 19:13:12.778,11.368,Montrose_WaterTempDrop_85,atomic,[Montrose_WaterTempDrop_85],[1.0000],1,1,1.0000,[[MontroseBeach201505221800_Water_Temperature]]
2025-10-15 19:13:12.778,11.368,63rd_WaterTempDrop_85,atomic,[63rd_WaterTempDrop_85],[1.0000],1,1,1.0000,[[63rdStreetBeach201505221800_Water_Temperature]]
2025-10-15 19:13:12.779,11.369,Calumet_WaterTempDrop_85,atomic,[Calumet_WaterTempDrop_85],[1.0000],1,1,1.0000,[[CalumetBeach201505221800_Water_Temperature]]
2025-10-15 19:13:12.841,11.431,Calumet_WaterTempDrop_85,atomic,[Calumet_WaterTempDrop_85],[1.0000],1,1,1.0000,[[CalumetBeach201505221900_Water_Temperature]]
2025-10-15 19:13:12.842,11.432,Montrose_WaterTempDrop_85,atomic,[Montrose_WaterTempDrop_85],[1.0000],1,1,1.0000,[[MontroseBeach201505221900_Water_Temperature]]
2025-10-15 19:13:12.903,11.493,Calumet_WaterTempDrop_85,atomic,[Calumet_WaterTempDrop_85],[1.0000],1,1,1.0000,[[CalumetBeach201505222000_Water_Temperature]]
2025-10-15 19:13:12.904,11.494,63rd_WaterTempDrop_85,atomic,[63rd_WaterTempDrop_85],[1.0000],1,1,1.0000,[[63rdStreetBeach201505222000_Water_Temperature]]
2025-10-15 19:13:12.907,11.497,Montrose_WaterTempDrop_85,atomic,[Montrose_WaterTempDrop_85],[1.0000],1,1,1.0000,[[MontroseBeach201505222000_Water_Temperature]]
2025-10-15 19:13:12.964,11.554,Montrose_WaterTempDrop_85,atomic,[Montrose_WaterTempDrop_85],[0.9697],1,1,0.9697,[[MontroseBeach201505222100_Water_Temperature]]
2025-10-15 19:13:12.966,11.556,Calumet_WaterTempDrop_85,atomic,[Calumet_WaterTempDrop_85],[1.0000],1,1,1.0000,[[CalumetBeach201505222100_Water_Temperature]]
2025-10-15 19:13:12.967,11.557,63rd_WaterTempDrop_85,atomic,[63rd_WaterTempDrop_85],[1.0000],1,1,1.0000,[[63rdStreetBeach201505222100_Water_Temperature]]
2025-10-15 19:13:13.028,11.618,Montrose_WaterTempDrop_85,atomic,[Montrose_WaterTempDrop_85],[1.0000],1,1,1.0000,[[MontroseBeach201505222200_Water_Temperature]]
2025-10-15 19:13:13.030,11.620,Calumet_WaterTempDrop_85,atomic,[Calumet_WaterTempDrop_85],[1.0000],1,1,1.0000,[[CalumetBeach201505222200_Water_Temperature]]
2025-10-15 19:13:13.090,11.680,Calumet_WaterTempDrop_85,atomic,[Calumet_WaterTempDrop_85],[1.0000],1,1,1.0000,[[CalumetBeach201505230800_Water_Temperature]]
2025-10-15 19:13:13.095,11.685,63rd_WaterTempDrop_85,atomic,[63rd_WaterTempDrop_85],[1.0000],1,1,1.0000,[[63rdStreetBeach201505230800_Water_Temperature]]
2025-10-15 19:13:13.096,11.686,Montrose_WaterTempDrop_85,atomic,[Montrose_WaterTempDrop_85],[1.0000],1,1,1.0000,[[MontroseBeach201505230800_Water_Temperature]]
2025-10-15 19:13:13.154,11.744,Calumet_WaterTempDrop_85,atomic,[Calumet_WaterTempDrop_85],[1.0000],1,1,1.0000,[[CalumetBeach201505230900_Water_Temperature]]
2025-10-15 19:13:13.155,11.745,63rd_WaterTempDrop_85,atomic,[63rd_WaterTempDrop_85],[1.0000],1,1,1.0000,[[63rdStreetBeach201505230900_Water_Temperature]]
2025-10-15 19:13:13.156,11.746,Montrose_WaterTempDrop_85,atomic,[Montrose_WaterTempDrop_85],[1.0000],1,1,1.0000,[[MontroseBeach201505230900_Water_Temperature]]
2025-10-15 19:13:13.215,11.805,63rd_WaterTempDrop_85,atomic,[63rd_WaterTempDrop_85],[0.9717],1,1,0.9717,[[63rdStreetBeach201505231000_Water_Temperature]]
2025-10-15 19:13:13.219,11.809,Calumet_WaterTempDrop_85,atomic,[Calumet_WaterTempDrop_85],[1.0000],1,1,1.0000,[[CalumetBeach201505231000_Water_Temperature]]
2025-10-15 19:13:13.219,11.809,Montrose_WaterTempDrop_85,atomic,[Montrose_WaterTempDrop_85],[1.0000],1,1,1.0000,[[MontroseBeach201505231000_Water_Temperature]]
2025-10-15 19:13:13.278,11.868,Montrose_WaterTempDrop_85,atomic,[Montrose_WaterTempDrop_85],[1.0000],1,1,1.0000,[[MontroseBeach201505231100_Water_Temperature]]
2025-10-15 19:13:13.279,11.869,63rd_WaterTempDrop_85,atomic,[63rd_WaterTempDrop_85],[1.0000],1,1,1.0000,[[63rdStreetBeach201505231100_Water_Temperature]]
2025-10-15 19:13:13.283,11.873,Calumet_WaterTempDrop_85,atomic,[Calumet_WaterTempDrop_85],[1.0000],1,1,1.0000,[[CalumetBeach201505231100_Water_Temperature]]
2025-10-15 19:13:13.340,11.930,Calumet_WaterTempDrop_85,atomic,[Calumet_WaterTempDrop_85],[1.0000],1,1,1.0000,[[CalumetBeach201505231200_Water_Temperature]]
2025-10-15 19:13:13.341,11.931,Montrose_WaterTempDrop_85,atomic,[Montrose_WaterTempDrop_85],[1.0000],1,1,1.0000,[[MontroseBeach201505231200_Water_Temperature]]
2025-10-15 19:13:13.344,11.934,63rd_WaterTempDrop_85,atomic,[63rd_WaterTempDrop_85],[1.0000],1,1,1.0000,[[63rdStreetBeach201505231200_Water_Temperature]]
2025-10-15 19:13:13.418,12.008,Montrose_WaterTempDrop_85,atomic,[Montrose_WaterTempDrop_85],[1.0000],1,1,1.0000,[[MontroseBeach201505231300_Water_Temperature]]
2025-10-15 19:13:13.419,12.009,Calumet_WaterTempDrop_85,atomic,[Calumet_WaterTempDrop_85],[1.0000],1,1,1.0000,[[CalumetBeach201505231300_Water_Temperature]]
2025-10-15 19:13:13.464,12.054,63rd_WaterTempDrop_85,atomic,[63rd_WaterTempDrop_85],[0.9694],1,1,0.9694,[[63rdStreetBeach201505231400_Water_Temperature]]
2025-10-15 19:13:13.467,12.057,Calumet_WaterTempDrop_85,atomic,[Calumet_WaterTempDrop_85],[1.0000],1,1,1.0000,[[CalumetBeach201505231400_Water_Temperature]]
2025-10-15 19:13:13.469,12.059,Montrose_WaterTempDrop_85,atomic,[Montrose_WaterTempDrop_85],[1.0000],1,1,1.0000,[[MontroseBeach201505231400_Water_Temperature]]
2025-10-15 19:13:13.528,12.118,63rd_WaterTempDrop_85,atomic,[63rd_WaterTempDrop_85],[1.0000],1,1,1.0000,[[63rdStreetBeach201505231500_Water_Temperature]]
2025-10-15 19:13:13.530,12.120,Montrose_WaterTempDrop_85,atomic,[Montrose_WaterTempDrop_85],[1.0000],1,1,1.0000,[[MontroseBeach201505231500_Water_Temperature]]
2025-10-15 19:13:13.532,12.122,Calumet_WaterTempDrop_85,atomic,[Calumet_WaterTempDrop_85],[1.0000],1,1,1.0000,[[CalumetBeach201505231500_Water_Temperature]]
2025-10-15 19:13:13.591,12.181,Montrose_WaterTempDrop_85,atomic,[Montrose_WaterTempDrop_85],[1.0000],1,1,1.0000,[[MontroseBeach201505231600_Water_Temperature]]
2025-10-15 19:13:13.594,12.184,Calumet_WaterTempDrop_85,atomic,[Calumet_WaterTempDrop_85],[1.0000],1,1,1.0000,[[CalumetBeach201505231600_Water_Temperature]]
2025-10-15 19:13:13.594,12.184,63rd_WaterTempDrop_85,atomic,[63rd_WaterTempDrop_85],[1.0000],1,1,1.0000,[[63rdStreetBeach201505231600_Water_Temperature]]
2025-10-15 19:13:13.652,12.242,Calumet_WaterTempDrop_85,atomic,[Calumet_WaterTempDrop_85],[1.0000],1,1,1.0000,[[CalumetBeach201505231700_Water_Temperature]]
2025-10-15 19:13:13.653,12.243,Montrose_WaterTempDrop_85,atomic,[Montrose_WaterTempDrop_85],[1.0000],1,1,1.0000,[[MontroseBeach201505231700_Water_Temperature]]
2025-10-15 19:13:13.656,12.246,63rd_WaterTempDrop_85,atomic,[63rd_WaterTempDrop_85],[1.0000],1,1,1.0000,[[63rdStreetBeach201505231700_Water_Temperature]]
2025-10-15 19:13:13.712,12.302,Montrose_WaterTempDrop_85,atomic,[Montrose_WaterTempDrop_85],[1.0000],1,1,1.0000,[[MontroseBeach201505231800_Water_Temperature]]
2025-10-15 19:13:13.714,12.304,Calumet_WaterTempDrop_85,atomic,[Calumet_WaterTempDrop_85],[1.0000],1,1,1.0000,[[CalumetBeach201505231800_Water_Temperature]]
2025-10-15 19:13:13.716,12.306,63rd_WaterTempDrop_85,atomic,[63rd_WaterTempDrop_85],[1.0000],1,1,1.0000,[[63rdStreetBeach201505231800_Water_Temperature]]
2025-10-15 19:13:13.775,12.365,Calumet_WaterTempDrop_85,atomic,[Calumet_WaterTempDrop_85],[1.0000],1,1,1.0000,[[CalumetBeach201505231900_Water_Temperature]]
2025-10-15 19:13:13.775,12.365,Montrose_WaterTempDrop_85,atomic,[Montrose_WaterTempDrop_85],[1.0000],1,1,1.0000,[[MontroseBeach201505231900_Water_Temperature]]
2025-10-15 19:13:13.837,12.427,63rd_WaterTempDrop_85,atomic,[63rd_WaterTempDrop_85],[0.9694],1,1,0.9694,[[63rdStreetBeach201505232000_Water_Temperature]]
2025-10-15 19:13:13.841,12.431,Montrose_WaterTempDrop_85,atomic,[Montrose_WaterTempDrop_85],[0.9728],1,1,0.9728,[[MontroseBeach201505232000_Water_Temperature]]
2025-10-15 19:13:13.842,12.432,Calumet_WaterTempDrop_85,atomic,[Calumet_WaterTempDrop_85],[1.0000],1,1,1.0000,[[CalumetBeach201505232000_Water_Temperature]]
2025-10-15 19:13:13.914,12.504,63rd_WaterTempDrop_85,atomic,[63rd_WaterTempDrop_85],[1.0000],1,1,1.0000,[[63rdStreetBeach201505232100_Water_Temperature]]
2025-10-15 19:13:13.915,12.505,Calumet_WaterTempDrop_85,atomic,[Calumet_WaterTempDrop_85],[1.0000],1,1,1.0000,[[CalumetBeach201505232100_Water_Temperature]]
2025-10-15 19:13:13.916,12.506,Montrose_WaterTempDrop_85,atomic,[Montrose_WaterTempDrop_85],[1.0000],1,1,1.0000,[[MontroseBeach201505232100_Water_Temperature]]
2025-10-15 19:13:13.964,12.554,63rd_WaterTempDrop_85,atomic,[63rd_WaterTempDrop_85],[1.0000],1,1,1.0000,[[63rdStreetBeach201505232200_Water_Temperature]]
2025-10-15 19:13:13.965,12.555,Calumet_WaterTempDrop_85,atomic,[Calumet_WaterTempDrop_85],[1.0000],1,1,1.0000,[[CalumetBeach201505232200_Water_Temperature]]
2025-10-15 19:13:13.965,12.555,Montrose_WaterTempDrop_85,atomic,[Montrose_WaterTempDrop_85],[1.0000],1,1,1.0000,[[MontroseBeach201505232200_Water_Temperature]]
2025-10-15 19:13:14.025,12.615,Calumet_WaterTempDrop_85,atomic,[Calumet_WaterTempDrop_85],[0.9734],1,1,0.9734,[[CalumetBeach201505232300_Water_Temperature]]
2025-10-15 19:13:14.026,12.616,Montrose_WaterTempDrop_85,atomic,[Montrose_WaterTempDrop_85],[1.0000],1,1,1.0000,[[MontroseBeach201505232300_Water_Temperature]]
2025-10-15 19:13:14.029,12.619,63rd_WaterTempDrop_85,atomic,[63rd_WaterTempDrop_85],[1.0000],1,1,1.0000,[[63rdStreetBeach201505232300_Water_Temperature]]
2025-10-15 19:13:14.087,12.677,Calumet_WaterTempDrop_85,atomic,[Calumet_WaterTempDrop_85],[1.0000],1,1,1.0000,[[CalumetBeach201505242400_Water_Temperature]]
2025-10-15 19:13:14.089,12.679,Montrose_WaterTempDrop_85,atomic,[Montrose_WaterTempDrop_85],[1.0000],1,1,1.0000,[[MontroseBeach201505242400_Water_Temperature]]
2025-10-15 19:13:14.090,12.680,63rd_WaterTempDrop_85,atomic,[63rd_WaterTempDrop_85],[1.0000],1,1,1.0000,[[63rdStreetBeach201505242400_Water_Temperature]]
2025-10-15 19:13:14.148,12.738,63rd_WaterTempDrop_85,atomic,[63rd_WaterTempDrop_85],[1.0000],1,1,1.0000,[[63rdStreetBeach201505240200_Water_Temperature]]
2025-10-15 19:13:14.150,12.740,Montrose_WaterTempDrop_85,atomic,[Montrose_WaterTempDrop_85],[1.0000],1,1,1.0000,[[MontroseBeach201505240200_Water_Temperature]]
2025-10-15 19:13:14.151,12.741,Calumet_WaterTempDrop_85,atomic,[Calumet_WaterTempDrop_85],[1.0000],1,1,1.0000,[[CalumetBeach201505240200_Water_Temperature]]
2025-10-15 19:13:14.210,12.800,Calumet_WaterTempDrop_85,atomic,[Calumet_WaterTempDrop_85],[1.0000],1,1,1.0000,[[CalumetBeach201505240300_Water_Temperature]]
2025-10-15 19:13:14.210,12.800,63rd_WaterTempDrop_85,atomic,[63rd_WaterTempDrop_85],[1.0000],1,1,1.0000,[[63rdStreetBeach201505240300_Water_Temperature]]
2025-10-15 19:13:14.212,12.802,Montrose_WaterTempDrop_85,atomic,[Montrose_WaterTempDrop_85],[1.0000],1,1,1.0000,[[MontroseBeach201505240300_Water_Temperature]]
2025-10-15 19:13:14.271,12.861,Montrose_WaterTempDrop_85,atomic,[Montrose_WaterTempDrop_85],[1.0000],1,1,1.0000,[[MontroseBeach201505240400_Water_Temperature]]
2025-10-15 19:13:14.273,12.863,Calumet_WaterTempDrop_85,atomic,[Calumet_WaterTempDrop_85],[1.0000],1,1,1.0000,[[CalumetBeach201505240400_Water_Temperature]]
2025-10-15 19:13:14.274,12.864,63rd_WaterTempDrop_85,atomic,[63rd_WaterTempDrop_85],[1.0000],1,1,1.0000,[[63rdStreetBeach201505240400_Water_Temperature]]
2025-10-15 19:13:14.333,12.923,Calumet_WaterTempDrop_85,atomic,[Calumet_WaterTempDrop_85],[1.0000],1,1,1.0000,[[CalumetBeach201505240500_Water_Temperature]]
2025-10-15 19:13:14.334,12.924,Montrose_WaterTempDrop_85,atomic,[Montrose_WaterTempDrop_85],[1.0000],1,1,1.0000,[[MontroseBeach201505240500_Water_Temperature]]
2025-10-15 19:13:14.338,12.928,63rd_WaterTempDrop_85,atomic,[63rd_WaterTempDrop_85],[1.0000],1,1,1.0000,[[63rdStreetBeach201505240500_Water_Temperature]]
2025-10-15 19:13:14.396,12.986,63rd_WaterTempDrop_85,atomic,[63rd_WaterTempDrop_85],[1.0000],1,1,1.0000,[[63rdStreetBeach201505240600_Water_Temperature]]
2025-10-15 19:13:14.398,12.988,Calumet_WaterTempDrop_85,atomic,[Calumet_WaterTempDrop_85],[1.0000],1,1,1.0000,[[CalumetBeach201505240600_Water_Temperature]]
2025-10-15 19:13:14.399,12.989,Montrose_WaterTempDrop_85,atomic,[Montrose_WaterTempDrop_85],[1.0000],1,1,1.0000,[[MontroseBeach201505240600_Water_Temperature]]
2025-10-15 19:13:14.461,13.051,Montrose_WaterTempDrop_85,atomic,[Montrose_WaterTempDrop_85],[0.9726],1,1,0.9726,[[MontroseBeach201505240700_Water_Temperature]]
2025-10-15 19:13:14.461,13.051,63rd_WaterTempDrop_85,atomic,[63rd_WaterTempDrop_85],[1.0000],1,1,1.0000,[[63rdStreetBeach201505240700_Water_Temperature]]
2025-10-15 19:13:14.464,13.054,Calumet_WaterTempDrop_85,atomic,[Calumet_WaterTempDrop_85],[1.0000],1,1,1.0000,[[CalumetBeach201505240700_Water_Temperature]]
2025-10-15 19:13:14.524,13.114,63rd_WaterTempDrop_85,atomic,[63rd_WaterTempDrop_85],[1.0000],1,1,1.0000,[[63rdStreetBeach201505240800_Water_Temperature]]
2025-10-15 19:13:14.526,13.116,Calumet_WaterTempDrop_85,atomic,[Calumet_WaterTempDrop_85],[1.0000],1,1,1.0000,[[CalumetBeach201505240800_Water_Temperature]]
2025-10-15 19:13:14.528,13.118,Montrose_WaterTempDrop_85,atomic,[Montrose_WaterTempDrop_85],[1.0000],1,1,1.0000,[[MontroseBeach201505240800_Water_Temperature]]
2025-10-15 19:13:14.587,13.177,63rd_WaterTempDrop_85,atomic,[63rd_WaterTempDrop_85],[0.9726],1,1,0.9726,[[63rdStreetBeach201505240900_Water_Temperature]]
2025-10-15 19:13:14.589,13.179,Montrose_WaterTempDrop_85,atomic,[Montrose_WaterTempDrop_85],[1.0000],1,1,1.0000,[[MontroseBeach201505240900_Water_Temperature]]
2025-10-15 19:13:14.591,13.181,Calumet_WaterTempDrop_85,atomic,[Calumet_WaterTempDrop_85],[1.0000],1,1,1.0000,[[CalumetBeach201505240900_Water_Temperature]]
2025-10-15 19:13:14.650,13.240,Calumet_WaterTempDrop_85,atomic,[Calumet_WaterTempDrop_85],[0.9727],1,1,0.9727,[[CalumetBeach201505241000_Water_Temperature]]
2025-10-15 19:13:14.652,13.242,63rd_WaterTempDrop_85,atomic,[63rd_WaterTempDrop_85],[1.0000],1,1,1.0000,[[63rdStreetBeach201505241000_Water_Temperature]]
2025-10-15 19:13:14.652,13.242,Montrose_WaterTempDrop_85,atomic,[Montrose_WaterTempDrop_85],[1.0000],1,1,1.0000,[[MontroseBeach201505241000_Water_Temperature]]
2025-10-15 19:13:14.711,13.301,Montrose_WaterTempDrop_85,atomic,[Montrose_WaterTempDrop_85],[0.9708],1,1,0.9708,[[MontroseBeach201505241100_Water_Temperature]]
2025-10-15 19:13:14.714,13.304,Calumet_WaterTempDrop_85,atomic,[Calumet_WaterTempDrop_85],[1.0000],1,1,1.0000,[[CalumetBeach201505241100_Water_Temperature]]
2025-10-15 19:13:14.716,13.306,63rd_WaterTempDrop_85,atomic,[63rd_WaterTempDrop_85],[1.0000],1,1,1.0000,[[63rdStreetBeach201505241100_Water_Temperature]]
2025-10-15 19:13:14.775,13.365,Montrose_WaterTempDrop_85,atomic,[Montrose_WaterTempDrop_85],[1.0000],1,1,1.0000,[[MontroseBeach201505241200_Water_Temperature]]
2025-10-15 19:13:14.775,13.365,Calumet_WaterTempDrop_85,atomic,[Calumet_WaterTempDrop_85],[1.0000],1,1,1.0000,[[CalumetBeach201505241200_Water_Temperature]]
2025-10-15 19:13:14.839,13.429,Calumet_WaterTempDrop_85,atomic,[Calumet_WaterTempDrop_85],[1.0000],1,1,1.0000,[[CalumetBeach201505241300_Water_Temperature]]
2025-10-15 19:13:14.840,13.430,63rd_WaterTempDrop_85,atomic,[63rd_WaterTempDrop_85],[1.0000],1,1,1.0000,[[63rdStreetBeach201505241300_Water_Temperature]]
2025-10-15 19:13:14.842,13.432,Montrose_WaterTempDrop_85,atomic,[Montrose_WaterTempDrop_85],[1.0000],1,1,1.0000,[[MontroseBeach201505241300_Water_Temperature]]
2025-10-15 19:13:14.900,13.490,Montrose_WaterTempDrop_85,atomic,[Montrose_WaterTempDrop_85],[1.0000],1,1,1.0000,[[MontroseBeach201505241400_Water_Temperature]]
2025-10-15 19:13:14.900,13.490,Calumet_WaterTempDrop_85,atomic,[Calumet_WaterTempDrop_85],[0.9709],1,1,0.9709,[[CalumetBeach201505241400_Water_Temperature]]
2025-10-15 19:13:14.902,13.492,63rd_WaterTempDrop_85,atomic,[63rd_WaterTempDrop_85],[1.0000],1,1,1.0000,[[63rdStreetBeach201505241400_Water_Temperature]]
2025-10-15 19:13:14.979,13.569,Montrose_WaterTempDrop_85,atomic,[Montrose_WaterTempDrop_85],[1.0000],1,1,1.0000,[[MontroseBeach201505241500_Water_Temperature]]
2025-10-15 19:13:14.980,13.570,63rd_WaterTempDrop_85,atomic,[63rd_WaterTempDrop_85],[1.0000],1,1,1.0000,[[63rdStreetBeach201505241500_Water_Temperature]]
2025-10-15 19:13:14.983,13.573,Calumet_WaterTempDrop_85,atomic,[Calumet_WaterTempDrop_85],[1.0000],1,1,1.0000,[[CalumetBeach201505241500_Water_Temperature]]
2025-10-15 19:13:15.025,13.615,63rd_WaterTempDrop_85,atomic,[63rd_WaterTempDrop_85],[1.0000],1,1,1.0000,[[63rdStreetBeach201505241600_Water_Temperature]]
2025-10-15 19:13:15.027,13.617,Montrose_WaterTempDrop_85,atomic,[Montrose_WaterTempDrop_85],[1.0000],1,1,1.0000,[[MontroseBeach201505241600_Water_Temperature]]
2025-10-15 19:13:15.028,13.618,Calumet_WaterTempDrop_85,atomic,[Calumet_WaterTempDrop_85],[1.0000],1,1,1.0000,[[CalumetBeach201505241600_Water_Temperature]]
2025-10-15 19:13:15.088,13.678,63rd_WaterTempDrop_85,atomic,[63rd_WaterTempDrop_85],[1.0000],1,1,1.0000,[[63rdStreetBeach201505241700_Water_Temperature]]
2025-10-15 19:13:15.090,13.680,Calumet_WaterTempDrop_85,atomic,[Calumet_WaterTempDrop_85],[1.0000],1,1,1.0000,[[CalumetBeach201505241700_Water_Temperature]]
2025-10-15 19:13:15.090,13.680,Montrose_WaterTempDrop_85,atomic,[Montrose_WaterTempDrop_85],[1.0000],1,1,1.0000,[[MontroseBeach201505241700_Water_Temperature]]
2025-10-15 19:13:15.150,13.740,63rd_WaterTempDrop_85,atomic,[63rd_WaterTempDrop_85],[0.9723],1,1,0.9723,[[63rdStreetBeach201505241800_Water_Temperature]]
2025-10-15 19:13:15.151,13.741,Calumet_WaterTempDrop_85,atomic,[Calumet_WaterTempDrop_85],[1.0000],1,1,1.0000,[[CalumetBeach201505241800_Water_Temperature]]
2025-10-15 19:13:15.153,13.743,Montrose_WaterTempDrop_85,atomic,[Montrose_WaterTempDrop_85],[1.0000],1,1,1.0000,[[MontroseBeach201505241800_Water_Temperature]]
2025-10-15 19:13:15.214,13.804,Montrose_WaterTempDrop_85,atomic,[Montrose_WaterTempDrop_85],[1.0000],1,1,1.0000,[[MontroseBeach201505241900_Water_Temperature]]
2025-10-15 19:13:15.215,13.805,Calumet_WaterTempDrop_85,atomic,[Calumet_WaterTempDrop_85],[1.0000],1,1,1.0000,[[CalumetBeach201505241900_Water_Temperature]]
2025-10-15 19:13:15.275,13.865,Montrose_WaterTempDrop_85,atomic,[Montrose_WaterTempDrop_85],[1.0000],1,1,1.0000,[[MontroseBeach201505242000_Water_Temperature]]
2025-10-15 19:13:15.276,13.866,Calumet_WaterTempDrop_85,atomic,[Calumet_WaterTempDrop_85],[1.0000],1,1,1.0000,[[CalumetBeach201505242000_Water_Temperature]]
2025-10-15 19:13:15.278,13.868,63rd_WaterTempDrop_85,atomic,[63rd_WaterTempDrop_85],[1.0000],1,1,1.0000,[[63rdStreetBeach201505242000_Water_Temperature]]
2025-10-15 19:13:15.340,13.930,63rd_WaterTempDrop_85,atomic,[63rd_WaterTempDrop_85],[1.0000],1,1,1.0000,[[63rdStreetBeach201505242100_Water_Temperature]]
2025-10-15 19:13:15.341,13.931,Montrose_WaterTempDrop_85,atomic,[Montrose_WaterTempDrop_85],[0.9723],1,1,0.9723,[[MontroseBeach201505242100_Water_Temperature]]
2025-10-15 19:13:15.341,13.931,Calumet_WaterTempDrop_85,atomic,[Calumet_WaterTempDrop_85],[1.0000],1,1,1.0000,[[CalumetBeach201505242100_Water_Temperature]]
2025-10-15 19:13:15.400,13.990,Calumet_WaterTempDrop_85,atomic,[Calumet_WaterTempDrop_85],[1.0000],1,1,1.0000,[[CalumetBeach201505242200_Water_Temperature]]
2025-10-15 19:13:15.401,13.991,Montrose_WaterTempDrop_85,atomic,[Montrose_WaterTempDrop_85],[1.0000],1,1,1.0000,[[MontroseBeach201505242200_Water_Temperature]]
2025-10-15 19:13:15.464,14.054,63rd_WaterTempDrop_85,atomic,[63rd_WaterTempDrop_85],[0.9701],1,1,0.9701,[[63rdStreetBeach201505242300_Water_Temperature]]
2025-10-15 19:13:15.464,14.054,Montrose_WaterTempDrop_85,atomic,[Montrose_WaterTempDrop_85],[1.0000],1,1,1.0000,[[MontroseBeach201505242300_Water_Temperature]]
2025-10-15 19:13:15.467,14.057,Calumet_WaterTempDrop_85,atomic,[Calumet_WaterTempDrop_85],[1.0000],1,1,1.0000,[[CalumetBeach201505242300_Water_Temperature]]
2025-10-15 19:13:15.526,14.116,Montrose_WaterTempDrop_85,atomic,[Montrose_WaterTempDrop_85],[1.0000],1,1,1.0000,[[MontroseBeach201505252400_Water_Temperature]]
2025-10-15 19:13:15.527,14.117,Calumet_WaterTempDrop_85,atomic,[Calumet_WaterTempDrop_85],[1.0000],1,1,1.0000,[[CalumetBeach201505252400_Water_Temperature]]
2025-10-15 19:13:15.529,14.119,63rd_WaterTempDrop_85,atomic,[63rd_WaterTempDrop_85],[1.0000],1,1,1.0000,[[63rdStreetBeach201505252400_Water_Temperature]]
2025-10-15 19:13:15.586,14.176,Calumet_WaterTempDrop_85,atomic,[Calumet_WaterTempDrop_85],[0.9726],1,1,0.9726,[[CalumetBeach201505250100_Water_Temperature]]
2025-10-15 19:13:15.590,14.180,Montrose_WaterTempDrop_85,atomic,[Montrose_WaterTempDrop_85],[1.0000],1,1,1.0000,[[MontroseBeach201505250100_Water_Temperature]]
2025-10-15 19:13:15.591,14.181,63rd_WaterTempDrop_85,atomic,[63rd_WaterTempDrop_85],[1.0000],1,1,1.0000,[[63rdStreetBeach201505250100_Water_Temperature]]
2025-10-15 19:13:15.649,14.239,Montrose_WaterTempDrop_85,atomic,[Montrose_WaterTempDrop_85],[0.9711],1,1,0.9711,[[MontroseBeach201505250200_Water_Temperature]]
2025-10-15 19:13:15.651,14.241,63rd_WaterTempDrop_85,atomic,[63rd_WaterTempDrop_85],[1.0000],1,1,1.0000,[[63rdStreetBeach201505250200_Water_Temperature]]
2025-10-15 19:13:15.652,14.242,Calumet_WaterTempDrop_85,atomic,[Calumet_WaterTempDrop_85],[1.0000],1,1,1.0000,[[CalumetBeach201505250200_Water_Temperature]]
2025-10-15 19:13:15.710,14.300,63rd_WaterTempDrop_85,atomic,[63rd_WaterTempDrop_85],[0.9693],1,1,0.9693,[[63rdStreetBeach201505250300_Water_Temperature]]
2025-10-15 19:13:15.715,14.305,Calumet_WaterTempDrop_85,atomic,[Calumet_WaterTempDrop_85],[1.0000],1,1,1.0000,[[CalumetBeach201505250300_Water_Temperature]]
2025-10-15 19:13:15.717,14.307,Montrose_WaterTempDrop_85,atomic,[Montrose_WaterTempDrop_85],[1.0000],1,1,1.0000,[[MontroseBeach201505250300_Water_Temperature]]
2025-10-15 19:13:15.774,14.364,63rd_WaterTempDrop_85,atomic,[63rd_WaterTempDrop_85],[1.0000],1,1,1.0000,[[63rdStreetBeach201505250400_Water_Temperature]]
2025-10-15 19:13:15.778,14.368,Calumet_WaterTempDrop_85,atomic,[Calumet_WaterTempDrop_85],[1.0000],1,1,1.0000,[[CalumetBeach201505250400_Water_Temperature]]
2025-10-15 19:13:15.778,14.368,Montrose_WaterTempDrop_85,atomic,[Montrose_WaterTempDrop_85],[1.0000],1,1,1.0000,[[MontroseBeach201505250400_Water_Temperature]]
2025-10-15 19:13:15.836,14.426,Montrose_WaterTempDrop_85,atomic,[Montrose_WaterTempDrop_85],[0.9693],1,1,0.9693,[[MontroseBeach201505250500_Water_Temperature]]
2025-10-15 19:13:15.840,14.430,Calumet_WaterTempDrop_85,atomic,[Calumet_WaterTempDrop_85],[1.0000],1,1,1.0000,[[CalumetBeach201505250500_Water_Temperature]]
2025-10-15 19:13:15.840,14.430,63rd_WaterTempDrop_85,atomic,[63rd_WaterTempDrop_85],[1.0000],1,1,1.0000,[[63rdStreetBeach201505250500_Water_Temperature]]
2025-10-15 19:13:15.899,14.489,Montrose_WaterTempDrop_85,atomic,[Montrose_WaterTempDrop_85],[0.9654],1,1,0.9654,[[MontroseBeach201505250600_Water_Temperature]]
2025-10-15 19:13:15.900,14.490,63rd_WaterTempDrop_85,atomic,[63rd_WaterTempDrop_85],[1.0000],1,1,1.0000,[[63rdStreetBeach201505250600_Water_Temperature]]
2025-10-15 19:13:15.901,14.491,Calumet_WaterTempDrop_85,atomic,[Calumet_WaterTempDrop_85],[1.0000],1,1,1.0000,[[CalumetBeach201505250600_Water_Temperature]]
2025-10-15 19:13:15.960,14.550,63rd_WaterTempDrop_85,atomic,[63rd_WaterTempDrop_85],[1.0000],1,1,1.0000,[[63rdStreetBeach201505250700_Water_Temperature]]
2025-10-15 19:13:15.964,14.554,Calumet_WaterTempDrop_85,atomic,[Calumet_WaterTempDrop_85],[1.0000],1,1,1.0000,[[CalumetBeach201505250700_Water_Temperature]]
2025-10-15 19:13:15.964,14.554,Montrose_WaterTempDrop_85,atomic,[Montrose_WaterTempDrop_85],[1.0000],1,1,1.0000,[[MontroseBeach201505250700_Water_Temperature]]
2025-10-15 19:13:16.022,14.612,Calumet_WaterTempDrop_85,atomic,[Calumet_WaterTempDrop_85],[1.0000],1,1,1.0000,[[CalumetBeach201505250800_Water_Temperature]]
2025-10-15 19:13:16.023,14.613,63rd_WaterTempDrop_85,atomic,[63rd_WaterTempDrop_85],[1.0000],1,1,1.0000,[[63rdStreetBeach201505250800_Water_Temperature]]
2025-10-15 19:13:16.026,14.616,Montrose_WaterTempDrop_85,atomic,[Montrose_WaterTempDrop_85],[1.0000],1,1,1.0000,[[MontroseBeach201505250800_Water_Temperature]]
2025-10-15 19:13:16.086,14.676,63rd_WaterTempDrop_85,atomic,[63rd_WaterTempDrop_85],[1.0000],1,1,1.0000,[[63rdStreetBeach201505250900_Water_Temperature]]
2025-10-15 19:13:16.087,14.677,Calumet_WaterTempDrop_85,atomic,[Calumet_WaterTempDrop_85],[1.0000],1,1,1.0000,[[CalumetBeach201505250900_Water_Temperature]]
2025-10-15 19:13:16.089,14.679,Montrose_WaterTempDrop_85,atomic,[Montrose_WaterTempDrop_85],[1.0000],1,1,1.0000,[[MontroseBeach201505250900_Water_Temperature]]
2025-10-15 19:13:16.150,14.740,63rd_WaterTempDrop_85,atomic,[63rd_WaterTempDrop_85],[1.0000],1,1,1.0000,[[63rdStreetBeach201505251000_Water_Temperature]]
2025-10-15 19:13:16.152,14.742,Montrose_WaterTempDrop_85,atomic,[Montrose_WaterTempDrop_85],[1.0000],1,1,1.0000,[[MontroseBeach201505251000_Water_Temperature]]
2025-10-15 19:13:16.153,14.743,Calumet_WaterTempDrop_85,atomic,[Calumet_WaterTempDrop_85],[1.0000],1,1,1.0000,[[CalumetBeach201505251000_Water_Temperature]]
2025-10-15 19:13:16.210,14.800,63rd_WaterTempDrop_85,atomic,[63rd_WaterTempDrop_85],[1.0000],1,1,1.0000,[[63rdStreetBeach201505251100_Water_Temperature]]
2025-10-15 19:13:16.212,14.802,Montrose_WaterTempDrop_85,atomic,[Montrose_WaterTempDrop_85],[0.9679],1,1,0.9679,[[MontroseBeach201505251100_Water_Temperature]]
2025-10-15 19:13:16.212,14.802,Calumet_WaterTempDrop_85,atomic,[Calumet_WaterTempDrop_85],[1.0000],1,1,1.0000,[[CalumetBeach201505251100_Water_Temperature]]
2025-10-15 19:13:16.274,14.864,Calumet_WaterTempDrop_85,atomic,[Calumet_WaterTempDrop_85],[1.0000],1,1,1.0000,[[CalumetBeach201505251200_Water_Temperature]]
2025-10-15 19:13:16.275,14.865,Montrose_WaterTempDrop_85,atomic,[Montrose_WaterTempDrop_85],[1.0000],1,1,1.0000,[[MontroseBeach201505251200_Water_Temperature]]
2025-10-15 19:13:16.276,14.866,63rd_WaterTempDrop_85,atomic,[63rd_WaterTempDrop_85],[1.0000],1,1,1.0000,[[63rdStreetBeach201505251200_Water_Temperature]]
2025-10-15 19:13:16.334,14.924,63rd_WaterTempDrop_85,atomic,[63rd_WaterTempDrop_85],[1.0000],1,1,1.0000,[[63rdStreetBeach201505251300_Water_Temperature]]
2025-10-15 19:13:16.335,14.925,Montrose_WaterTempDrop_85,atomic,[Montrose_WaterTempDrop_85],[1.0000],1,1,1.0000,[[MontroseBeach201505251300_Water_Temperature]]
2025-10-15 19:13:16.336,14.926,Calumet_WaterTempDrop_85,atomic,[Calumet_WaterTempDrop_85],[1.0000],1,1,1.0000,[[CalumetBeach201505251300_Water_Temperature]]
2025-10-15 19:13:16.396,14.986,Calumet_WaterTempDrop_85,atomic,[Calumet_WaterTempDrop_85],[1.0000],1,1,1.0000,[[CalumetBeach201505251400_Water_Temperature]]
2025-10-15 19:13:16.397,14.987,63rd_WaterTempDrop_85,atomic,[63rd_WaterTempDrop_85],[1.0000],1,1,1.0000,[[63rdStreetBeach201505251400_Water_Temperature]]
2025-10-15 19:13:16.398,14.988,Montrose_WaterTempDrop_85,atomic,[Montrose_WaterTempDrop_85],[1.0000],1,1,1.0000,[[MontroseBeach201505251400_Water_Temperature]]
2025-10-15 19:13:16.456,15.046,Montrose_WaterTempDrop_85,atomic,[Montrose_WaterTempDrop_85],[0.9683],1,1,0.9683,[[MontroseBeach201505251500_Water_Temperature]]
2025-10-15 19:13:16.459,15.049,63rd_WaterTempDrop_85,atomic,[63rd_WaterTempDrop_85],[0.9726],1,1,0.9726,[[63rdStreetBeach201505251500_Water_Temperature]]
2025-10-15 19:13:16.462,15.052,Calumet_WaterTempDrop_85,atomic,[Calumet_WaterTempDrop_85],[0.9732],1,1,0.9732,[[CalumetBeach201505251500_Water_Temperature]]
2025-10-15 19:13:16.519,15.109,Calumet_WaterTempDrop_85,atomic,[Calumet_WaterTempDrop_85],[1.0000],1,1,1.0000,[[CalumetBeach201505251600_Water_Temperature]]
2025-10-15 19:13:16.522,15.112,Montrose_WaterTempDrop_85,atomic,[Montrose_WaterTempDrop_85],[1.0000],1,1,1.0000,[[MontroseBeach201505251600_Water_Temperature]]
2025-10-15 19:13:16.581,15.171,63rd_WaterTempDrop_85,atomic,[63rd_WaterTempDrop_85],[0.9691],1,1,0.9691,[[63rdStreetBeach201505251700_Water_Temperature]]
2025-10-15 19:13:16.584,15.174,Montrose_WaterTempDrop_85,atomic,[Montrose_WaterTempDrop_85],[1.0000],1,1,1.0000,[[MontroseBeach201505251700_Water_Temperature]]
2025-10-15 19:13:16.585,15.175,Calumet_WaterTempDrop_85,atomic,[Calumet_WaterTempDrop_85],[1.0000],1,1,1.0000,[[CalumetBeach201505251700_Water_Temperature]]
2025-10-15 19:13:16.642,15.232,Calumet_WaterTempDrop_85,atomic,[Calumet_WaterTempDrop_85],[0.9707],1,1,0.9707,[[CalumetBeach201505251800_Water_Temperature]]
2025-10-15 19:13:16.646,15.236,63rd_WaterTempDrop_85,atomic,[63rd_WaterTempDrop_85],[1.0000],1,1,1.0000,[[63rdStreetBeach201505251800_Water_Temperature]]
2025-10-15 19:13:16.648,15.238,Montrose_WaterTempDrop_85,atomic,[Montrose_WaterTempDrop_85],[1.0000],1,1,1.0000,[[MontroseBeach201505251800_Water_Temperature]]
2025-10-15 19:13:16.709,15.299,Calumet_WaterTempDrop_85,atomic,[Calumet_WaterTempDrop_85],[1.0000],1,1,1.0000,[[CalumetBeach201505251900_Water_Temperature]]
2025-10-15 19:13:16.710,15.300,Montrose_WaterTempDrop_85,atomic,[Montrose_WaterTempDrop_85],[1.0000],1,1,1.0000,[[MontroseBeach201505251900_Water_Temperature]]
2025-10-15 19:13:16.710,15.300,63rd_WaterTempDrop_85,atomic,[63rd_WaterTempDrop_85],[1.0000],1,1,1.0000,[[63rdStreetBeach201505251900_Water_Temperature]]
2025-10-15 19:13:16.769,15.359,63rd_WaterTempDrop_85,atomic,[63rd_WaterTempDrop_85],[0.9677],1,1,0.9677,[[63rdStreetBeach201505252000_Water_Temperature]]
2025-10-15 19:13:16.777,15.367,Calumet_WaterTempDrop_85,atomic,[Calumet_WaterTempDrop_85],[1.0000],1,1,1.0000,[[CalumetBeach201505252000_Water_Temperature]]
2025-10-15 19:13:16.779,15.369,Montrose_WaterTempDrop_85,atomic,[Montrose_WaterTempDrop_85],[1.0000],1,1,1.0000,[[MontroseBeach201505252000_Water_Temperature]]
2025-10-15 19:13:16.831,15.421,Calumet_WaterTempDrop_85,atomic,[Calumet_WaterTempDrop_85],[0.9689],1,1,0.9689,[[CalumetBeach201505252100_Water_Temperature]]
2025-10-15 19:13:16.835,15.425,63rd_WaterTempDrop_85,atomic,[63rd_WaterTempDrop_85],[1.0000],1,1,1.0000,[[63rdStreetBeach201505252100_Water_Temperature]]
2025-10-15 19:13:16.838,15.428,Montrose_WaterTempDrop_85,atomic,[Montrose_WaterTempDrop_85],[1.0000],1,1,1.0000,[[MontroseBeach201505252100_Water_Temperature]]
2025-10-15 19:13:16.895,15.485,Montrose_WaterTempDrop_85,atomic,[Montrose_WaterTempDrop_85],[1.0000],1,1,1.0000,[[MontroseBeach201505252200_Water_Temperature]]
2025-10-15 19:13:16.897,15.487,Calumet_WaterTempDrop_85,atomic,[Calumet_WaterTempDrop_85],[1.0000],1,1,1.0000,[[CalumetBeach201505252200_Water_Temperature]]
2025-10-15 19:13:16.897,15.487,63rd_WaterTempDrop_85,atomic,[63rd_WaterTempDrop_85],[1.0000],1,1,1.0000,[[63rdStreetBeach201505252200_Water_Temperature]]
2025-10-15 19:13:16.957,15.547,Montrose_WaterTempDrop_85,atomic,[Montrose_WaterTempDrop_85],[0.9713],1,1,0.9713,[[MontroseBeach201505252300_Water_Temperature]]
2025-10-15 19:13:16.961,15.551,Calumet_WaterTempDrop_85,atomic,[Calumet_WaterTempDrop_85],[1.0000],1,1,1.0000,[[CalumetBeach201505252300_Water_Temperature]]
2025-10-15 19:13:16.961,15.551,63rd_WaterTempDrop_85,atomic,[63rd_WaterTempDrop_85],[1.0000],1,1,1.0000,[[63rdStreetBeach201505252300_Water_Temperature]]
2025-10-15 19:13:17.018,15.608,Montrose_WaterTempDrop_85,atomic,[Montrose_WaterTempDrop_85],[0.9678],1,1,0.9678,[[MontroseBeach201505262400_Water_Temperature]]
2025-10-15 19:13:17.023,15.613,63rd_WaterTempDrop_85,atomic,[63rd_WaterTempDrop_85],[1.0000],1,1,1.0000,[[63rdStreetBeach201505262400_Water_Temperature]]
2025-10-15 19:13:17.025,15.615,Calumet_WaterTempDrop_85,atomic,[Calumet_WaterTempDrop_85],[1.0000],1,1,1.0000,[[CalumetBeach201505262400_Water_Temperature]]
2025-10-15 19:13:17.084,15.674,Calumet_WaterTempDrop_85,atomic,[Calumet_WaterTempDrop_85],[1.0000],1,1,1.0000,[[CalumetBeach201505260100_Water_Temperature]]
2025-10-15 19:13:17.085,15.675,63rd_WaterTempDrop_85,atomic,[63rd_WaterTempDrop_85],[0.9689],1,1,0.9689,[[63rdStreetBeach201505260100_Water_Temperature]]
2025-10-15 19:13:17.090,15.680,Montrose_WaterTempDrop_85,atomic,[Montrose_WaterTempDrop_85],[1.0000],1,1,1.0000,[[MontroseBeach201505260100_Water_Temperature]]
2025-10-15 19:13:17.143,15.733,63rd_WaterTempDrop_85,atomic,[63rd_WaterTempDrop_85],[1.0000],1,1,1.0000,[[63rdStreetBeach201505260200_Water_Temperature]]
2025-10-15 19:13:17.146,15.736,Montrose_WaterTempDrop_85,atomic,[Montrose_WaterTempDrop_85],[1.0000],1,1,1.0000,[[MontroseBeach201505260200_Water_Temperature]]
2025-10-15 19:13:17.149,15.739,Calumet_WaterTempDrop_85,atomic,[Calumet_WaterTempDrop_85],[1.0000],1,1,1.0000,[[CalumetBeach201505260200_Water_Temperature]]
2025-10-15 19:13:17.207,15.797,Montrose_WaterTempDrop_85,atomic,[Montrose_WaterTempDrop_85],[1.0000],1,1,1.0000,[[MontroseBeach201505260300_Water_Temperature]]
2025-10-15 19:13:17.210,15.800,63rd_WaterTempDrop_85,atomic,[63rd_WaterTempDrop_85],[1.0000],1,1,1.0000,[[63rdStreetBeach201505260300_Water_Temperature]]
2025-10-15 19:13:17.211,15.801,Calumet_WaterTempDrop_85,atomic,[Calumet_WaterTempDrop_85],[1.0000],1,1,1.0000,[[CalumetBeach201505260300_Water_Temperature]]
2025-10-15 19:13:17.269,15.859,Montrose_WaterTempDrop_85,atomic,[Montrose_WaterTempDrop_85],[1.0000],1,1,1.0000,[[MontroseBeach201505260400_Water_Temperature]]
2025-10-15 19:13:17.273,15.863,63rd_WaterTempDrop_85,atomic,[63rd_WaterTempDrop_85],[1.0000],1,1,1.0000,[[63rdStreetBeach201505260400_Water_Temperature]]
2025-10-15 19:13:17.274,15.864,Calumet_WaterTempDrop_85,atomic,[Calumet_WaterTempDrop_85],[1.0000],1,1,1.0000,[[CalumetBeach201505260400_Water_Temperature]]
2025-10-15 19:13:17.331,15.921,Calumet_WaterTempDrop_85,atomic,[Calumet_WaterTempDrop_85],[1.0000],1,1,1.0000,[[CalumetBeach201505260500_Water_Temperature]]
2025-10-15 19:13:17.334,15.924,63rd_WaterTempDrop_85,atomic,[63rd_WaterTempDrop_85],[1.0000],1,1,1.0000,[[63rdStreetBeach201505260500_Water_Temperature]]
2025-10-15 19:13:17.337,15.927,Montrose_WaterTempDrop_85,atomic,[Montrose_WaterTempDrop_85],[1.0000],1,1,1.0000,[[MontroseBeach201505260500_Water_Temperature]]
2025-10-15 19:13:17.395,15.985,63rd_WaterTempDrop_85,atomic,[63rd_WaterTempDrop_85],[1.0000],1,1,1.0000,[[63rdStreetBeach201505260600_Water_Temperature]]
2025-10-15 19:13:17.398,15.988,Montrose_WaterTempDrop_85,atomic,[Montrose_WaterTempDrop_85],[1.0000],1,1,1.0000,[[MontroseBeach201505260600_Water_Temperature]]
2025-10-15 19:13:17.398,15.988,Calumet_WaterTempDrop_85,atomic,[Calumet_WaterTempDrop_85],[1.0000],1,1,1.0000,[[CalumetBeach201505260600_Water_Temperature]]
2025-10-15 19:13:17.456,16.046,63rd_WaterTempDrop_85,atomic,[63rd_WaterTempDrop_85],[1.0000],1,1,1.0000,[[63rdStreetBeach201505260900_Water_Temperature]]
2025-10-15 19:13:17.520,16.110,Montrose_WaterTempDrop_85,atomic,[Montrose_WaterTempDrop_85],[1.0000],1,1,1.0000,[[MontroseBeach201505261000_Water_Temperature]]
2025-10-15 19:13:17.521,16.111,Calumet_WaterTempDrop_85,atomic,[Calumet_WaterTempDrop_85],[1.0000],1,1,1.0000,[[CalumetBeach201505261000_Water_Temperature]]
2025-10-15 19:13:17.580,16.170,Calumet_WaterTempDrop_85,atomic,[Calumet_WaterTempDrop_85],[0.9723],1,1,0.9723,[[CalumetBeach201505261100_Water_Temperature]]
2025-10-15 19:13:17.581,16.171,63rd_WaterTempDrop_85,atomic,[63rd_WaterTempDrop_85],[1.0000],1,1,1.0000,[[63rdStreetBeach201505261100_Water_Temperature]]
2025-10-15 19:13:17.583,16.173,Montrose_WaterTempDrop_85,atomic,[Montrose_WaterTempDrop_85],[1.0000],1,1,1.0000,[[MontroseBeach201505261100_Water_Temperature]]
2025-10-15 19:13:17.661,16.251,63rd_WaterTempDrop_85,atomic,[63rd_WaterTempDrop_85],[1.0000],1,1,1.0000,[[63rdStreetBeach201505261200_Water_Temperature]]
2025-10-15 19:13:17.662,16.252,Montrose_WaterTempDrop_85,atomic,[Montrose_WaterTempDrop_85],[1.0000],1,1,1.0000,[[MontroseBeach201505261200_Water_Temperature]]
2025-10-15 19:13:17.663,16.253,Calumet_WaterTempDrop_85,atomic,[Calumet_WaterTempDrop_85],[1.0000],1,1,1.0000,[[CalumetBeach201505261200_Water_Temperature]]
2025-10-15 19:13:17.703,16.293,63rd_WaterTempDrop_85,atomic,[63rd_WaterTempDrop_85],[1.0000],1,1,1.0000,[[63rdStreetBeach201505261300_Water_Temperature]]
2025-10-15 19:13:17.768,16.358,Calumet_WaterTempDrop_85,atomic,[Calumet_WaterTempDrop_85],[1.0000],1,1,1.0000,[[CalumetBeach201505261500_Water_Temperature]]
2025-10-15 19:13:17.771,16.361,Montrose_WaterTempDrop_85,atomic,[Montrose_WaterTempDrop_85],[1.0000],1,1,1.0000,[[MontroseBeach201505261500_Water_Temperature]]
2025-10-15 19:13:17.830,16.420,Calumet_WaterTempDrop_85,atomic,[Calumet_WaterTempDrop_85],[1.0000],1,1,1.0000,[[CalumetBeach201505261600_Water_Temperature]]
2025-10-15 19:13:17.832,16.422,Montrose_WaterTempDrop_85,atomic,[Montrose_WaterTempDrop_85],[1.0000],1,1,1.0000,[[MontroseBeach201505261600_Water_Temperature]]
2025-10-15 19:13:17.892,16.482,63rd_WaterTempDrop_85,atomic,[63rd_WaterTempDrop_85],[0.9721],1,1,0.9721,[[63rdStreetBeach201505261700_Water_Temperature]]
2025-10-15 19:13:17.893,16.483,Calumet_WaterTempDrop_85,atomic,[Calumet_WaterTempDrop_85],[1.0000],1,1,1.0000,[[CalumetBeach201505261700_Water_Temperature]]
2025-10-15 19:13:17.895,16.485,Montrose_WaterTempDrop_85,atomic,[Montrose_WaterTempDrop_85],[1.0000],1,1,1.0000,[[MontroseBeach201505261700_Water_Temperature]]
2025-10-15 19:13:17.955,16.545,Calumet_WaterTempDrop_85,atomic,[Calumet_WaterTempDrop_85],[0.9712],1,1,0.9712,[[CalumetBeach201505261800_Water_Temperature]]
2025-10-15 19:13:17.960,16.550,Montrose_WaterTempDrop_85,atomic,[Montrose_WaterTempDrop_85],[1.0000],1,1,1.0000,[[MontroseBeach201505261800_Water_Temperature]]
2025-10-15 19:13:18.017,16.607,Montrose_WaterTempDrop_85,atomic,[Montrose_WaterTempDrop_85],[0.9728],1,1,0.9728,[[MontroseBeach201505261900_Water_Temperature]]
2025-10-15 19:13:18.019,16.609,63rd_WaterTempDrop_85,atomic,[63rd_WaterTempDrop_85],[1.0000],1,1,1.0000,[[63rdStreetBeach201505261900_Water_Temperature]]
2025-10-15 19:13:18.021,16.611,Calumet_WaterTempDrop_85,atomic,[Calumet_WaterTempDrop_85],[1.0000],1,1,1.0000,[[CalumetBeach201505261900_Water_Temperature]]
2025-10-15 19:13:18.081,16.671,Calumet_WaterTempDrop_85,atomic,[Calumet_WaterTempDrop_85],[1.0000],1,1,1.0000,[[CalumetBeach201505262000_Water_Temperature]]
2025-10-15 19:13:18.084,16.674,63rd_WaterTempDrop_85,atomic,[63rd_WaterTempDrop_85],[1.0000],1,1,1.0000,[[63rdStreetBeach201505262000_Water_Temperature]]
2025-10-15 19:13:18.085,16.675,Montrose_WaterTempDrop_85,atomic,[Montrose_WaterTempDrop_85],[1.0000],1,1,1.0000,[[MontroseBeach201505262000_Water_Temperature]]
2025-10-15 19:13:18.143,16.733,63rd_WaterTempDrop_85,atomic,[63rd_WaterTempDrop_85],[1.0000],1,1,1.0000,[[63rdStreetBeach201505262100_Water_Temperature]]
2025-10-15 19:13:18.145,16.735,Calumet_WaterTempDrop_85,atomic,[Calumet_WaterTempDrop_85],[1.0000],1,1,1.0000,[[CalumetBeach201505262100_Water_Temperature]]
2025-10-15 19:13:18.146,16.736,Montrose_WaterTempDrop_85,atomic,[Montrose_WaterTempDrop_85],[1.0000],1,1,1.0000,[[MontroseBeach201505262100_Water_Temperature]]
2025-10-15 19:13:18.201,16.791,Calumet_WaterTempDrop_85,atomic,[Calumet_WaterTempDrop_85],[0.9700],1,1,0.9700,[[CalumetBeach201505262200_Water_Temperature]]
2025-10-15 19:13:18.206,16.796,Montrose_WaterTempDrop_85,atomic,[Montrose_WaterTempDrop_85],[1.0000],1,1,1.0000,[[MontroseBeach201505262200_Water_Temperature]]
2025-10-15 19:13:18.207,16.797,63rd_WaterTempDrop_85,atomic,[63rd_WaterTempDrop_85],[1.0000],1,1,1.0000,[[63rdStreetBeach201505262200_Water_Temperature]]
2025-10-15 19:13:18.267,16.857,Calumet_WaterTempDrop_85,atomic,[Calumet_WaterTempDrop_85],[1.0000],1,1,1.0000,[[CalumetBeach201505262300_Water_Temperature]]
2025-10-15 19:13:18.268,16.858,Montrose_WaterTempDrop_85,atomic,[Montrose_WaterTempDrop_85],[0.9709],1,1,0.9709,[[MontroseBeach201505262300_Water_Temperature]]
2025-10-15 19:13:18.269,16.859,63rd_WaterTempDrop_85,atomic,[63rd_WaterTempDrop_85],[1.0000],1,1,1.0000,[[63rdStreetBeach201505262300_Water_Temperature]]
2025-10-15 19:13:18.331,16.921,Calumet_WaterTempDrop_85,atomic,[Calumet_WaterTempDrop_85],[1.0000],1,1,1.0000,[[CalumetBeach201505272400_Water_Temperature]]
2025-10-15 19:13:18.332,16.922,Montrose_WaterTempDrop_85,atomic,[Montrose_WaterTempDrop_85],[0.9672],1,1,0.9672,[[MontroseBeach201505272400_Water_Temperature]]
2025-10-15 19:13:18.335,16.925,63rd_WaterTempDrop_85,atomic,[63rd_WaterTempDrop_85],[1.0000],1,1,1.0000,[[63rdStreetBeach201505272400_Water_Temperature]]
2025-10-15 19:13:18.389,16.979,63rd_WaterTempDrop_85,atomic,[63rd_WaterTempDrop_85],[0.9719],1,1,0.9719,[[63rdStreetBeach201505270100_Water_Temperature]]
2025-10-15 19:13:18.392,16.982,Montrose_WaterTempDrop_85,atomic,[Montrose_WaterTempDrop_85],[1.0000],1,1,1.0000,[[MontroseBeach201505270100_Water_Temperature]]
2025-10-15 19:13:18.394,16.984,Calumet_WaterTempDrop_85,atomic,[Calumet_WaterTempDrop_85],[1.0000],1,1,1.0000,[[CalumetBeach201505270100_Water_Temperature]]
2025-10-15 19:13:18.453,17.043,Montrose_WaterTempDrop_85,atomic,[Montrose_WaterTempDrop_85],[1.0000],1,1,1.0000,[[MontroseBeach201505270200_Water_Temperature]]
2025-10-15 19:13:18.457,17.047,Calumet_WaterTempDrop_85,atomic,[Calumet_WaterTempDrop_85],[1.0000],1,1,1.0000,[[CalumetBeach201505270200_Water_Temperature]]
2025-10-15 19:13:18.457,17.047,63rd_WaterTempDrop_85,atomic,[63rd_WaterTempDrop_85],[1.0000],1,1,1.0000,[[63rdStreetBeach201505270200_Water_Temperature]]
2025-10-15 19:13:18.514,17.104,Calumet_WaterTempDrop_85,atomic,[Calumet_WaterTempDrop_85],[1.0000],1,1,1.0000,[[CalumetBeach201505270300_Water_Temperature]]
2025-10-15 19:13:18.516,17.106,63rd_WaterTempDrop_85,atomic,[63rd_WaterTempDrop_85],[1.0000],1,1,1.0000,[[63rdStreetBeach201505270300_Water_Temperature]]
2025-10-15 19:13:18.517,17.107,Montrose_WaterTempDrop_85,atomic,[Montrose_WaterTempDrop_85],[1.0000],1,1,1.0000,[[MontroseBeach201505270300_Water_Temperature]]
2025-10-15 19:13:18.576,17.166,63rd_WaterTempDrop_85,atomic,[63rd_WaterTempDrop_85],[0.9698],1,1,0.9698,[[63rdStreetBeach201505270900_Water_Temperature]]
2025-10-15 19:13:18.580,17.170,Montrose_WaterTempDrop_85,atomic,[Montrose_WaterTempDrop_85],[1.0000],1,1,1.0000,[[MontroseBeach201505270900_Water_Temperature]]
2025-10-15 19:13:18.582,17.172,Calumet_WaterTempDrop_85,atomic,[Calumet_WaterTempDrop_85],[1.0000],1,1,1.0000,[[CalumetBeach201505270900_Water_Temperature]]
2025-10-15 19:13:18.643,17.233,Montrose_WaterTempDrop_85,atomic,[Montrose_WaterTempDrop_85],[1.0000],1,1,1.0000,[[MontroseBeach201505271000_Water_Temperature]]
2025-10-15 19:13:18.645,17.235,63rd_WaterTempDrop_85,atomic,[63rd_WaterTempDrop_85],[1.0000],1,1,1.0000,[[63rdStreetBeach201505271000_Water_Temperature]]
2025-10-15 19:13:18.646,17.236,Calumet_WaterTempDrop_85,atomic,[Calumet_WaterTempDrop_85],[1.0000],1,1,1.0000,[[CalumetBeach201505271000_Water_Temperature]]
2025-10-15 19:13:18.717,17.307,Montrose_WaterTempDrop_85,atomic,[Montrose_WaterTempDrop_85],[1.0000],1,1,1.0000,[[MontroseBeach201505271100_Water_Temperature]]
2025-10-15 19:13:18.718,17.308,Calumet_WaterTempDrop_85,atomic,[Calumet_WaterTempDrop_85],[1.0000],1,1,1.0000,[[CalumetBeach201505271100_Water_Temperature]]
2025-10-15 19:13:18.765,17.355,Montrose_WaterTempDrop_85,atomic,[Montrose_WaterTempDrop_85],[1.0000],1,1,1.0000,[[MontroseBeach201505271200_Water_Temperature]]
2025-10-15 19:13:18.768,17.358,Calumet_WaterTempDrop_85,atomic,[Calumet_WaterTempDrop_85],[1.0000],1,1,1.0000,[[CalumetBeach201505271200_Water_Temperature]]
2025-10-15 19:13:18.771,17.361,63rd_WaterTempDrop_85,atomic,[63rd_WaterTempDrop_85],[1.0000],1,1,1.0000,[[63rdStreetBeach201505271200_Water_Temperature]]
2025-10-15 19:13:18.842,17.432,Montrose_WaterTempDrop_85,atomic,[Montrose_WaterTempDrop_85],[1.0000],1,1,1.0000,[[MontroseBeach201505271300_Water_Temperature]]
2025-10-15 19:13:18.843,17.433,Calumet_WaterTempDrop_85,atomic,[Calumet_WaterTempDrop_85],[1.0000],1,1,1.0000,[[CalumetBeach201505271300_Water_Temperature]]
2025-10-15 19:13:18.887,17.477,Montrose_WaterTempDrop_85,atomic,[Montrose_WaterTempDrop_85],[0.9712],1,1,0.9712,[[MontroseBeach201505271600_Water_Temperature]]
2025-10-15 19:13:18.891,17.481,Calumet_WaterTempDrop_85,atomic,[Calumet_WaterTempDrop_85],[1.0000],1,1,1.0000,[[CalumetBeach201505271600_Water_Temperature]]
2025-10-15 19:13:18.895,17.485,63rd_WaterTempDrop_85,atomic,[63rd_WaterTempDrop_85],[1.0000],1,1,1.0000,[[63rdStreetBeach201505271600_Water_Temperature]]
2025-10-15 19:13:18.952,17.542,Calumet_WaterTempDrop_85,atomic,[Calumet_WaterTempDrop_85],[0.9727],1,1,0.9727,[[CalumetBeach201505271700_Water_Temperature]]
2025-10-15 19:13:18.956,17.546,63rd_WaterTempDrop_85,atomic,[63rd_WaterTempDrop_85],[1.0000],1,1,1.0000,[[63rdStreetBeach201505271700_Water_Temperature]]
2025-10-15 19:13:18.958,17.548,Montrose_WaterTempDrop_85,atomic,[Montrose_WaterTempDrop_85],[1.0000],1,1,1.0000,[[MontroseBeach201505271700_Water_Temperature]]
2025-10-15 19:13:19.015,17.605,Calumet_WaterTempDrop_85,atomic,[Calumet_WaterTempDrop_85],[1.0000],1,1,1.0000,[[CalumetBeach201505271800_Water_Temperature]]
2025-10-15 19:13:19.017,17.607,Montrose_WaterTempDrop_85,atomic,[Montrose_WaterTempDrop_85],[1.0000],1,1,1.0000,[[MontroseBeach201505271800_Water_Temperature]]
2025-10-15 19:13:19.018,17.608,63rd_WaterTempDrop_85,atomic,[63rd_WaterTempDrop_85],[1.0000],1,1,1.0000,[[63rdStreetBeach201505271800_Water_Temperature]]
2025-10-15 19:13:19.073,17.663,Calumet_WaterTempDrop_85,atomic,[Calumet_WaterTempDrop_85],[0.9698],1,1,0.9698,[[CalumetBeach201505281100_Water_Temperature]]
2025-10-15 19:13:19.077,17.667,Montrose_WaterTempDrop_85,atomic,[Montrose_WaterTempDrop_85],[1.0000],1,1,1.0000,[[MontroseBeach201505281100_Water_Temperature]]
2025-10-15 19:13:19.079,17.669,63rd_WaterTempDrop_85,atomic,[63rd_WaterTempDrop_85],[1.0000],1,1,1.0000,[[63rdStreetBeach201505281100_Water_Temperature]]
2025-10-15 19:13:19.136,17.726,Calumet_WaterTempDrop_85,atomic,[Calumet_WaterTempDrop_85],[0.9660],1,1,0.9660,[[CalumetBeach201505281200_Water_Temperature]]
2025-10-15 19:13:19.139,17.729,Montrose_WaterTempDrop_85,atomic,[Montrose_WaterTempDrop_85],[1.0000],1,1,1.0000,[[MontroseBeach201505281200_Water_Temperature]]
2025-10-15 19:13:19.140,17.730,63rd_WaterTempDrop_85,atomic,[63rd_WaterTempDrop_85],[1.0000],1,1,1.0000,[[63rdStreetBeach201505281200_Water_Temperature]]
2025-10-15 19:13:19.201,17.791,Montrose_WaterTempDrop_85,atomic,[Montrose_WaterTempDrop_85],[0.9706],1,1,0.9706,[[MontroseBeach201505281300_Water_Temperature]]
2025-10-15 19:13:19.201,17.791,Calumet_WaterTempDrop_85,atomic,[Calumet_WaterTempDrop_85],[1.0000],1,1,1.0000,[[CalumetBeach201505281300_Water_Temperature]]
2025-10-15 19:13:19.203,17.793,63rd_WaterTempDrop_85,atomic,[63rd_WaterTempDrop_85],[1.0000],1,1,1.0000,[[63rdStreetBeach201505281300_Water_Temperature]]
2025-10-15 19:13:19.265,17.855,Calumet_WaterTempDrop_85,atomic,[Calumet_WaterTempDrop_85],[1.0000],1,1,1.0000,[[CalumetBeach201505281400_Water_Temperature]]
2025-10-15 19:13:19.267,17.857,Montrose_WaterTempDrop_85,atomic,[Montrose_WaterTempDrop_85],[1.0000],1,1,1.0000,[[MontroseBeach201505281400_Water_Temperature]]
2025-10-15 19:13:19.268,17.858,63rd_WaterTempDrop_85,atomic,[63rd_WaterTempDrop_85],[1.0000],1,1,1.0000,[[63rdStreetBeach201505281400_Water_Temperature]]
2025-10-15 19:13:19.326,17.916,63rd_WaterTempDrop_85,atomic,[63rd_WaterTempDrop_85],[0.9721],1,1,0.9721,[[63rdStreetBeach201505281500_Water_Temperature]]
2025-10-15 19:13:19.328,17.918,Montrose_WaterTempDrop_85,atomic,[Montrose_WaterTempDrop_85],[0.9680],1,1,0.9680,[[MontroseBeach201505281500_Water_Temperature]]
2025-10-15 19:13:19.330,17.920,Calumet_WaterTempDrop_85,atomic,[Calumet_WaterTempDrop_85],[1.0000],1,1,1.0000,[[CalumetBeach201505281500_Water_Temperature]]
2025-10-15 19:13:19.387,17.977,Calumet_WaterTempDrop_85,atomic,[Calumet_WaterTempDrop_85],[0.9669],1,1,0.9669,[[CalumetBeach201505281600_Water_Temperature]]
2025-10-15 19:13:19.391,17.981,63rd_WaterTempDrop_85,atomic,[63rd_WaterTempDrop_85],[1.0000],1,1,1.0000,[[63rdStreetBeach201505281600_Water_Temperature]]
2025-10-15 19:13:19.393,17.983,Montrose_WaterTempDrop_85,atomic,[Montrose_WaterTempDrop_85],[1.0000],1,1,1.0000,[[MontroseBeach201505281600_Water_Temperature]]
2025-10-15 19:13:19.453,18.043,Montrose_WaterTempDrop_85,atomic,[Montrose_WaterTempDrop_85],[1.0000],1,1,1.0000,[[MontroseBeach201505281700_Water_Temperature]]
2025-10-15 19:13:19.455,18.045,Calumet_WaterTempDrop_85,atomic,[Calumet_WaterTempDrop_85],[1.0000],1,1,1.0000,[[CalumetBeach201505281700_Water_Temperature]]
2025-10-15 19:13:19.457,18.047,63rd_WaterTempDrop_85,atomic,[63rd_WaterTempDrop_85],[1.0000],1,1,1.0000,[[63rdStreetBeach201505281700_Water_Temperature]]
2025-10-15 19:13:19.515,18.105,63rd_WaterTempDrop_85,atomic,[63rd_WaterTempDrop_85],[0.9700],1,1,0.9700,[[63rdStreetBeach201505281800_Water_Temperature]]
2025-10-15 19:13:19.517,18.107,Montrose_WaterTempDrop_85,atomic,[Montrose_WaterTempDrop_85],[1.0000],1,1,1.0000,[[MontroseBeach201505281800_Water_Temperature]]
2025-10-15 19:13:19.518,18.108,Calumet_WaterTempDrop_85,atomic,[Calumet_WaterTempDrop_85],[1.0000],1,1,1.0000,[[CalumetBeach201505281800_Water_Temperature]]
2025-10-15 19:13:19.578,18.168,63rd_WaterTempDrop_85,atomic,[63rd_WaterTempDrop_85],[1.0000],1,1,1.0000,[[63rdStreetBeach201505281900_Water_Temperature]]
2025-10-15 19:13:19.580,18.170,Montrose_WaterTempDrop_85,atomic,[Montrose_WaterTempDrop_85],[1.0000],1,1,1.0000,[[MontroseBeach201505281900_Water_Temperature]]
2025-10-15 19:13:19.583,18.173,Calumet_WaterTempDrop_85,atomic,[Calumet_WaterTempDrop_85],[1.0000],1,1,1.0000,[[CalumetBeach201505281900_Water_Temperature]]
2025-10-15 19:13:19.637,18.227,Calumet_WaterTempDrop_85,atomic,[Calumet_WaterTempDrop_85],[0.9676],1,1,0.9676,[[CalumetBeach201505282000_Water_Temperature]]
2025-10-15 19:13:19.638,18.228,Montrose_WaterTempDrop_85,atomic,[Montrose_WaterTempDrop_85],[0.9691],1,1,0.9691,[[MontroseBeach201505282000_Water_Temperature]]
2025-10-15 19:13:19.701,18.291,63rd_WaterTempDrop_85,atomic,[63rd_WaterTempDrop_85],[0.9674],1,1,0.9674,[[63rdStreetBeach201505282100_Water_Temperature]]
2025-10-15 19:13:19.701,18.291,Calumet_WaterTempDrop_85,atomic,[Calumet_WaterTempDrop_85],[1.0000],1,1,1.0000,[[CalumetBeach201505282100_Water_Temperature]]
2025-10-15 19:13:19.707,18.297,Montrose_WaterTempDrop_85,atomic,[Montrose_WaterTempDrop_85],[1.0000],1,1,1.0000,[[MontroseBeach201505282100_Water_Temperature]]
2025-10-15 19:13:19.765,18.355,63rd_WaterTempDrop_85,atomic,[63rd_WaterTempDrop_85],[0.9633],1,1,0.9633,[[63rdStreetBeach201505282200_Water_Temperature]]
2025-10-15 19:13:19.766,18.356,Montrose_WaterTempDrop_85,atomic,[Montrose_WaterTempDrop_85],[0.9667],1,1,0.9667,[[MontroseBeach201505282200_Water_Temperature]]
2025-10-15 19:13:19.766,18.356,Calumet_WaterTempDrop_85,atomic,[Calumet_WaterTempDrop_85],[1.0000],1,1,1.0000,[[CalumetBeach201505282200_Water_Temperature]]
2025-10-15 19:13:19.830,18.420,Calumet_WaterTempDrop_85,atomic,[Calumet_WaterTempDrop_85],[1.0000],1,1,1.0000,[[CalumetBeach201505282300_Water_Temperature]]
2025-10-15 19:13:19.832,18.422,63rd_WaterTempDrop_85,atomic,[63rd_WaterTempDrop_85],[1.0000],1,1,1.0000,[[63rdStreetBeach201505282300_Water_Temperature]]
2025-10-15 19:13:19.833,18.423,Montrose_WaterTempDrop_85,atomic,[Montrose_WaterTempDrop_85],[1.0000],1,1,1.0000,[[MontroseBeach201505282300_Water_Temperature]]
2025-10-15 19:13:19.892,18.482,Montrose_WaterTempDrop_85,atomic,[Montrose_WaterTempDrop_85],[1.0000],1,1,1.0000,[[MontroseBeach201505292400_Water_Temperature]]
2025-10-15 19:13:19.894,18.484,Calumet_WaterTempDrop_85,atomic,[Calumet_WaterTempDrop_85],[1.0000],1,1,1.0000,[[CalumetBeach201505292400_Water_Temperature]]
2025-10-15 19:13:19.951,18.541,63rd_WaterTempDrop_85,atomic,[63rd_WaterTempDrop_85],[0.9616],1,1,0.9616,[[63rdStreetBeach201505290100_Water_Temperature]]
2025-10-15 19:13:19.957,18.547,Calumet_WaterTempDrop_85,atomic,[Calumet_WaterTempDrop_85],[1.0000],1,1,1.0000,[[CalumetBeach201505290100_Water_Temperature]]
2025-10-15 19:13:19.958,18.548,Montrose_WaterTempDrop_85,atomic,[Montrose_WaterTempDrop_85],[1.0000],1,1,1.0000,[[MontroseBeach201505290100_Water_Temperature]]
2025-10-15 19:13:20.012,18.602,63rd_WaterTempDrop_85,atomic,[63rd_WaterTempDrop_85],[0.9570],1,1,0.9570,[[63rdStreetBeach201505290200_Water_Temperature]]
2025-10-15 19:13:20.018,18.608,Montrose_WaterTempDrop_85,atomic,[Montrose_WaterTempDrop_85],[1.0000],1,1,1.0000,[[MontroseBeach201505290200_Water_Temperature]]
2025-10-15 19:13:20.020,18.610,Calumet_WaterTempDrop_85,atomic,[Calumet_WaterTempDrop_85],[1.0000],1,1,1.0000,[[CalumetBeach201505290200_Water_Temperature]]
2025-10-15 19:13:20.076,18.666,63rd_WaterTempDrop_85,atomic,[63rd_WaterTempDrop_85],[1.0000],1,1,1.0000,[[63rdStreetBeach201505290300_Water_Temperature]]
2025-10-15 19:13:20.077,18.667,Calumet_WaterTempDrop_85,atomic,[Calumet_WaterTempDrop_85],[1.0000],1,1,1.0000,[[CalumetBeach201505290300_Water_Temperature]]
2025-10-15 19:13:20.080,18.670,Montrose_WaterTempDrop_85,atomic,[Montrose_WaterTempDrop_85],[1.0000],1,1,1.0000,[[MontroseBeach201505290300_Water_Temperature]]
2025-10-15 19:13:20.136,18.726,Montrose_WaterTempDrop_85,atomic,[Montrose_WaterTempDrop_85],[0.9695],1,1,0.9695,[[MontroseBeach201505290400_Water_Temperature]]
2025-10-15 19:13:20.142,18.732,63rd_WaterTempDrop_85,atomic,[63rd_WaterTempDrop_85],[1.0000],1,1,1.0000,[[63rdStreetBeach201505290400_Water_Temperature]]
2025-10-15 19:13:20.142,18.732,Calumet_WaterTempDrop_85,atomic,[Calumet_WaterTempDrop_85],[1.0000],1,1,1.0000,[[CalumetBeach201505290400_Water_Temperature]]
2025-10-15 19:13:20.200,18.790,Montrose_WaterTempDrop_85,atomic,[Montrose_WaterTempDrop_85],[0.9658],1,1,0.9658,[[MontroseBeach201505290500_Water_Temperature]]
2025-10-15 19:13:20.201,18.791,Calumet_WaterTempDrop_85,atomic,[Calumet_WaterTempDrop_85],[1.0000],1,1,1.0000,[[CalumetBeach201505290500_Water_Temperature]]
2025-10-15 19:13:20.204,18.794,63rd_WaterTempDrop_85,atomic,[63rd_WaterTempDrop_85],[1.0000],1,1,1.0000,[[63rdStreetBeach201505290500_Water_Temperature]]
2025-10-15 19:13:20.264,18.854,Montrose_WaterTempDrop_85,atomic,[Montrose_WaterTempDrop_85],[0.9616],1,1,0.9616,[[MontroseBeach201505290600_Water_Temperature]]
2025-10-15 19:13:20.266,18.856,Calumet_WaterTempDrop_85,atomic,[Calumet_WaterTempDrop_85],[1.0000],1,1,1.0000,[[CalumetBeach201505290600_Water_Temperature]]
2025-10-15 19:13:20.270,18.860,63rd_WaterTempDrop_85,atomic,[63rd_WaterTempDrop_85],[1.0000],1,1,1.0000,[[63rdStreetBeach201505290600_Water_Temperature]]
2025-10-15 19:13:20.327,18.917,Calumet_WaterTempDrop_85,atomic,[Calumet_WaterTempDrop_85],[1.0000],1,1,1.0000,[[CalumetBeach201505290700_Water_Temperature]]
2025-10-15 19:13:20.329,18.919,Montrose_WaterTempDrop_85,atomic,[Montrose_WaterTempDrop_85],[1.0000],1,1,1.0000,[[MontroseBeach201505290700_Water_Temperature]]
2025-10-15 19:13:20.404,18.994,Montrose_WaterTempDrop_85,atomic,[Montrose_WaterTempDrop_85],[1.0000],1,1,1.0000,[[MontroseBeach201505290800_Water_Temperature]]
2025-10-15 19:13:20.405,18.995,Calumet_WaterTempDrop_85,atomic,[Calumet_WaterTempDrop_85],[1.0000],1,1,1.0000,[[CalumetBeach201505290800_Water_Temperature]]
2025-10-15 19:13:20.452,19.042,Montrose_WaterTempDrop_85,atomic,[Montrose_WaterTempDrop_85],[1.0000],1,1,1.0000,[[MontroseBeach201505290900_Water_Temperature]]
2025-10-15 19:13:20.453,19.043,Calumet_WaterTempDrop_85,atomic,[Calumet_WaterTempDrop_85],[0.9727],1,1,0.9727,[[CalumetBeach201505290900_Water_Temperature]]
2025-10-15 19:13:20.453,19.043,63rd_WaterTempDrop_85,atomic,[63rd_WaterTempDrop_85],[1.0000],1,1,1.0000,[[63rdStreetBeach201505290900_Water_Temperature]]
2025-10-15 19:13:20.512,19.102,Montrose_WaterTempDrop_85,atomic,[Montrose_WaterTempDrop_85],[0.9649],1,1,0.9649,[[MontroseBeach201505291000_Water_Temperature]]
2025-10-15 19:13:20.514,19.104,63rd_WaterTempDrop_85,atomic,[63rd_WaterTempDrop_85],[1.0000],1,1,1.0000,[[63rdStreetBeach201505291000_Water_Temperature]]
2025-10-15 19:13:20.515,19.105,Calumet_WaterTempDrop_85,atomic,[Calumet_WaterTempDrop_85],[1.0000],1,1,1.0000,[[CalumetBeach201505291000_Water_Temperature]]
2025-10-15 19:13:20.577,19.167,Montrose_WaterTempDrop_85,atomic,[Montrose_WaterTempDrop_85],[1.0000],1,1,1.0000,[[MontroseBeach201505291100_Water_Temperature]]
2025-10-15 19:13:20.578,19.168,Calumet_WaterTempDrop_85,atomic,[Calumet_WaterTempDrop_85],[1.0000],1,1,1.0000,[[CalumetBeach201505291100_Water_Temperature]]
2025-10-15 19:13:20.580,19.170,63rd_WaterTempDrop_85,atomic,[63rd_WaterTempDrop_85],[1.0000],1,1,1.0000,[[63rdStreetBeach201505291100_Water_Temperature]]
2025-10-15 19:13:20.636,19.226,Calumet_WaterTempDrop_85,atomic,[Calumet_WaterTempDrop_85],[1.0000],1,1,1.0000,[[CalumetBeach201505291200_Water_Temperature]]
2025-10-15 19:13:20.640,19.230,Montrose_WaterTempDrop_85,atomic,[Montrose_WaterTempDrop_85],[1.0000],1,1,1.0000,[[MontroseBeach201505291200_Water_Temperature]]
2025-10-15 19:13:20.640,19.230,63rd_WaterTempDrop_85,atomic,[63rd_WaterTempDrop_85],[0.9690],1,1,0.9690,[[63rdStreetBeach201505291200_Water_Temperature]]
2025-10-15 19:13:20.699,19.289,Calumet_WaterTempDrop_85,atomic,[Calumet_WaterTempDrop_85],[1.0000],1,1,1.0000,[[CalumetBeach201505291300_Water_Temperature]]
2025-10-15 19:13:20.701,19.291,Montrose_WaterTempDrop_85,atomic,[Montrose_WaterTempDrop_85],[1.0000],1,1,1.0000,[[MontroseBeach201505291300_Water_Temperature]]
2025-10-15 19:13:20.760,19.350,Montrose_WaterTempDrop_85,atomic,[Montrose_WaterTempDrop_85],[0.9668],1,1,0.9668,[[MontroseBeach201505291400_Water_Temperature]]
2025-10-15 19:13:20.763,19.353,Calumet_WaterTempDrop_85,atomic,[Calumet_WaterTempDrop_85],[1.0000],1,1,1.0000,[[CalumetBeach201505291400_Water_Temperature]]
2025-10-15 19:13:20.766,19.356,63rd_WaterTempDrop_85,atomic,[63rd_WaterTempDrop_85],[1.0000],1,1,1.0000,[[63rdStreetBeach201505291400_Water_Temperature]]
2025-10-15 19:13:20.826,19.416,Calumet_WaterTempDrop_85,atomic,[Calumet_WaterTempDrop_85],[0.9717],1,1,0.9717,[[CalumetBeach201505291500_Water_Temperature]]
2025-10-15 19:13:20.827,19.417,Montrose_WaterTempDrop_85,atomic,[Montrose_WaterTempDrop_85],[1.0000],1,1,1.0000,[[MontroseBeach201505291500_Water_Temperature]]
2025-10-15 19:13:20.831,19.421,63rd_WaterTempDrop_85,atomic,[63rd_WaterTempDrop_85],[1.0000],1,1,1.0000,[[63rdStreetBeach201505291500_Water_Temperature]]
2025-10-15 19:13:20.885,19.475,Montrose_WaterTempDrop_85,atomic,[Montrose_WaterTempDrop_85],[1.0000],1,1,1.0000,[[MontroseBeach201505291600_Water_Temperature]]
2025-10-15 19:13:20.887,19.477,Calumet_WaterTempDrop_85,atomic,[Calumet_WaterTempDrop_85],[1.0000],1,1,1.0000,[[CalumetBeach201505291600_Water_Temperature]]
2025-10-15 19:13:20.948,19.538,Calumet_WaterTempDrop_85,atomic,[Calumet_WaterTempDrop_85],[1.0000],1,1,1.0000,[[CalumetBeach201505291700_Water_Temperature]]
2025-10-15 19:13:20.952,19.542,63rd_WaterTempDrop_85,atomic,[63rd_WaterTempDrop_85],[1.0000],1,1,1.0000,[[63rdStreetBeach201505291700_Water_Temperature]]
2025-10-15 19:13:20.952,19.542,Montrose_WaterTempDrop_85,atomic,[Montrose_WaterTempDrop_85],[1.0000],1,1,1.0000,[[MontroseBeach201505291700_Water_Temperature]]
2025-10-15 19:13:21.012,19.602,63rd_WaterTempDrop_85,atomic,[63rd_WaterTempDrop_85],[1.0000],1,1,1.0000,[[63rdStreetBeach201505291800_Water_Temperature]]
2025-10-15 19:13:21.015,19.605,Calumet_WaterTempDrop_85,atomic,[Calumet_WaterTempDrop_85],[1.0000],1,1,1.0000,[[CalumetBeach201505291800_Water_Temperature]]
2025-10-15 19:13:21.016,19.606,Montrose_WaterTempDrop_85,atomic,[Montrose_WaterTempDrop_85],[1.0000],1,1,1.0000,[[MontroseBeach201505291800_Water_Temperature]]
2025-10-15 19:13:21.076,19.666,63rd_WaterTempDrop_85,atomic,[63rd_WaterTempDrop_85],[1.0000],1,1,1.0000,[[63rdStreetBeach201505291900_Water_Temperature]]
2025-10-15 19:13:21.077,19.667,Calumet_WaterTempDrop_85,atomic,[Calumet_WaterTempDrop_85],[1.0000],1,1,1.0000,[[CalumetBeach201505291900_Water_Temperature]]
2025-10-15 19:13:21.078,19.668,Montrose_WaterTempDrop_85,atomic,[Montrose_WaterTempDrop_85],[1.0000],1,1,1.0000,[[MontroseBeach201505291900_Water_Temperature]]
2025-10-15 19:13:21.138,19.728,63rd_WaterTempDrop_85,atomic,[63rd_WaterTempDrop_85],[1.0000],1,1,1.0000,[[63rdStreetBeach201505292000_Water_Temperature]]
2025-10-15 19:13:21.139,19.729,Calumet_WaterTempDrop_85,atomic,[Calumet_WaterTempDrop_85],[1.0000],1,1,1.0000,[[CalumetBeach201505292000_Water_Temperature]]
2025-10-15 19:13:21.141,19.731,Montrose_WaterTempDrop_85,atomic,[Montrose_WaterTempDrop_85],[1.0000],1,1,1.0000,[[MontroseBeach201505292000_Water_Temperature]]
2025-10-15 19:13:21.198,19.788,63rd_WaterTempDrop_85,atomic,[63rd_WaterTempDrop_85],[0.9712],1,1,0.9712,[[63rdStreetBeach201505292100_Water_Temperature]]
2025-10-15 19:13:21.198,19.788,Montrose_WaterTempDrop_85,atomic,[Montrose_WaterTempDrop_85],[1.0000],1,1,1.0000,[[MontroseBeach201505292100_Water_Temperature]]
2025-10-15 19:13:21.203,19.793,Calumet_WaterTempDrop_85,atomic,[Calumet_WaterTempDrop_85],[1.0000],1,1,1.0000,[[CalumetBeach201505292100_Water_Temperature]]
2025-10-15 19:13:21.263,19.853,Montrose_WaterTempDrop_85,atomic,[Montrose_WaterTempDrop_85],[1.0000],1,1,1.0000,[[MontroseBeach201505292200_Water_Temperature]]
2025-10-15 19:13:21.264,19.854,Calumet_WaterTempDrop_85,atomic,[Calumet_WaterTempDrop_85],[0.9716],1,1,0.9716,[[CalumetBeach201505292200_Water_Temperature]]
2025-10-15 19:13:21.265,19.855,63rd_WaterTempDrop_85,atomic,[63rd_WaterTempDrop_85],[1.0000],1,1,1.0000,[[63rdStreetBeach201505292200_Water_Temperature]]
2025-10-15 19:13:21.326,19.916,Calumet_WaterTempDrop_85,atomic,[Calumet_WaterTempDrop_85],[1.0000],1,1,1.0000,[[CalumetBeach201505292300_Water_Temperature]]
2025-10-15 19:13:21.327,19.917,Montrose_WaterTempDrop_85,atomic,[Montrose_WaterTempDrop_85],[1.0000],1,1,1.0000,[[MontroseBeach201505292300_Water_Temperature]]
2025-10-15 19:13:21.328,19.918,63rd_WaterTempDrop_85,atomic,[63rd_WaterTempDrop_85],[1.0000],1,1,1.0000,[[63rdStreetBeach201505292300_Water_Temperature]]
2025-10-15 19:13:21.386,19.976,Montrose_WaterTempDrop_85,atomic,[Montrose_WaterTempDrop_85],[1.0000],1,1,1.0000,[[MontroseBeach201505302400_Water_Temperature]]
2025-10-15 19:13:21.387,19.977,63rd_WaterTempDrop_85,atomic,[63rd_WaterTempDrop_85],[1.0000],1,1,1.0000,[[63rdStreetBeach201505302400_Water_Temperature]]
2025-10-15 19:13:21.391,19.981,Calumet_WaterTempDrop_85,atomic,[Calumet_WaterTempDrop_85],[1.0000],1,1,1.0000,[[CalumetBeach201505302400_Water_Temperature]]
2025-10-15 19:13:21.449,20.039,63rd_WaterTempDrop_85,atomic,[63rd_WaterTempDrop_85],[1.0000],1,1,1.0000,[[63rdStreetBeach201505300100_Water_Temperature]]
2025-10-15 19:13:21.450,20.040,Calumet_WaterTempDrop_85,atomic,[Calumet_WaterTempDrop_85],[1.0000],1,1,1.0000,[[CalumetBeach201505300100_Water_Temperature]]
2025-10-15 19:13:21.452,20.042,Montrose_WaterTempDrop_85,atomic,[Montrose_WaterTempDrop_85],[1.0000],1,1,1.0000,[[MontroseBeach201505300100_Water_Temperature]]
2025-10-15 19:13:21.508,20.098,63rd_WaterTempDrop_85,atomic,[63rd_WaterTempDrop_85],[1.0000],1,1,1.0000,[[63rdStreetBeach201505300200_Water_Temperature]]
2025-10-15 19:13:21.511,20.101,Montrose_WaterTempDrop_85,atomic,[Montrose_WaterTempDrop_85],[1.0000],1,1,1.0000,[[MontroseBeach201505300200_Water_Temperature]]
2025-10-15 19:13:21.513,20.103,Calumet_WaterTempDrop_85,atomic,[Calumet_WaterTempDrop_85],[1.0000],1,1,1.0000,[[CalumetBeach201505300200_Water_Temperature]]
2025-10-15 19:13:21.573,20.163,63rd_WaterTempDrop_85,atomic,[63rd_WaterTempDrop_85],[0.9712],1,1,0.9712,[[63rdStreetBeach201505300300_Water_Temperature]]
2025-10-15 19:13:21.573,20.163,Montrose_WaterTempDrop_85,atomic,[Montrose_WaterTempDrop_85],[1.0000],1,1,1.0000,[[MontroseBeach201505300300_Water_Temperature]]
2025-10-15 19:13:21.574,20.164,Calumet_WaterTempDrop_85,atomic,[Calumet_WaterTempDrop_85],[0.9707],1,1,0.9707,[[CalumetBeach201505300300_Water_Temperature]]
2025-10-15 19:13:21.632,20.222,Calumet_WaterTempDrop_85,atomic,[Calumet_WaterTempDrop_85],[0.9670],1,1,0.9670,[[CalumetBeach201505300400_Water_Temperature]]
2025-10-15 19:13:21.636,20.226,63rd_WaterTempDrop_85,atomic,[63rd_WaterTempDrop_85],[1.0000],1,1,1.0000,[[63rdStreetBeach201505300400_Water_Temperature]]
2025-10-15 19:13:21.639,20.229,Montrose_WaterTempDrop_85,atomic,[Montrose_WaterTempDrop_85],[1.0000],1,1,1.0000,[[MontroseBeach201505300400_Water_Temperature]]
2025-10-15 19:13:21.698,20.288,Calumet_WaterTempDrop_85,atomic,[Calumet_WaterTempDrop_85],[1.0000],1,1,1.0000,[[CalumetBeach201505300500_Water_Temperature]]
2025-10-15 19:13:21.700,20.290,Montrose_WaterTempDrop_85,atomic,[Montrose_WaterTempDrop_85],[1.0000],1,1,1.0000,[[MontroseBeach201505300500_Water_Temperature]]
2025-10-15 19:13:21.701,20.291,63rd_WaterTempDrop_85,atomic,[63rd_WaterTempDrop_85],[1.0000],1,1,1.0000,[[63rdStreetBeach201505300500_Water_Temperature]]
2025-10-15 19:13:21.760,20.350,Calumet_WaterTempDrop_85,atomic,[Calumet_WaterTempDrop_85],[1.0000],1,1,1.0000,[[CalumetBeach201505300600_Water_Temperature]]
2025-10-15 19:13:21.763,20.353,63rd_WaterTempDrop_85,atomic,[63rd_WaterTempDrop_85],[1.0000],1,1,1.0000,[[63rdStreetBeach201505300600_Water_Temperature]]
2025-10-15 19:13:21.765,20.355,Montrose_WaterTempDrop_85,atomic,[Montrose_WaterTempDrop_85],[1.0000],1,1,1.0000,[[MontroseBeach201505300600_Water_Temperature]]
2025-10-15 19:13:21.821,20.411,Montrose_WaterTempDrop_85,atomic,[Montrose_WaterTempDrop_85],[1.0000],1,1,1.0000,[[MontroseBeach201505300700_Water_Temperature]]
2025-10-15 19:13:21.823,20.413,Calumet_WaterTempDrop_85,atomic,[Calumet_WaterTempDrop_85],[1.0000],1,1,1.0000,[[CalumetBeach201505300700_Water_Temperature]]
2025-10-15 19:13:21.823,20.413,63rd_WaterTempDrop_85,atomic,[63rd_WaterTempDrop_85],[1.0000],1,1,1.0000,[[63rdStreetBeach201505300700_Water_Temperature]]
2025-10-15 19:13:21.885,20.475,Montrose_WaterTempDrop_85,atomic,[Montrose_WaterTempDrop_85],[1.0000],1,1,1.0000,[[MontroseBeach201505300800_Water_Temperature]]
2025-10-15 19:13:21.887,20.477,Calumet_WaterTempDrop_85,atomic,[Calumet_WaterTempDrop_85],[1.0000],1,1,1.0000,[[CalumetBeach201505300800_Water_Temperature]]
2025-10-15 19:13:21.888,20.478,63rd_WaterTempDrop_85,atomic,[63rd_WaterTempDrop_85],[1.0000],1,1,1.0000,[[63rdStreetBeach201505300800_Water_Temperature]]
2025-10-15 19:13:21.948,20.538,63rd_WaterTempDrop_85,atomic,[63rd_WaterTempDrop_85],[1.0000],1,1,1.0000,[[63rdStreetBeach201505300900_Water_Temperature]]
2025-10-15 19:13:21.950,20.540,Calumet_WaterTempDrop_85,atomic,[Calumet_WaterTempDrop_85],[1.0000],1,1,1.0000,[[CalumetBeach201505300900_Water_Temperature]]
2025-10-15 19:13:21.951,20.541,Montrose_WaterTempDrop_85,atomic,[Montrose_WaterTempDrop_85],[1.0000],1,1,1.0000,[[MontroseBeach201505300900_Water_Temperature]]
2025-10-15 19:13:22.009,20.599,Montrose_WaterTempDrop_85,atomic,[Montrose_WaterTempDrop_85],[1.0000],1,1,1.0000,[[MontroseBeach201505301000_Water_Temperature]]
2025-10-15 19:13:22.011,20.601,63rd_WaterTempDrop_85,atomic,[63rd_WaterTempDrop_85],[1.0000],1,1,1.0000,[[63rdStreetBeach201505301000_Water_Temperature]]
2025-10-15 19:13:22.013,20.603,Calumet_WaterTempDrop_85,atomic,[Calumet_WaterTempDrop_85],[1.0000],1,1,1.0000,[[CalumetBeach201505301000_Water_Temperature]]
2025-10-15 19:13:22.074,20.664,Calumet_WaterTempDrop_85,atomic,[Calumet_WaterTempDrop_85],[1.0000],1,1,1.0000,[[CalumetBeach201505301100_Water_Temperature]]
2025-10-15 19:13:22.075,20.665,Montrose_WaterTempDrop_85,atomic,[Montrose_WaterTempDrop_85],[1.0000],1,1,1.0000,[[MontroseBeach201505301100_Water_Temperature]]
2025-10-15 19:13:22.075,20.665,63rd_WaterTempDrop_85,atomic,[63rd_WaterTempDrop_85],[1.0000],1,1,1.0000,[[63rdStreetBeach201505301100_Water_Temperature]]
2025-10-15 19:13:22.137,20.727,Calumet_WaterTempDrop_85,atomic,[Calumet_WaterTempDrop_85],[1.0000],1,1,1.0000,[[CalumetBeach201505301200_Water_Temperature]]
2025-10-15 19:13:22.138,20.728,Montrose_WaterTempDrop_85,atomic,[Montrose_WaterTempDrop_85],[1.0000],1,1,1.0000,[[MontroseBeach201505301200_Water_Temperature]]
2025-10-15 19:13:22.139,20.729,Montrose_HighWave_85,atomic,[Montrose_HighWave_85],[1.0000],1,1,1.0000,[[MontroseBeach201505301200_Wave_Height]]
2025-10-15 19:13:22.139,20.729,63rd_WaterTempDrop_85,atomic,[63rd_WaterTempDrop_85],[1.0000],1,1,1.0000,[[63rdStreetBeach201505301200_Water_Temperature]]
2025-10-15 19:13:22.198,20.788,63rd_WaterTempDrop_85,atomic,[63rd_WaterTempDrop_85],[1.0000],1,1,1.0000,[[63rdStreetBeach201505301300_Water_Temperature]]
2025-10-15 19:13:22.199,20.789,63rd_HighWave_85,atomic,[63rd_HighWave_85],[1.0000],1,1,1.0000,[[63rdStreetBeach201505301300_Wave_Height]]
2025-10-15 19:13:22.200,20.790,Montrose_WaterTempDrop_85,atomic,[Montrose_WaterTempDrop_85],[1.0000],1,1,1.0000,[[MontroseBeach201505301300_Water_Temperature]]
2025-10-15 19:13:22.201,20.791,Montrose_HighWave_85,atomic,[Montrose_HighWave_85],[1.0000],1,1,1.0000,[[MontroseBeach201505301300_Wave_Height]]
2025-10-15 19:13:22.202,20.792,Calumet_WaterTempDrop_85,atomic,[Calumet_WaterTempDrop_85],[1.0000],1,1,1.0000,[[CalumetBeach201505301300_Water_Temperature]]
2025-10-15 19:13:22.267,20.857,63rd_WaterTempDrop_85,atomic,[63rd_WaterTempDrop_85],[1.0000],1,1,1.0000,[[63rdStreetBeach201505301400_Water_Temperature]]
2025-10-15 19:13:22.268,20.858,63rd_HighWave_85,atomic,[63rd_HighWave_85],[1.0000],1,1,1.0000,[[63rdStreetBeach201505301400_Wave_Height]]
2025-10-15 19:13:22.268,20.858,Calumet_WaterTempDrop_85,atomic,[Calumet_WaterTempDrop_85],[1.0000],1,1,1.0000,[[CalumetBeach201505301400_Water_Temperature]]
2025-10-15 19:13:22.269,20.859,Montrose_WaterTempDrop_85,atomic,[Montrose_WaterTempDrop_85],[1.0000],1,1,1.0000,[[MontroseBeach201505301400_Water_Temperature]]
2025-10-15 19:13:22.326,20.916,Montrose_WaterTempDrop_85,atomic,[Montrose_WaterTempDrop_85],[1.0000],1,1,1.0000,[[MontroseBeach201505301500_Water_Temperature]]
2025-10-15 19:13:22.328,20.918,63rd_WaterTempDrop_85,atomic,[63rd_WaterTempDrop_85],[1.0000],1,1,1.0000,[[63rdStreetBeach201505301500_Water_Temperature]]
2025-10-15 19:13:22.329,20.919,Calumet_WaterTempDrop_85,atomic,[Calumet_WaterTempDrop_85],[1.0000],1,1,1.0000,[[CalumetBeach201505301500_Water_Temperature]]
2025-10-15 19:13:22.386,20.976,Montrose_WaterTempDrop_85,atomic,[Montrose_WaterTempDrop_85],[1.0000],1,1,1.0000,[[MontroseBeach201505301600_Water_Temperature]]
2025-10-15 19:13:22.388,20.978,Montrose_HighWave_85,atomic,[Montrose_HighWave_85],[1.0000],1,1,1.0000,[[MontroseBeach201505301600_Wave_Height]]
2025-10-15 19:13:22.389,20.979,63rd_WaterTempDrop_85,atomic,[63rd_WaterTempDrop_85],[1.0000],1,1,1.0000,[[63rdStreetBeach201505301600_Water_Temperature]]
2025-10-15 19:13:22.390,20.980,Calumet_WaterTempDrop_85,atomic,[Calumet_WaterTempDrop_85],[1.0000],1,1,1.0000,[[CalumetBeach201505301600_Water_Temperature]]
2025-10-15 19:13:22.450,21.040,63rd_WaterTempDrop_85,atomic,[63rd_WaterTempDrop_85],[1.0000],1,1,1.0000,[[63rdStreetBeach201505301700_Water_Temperature]]
2025-10-15 19:13:22.451,21.041,Calumet_WaterTempDrop_85,atomic,[Calumet_WaterTempDrop_85],[1.0000],1,1,1.0000,[[CalumetBeach201505301700_Water_Temperature]]
2025-10-15 19:13:22.452,21.042,Montrose_WaterTempDrop_85,atomic,[Montrose_WaterTempDrop_85],[1.0000],1,1,1.0000,[[MontroseBeach201505301700_Water_Temperature]]
2025-10-15 19:13:22.452,21.042,Montrose_HighWave_85,atomic,[Montrose_HighWave_85],[1.0000],1,1,1.0000,[[MontroseBeach201505301700_Wave_Height]]
2025-10-15 19:13:22.512,21.102,Calumet_WaterTempDrop_85,atomic,[Calumet_WaterTempDrop_85],[1.0000],1,1,1.0000,[[CalumetBeach201505301800_Water_Temperature]]
2025-10-15 19:13:22.577,21.167,Montrose_HighWave_85,atomic,[Montrose_HighWave_85],[0.8726],1,1,0.8726,[[MontroseBeach201505301900_Wave_Height]]
2025-10-15 19:13:22.577,21.167,Calumet_WaterTempDrop_85,atomic,[Calumet_WaterTempDrop_85],[1.0000],1,1,1.0000,[[CalumetBeach201505301900_Water_Temperature]]
2025-10-15 19:13:22.578,21.168,Montrose_WaterTempDrop_85,atomic,[Montrose_WaterTempDrop_85],[1.0000],1,1,1.0000,[[MontroseBeach201505301900_Water_Temperature]]
2025-10-15 19:13:22.638,21.228,Calumet_WaterTempDrop_85,atomic,[Calumet_WaterTempDrop_85],[1.0000],1,1,1.0000,[[CalumetBeach201505302000_Water_Temperature]]
2025-10-15 19:13:22.639,21.229,Montrose_WaterTempDrop_85,atomic,[Montrose_WaterTempDrop_85],[1.0000],1,1,1.0000,[[MontroseBeach201505302000_Water_Temperature]]
2025-10-15 19:13:22.639,21.229,Montrose_HighWave_85,atomic,[Montrose_HighWave_85],[1.0000],1,1,1.0000,[[MontroseBeach201505302000_Wave_Height]]
2025-10-15 19:13:22.698,21.288,Calumet_WaterTempDrop_85,atomic,[Calumet_WaterTempDrop_85],[0.9731],1,1,0.9731,[[CalumetBeach201505302100_Water_Temperature]]
2025-10-15 19:13:22.701,21.291,Montrose_WaterTempDrop_85,atomic,[Montrose_WaterTempDrop_85],[1.0000],1,1,1.0000,[[MontroseBeach201505302100_Water_Temperature]]
2025-10-15 19:13:22.701,21.291,Montrose_HighWave_85,atomic,[Montrose_HighWave_85],[1.0000],1,1,1.0000,[[MontroseBeach201505302100_Wave_Height]]
2025-10-15 19:13:22.761,21.351,Montrose_HighWave_85,atomic,[Montrose_HighWave_85],[0.8749],1,1,0.8749,[[MontroseBeach201505302200_Wave_Height]]
2025-10-15 19:13:22.761,21.351,Montrose_WaterTempDrop_85,atomic,[Montrose_WaterTempDrop_85],[1.0000],1,1,1.0000,[[MontroseBeach201505302200_Water_Temperature]]
2025-10-15 19:13:22.762,21.352,63rd_WaterTempDrop_85,atomic,[63rd_WaterTempDrop_85],[1.0000],1,1,1.0000,[[63rdStreetBeach201505302200_Water_Temperature]]
2025-10-15 19:13:22.763,21.353,Calumet_WaterTempDrop_85,atomic,[Calumet_WaterTempDrop_85],[1.0000],1,1,1.0000,[[CalumetBeach201505302200_Water_Temperature]]
2025-10-15 19:13:22.822,21.412,Calumet_WaterTempDrop_85,atomic,[Calumet_WaterTempDrop_85],[1.0000],1,1,1.0000,[[CalumetBeach201505302300_Water_Temperature]]
2025-10-15 19:13:22.885,21.475,Calumet_WaterTempDrop_85,atomic,[Calumet_WaterTempDrop_85],[1.0000],1,1,1.0000,[[CalumetBeach201505312400_Water_Temperature]]
2025-10-15 19:13:22.886,21.476,Montrose_WaterTempDrop_85,atomic,[Montrose_WaterTempDrop_85],[1.0000],1,1,1.0000,[[MontroseBeach201505312400_Water_Temperature]]
2025-10-15 19:13:22.946,21.536,Calumet_WaterTempDrop_85,atomic,[Calumet_WaterTempDrop_85],[1.0000],1,1,1.0000,[[CalumetBeach201505310200_Water_Temperature]]
2025-10-15 19:13:23.010,21.600,Calumet_WaterTempDrop_85,atomic,[Calumet_WaterTempDrop_85],[1.0000],1,1,1.0000,[[CalumetBeach201505310300_Water_Temperature]]
2025-10-15 19:13:23.010,21.600,Calumet_HighWave_85,atomic,[Calumet_HighWave_85],[1.0000],1,1,1.0000,[[CalumetBeach201505310300_Wave_Height]]
2025-10-15 19:13:23.072,21.662,Calumet_WaterTempDrop_85,atomic,[Calumet_WaterTempDrop_85],[1.0000],1,1,1.0000,[[CalumetBeach201505310400_Water_Temperature]]
2025-10-15 19:13:23.073,21.663,Calumet_HighTurbidity_85,atomic,[Calumet_HighTurbidity_85],[1.0000],1,1,1.0000,[[CalumetBeach201505310400_Turbidity]]
2025-10-15 19:13:23.076,21.666,Calumet_LocalAlert_85,complex,[Calumet_HighTurbidity_85;Calumet_WaterTempDrop_85],[1.0000;1.0000],2,2,1.0000,[[CalumetBeach201505310400_Turbidity];[CalumetBeach201505310300_Water_Temperature]]
2025-10-15 19:13:23.134,21.724,Calumet_WaterTempDrop_85,atomic,[Calumet_WaterTempDrop_85],[1.0000],1,1,1.0000,[[CalumetBeach201505310500_Water_Temperature]]
2025-10-15 19:13:23.209,21.799,Calumet_WaterTempDrop_85,atomic,[Calumet_WaterTempDrop_85],[1.0000],1,1,1.0000,[[CalumetBeach201505310600_Water_Temperature]]
2025-10-15 19:13:23.258,21.848,Calumet_WaterTempDrop_85,atomic,[Calumet_WaterTempDrop_85],[1.0000],1,1,1.0000,[[CalumetBeach201505310700_Water_Temperature]]
2025-10-15 19:13:23.321,21.911,Calumet_WaterTempDrop_85,atomic,[Calumet_WaterTempDrop_85],[1.0000],1,1,1.0000,[[CalumetBeach201505310800_Water_Temperature]]
2025-10-15 19:13:23.382,21.972,Calumet_WaterTempDrop_85,atomic,[Calumet_WaterTempDrop_85],[0.9728],1,1,0.9728,[[CalumetBeach201505310900_Water_Temperature]]
2025-10-15 19:13:23.447,22.037,Calumet_WaterTempDrop_85,atomic,[Calumet_WaterTempDrop_85],[1.0000],1,1,1.0000,[[CalumetBeach201505311000_Water_Temperature]]
2025-10-15 19:13:23.508,22.098,Calumet_WaterTempDrop_85,atomic,[Calumet_WaterTempDrop_85],[1.0000],1,1,1.0000,[[CalumetBeach201505311100_Water_Temperature]]
2025-10-15 19:13:23.571,22.161,Calumet_WaterTempDrop_85,atomic,[Calumet_WaterTempDrop_85],[1.0000],1,1,1.0000,[[CalumetBeach201505311200_Water_Temperature]]
2025-10-15 19:13:23.630,22.220,Calumet_WaterTempDrop_85,atomic,[Calumet_WaterTempDrop_85],[1.0000],1,1,1.0000,[[CalumetBeach201505311300_Water_Temperature]]
2025-10-15 19:13:23.696,22.286,Calumet_WaterTempDrop_85,atomic,[Calumet_WaterTempDrop_85],[1.0000],1,1,1.0000,[[CalumetBeach201505311400_Water_Temperature]]
2025-10-15 19:13:23.756,22.346,Calumet_WaterTempDrop_85,atomic,[Calumet_WaterTempDrop_85],[1.0000],1,1,1.0000,[[CalumetBeach201505311500_Water_Temperature]]
2025-10-15 19:13:23.818,22.408,Calumet_WaterTempDrop_85,atomic,[Calumet_WaterTempDrop_85],[1.0000],1,1,1.0000,[[CalumetBeach201505311600_Water_Temperature]]
2025-10-15 19:13:23.879,22.469,Calumet_WaterTempDrop_85,atomic,[Calumet_WaterTempDrop_85],[1.0000],1,1,1.0000,[[CalumetBeach201505311700_Water_Temperature]]
2025-10-15 19:13:23.944,22.534,Calumet_WaterTempDrop_85,atomic,[Calumet_WaterTempDrop_85],[1.0000],1,1,1.0000,[[CalumetBeach201505311800_Water_Temperature]]
2025-10-15 19:13:24.004,22.594,Calumet_WaterTempDrop_85,atomic,[Calumet_WaterTempDrop_85],[1.0000],1,1,1.0000,[[CalumetBeach201505311900_Water_Temperature]]
2025-10-15 19:13:24.065,22.655,Calumet_WaterTempDrop_85,atomic,[Calumet_WaterTempDrop_85],[1.0000],1,1,1.0000,[[CalumetBeach201505312000_Water_Temperature]]
2025-10-15 19:13:24.128,22.718,63rd_WaterTempDrop_85,atomic,[63rd_WaterTempDrop_85],[1.0000],1,1,1.0000,[[63rdStreetBeach201505312100_Water_Temperature]]
2025-10-15 19:13:24.129,22.719,Calumet_WaterTempDrop_85,atomic,[Calumet_WaterTempDrop_85],[1.0000],1,1,1.0000,[[CalumetBeach201505312100_Water_Temperature]]
2025-10-15 19:13:24.194,22.784,Calumet_WaterTempDrop_85,atomic,[Calumet_WaterTempDrop_85],[1.0000],1,1,1.0000,[[CalumetBeach201505312200_Water_Temperature]]
2025-10-15 19:13:24.194,22.784,63rd_WaterTempDrop_85,atomic,[63rd_WaterTempDrop_85],[1.0000],1,1,1.0000,[[63rdStreetBeach201505312200_Water_Temperature]]
2025-10-15 19:13:24.253,22.843,Calumet_WaterTempDrop_85,atomic,[Calumet_WaterTempDrop_85],[1.0000],1,1,1.0000,[[CalumetBeach201505312300_Water_Temperature]]
2025-10-15 19:13:24.253,22.843,63rd_WaterTempDrop_85,atomic,[63rd_WaterTempDrop_85],[1.0000],1,1,1.0000,[[63rdStreetBeach201505312300_Water_Temperature]]
2025-10-15 19:13:24.254,22.844,63rd_HighWave_85,atomic,[63rd_HighWave_85],[1.0000],1,1,1.0000,[[63rdStreetBeach201505312300_Wave_Height]]
2025-10-15 19:13:24.315,22.905,Calumet_WaterTempDrop_85,atomic,[Calumet_WaterTempDrop_85],[1.0000],1,1,1.0000,[[CalumetBeach201506012400_Water_Temperature]]
2025-10-15 19:13:24.317,22.907,63rd_WaterTempDrop_85,atomic,[63rd_WaterTempDrop_85],[1.0000],1,1,1.0000,[[63rdStreetBeach201506012400_Water_Temperature]]
2025-10-15 19:13:24.377,22.967,63rd_WaterTempDrop_85,atomic,[63rd_WaterTempDrop_85],[1.0000],1,1,1.0000,[[63rdStreetBeach201506010100_Water_Temperature]]
2025-10-15 19:13:24.377,22.967,Calumet_WaterTempDrop_85,atomic,[Calumet_WaterTempDrop_85],[1.0000],1,1,1.0000,[[CalumetBeach201506010100_Water_Temperature]]
2025-10-15 19:13:24.439,23.029,Calumet_WaterTempDrop_85,atomic,[Calumet_WaterTempDrop_85],[1.0000],1,1,1.0000,[[CalumetBeach201506010200_Water_Temperature]]
2025-10-15 19:13:24.440,23.030,63rd_WaterTempDrop_85,atomic,[63rd_WaterTempDrop_85],[1.0000],1,1,1.0000,[[63rdStreetBeach201506010200_Water_Temperature]]
2025-10-15 19:13:24.440,23.030,63rd_HighWave_85,atomic,[63rd_HighWave_85],[1.0000],1,1,1.0000,[[63rdStreetBeach201506010200_Wave_Height]]
2025-10-15 19:13:24.501,23.091,Calumet_WaterTempDrop_85,atomic,[Calumet_WaterTempDrop_85],[1.0000],1,1,1.0000,[[CalumetBeach201506010300_Water_Temperature]]
2025-10-15 19:13:24.502,23.092,63rd_WaterTempDrop_85,atomic,[63rd_WaterTempDrop_85],[1.0000],1,1,1.0000,[[63rdStreetBeach201506010300_Water_Temperature]]
2025-10-15 19:13:24.565,23.155,63rd_WaterTempDrop_85,atomic,[63rd_WaterTempDrop_85],[1.0000],1,1,1.0000,[[63rdStreetBeach201506010400_Water_Temperature]]
2025-10-15 19:13:24.565,23.155,Calumet_WaterTempDrop_85,atomic,[Calumet_WaterTempDrop_85],[1.0000],1,1,1.0000,[[CalumetBeach201506010400_Water_Temperature]]
2025-10-15 19:13:24.565,23.155,Calumet_HighTurbidity_85,atomic,[Calumet_HighTurbidity_85],[1.0000],1,1,1.0000,[[CalumetBeach201506010400_Turbidity]]
2025-10-15 19:13:24.567,23.157,Calumet_LocalAlert_85,complex,[Calumet_HighTurbidity_85;Calumet_WaterTempDrop_85],[1.0000;1.0000],2,2,1.0000,[[CalumetBeach201506010400_Turbidity];[CalumetBeach201505310500_Water_Temperature]]
2025-10-15 19:13:24.627,23.217,63rd_WaterTempDrop_85,atomic,[63rd_WaterTempDrop_85],[1.0000],1,1,1.0000,[[63rdStreetBeach201506010500_Water_Temperature]]
2025-10-15 19:13:24.628,23.218,Calumet_WaterTempDrop_85,atomic,[Calumet_WaterTempDrop_85],[1.0000],1,1,1.0000,[[CalumetBeach201506010500_Water_Temperature]]
2025-10-15 19:13:24.688,23.278,63rd_WaterTempDrop_85,atomic,[63rd_WaterTempDrop_85],[1.0000],1,1,1.0000,[[63rdStreetBeach201506010600_Water_Temperature]]
2025-10-15 19:13:24.689,23.279,Calumet_WaterTempDrop_85,atomic,[Calumet_WaterTempDrop_85],[1.0000],1,1,1.0000,[[CalumetBeach201506010600_Water_Temperature]]
2025-10-15 19:13:24.750,23.340,Calumet_WaterTempDrop_85,atomic,[Calumet_WaterTempDrop_85],[1.0000],1,1,1.0000,[[CalumetBeach201506010700_Water_Temperature]]
2025-10-15 19:13:24.811,23.401,Calumet_WaterTempDrop_85,atomic,[Calumet_WaterTempDrop_85],[1.0000],1,1,1.0000,[[CalumetBeach201506010800_Water_Temperature]]
2025-10-15 19:13:24.875,23.465,Calumet_WaterTempDrop_85,atomic,[Calumet_WaterTempDrop_85],[1.0000],1,1,1.0000,[[CalumetBeach201506010900_Water_Temperature]]
2025-10-15 19:13:24.940,23.530,63rd_WaterTempDrop_85,atomic,[63rd_WaterTempDrop_85],[1.0000],1,1,1.0000,[[63rdStreetBeach201506011000_Water_Temperature]]
2025-10-15 19:13:24.940,23.530,Calumet_WaterTempDrop_85,atomic,[Calumet_WaterTempDrop_85],[1.0000],1,1,1.0000,[[CalumetBeach201506011000_Water_Temperature]]
2025-10-15 19:13:25.001,23.591,63rd_WaterTempDrop_85,atomic,[63rd_WaterTempDrop_85],[1.0000],1,1,1.0000,[[63rdStreetBeach201506011100_Water_Temperature]]
2025-10-15 19:13:25.001,23.591,63rd_HighWave_85,atomic,[63rd_HighWave_85],[1.0000],1,1,1.0000,[[63rdStreetBeach201506011100_Wave_Height]]
2025-10-15 19:13:25.001,23.591,Calumet_WaterTempDrop_85,atomic,[Calumet_WaterTempDrop_85],[1.0000],1,1,1.0000,[[CalumetBeach201506011100_Water_Temperature]]
2025-10-15 19:13:25.062,23.652,Calumet_WaterTempDrop_85,atomic,[Calumet_WaterTempDrop_85],[1.0000],1,1,1.0000,[[CalumetBeach201506011200_Water_Temperature]]
2025-10-15 19:13:25.124,23.714,Calumet_HighTurbidity_85,atomic,[Calumet_HighTurbidity_85],[0.8771],1,1,0.8771,[[CalumetBeach201506011300_Turbidity]]
2025-10-15 19:13:25.125,23.715,Calumet_LocalAlert_85,complex,[Calumet_HighTurbidity_85;Calumet_WaterTempDrop_85],[0.8771;1.0000],2,2,0.9386,[[CalumetBeach201506011300_Turbidity];[CalumetBeach201506010500_Water_Temperature]]
2025-10-15 19:13:25.127,23.717,Calumet_WaterTempDrop_85,atomic,[Calumet_WaterTempDrop_85],[1.0000],1,1,1.0000,[[CalumetBeach201506011300_Water_Temperature]]
2025-10-15 19:13:25.185,23.775,Calumet_HighTurbidity_85,atomic,[Calumet_HighTurbidity_85],[0.8635],1,1,0.8635,[[CalumetBeach201506011400_Turbidity]]
2025-10-15 19:13:25.187,23.777,Calumet_LocalAlert_85,complex,[Calumet_HighTurbidity_85;Calumet_WaterTempDrop_85],[0.8635;1.0000],2,2,0.9317,[[CalumetBeach201506011400_Turbidity];[CalumetBeach201506011300_Water_Temperature]]
2025-10-15 19:13:25.187,23.777,63rd_WaterTempDrop_85,atomic,[63rd_WaterTempDrop_85],[0.9733],1,1,0.9733,[[63rdStreetBeach201506011400_Water_Temperature]]
2025-10-15 19:13:25.188,23.778,Calumet_WaterTempDrop_85,atomic,[Calumet_WaterTempDrop_85],[1.0000],1,1,1.0000,[[CalumetBeach201506011400_Water_Temperature]]
2025-10-15 19:13:25.188,23.778,63rd_HighWave_85,atomic,[63rd_HighWave_85],[1.0000],1,1,1.0000,[[63rdStreetBeach201506011400_Wave_Height]]
2025-10-15 19:13:25.249,23.839,63rd_WaterTempDrop_85,atomic,[63rd_WaterTempDrop_85],[1.0000],1,1,1.0000,[[63rdStreetBeach201506011500_Water_Temperature]]
2025-10-15 19:13:25.249,23.839,Calumet_WaterTempDrop_85,atomic,[Calumet_WaterTempDrop_85],[1.0000],1,1,1.0000,[[CalumetBeach201506011500_Water_Temperature]]
2025-10-15 19:13:25.311,23.901,Calumet_WaterTempDrop_85,atomic,[Calumet_WaterTempDrop_85],[1.0000],1,1,1.0000,[[CalumetBeach201506011600_Water_Temperature]]
2025-10-15 19:13:25.373,23.963,Calumet_WaterTempDrop_85,atomic,[Calumet_WaterTempDrop_85],[0.9734],1,1,0.9734,[[CalumetBeach201506011700_Water_Temperature]]
2025-10-15 19:13:25.373,23.963,63rd_WaterTempDrop_85,atomic,[63rd_WaterTempDrop_85],[1.0000],1,1,1.0000,[[63rdStreetBeach201506011700_Water_Temperature]]
2025-10-15 19:13:25.373,23.963,63rd_HighWave_85,atomic,[63rd_HighWave_85],[1.0000],1,1,1.0000,[[63rdStreetBeach201506011700_Wave_Height]]
2025-10-15 19:13:25.434,24.024,Calumet_WaterTempDrop_85,atomic,[Calumet_WaterTempDrop_85],[0.9700],1,1,0.9700,[[CalumetBeach201506011800_Water_Temperature]]
2025-10-15 19:13:25.499,24.089,Calumet_WaterTempDrop_85,atomic,[Calumet_WaterTempDrop_85],[1.0000],1,1,1.0000,[[CalumetBeach201506011900_Water_Temperature]]
2025-10-15 19:13:25.499,24.089,63rd_WaterTempDrop_85,atomic,[63rd_WaterTempDrop_85],[1.0000],1,1,1.0000,[[63rdStreetBeach201506011900_Water_Temperature]]
2025-10-15 19:13:25.563,24.153,63rd_WaterTempDrop_85,atomic,[63rd_WaterTempDrop_85],[1.0000],1,1,1.0000,[[63rdStreetBeach201506012000_Water_Temperature]]
2025-10-15 19:13:25.563,24.153,Calumet_WaterTempDrop_85,atomic,[Calumet_WaterTempDrop_85],[1.0000],1,1,1.0000,[[CalumetBeach201506012000_Water_Temperature]]
2025-10-15 19:13:25.621,24.211,63rd_HighWave_85,atomic,[63rd_HighWave_85],[0.8503],1,1,0.8503,[[63rdStreetBeach201506012100_Wave_Height]]
2025-10-15 19:13:25.623,24.213,63rd_WaterTempDrop_85,atomic,[63rd_WaterTempDrop_85],[1.0000],1,1,1.0000,[[63rdStreetBeach201506012100_Water_Temperature]]
2025-10-15 19:13:25.624,24.214,Calumet_WaterTempDrop_85,atomic,[Calumet_WaterTempDrop_85],[1.0000],1,1,1.0000,[[CalumetBeach201506012100_Water_Temperature]]
2025-10-15 19:13:25.685,24.275,Calumet_WaterTempDrop_85,atomic,[Calumet_WaterTempDrop_85],[0.9691],1,1,0.9691,[[CalumetBeach201506012200_Water_Temperature]]
2025-10-15 19:13:25.687,24.277,63rd_WaterTempDrop_85,atomic,[63rd_WaterTempDrop_85],[1.0000],1,1,1.0000,[[63rdStreetBeach201506012200_Water_Temperature]]
2025-10-15 19:13:25.748,24.338,Calumet_WaterTempDrop_85,atomic,[Calumet_WaterTempDrop_85],[1.0000],1,1,1.0000,[[CalumetBeach201506012300_Water_Temperature]]
2025-10-15 19:13:25.812,24.402,63rd_HighWave_85,atomic,[63rd_HighWave_85],[0.8521],1,1,0.8521,[[63rdStreetBeach201506022400_Wave_Height]]
2025-10-15 19:13:25.812,24.402,63rd_WaterTempDrop_85,atomic,[63rd_WaterTempDrop_85],[1.0000],1,1,1.0000,[[63rdStreetBeach201506022400_Water_Temperature]]
2025-10-15 19:13:25.814,24.404,Calumet_WaterTempDrop_85,atomic,[Calumet_WaterTempDrop_85],[1.0000],1,1,1.0000,[[CalumetBeach201506022400_Water_Temperature]]
2025-10-15 19:13:25.886,24.476,Calumet_WaterTempDrop_85,atomic,[Calumet_WaterTempDrop_85],[1.0000],1,1,1.0000,[[CalumetBeach201506020100_Water_Temperature]]
2025-10-15 19:13:25.936,24.526,63rd_WaterTempDrop_85,atomic,[63rd_WaterTempDrop_85],[1.0000],1,1,1.0000,[[63rdStreetBeach201506020200_Water_Temperature]]
2025-10-15 19:13:25.936,24.526,Calumet_WaterTempDrop_85,atomic,[Calumet_WaterTempDrop_85],[1.0000],1,1,1.0000,[[CalumetBeach201506020200_Water_Temperature]]
2025-10-15 19:13:25.997,24.587,63rd_WaterTempDrop_85,atomic,[63rd_WaterTempDrop_85],[1.0000],1,1,1.0000,[[63rdStreetBeach201506020300_Water_Temperature]]
2025-10-15 19:13:25.998,24.588,Calumet_WaterTempDrop_85,atomic,[Calumet_WaterTempDrop_85],[1.0000],1,1,1.0000,[[CalumetBeach201506020300_Water_Temperature]]
2025-10-15 19:13:26.059,24.649,Calumet_WaterTempDrop_85,atomic,[Calumet_WaterTempDrop_85],[1.0000],1,1,1.0000,[[CalumetBeach201506020400_Water_Temperature]]
2025-10-15 19:13:26.061,24.651,63rd_WaterTempDrop_85,atomic,[63rd_WaterTempDrop_85],[1.0000],1,1,1.0000,[[63rdStreetBeach201506020400_Water_Temperature]]
2025-10-15 19:13:26.120,24.710,Calumet_WaterTempDrop_85,atomic,[Calumet_WaterTempDrop_85],[1.0000],1,1,1.0000,[[CalumetBeach201506020500_Water_Temperature]]
2025-10-15 19:13:26.182,24.772,Calumet_WaterTempDrop_85,atomic,[Calumet_WaterTempDrop_85],[1.0000],1,1,1.0000,[[CalumetBeach201506020600_Water_Temperature]]
2025-10-15 19:13:26.183,24.773,63rd_WaterTempDrop_85,atomic,[63rd_WaterTempDrop_85],[1.0000],1,1,1.0000,[[63rdStreetBeach201506020600_Water_Temperature]]
2025-10-15 19:13:26.242,24.832,Calumet_WaterTempDrop_85,atomic,[Calumet_WaterTempDrop_85],[1.0000],1,1,1.0000,[[CalumetBeach201506020700_Water_Temperature]]
2025-10-15 19:13:26.243,24.833,63rd_WaterTempDrop_85,atomic,[63rd_WaterTempDrop_85],[1.0000],1,1,1.0000,[[63rdStreetBeach201506020700_Water_Temperature]]
2025-10-15 19:13:26.307,24.897,63rd_WaterTempDrop_85,atomic,[63rd_WaterTempDrop_85],[1.0000],1,1,1.0000,[[63rdStreetBeach201506020800_Water_Temperature]]
2025-10-15 19:13:26.309,24.899,Calumet_WaterTempDrop_85,atomic,[Calumet_WaterTempDrop_85],[1.0000],1,1,1.0000,[[CalumetBeach201506020800_Water_Temperature]]
2025-10-15 19:13:26.371,24.961,63rd_WaterTempDrop_85,atomic,[63rd_WaterTempDrop_85],[1.0000],1,1,1.0000,[[63rdStreetBeach201506020900_Water_Temperature]]
2025-10-15 19:13:26.371,24.961,Calumet_WaterTempDrop_85,atomic,[Calumet_WaterTempDrop_85],[1.0000],1,1,1.0000,[[CalumetBeach201506020900_Water_Temperature]]
2025-10-15 19:13:26.429,25.019,Calumet_WaterTempDrop_85,atomic,[Calumet_WaterTempDrop_85],[0.9726],1,1,0.9726,[[CalumetBeach201506021000_Water_Temperature]]
2025-10-15 19:13:26.493,25.083,63rd_WaterTempDrop_85,atomic,[63rd_WaterTempDrop_85],[0.9732],1,1,0.9732,[[63rdStreetBeach201506021100_Water_Temperature]]
2025-10-15 19:13:26.500,25.090,Calumet_WaterTempDrop_85,atomic,[Calumet_WaterTempDrop_85],[1.0000],1,1,1.0000,[[CalumetBeach201506021100_Water_Temperature]]
2025-10-15 19:13:26.500,25.090,Montrose_WaterTempDrop_85,atomic,[Montrose_WaterTempDrop_85],[1.0000],1,1,1.0000,[[MontroseBeach201506021100_Water_Temperature]]
2025-10-15 19:13:26.557,25.147,Calumet_WaterTempDrop_85,atomic,[Calumet_WaterTempDrop_85],[1.0000],1,1,1.0000,[[CalumetBeach201506021200_Water_Temperature]]
2025-10-15 19:13:26.559,25.149,63rd_WaterTempDrop_85,atomic,[63rd_WaterTempDrop_85],[1.0000],1,1,1.0000,[[63rdStreetBeach201506021200_Water_Temperature]]
2025-10-15 19:13:26.619,25.209,Montrose_WaterTempDrop_85,atomic,[Montrose_WaterTempDrop_85],[0.9732],1,1,0.9732,[[MontroseBeach201506021300_Water_Temperature]]
2025-10-15 19:13:26.622,25.212,Calumet_WaterTempDrop_85,atomic,[Calumet_WaterTempDrop_85],[1.0000],1,1,1.0000,[[CalumetBeach201506021300_Water_Temperature]]
2025-10-15 19:13:26.623,25.213,63rd_WaterTempDrop_85,atomic,[63rd_WaterTempDrop_85],[1.0000],1,1,1.0000,[[63rdStreetBeach201506021300_Water_Temperature]]
2025-10-15 19:13:26.685,25.275,Calumet_WaterTempDrop_85,atomic,[Calumet_WaterTempDrop_85],[1.0000],1,1,1.0000,[[CalumetBeach201506021400_Water_Temperature]]
2025-10-15 19:13:26.686,25.276,63rd_WaterTempDrop_85,atomic,[63rd_WaterTempDrop_85],[0.9707],1,1,0.9707,[[63rdStreetBeach201506021400_Water_Temperature]]
2025-10-15 19:13:26.686,25.276,Montrose_WaterTempDrop_85,atomic,[Montrose_WaterTempDrop_85],[1.0000],1,1,1.0000,[[MontroseBeach201506021400_Water_Temperature]]
2025-10-15 19:13:26.743,25.333,Calumet_WaterTempDrop_85,atomic,[Calumet_WaterTempDrop_85],[1.0000],1,1,1.0000,[[CalumetBeach201506021500_Water_Temperature]]
2025-10-15 19:13:26.808,25.398,63rd_WaterTempDrop_85,atomic,[63rd_WaterTempDrop_85],[0.9670],1,1,0.9670,[[63rdStreetBeach201506021600_Water_Temperature]]
2025-10-15 19:13:26.809,25.399,Calumet_WaterTempDrop_85,atomic,[Calumet_WaterTempDrop_85],[0.9718],1,1,0.9718,[[CalumetBeach201506021600_Water_Temperature]]
2025-10-15 19:13:26.870,25.460,Calumet_WaterTempDrop_85,atomic,[Calumet_WaterTempDrop_85],[1.0000],1,1,1.0000,[[CalumetBeach201506021700_Water_Temperature]]
2025-10-15 19:13:26.931,25.521,Montrose_WaterTempDrop_85,atomic,[Montrose_WaterTempDrop_85],[0.9702],1,1,0.9702,[[MontroseBeach201506021800_Water_Temperature]]
2025-10-15 19:13:26.931,25.521,63rd_WaterTempDrop_85,atomic,[63rd_WaterTempDrop_85],[1.0000],1,1,1.0000,[[63rdStreetBeach201506021800_Water_Temperature]]
2025-10-15 19:13:26.935,25.525,Calumet_WaterTempDrop_85,atomic,[Calumet_WaterTempDrop_85],[1.0000],1,1,1.0000,[[CalumetBeach201506021800_Water_Temperature]]
2025-10-15 19:13:26.994,25.584,Calumet_WaterTempDrop_85,atomic,[Calumet_WaterTempDrop_85],[0.9698],1,1,0.9698,[[CalumetBeach201506021900_Water_Temperature]]
2025-10-15 19:13:26.997,25.587,Montrose_WaterTempDrop_85,atomic,[Montrose_WaterTempDrop_85],[1.0000],1,1,1.0000,[[MontroseBeach201506021900_Water_Temperature]]
2025-10-15 19:13:27.057,25.647,63rd_WaterTempDrop_85,atomic,[63rd_WaterTempDrop_85],[0.9647],1,1,0.9647,[[63rdStreetBeach201506022000_Water_Temperature]]
2025-10-15 19:13:27.059,25.649,Calumet_WaterTempDrop_85,atomic,[Calumet_WaterTempDrop_85],[0.9659],1,1,0.9659,[[CalumetBeach201506022000_Water_Temperature]]
2025-10-15 19:13:27.060,25.650,Montrose_WaterTempDrop_85,atomic,[Montrose_WaterTempDrop_85],[1.0000],1,1,1.0000,[[MontroseBeach201506022000_Water_Temperature]]
2025-10-15 19:13:27.123,25.713,Calumet_WaterTempDrop_85,atomic,[Calumet_WaterTempDrop_85],[1.0000],1,1,1.0000,[[CalumetBeach201506022100_Water_Temperature]]
2025-10-15 19:13:27.124,25.714,63rd_WaterTempDrop_85,atomic,[63rd_WaterTempDrop_85],[1.0000],1,1,1.0000,[[63rdStreetBeach201506022100_Water_Temperature]]
2025-10-15 19:13:27.124,25.714,Montrose_WaterTempDrop_85,atomic,[Montrose_WaterTempDrop_85],[1.0000],1,1,1.0000,[[MontroseBeach201506022100_Water_Temperature]]
2025-10-15 19:13:27.183,25.773,Montrose_WaterTempDrop_85,atomic,[Montrose_WaterTempDrop_85],[0.9692],1,1,0.9692,[[MontroseBeach201506022200_Water_Temperature]]
2025-10-15 19:13:27.185,25.775,Calumet_WaterTempDrop_85,atomic,[Calumet_WaterTempDrop_85],[0.9639],1,1,0.9639,[[CalumetBeach201506022200_Water_Temperature]]
2025-10-15 19:13:27.186,25.776,63rd_WaterTempDrop_85,atomic,[63rd_WaterTempDrop_85],[1.0000],1,1,1.0000,[[63rdStreetBeach201506022200_Water_Temperature]]
2025-10-15 19:13:27.186,25.776,63rd_HighTurbidity_85,atomic,[63rd_HighTurbidity_85],[1.0000],1,1,1.0000,[[63rdStreetBeach201506022200_Turbidity]]
2025-10-15 19:13:27.187,25.777,63rd_LocalAlert_85,complex,[63rd_HighTurbidity_85;63rd_WaterTempDrop_85],[1.0000;1.0000],2,2,1.0000,[[63rdStreetBeach201506022200_Turbidity];[63rdStreetBeach201505312100_Water_Temperature]]
2025-10-15 19:13:27.187,25.777,CalumetTo63rd_AlertSpread_85,complex,[Calumet_LocalAlert_85;63rd_LocalAlert_85],[1.0000;1.0000],4,4,1.0000,[[CalumetBeach201505310400_Turbidity];[CalumetBeach201505310300_Water_Temperature];[63rdStreetBeach201506022200_Turbidity];[63rdStreetBeach201505312100_Water_Temperature]]
2025-10-15 19:13:27.246,25.836,Calumet_WaterTempDrop_85,atomic,[Calumet_WaterTempDrop_85],[1.0000],1,1,1.0000,[[CalumetBeach201506022300_Water_Temperature]]
2025-10-15 19:13:27.250,25.840,Montrose_WaterTempDrop_85,atomic,[Montrose_WaterTempDrop_85],[1.0000],1,1,1.0000,[[MontroseBeach201506022300_Water_Temperature]]
2025-10-15 19:13:27.250,25.840,63rd_WaterTempDrop_85,atomic,[63rd_WaterTempDrop_85],[1.0000],1,1,1.0000,[[63rdStreetBeach201506022300_Water_Temperature]]
2025-10-15 19:13:27.308,25.898,Montrose_WaterTempDrop_85,atomic,[Montrose_WaterTempDrop_85],[1.0000],1,1,1.0000,[[MontroseBeach201506032400_Water_Temperature]]
2025-10-15 19:13:27.309,25.899,63rd_WaterTempDrop_85,atomic,[63rd_WaterTempDrop_85],[1.0000],1,1,1.0000,[[63rdStreetBeach201506032400_Water_Temperature]]
2025-10-15 19:13:27.369,25.959,Montrose_WaterTempDrop_85,atomic,[Montrose_WaterTempDrop_85],[0.9678],1,1,0.9678,[[MontroseBeach201506030100_Water_Temperature]]
2025-10-15 19:13:27.369,25.959,Calumet_WaterTempDrop_85,atomic,[Calumet_WaterTempDrop_85],[1.0000],1,1,1.0000,[[CalumetBeach201506030100_Water_Temperature]]
2025-10-15 19:13:27.432,26.022,Montrose_WaterTempDrop_85,atomic,[Montrose_WaterTempDrop_85],[1.0000],1,1,1.0000,[[MontroseBeach201506030200_Water_Temperature]]
2025-10-15 19:13:27.433,26.023,Calumet_WaterTempDrop_85,atomic,[Calumet_WaterTempDrop_85],[1.0000],1,1,1.0000,[[CalumetBeach201506030200_Water_Temperature]]
2025-10-15 19:13:27.495,26.085,Calumet_WaterTempDrop_85,atomic,[Calumet_WaterTempDrop_85],[0.9660],1,1,0.9660,[[CalumetBeach201506030300_Water_Temperature]]
2025-10-15 19:13:27.496,26.086,63rd_WaterTempDrop_85,atomic,[63rd_WaterTempDrop_85],[1.0000],1,1,1.0000,[[63rdStreetBeach201506030300_Water_Temperature]]
2025-10-15 19:13:27.497,26.087,Montrose_WaterTempDrop_85,atomic,[Montrose_WaterTempDrop_85],[1.0000],1,1,1.0000,[[MontroseBeach201506030300_Water_Temperature]]
2025-10-15 19:13:27.557,26.147,Calumet_WaterTempDrop_85,atomic,[Calumet_WaterTempDrop_85],[1.0000],1,1,1.0000,[[CalumetBeach201506030400_Water_Temperature]]
2025-10-15 19:13:27.558,26.148,63rd_WaterTempDrop_85,atomic,[63rd_WaterTempDrop_85],[1.0000],1,1,1.0000,[[63rdStreetBeach201506030400_Water_Temperature]]
2025-10-15 19:13:27.617,26.207,63rd_WaterTempDrop_85,atomic,[63rd_WaterTempDrop_85],[1.0000],1,1,1.0000,[[63rdStreetBeach201506030500_Water_Temperature]]
2025-10-15 19:13:27.679,26.269,63rd_WaterTempDrop_85,atomic,[63rd_WaterTempDrop_85],[0.9703],1,1,0.9703,[[63rdStreetBeach201506031100_Water_Temperature]]
2025-10-15 19:13:27.680,26.270,Calumet_WaterTempDrop_85,atomic,[Calumet_WaterTempDrop_85],[1.0000],1,1,1.0000,[[CalumetBeach201506031100_Water_Temperature]]
2025-10-15 19:13:27.741,26.331,63rd_WaterTempDrop_85,atomic,[63rd_WaterTempDrop_85],[1.0000],1,1,1.0000,[[63rdStreetBeach201506031200_Water_Temperature]]
2025-10-15 19:13:27.742,26.332,Calumet_WaterTempDrop_85,atomic,[Calumet_WaterTempDrop_85],[0.9659],1,1,0.9659,[[CalumetBeach201506031200_Water_Temperature]]
2025-10-15 19:13:27.744,26.334,Montrose_WaterTempDrop_85,atomic,[Montrose_WaterTempDrop_85],[1.0000],1,1,1.0000,[[MontroseBeach201506031200_Water_Temperature]]
2025-10-15 19:13:27.807,26.397,Montrose_WaterTempDrop_85,atomic,[Montrose_WaterTempDrop_85],[1.0000],1,1,1.0000,[[MontroseBeach201506031300_Water_Temperature]]
2025-10-15 19:13:27.808,26.398,Calumet_WaterTempDrop_85,atomic,[Calumet_WaterTempDrop_85],[1.0000],1,1,1.0000,[[CalumetBeach201506031300_Water_Temperature]]
2025-10-15 19:13:27.809,26.399,63rd_WaterTempDrop_85,atomic,[63rd_WaterTempDrop_85],[1.0000],1,1,1.0000,[[63rdStreetBeach201506031300_Water_Temperature]]
2025-10-15 19:13:27.865,26.455,Montrose_WaterTempDrop_85,atomic,[Montrose_WaterTempDrop_85],[0.9691],1,1,0.9691,[[MontroseBeach201506031400_Water_Temperature]]
2025-10-15 19:13:27.868,26.458,Calumet_WaterTempDrop_85,atomic,[Calumet_WaterTempDrop_85],[1.0000],1,1,1.0000,[[CalumetBeach201506031400_Water_Temperature]]
2025-10-15 19:13:27.869,26.459,63rd_WaterTempDrop_85,atomic,[63rd_WaterTempDrop_85],[1.0000],1,1,1.0000,[[63rdStreetBeach201506031400_Water_Temperature]]
2025-10-15 19:13:27.926,26.516,Calumet_WaterTempDrop_85,atomic,[Calumet_WaterTempDrop_85],[0.9658],1,1,0.9658,[[CalumetBeach201506031500_Water_Temperature]]
2025-10-15 19:13:27.930,26.520,63rd_WaterTempDrop_85,atomic,[63rd_WaterTempDrop_85],[1.0000],1,1,1.0000,[[63rdStreetBeach201506031500_Water_Temperature]]
2025-10-15 19:13:27.931,26.521,Montrose_WaterTempDrop_85,atomic,[Montrose_WaterTempDrop_85],[1.0000],1,1,1.0000,[[MontroseBeach201506031500_Water_Temperature]]
2025-10-15 19:13:27.990,26.580,Calumet_WaterTempDrop_85,atomic,[Calumet_WaterTempDrop_85],[0.9617],1,1,0.9617,[[CalumetBeach201506031600_Water_Temperature]]
2025-10-15 19:13:27.992,26.582,Montrose_WaterTempDrop_85,atomic,[Montrose_WaterTempDrop_85],[1.0000],1,1,1.0000,[[MontroseBeach201506031600_Water_Temperature]]
2025-10-15 19:13:27.994,26.584,63rd_WaterTempDrop_85,atomic,[63rd_WaterTempDrop_85],[1.0000],1,1,1.0000,[[63rdStreetBeach201506031600_Water_Temperature]]
2025-10-15 19:13:28.054,26.644,63rd_WaterTempDrop_85,atomic,[63rd_WaterTempDrop_85],[0.9710],1,1,0.9710,[[63rdStreetBeach201506031700_Water_Temperature]]
2025-10-15 19:13:28.055,26.645,Montrose_WaterTempDrop_85,atomic,[Montrose_WaterTempDrop_85],[1.0000],1,1,1.0000,[[MontroseBeach201506031700_Water_Temperature]]
2025-10-15 19:13:28.058,26.648,Calumet_WaterTempDrop_85,atomic,[Calumet_WaterTempDrop_85],[1.0000],1,1,1.0000,[[CalumetBeach201506031700_Water_Temperature]]
2025-10-15 19:13:28.116,26.706,Montrose_WaterTempDrop_85,atomic,[Montrose_WaterTempDrop_85],[1.0000],1,1,1.0000,[[MontroseBeach201506031800_Water_Temperature]]
2025-10-15 19:13:28.118,26.708,63rd_WaterTempDrop_85,atomic,[63rd_WaterTempDrop_85],[1.0000],1,1,1.0000,[[63rdStreetBeach201506031800_Water_Temperature]]
2025-10-15 19:13:28.120,26.710,Calumet_WaterTempDrop_85,atomic,[Calumet_WaterTempDrop_85],[1.0000],1,1,1.0000,[[CalumetBeach201506031800_Water_Temperature]]
2025-10-15 19:13:28.182,26.772,63rd_WaterTempDrop_85,atomic,[63rd_WaterTempDrop_85],[1.0000],1,1,1.0000,[[63rdStreetBeach201506031900_Water_Temperature]]
2025-10-15 19:13:28.182,26.772,Calumet_WaterTempDrop_85,atomic,[Calumet_WaterTempDrop_85],[1.0000],1,1,1.0000,[[CalumetBeach201506031900_Water_Temperature]]
2025-10-15 19:13:28.182,26.772,Montrose_WaterTempDrop_85,atomic,[Montrose_WaterTempDrop_85],[1.0000],1,1,1.0000,[[MontroseBeach201506031900_Water_Temperature]]
2025-10-15 19:13:28.241,26.831,63rd_WaterTempDrop_85,atomic,[63rd_WaterTempDrop_85],[1.0000],1,1,1.0000,[[63rdStreetBeach201506032000_Water_Temperature]]
2025-10-15 19:13:28.244,26.834,Montrose_WaterTempDrop_85,atomic,[Montrose_WaterTempDrop_85],[1.0000],1,1,1.0000,[[MontroseBeach201506032000_Water_Temperature]]
2025-10-15 19:13:28.244,26.834,Calumet_WaterTempDrop_85,atomic,[Calumet_WaterTempDrop_85],[1.0000],1,1,1.0000,[[CalumetBeach201506032000_Water_Temperature]]
2025-10-15 19:13:28.305,26.895,63rd_WaterTempDrop_85,atomic,[63rd_WaterTempDrop_85],[1.0000],1,1,1.0000,[[63rdStreetBeach201506032100_Water_Temperature]]
2025-10-15 19:13:28.306,26.896,Montrose_WaterTempDrop_85,atomic,[Montrose_WaterTempDrop_85],[1.0000],1,1,1.0000,[[MontroseBeach201506032100_Water_Temperature]]
2025-10-15 19:13:28.308,26.898,Calumet_WaterTempDrop_85,atomic,[Calumet_WaterTempDrop_85],[1.0000],1,1,1.0000,[[CalumetBeach201506032100_Water_Temperature]]
2025-10-15 19:13:28.370,26.960,63rd_WaterTempDrop_85,atomic,[63rd_WaterTempDrop_85],[1.0000],1,1,1.0000,[[63rdStreetBeach201506032200_Water_Temperature]]
2025-10-15 19:13:28.371,26.961,Montrose_WaterTempDrop_85,atomic,[Montrose_WaterTempDrop_85],[1.0000],1,1,1.0000,[[MontroseBeach201506032200_Water_Temperature]]
2025-10-15 19:13:28.371,26.961,Calumet_WaterTempDrop_85,atomic,[Calumet_WaterTempDrop_85],[1.0000],1,1,1.0000,[[CalumetBeach201506032200_Water_Temperature]]
2025-10-15 19:13:28.430,27.020,Montrose_WaterTempDrop_85,atomic,[Montrose_WaterTempDrop_85],[1.0000],1,1,1.0000,[[MontroseBeach201506032300_Water_Temperature]]
2025-10-15 19:13:28.432,27.022,63rd_WaterTempDrop_85,atomic,[63rd_WaterTempDrop_85],[1.0000],1,1,1.0000,[[63rdStreetBeach201506032300_Water_Temperature]]
2025-10-15 19:13:28.433,27.023,Calumet_WaterTempDrop_85,atomic,[Calumet_WaterTempDrop_85],[1.0000],1,1,1.0000,[[CalumetBeach201506032300_Water_Temperature]]
2025-10-15 19:13:28.492,27.082,Calumet_WaterTempDrop_85,atomic,[Calumet_WaterTempDrop_85],[1.0000],1,1,1.0000,[[CalumetBeach201506042400_Water_Temperature]]
2025-10-15 19:13:28.495,27.085,63rd_WaterTempDrop_85,atomic,[63rd_WaterTempDrop_85],[1.0000],1,1,1.0000,[[63rdStreetBeach201506042400_Water_Temperature]]
2025-10-15 19:13:28.496,27.086,Montrose_WaterTempDrop_85,atomic,[Montrose_WaterTempDrop_85],[1.0000],1,1,1.0000,[[MontroseBeach201506042400_Water_Temperature]]
2025-10-15 19:13:28.556,27.146,Calumet_WaterTempDrop_85,atomic,[Calumet_WaterTempDrop_85],[1.0000],1,1,1.0000,[[CalumetBeach201506040100_Water_Temperature]]
2025-10-15 19:13:28.557,27.147,63rd_WaterTempDrop_85,atomic,[63rd_WaterTempDrop_85],[1.0000],1,1,1.0000,[[63rdStreetBeach201506040100_Water_Temperature]]
2025-10-15 19:13:28.558,27.148,Montrose_WaterTempDrop_85,atomic,[Montrose_WaterTempDrop_85],[1.0000],1,1,1.0000,[[MontroseBeach201506040100_Water_Temperature]]
2025-10-15 19:13:28.619,27.209,Montrose_WaterTempDrop_85,atomic,[Montrose_WaterTempDrop_85],[1.0000],1,1,1.0000,[[MontroseBeach201506040200_Water_Temperature]]
2025-10-15 19:13:28.621,27.211,Calumet_WaterTempDrop_85,atomic,[Calumet_WaterTempDrop_85],[1.0000],1,1,1.0000,[[CalumetBeach201506040200_Water_Temperature]]
2025-10-15 19:13:28.622,27.212,63rd_WaterTempDrop_85,atomic,[63rd_WaterTempDrop_85],[1.0000],1,1,1.0000,[[63rdStreetBeach201506040200_Water_Temperature]]
2025-10-15 19:13:28.677,27.267,63rd_WaterTempDrop_85,atomic,[63rd_WaterTempDrop_85],[0.9725],1,1,0.9725,[[63rdStreetBeach201506040300_Water_Temperature]]
2025-10-15 19:13:28.681,27.271,Montrose_WaterTempDrop_85,atomic,[Montrose_WaterTempDrop_85],[1.0000],1,1,1.0000,[[MontroseBeach201506040300_Water_Temperature]]
2025-10-15 19:13:28.682,27.272,Calumet_WaterTempDrop_85,atomic,[Calumet_WaterTempDrop_85],[1.0000],1,1,1.0000,[[CalumetBeach201506040300_Water_Temperature]]
2025-10-15 19:13:28.742,27.332,63rd_WaterTempDrop_85,atomic,[63rd_WaterTempDrop_85],[1.0000],1,1,1.0000,[[63rdStreetBeach201506040400_Water_Temperature]]
2025-10-15 19:13:28.745,27.335,Montrose_WaterTempDrop_85,atomic,[Montrose_WaterTempDrop_85],[1.0000],1,1,1.0000,[[MontroseBeach201506040400_Water_Temperature]]
2025-10-15 19:13:28.746,27.336,Calumet_WaterTempDrop_85,atomic,[Calumet_WaterTempDrop_85],[1.0000],1,1,1.0000,[[CalumetBeach201506040400_Water_Temperature]]
2025-10-15 19:13:28.807,27.397,Calumet_WaterTempDrop_85,atomic,[Calumet_WaterTempDrop_85],[1.0000],1,1,1.0000,[[CalumetBeach201506040500_Water_Temperature]]
2025-10-15 19:13:28.808,27.398,Montrose_WaterTempDrop_85,atomic,[Montrose_WaterTempDrop_85],[1.0000],1,1,1.0000,[[MontroseBeach201506040500_Water_Temperature]]
2025-10-15 19:13:28.810,27.400,63rd_WaterTempDrop_85,atomic,[63rd_WaterTempDrop_85],[1.0000],1,1,1.0000,[[63rdStreetBeach201506040500_Water_Temperature]]
2025-10-15 19:13:28.867,27.457,Calumet_WaterTempDrop_85,atomic,[Calumet_WaterTempDrop_85],[1.0000],1,1,1.0000,[[CalumetBeach201506040600_Water_Temperature]]
2025-10-15 19:13:28.871,27.461,Montrose_WaterTempDrop_85,atomic,[Montrose_WaterTempDrop_85],[1.0000],1,1,1.0000,[[MontroseBeach201506040600_Water_Temperature]]
2025-10-15 19:13:28.872,27.462,63rd_WaterTempDrop_85,atomic,[63rd_WaterTempDrop_85],[1.0000],1,1,1.0000,[[63rdStreetBeach201506040600_Water_Temperature]]
2025-10-15 19:13:28.933,27.523,63rd_WaterTempDrop_85,atomic,[63rd_WaterTempDrop_85],[1.0000],1,1,1.0000,[[63rdStreetBeach201506040700_Water_Temperature]]
2025-10-15 19:13:28.933,27.523,Montrose_WaterTempDrop_85,atomic,[Montrose_WaterTempDrop_85],[1.0000],1,1,1.0000,[[MontroseBeach201506040700_Water_Temperature]]
2025-10-15 19:13:28.935,27.525,Calumet_WaterTempDrop_85,atomic,[Calumet_WaterTempDrop_85],[1.0000],1,1,1.0000,[[CalumetBeach201506040700_Water_Temperature]]
2025-10-15 19:13:28.995,27.585,Calumet_WaterTempDrop_85,atomic,[Calumet_WaterTempDrop_85],[1.0000],1,1,1.0000,[[CalumetBeach201506040800_Water_Temperature]]
2025-10-15 19:13:28.996,27.586,63rd_WaterTempDrop_85,atomic,[63rd_WaterTempDrop_85],[0.9712],1,1,0.9712,[[63rdStreetBeach201506040800_Water_Temperature]]
2025-10-15 19:13:28.996,27.586,Montrose_WaterTempDrop_85,atomic,[Montrose_WaterTempDrop_85],[1.0000],1,1,1.0000,[[MontroseBeach201506040800_Water_Temperature]]
2025-10-15 19:13:29.055,27.645,Montrose_WaterTempDrop_85,atomic,[Montrose_WaterTempDrop_85],[1.0000],1,1,1.0000,[[MontroseBeach201506040900_Water_Temperature]]
2025-10-15 19:13:29.058,27.648,Calumet_WaterTempDrop_85,atomic,[Calumet_WaterTempDrop_85],[1.0000],1,1,1.0000,[[CalumetBeach201506040900_Water_Temperature]]
2025-10-15 19:13:29.059,27.649,63rd_WaterTempDrop_85,atomic,[63rd_WaterTempDrop_85],[1.0000],1,1,1.0000,[[63rdStreetBeach201506040900_Water_Temperature]]
2025-10-15 19:13:29.116,27.706,Calumet_WaterTempDrop_85,atomic,[Calumet_WaterTempDrop_85],[0.9732],1,1,0.9732,[[CalumetBeach201506041000_Water_Temperature]]
2025-10-15 19:13:29.119,27.709,Montrose_WaterTempDrop_85,atomic,[Montrose_WaterTempDrop_85],[1.0000],1,1,1.0000,[[MontroseBeach201506041000_Water_Temperature]]
2025-10-15 19:13:29.121,27.711,63rd_WaterTempDrop_85,atomic,[63rd_WaterTempDrop_85],[1.0000],1,1,1.0000,[[63rdStreetBeach201506041000_Water_Temperature]]
2025-10-15 19:13:29.180,27.770,Calumet_WaterTempDrop_85,atomic,[Calumet_WaterTempDrop_85],[0.9697],1,1,0.9697,[[CalumetBeach201506041100_Water_Temperature]]
2025-10-15 19:13:29.180,27.770,Montrose_WaterTempDrop_85,atomic,[Montrose_WaterTempDrop_85],[1.0000],1,1,1.0000,[[MontroseBeach201506041100_Water_Temperature]]
2025-10-15 19:13:29.183,27.773,63rd_WaterTempDrop_85,atomic,[63rd_WaterTempDrop_85],[1.0000],1,1,1.0000,[[63rdStreetBeach201506041100_Water_Temperature]]
2025-10-15 19:13:29.240,27.830,Calumet_WaterTempDrop_85,atomic,[Calumet_WaterTempDrop_85],[0.9658],1,1,0.9658,[[CalumetBeach201506041200_Water_Temperature]]
2025-10-15 19:13:29.243,27.833,Montrose_WaterTempDrop_85,atomic,[Montrose_WaterTempDrop_85],[1.0000],1,1,1.0000,[[MontroseBeach201506041200_Water_Temperature]]
2025-10-15 19:13:29.245,27.835,63rd_WaterTempDrop_85,atomic,[63rd_WaterTempDrop_85],[1.0000],1,1,1.0000,[[63rdStreetBeach201506041200_Water_Temperature]]
2025-10-15 19:13:29.305,27.895,Montrose_WaterTempDrop_85,atomic,[Montrose_WaterTempDrop_85],[1.0000],1,1,1.0000,[[MontroseBeach201506041300_Water_Temperature]]
2025-10-15 19:13:29.307,27.897,Calumet_WaterTempDrop_85,atomic,[Calumet_WaterTempDrop_85],[0.9614],1,1,0.9614,[[CalumetBeach201506041300_Water_Temperature]]
2025-10-15 19:13:29.307,27.897,63rd_WaterTempDrop_85,atomic,[63rd_WaterTempDrop_85],[1.0000],1,1,1.0000,[[63rdStreetBeach201506041300_Water_Temperature]]
2025-10-15 19:13:29.369,27.959,Montrose_WaterTempDrop_85,atomic,[Montrose_WaterTempDrop_85],[1.0000],1,1,1.0000,[[MontroseBeach201506041400_Water_Temperature]]
2025-10-15 19:13:29.371,27.961,Calumet_WaterTempDrop_85,atomic,[Calumet_WaterTempDrop_85],[1.0000],1,1,1.0000,[[CalumetBeach201506041400_Water_Temperature]]
2025-10-15 19:13:29.371,27.961,63rd_WaterTempDrop_85,atomic,[63rd_WaterTempDrop_85],[1.0000],1,1,1.0000,[[63rdStreetBeach201506041400_Water_Temperature]]
2025-10-15 19:13:29.432,28.022,Calumet_WaterTempDrop_85,atomic,[Calumet_WaterTempDrop_85],[1.0000],1,1,1.0000,[[CalumetBeach201506041500_Water_Temperature]]
2025-10-15 19:13:29.433,28.023,63rd_WaterTempDrop_85,atomic,[63rd_WaterTempDrop_85],[1.0000],1,1,1.0000,[[63rdStreetBeach201506041500_Water_Temperature]]
2025-10-15 19:13:29.435,28.025,Montrose_WaterTempDrop_85,atomic,[Montrose_WaterTempDrop_85],[1.0000],1,1,1.0000,[[MontroseBeach201506041500_Water_Temperature]]
2025-10-15 19:13:29.494,28.084,63rd_WaterTempDrop_85,atomic,[63rd_WaterTempDrop_85],[1.0000],1,1,1.0000,[[63rdStreetBeach201506041600_Water_Temperature]]
2025-10-15 19:13:29.496,28.086,Calumet_WaterTempDrop_85,atomic,[Calumet_WaterTempDrop_85],[1.0000],1,1,1.0000,[[CalumetBeach201506041600_Water_Temperature]]
2025-10-15 19:13:29.497,28.087,Montrose_WaterTempDrop_85,atomic,[Montrose_WaterTempDrop_85],[1.0000],1,1,1.0000,[[MontroseBeach201506041600_Water_Temperature]]
2025-10-15 19:13:29.556,28.146,63rd_WaterTempDrop_85,atomic,[63rd_WaterTempDrop_85],[0.9721],1,1,0.9721,[[63rdStreetBeach201506041700_Water_Temperature]]
2025-10-15 19:13:29.557,28.147,Montrose_WaterTempDrop_85,atomic,[Montrose_WaterTempDrop_85],[1.0000],1,1,1.0000,[[MontroseBeach201506041700_Water_Temperature]]
2025-10-15 19:13:29.557,28.147,Calumet_WaterTempDrop_85,atomic,[Calumet_WaterTempDrop_85],[0.9644],1,1,0.9644,[[CalumetBeach201506041700_Water_Temperature]]
2025-10-15 19:13:29.618,28.208,63rd_WaterTempDrop_85,atomic,[63rd_WaterTempDrop_85],[0.9685],1,1,0.9685,[[63rdStreetBeach201506041800_Water_Temperature]]
2025-10-15 19:13:29.621,28.211,Calumet_WaterTempDrop_85,atomic,[Calumet_WaterTempDrop_85],[0.9601],1,1,0.9601,[[CalumetBeach201506041800_Water_Temperature]]
2025-10-15 19:13:29.621,28.211,Montrose_WaterTempDrop_85,atomic,[Montrose_WaterTempDrop_85],[1.0000],1,1,1.0000,[[MontroseBeach201506041800_Water_Temperature]]
2025-10-15 19:13:29.682,28.272,Calumet_WaterTempDrop_85,atomic,[Calumet_WaterTempDrop_85],[0.9552],1,1,0.9552,[[CalumetBeach201506041900_Water_Temperature]]
2025-10-15 19:13:29.685,28.275,63rd_WaterTempDrop_85,atomic,[63rd_WaterTempDrop_85],[1.0000],1,1,1.0000,[[63rdStreetBeach201506041900_Water_Temperature]]
2025-10-15 19:13:29.685,28.275,Montrose_WaterTempDrop_85,atomic,[Montrose_WaterTempDrop_85],[1.0000],1,1,1.0000,[[MontroseBeach201506041900_Water_Temperature]]
2025-10-15 19:13:29.746,28.336,Calumet_WaterTempDrop_85,atomic,[Calumet_WaterTempDrop_85],[0.9499],1,1,0.9499,[[CalumetBeach201506042000_Water_Temperature]]
2025-10-15 19:13:29.747,28.337,63rd_WaterTempDrop_85,atomic,[63rd_WaterTempDrop_85],[1.0000],1,1,1.0000,[[63rdStreetBeach201506042000_Water_Temperature]]
2025-10-15 19:13:29.749,28.339,Montrose_WaterTempDrop_85,atomic,[Montrose_WaterTempDrop_85],[1.0000],1,1,1.0000,[[MontroseBeach201506042000_Water_Temperature]]
2025-10-15 19:13:29.811,28.401,Calumet_WaterTempDrop_85,atomic,[Calumet_WaterTempDrop_85],[1.0000],1,1,1.0000,[[CalumetBeach201506042100_Water_Temperature]]
2025-10-15 19:13:29.812,28.402,Montrose_WaterTempDrop_85,atomic,[Montrose_WaterTempDrop_85],[1.0000],1,1,1.0000,[[MontroseBeach201506042100_Water_Temperature]]
2025-10-15 19:13:29.812,28.402,63rd_WaterTempDrop_85,atomic,[63rd_WaterTempDrop_85],[1.0000],1,1,1.0000,[[63rdStreetBeach201506042100_Water_Temperature]]
2025-10-15 19:13:29.872,28.462,63rd_WaterTempDrop_85,atomic,[63rd_WaterTempDrop_85],[0.9683],1,1,0.9683,[[63rdStreetBeach201506042200_Water_Temperature]]
2025-10-15 19:13:29.874,28.464,Montrose_WaterTempDrop_85,atomic,[Montrose_WaterTempDrop_85],[1.0000],1,1,1.0000,[[MontroseBeach201506042200_Water_Temperature]]
2025-10-15 19:13:29.875,28.465,Calumet_WaterTempDrop_85,atomic,[Calumet_WaterTempDrop_85],[1.0000],1,1,1.0000,[[CalumetBeach201506042200_Water_Temperature]]
2025-10-15 19:13:29.936,28.526,Calumet_WaterTempDrop_85,atomic,[Calumet_WaterTempDrop_85],[1.0000],1,1,1.0000,[[CalumetBeach201506042300_Water_Temperature]]
2025-10-15 19:13:29.938,28.528,Montrose_WaterTempDrop_85,atomic,[Montrose_WaterTempDrop_85],[1.0000],1,1,1.0000,[[MontroseBeach201506042300_Water_Temperature]]
2025-10-15 19:13:29.999,28.589,Montrose_WaterTempDrop_85,atomic,[Montrose_WaterTempDrop_85],[1.0000],1,1,1.0000,[[MontroseBeach201506052400_Water_Temperature]]
2025-10-15 19:13:29.999,28.589,Calumet_WaterTempDrop_85,atomic,[Calumet_WaterTempDrop_85],[1.0000],1,1,1.0000,[[CalumetBeach201506052400_Water_Temperature]]
2025-10-15 19:13:29.999,28.589,63rd_WaterTempDrop_85,atomic,[63rd_WaterTempDrop_85],[1.0000],1,1,1.0000,[[63rdStreetBeach201506052400_Water_Temperature]]
2025-10-15 19:13:30.059,28.649,63rd_WaterTempDrop_85,atomic,[63rd_WaterTempDrop_85],[0.9660],1,1,0.9660,[[63rdStreetBeach201506050100_Water_Temperature]]
2025-10-15 19:13:30.060,28.650,Montrose_WaterTempDrop_85,atomic,[Montrose_WaterTempDrop_85],[0.9733],1,1,0.9733,[[MontroseBeach201506050100_Water_Temperature]]
2025-10-15 19:13:30.063,28.653,Calumet_WaterTempDrop_85,atomic,[Calumet_WaterTempDrop_85],[1.0000],1,1,1.0000,[[CalumetBeach201506050100_Water_Temperature]]
2025-10-15 19:13:30.122,28.712,Calumet_WaterTempDrop_85,atomic,[Calumet_WaterTempDrop_85],[1.0000],1,1,1.0000,[[CalumetBeach201506050200_Water_Temperature]]
2025-10-15 19:13:30.124,28.714,63rd_WaterTempDrop_85,atomic,[63rd_WaterTempDrop_85],[1.0000],1,1,1.0000,[[63rdStreetBeach201506050200_Water_Temperature]]
2025-10-15 19:13:30.125,28.715,Montrose_WaterTempDrop_85,atomic,[Montrose_WaterTempDrop_85],[1.0000],1,1,1.0000,[[MontroseBeach201506050200_Water_Temperature]]
2025-10-15 19:13:30.190,28.780,Montrose_WaterTempDrop_85,atomic,[Montrose_WaterTempDrop_85],[1.0000],1,1,1.0000,[[MontroseBeach201506050300_Water_Temperature]]
2025-10-15 19:13:30.192,28.782,Calumet_WaterTempDrop_85,atomic,[Calumet_WaterTempDrop_85],[1.0000],1,1,1.0000,[[CalumetBeach201506050300_Water_Temperature]]
2025-10-15 19:13:30.193,28.783,63rd_WaterTempDrop_85,atomic,[63rd_WaterTempDrop_85],[1.0000],1,1,1.0000,[[63rdStreetBeach201506050300_Water_Temperature]]
2025-10-15 19:13:30.248,28.838,Montrose_WaterTempDrop_85,atomic,[Montrose_WaterTempDrop_85],[1.0000],1,1,1.0000,[[MontroseBeach201506050400_Water_Temperature]]
2025-10-15 19:13:30.249,28.839,Calumet_WaterTempDrop_85,atomic,[Calumet_WaterTempDrop_85],[1.0000],1,1,1.0000,[[CalumetBeach201506050400_Water_Temperature]]
2025-10-15 19:13:30.251,28.841,63rd_WaterTempDrop_85,atomic,[63rd_WaterTempDrop_85],[1.0000],1,1,1.0000,[[63rdStreetBeach201506050400_Water_Temperature]]
2025-10-15 19:13:30.313,28.903,Calumet_WaterTempDrop_85,atomic,[Calumet_WaterTempDrop_85],[0.9691],1,1,0.9691,[[CalumetBeach201506050500_Water_Temperature]]
2025-10-15 19:13:30.316,28.906,63rd_WaterTempDrop_85,atomic,[63rd_WaterTempDrop_85],[1.0000],1,1,1.0000,[[63rdStreetBeach201506050500_Water_Temperature]]
2025-10-15 19:13:30.317,28.907,Montrose_WaterTempDrop_85,atomic,[Montrose_WaterTempDrop_85],[1.0000],1,1,1.0000,[[MontroseBeach201506050500_Water_Temperature]]
2025-10-15 19:13:30.370,28.960,Montrose_WaterTempDrop_85,atomic,[Montrose_WaterTempDrop_85],[1.0000],1,1,1.0000,[[MontroseBeach201506050600_Water_Temperature]]
2025-10-15 19:13:30.371,28.961,Calumet_WaterTempDrop_85,atomic,[Calumet_WaterTempDrop_85],[1.0000],1,1,1.0000,[[CalumetBeach201506050600_Water_Temperature]]
2025-10-15 19:13:30.432,29.022,Montrose_WaterTempDrop_85,atomic,[Montrose_WaterTempDrop_85],[0.9718],1,1,0.9718,[[MontroseBeach201506050700_Water_Temperature]]
2025-10-15 19:13:30.434,29.024,Calumet_WaterTempDrop_85,atomic,[Calumet_WaterTempDrop_85],[1.0000],1,1,1.0000,[[CalumetBeach201506050700_Water_Temperature]]
2025-10-15 19:13:30.494,29.084,Montrose_WaterTempDrop_85,atomic,[Montrose_WaterTempDrop_85],[1.0000],1,1,1.0000,[[MontroseBeach201506050800_Water_Temperature]]
2025-10-15 19:13:30.495,29.085,Calumet_WaterTempDrop_85,atomic,[Calumet_WaterTempDrop_85],[1.0000],1,1,1.0000,[[CalumetBeach201506050800_Water_Temperature]]
2025-10-15 19:13:30.557,29.147,Montrose_WaterTempDrop_85,atomic,[Montrose_WaterTempDrop_85],[1.0000],1,1,1.0000,[[MontroseBeach201506050900_Water_Temperature]]
2025-10-15 19:13:30.557,29.147,Calumet_WaterTempDrop_85,atomic,[Calumet_WaterTempDrop_85],[1.0000],1,1,1.0000,[[CalumetBeach201506050900_Water_Temperature]]
2025-10-15 19:13:30.617,29.207,63rd_WaterTempDrop_85,atomic,[63rd_WaterTempDrop_85],[1.0000],1,1,1.0000,[[63rdStreetBeach201506051000_Water_Temperature]]
2025-10-15 19:13:30.680,29.270,Calumet_WaterTempDrop_85,atomic,[Calumet_WaterTempDrop_85],[1.0000],1,1,1.0000,[[CalumetBeach201506051100_Water_Temperature]]
2025-10-15 19:13:30.682,29.272,Montrose_WaterTempDrop_85,atomic,[Montrose_WaterTempDrop_85],[1.0000],1,1,1.0000,[[MontroseBeach201506051100_Water_Temperature]]
2025-10-15 19:13:30.682,29.272,63rd_WaterTempDrop_85,atomic,[63rd_WaterTempDrop_85],[1.0000],1,1,1.0000,[[63rdStreetBeach201506051100_Water_Temperature]]
2025-10-15 19:13:30.742,29.332,Calumet_WaterTempDrop_85,atomic,[Calumet_WaterTempDrop_85],[1.0000],1,1,1.0000,[[CalumetBeach201506051200_Water_Temperature]]
2025-10-15 19:13:30.743,29.333,Montrose_WaterTempDrop_85,atomic,[Montrose_WaterTempDrop_85],[1.0000],1,1,1.0000,[[MontroseBeach201506051200_Water_Temperature]]
2025-10-15 19:13:30.744,29.334,Montrose_HighWave_85,atomic,[Montrose_HighWave_85],[1.0000],1,1,1.0000,[[MontroseBeach201506051200_Wave_Height]]
2025-10-15 19:13:30.745,29.335,63rd_WaterTempDrop_85,atomic,[63rd_WaterTempDrop_85],[1.0000],1,1,1.0000,[[63rdStreetBeach201506051200_Water_Temperature]]
2025-10-15 19:13:30.803,29.393,Montrose_HighWave_85,atomic,[Montrose_HighWave_85],[0.8571],1,1,0.8571,[[MontroseBeach201506051300_Wave_Height]]
2025-10-15 19:13:30.803,29.393,Calumet_WaterTempDrop_85,atomic,[Calumet_WaterTempDrop_85],[1.0000],1,1,1.0000,[[CalumetBeach201506051300_Water_Temperature]]
2025-10-15 19:13:30.804,29.394,Montrose_WaterTempDrop_85,atomic,[Montrose_WaterTempDrop_85],[1.0000],1,1,1.0000,[[MontroseBeach201506051300_Water_Temperature]]
2025-10-15 19:13:30.804,29.394,63rd_WaterTempDrop_85,atomic,[63rd_WaterTempDrop_85],[1.0000],1,1,1.0000,[[63rdStreetBeach201506051300_Water_Temperature]]
2025-10-15 19:13:30.866,29.456,Montrose_WaterTempDrop_85,atomic,[Montrose_WaterTempDrop_85],[1.0000],1,1,1.0000,[[MontroseBeach201506051500_Water_Temperature]]
2025-10-15 19:13:30.868,29.458,Montrose_HighWave_85,atomic,[Montrose_HighWave_85],[1.0000],1,1,1.0000,[[MontroseBeach201506051500_Wave_Height]]
2025-10-15 19:13:30.869,29.459,63rd_WaterTempDrop_85,atomic,[63rd_WaterTempDrop_85],[1.0000],1,1,1.0000,[[63rdStreetBeach201506051500_Water_Temperature]]
2025-10-15 19:13:30.869,29.459,Calumet_WaterTempDrop_85,atomic,[Calumet_WaterTempDrop_85],[1.0000],1,1,1.0000,[[CalumetBeach201506051500_Water_Temperature]]
2025-10-15 19:13:30.928,29.518,Montrose_HighWave_85,atomic,[Montrose_HighWave_85],[0.8553],1,1,0.8553,[[MontroseBeach201506051600_Wave_Height]]
2025-10-15 19:13:30.929,29.519,Calumet_WaterTempDrop_85,atomic,[Calumet_WaterTempDrop_85],[1.0000],1,1,1.0000,[[CalumetBeach201506051600_Water_Temperature]]
2025-10-15 19:13:30.929,29.519,63rd_WaterTempDrop_85,atomic,[63rd_WaterTempDrop_85],[1.0000],1,1,1.0000,[[63rdStreetBeach201506051600_Water_Temperature]]
2025-10-15 19:13:30.929,29.519,Montrose_WaterTempDrop_85,atomic,[Montrose_WaterTempDrop_85],[1.0000],1,1,1.0000,[[MontroseBeach201506051600_Water_Temperature]]
2025-10-15 19:13:30.988,29.578,63rd_WaterTempDrop_85,atomic,[63rd_WaterTempDrop_85],[1.0000],1,1,1.0000,[[63rdStreetBeach201506051700_Water_Temperature]]
2025-10-15 19:13:30.989,29.579,Montrose_WaterTempDrop_85,atomic,[Montrose_WaterTempDrop_85],[1.0000],1,1,1.0000,[[MontroseBeach201506051700_Water_Temperature]]
2025-10-15 19:13:30.991,29.581,Montrose_HighWave_85,atomic,[Montrose_HighWave_85],[1.0000],1,1,1.0000,[[MontroseBeach201506051700_Wave_Height]]
2025-10-15 19:13:30.991,29.581,Calumet_WaterTempDrop_85,atomic,[Calumet_WaterTempDrop_85],[1.0000],1,1,1.0000,[[CalumetBeach201506051700_Water_Temperature]]
2025-10-15 19:13:31.052,29.642,Montrose_WaterTempDrop_85,atomic,[Montrose_WaterTempDrop_85],[1.0000],1,1,1.0000,[[MontroseBeach201506051800_Water_Temperature]]
2025-10-15 19:13:31.052,29.642,Montrose_HighWave_85,atomic,[Montrose_HighWave_85],[1.0000],1,1,1.0000,[[MontroseBeach201506051800_Wave_Height]]
2025-10-15 19:13:31.052,29.642,Calumet_WaterTempDrop_85,atomic,[Calumet_WaterTempDrop_85],[1.0000],1,1,1.0000,[[CalumetBeach201506051800_Water_Temperature]]
2025-10-15 19:13:31.116,29.706,Calumet_WaterTempDrop_85,atomic,[Calumet_WaterTempDrop_85],[1.0000],1,1,1.0000,[[CalumetBeach201506051900_Water_Temperature]]
2025-10-15 19:13:31.116,29.706,Montrose_HighWave_85,atomic,[Montrose_HighWave_85],[0.8700],1,1,0.8700,[[MontroseBeach201506051900_Wave_Height]]
2025-10-15 19:13:31.116,29.706,63rd_WaterTempDrop_85,atomic,[63rd_WaterTempDrop_85],[1.0000],1,1,1.0000,[[63rdStreetBeach201506051900_Water_Temperature]]
2025-10-15 19:13:31.117,29.707,Montrose_WaterTempDrop_85,atomic,[Montrose_WaterTempDrop_85],[1.0000],1,1,1.0000,[[MontroseBeach201506051900_Water_Temperature]]
2025-10-15 19:13:31.176,29.766,Montrose_WaterTempDrop_85,atomic,[Montrose_WaterTempDrop_85],[1.0000],1,1,1.0000,[[MontroseBeach201506052000_Water_Temperature]]
2025-10-15 19:13:31.176,29.766,Montrose_HighWave_85,atomic,[Montrose_HighWave_85],[1.0000],1,1,1.0000,[[MontroseBeach201506052000_Wave_Height]]
2025-10-15 19:13:31.176,29.766,Calumet_WaterTempDrop_85,atomic,[Calumet_WaterTempDrop_85],[1.0000],1,1,1.0000,[[CalumetBeach201506052000_Water_Temperature]]
2025-10-15 19:13:31.238,29.828,63rd_WaterTempDrop_85,atomic,[63rd_WaterTempDrop_85],[1.0000],1,1,1.0000,[[63rdStreetBeach201506052100_Water_Temperature]]
2025-10-15 19:13:31.240,29.830,63rd_HighTurbidity_85,atomic,[63rd_HighTurbidity_85],[1.0000],1,1,1.0000,[[63rdStreetBeach201506052100_Turbidity]]
2025-10-15 19:13:31.240,29.830,63rd_LocalAlert_85,complex,[63rd_HighTurbidity_85;63rd_WaterTempDrop_85],[1.0000;1.0000],2,2,1.0000,[[63rdStreetBeach201506052100_Turbidity];[63rdStreetBeach201506022300_Water_Temperature]]
2025-10-15 19:13:31.240,29.830,Montrose_WaterTempDrop_85,atomic,[Montrose_WaterTempDrop_85],[1.0000],1,1,1.0000,[[MontroseBeach201506052100_Water_Temperature]]
2025-10-15 19:13:31.240,29.830,Montrose_HighWave_85,atomic,[Montrose_HighWave_85],[1.0000],1,1,1.0000,[[MontroseBeach201506052100_Wave_Height]]
2025-10-15 19:13:31.240,29.830,Calumet_WaterTempDrop_85,atomic,[Calumet_WaterTempDrop_85],[1.0000],1,1,1.0000,[[CalumetBeach201506052100_Water_Temperature]]
2025-10-15 19:13:31.300,29.890,Montrose_HighWave_85,atomic,[Montrose_HighWave_85],[0.8751],1,1,0.8751,[[MontroseBeach201506052200_Wave_Height]]
2025-10-15 19:13:31.300,29.890,Calumet_WaterTempDrop_85,atomic,[Calumet_WaterTempDrop_85],[1.0000],1,1,1.0000,[[CalumetBeach201506052200_Water_Temperature]]
2025-10-15 19:13:31.300,29.890,Montrose_WaterTempDrop_85,atomic,[Montrose_WaterTempDrop_85],[1.0000],1,1,1.0000,[[MontroseBeach201506052200_Water_Temperature]]
2025-10-15 19:13:31.300,29.890,63rd_WaterTempDrop_85,atomic,[63rd_WaterTempDrop_85],[1.0000],1,1,1.0000,[[63rdStreetBeach201506052200_Water_Temperature]]
2025-10-15 19:13:31.361,29.951,Calumet_WaterTempDrop_85,atomic,[Calumet_WaterTempDrop_85],[1.0000],1,1,1.0000,[[CalumetBeach201506052300_Water_Temperature]]
2025-10-15 19:13:31.362,29.952,Montrose_WaterTempDrop_85,atomic,[Montrose_WaterTempDrop_85],[1.0000],1,1,1.0000,[[MontroseBeach201506052300_Water_Temperature]]
2025-10-15 19:13:31.424,30.014,63rd_WaterTempDrop_85,atomic,[63rd_WaterTempDrop_85],[1.0000],1,1,1.0000,[[63rdStreetBeach201506062400_Water_Temperature]]
2025-10-15 19:13:31.425,30.015,Calumet_WaterTempDrop_85,atomic,[Calumet_WaterTempDrop_85],[1.0000],1,1,1.0000,[[CalumetBeach201506062400_Water_Temperature]]
2025-10-15 19:13:31.425,30.015,Montrose_WaterTempDrop_85,atomic,[Montrose_WaterTempDrop_85],[1.0000],1,1,1.0000,[[MontroseBeach201506062400_Water_Temperature]]
2025-10-15 19:13:31.486,30.076,63rd_WaterTempDrop_85,atomic,[63rd_WaterTempDrop_85],[1.0000],1,1,1.0000,[[63rdStreetBeach201506060100_Water_Temperature]]
2025-10-15 19:13:31.486,30.076,63rd_HighWave_85,atomic,[63rd_HighWave_85],[1.0000],1,1,1.0000,[[63rdStreetBeach201506060100_Wave_Height]]
2025-10-15 19:13:31.487,30.077,Montrose_WaterTempDrop_85,atomic,[Montrose_WaterTempDrop_85],[1.0000],1,1,1.0000,[[MontroseBeach201506060100_Water_Temperature]]
2025-10-15 19:13:31.487,30.077,Calumet_WaterTempDrop_85,atomic,[Calumet_WaterTempDrop_85],[1.0000],1,1,1.0000,[[CalumetBeach201506060100_Water_Temperature]]
2025-10-15 19:13:31.549,30.139,Montrose_WaterTempDrop_85,atomic,[Montrose_WaterTempDrop_85],[1.0000],1,1,1.0000,[[MontroseBeach201506060200_Water_Temperature]]
2025-10-15 19:13:31.550,30.140,Calumet_WaterTempDrop_85,atomic,[Calumet_WaterTempDrop_85],[1.0000],1,1,1.0000,[[CalumetBeach201506060200_Water_Temperature]]
2025-10-15 19:13:31.550,30.140,63rd_WaterTempDrop_85,atomic,[63rd_WaterTempDrop_85],[1.0000],1,1,1.0000,[[63rdStreetBeach201506060200_Water_Temperature]]
2025-10-15 19:13:31.611,30.201,63rd_WaterTempDrop_85,atomic,[63rd_WaterTempDrop_85],[1.0000],1,1,1.0000,[[63rdStreetBeach201506060300_Water_Temperature]]
2025-10-15 19:13:31.612,30.202,Calumet_WaterTempDrop_85,atomic,[Calumet_WaterTempDrop_85],[1.0000],1,1,1.0000,[[CalumetBeach201506060300_Water_Temperature]]
2025-10-15 19:13:31.612,30.202,Montrose_WaterTempDrop_85,atomic,[Montrose_WaterTempDrop_85],[1.0000],1,1,1.0000,[[MontroseBeach201506060300_Water_Temperature]]
2025-10-15 19:13:31.612,30.202,Montrose_HighWave_85,atomic,[Montrose_HighWave_85],[1.0000],1,1,1.0000,[[MontroseBeach201506060300_Wave_Height]]
2025-10-15 19:13:31.674,30.264,Calumet_WaterTempDrop_85,atomic,[Calumet_WaterTempDrop_85],[0.9732],1,1,0.9732,[[CalumetBeach201506060400_Water_Temperature]]
2025-10-15 19:13:31.674,30.264,63rd_WaterTempDrop_85,atomic,[63rd_WaterTempDrop_85],[1.0000],1,1,1.0000,[[63rdStreetBeach201506060400_Water_Temperature]]
2025-10-15 19:13:31.675,30.265,Montrose_WaterTempDrop_85,atomic,[Montrose_WaterTempDrop_85],[1.0000],1,1,1.0000,[[MontroseBeach201506060400_Water_Temperature]]
2025-10-15 19:13:31.735,30.325,Calumet_WaterTempDrop_85,atomic,[Calumet_WaterTempDrop_85],[0.9697],1,1,0.9697,[[CalumetBeach201506060500_Water_Temperature]]
2025-10-15 19:13:31.736,30.326,Montrose_WaterTempDrop_85,atomic,[Montrose_WaterTempDrop_85],[1.0000],1,1,1.0000,[[MontroseBeach201506060500_Water_Temperature]]
2025-10-15 19:13:31.738,30.328,Montrose_HighWave_85,atomic,[Montrose_HighWave_85],[1.0000],1,1,1.0000,[[MontroseBeach201506060500_Wave_Height]]
2025-10-15 19:13:31.739,30.329,63rd_WaterTempDrop_85,atomic,[63rd_WaterTempDrop_85],[1.0000],1,1,1.0000,[[63rdStreetBeach201506060500_Water_Temperature]]
2025-10-15 19:13:31.739,30.329,63rd_HighWave_85,atomic,[63rd_HighWave_85],[1.0000],1,1,1.0000,[[63rdStreetBeach201506060500_Wave_Height]]
2025-10-15 19:13:31.796,30.386,Montrose_WaterTempDrop_85,atomic,[Montrose_WaterTempDrop_85],[1.0000],1,1,1.0000,[[MontroseBeach201506060600_Water_Temperature]]
2025-10-15 19:13:31.799,30.389,63rd_WaterTempDrop_85,atomic,[63rd_WaterTempDrop_85],[1.0000],1,1,1.0000,[[63rdStreetBeach201506060600_Water_Temperature]]
2025-10-15 19:13:31.800,30.390,Calumet_WaterTempDrop_85,atomic,[Calumet_WaterTempDrop_85],[1.0000],1,1,1.0000,[[CalumetBeach201506060600_Water_Temperature]]
2025-10-15 19:13:31.861,30.451,Calumet_WaterTempDrop_85,atomic,[Calumet_WaterTempDrop_85],[1.0000],1,1,1.0000,[[CalumetBeach201506060700_Water_Temperature]]
2025-10-15 19:13:31.861,30.451,63rd_WaterTempDrop_85,atomic,[63rd_WaterTempDrop_85],[1.0000],1,1,1.0000,[[63rdStreetBeach201506060700_Water_Temperature]]
2025-10-15 19:13:31.861,30.451,63rd_HighTurbidity_85,atomic,[63rd_HighTurbidity_85],[1.0000],1,1,1.0000,[[63rdStreetBeach201506060700_Turbidity]]
2025-10-15 19:13:31.863,30.453,63rd_LocalAlert_85,complex,[63rd_HighTurbidity_85;63rd_WaterTempDrop_85],[1.0000;1.0000],2,2,1.0000,[[63rdStreetBeach201506060700_Turbidity];[63rdStreetBeach201506052200_Water_Temperature]]
2025-10-15 19:13:31.863,30.453,Montrose_WaterTempDrop_85,atomic,[Montrose_WaterTempDrop_85],[1.0000],1,1,1.0000,[[MontroseBeach201506060700_Water_Temperature]]
2025-10-15 19:13:31.863,30.453,Montrose_HighWave_85,atomic,[Montrose_HighWave_85],[1.0000],1,1,1.0000,[[MontroseBeach201506060700_Wave_Height]]
2025-10-15 19:13:31.926,30.516,63rd_WaterTempDrop_85,atomic,[63rd_WaterTempDrop_85],[1.0000],1,1,1.0000,[[63rdStreetBeach201506060800_Water_Temperature]]
2025-10-15 19:13:31.926,30.516,Calumet_WaterTempDrop_85,atomic,[Calumet_WaterTempDrop_85],[1.0000],1,1,1.0000,[[CalumetBeach201506060800_Water_Temperature]]
2025-10-15 19:13:31.926,30.516,Montrose_WaterTempDrop_85,atomic,[Montrose_WaterTempDrop_85],[1.0000],1,1,1.0000,[[MontroseBeach201506060800_Water_Temperature]]
2025-10-15 19:13:31.986,30.576,Montrose_WaterTempDrop_85,atomic,[Montrose_WaterTempDrop_85],[0.9735],1,1,0.9735,[[MontroseBeach201506060900_Water_Temperature]]
2025-10-15 19:13:31.986,30.576,63rd_WaterTempDrop_85,atomic,[63rd_WaterTempDrop_85],[1.0000],1,1,1.0000,[[63rdStreetBeach201506060900_Water_Temperature]]
2025-10-15 19:13:31.987,30.577,Calumet_WaterTempDrop_85,atomic,[Calumet_WaterTempDrop_85],[1.0000],1,1,1.0000,[[CalumetBeach201506060900_Water_Temperature]]
2025-10-15 19:13:32.051,30.641,Calumet_WaterTempDrop_85,atomic,[Calumet_WaterTempDrop_85],[1.0000],1,1,1.0000,[[CalumetBeach201506061000_Water_Temperature]]
2025-10-15 19:13:32.051,30.641,Montrose_WaterTempDrop_85,atomic,[Montrose_WaterTempDrop_85],[1.0000],1,1,1.0000,[[MontroseBeach201506061000_Water_Temperature]]
2025-10-15 19:13:32.052,30.642,63rd_WaterTempDrop_85,atomic,[63rd_WaterTempDrop_85],[1.0000],1,1,1.0000,[[63rdStreetBeach201506061000_Water_Temperature]]
2025-10-15 19:13:32.109,30.699,63rd_HighWave_85,atomic,[63rd_HighWave_85],[0.8630],1,1,0.8630,[[63rdStreetBeach201506061100_Wave_Height]]
2025-10-15 19:13:32.110,30.700,63rd_WaterTempDrop_85,atomic,[63rd_WaterTempDrop_85],[1.0000],1,1,1.0000,[[63rdStreetBeach201506061100_Water_Temperature]]
2025-10-15 19:13:32.110,30.700,Calumet_WaterTempDrop_85,atomic,[Calumet_WaterTempDrop_85],[1.0000],1,1,1.0000,[[CalumetBeach201506061100_Water_Temperature]]
2025-10-15 19:13:32.110,30.700,Montrose_WaterTempDrop_85,atomic,[Montrose_WaterTempDrop_85],[1.0000],1,1,1.0000,[[MontroseBeach201506061100_Water_Temperature]]
2025-10-15 19:13:32.173,30.763,Calumet_WaterTempDrop_85,atomic,[Calumet_WaterTempDrop_85],[1.0000],1,1,1.0000,[[CalumetBeach201506061200_Water_Temperature]]
2025-10-15 19:13:32.174,30.764,Montrose_WaterTempDrop_85,atomic,[Montrose_WaterTempDrop_85],[1.0000],1,1,1.0000,[[MontroseBeach201506061200_Water_Temperature]]
2025-10-15 19:13:32.234,30.824,63rd_WaterTempDrop_85,atomic,[63rd_WaterTempDrop_85],[1.0000],1,1,1.0000,[[63rdStreetBeach201506061300_Water_Temperature]]
2025-10-15 19:13:32.236,30.826,Calumet_WaterTempDrop_85,atomic,[Calumet_WaterTempDrop_85],[1.0000],1,1,1.0000,[[CalumetBeach201506061300_Water_Temperature]]
2025-10-15 19:13:32.237,30.827,Montrose_WaterTempDrop_85,atomic,[Montrose_WaterTempDrop_85],[1.0000],1,1,1.0000,[[MontroseBeach201506061300_Water_Temperature]]
2025-10-15 19:13:32.295,30.885,Montrose_WaterTempDrop_85,atomic,[Montrose_WaterTempDrop_85],[0.9716],1,1,0.9716,[[MontroseBeach201506061400_Water_Temperature]]
2025-10-15 19:13:32.296,30.886,Calumet_WaterTempDrop_85,atomic,[Calumet_WaterTempDrop_85],[1.0000],1,1,1.0000,[[CalumetBeach201506061400_Water_Temperature]]
2025-10-15 19:13:32.297,30.887,63rd_WaterTempDrop_85,atomic,[63rd_WaterTempDrop_85],[1.0000],1,1,1.0000,[[63rdStreetBeach201506061400_Water_Temperature]]
2025-10-15 19:13:32.358,30.948,63rd_WaterTempDrop_85,atomic,[63rd_WaterTempDrop_85],[1.0000],1,1,1.0000,[[63rdStreetBeach201506061500_Water_Temperature]]
2025-10-15 19:13:32.359,30.949,Calumet_WaterTempDrop_85,atomic,[Calumet_WaterTempDrop_85],[1.0000],1,1,1.0000,[[CalumetBeach201506061500_Water_Temperature]]
2025-10-15 19:13:32.360,30.950,Montrose_WaterTempDrop_85,atomic,[Montrose_WaterTempDrop_85],[1.0000],1,1,1.0000,[[MontroseBeach201506061500_Water_Temperature]]
2025-10-15 19:13:32.420,31.010,Calumet_WaterTempDrop_85,atomic,[Calumet_WaterTempDrop_85],[1.0000],1,1,1.0000,[[CalumetBeach201506061600_Water_Temperature]]
2025-10-15 19:13:32.421,31.011,Montrose_WaterTempDrop_85,atomic,[Montrose_WaterTempDrop_85],[1.0000],1,1,1.0000,[[MontroseBeach201506061600_Water_Temperature]]
2025-10-15 19:13:32.421,31.011,63rd_WaterTempDrop_85,atomic,[63rd_WaterTempDrop_85],[1.0000],1,1,1.0000,[[63rdStreetBeach201506061600_Water_Temperature]]
2025-10-15 19:13:32.481,31.071,Montrose_WaterTempDrop_85,atomic,[Montrose_WaterTempDrop_85],[1.0000],1,1,1.0000,[[MontroseBeach201506061700_Water_Temperature]]
2025-10-15 19:13:32.482,31.072,Calumet_WaterTempDrop_85,atomic,[Calumet_WaterTempDrop_85],[0.9723],1,1,0.9723,[[CalumetBeach201506061700_Water_Temperature]]
2025-10-15 19:13:32.482,31.072,63rd_WaterTempDrop_85,atomic,[63rd_WaterTempDrop_85],[1.0000],1,1,1.0000,[[63rdStreetBeach201506061700_Water_Temperature]]
2025-10-15 19:13:32.544,31.134,Calumet_WaterTempDrop_85,atomic,[Calumet_WaterTempDrop_85],[1.0000],1,1,1.0000,[[CalumetBeach201506061800_Water_Temperature]]
2025-10-15 19:13:32.545,31.135,Montrose_WaterTempDrop_85,atomic,[Montrose_WaterTempDrop_85],[1.0000],1,1,1.0000,[[MontroseBeach201506061800_Water_Temperature]]
2025-10-15 19:13:32.545,31.135,63rd_WaterTempDrop_85,atomic,[63rd_WaterTempDrop_85],[1.0000],1,1,1.0000,[[63rdStreetBeach201506061800_Water_Temperature]]
2025-10-15 19:13:32.606,31.196,63rd_HighTurbidity_85,atomic,[63rd_HighTurbidity_85],[0.8745],1,1,0.8745,[[63rdStreetBeach201506061900_Turbidity]]
2025-10-15 19:13:32.606,31.196,63rd_LocalAlert_85,complex,[63rd_HighTurbidity_85;63rd_WaterTempDrop_85],[0.8745;1.0000],2,2,0.9372,[[63rdStreetBeach201506061900_Turbidity];[63rdStreetBeach201506060800_Water_Temperature]]
2025-10-15 19:13:32.608,31.198,Calumet_WaterTempDrop_85,atomic,[Calumet_WaterTempDrop_85],[1.0000],1,1,1.0000,[[CalumetBeach201506061900_Water_Temperature]]
2025-10-15 19:13:32.608,31.198,63rd_WaterTempDrop_85,atomic,[63rd_WaterTempDrop_85],[1.0000],1,1,1.0000,[[63rdStreetBeach201506061900_Water_Temperature]]
2025-10-15 19:13:32.609,31.199,Montrose_WaterTempDrop_85,atomic,[Montrose_WaterTempDrop_85],[1.0000],1,1,1.0000,[[MontroseBeach201506061900_Water_Temperature]]
2025-10-15 19:13:32.670,31.260,63rd_HighTurbidity_85,atomic,[63rd_HighTurbidity_85],[0.8596],1,1,0.8596,[[63rdStreetBeach201506062000_Turbidity]]
2025-10-15 19:13:32.670,31.260,63rd_LocalAlert_85,complex,[63rd_HighTurbidity_85;63rd_WaterTempDrop_85],[0.8596;1.0000],2,2,0.9298,[[63rdStreetBeach201506062000_Turbidity];[63rdStreetBeach201506061900_Water_Temperature]]
2025-10-15 19:13:32.671,31.261,Calumet_WaterTempDrop_85,atomic,[Calumet_WaterTempDrop_85],[1.0000],1,1,1.0000,[[CalumetBeach201506062000_Water_Temperature]]
2025-10-15 19:13:32.672,31.262,63rd_WaterTempDrop_85,atomic,[63rd_WaterTempDrop_85],[1.0000],1,1,1.0000,[[63rdStreetBeach201506062000_Water_Temperature]]
2025-10-15 19:13:32.672,31.262,Montrose_WaterTempDrop_85,atomic,[Montrose_WaterTempDrop_85],[1.0000],1,1,1.0000,[[MontroseBeach201506062000_Water_Temperature]]
2025-10-15 19:13:32.729,31.319,63rd_WaterTempDrop_85,atomic,[63rd_WaterTempDrop_85],[0.9733],1,1,0.9733,[[63rdStreetBeach201506062100_Water_Temperature]]
2025-10-15 19:13:32.730,31.320,Montrose_WaterTempDrop_85,atomic,[Montrose_WaterTempDrop_85],[0.9716],1,1,0.9716,[[MontroseBeach201506062100_Water_Temperature]]
2025-10-15 19:13:32.732,31.322,Calumet_WaterTempDrop_85,atomic,[Calumet_WaterTempDrop_85],[1.0000],1,1,1.0000,[[CalumetBeach201506062100_Water_Temperature]]
2025-10-15 19:13:32.794,31.384,63rd_WaterTempDrop_85,atomic,[63rd_WaterTempDrop_85],[0.9698],1,1,0.9698,[[63rdStreetBeach201506062200_Water_Temperature]]
2025-10-15 19:13:32.797,31.387,Calumet_WaterTempDrop_85,atomic,[Calumet_WaterTempDrop_85],[1.0000],1,1,1.0000,[[CalumetBeach201506062200_Water_Temperature]]
2025-10-15 19:13:32.797,31.387,Montrose_WaterTempDrop_85,atomic,[Montrose_WaterTempDrop_85],[1.0000],1,1,1.0000,[[MontroseBeach201506062200_Water_Temperature]]
2025-10-15 19:13:32.856,31.446,Calumet_WaterTempDrop_85,atomic,[Calumet_WaterTempDrop_85],[0.9715],1,1,0.9715,[[CalumetBeach201506062300_Water_Temperature]]
2025-10-15 19:13:32.860,31.450,Montrose_WaterTempDrop_85,atomic,[Montrose_WaterTempDrop_85],[1.0000],1,1,1.0000,[[MontroseBeach201506062300_Water_Temperature]]
2025-10-15 19:13:32.921,31.511,Montrose_WaterTempDrop_85,atomic,[Montrose_WaterTempDrop_85],[1.0000],1,1,1.0000,[[MontroseBeach201506072400_Water_Temperature]]
2025-10-15 19:13:32.924,31.514,63rd_WaterTempDrop_85,atomic,[63rd_WaterTempDrop_85],[1.0000],1,1,1.0000,[[63rdStreetBeach201506072400_Water_Temperature]]
2025-10-15 19:13:32.924,31.514,Calumet_WaterTempDrop_85,atomic,[Calumet_WaterTempDrop_85],[1.0000],1,1,1.0000,[[CalumetBeach201506072400_Water_Temperature]]
2025-10-15 19:13:32.983,31.573,Calumet_WaterTempDrop_85,atomic,[Calumet_WaterTempDrop_85],[1.0000],1,1,1.0000,[[CalumetBeach201506070200_Water_Temperature]]
2025-10-15 19:13:32.984,31.574,Montrose_WaterTempDrop_85,atomic,[Montrose_WaterTempDrop_85],[1.0000],1,1,1.0000,[[MontroseBeach201506070200_Water_Temperature]]
2025-10-15 19:13:32.986,31.576,63rd_WaterTempDrop_85,atomic,[63rd_WaterTempDrop_85],[1.0000],1,1,1.0000,[[63rdStreetBeach201506070200_Water_Temperature]]
2025-10-15 19:13:33.044,31.634,Montrose_WaterTempDrop_85,atomic,[Montrose_WaterTempDrop_85],[1.0000],1,1,1.0000,[[MontroseBeach201506070300_Water_Temperature]]
2025-10-15 19:13:33.045,31.635,Calumet_WaterTempDrop_85,atomic,[Calumet_WaterTempDrop_85],[1.0000],1,1,1.0000,[[CalumetBeach201506070300_Water_Temperature]]
2025-10-15 19:13:33.045,31.635,63rd_WaterTempDrop_85,atomic,[63rd_WaterTempDrop_85],[1.0000],1,1,1.0000,[[63rdStreetBeach201506070300_Water_Temperature]]
2025-10-15 19:13:33.107,31.697,Montrose_WaterTempDrop_85,atomic,[Montrose_WaterTempDrop_85],[1.0000],1,1,1.0000,[[MontroseBeach201506070400_Water_Temperature]]
2025-10-15 19:13:33.110,31.700,Calumet_WaterTempDrop_85,atomic,[Calumet_WaterTempDrop_85],[1.0000],1,1,1.0000,[[CalumetBeach201506070400_Water_Temperature]]
2025-10-15 19:13:33.110,31.700,63rd_WaterTempDrop_85,atomic,[63rd_WaterTempDrop_85],[1.0000],1,1,1.0000,[[63rdStreetBeach201506070400_Water_Temperature]]
2025-10-15 19:13:33.171,31.761,Montrose_WaterTempDrop_85,atomic,[Montrose_WaterTempDrop_85],[1.0000],1,1,1.0000,[[MontroseBeach201506070500_Water_Temperature]]
2025-10-15 19:13:33.172,31.762,63rd_WaterTempDrop_85,atomic,[63rd_WaterTempDrop_85],[1.0000],1,1,1.0000,[[63rdStreetBeach201506070500_Water_Temperature]]
2025-10-15 19:13:33.172,31.762,Calumet_WaterTempDrop_85,atomic,[Calumet_WaterTempDrop_85],[1.0000],1,1,1.0000,[[CalumetBeach201506070500_Water_Temperature]]
2025-10-15 19:13:33.231,31.821,Montrose_WaterTempDrop_85,atomic,[Montrose_WaterTempDrop_85],[1.0000],1,1,1.0000,[[MontroseBeach201506070600_Water_Temperature]]
2025-10-15 19:13:33.232,31.822,Calumet_WaterTempDrop_85,atomic,[Calumet_WaterTempDrop_85],[1.0000],1,1,1.0000,[[CalumetBeach201506070600_Water_Temperature]]
2025-10-15 19:13:33.294,31.884,Calumet_WaterTempDrop_85,atomic,[Calumet_WaterTempDrop_85],[1.0000],1,1,1.0000,[[CalumetBeach201506070700_Water_Temperature]]
2025-10-15 19:13:33.296,31.886,63rd_WaterTempDrop_85,atomic,[63rd_WaterTempDrop_85],[1.0000],1,1,1.0000,[[63rdStreetBeach201506070700_Water_Temperature]]
2025-10-15 19:13:33.296,31.886,Montrose_WaterTempDrop_85,atomic,[Montrose_WaterTempDrop_85],[1.0000],1,1,1.0000,[[MontroseBeach201506070700_Water_Temperature]]
2025-10-15 19:13:33.356,31.946,Calumet_WaterTempDrop_85,atomic,[Calumet_WaterTempDrop_85],[1.0000],1,1,1.0000,[[CalumetBeach201506070800_Water_Temperature]]
2025-10-15 19:13:33.356,31.946,Montrose_WaterTempDrop_85,atomic,[Montrose_WaterTempDrop_85],[1.0000],1,1,1.0000,[[MontroseBeach201506070800_Water_Temperature]]
2025-10-15 19:13:33.419,32.009,Calumet_WaterTempDrop_85,atomic,[Calumet_WaterTempDrop_85],[0.9722],1,1,0.9722,[[CalumetBeach201506070900_Water_Temperature]]
2025-10-15 19:13:33.421,32.011,Montrose_WaterTempDrop_85,atomic,[Montrose_WaterTempDrop_85],[1.0000],1,1,1.0000,[[MontroseBeach201506070900_Water_Temperature]]
2025-10-15 19:13:33.423,32.013,63rd_WaterTempDrop_85,atomic,[63rd_WaterTempDrop_85],[1.0000],1,1,1.0000,[[63rdStreetBeach201506070900_Water_Temperature]]
2025-10-15 19:13:33.482,32.072,Montrose_WaterTempDrop_85,atomic,[Montrose_WaterTempDrop_85],[1.0000],1,1,1.0000,[[MontroseBeach201506071000_Water_Temperature]]
2025-10-15 19:13:33.486,32.076,63rd_WaterTempDrop_85,atomic,[63rd_WaterTempDrop_85],[0.9712],1,1,0.9712,[[63rdStreetBeach201506071000_Water_Temperature]]
2025-10-15 19:13:33.486,32.076,Calumet_WaterTempDrop_85,atomic,[Calumet_WaterTempDrop_85],[1.0000],1,1,1.0000,[[CalumetBeach201506071000_Water_Temperature]]
2025-10-15 19:13:33.544,32.134,Calumet_WaterTempDrop_85,atomic,[Calumet_WaterTempDrop_85],[1.0000],1,1,1.0000,[[CalumetBeach201506071100_Water_Temperature]]
2025-10-15 19:13:33.544,32.134,63rd_WaterTempDrop_85,atomic,[63rd_WaterTempDrop_85],[1.0000],1,1,1.0000,[[63rdStreetBeach201506071100_Water_Temperature]]
2025-10-15 19:13:33.545,32.135,Montrose_WaterTempDrop_85,atomic,[Montrose_WaterTempDrop_85],[1.0000],1,1,1.0000,[[MontroseBeach201506071100_Water_Temperature]]
2025-10-15 19:13:33.606,32.196,Calumet_WaterTempDrop_85,atomic,[Calumet_WaterTempDrop_85],[1.0000],1,1,1.0000,[[CalumetBeach201506071200_Water_Temperature]]
2025-10-15 19:13:33.607,32.197,Montrose_WaterTempDrop_85,atomic,[Montrose_WaterTempDrop_85],[1.0000],1,1,1.0000,[[MontroseBeach201506071200_Water_Temperature]]
2025-10-15 19:13:33.667,32.257,Calumet_WaterTempDrop_85,atomic,[Calumet_WaterTempDrop_85],[0.9707],1,1,0.9707,[[CalumetBeach201506071300_Water_Temperature]]
2025-10-15 19:13:33.672,32.262,Montrose_WaterTempDrop_85,atomic,[Montrose_WaterTempDrop_85],[1.0000],1,1,1.0000,[[MontroseBeach201506071300_Water_Temperature]]
2025-10-15 19:13:33.672,32.262,63rd_WaterTempDrop_85,atomic,[63rd_WaterTempDrop_85],[1.0000],1,1,1.0000,[[63rdStreetBeach201506071300_Water_Temperature]]
2025-10-15 19:13:33.729,32.319,Calumet_WaterTempDrop_85,atomic,[Calumet_WaterTempDrop_85],[0.9669],1,1,0.9669,[[CalumetBeach201506071400_Water_Temperature]]
2025-10-15 19:13:33.730,32.320,63rd_WaterTempDrop_85,atomic,[63rd_WaterTempDrop_85],[1.0000],1,1,1.0000,[[63rdStreetBeach201506071400_Water_Temperature]]
2025-10-15 19:13:33.730,32.320,Montrose_WaterTempDrop_85,atomic,[Montrose_WaterTempDrop_85],[0.9733],1,1,0.9733,[[MontroseBeach201506071400_Water_Temperature]]
2025-10-15 19:13:33.793,32.383,Montrose_WaterTempDrop_85,atomic,[Montrose_WaterTempDrop_85],[0.9698],1,1,0.9698,[[MontroseBeach201506071500_Water_Temperature]]
2025-10-15 19:13:33.795,32.385,Calumet_WaterTempDrop_85,atomic,[Calumet_WaterTempDrop_85],[0.9628],1,1,0.9628,[[CalumetBeach201506071500_Water_Temperature]]
2025-10-15 19:13:33.796,32.386,63rd_WaterTempDrop_85,atomic,[63rd_WaterTempDrop_85],[1.0000],1,1,1.0000,[[63rdStreetBeach201506071500_Water_Temperature]]
2025-10-15 19:13:33.853,32.443,Montrose_WaterTempDrop_85,atomic,[Montrose_WaterTempDrop_85],[0.9659],1,1,0.9659,[[MontroseBeach201506071600_Water_Temperature]]
2025-10-15 19:13:33.855,32.445,Calumet_WaterTempDrop_85,atomic,[Calumet_WaterTempDrop_85],[0.9582],1,1,0.9582,[[CalumetBeach201506071600_Water_Temperature]]
2025-10-15 19:13:33.856,32.446,63rd_WaterTempDrop_85,atomic,[63rd_WaterTempDrop_85],[1.0000],1,1,1.0000,[[63rdStreetBeach201506071600_Water_Temperature]]
2025-10-15 19:13:33.917,32.507,Montrose_WaterTempDrop_85,atomic,[Montrose_WaterTempDrop_85],[1.0000],1,1,1.0000,[[MontroseBeach201506071700_Water_Temperature]]
2025-10-15 19:13:33.918,32.508,Calumet_WaterTempDrop_85,atomic,[Calumet_WaterTempDrop_85],[1.0000],1,1,1.0000,[[CalumetBeach201506071700_Water_Temperature]]
2025-10-15 19:13:33.920,32.510,63rd_WaterTempDrop_85,atomic,[63rd_WaterTempDrop_85],[1.0000],1,1,1.0000,[[63rdStreetBeach201506071700_Water_Temperature]]
2025-10-15 19:13:33.980,32.570,Calumet_WaterTempDrop_85,atomic,[Calumet_WaterTempDrop_85],[1.0000],1,1,1.0000,[[CalumetBeach201506071800_Water_Temperature]]
2025-10-15 19:13:33.980,32.570,Montrose_WaterTempDrop_85,atomic,[Montrose_WaterTempDrop_85],[1.0000],1,1,1.0000,[[MontroseBeach201506071800_Water_Temperature]]
2025-10-15 19:13:33.981,32.571,63rd_WaterTempDrop_85,atomic,[63rd_WaterTempDrop_85],[1.0000],1,1,1.0000,[[63rdStreetBeach201506071800_Water_Temperature]]
2025-10-15 19:13:34.042,32.632,Montrose_WaterTempDrop_85,atomic,[Montrose_WaterTempDrop_85],[1.0000],1,1,1.0000,[[MontroseBeach201506071900_Water_Temperature]]
2025-10-15 19:13:34.044,32.634,Calumet_WaterTempDrop_85,atomic,[Calumet_WaterTempDrop_85],[0.9607],1,1,0.9607,[[CalumetBeach201506071900_Water_Temperature]]
2025-10-15 19:13:34.044,32.634,63rd_WaterTempDrop_85,atomic,[63rd_WaterTempDrop_85],[1.0000],1,1,1.0000,[[63rdStreetBeach201506071900_Water_Temperature]]
2025-10-15 19:13:34.104,32.694,Calumet_WaterTempDrop_85,atomic,[Calumet_WaterTempDrop_85],[0.9560],1,1,0.9560,[[CalumetBeach201506072000_Water_Temperature]]
2025-10-15 19:13:34.107,32.697,Montrose_WaterTempDrop_85,atomic,[Montrose_WaterTempDrop_85],[1.0000],1,1,1.0000,[[MontroseBeach201506072000_Water_Temperature]]
2025-10-15 19:13:34.171,32.761,Montrose_WaterTempDrop_85,atomic,[Montrose_WaterTempDrop_85],[1.0000],1,1,1.0000,[[MontroseBeach201506072100_Water_Temperature]]
2025-10-15 19:13:34.173,32.763,63rd_WaterTempDrop_85,atomic,[63rd_WaterTempDrop_85],[1.0000],1,1,1.0000,[[63rdStreetBeach201506072100_Water_Temperature]]
2025-10-15 19:13:34.173,32.763,Calumet_WaterTempDrop_85,atomic,[Calumet_WaterTempDrop_85],[1.0000],1,1,1.0000,[[CalumetBeach201506072100_Water_Temperature]]
2025-10-15 19:13:34.229,32.819,63rd_WaterTempDrop_85,atomic,[63rd_WaterTempDrop_85],[0.9725],1,1,0.9725,[[63rdStreetBeach201506072200_Water_Temperature]]
2025-10-15 19:13:34.232,32.822,Montrose_WaterTempDrop_85,atomic,[Montrose_WaterTempDrop_85],[1.0000],1,1,1.0000,[[MontroseBeach201506072200_Water_Temperature]]
2025-10-15 19:13:34.233,32.823,Calumet_WaterTempDrop_85,atomic,[Calumet_WaterTempDrop_85],[1.0000],1,1,1.0000,[[CalumetBeach201506072200_Water_Temperature]]
2025-10-15 19:13:34.291,32.881,Calumet_WaterTempDrop_85,atomic,[Calumet_WaterTempDrop_85],[0.9597],1,1,0.9597,[[CalumetBeach201506072300_Water_Temperature]]
2025-10-15 19:13:34.294,32.884,Montrose_WaterTempDrop_85,atomic,[Montrose_WaterTempDrop_85],[1.0000],1,1,1.0000,[[MontroseBeach201506072300_Water_Temperature]]
2025-10-15 19:13:34.355,32.945,Montrose_WaterTempDrop_85,atomic,[Montrose_WaterTempDrop_85],[0.9704],1,1,0.9704,[[MontroseBeach201506082400_Water_Temperature]]
2025-10-15 19:13:34.356,32.946,63rd_WaterTempDrop_85,atomic,[63rd_WaterTempDrop_85],[1.0000],1,1,1.0000,[[63rdStreetBeach201506082400_Water_Temperature]]
2025-10-15 19:13:34.357,32.947,Calumet_WaterTempDrop_85,atomic,[Calumet_WaterTempDrop_85],[1.0000],1,1,1.0000,[[CalumetBeach201506082400_Water_Temperature]]
2025-10-15 19:13:34.420,33.010,Calumet_WaterTempDrop_85,atomic,[Calumet_WaterTempDrop_85],[1.0000],1,1,1.0000,[[CalumetBeach201506080100_Water_Temperature]]
2025-10-15 19:13:34.420,33.010,63rd_WaterTempDrop_85,atomic,[63rd_WaterTempDrop_85],[1.0000],1,1,1.0000,[[63rdStreetBeach201506080100_Water_Temperature]]
2025-10-15 19:13:34.421,33.011,Montrose_WaterTempDrop_85,atomic,[Montrose_WaterTempDrop_85],[1.0000],1,1,1.0000,[[MontroseBeach201506080100_Water_Temperature]]
2025-10-15 19:13:34.477,33.067,63rd_WaterTempDrop_85,atomic,[63rd_WaterTempDrop_85],[1.0000],1,1,1.0000,[[63rdStreetBeach201506080200_Water_Temperature]]
2025-10-15 19:13:34.479,33.069,Montrose_WaterTempDrop_85,atomic,[Montrose_WaterTempDrop_85],[1.0000],1,1,1.0000,[[MontroseBeach201506080200_Water_Temperature]]
2025-10-15 19:13:34.480,33.070,Calumet_WaterTempDrop_85,atomic,[Calumet_WaterTempDrop_85],[1.0000],1,1,1.0000,[[CalumetBeach201506080200_Water_Temperature]]
2025-10-15 19:13:34.541,33.131,Calumet_WaterTempDrop_85,atomic,[Calumet_WaterTempDrop_85],[1.0000],1,1,1.0000,[[CalumetBeach201506080300_Water_Temperature]]
2025-10-15 19:13:34.543,33.133,63rd_WaterTempDrop_85,atomic,[63rd_WaterTempDrop_85],[0.9709],1,1,0.9709,[[63rdStreetBeach201506080300_Water_Temperature]]
2025-10-15 19:13:34.543,33.133,Montrose_WaterTempDrop_85,atomic,[Montrose_WaterTempDrop_85],[1.0000],1,1,1.0000,[[MontroseBeach201506080300_Water_Temperature]]
2025-10-15 19:13:34.604,33.194,Calumet_WaterTempDrop_85,atomic,[Calumet_WaterTempDrop_85],[0.9662],1,1,0.9662,[[CalumetBeach201506080400_Water_Temperature]]
2025-10-15 19:13:34.604,33.194,Montrose_WaterTempDrop_85,atomic,[Montrose_WaterTempDrop_85],[1.0000],1,1,1.0000,[[MontroseBeach201506080400_Water_Temperature]]
2025-10-15 19:13:34.604,33.194,63rd_WaterTempDrop_85,atomic,[63rd_WaterTempDrop_85],[0.9672],1,1,0.9672,[[63rdStreetBeach201506080400_Water_Temperature]]
2025-10-15 19:13:34.666,33.256,Montrose_WaterTempDrop_85,atomic,[Montrose_WaterTempDrop_85],[1.0000],1,1,1.0000,[[MontroseBeach201506080500_Water_Temperature]]
2025-10-15 19:13:34.668,33.258,63rd_WaterTempDrop_85,atomic,[63rd_WaterTempDrop_85],[1.0000],1,1,1.0000,[[63rdStreetBeach201506080500_Water_Temperature]]
2025-10-15 19:13:34.669,33.259,Calumet_WaterTempDrop_85,atomic,[Calumet_WaterTempDrop_85],[1.0000],1,1,1.0000,[[CalumetBeach201506080500_Water_Temperature]]
2025-10-15 19:13:34.729,33.319,63rd_WaterTempDrop_85,atomic,[63rd_WaterTempDrop_85],[1.0000],1,1,1.0000,[[63rdStreetBeach201506080600_Water_Temperature]]
2025-10-15 19:13:34.730,33.320,Montrose_WaterTempDrop_85,atomic,[Montrose_WaterTempDrop_85],[0.9709],1,1,0.9709,[[MontroseBeach201506080600_Water_Temperature]]
2025-10-15 19:13:34.730,33.320,Calumet_WaterTempDrop_85,atomic,[Calumet_WaterTempDrop_85],[1.0000],1,1,1.0000,[[CalumetBeach201506080600_Water_Temperature]]
2025-10-15 19:13:34.794,33.384,63rd_WaterTempDrop_85,atomic,[63rd_WaterTempDrop_85],[1.0000],1,1,1.0000,[[63rdStreetBeach201506080700_Water_Temperature]]
2025-10-15 19:13:34.795,33.385,Calumet_WaterTempDrop_85,atomic,[Calumet_WaterTempDrop_85],[1.0000],1,1,1.0000,[[CalumetBeach201506080700_Water_Temperature]]
2025-10-15 19:13:34.795,33.385,Montrose_WaterTempDrop_85,atomic,[Montrose_WaterTempDrop_85],[1.0000],1,1,1.0000,[[MontroseBeach201506080700_Water_Temperature]]
2025-10-15 19:13:34.852,33.442,Calumet_WaterTempDrop_85,atomic,[Calumet_WaterTempDrop_85],[0.9677],1,1,0.9677,[[CalumetBeach201506080800_Water_Temperature]]
2025-10-15 19:13:34.852,33.442,Montrose_WaterTempDrop_85,atomic,[Montrose_WaterTempDrop_85],[1.0000],1,1,1.0000,[[MontroseBeach201506080800_Water_Temperature]]
2025-10-15 19:13:34.855,33.445,63rd_WaterTempDrop_85,atomic,[63rd_WaterTempDrop_85],[1.0000],1,1,1.0000,[[63rdStreetBeach201506080800_Water_Temperature]]
2025-10-15 19:13:34.916,33.506,63rd_WaterTempDrop_85,atomic,[63rd_WaterTempDrop_85],[0.9687],1,1,0.9687,[[63rdStreetBeach201506080900_Water_Temperature]]
2025-10-15 19:13:34.917,33.507,Calumet_WaterTempDrop_85,atomic,[Calumet_WaterTempDrop_85],[1.0000],1,1,1.0000,[[CalumetBeach201506080900_Water_Temperature]]
2025-10-15 19:13:34.918,33.508,Montrose_WaterTempDrop_85,atomic,[Montrose_WaterTempDrop_85],[1.0000],1,1,1.0000,[[MontroseBeach201506080900_Water_Temperature]]
2025-10-15 19:13:34.978,33.568,Montrose_WaterTempDrop_85,atomic,[Montrose_WaterTempDrop_85],[1.0000],1,1,1.0000,[[MontroseBeach201506081000_Water_Temperature]]
2025-10-15 19:13:34.979,33.569,63rd_WaterTempDrop_85,atomic,[63rd_WaterTempDrop_85],[1.0000],1,1,1.0000,[[63rdStreetBeach201506081000_Water_Temperature]]
2025-10-15 19:13:34.979,33.569,Calumet_WaterTempDrop_85,atomic,[Calumet_WaterTempDrop_85],[1.0000],1,1,1.0000,[[CalumetBeach201506081000_Water_Temperature]]
2025-10-15 19:13:35.041,33.631,Montrose_WaterTempDrop_85,atomic,[Montrose_WaterTempDrop_85],[0.9706],1,1,0.9706,[[MontroseBeach201506081100_Water_Temperature]]
2025-10-15 19:13:35.042,33.632,63rd_WaterTempDrop_85,atomic,[63rd_WaterTempDrop_85],[0.9664],1,1,0.9664,[[63rdStreetBeach201506081100_Water_Temperature]]
2025-10-15 19:13:35.043,33.633,Calumet_WaterTempDrop_85,atomic,[Calumet_WaterTempDrop_85],[1.0000],1,1,1.0000,[[CalumetBeach201506081100_Water_Temperature]]
2025-10-15 19:13:35.103,33.693,Montrose_WaterTempDrop_85,atomic,[Montrose_WaterTempDrop_85],[1.0000],1,1,1.0000,[[MontroseBeach201506081200_Water_Temperature]]
2025-10-15 19:13:35.104,33.694,Calumet_WaterTempDrop_85,atomic,[Calumet_WaterTempDrop_85],[1.0000],1,1,1.0000,[[CalumetBeach201506081200_Water_Temperature]]
2025-10-15 19:13:35.105,33.695,63rd_WaterTempDrop_85,atomic,[63rd_WaterTempDrop_85],[1.0000],1,1,1.0000,[[63rdStreetBeach201506081200_Water_Temperature]]
2025-10-15 19:13:35.165,33.755,Montrose_WaterTempDrop_85,atomic,[Montrose_WaterTempDrop_85],[0.9680],1,1,0.9680,[[MontroseBeach201506081300_Water_Temperature]]
2025-10-15 19:13:35.167,33.757,Calumet_WaterTempDrop_85,atomic,[Calumet_WaterTempDrop_85],[1.0000],1,1,1.0000,[[CalumetBeach201506081300_Water_Temperature]]
2025-10-15 19:13:35.228,33.818,Montrose_WaterTempDrop_85,atomic,[Montrose_WaterTempDrop_85],[1.0000],1,1,1.0000,[[MontroseBeach201506081400_Water_Temperature]]
2025-10-15 19:13:35.231,33.821,Calumet_WaterTempDrop_85,atomic,[Calumet_WaterTempDrop_85],[1.0000],1,1,1.0000,[[CalumetBeach201506081400_Water_Temperature]]
2025-10-15 19:13:35.232,33.822,63rd_WaterTempDrop_85,atomic,[63rd_WaterTempDrop_85],[1.0000],1,1,1.0000,[[63rdStreetBeach201506081400_Water_Temperature]]
2025-10-15 19:13:35.292,33.882,Montrose_WaterTempDrop_85,atomic,[Montrose_WaterTempDrop_85],[1.0000],1,1,1.0000,[[MontroseBeach201506081500_Water_Temperature]]
2025-10-15 19:13:35.292,33.882,Calumet_WaterTempDrop_85,atomic,[Calumet_WaterTempDrop_85],[1.0000],1,1,1.0000,[[CalumetBeach201506081500_Water_Temperature]]
2025-10-15 19:13:35.353,33.943,63rd_WaterTempDrop_85,atomic,[63rd_WaterTempDrop_85],[1.0000],1,1,1.0000,[[63rdStreetBeach201506081600_Water_Temperature]]
2025-10-15 19:13:35.354,33.944,Calumet_WaterTempDrop_85,atomic,[Calumet_WaterTempDrop_85],[1.0000],1,1,1.0000,[[CalumetBeach201506081600_Water_Temperature]]
2025-10-15 19:13:35.356,33.946,Montrose_WaterTempDrop_85,atomic,[Montrose_WaterTempDrop_85],[1.0000],1,1,1.0000,[[MontroseBeach201506081600_Water_Temperature]]
2025-10-15 19:13:35.416,34.006,Calumet_WaterTempDrop_85,atomic,[Calumet_WaterTempDrop_85],[1.0000],1,1,1.0000,[[CalumetBeach201506081700_Water_Temperature]]
2025-10-15 19:13:35.418,34.008,Montrose_WaterTempDrop_85,atomic,[Montrose_WaterTempDrop_85],[1.0000],1,1,1.0000,[[MontroseBeach201506081700_Water_Temperature]]
2025-10-15 19:13:35.419,34.009,63rd_WaterTempDrop_85,atomic,[63rd_WaterTempDrop_85],[1.0000],1,1,1.0000,[[63rdStreetBeach201506081700_Water_Temperature]]
2025-10-15 19:13:35.477,34.067,Calumet_WaterTempDrop_85,atomic,[Calumet_WaterTempDrop_85],[1.0000],1,1,1.0000,[[CalumetBeach201506081800_Water_Temperature]]
2025-10-15 19:13:35.479,34.069,Montrose_WaterTempDrop_85,atomic,[Montrose_WaterTempDrop_85],[1.0000],1,1,1.0000,[[MontroseBeach201506081800_Water_Temperature]]
2025-10-15 19:13:35.479,34.069,63rd_WaterTempDrop_85,atomic,[63rd_WaterTempDrop_85],[1.0000],1,1,1.0000,[[63rdStreetBeach201506081800_Water_Temperature]]
2025-10-15 19:13:35.538,34.128,Montrose_WaterTempDrop_85,atomic,[Montrose_WaterTempDrop_85],[0.9699],1,1,0.9699,[[MontroseBeach201506081900_Water_Temperature]]
2025-10-15 19:13:35.540,34.130,Calumet_WaterTempDrop_85,atomic,[Calumet_WaterTempDrop_85],[1.0000],1,1,1.0000,[[CalumetBeach201506081900_Water_Temperature]]
2025-10-15 19:13:35.541,34.131,63rd_WaterTempDrop_85,atomic,[63rd_WaterTempDrop_85],[1.0000],1,1,1.0000,[[63rdStreetBeach201506081900_Water_Temperature]]
2025-10-15 19:13:35.599,34.189,Calumet_WaterTempDrop_85,atomic,[Calumet_WaterTempDrop_85],[0.9726],1,1,0.9726,[[CalumetBeach201506082000_Water_Temperature]]
2025-10-15 19:13:35.601,34.191,Montrose_WaterTempDrop_85,atomic,[Montrose_WaterTempDrop_85],[1.0000],1,1,1.0000,[[MontroseBeach201506082000_Water_Temperature]]
2025-10-15 19:13:35.603,34.193,63rd_WaterTempDrop_85,atomic,[63rd_WaterTempDrop_85],[1.0000],1,1,1.0000,[[63rdStreetBeach201506082000_Water_Temperature]]
2025-10-15 19:13:35.665,34.255,63rd_WaterTempDrop_85,atomic,[63rd_WaterTempDrop_85],[1.0000],1,1,1.0000,[[63rdStreetBeach201506082100_Water_Temperature]]
2025-10-15 19:13:35.665,34.255,Montrose_WaterTempDrop_85,atomic,[Montrose_WaterTempDrop_85],[1.0000],1,1,1.0000,[[MontroseBeach201506082100_Water_Temperature]]
2025-10-15 19:13:35.666,34.256,Calumet_WaterTempDrop_85,atomic,[Calumet_WaterTempDrop_85],[1.0000],1,1,1.0000,[[CalumetBeach201506082100_Water_Temperature]]
2025-10-15 19:13:35.726,34.316,63rd_WaterTempDrop_85,atomic,[63rd_WaterTempDrop_85],[1.0000],1,1,1.0000,[[63rdStreetBeach201506082200_Water_Temperature]]
2025-10-15 19:13:35.728,34.318,Calumet_WaterTempDrop_85,atomic,[Calumet_WaterTempDrop_85],[1.0000],1,1,1.0000,[[CalumetBeach201506082200_Water_Temperature]]
2025-10-15 19:13:35.728,34.318,Montrose_WaterTempDrop_85,atomic,[Montrose_WaterTempDrop_85],[1.0000],1,1,1.0000,[[MontroseBeach201506082200_Water_Temperature]]
2025-10-15 19:13:35.790,34.380,Montrose_WaterTempDrop_85,atomic,[Montrose_WaterTempDrop_85],[1.0000],1,1,1.0000,[[MontroseBeach201506082300_Water_Temperature]]
2025-10-15 19:13:35.790,34.380,63rd_WaterTempDrop_85,atomic,[63rd_WaterTempDrop_85],[1.0000],1,1,1.0000,[[63rdStreetBeach201506082300_Water_Temperature]]
2025-10-15 19:13:35.790,34.380,Calumet_WaterTempDrop_85,atomic,[Calumet_WaterTempDrop_85],[1.0000],1,1,1.0000,[[CalumetBeach201506082300_Water_Temperature]]
2025-10-15 19:13:35.853,34.443,63rd_WaterTempDrop_85,atomic,[63rd_WaterTempDrop_85],[0.9721],1,1,0.9721,[[63rdStreetBeach201506092400_Water_Temperature]]
2025-10-15 19:13:35.853,34.443,Calumet_WaterTempDrop_85,atomic,[Calumet_WaterTempDrop_85],[1.0000],1,1,1.0000,[[CalumetBeach201506092400_Water_Temperature]]
2025-10-15 19:13:35.855,34.445,Montrose_WaterTempDrop_85,atomic,[Montrose_WaterTempDrop_85],[1.0000],1,1,1.0000,[[MontroseBeach201506092400_Water_Temperature]]
2025-10-15 19:13:35.916,34.506,63rd_WaterTempDrop_85,atomic,[63rd_WaterTempDrop_85],[1.0000],1,1,1.0000,[[63rdStreetBeach201506090100_Water_Temperature]]
2025-10-15 19:13:35.916,34.506,Montrose_WaterTempDrop_85,atomic,[Montrose_WaterTempDrop_85],[1.0000],1,1,1.0000,[[MontroseBeach201506090100_Water_Temperature]]
2025-10-15 19:13:35.917,34.507,Calumet_WaterTempDrop_85,atomic,[Calumet_WaterTempDrop_85],[1.0000],1,1,1.0000,[[CalumetBeach201506090100_Water_Temperature]]
2025-10-15 19:13:35.977,34.567,Calumet_WaterTempDrop_85,atomic,[Calumet_WaterTempDrop_85],[0.9716],1,1,0.9716,[[CalumetBeach201506090200_Water_Temperature]]
2025-10-15 19:13:35.978,34.568,Montrose_WaterTempDrop_85,atomic,[Montrose_WaterTempDrop_85],[1.0000],1,1,1.0000,[[MontroseBeach201506090200_Water_Temperature]]
2025-10-15 19:13:35.980,34.570,63rd_WaterTempDrop_85,atomic,[63rd_WaterTempDrop_85],[1.0000],1,1,1.0000,[[63rdStreetBeach201506090200_Water_Temperature]]
2025-10-15 19:13:36.040,34.630,Calumet_WaterTempDrop_85,atomic,[Calumet_WaterTempDrop_85],[1.0000],1,1,1.0000,[[CalumetBeach201506090300_Water_Temperature]]
2025-10-15 19:13:36.044,34.634,Montrose_WaterTempDrop_85,atomic,[Montrose_WaterTempDrop_85],[1.0000],1,1,1.0000,[[MontroseBeach201506090300_Water_Temperature]]
2025-10-15 19:13:36.044,34.634,63rd_WaterTempDrop_85,atomic,[63rd_WaterTempDrop_85],[1.0000],1,1,1.0000,[[63rdStreetBeach201506090300_Water_Temperature]]
2025-10-15 19:13:36.102,34.692,Calumet_WaterTempDrop_85,atomic,[Calumet_WaterTempDrop_85],[0.9687],1,1,0.9687,[[CalumetBeach201506090400_Water_Temperature]]
2025-10-15 19:13:36.102,34.692,63rd_WaterTempDrop_85,atomic,[63rd_WaterTempDrop_85],[1.0000],1,1,1.0000,[[63rdStreetBeach201506090400_Water_Temperature]]
2025-10-15 19:13:36.104,34.694,Montrose_WaterTempDrop_85,atomic,[Montrose_WaterTempDrop_85],[1.0000],1,1,1.0000,[[MontroseBeach201506090400_Water_Temperature]]
2025-10-15 19:13:36.165,34.755,Montrose_WaterTempDrop_85,atomic,[Montrose_WaterTempDrop_85],[1.0000],1,1,1.0000,[[MontroseBeach201506090500_Water_Temperature]]
2025-10-15 19:13:36.167,34.757,Calumet_WaterTempDrop_85,atomic,[Calumet_WaterTempDrop_85],[1.0000],1,1,1.0000,[[CalumetBeach201506090500_Water_Temperature]]
2025-10-15 19:13:36.168,34.758,63rd_WaterTempDrop_85,atomic,[63rd_WaterTempDrop_85],[1.0000],1,1,1.0000,[[63rdStreetBeach201506090500_Water_Temperature]]
2025-10-15 19:13:36.230,34.820,Calumet_WaterTempDrop_85,atomic,[Calumet_WaterTempDrop_85],[1.0000],1,1,1.0000,[[CalumetBeach201506090600_Water_Temperature]]
2025-10-15 19:13:36.232,34.822,63rd_WaterTempDrop_85,atomic,[63rd_WaterTempDrop_85],[1.0000],1,1,1.0000,[[63rdStreetBeach201506090600_Water_Temperature]]
2025-10-15 19:13:36.232,34.822,Montrose_WaterTempDrop_85,atomic,[Montrose_WaterTempDrop_85],[1.0000],1,1,1.0000,[[MontroseBeach201506090600_Water_Temperature]]
2025-10-15 19:13:36.292,34.882,Calumet_WaterTempDrop_85,atomic,[Calumet_WaterTempDrop_85],[1.0000],1,1,1.0000,[[CalumetBeach201506090700_Water_Temperature]]
2025-10-15 19:13:36.293,34.883,63rd_WaterTempDrop_85,atomic,[63rd_WaterTempDrop_85],[1.0000],1,1,1.0000,[[63rdStreetBeach201506090700_Water_Temperature]]
2025-10-15 19:13:36.294,34.884,Montrose_WaterTempDrop_85,atomic,[Montrose_WaterTempDrop_85],[1.0000],1,1,1.0000,[[MontroseBeach201506090700_Water_Temperature]]
2025-10-15 19:13:36.353,34.943,Montrose_WaterTempDrop_85,atomic,[Montrose_WaterTempDrop_85],[1.0000],1,1,1.0000,[[MontroseBeach201506090800_Water_Temperature]]
2025-10-15 19:13:36.353,34.943,Calumet_WaterTempDrop_85,atomic,[Calumet_WaterTempDrop_85],[1.0000],1,1,1.0000,[[CalumetBeach201506090800_Water_Temperature]]
2025-10-15 19:13:36.355,34.945,63rd_WaterTempDrop_85,atomic,[63rd_WaterTempDrop_85],[1.0000],1,1,1.0000,[[63rdStreetBeach201506090800_Water_Temperature]]
2025-10-15 19:13:36.434,35.024,Calumet_WaterTempDrop_85,atomic,[Calumet_WaterTempDrop_85],[1.0000],1,1,1.0000,[[CalumetBeach201506090900_Water_Temperature]]
2025-10-15 19:13:36.435,35.025,Montrose_WaterTempDrop_85,atomic,[Montrose_WaterTempDrop_85],[1.0000],1,1,1.0000,[[MontroseBeach201506090900_Water_Temperature]]
2025-10-15 19:13:36.436,35.026,63rd_WaterTempDrop_85,atomic,[63rd_WaterTempDrop_85],[1.0000],1,1,1.0000,[[63rdStreetBeach201506090900_Water_Temperature]]
2025-10-15 19:13:36.478,35.068,Calumet_WaterTempDrop_85,atomic,[Calumet_WaterTempDrop_85],[1.0000],1,1,1.0000,[[CalumetBeach201506091000_Water_Temperature]]
2025-10-15 19:13:36.480,35.070,Montrose_WaterTempDrop_85,atomic,[Montrose_WaterTempDrop_85],[1.0000],1,1,1.0000,[[MontroseBeach201506091000_Water_Temperature]]
2025-10-15 19:13:36.543,35.133,Calumet_WaterTempDrop_85,atomic,[Calumet_WaterTempDrop_85],[1.0000],1,1,1.0000,[[CalumetBeach201506091100_Water_Temperature]]
2025-10-15 19:13:36.544,35.134,Montrose_WaterTempDrop_85,atomic,[Montrose_WaterTempDrop_85],[1.0000],1,1,1.0000,[[MontroseBeach201506091100_Water_Temperature]]
2025-10-15 19:13:36.544,35.134,63rd_WaterTempDrop_85,atomic,[63rd_WaterTempDrop_85],[1.0000],1,1,1.0000,[[63rdStreetBeach201506091100_Water_Temperature]]
2025-10-15 19:13:36.604,35.194,63rd_WaterTempDrop_85,atomic,[63rd_WaterTempDrop_85],[0.9728],1,1,0.9728,[[63rdStreetBeach201506091200_Water_Temperature]]
2025-10-15 19:13:36.605,35.195,Calumet_WaterTempDrop_85,atomic,[Calumet_WaterTempDrop_85],[1.0000],1,1,1.0000,[[CalumetBeach201506091200_Water_Temperature]]
2025-10-15 19:13:36.607,35.197,Montrose_WaterTempDrop_85,atomic,[Montrose_WaterTempDrop_85],[1.0000],1,1,1.0000,[[MontroseBeach201506091200_Water_Temperature]]
2025-10-15 19:13:36.669,35.259,Calumet_WaterTempDrop_85,atomic,[Calumet_WaterTempDrop_85],[1.0000],1,1,1.0000,[[CalumetBeach201506091300_Water_Temperature]]
2025-10-15 19:13:36.672,35.262,Montrose_WaterTempDrop_85,atomic,[Montrose_WaterTempDrop_85],[1.0000],1,1,1.0000,[[MontroseBeach201506091300_Water_Temperature]]
2025-10-15 19:13:36.673,35.263,63rd_WaterTempDrop_85,atomic,[63rd_WaterTempDrop_85],[1.0000],1,1,1.0000,[[63rdStreetBeach201506091300_Water_Temperature]]
2025-10-15 19:13:36.729,35.319,Montrose_WaterTempDrop_85,atomic,[Montrose_WaterTempDrop_85],[0.9733],1,1,0.9733,[[MontroseBeach201506091400_Water_Temperature]]
2025-10-15 19:13:36.731,35.321,63rd_WaterTempDrop_85,atomic,[63rd_WaterTempDrop_85],[1.0000],1,1,1.0000,[[63rdStreetBeach201506091400_Water_Temperature]]
2025-10-15 19:13:36.732,35.322,Calumet_WaterTempDrop_85,atomic,[Calumet_WaterTempDrop_85],[1.0000],1,1,1.0000,[[CalumetBeach201506091400_Water_Temperature]]
2025-10-15 19:13:36.791,35.381,Montrose_WaterTempDrop_85,atomic,[Montrose_WaterTempDrop_85],[0.9698],1,1,0.9698,[[MontroseBeach201506091500_Water_Temperature]]
2025-10-15 19:13:36.793,35.383,63rd_WaterTempDrop_85,atomic,[63rd_WaterTempDrop_85],[1.0000],1,1,1.0000,[[63rdStreetBeach201506091500_Water_Temperature]]
2025-10-15 19:13:36.794,35.384,Calumet_WaterTempDrop_85,atomic,[Calumet_WaterTempDrop_85],[1.0000],1,1,1.0000,[[CalumetBeach201506091500_Water_Temperature]]
2025-10-15 19:13:36.853,35.443,Montrose_WaterTempDrop_85,atomic,[Montrose_WaterTempDrop_85],[0.9659],1,1,0.9659,[[MontroseBeach201506091600_Water_Temperature]]
2025-10-15 19:13:36.853,35.443,63rd_WaterTempDrop_85,atomic,[63rd_WaterTempDrop_85],[0.9709],1,1,0.9709,[[63rdStreetBeach201506091600_Water_Temperature]]
2025-10-15 19:13:36.854,35.444,Calumet_WaterTempDrop_85,atomic,[Calumet_WaterTempDrop_85],[1.0000],1,1,1.0000,[[CalumetBeach201506091600_Water_Temperature]]
2025-10-15 19:13:36.916,35.506,Montrose_WaterTempDrop_85,atomic,[Montrose_WaterTempDrop_85],[1.0000],1,1,1.0000,[[MontroseBeach201506091700_Water_Temperature]]
2025-10-15 19:13:36.917,35.507,Calumet_WaterTempDrop_85,atomic,[Calumet_WaterTempDrop_85],[1.0000],1,1,1.0000,[[CalumetBeach201506091700_Water_Temperature]]
2025-10-15 19:13:36.919,35.509,63rd_WaterTempDrop_85,atomic,[63rd_WaterTempDrop_85],[1.0000],1,1,1.0000,[[63rdStreetBeach201506091700_Water_Temperature]]
2025-10-15 19:13:36.978,35.568,Calumet_WaterTempDrop_85,atomic,[Calumet_WaterTempDrop_85],[1.0000],1,1,1.0000,[[CalumetBeach201506091800_Water_Temperature]]
2025-10-15 19:13:36.978,35.568,Montrose_WaterTempDrop_85,atomic,[Montrose_WaterTempDrop_85],[1.0000],1,1,1.0000,[[MontroseBeach201506091800_Water_Temperature]]
2025-10-15 19:13:36.979,35.569,63rd_WaterTempDrop_85,atomic,[63rd_WaterTempDrop_85],[1.0000],1,1,1.0000,[[63rdStreetBeach201506091800_Water_Temperature]]
2025-10-15 19:13:37.042,35.632,Calumet_WaterTempDrop_85,atomic,[Calumet_WaterTempDrop_85],[1.0000],1,1,1.0000,[[CalumetBeach201506091900_Water_Temperature]]
2025-10-15 19:13:37.043,35.633,Montrose_WaterTempDrop_85,atomic,[Montrose_WaterTempDrop_85],[0.9653],1,1,0.9653,[[MontroseBeach201506091900_Water_Temperature]]
2025-10-15 19:13:37.044,35.634,63rd_WaterTempDrop_85,atomic,[63rd_WaterTempDrop_85],[1.0000],1,1,1.0000,[[63rdStreetBeach201506091900_Water_Temperature]]
2025-10-15 19:13:37.101,35.691,Montrose_WaterTempDrop_85,atomic,[Montrose_WaterTempDrop_85],[1.0000],1,1,1.0000,[[MontroseBeach201506092000_Water_Temperature]]
2025-10-15 19:13:37.103,35.693,63rd_WaterTempDrop_85,atomic,[63rd_WaterTempDrop_85],[1.0000],1,1,1.0000,[[63rdStreetBeach201506092000_Water_Temperature]]
2025-10-15 19:13:37.103,35.693,Calumet_WaterTempDrop_85,atomic,[Calumet_WaterTempDrop_85],[1.0000],1,1,1.0000,[[CalumetBeach201506092000_Water_Temperature]]
2025-10-15 19:13:37.163,35.753,Calumet_WaterTempDrop_85,atomic,[Calumet_WaterTempDrop_85],[0.9730],1,1,0.9730,[[CalumetBeach201506092100_Water_Temperature]]
2025-10-15 19:13:37.164,35.754,63rd_WaterTempDrop_85,atomic,[63rd_WaterTempDrop_85],[1.0000],1,1,1.0000,[[63rdStreetBeach201506092100_Water_Temperature]]
2025-10-15 19:13:37.165,35.755,Montrose_WaterTempDrop_85,atomic,[Montrose_WaterTempDrop_85],[1.0000],1,1,1.0000,[[MontroseBeach201506092100_Water_Temperature]]
2025-10-15 19:13:37.229,35.819,63rd_WaterTempDrop_85,atomic,[63rd_WaterTempDrop_85],[0.9708],1,1,0.9708,[[63rdStreetBeach201506092200_Water_Temperature]]
2025-10-15 19:13:37.230,35.820,Calumet_WaterTempDrop_85,atomic,[Calumet_WaterTempDrop_85],[1.0000],1,1,1.0000,[[CalumetBeach201506092200_Water_Temperature]]
2025-10-15 19:13:37.230,35.820,Montrose_WaterTempDrop_85,atomic,[Montrose_WaterTempDrop_85],[0.9651],1,1,0.9651,[[MontroseBeach201506092200_Water_Temperature]]
2025-10-15 19:13:37.290,35.880,63rd_WaterTempDrop_85,atomic,[63rd_WaterTempDrop_85],[1.0000],1,1,1.0000,[[63rdStreetBeach201506092300_Water_Temperature]]
2025-10-15 19:13:37.290,35.880,Calumet_WaterTempDrop_85,atomic,[Calumet_WaterTempDrop_85],[1.0000],1,1,1.0000,[[CalumetBeach201506092300_Water_Temperature]]
2025-10-15 19:13:37.292,35.882,Montrose_WaterTempDrop_85,atomic,[Montrose_WaterTempDrop_85],[1.0000],1,1,1.0000,[[MontroseBeach201506092300_Water_Temperature]]
2025-10-15 19:13:37.351,35.941,Montrose_WaterTempDrop_85,atomic,[Montrose_WaterTempDrop_85],[1.0000],1,1,1.0000,[[MontroseBeach201506102400_Water_Temperature]]
2025-10-15 19:13:37.352,35.942,63rd_WaterTempDrop_85,atomic,[63rd_WaterTempDrop_85],[1.0000],1,1,1.0000,[[63rdStreetBeach201506102400_Water_Temperature]]
2025-10-15 19:13:37.353,35.943,Calumet_WaterTempDrop_85,atomic,[Calumet_WaterTempDrop_85],[1.0000],1,1,1.0000,[[CalumetBeach201506102400_Water_Temperature]]
2025-10-15 19:13:37.416,36.006,Montrose_WaterTempDrop_85,atomic,[Montrose_WaterTempDrop_85],[1.0000],1,1,1.0000,[[MontroseBeach201506100100_Water_Temperature]]
2025-10-15 19:13:37.417,36.007,63rd_WaterTempDrop_85,atomic,[63rd_WaterTempDrop_85],[1.0000],1,1,1.0000,[[63rdStreetBeach201506100100_Water_Temperature]]
2025-10-15 19:13:37.417,36.007,Calumet_WaterTempDrop_85,atomic,[Calumet_WaterTempDrop_85],[1.0000],1,1,1.0000,[[CalumetBeach201506100100_Water_Temperature]]
2025-10-15 19:13:37.478,36.068,63rd_WaterTempDrop_85,atomic,[63rd_WaterTempDrop_85],[1.0000],1,1,1.0000,[[63rdStreetBeach201506100200_Water_Temperature]]
2025-10-15 19:13:37.478,36.068,Montrose_WaterTempDrop_85,atomic,[Montrose_WaterTempDrop_85],[1.0000],1,1,1.0000,[[MontroseBeach201506100200_Water_Temperature]]
2025-10-15 19:13:37.479,36.069,Calumet_WaterTempDrop_85,atomic,[Calumet_WaterTempDrop_85],[1.0000],1,1,1.0000,[[CalumetBeach201506100200_Water_Temperature]]
2025-10-15 19:13:37.539,36.129,Calumet_WaterTempDrop_85,atomic,[Calumet_WaterTempDrop_85],[1.0000],1,1,1.0000,[[CalumetBeach201506100300_Water_Temperature]]
2025-10-15 19:13:37.541,36.131,Montrose_WaterTempDrop_85,atomic,[Montrose_WaterTempDrop_85],[0.9679],1,1,0.9679,[[MontroseBeach201506100300_Water_Temperature]]
2025-10-15 19:13:37.542,36.132,63rd_WaterTempDrop_85,atomic,[63rd_WaterTempDrop_85],[1.0000],1,1,1.0000,[[63rdStreetBeach201506100300_Water_Temperature]]
2025-10-15 19:13:37.602,36.192,Montrose_WaterTempDrop_85,atomic,[Montrose_WaterTempDrop_85],[1.0000],1,1,1.0000,[[MontroseBeach201506100400_Water_Temperature]]
2025-10-15 19:13:37.603,36.193,63rd_WaterTempDrop_85,atomic,[63rd_WaterTempDrop_85],[1.0000],1,1,1.0000,[[63rdStreetBeach201506100400_Water_Temperature]]
2025-10-15 19:13:37.603,36.193,Calumet_WaterTempDrop_85,atomic,[Calumet_WaterTempDrop_85],[1.0000],1,1,1.0000,[[CalumetBeach201506100400_Water_Temperature]]
2025-10-15 19:13:37.665,36.255,Montrose_WaterTempDrop_85,atomic,[Montrose_WaterTempDrop_85],[1.0000],1,1,1.0000,[[MontroseBeach201506100500_Water_Temperature]]
2025-10-15 19:13:37.666,36.256,63rd_WaterTempDrop_85,atomic,[63rd_WaterTempDrop_85],[1.0000],1,1,1.0000,[[63rdStreetBeach201506100500_Water_Temperature]]
2025-10-15 19:13:37.666,36.256,Calumet_WaterTempDrop_85,atomic,[Calumet_WaterTempDrop_85],[1.0000],1,1,1.0000,[[CalumetBeach201506100500_Water_Temperature]]
2025-10-15 19:13:37.728,36.318,63rd_WaterTempDrop_85,atomic,[63rd_WaterTempDrop_85],[1.0000],1,1,1.0000,[[63rdStreetBeach201506100600_Water_Temperature]]
2025-10-15 19:13:37.729,36.319,Montrose_WaterTempDrop_85,atomic,[Montrose_WaterTempDrop_85],[1.0000],1,1,1.0000,[[MontroseBeach201506100600_Water_Temperature]]
2025-10-15 19:13:37.731,36.321,Calumet_WaterTempDrop_85,atomic,[Calumet_WaterTempDrop_85],[1.0000],1,1,1.0000,[[CalumetBeach201506100600_Water_Temperature]]
2025-10-15 19:13:37.790,36.380,63rd_WaterTempDrop_85,atomic,[63rd_WaterTempDrop_85],[1.0000],1,1,1.0000,[[63rdStreetBeach201506100700_Water_Temperature]]
2025-10-15 19:13:37.791,36.381,Montrose_WaterTempDrop_85,atomic,[Montrose_WaterTempDrop_85],[1.0000],1,1,1.0000,[[MontroseBeach201506100700_Water_Temperature]]
2025-10-15 19:13:37.791,36.381,Calumet_WaterTempDrop_85,atomic,[Calumet_WaterTempDrop_85],[1.0000],1,1,1.0000,[[CalumetBeach201506100700_Water_Temperature]]
2025-10-15 19:13:37.851,36.441,Calumet_WaterTempDrop_85,atomic,[Calumet_WaterTempDrop_85],[0.9727],1,1,0.9727,[[CalumetBeach201506100800_Water_Temperature]]
2025-10-15 19:13:37.853,36.443,Montrose_WaterTempDrop_85,atomic,[Montrose_WaterTempDrop_85],[1.0000],1,1,1.0000,[[MontroseBeach201506100800_Water_Temperature]]
2025-10-15 19:13:37.915,36.505,63rd_WaterTempDrop_85,atomic,[63rd_WaterTempDrop_85],[0.9723],1,1,0.9723,[[63rdStreetBeach201506100900_Water_Temperature]]
2025-10-15 19:13:37.917,36.507,Montrose_WaterTempDrop_85,atomic,[Montrose_WaterTempDrop_85],[1.0000],1,1,1.0000,[[MontroseBeach201506100900_Water_Temperature]]
2025-10-15 19:13:37.917,36.507,Calumet_WaterTempDrop_85,atomic,[Calumet_WaterTempDrop_85],[1.0000],1,1,1.0000,[[CalumetBeach201506100900_Water_Temperature]]
2025-10-15 19:13:37.975,36.565,Montrose_WaterTempDrop_85,atomic,[Montrose_WaterTempDrop_85],[0.9708],1,1,0.9708,[[MontroseBeach201506101000_Water_Temperature]]
2025-10-15 19:13:37.977,36.567,63rd_WaterTempDrop_85,atomic,[63rd_WaterTempDrop_85],[1.0000],1,1,1.0000,[[63rdStreetBeach201506101000_Water_Temperature]]
2025-10-15 19:13:37.980,36.570,Calumet_WaterTempDrop_85,atomic,[Calumet_WaterTempDrop_85],[1.0000],1,1,1.0000,[[CalumetBeach201506101000_Water_Temperature]]
2025-10-15 19:13:38.041,36.631,Calumet_WaterTempDrop_85,atomic,[Calumet_WaterTempDrop_85],[1.0000],1,1,1.0000,[[CalumetBeach201506101100_Water_Temperature]]
2025-10-15 19:13:38.042,36.632,Montrose_WaterTempDrop_85,atomic,[Montrose_WaterTempDrop_85],[1.0000],1,1,1.0000,[[MontroseBeach201506101100_Water_Temperature]]
2025-10-15 19:13:38.101,36.691,Montrose_WaterTempDrop_85,atomic,[Montrose_WaterTempDrop_85],[0.9683],1,1,0.9683,[[MontroseBeach201506101200_Water_Temperature]]
2025-10-15 19:13:38.102,36.692,63rd_WaterTempDrop_85,atomic,[63rd_WaterTempDrop_85],[1.0000],1,1,1.0000,[[63rdStreetBeach201506101200_Water_Temperature]]
2025-10-15 19:13:38.103,36.693,Calumet_WaterTempDrop_85,atomic,[Calumet_WaterTempDrop_85],[0.9709],1,1,0.9709,[[CalumetBeach201506101200_Water_Temperature]]
2025-10-15 19:13:38.164,36.754,Calumet_WaterTempDrop_85,atomic,[Calumet_WaterTempDrop_85],[0.9671],1,1,0.9671,[[CalumetBeach201506101300_Water_Temperature]]
2025-10-15 19:13:38.166,36.756,63rd_WaterTempDrop_85,atomic,[63rd_WaterTempDrop_85],[1.0000],1,1,1.0000,[[63rdStreetBeach201506101300_Water_Temperature]]
2025-10-15 19:13:38.167,36.757,Montrose_WaterTempDrop_85,atomic,[Montrose_WaterTempDrop_85],[1.0000],1,1,1.0000,[[MontroseBeach201506101300_Water_Temperature]]
2025-10-15 19:13:38.228,36.818,Montrose_WaterTempDrop_85,atomic,[Montrose_WaterTempDrop_85],[1.0000],1,1,1.0000,[[MontroseBeach201506101400_Water_Temperature]]
2025-10-15 19:13:38.229,36.819,Calumet_WaterTempDrop_85,atomic,[Calumet_WaterTempDrop_85],[1.0000],1,1,1.0000,[[CalumetBeach201506101400_Water_Temperature]]
2025-10-15 19:13:38.290,36.880,Calumet_WaterTempDrop_85,atomic,[Calumet_WaterTempDrop_85],[1.0000],1,1,1.0000,[[CalumetBeach201506101500_Water_Temperature]]
2025-10-15 19:13:38.292,36.882,Montrose_WaterTempDrop_85,atomic,[Montrose_WaterTempDrop_85],[1.0000],1,1,1.0000,[[MontroseBeach201506101500_Water_Temperature]]
2025-10-15 19:13:38.353,36.943,Montrose_WaterTempDrop_85,atomic,[Montrose_WaterTempDrop_85],[0.9685],1,1,0.9685,[[MontroseBeach201506101600_Water_Temperature]]
2025-10-15 19:13:38.353,36.943,Calumet_WaterTempDrop_85,atomic,[Calumet_WaterTempDrop_85],[1.0000],1,1,1.0000,[[CalumetBeach201506101600_Water_Temperature]]
2025-10-15 19:13:38.415,37.005,63rd_WaterTempDrop_85,atomic,[63rd_WaterTempDrop_85],[0.9707],1,1,0.9707,[[63rdStreetBeach201506101700_Water_Temperature]]
2025-10-15 19:13:38.417,37.007,Montrose_WaterTempDrop_85,atomic,[Montrose_WaterTempDrop_85],[0.9646],1,1,0.9646,[[MontroseBeach201506101700_Water_Temperature]]
2025-10-15 19:13:38.417,37.007,Calumet_WaterTempDrop_85,atomic,[Calumet_WaterTempDrop_85],[1.0000],1,1,1.0000,[[CalumetBeach201506101700_Water_Temperature]]
2025-10-15 19:13:38.479,37.069,Montrose_WaterTempDrop_85,atomic,[Montrose_WaterTempDrop_85],[1.0000],1,1,1.0000,[[MontroseBeach201506101800_Water_Temperature]]
2025-10-15 19:13:38.480,37.070,63rd_WaterTempDrop_85,atomic,[63rd_WaterTempDrop_85],[1.0000],1,1,1.0000,[[63rdStreetBeach201506101800_Water_Temperature]]
2025-10-15 19:13:38.483,37.073,Calumet_WaterTempDrop_85,atomic,[Calumet_WaterTempDrop_85],[1.0000],1,1,1.0000,[[CalumetBeach201506101800_Water_Temperature]]
2025-10-15 19:13:38.542,37.132,63rd_WaterTempDrop_85,atomic,[63rd_WaterTempDrop_85],[0.9680],1,1,0.9680,[[63rdStreetBeach201506101900_Water_Temperature]]
2025-10-15 19:13:38.544,37.134,Montrose_WaterTempDrop_85,atomic,[Montrose_WaterTempDrop_85],[0.9628],1,1,0.9628,[[MontroseBeach201506101900_Water_Temperature]]
2025-10-15 19:13:38.545,37.135,Calumet_WaterTempDrop_85,atomic,[Calumet_WaterTempDrop_85],[1.0000],1,1,1.0000,[[CalumetBeach201506101900_Water_Temperature]]
2025-10-15 19:13:38.605,37.195,63rd_WaterTempDrop_85,atomic,[63rd_WaterTempDrop_85],[1.0000],1,1,1.0000,[[63rdStreetBeach201506102000_Water_Temperature]]
2025-10-15 19:13:38.606,37.196,Montrose_WaterTempDrop_85,atomic,[Montrose_WaterTempDrop_85],[1.0000],1,1,1.0000,[[MontroseBeach201506102000_Water_Temperature]]
2025-10-15 19:13:38.606,37.196,Calumet_WaterTempDrop_85,atomic,[Calumet_WaterTempDrop_85],[1.0000],1,1,1.0000,[[CalumetBeach201506102000_Water_Temperature]]
2025-10-15 19:13:38.667,37.257,63rd_WaterTempDrop_85,atomic,[63rd_WaterTempDrop_85],[1.0000],1,1,1.0000,[[63rdStreetBeach201506102100_Water_Temperature]]
2025-10-15 19:13:38.670,37.260,Montrose_WaterTempDrop_85,atomic,[Montrose_WaterTempDrop_85],[1.0000],1,1,1.0000,[[MontroseBeach201506102100_Water_Temperature]]
2025-10-15 19:13:38.670,37.260,Calumet_WaterTempDrop_85,atomic,[Calumet_WaterTempDrop_85],[1.0000],1,1,1.0000,[[CalumetBeach201506102100_Water_Temperature]]
2025-10-15 19:13:38.730,37.320,Montrose_WaterTempDrop_85,atomic,[Montrose_WaterTempDrop_85],[1.0000],1,1,1.0000,[[MontroseBeach201506102200_Water_Temperature]]
2025-10-15 19:13:38.732,37.322,63rd_WaterTempDrop_85,atomic,[63rd_WaterTempDrop_85],[1.0000],1,1,1.0000,[[63rdStreetBeach201506102200_Water_Temperature]]
2025-10-15 19:13:38.733,37.323,Calumet_WaterTempDrop_85,atomic,[Calumet_WaterTempDrop_85],[1.0000],1,1,1.0000,[[CalumetBeach201506102200_Water_Temperature]]
2025-10-15 19:13:38.794,37.384,63rd_WaterTempDrop_85,atomic,[63rd_WaterTempDrop_85],[0.9682],1,1,0.9682,[[63rdStreetBeach201506102300_Water_Temperature]]
2025-10-15 19:13:38.797,37.387,Montrose_WaterTempDrop_85,atomic,[Montrose_WaterTempDrop_85],[1.0000],1,1,1.0000,[[MontroseBeach201506102300_Water_Temperature]]
2025-10-15 19:13:38.797,37.387,Calumet_WaterTempDrop_85,atomic,[Calumet_WaterTempDrop_85],[1.0000],1,1,1.0000,[[CalumetBeach201506102300_Water_Temperature]]
2025-10-15 19:13:38.862,37.452,Montrose_WaterTempDrop_85,atomic,[Montrose_WaterTempDrop_85],[0.9671],1,1,0.9671,[[MontroseBeach201506112400_Water_Temperature]]
2025-10-15 19:13:38.864,37.454,Calumet_WaterTempDrop_85,atomic,[Calumet_WaterTempDrop_85],[1.0000],1,1,1.0000,[[CalumetBeach201506112400_Water_Temperature]]
2025-10-15 19:13:38.864,37.454,63rd_WaterTempDrop_85,atomic,[63rd_WaterTempDrop_85],[1.0000],1,1,1.0000,[[63rdStreetBeach201506112400_Water_Temperature]]
2025-10-15 19:13:38.919,37.509,63rd_WaterTempDrop_85,atomic,[63rd_WaterTempDrop_85],[0.9659],1,1,0.9659,[[63rdStreetBeach201506110100_Water_Temperature]]
2025-10-15 19:13:38.921,37.511,Calumet_WaterTempDrop_85,atomic,[Calumet_WaterTempDrop_85],[0.9723],1,1,0.9723,[[CalumetBeach201506110100_Water_Temperature]]
2025-10-15 19:13:38.923,37.513,Montrose_WaterTempDrop_85,atomic,[Montrose_WaterTempDrop_85],[1.0000],1,1,1.0000,[[MontroseBeach201506110100_Water_Temperature]]
2025-10-15 19:13:38.985,37.575,63rd_WaterTempDrop_85,atomic,[63rd_WaterTempDrop_85],[0.9617],1,1,0.9617,[[63rdStreetBeach201506110200_Water_Temperature]]
2025-10-15 19:13:38.985,37.575,Montrose_WaterTempDrop_85,atomic,[Montrose_WaterTempDrop_85],[1.0000],1,1,1.0000,[[MontroseBeach201506110200_Water_Temperature]]
2025-10-15 19:13:38.986,37.576,Calumet_WaterTempDrop_85,atomic,[Calumet_WaterTempDrop_85],[1.0000],1,1,1.0000,[[CalumetBeach201506110200_Water_Temperature]]
2025-10-15 19:13:39.047,37.637,Calumet_WaterTempDrop_85,atomic,[Calumet_WaterTempDrop_85],[1.0000],1,1,1.0000,[[CalumetBeach201506110300_Water_Temperature]]
2025-10-15 19:13:39.048,37.638,Montrose_WaterTempDrop_85,atomic,[Montrose_WaterTempDrop_85],[1.0000],1,1,1.0000,[[MontroseBeach201506110300_Water_Temperature]]
2025-10-15 19:13:39.050,37.640,63rd_WaterTempDrop_85,atomic,[63rd_WaterTempDrop_85],[1.0000],1,1,1.0000,[[63rdStreetBeach201506110300_Water_Temperature]]
2025-10-15 19:13:39.107,37.697,Calumet_WaterTempDrop_85,atomic,[Calumet_WaterTempDrop_85],[0.9702],1,1,0.9702,[[CalumetBeach201506110400_Water_Temperature]]
2025-10-15 19:13:39.108,37.698,63rd_WaterTempDrop_85,atomic,[63rd_WaterTempDrop_85],[0.9604],1,1,0.9604,[[63rdStreetBeach201506110400_Water_Temperature]]
2025-10-15 19:13:39.108,37.698,Montrose_WaterTempDrop_85,atomic,[Montrose_WaterTempDrop_85],[1.0000],1,1,1.0000,[[MontroseBeach201506110400_Water_Temperature]]
2025-10-15 19:13:39.171,37.761,Montrose_WaterTempDrop_85,atomic,[Montrose_WaterTempDrop_85],[0.9690],1,1,0.9690,[[MontroseBeach201506110500_Water_Temperature]]
2025-10-15 19:13:39.171,37.761,Calumet_WaterTempDrop_85,atomic,[Calumet_WaterTempDrop_85],[0.9664],1,1,0.9664,[[CalumetBeach201506110500_Water_Temperature]]
2025-10-15 19:13:39.173,37.763,63rd_WaterTempDrop_85,atomic,[63rd_WaterTempDrop_85],[1.0000],1,1,1.0000,[[63rdStreetBeach201506110500_Water_Temperature]]
2025-10-15 19:13:39.232,37.822,Montrose_WaterTempDrop_85,atomic,[Montrose_WaterTempDrop_85],[0.9652],1,1,0.9652,[[MontroseBeach201506110600_Water_Temperature]]
2025-10-15 19:13:39.234,37.824,Calumet_WaterTempDrop_85,atomic,[Calumet_WaterTempDrop_85],[0.9623],1,1,0.9623,[[CalumetBeach201506110600_Water_Temperature]]
2025-10-15 19:13:39.299,37.889,63rd_WaterTempDrop_85,atomic,[63rd_WaterTempDrop_85],[1.0000],1,1,1.0000,[[63rdStreetBeach201506110700_Water_Temperature]]
2025-10-15 19:13:39.300,37.890,Calumet_WaterTempDrop_85,atomic,[Calumet_WaterTempDrop_85],[1.0000],1,1,1.0000,[[CalumetBeach201506110700_Water_Temperature]]
2025-10-15 19:13:39.301,37.891,Montrose_WaterTempDrop_85,atomic,[Montrose_WaterTempDrop_85],[1.0000],1,1,1.0000,[[MontroseBeach201506110700_Water_Temperature]]
2025-10-15 19:13:39.359,37.949,Calumet_WaterTempDrop_85,atomic,[Calumet_WaterTempDrop_85],[0.9607],1,1,0.9607,[[CalumetBeach201506110800_Water_Temperature]]
2025-10-15 19:13:39.361,37.951,Montrose_WaterTempDrop_85,atomic,[Montrose_WaterTempDrop_85],[1.0000],1,1,1.0000,[[MontroseBeach201506110800_Water_Temperature]]
2025-10-15 19:13:39.422,38.012,63rd_WaterTempDrop_85,atomic,[63rd_WaterTempDrop_85],[0.9622],1,1,0.9622,[[63rdStreetBeach201506110900_Water_Temperature]]
2025-10-15 19:13:39.485,38.075,Calumet_WaterTempDrop_85,atomic,[Calumet_WaterTempDrop_85],[0.9560],1,1,0.9560,[[CalumetBeach201506111200_Water_Temperature]]
2025-10-15 19:13:39.488,38.078,Montrose_WaterTempDrop_85,atomic,[Montrose_WaterTempDrop_85],[1.0000],1,1,1.0000,[[MontroseBeach201506111200_Water_Temperature]]
2025-10-15 19:13:39.488,38.078,63rd_WaterTempDrop_85,atomic,[63rd_WaterTempDrop_85],[1.0000],1,1,1.0000,[[63rdStreetBeach201506111200_Water_Temperature]]
2025-10-15 19:13:39.549,38.139,Calumet_WaterTempDrop_85,atomic,[Calumet_WaterTempDrop_85],[0.9508],1,1,0.9508,[[CalumetBeach201506111300_Water_Temperature]]
2025-10-15 19:13:39.552,38.142,Montrose_WaterTempDrop_85,atomic,[Montrose_WaterTempDrop_85],[1.0000],1,1,1.0000,[[MontroseBeach201506111300_Water_Temperature]]
2025-10-15 19:13:39.615,38.205,Montrose_WaterTempDrop_85,atomic,[Montrose_WaterTempDrop_85],[0.9680],1,1,0.9680,[[MontroseBeach201506111400_Water_Temperature]]
2025-10-15 19:13:39.617,38.207,Calumet_WaterTempDrop_85,atomic,[Calumet_WaterTempDrop_85],[1.0000],1,1,1.0000,[[CalumetBeach201506111400_Water_Temperature]]
2025-10-15 19:13:39.618,38.208,63rd_WaterTempDrop_85,atomic,[63rd_WaterTempDrop_85],[1.0000],1,1,1.0000,[[63rdStreetBeach201506111400_Water_Temperature]]
2025-10-15 19:13:39.677,38.267,63rd_WaterTempDrop_85,atomic,[63rd_WaterTempDrop_85],[0.9635],1,1,0.9635,[[63rdStreetBeach201506111500_Water_Temperature]]
2025-10-15 19:13:39.679,38.269,Calumet_WaterTempDrop_85,atomic,[Calumet_WaterTempDrop_85],[1.0000],1,1,1.0000,[[CalumetBeach201506111500_Water_Temperature]]
2025-10-15 19:13:39.681,38.271,Montrose_WaterTempDrop_85,atomic,[Montrose_WaterTempDrop_85],[1.0000],1,1,1.0000,[[MontroseBeach201506111500_Water_Temperature]]
2025-10-15 19:13:39.739,38.329,Montrose_WaterTempDrop_85,atomic,[Montrose_WaterTempDrop_85],[0.9659],1,1,0.9659,[[MontroseBeach201506111600_Water_Temperature]]
2025-10-15 19:13:39.742,38.332,Calumet_WaterTempDrop_85,atomic,[Calumet_WaterTempDrop_85],[1.0000],1,1,1.0000,[[CalumetBeach201506111600_Water_Temperature]]
2025-10-15 19:13:39.743,38.333,63rd_WaterTempDrop_85,atomic,[63rd_WaterTempDrop_85],[1.0000],1,1,1.0000,[[63rdStreetBeach201506111600_Water_Temperature]]
2025-10-15 19:13:39.806,38.396,Calumet_WaterTempDrop_85,atomic,[Calumet_WaterTempDrop_85],[1.0000],1,1,1.0000,[[CalumetBeach201506111700_Water_Temperature]]
2025-10-15 19:13:39.807,38.397,63rd_WaterTempDrop_85,atomic,[63rd_WaterTempDrop_85],[1.0000],1,1,1.0000,[[63rdStreetBeach201506111700_Water_Temperature]]
2025-10-15 19:13:39.807,38.397,Montrose_WaterTempDrop_85,atomic,[Montrose_WaterTempDrop_85],[1.0000],1,1,1.0000,[[MontroseBeach201506111700_Water_Temperature]]
2025-10-15 19:13:39.866,38.456,Calumet_WaterTempDrop_85,atomic,[Calumet_WaterTempDrop_85],[0.9630],1,1,0.9630,[[CalumetBeach201506111800_Water_Temperature]]
2025-10-15 19:13:39.868,38.458,Montrose_WaterTempDrop_85,atomic,[Montrose_WaterTempDrop_85],[1.0000],1,1,1.0000,[[MontroseBeach201506111800_Water_Temperature]]
2025-10-15 19:13:39.930,38.520,63rd_WaterTempDrop_85,atomic,[63rd_WaterTempDrop_85],[0.9644],1,1,0.9644,[[63rdStreetBeach201506111900_Water_Temperature]]
2025-10-15 19:13:39.930,38.520,Calumet_WaterTempDrop_85,atomic,[Calumet_WaterTempDrop_85],[1.0000],1,1,1.0000,[[CalumetBeach201506111900_Water_Temperature]]
2025-10-15 19:13:39.932,38.522,Montrose_WaterTempDrop_85,atomic,[Montrose_WaterTempDrop_85],[1.0000],1,1,1.0000,[[MontroseBeach201506111900_Water_Temperature]]
2025-10-15 19:13:39.993,38.583,Montrose_WaterTempDrop_85,atomic,[Montrose_WaterTempDrop_85],[1.0000],1,1,1.0000,[[MontroseBeach201506112000_Water_Temperature]]
2025-10-15 19:13:39.993,38.583,Montrose_HighWave_85,atomic,[Montrose_HighWave_85],[1.0000],1,1,1.0000,[[MontroseBeach201506112000_Wave_Height]]
2025-10-15 19:13:39.993,38.583,63rd_WaterTempDrop_85,atomic,[63rd_WaterTempDrop_85],[1.0000],1,1,1.0000,[[63rdStreetBeach201506112000_Water_Temperature]]
2025-10-15 19:13:39.994,38.584,Calumet_WaterTempDrop_85,atomic,[Calumet_WaterTempDrop_85],[1.0000],1,1,1.0000,[[CalumetBeach201506112000_Water_Temperature]]
2025-10-15 19:13:40.053,38.643,Montrose_WaterTempDrop_85,atomic,[Montrose_WaterTempDrop_85],[1.0000],1,1,1.0000,[[MontroseBeach201506112100_Water_Temperature]]
2025-10-15 19:13:40.054,38.644,63rd_WaterTempDrop_85,atomic,[63rd_WaterTempDrop_85],[0.9630],1,1,0.9630,[[63rdStreetBeach201506112100_Water_Temperature]]
2025-10-15 19:13:40.056,38.646,Calumet_WaterTempDrop_85,atomic,[Calumet_WaterTempDrop_85],[1.0000],1,1,1.0000,[[CalumetBeach201506112100_Water_Temperature]]
2025-10-15 19:13:40.117,38.707,63rd_WaterTempDrop_85,atomic,[63rd_WaterTempDrop_85],[1.0000],1,1,1.0000,[[63rdStreetBeach201506112200_Water_Temperature]]
2025-10-15 19:13:40.119,38.709,Calumet_WaterTempDrop_85,atomic,[Calumet_WaterTempDrop_85],[0.9661],1,1,0.9661,[[CalumetBeach201506112200_Water_Temperature]]
2025-10-15 19:13:40.119,38.709,Montrose_WaterTempDrop_85,atomic,[Montrose_WaterTempDrop_85],[1.0000],1,1,1.0000,[[MontroseBeach201506112200_Water_Temperature]]
2025-10-15 19:13:40.181,38.771,63rd_WaterTempDrop_85,atomic,[63rd_WaterTempDrop_85],[1.0000],1,1,1.0000,[[63rdStreetBeach201506112300_Water_Temperature]]
2025-10-15 19:13:40.184,38.774,Calumet_WaterTempDrop_85,atomic,[Calumet_WaterTempDrop_85],[1.0000],1,1,1.0000,[[CalumetBeach201506112300_Water_Temperature]]
2025-10-15 19:13:40.184,38.774,Montrose_WaterTempDrop_85,atomic,[Montrose_WaterTempDrop_85],[1.0000],1,1,1.0000,[[MontroseBeach201506112300_Water_Temperature]]
2025-10-15 19:13:40.242,38.832,63rd_WaterTempDrop_85,atomic,[63rd_WaterTempDrop_85],[1.0000],1,1,1.0000,[[63rdStreetBeach201506122400_Water_Temperature]]
2025-10-15 19:13:40.243,38.833,Calumet_WaterTempDrop_85,atomic,[Calumet_WaterTempDrop_85],[1.0000],1,1,1.0000,[[CalumetBeach201506122400_Water_Temperature]]
2025-10-15 19:13:40.243,38.833,Montrose_WaterTempDrop_85,atomic,[Montrose_WaterTempDrop_85],[1.0000],1,1,1.0000,[[MontroseBeach201506122400_Water_Temperature]]
2025-10-15 19:13:40.303,38.893,Calumet_WaterTempDrop_85,atomic,[Calumet_WaterTempDrop_85],[0.9662],1,1,0.9662,[[CalumetBeach201506120100_Water_Temperature]]
2025-10-15 19:13:40.304,38.894,Montrose_WaterTempDrop_85,atomic,[Montrose_WaterTempDrop_85],[1.0000],1,1,1.0000,[[MontroseBeach201506120100_Water_Temperature]]
2025-10-15 19:13:40.367,38.957,Montrose_WaterTempDrop_85,atomic,[Montrose_WaterTempDrop_85],[0.9716],1,1,0.9716,[[MontroseBeach201506120200_Water_Temperature]]
2025-10-15 19:13:40.368,38.958,63rd_WaterTempDrop_85,atomic,[63rd_WaterTempDrop_85],[1.0000],1,1,1.0000,[[63rdStreetBeach201506120200_Water_Temperature]]
2025-10-15 19:13:40.368,38.958,Calumet_WaterTempDrop_85,atomic,[Calumet_WaterTempDrop_85],[1.0000],1,1,1.0000,[[CalumetBeach201506120200_Water_Temperature]]
2025-10-15 19:13:40.430,39.020,Calumet_WaterTempDrop_85,atomic,[Calumet_WaterTempDrop_85],[1.0000],1,1,1.0000,[[CalumetBeach201506120300_Water_Temperature]]
2025-10-15 19:13:40.431,39.021,Montrose_WaterTempDrop_85,atomic,[Montrose_WaterTempDrop_85],[1.0000],1,1,1.0000,[[MontroseBeach201506120300_Water_Temperature]]
2025-10-15 19:13:40.431,39.021,63rd_WaterTempDrop_85,atomic,[63rd_WaterTempDrop_85],[1.0000],1,1,1.0000,[[63rdStreetBeach201506120300_Water_Temperature]]
2025-10-15 19:13:40.493,39.083,63rd_WaterTempDrop_85,atomic,[63rd_WaterTempDrop_85],[1.0000],1,1,1.0000,[[63rdStreetBeach201506120400_Water_Temperature]]
2025-10-15 19:13:40.493,39.083,Montrose_WaterTempDrop_85,atomic,[Montrose_WaterTempDrop_85],[1.0000],1,1,1.0000,[[MontroseBeach201506120400_Water_Temperature]]
2025-10-15 19:13:40.493,39.083,Calumet_WaterTempDrop_85,atomic,[Calumet_WaterTempDrop_85],[1.0000],1,1,1.0000,[[CalumetBeach201506120400_Water_Temperature]]
2025-10-15 19:13:40.557,39.147,Calumet_WaterTempDrop_85,atomic,[Calumet_WaterTempDrop_85],[0.9676],1,1,0.9676,[[CalumetBeach201506120500_Water_Temperature]]
2025-10-15 19:13:40.558,39.148,Montrose_WaterTempDrop_85,atomic,[Montrose_WaterTempDrop_85],[1.0000],1,1,1.0000,[[MontroseBeach201506120500_Water_Temperature]]
2025-10-15 19:13:40.559,39.149,63rd_WaterTempDrop_85,atomic,[63rd_WaterTempDrop_85],[1.0000],1,1,1.0000,[[63rdStreetBeach201506120500_Water_Temperature]]
2025-10-15 19:13:40.618,39.208,Calumet_WaterTempDrop_85,atomic,[Calumet_WaterTempDrop_85],[1.0000],1,1,1.0000,[[CalumetBeach201506120600_Water_Temperature]]
2025-10-15 19:13:40.619,39.209,63rd_WaterTempDrop_85,atomic,[63rd_WaterTempDrop_85],[1.0000],1,1,1.0000,[[63rdStreetBeach201506120600_Water_Temperature]]
2025-10-15 19:13:40.620,39.210,Montrose_WaterTempDrop_85,atomic,[Montrose_WaterTempDrop_85],[1.0000],1,1,1.0000,[[MontroseBeach201506120600_Water_Temperature]]
2025-10-15 19:13:40.680,39.270,63rd_WaterTempDrop_85,atomic,[63rd_WaterTempDrop_85],[0.9710],1,1,0.9710,[[63rdStreetBeach201506120700_Water_Temperature]]
2025-10-15 19:13:40.684,39.274,Montrose_WaterTempDrop_85,atomic,[Montrose_WaterTempDrop_85],[1.0000],1,1,1.0000,[[MontroseBeach201506120700_Water_Temperature]]
2025-10-15 19:13:40.684,39.274,Calumet_WaterTempDrop_85,atomic,[Calumet_WaterTempDrop_85],[1.0000],1,1,1.0000,[[CalumetBeach201506120700_Water_Temperature]]
2025-10-15 19:13:40.745,39.335,Montrose_WaterTempDrop_85,atomic,[Montrose_WaterTempDrop_85],[1.0000],1,1,1.0000,[[MontroseBeach201506120800_Water_Temperature]]
2025-10-15 19:13:40.745,39.335,63rd_WaterTempDrop_85,atomic,[63rd_WaterTempDrop_85],[0.9674],1,1,0.9674,[[63rdStreetBeach201506120800_Water_Temperature]]
2025-10-15 19:13:40.746,39.336,Calumet_WaterTempDrop_85,atomic,[Calumet_WaterTempDrop_85],[1.0000],1,1,1.0000,[[CalumetBeach201506120800_Water_Temperature]]
2025-10-15 19:13:40.806,39.396,Calumet_WaterTempDrop_85,atomic,[Calumet_WaterTempDrop_85],[0.9683],1,1,0.9683,[[CalumetBeach201506120900_Water_Temperature]]
2025-10-15 19:13:40.807,39.397,Montrose_WaterTempDrop_85,atomic,[Montrose_WaterTempDrop_85],[1.0000],1,1,1.0000,[[MontroseBeach201506120900_Water_Temperature]]
2025-10-15 19:13:40.809,39.399,63rd_WaterTempDrop_85,atomic,[63rd_WaterTempDrop_85],[1.0000],1,1,1.0000,[[63rdStreetBeach201506120900_Water_Temperature]]
2025-10-15 19:13:40.868,39.458,Montrose_WaterTempDrop_85,atomic,[Montrose_WaterTempDrop_85],[0.9719],1,1,0.9719,[[MontroseBeach201506121000_Water_Temperature]]
2025-10-15 19:13:40.869,39.459,Calumet_WaterTempDrop_85,atomic,[Calumet_WaterTempDrop_85],[1.0000],1,1,1.0000,[[CalumetBeach201506121000_Water_Temperature]]
2025-10-15 19:13:40.871,39.461,63rd_WaterTempDrop_85,atomic,[63rd_WaterTempDrop_85],[1.0000],1,1,1.0000,[[63rdStreetBeach201506121000_Water_Temperature]]
2025-10-15 19:13:40.932,39.522,Montrose_WaterTempDrop_85,atomic,[Montrose_WaterTempDrop_85],[1.0000],1,1,1.0000,[[MontroseBeach201506121100_Water_Temperature]]
2025-10-15 19:13:40.933,39.523,Calumet_WaterTempDrop_85,atomic,[Calumet_WaterTempDrop_85],[1.0000],1,1,1.0000,[[CalumetBeach201506121100_Water_Temperature]]
2025-10-15 19:13:40.934,39.524,63rd_WaterTempDrop_85,atomic,[63rd_WaterTempDrop_85],[1.0000],1,1,1.0000,[[63rdStreetBeach201506121100_Water_Temperature]]
2025-10-15 19:13:40.995,39.585,63rd_WaterTempDrop_85,atomic,[63rd_WaterTempDrop_85],[1.0000],1,1,1.0000,[[63rdStreetBeach201506121200_Water_Temperature]]
2025-10-15 19:13:40.995,39.585,Montrose_WaterTempDrop_85,atomic,[Montrose_WaterTempDrop_85],[1.0000],1,1,1.0000,[[MontroseBeach201506121200_Water_Temperature]]
2025-10-15 19:13:40.996,39.586,Montrose_HighWave_85,atomic,[Montrose_HighWave_85],[1.0000],1,1,1.0000,[[MontroseBeach201506121200_Wave_Height]]
2025-10-15 19:13:40.997,39.587,Calumet_WaterTempDrop_85,atomic,[Calumet_WaterTempDrop_85],[1.0000],1,1,1.0000,[[CalumetBeach201506121200_Water_Temperature]]
2025-10-15 19:13:41.060,39.650,Montrose_WaterTempDrop_85,atomic,[Montrose_WaterTempDrop_85],[1.0000],1,1,1.0000,[[MontroseBeach201506121300_Water_Temperature]]
2025-10-15 19:13:41.060,39.650,63rd_WaterTempDrop_85,atomic,[63rd_WaterTempDrop_85],[1.0000],1,1,1.0000,[[63rdStreetBeach201506121300_Water_Temperature]]
2025-10-15 19:13:41.060,39.650,Calumet_WaterTempDrop_85,atomic,[Calumet_WaterTempDrop_85],[1.0000],1,1,1.0000,[[CalumetBeach201506121300_Water_Temperature]]
2025-10-15 19:13:41.121,39.711,Montrose_WaterTempDrop_85,atomic,[Montrose_WaterTempDrop_85],[1.0000],1,1,1.0000,[[MontroseBeach201506121400_Water_Temperature]]
2025-10-15 19:13:41.121,39.711,Calumet_WaterTempDrop_85,atomic,[Calumet_WaterTempDrop_85],[1.0000],1,1,1.0000,[[CalumetBeach201506121400_Water_Temperature]]
2025-10-15 19:13:41.184,39.774,Montrose_WaterTempDrop_85,atomic,[Montrose_WaterTempDrop_85],[1.0000],1,1,1.0000,[[MontroseBeach201506121500_Water_Temperature]]
2025-10-15 19:13:41.184,39.774,Montrose_HighWave_85,atomic,[Montrose_HighWave_85],[1.0000],1,1,1.0000,[[MontroseBeach201506121500_Wave_Height]]
2025-10-15 19:13:41.185,39.775,Calumet_WaterTempDrop_85,atomic,[Calumet_WaterTempDrop_85],[1.0000],1,1,1.0000,[[CalumetBeach201506121500_Water_Temperature]]
2025-10-15 19:13:41.245,39.835,Montrose_WaterTempDrop_85,atomic,[Montrose_WaterTempDrop_85],[0.9713],1,1,0.9713,[[MontroseBeach201506121600_Water_Temperature]]
2025-10-15 19:13:41.245,39.835,Calumet_WaterTempDrop_85,atomic,[Calumet_WaterTempDrop_85],[1.0000],1,1,1.0000,[[CalumetBeach201506121600_Water_Temperature]]
2025-10-15 19:13:41.245,39.835,Montrose_HighWave_85,atomic,[Montrose_HighWave_85],[1.0000],1,1,1.0000,[[MontroseBeach201506121600_Wave_Height]]
2025-10-15 19:13:41.309,39.899,Calumet_WaterTempDrop_85,atomic,[Calumet_WaterTempDrop_85],[1.0000],1,1,1.0000,[[CalumetBeach201506121700_Water_Temperature]]
2025-10-15 19:13:41.310,39.900,Montrose_HighWave_85,atomic,[Montrose_HighWave_85],[0.8575],1,1,0.8575,[[MontroseBeach201506121700_Wave_Height]]
2025-10-15 19:13:41.310,39.900,Montrose_WaterTempDrop_85,atomic,[Montrose_WaterTempDrop_85],[1.0000],1,1,1.0000,[[MontroseBeach201506121700_Water_Temperature]]
2025-10-15 19:13:41.370,39.960,63rd_WaterTempDrop_85,atomic,[63rd_WaterTempDrop_85],[0.9697],1,1,0.9697,[[63rdStreetBeach201506121800_Water_Temperature]]
2025-10-15 19:13:41.372,39.962,Montrose_WaterTempDrop_85,atomic,[Montrose_WaterTempDrop_85],[1.0000],1,1,1.0000,[[MontroseBeach201506121800_Water_Temperature]]
2025-10-15 19:13:41.373,39.963,Montrose_HighWave_85,atomic,[Montrose_HighWave_85],[1.0000],1,1,1.0000,[[MontroseBeach201506121800_Wave_Height]]
2025-10-15 19:13:41.374,39.964,Calumet_WaterTempDrop_85,atomic,[Calumet_WaterTempDrop_85],[1.0000],1,1,1.0000,[[CalumetBeach201506121800_Water_Temperature]]
2025-10-15 19:13:41.435,40.025,Montrose_WaterTempDrop_85,atomic,[Montrose_WaterTempDrop_85],[1.0000],1,1,1.0000,[[MontroseBeach201506121900_Water_Temperature]]
2025-10-15 19:13:41.436,40.026,63rd_WaterTempDrop_85,atomic,[63rd_WaterTempDrop_85],[1.0000],1,1,1.0000,[[63rdStreetBeach201506121900_Water_Temperature]]
2025-10-15 19:13:41.436,40.026,Calumet_WaterTempDrop_85,atomic,[Calumet_WaterTempDrop_85],[1.0000],1,1,1.0000,[[CalumetBeach201506121900_Water_Temperature]]
2025-10-15 19:13:41.497,40.087,63rd_WaterTempDrop_85,atomic,[63rd_WaterTempDrop_85],[0.9673],1,1,0.9673,[[63rdStreetBeach201506122000_Water_Temperature]]
2025-10-15 19:13:41.503,40.093,Montrose_WaterTempDrop_85,atomic,[Montrose_WaterTempDrop_85],[1.0000],1,1,1.0000,[[MontroseBeach201506122000_Water_Temperature]]
2025-10-15 19:13:41.503,40.093,Montrose_HighWave_85,atomic,[Montrose_HighWave_85],[1.0000],1,1,1.0000,[[MontroseBeach201506122000_Wave_Height]]
2025-10-15 19:13:41.504,40.094,Calumet_WaterTempDrop_85,atomic,[Calumet_WaterTempDrop_85],[1.0000],1,1,1.0000,[[CalumetBeach201506122000_Water_Temperature]]
2025-10-15 19:13:41.562,40.152,Calumet_WaterTempDrop_85,atomic,[Calumet_WaterTempDrop_85],[1.0000],1,1,1.0000,[[CalumetBeach201506122100_Water_Temperature]]
2025-10-15 19:13:41.562,40.152,Montrose_HighWave_85,atomic,[Montrose_HighWave_85],[0.8782],1,1,0.8782,[[MontroseBeach201506122100_Wave_Height]]
2025-10-15 19:13:41.565,40.155,63rd_WaterTempDrop_85,atomic,[63rd_WaterTempDrop_85],[1.0000],1,1,1.0000,[[63rdStreetBeach201506122100_Water_Temperature]]
2025-10-15 19:13:41.565,40.155,Montrose_WaterTempDrop_85,atomic,[Montrose_WaterTempDrop_85],[1.0000],1,1,1.0000,[[MontroseBeach201506122100_Water_Temperature]]
2025-10-15 19:13:41.622,40.212,63rd_WaterTempDrop_85,atomic,[63rd_WaterTempDrop_85],[0.9651],1,1,0.9651,[[63rdStreetBeach201506122200_Water_Temperature]]
2025-10-15 19:13:41.623,40.213,Montrose_HighWave_85,atomic,[Montrose_HighWave_85],[0.8516],1,1,0.8516,[[MontroseBeach201506122200_Wave_Height]]
2025-10-15 19:13:41.623,40.213,Calumet_WaterTempDrop_85,atomic,[Calumet_WaterTempDrop_85],[1.0000],1,1,1.0000,[[CalumetBeach201506122200_Water_Temperature]]
2025-10-15 19:13:41.625,40.215,Montrose_WaterTempDrop_85,atomic,[Montrose_WaterTempDrop_85],[1.0000],1,1,1.0000,[[MontroseBeach201506122200_Water_Temperature]]
2025-10-15 19:13:41.688,40.278,Montrose_WaterTempDrop_85,atomic,[Montrose_WaterTempDrop_85],[0.9714],1,1,0.9714,[[MontroseBeach201506122300_Water_Temperature]]
2025-10-15 19:13:41.689,40.279,Calumet_WaterTempDrop_85,atomic,[Calumet_WaterTempDrop_85],[1.0000],1,1,1.0000,[[CalumetBeach201506122300_Water_Temperature]]
2025-10-15 19:13:41.751,40.341,63rd_WaterTempDrop_85,atomic,[63rd_WaterTempDrop_85],[1.0000],1,1,1.0000,[[63rdStreetBeach201506132400_Water_Temperature]]
2025-10-15 19:13:41.752,40.342,Calumet_WaterTempDrop_85,atomic,[Calumet_WaterTempDrop_85],[1.0000],1,1,1.0000,[[CalumetBeach201506132400_Water_Temperature]]
2025-10-15 19:13:41.752,40.342,Montrose_WaterTempDrop_85,atomic,[Montrose_WaterTempDrop_85],[1.0000],1,1,1.0000,[[MontroseBeach201506132400_Water_Temperature]]
2025-10-15 19:13:41.809,40.399,Montrose_WaterTempDrop_85,atomic,[Montrose_WaterTempDrop_85],[0.9687],1,1,0.9687,[[MontroseBeach201506130100_Water_Temperature]]
2025-10-15 19:13:41.810,40.400,63rd_WaterTempDrop_85,atomic,[63rd_WaterTempDrop_85],[0.9632],1,1,0.9632,[[63rdStreetBeach201506130100_Water_Temperature]]
2025-10-15 19:13:41.813,40.403,Calumet_WaterTempDrop_85,atomic,[Calumet_WaterTempDrop_85],[1.0000],1,1,1.0000,[[CalumetBeach201506130100_Water_Temperature]]
2025-10-15 19:13:41.874,40.464,Montrose_WaterTempDrop_85,atomic,[Montrose_WaterTempDrop_85],[1.0000],1,1,1.0000,[[MontroseBeach201506130200_Water_Temperature]]
2025-10-15 19:13:41.874,40.464,Calumet_WaterTempDrop_85,atomic,[Calumet_WaterTempDrop_85],[1.0000],1,1,1.0000,[[CalumetBeach201506130200_Water_Temperature]]
2025-10-15 19:13:41.874,40.464,63rd_WaterTempDrop_85,atomic,[63rd_WaterTempDrop_85],[1.0000],1,1,1.0000,[[63rdStreetBeach201506130200_Water_Temperature]]
2025-10-15 19:13:41.935,40.525,63rd_WaterTempDrop_85,atomic,[63rd_WaterTempDrop_85],[1.0000],1,1,1.0000,[[63rdStreetBeach201506130300_Water_Temperature]]
2025-10-15 19:13:41.936,40.526,Calumet_WaterTempDrop_85,atomic,[Calumet_WaterTempDrop_85],[1.0000],1,1,1.0000,[[CalumetBeach201506130300_Water_Temperature]]
2025-10-15 19:13:41.937,40.527,Montrose_WaterTempDrop_85,atomic,[Montrose_WaterTempDrop_85],[1.0000],1,1,1.0000,[[MontroseBeach201506130300_Water_Temperature]]
2025-10-15 19:13:41.996,40.586,Calumet_WaterTempDrop_85,atomic,[Calumet_WaterTempDrop_85],[1.0000],1,1,1.0000,[[CalumetBeach201506130400_Water_Temperature]]
2025-10-15 19:13:41.998,40.588,Montrose_WaterTempDrop_85,atomic,[Montrose_WaterTempDrop_85],[1.0000],1,1,1.0000,[[MontroseBeach201506130400_Water_Temperature]]
2025-10-15 19:13:41.999,40.589,63rd_WaterTempDrop_85,atomic,[63rd_WaterTempDrop_85],[1.0000],1,1,1.0000,[[63rdStreetBeach201506130400_Water_Temperature]]
2025-10-15 19:13:42.059,40.649,Calumet_WaterTempDrop_85,atomic,[Calumet_WaterTempDrop_85],[1.0000],1,1,1.0000,[[CalumetBeach201506130500_Water_Temperature]]
2025-10-15 19:13:42.062,40.652,63rd_WaterTempDrop_85,atomic,[63rd_WaterTempDrop_85],[1.0000],1,1,1.0000,[[63rdStreetBeach201506130500_Water_Temperature]]
2025-10-15 19:13:42.062,40.652,Montrose_WaterTempDrop_85,atomic,[Montrose_WaterTempDrop_85],[1.0000],1,1,1.0000,[[MontroseBeach201506130500_Water_Temperature]]
2025-10-15 19:13:42.124,40.714,63rd_WaterTempDrop_85,atomic,[63rd_WaterTempDrop_85],[1.0000],1,1,1.0000,[[63rdStreetBeach201506130600_Water_Temperature]]
2025-10-15 19:13:42.125,40.715,Calumet_WaterTempDrop_85,atomic,[Calumet_WaterTempDrop_85],[1.0000],1,1,1.0000,[[CalumetBeach201506130600_Water_Temperature]]
2025-10-15 19:13:42.125,40.715,Montrose_WaterTempDrop_85,atomic,[Montrose_WaterTempDrop_85],[1.0000],1,1,1.0000,[[MontroseBeach201506130600_Water_Temperature]]
2025-10-15 19:13:42.185,40.775,63rd_WaterTempDrop_85,atomic,[63rd_WaterTempDrop_85],[0.9683],1,1,0.9683,[[63rdStreetBeach201506130700_Water_Temperature]]
2025-10-15 19:13:42.186,40.776,Calumet_WaterTempDrop_85,atomic,[Calumet_WaterTempDrop_85],[1.0000],1,1,1.0000,[[CalumetBeach201506130700_Water_Temperature]]
2025-10-15 19:13:42.188,40.778,Montrose_WaterTempDrop_85,atomic,[Montrose_WaterTempDrop_85],[1.0000],1,1,1.0000,[[MontroseBeach201506130700_Water_Temperature]]
2025-10-15 19:13:42.246,40.836,Calumet_WaterTempDrop_85,atomic,[Calumet_WaterTempDrop_85],[0.9731],1,1,0.9731,[[CalumetBeach201506130800_Water_Temperature]]
2025-10-15 19:13:42.248,40.838,Montrose_WaterTempDrop_85,atomic,[Montrose_WaterTempDrop_85],[1.0000],1,1,1.0000,[[MontroseBeach201506130800_Water_Temperature]]
2025-10-15 19:13:42.309,40.899,Calumet_WaterTempDrop_85,atomic,[Calumet_WaterTempDrop_85],[0.9696],1,1,0.9696,[[CalumetBeach201506130900_Water_Temperature]]
2025-10-15 19:13:42.310,40.900,Montrose_WaterTempDrop_85,atomic,[Montrose_WaterTempDrop_85],[1.0000],1,1,1.0000,[[MontroseBeach201506130900_Water_Temperature]]
2025-10-15 19:13:42.313,40.903,63rd_WaterTempDrop_85,atomic,[63rd_WaterTempDrop_85],[1.0000],1,1,1.0000,[[63rdStreetBeach201506130900_Water_Temperature]]
2025-10-15 19:13:42.372,40.962,Calumet_WaterTempDrop_85,atomic,[Calumet_WaterTempDrop_85],[1.0000],1,1,1.0000,[[CalumetBeach201506131000_Water_Temperature]]
2025-10-15 19:13:42.375,40.965,Montrose_WaterTempDrop_85,atomic,[Montrose_WaterTempDrop_85],[1.0000],1,1,1.0000,[[MontroseBeach201506131000_Water_Temperature]]
2025-10-15 19:13:42.375,40.965,63rd_WaterTempDrop_85,atomic,[63rd_WaterTempDrop_85],[1.0000],1,1,1.0000,[[63rdStreetBeach201506131000_Water_Temperature]]
2025-10-15 19:13:42.433,41.023,63rd_WaterTempDrop_85,atomic,[63rd_WaterTempDrop_85],[0.9674],1,1,0.9674,[[63rdStreetBeach201506131100_Water_Temperature]]
2025-10-15 19:13:42.434,41.024,Calumet_WaterTempDrop_85,atomic,[Calumet_WaterTempDrop_85],[1.0000],1,1,1.0000,[[CalumetBeach201506131100_Water_Temperature]]
2025-10-15 19:13:42.436,41.026,Montrose_WaterTempDrop_85,atomic,[Montrose_WaterTempDrop_85],[1.0000],1,1,1.0000,[[MontroseBeach201506131100_Water_Temperature]]
2025-10-15 19:13:42.497,41.087,Calumet_WaterTempDrop_85,atomic,[Calumet_WaterTempDrop_85],[1.0000],1,1,1.0000,[[CalumetBeach201506131200_Water_Temperature]]
2025-10-15 19:13:42.497,41.087,Montrose_WaterTempDrop_85,atomic,[Montrose_WaterTempDrop_85],[1.0000],1,1,1.0000,[[MontroseBeach201506131200_Water_Temperature]]
2025-10-15 19:13:42.498,41.088,63rd_WaterTempDrop_85,atomic,[63rd_WaterTempDrop_85],[1.0000],1,1,1.0000,[[63rdStreetBeach201506131200_Water_Temperature]]
2025-10-15 19:13:42.557,41.147,63rd_WaterTempDrop_85,atomic,[63rd_WaterTempDrop_85],[0.9653],1,1,0.9653,[[63rdStreetBeach201506131300_Water_Temperature]]
2025-10-15 19:13:42.558,41.148,Calumet_WaterTempDrop_85,atomic,[Calumet_WaterTempDrop_85],[1.0000],1,1,1.0000,[[CalumetBeach201506131300_Water_Temperature]]
2025-10-15 19:13:42.560,41.150,Montrose_WaterTempDrop_85,atomic,[Montrose_WaterTempDrop_85],[1.0000],1,1,1.0000,[[MontroseBeach201506131300_Water_Temperature]]
2025-10-15 19:13:42.619,41.209,63rd_WaterTempDrop_85,atomic,[63rd_WaterTempDrop_85],[0.9611],1,1,0.9611,[[63rdStreetBeach201506131400_Water_Temperature]]
2025-10-15 19:13:42.622,41.212,Montrose_WaterTempDrop_85,atomic,[Montrose_WaterTempDrop_85],[1.0000],1,1,1.0000,[[MontroseBeach201506131400_Water_Temperature]]
2025-10-15 19:13:42.622,41.212,Calumet_WaterTempDrop_85,atomic,[Calumet_WaterTempDrop_85],[1.0000],1,1,1.0000,[[CalumetBeach201506131400_Water_Temperature]]
2025-10-15 19:13:42.684,41.274,Montrose_WaterTempDrop_85,atomic,[Montrose_WaterTempDrop_85],[1.0000],1,1,1.0000,[[MontroseBeach201506131500_Water_Temperature]]
2025-10-15 19:13:42.685,41.275,Calumet_WaterTempDrop_85,atomic,[Calumet_WaterTempDrop_85],[1.0000],1,1,1.0000,[[CalumetBeach201506131500_Water_Temperature]]
2025-10-15 19:13:42.687,41.277,63rd_WaterTempDrop_85,atomic,[63rd_WaterTempDrop_85],[1.0000],1,1,1.0000,[[63rdStreetBeach201506131500_Water_Temperature]]
2025-10-15 19:13:42.745,41.335,Calumet_WaterTempDrop_85,atomic,[Calumet_WaterTempDrop_85],[0.9706],1,1,0.9706,[[CalumetBeach201506131600_Water_Temperature]]
2025-10-15 19:13:42.745,41.335,Montrose_WaterTempDrop_85,atomic,[Montrose_WaterTempDrop_85],[0.9729],1,1,0.9729,[[MontroseBeach201506131600_Water_Temperature]]
2025-10-15 19:13:42.809,41.399,63rd_WaterTempDrop_85,atomic,[63rd_WaterTempDrop_85],[1.0000],1,1,1.0000,[[63rdStreetBeach201506131700_Water_Temperature]]
2025-10-15 19:13:42.810,41.400,Montrose_WaterTempDrop_85,atomic,[Montrose_WaterTempDrop_85],[0.9694],1,1,0.9694,[[MontroseBeach201506131700_Water_Temperature]]
2025-10-15 19:13:42.812,41.402,Calumet_WaterTempDrop_85,atomic,[Calumet_WaterTempDrop_85],[1.0000],1,1,1.0000,[[CalumetBeach201506131700_Water_Temperature]]
2025-10-15 19:13:42.870,41.460,Calumet_WaterTempDrop_85,atomic,[Calumet_WaterTempDrop_85],[1.0000],1,1,1.0000,[[CalumetBeach201506131800_Water_Temperature]]
2025-10-15 19:13:42.871,41.461,63rd_WaterTempDrop_85,atomic,[63rd_WaterTempDrop_85],[0.9626],1,1,0.9626,[[63rdStreetBeach201506131800_Water_Temperature]]
2025-10-15 19:13:42.872,41.462,Montrose_WaterTempDrop_85,atomic,[Montrose_WaterTempDrop_85],[1.0000],1,1,1.0000,[[MontroseBeach201506131800_Water_Temperature]]
2025-10-15 19:13:42.930,41.520,Montrose_WaterTempDrop_85,atomic,[Montrose_WaterTempDrop_85],[0.9668],1,1,0.9668,[[MontroseBeach201506131900_Water_Temperature]]
2025-10-15 19:13:42.931,41.521,Calumet_WaterTempDrop_85,atomic,[Calumet_WaterTempDrop_85],[1.0000],1,1,1.0000,[[CalumetBeach201506131900_Water_Temperature]]
2025-10-15 19:13:42.992,41.582,Montrose_WaterTempDrop_85,atomic,[Montrose_WaterTempDrop_85],[0.9627],1,1,0.9627,[[MontroseBeach201506132000_Water_Temperature]]
2025-10-15 19:13:42.994,41.584,Calumet_WaterTempDrop_85,atomic,[Calumet_WaterTempDrop_85],[1.0000],1,1,1.0000,[[CalumetBeach201506132000_Water_Temperature]]
2025-10-15 19:13:42.996,41.586,63rd_WaterTempDrop_85,atomic,[63rd_WaterTempDrop_85],[1.0000],1,1,1.0000,[[63rdStreetBeach201506132000_Water_Temperature]]
2025-10-15 19:13:43.057,41.647,Montrose_WaterTempDrop_85,atomic,[Montrose_WaterTempDrop_85],[0.9580],1,1,0.9580,[[MontroseBeach201506132100_Water_Temperature]]
2025-10-15 19:13:43.058,41.648,63rd_WaterTempDrop_85,atomic,[63rd_WaterTempDrop_85],[1.0000],1,1,1.0000,[[63rdStreetBeach201506132100_Water_Temperature]]
2025-10-15 19:13:43.058,41.648,Calumet_WaterTempDrop_85,atomic,[Calumet_WaterTempDrop_85],[1.0000],1,1,1.0000,[[CalumetBeach201506132100_Water_Temperature]]
2025-10-15 19:13:43.118,41.708,Montrose_WaterTempDrop_85,atomic,[Montrose_WaterTempDrop_85],[0.9529],1,1,0.9529,[[MontroseBeach201506132200_Water_Temperature]]
2025-10-15 19:13:43.119,41.709,63rd_WaterTempDrop_85,atomic,[63rd_WaterTempDrop_85],[0.9637],1,1,0.9637,[[63rdStreetBeach201506132200_Water_Temperature]]
2025-10-15 19:13:43.119,41.709,Calumet_WaterTempDrop_85,atomic,[Calumet_WaterTempDrop_85],[1.0000],1,1,1.0000,[[CalumetBeach201506132200_Water_Temperature]]
2025-10-15 19:13:43.185,41.775,Montrose_WaterTempDrop_85,atomic,[Montrose_WaterTempDrop_85],[1.0000],1,1,1.0000,[[MontroseBeach201506132300_Water_Temperature]]
2025-10-15 19:13:43.186,41.776,63rd_WaterTempDrop_85,atomic,[63rd_WaterTempDrop_85],[1.0000],1,1,1.0000,[[63rdStreetBeach201506132300_Water_Temperature]]
2025-10-15 19:13:43.188,41.778,Calumet_WaterTempDrop_85,atomic,[Calumet_WaterTempDrop_85],[1.0000],1,1,1.0000,[[CalumetBeach201506132300_Water_Temperature]]
2025-10-15 19:13:43.243,41.833,Montrose_WaterTempDrop_85,atomic,[Montrose_WaterTempDrop_85],[0.9533],1,1,0.9533,[[MontroseBeach201506142400_Water_Temperature]]
2025-10-15 19:13:43.243,41.833,Calumet_WaterTempDrop_85,atomic,[Calumet_WaterTempDrop_85],[0.9716],1,1,0.9716,[[CalumetBeach201506142400_Water_Temperature]]
2025-10-15 19:13:43.246,41.836,63rd_WaterTempDrop_85,atomic,[63rd_WaterTempDrop_85],[1.0000],1,1,1.0000,[[63rdStreetBeach201506142400_Water_Temperature]]
2025-10-15 19:13:43.308,41.898,Calumet_WaterTempDrop_85,atomic,[Calumet_WaterTempDrop_85],[0.9680],1,1,0.9680,[[CalumetBeach201506140200_Water_Temperature]]
2025-10-15 19:13:43.310,41.900,Montrose_WaterTempDrop_85,atomic,[Montrose_WaterTempDrop_85],[1.0000],1,1,1.0000,[[MontroseBeach201506140200_Water_Temperature]]
2025-10-15 19:13:43.312,41.902,63rd_WaterTempDrop_85,atomic,[63rd_WaterTempDrop_85],[1.0000],1,1,1.0000,[[63rdStreetBeach201506140200_Water_Temperature]]
2025-10-15 19:13:43.373,41.963,Calumet_WaterTempDrop_85,atomic,[Calumet_WaterTempDrop_85],[1.0000],1,1,1.0000,[[CalumetBeach201506140300_Water_Temperature]]
2025-10-15 19:13:43.373,41.963,63rd_WaterTempDrop_85,atomic,[63rd_WaterTempDrop_85],[1.0000],1,1,1.0000,[[63rdStreetBeach201506140300_Water_Temperature]]
2025-10-15 19:13:43.374,41.964,Montrose_WaterTempDrop_85,atomic,[Montrose_WaterTempDrop_85],[1.0000],1,1,1.0000,[[MontroseBeach201506140300_Water_Temperature]]
2025-10-15 19:13:43.434,42.024,63rd_WaterTempDrop_85,atomic,[63rd_WaterTempDrop_85],[0.9676],1,1,0.9676,[[63rdStreetBeach201506140400_Water_Temperature]]
2025-10-15 19:13:43.436,42.026,Calumet_WaterTempDrop_85,atomic,[Calumet_WaterTempDrop_85],[1.0000],1,1,1.0000,[[CalumetBeach201506140400_Water_Temperature]]
2025-10-15 19:13:43.438,42.028,Montrose_WaterTempDrop_85,atomic,[Montrose_WaterTempDrop_85],[1.0000],1,1,1.0000,[[MontroseBeach201506140400_Water_Temperature]]
2025-10-15 19:13:43.495,42.085,Montrose_WaterTempDrop_85,atomic,[Montrose_WaterTempDrop_85],[0.9613],1,1,0.9613,[[MontroseBeach201506140500_Water_Temperature]]
2025-10-15 19:13:43.498,42.088,Calumet_WaterTempDrop_85,atomic,[Calumet_WaterTempDrop_85],[0.9671],1,1,0.9671,[[CalumetBeach201506140500_Water_Temperature]]
2025-10-15 19:13:43.499,42.089,63rd_WaterTempDrop_85,atomic,[63rd_WaterTempDrop_85],[1.0000],1,1,1.0000,[[63rdStreetBeach201506140500_Water_Temperature]]
2025-10-15 19:13:43.559,42.149,Montrose_WaterTempDrop_85,atomic,[Montrose_WaterTempDrop_85],[0.9569],1,1,0.9569,[[MontroseBeach201506140600_Water_Temperature]]
2025-10-15 19:13:43.560,42.150,63rd_WaterTempDrop_85,atomic,[63rd_WaterTempDrop_85],[0.9656],1,1,0.9656,[[63rdStreetBeach201506140600_Water_Temperature]]
2025-10-15 19:13:43.560,42.150,Calumet_WaterTempDrop_85,atomic,[Calumet_WaterTempDrop_85],[1.0000],1,1,1.0000,[[CalumetBeach201506140600_Water_Temperature]]
2025-10-15 19:13:43.619,42.209,63rd_WaterTempDrop_85,atomic,[63rd_WaterTempDrop_85],[0.9614],1,1,0.9614,[[63rdStreetBeach201506140700_Water_Temperature]]
2025-10-15 19:13:43.620,42.210,Calumet_WaterTempDrop_85,atomic,[Calumet_WaterTempDrop_85],[0.9649],1,1,0.9649,[[CalumetBeach201506140700_Water_Temperature]]
2025-10-15 19:13:43.621,42.211,Montrose_WaterTempDrop_85,atomic,[Montrose_WaterTempDrop_85],[1.0000],1,1,1.0000,[[MontroseBeach201506140700_Water_Temperature]]
2025-10-15 19:13:43.685,42.275,Montrose_WaterTempDrop_85,atomic,[Montrose_WaterTempDrop_85],[1.0000],1,1,1.0000,[[MontroseBeach201506140800_Water_Temperature]]
2025-10-15 19:13:43.687,42.277,Calumet_WaterTempDrop_85,atomic,[Calumet_WaterTempDrop_85],[1.0000],1,1,1.0000,[[CalumetBeach201506140800_Water_Temperature]]
2025-10-15 19:13:43.687,42.277,63rd_WaterTempDrop_85,atomic,[63rd_WaterTempDrop_85],[0.9569],1,1,0.9569,[[63rdStreetBeach201506140800_Water_Temperature]]
2025-10-15 19:13:43.752,42.342,Montrose_WaterTempDrop_85,atomic,[Montrose_WaterTempDrop_85],[1.0000],1,1,1.0000,[[MontroseBeach201506140900_Water_Temperature]]
2025-10-15 19:13:43.752,42.342,63rd_WaterTempDrop_85,atomic,[63rd_WaterTempDrop_85],[1.0000],1,1,1.0000,[[63rdStreetBeach201506140900_Water_Temperature]]
2025-10-15 19:13:43.754,42.344,Calumet_WaterTempDrop_85,atomic,[Calumet_WaterTempDrop_85],[1.0000],1,1,1.0000,[[CalumetBeach201506140900_Water_Temperature]]
2025-10-15 19:13:43.809,42.399,Montrose_WaterTempDrop_85,atomic,[Montrose_WaterTempDrop_85],[1.0000],1,1,1.0000,[[MontroseBeach201506141000_Water_Temperature]]
2025-10-15 19:13:43.809,42.399,Calumet_WaterTempDrop_85,atomic,[Calumet_WaterTempDrop_85],[1.0000],1,1,1.0000,[[CalumetBeach201506141000_Water_Temperature]]
2025-10-15 19:13:43.811,42.401,63rd_WaterTempDrop_85,atomic,[63rd_WaterTempDrop_85],[1.0000],1,1,1.0000,[[63rdStreetBeach201506141000_Water_Temperature]]
2025-10-15 19:13:43.873,42.463,Calumet_WaterTempDrop_85,atomic,[Calumet_WaterTempDrop_85],[0.9666],1,1,0.9666,[[CalumetBeach201506141100_Water_Temperature]]
2025-10-15 19:13:43.873,42.463,Montrose_WaterTempDrop_85,atomic,[Montrose_WaterTempDrop_85],[0.9653],1,1,0.9653,[[MontroseBeach201506141100_Water_Temperature]]
2025-10-15 19:13:43.873,42.463,63rd_WaterTempDrop_85,atomic,[63rd_WaterTempDrop_85],[1.0000],1,1,1.0000,[[63rdStreetBeach201506141100_Water_Temperature]]
2025-10-15 19:13:43.937,42.527,63rd_WaterTempDrop_85,atomic,[63rd_WaterTempDrop_85],[1.0000],1,1,1.0000,[[63rdStreetBeach201506141200_Water_Temperature]]
2025-10-15 19:13:43.938,42.528,Calumet_WaterTempDrop_85,atomic,[Calumet_WaterTempDrop_85],[1.0000],1,1,1.0000,[[CalumetBeach201506141200_Water_Temperature]]
2025-10-15 19:13:43.940,42.530,Montrose_WaterTempDrop_85,atomic,[Montrose_WaterTempDrop_85],[1.0000],1,1,1.0000,[[MontroseBeach201506141200_Water_Temperature]]
2025-10-15 19:13:43.997,42.587,Calumet_WaterTempDrop_85,atomic,[Calumet_WaterTempDrop_85],[1.0000],1,1,1.0000,[[CalumetBeach201506141300_Water_Temperature]]
2025-10-15 19:13:43.999,42.589,Montrose_WaterTempDrop_85,atomic,[Montrose_WaterTempDrop_85],[1.0000],1,1,1.0000,[[MontroseBeach201506141300_Water_Temperature]]
2025-10-15 19:13:43.999,42.589,63rd_WaterTempDrop_85,atomic,[63rd_WaterTempDrop_85],[1.0000],1,1,1.0000,[[63rdStreetBeach201506141300_Water_Temperature]]
2025-10-15 19:13:44.060,42.650,Calumet_WaterTempDrop_85,atomic,[Calumet_WaterTempDrop_85],[0.9663],1,1,0.9663,[[CalumetBeach201506141400_Water_Temperature]]
2025-10-15 19:13:44.061,42.651,Montrose_WaterTempDrop_85,atomic,[Montrose_WaterTempDrop_85],[1.0000],1,1,1.0000,[[MontroseBeach201506141400_Water_Temperature]]
2025-10-15 19:13:44.062,42.652,63rd_WaterTempDrop_85,atomic,[63rd_WaterTempDrop_85],[1.0000],1,1,1.0000,[[63rdStreetBeach201506141400_Water_Temperature]]
2025-10-15 19:13:44.123,42.713,63rd_WaterTempDrop_85,atomic,[63rd_WaterTempDrop_85],[1.0000],1,1,1.0000,[[63rdStreetBeach201506141500_Water_Temperature]]
2025-10-15 19:13:44.123,42.713,Calumet_WaterTempDrop_85,atomic,[Calumet_WaterTempDrop_85],[0.9622],1,1,0.9622,[[CalumetBeach201506141500_Water_Temperature]]
2025-10-15 19:13:44.124,42.714,Montrose_WaterTempDrop_85,atomic,[Montrose_WaterTempDrop_85],[1.0000],1,1,1.0000,[[MontroseBeach201506141500_Water_Temperature]]
2025-10-15 19:13:44.185,42.775,Calumet_WaterTempDrop_85,atomic,[Calumet_WaterTempDrop_85],[0.9578],1,1,0.9578,[[CalumetBeach201506141600_Water_Temperature]]
2025-10-15 19:13:44.186,42.776,63rd_WaterTempDrop_85,atomic,[63rd_WaterTempDrop_85],[0.9690],1,1,0.9690,[[63rdStreetBeach201506141600_Water_Temperature]]
2025-10-15 19:13:44.189,42.779,Montrose_WaterTempDrop_85,atomic,[Montrose_WaterTempDrop_85],[1.0000],1,1,1.0000,[[MontroseBeach201506141600_Water_Temperature]]
2025-10-15 19:13:44.247,42.837,Calumet_WaterTempDrop_85,atomic,[Calumet_WaterTempDrop_85],[0.9528],1,1,0.9528,[[CalumetBeach201506141700_Water_Temperature]]
2025-10-15 19:13:44.249,42.839,Montrose_WaterTempDrop_85,atomic,[Montrose_WaterTempDrop_85],[1.0000],1,1,1.0000,[[MontroseBeach201506141700_Water_Temperature]]
2025-10-15 19:13:44.309,42.899,Calumet_WaterTempDrop_85,atomic,[Calumet_WaterTempDrop_85],[0.9474],1,1,0.9474,[[CalumetBeach201506141800_Water_Temperature]]
2025-10-15 19:13:44.310,42.900,Montrose_WaterTempDrop_85,atomic,[Montrose_WaterTempDrop_85],[0.9704],1,1,0.9704,[[MontroseBeach201506141800_Water_Temperature]]
2025-10-15 19:13:44.311,42.901,63rd_WaterTempDrop_85,atomic,[63rd_WaterTempDrop_85],[0.9653],1,1,0.9653,[[63rdStreetBeach201506141800_Water_Temperature]]
2025-10-15 19:13:44.374,42.964,Montrose_WaterTempDrop_85,atomic,[Montrose_WaterTempDrop_85],[0.9668],1,1,0.9668,[[MontroseBeach201506141900_Water_Temperature]]
2025-10-15 19:13:44.375,42.965,63rd_WaterTempDrop_85,atomic,[63rd_WaterTempDrop_85],[1.0000],1,1,1.0000,[[63rdStreetBeach201506141900_Water_Temperature]]
2025-10-15 19:13:44.377,42.967,Calumet_WaterTempDrop_85,atomic,[Calumet_WaterTempDrop_85],[1.0000],1,1,1.0000,[[CalumetBeach201506141900_Water_Temperature]]
2025-10-15 19:13:44.440,43.030,Montrose_WaterTempDrop_85,atomic,[Montrose_WaterTempDrop_85],[1.0000],1,1,1.0000,[[MontroseBeach201506142000_Water_Temperature]]
2025-10-15 19:13:44.441,43.031,Calumet_WaterTempDrop_85,atomic,[Calumet_WaterTempDrop_85],[1.0000],1,1,1.0000,[[CalumetBeach201506142000_Water_Temperature]]
2025-10-15 19:13:44.442,43.032,63rd_WaterTempDrop_85,atomic,[63rd_WaterTempDrop_85],[1.0000],1,1,1.0000,[[63rdStreetBeach201506142000_Water_Temperature]]
2025-10-15 19:13:44.500,43.090,Montrose_WaterTempDrop_85,atomic,[Montrose_WaterTempDrop_85],[0.9648],1,1,0.9648,[[MontroseBeach201506142100_Water_Temperature]]
2025-10-15 19:13:44.500,43.090,63rd_WaterTempDrop_85,atomic,[63rd_WaterTempDrop_85],[0.9654],1,1,0.9654,[[63rdStreetBeach201506142100_Water_Temperature]]
2025-10-15 19:13:44.502,43.092,Calumet_WaterTempDrop_85,atomic,[Calumet_WaterTempDrop_85],[1.0000],1,1,1.0000,[[CalumetBeach201506142100_Water_Temperature]]
2025-10-15 19:13:44.564,43.154,Montrose_WaterTempDrop_85,atomic,[Montrose_WaterTempDrop_85],[0.9605],1,1,0.9605,[[MontroseBeach201506142200_Water_Temperature]]
2025-10-15 19:13:44.566,43.156,63rd_WaterTempDrop_85,atomic,[63rd_WaterTempDrop_85],[1.0000],1,1,1.0000,[[63rdStreetBeach201506142200_Water_Temperature]]
2025-10-15 19:13:44.567,43.157,Calumet_WaterTempDrop_85,atomic,[Calumet_WaterTempDrop_85],[1.0000],1,1,1.0000,[[CalumetBeach201506142200_Water_Temperature]]
2025-10-15 19:13:44.628,43.218,63rd_WaterTempDrop_85,atomic,[63rd_WaterTempDrop_85],[1.0000],1,1,1.0000,[[63rdStreetBeach201506142300_Water_Temperature]]
2025-10-15 19:13:44.629,43.219,Montrose_WaterTempDrop_85,atomic,[Montrose_WaterTempDrop_85],[1.0000],1,1,1.0000,[[MontroseBeach201506142300_Water_Temperature]]
2025-10-15 19:13:44.630,43.220,Calumet_WaterTempDrop_85,atomic,[Calumet_WaterTempDrop_85],[1.0000],1,1,1.0000,[[CalumetBeach201506142300_Water_Temperature]]
2025-10-15 19:13:44.691,43.281,Calumet_WaterTempDrop_85,atomic,[Calumet_WaterTempDrop_85],[1.0000],1,1,1.0000,[[CalumetBeach201506152400_Water_Temperature]]
2025-10-15 19:13:44.693,43.283,63rd_WaterTempDrop_85,atomic,[63rd_WaterTempDrop_85],[1.0000],1,1,1.0000,[[63rdStreetBeach201506152400_Water_Temperature]]
2025-10-15 19:13:44.693,43.283,Montrose_WaterTempDrop_85,atomic,[Montrose_WaterTempDrop_85],[1.0000],1,1,1.0000,[[MontroseBeach201506152400_Water_Temperature]]
2025-10-15 19:13:44.751,43.341,Montrose_WaterTempDrop_85,atomic,[Montrose_WaterTempDrop_85],[0.9623],1,1,0.9623,[[MontroseBeach201506150100_Water_Temperature]]
2025-10-15 19:13:44.754,43.344,63rd_WaterTempDrop_85,atomic,[63rd_WaterTempDrop_85],[1.0000],1,1,1.0000,[[63rdStreetBeach201506150100_Water_Temperature]]
2025-10-15 19:13:44.755,43.345,Calumet_WaterTempDrop_85,atomic,[Calumet_WaterTempDrop_85],[1.0000],1,1,1.0000,[[CalumetBeach201506150100_Water_Temperature]]
2025-10-15 19:13:44.814,43.404,Montrose_WaterTempDrop_85,atomic,[Montrose_WaterTempDrop_85],[1.0000],1,1,1.0000,[[MontroseBeach201506150200_Water_Temperature]]
2025-10-15 19:13:44.815,43.405,Calumet_WaterTempDrop_85,atomic,[Calumet_WaterTempDrop_85],[1.0000],1,1,1.0000,[[CalumetBeach201506150200_Water_Temperature]]
2025-10-15 19:13:44.815,43.405,63rd_WaterTempDrop_85,atomic,[63rd_WaterTempDrop_85],[1.0000],1,1,1.0000,[[63rdStreetBeach201506150200_Water_Temperature]]
2025-10-15 19:13:44.875,43.465,63rd_WaterTempDrop_85,atomic,[63rd_WaterTempDrop_85],[0.9691],1,1,0.9691,[[63rdStreetBeach201506150300_Water_Temperature]]
2025-10-15 19:13:44.877,43.467,Calumet_WaterTempDrop_85,atomic,[Calumet_WaterTempDrop_85],[0.9690],1,1,0.9690,[[CalumetBeach201506150300_Water_Temperature]]
2025-10-15 19:13:44.877,43.467,Montrose_WaterTempDrop_85,atomic,[Montrose_WaterTempDrop_85],[1.0000],1,1,1.0000,[[MontroseBeach201506150300_Water_Temperature]]
2025-10-15 19:13:44.939,43.529,63rd_WaterTempDrop_85,atomic,[63rd_WaterTempDrop_85],[0.9653],1,1,0.9653,[[63rdStreetBeach201506150400_Water_Temperature]]
2025-10-15 19:13:44.941,43.531,Calumet_WaterTempDrop_85,atomic,[Calumet_WaterTempDrop_85],[1.0000],1,1,1.0000,[[CalumetBeach201506150400_Water_Temperature]]
2025-10-15 19:13:44.941,43.531,Montrose_WaterTempDrop_85,atomic,[Montrose_WaterTempDrop_85],[1.0000],1,1,1.0000,[[MontroseBeach201506150400_Water_Temperature]]
2025-10-15 19:13:44.998,43.588,63rd_WaterTempDrop_85,atomic,[63rd_WaterTempDrop_85],[0.9611],1,1,0.9611,[[63rdStreetBeach201506150500_Water_Temperature]]
2025-10-15 19:13:45.000,43.590,Montrose_WaterTempDrop_85,atomic,[Montrose_WaterTempDrop_85],[0.9654],1,1,0.9654,[[MontroseBeach201506150500_Water_Temperature]]
2025-10-15 19:13:45.002,43.592,Calumet_WaterTempDrop_85,atomic,[Calumet_WaterTempDrop_85],[1.0000],1,1,1.0000,[[CalumetBeach201506150500_Water_Temperature]]
2025-10-15 19:13:45.062,43.652,63rd_WaterTempDrop_85,atomic,[63rd_WaterTempDrop_85],[0.9564],1,1,0.9564,[[63rdStreetBeach201506150600_Water_Temperature]]
2025-10-15 19:13:45.063,43.653,Montrose_WaterTempDrop_85,atomic,[Montrose_WaterTempDrop_85],[1.0000],1,1,1.0000,[[MontroseBeach201506150600_Water_Temperature]]
2025-10-15 19:13:45.064,43.654,Calumet_WaterTempDrop_85,atomic,[Calumet_WaterTempDrop_85],[1.0000],1,1,1.0000,[[CalumetBeach201506150600_Water_Temperature]]
2025-10-15 19:13:45.126,43.716,Montrose_WaterTempDrop_85,atomic,[Montrose_WaterTempDrop_85],[1.0000],1,1,1.0000,[[MontroseBeach201506150700_Water_Temperature]]
2025-10-15 19:13:45.130,43.720,63rd_WaterTempDrop_85,atomic,[63rd_WaterTempDrop_85],[1.0000],1,1,1.0000,[[63rdStreetBeach201506150700_Water_Temperature]]
2025-10-15 19:13:45.130,43.720,Calumet_WaterTempDrop_85,atomic,[Calumet_WaterTempDrop_85],[1.0000],1,1,1.0000,[[CalumetBeach201506150700_Water_Temperature]]
2025-10-15 19:13:45.186,43.776,Montrose_WaterTempDrop_85,atomic,[Montrose_WaterTempDrop_85],[0.9656],1,1,0.9656,[[MontroseBeach201506150800_Water_Temperature]]
2025-10-15 19:13:45.189,43.779,Calumet_WaterTempDrop_85,atomic,[Calumet_WaterTempDrop_85],[1.0000],1,1,1.0000,[[CalumetBeach201506150800_Water_Temperature]]
2025-10-15 19:13:45.190,43.780,63rd_WaterTempDrop_85,atomic,[63rd_WaterTempDrop_85],[1.0000],1,1,1.0000,[[63rdStreetBeach201506150800_Water_Temperature]]
2025-10-15 19:13:45.247,43.837,Calumet_WaterTempDrop_85,atomic,[Calumet_WaterTempDrop_85],[0.9707],1,1,0.9707,[[CalumetBeach201506150900_Water_Temperature]]
2025-10-15 19:13:45.250,43.840,63rd_WaterTempDrop_85,atomic,[63rd_WaterTempDrop_85],[1.0000],1,1,1.0000,[[63rdStreetBeach201506150900_Water_Temperature]]
2025-10-15 19:13:45.251,43.841,Montrose_WaterTempDrop_85,atomic,[Montrose_WaterTempDrop_85],[1.0000],1,1,1.0000,[[MontroseBeach201506150900_Water_Temperature]]
2025-10-15 19:13:45.310,43.900,63rd_WaterTempDrop_85,atomic,[63rd_WaterTempDrop_85],[0.9625],1,1,0.9625,[[63rdStreetBeach201506151000_Water_Temperature]]
2025-10-15 19:13:45.310,43.900,Calumet_WaterTempDrop_85,atomic,[Calumet_WaterTempDrop_85],[1.0000],1,1,1.0000,[[CalumetBeach201506151000_Water_Temperature]]
2025-10-15 19:13:45.310,43.900,Montrose_WaterTempDrop_85,atomic,[Montrose_WaterTempDrop_85],[1.0000],1,1,1.0000,[[MontroseBeach201506151000_Water_Temperature]]
2025-10-15 19:13:45.385,43.975,Montrose_WaterTempDrop_85,atomic,[Montrose_WaterTempDrop_85],[1.0000],1,1,1.0000,[[MontroseBeach201506151100_Water_Temperature]]
2025-10-15 19:13:45.387,43.977,Calumet_WaterTempDrop_85,atomic,[Calumet_WaterTempDrop_85],[1.0000],1,1,1.0000,[[CalumetBeach201506151100_Water_Temperature]]
2025-10-15 19:13:45.387,43.977,63rd_WaterTempDrop_85,atomic,[63rd_WaterTempDrop_85],[1.0000],1,1,1.0000,[[63rdStreetBeach201506151100_Water_Temperature]]
2025-10-15 19:13:45.433,44.023,63rd_WaterTempDrop_85,atomic,[63rd_WaterTempDrop_85],[0.9612],1,1,0.9612,[[63rdStreetBeach201506151200_Water_Temperature]]
2025-10-15 19:13:45.435,44.025,Montrose_WaterTempDrop_85,atomic,[Montrose_WaterTempDrop_85],[0.9671],1,1,0.9671,[[MontroseBeach201506151200_Water_Temperature]]
2025-10-15 19:13:45.436,44.026,Calumet_WaterTempDrop_85,atomic,[Calumet_WaterTempDrop_85],[1.0000],1,1,1.0000,[[CalumetBeach201506151200_Water_Temperature]]
2025-10-15 19:13:45.510,44.100,Montrose_WaterTempDrop_85,atomic,[Montrose_WaterTempDrop_85],[1.0000],1,1,1.0000,[[MontroseBeach201506151300_Water_Temperature]]
2025-10-15 19:13:45.512,44.102,Calumet_WaterTempDrop_85,atomic,[Calumet_WaterTempDrop_85],[1.0000],1,1,1.0000,[[CalumetBeach201506151300_Water_Temperature]]
2025-10-15 19:13:45.562,44.152,63rd_WaterTempDrop_85,atomic,[63rd_WaterTempDrop_85],[1.0000],1,1,1.0000,[[63rdStreetBeach201506151400_Water_Temperature]]
2025-10-15 19:13:45.562,44.152,Calumet_WaterTempDrop_85,atomic,[Calumet_WaterTempDrop_85],[0.9705],1,1,0.9705,[[CalumetBeach201506151400_Water_Temperature]]
2025-10-15 19:13:45.564,44.154,Montrose_WaterTempDrop_85,atomic,[Montrose_WaterTempDrop_85],[1.0000],1,1,1.0000,[[MontroseBeach201506151400_Water_Temperature]]
2025-10-15 19:13:45.625,44.215,Calumet_WaterTempDrop_85,atomic,[Calumet_WaterTempDrop_85],[1.0000],1,1,1.0000,[[CalumetBeach201506151500_Water_Temperature]]
2025-10-15 19:13:45.628,44.218,Montrose_WaterTempDrop_85,atomic,[Montrose_WaterTempDrop_85],[1.0000],1,1,1.0000,[[MontroseBeach201506151500_Water_Temperature]]
2025-10-15 19:13:45.629,44.219,63rd_WaterTempDrop_85,atomic,[63rd_WaterTempDrop_85],[1.0000],1,1,1.0000,[[63rdStreetBeach201506151500_Water_Temperature]]
2025-10-15 19:13:45.686,44.276,Calumet_WaterTempDrop_85,atomic,[Calumet_WaterTempDrop_85],[0.9680],1,1,0.9680,[[CalumetBeach201506151600_Water_Temperature]]
2025-10-15 19:13:45.688,44.278,Montrose_WaterTempDrop_85,atomic,[Montrose_WaterTempDrop_85],[1.0000],1,1,1.0000,[[MontroseBeach201506151600_Water_Temperature]]
2025-10-15 19:13:45.688,44.278,63rd_WaterTempDrop_85,atomic,[63rd_WaterTempDrop_85],[1.0000],1,1,1.0000,[[63rdStreetBeach201506151600_Water_Temperature]]
2025-10-15 19:13:45.749,44.339,Calumet_WaterTempDrop_85,atomic,[Calumet_WaterTempDrop_85],[1.0000],1,1,1.0000,[[CalumetBeach201506151700_Water_Temperature]]
2025-10-15 19:13:45.749,44.339,Montrose_WaterTempDrop_85,atomic,[Montrose_WaterTempDrop_85],[1.0000],1,1,1.0000,[[MontroseBeach201506151700_Water_Temperature]]
2025-10-15 19:13:45.811,44.401,Montrose_WaterTempDrop_85,atomic,[Montrose_WaterTempDrop_85],[1.0000],1,1,1.0000,[[MontroseBeach201506151800_Water_Temperature]]
2025-10-15 19:13:45.813,44.403,63rd_WaterTempDrop_85,atomic,[63rd_WaterTempDrop_85],[1.0000],1,1,1.0000,[[63rdStreetBeach201506151800_Water_Temperature]]
2025-10-15 19:13:45.814,44.404,Calumet_WaterTempDrop_85,atomic,[Calumet_WaterTempDrop_85],[1.0000],1,1,1.0000,[[CalumetBeach201506151800_Water_Temperature]]
2025-10-15 19:13:45.873,44.463,63rd_WaterTempDrop_85,atomic,[63rd_WaterTempDrop_85],[1.0000],1,1,1.0000,[[63rdStreetBeach201506151900_Water_Temperature]]
2025-10-15 19:13:45.874,44.464,Montrose_WaterTempDrop_85,atomic,[Montrose_WaterTempDrop_85],[1.0000],1,1,1.0000,[[MontroseBeach201506151900_Water_Temperature]]
2025-10-15 19:13:45.874,44.464,Calumet_WaterTempDrop_85,atomic,[Calumet_WaterTempDrop_85],[1.0000],1,1,1.0000,[[CalumetBeach201506151900_Water_Temperature]]
2025-10-15 19:13:45.937,44.527,63rd_WaterTempDrop_85,atomic,[63rd_WaterTempDrop_85],[1.0000],1,1,1.0000,[[63rdStreetBeach201506152000_Water_Temperature]]
2025-10-15 19:13:45.937,44.527,Montrose_WaterTempDrop_85,atomic,[Montrose_WaterTempDrop_85],[1.0000],1,1,1.0000,[[MontroseBeach201506152000_Water_Temperature]]
2025-10-15 19:13:45.939,44.529,Calumet_WaterTempDrop_85,atomic,[Calumet_WaterTempDrop_85],[1.0000],1,1,1.0000,[[CalumetBeach201506152000_Water_Temperature]]
2025-10-15 19:13:45.997,44.587,Montrose_WaterTempDrop_85,atomic,[Montrose_WaterTempDrop_85],[1.0000],1,1,1.0000,[[MontroseBeach201506152100_Water_Temperature]]
2025-10-15 19:13:45.998,44.588,63rd_WaterTempDrop_85,atomic,[63rd_WaterTempDrop_85],[1.0000],1,1,1.0000,[[63rdStreetBeach201506152100_Water_Temperature]]
2025-10-15 19:13:45.998,44.588,Calumet_WaterTempDrop_85,atomic,[Calumet_WaterTempDrop_85],[1.0000],1,1,1.0000,[[CalumetBeach201506152100_Water_Temperature]]
2025-10-15 19:13:46.061,44.651,Montrose_WaterTempDrop_85,atomic,[Montrose_WaterTempDrop_85],[1.0000],1,1,1.0000,[[MontroseBeach201506152200_Water_Temperature]]
2025-10-15 19:13:46.063,44.653,Calumet_WaterTempDrop_85,atomic,[Calumet_WaterTempDrop_85],[1.0000],1,1,1.0000,[[CalumetBeach201506152200_Water_Temperature]]
2025-10-15 19:13:46.064,44.654,63rd_WaterTempDrop_85,atomic,[63rd_WaterTempDrop_85],[1.0000],1,1,1.0000,[[63rdStreetBeach201506152200_Water_Temperature]]
2025-10-15 19:13:46.122,44.712,Montrose_WaterTempDrop_85,atomic,[Montrose_WaterTempDrop_85],[0.9721],1,1,0.9721,[[MontroseBeach201506152300_Water_Temperature]]
2025-10-15 19:13:46.125,44.715,Calumet_WaterTempDrop_85,atomic,[Calumet_WaterTempDrop_85],[1.0000],1,1,1.0000,[[CalumetBeach201506152300_Water_Temperature]]
2025-10-15 19:13:46.126,44.716,63rd_WaterTempDrop_85,atomic,[63rd_WaterTempDrop_85],[1.0000],1,1,1.0000,[[63rdStreetBeach201506152300_Water_Temperature]]
2025-10-15 19:13:46.186,44.776,63rd_WaterTempDrop_85,atomic,[63rd_WaterTempDrop_85],[0.9711],1,1,0.9711,[[63rdStreetBeach201506162400_Water_Temperature]]
2025-10-15 19:13:46.186,44.776,Calumet_WaterTempDrop_85,atomic,[Calumet_WaterTempDrop_85],[1.0000],1,1,1.0000,[[CalumetBeach201506162400_Water_Temperature]]
2025-10-15 19:13:46.188,44.778,Montrose_WaterTempDrop_85,atomic,[Montrose_WaterTempDrop_85],[1.0000],1,1,1.0000,[[MontroseBeach201506162400_Water_Temperature]]
2025-10-15 19:13:46.246,44.836,Montrose_WaterTempDrop_85,atomic,[Montrose_WaterTempDrop_85],[0.9693],1,1,0.9693,[[MontroseBeach201506160100_Water_Temperature]]
2025-10-15 19:13:46.247,44.837,Calumet_WaterTempDrop_85,atomic,[Calumet_WaterTempDrop_85],[1.0000],1,1,1.0000,[[CalumetBeach201506160100_Water_Temperature]]
2025-10-15 19:13:46.310,44.900,63rd_WaterTempDrop_85,atomic,[63rd_WaterTempDrop_85],[1.0000],1,1,1.0000,[[63rdStreetBeach201506160200_Water_Temperature]]
2025-10-15 19:13:46.311,44.901,Montrose_WaterTempDrop_85,atomic,[Montrose_WaterTempDrop_85],[1.0000],1,1,1.0000,[[MontroseBeach201506160200_Water_Temperature]]
2025-10-15 19:13:46.312,44.902,Calumet_WaterTempDrop_85,atomic,[Calumet_WaterTempDrop_85],[1.0000],1,1,1.0000,[[CalumetBeach201506160200_Water_Temperature]]
2025-10-15 19:13:46.371,44.961,63rd_WaterTempDrop_85,atomic,[63rd_WaterTempDrop_85],[0.9686],1,1,0.9686,[[63rdStreetBeach201506160300_Water_Temperature]]
2025-10-15 19:13:46.373,44.963,Calumet_WaterTempDrop_85,atomic,[Calumet_WaterTempDrop_85],[0.9720],1,1,0.9720,[[CalumetBeach201506160300_Water_Temperature]]
2025-10-15 19:13:46.374,44.964,Montrose_WaterTempDrop_85,atomic,[Montrose_WaterTempDrop_85],[1.0000],1,1,1.0000,[[MontroseBeach201506160300_Water_Temperature]]
2025-10-15 19:13:46.434,45.024,Calumet_WaterTempDrop_85,atomic,[Calumet_WaterTempDrop_85],[1.0000],1,1,1.0000,[[CalumetBeach201506160400_Water_Temperature]]
2025-10-15 19:13:46.435,45.025,Montrose_WaterTempDrop_85,atomic,[Montrose_WaterTempDrop_85],[1.0000],1,1,1.0000,[[MontroseBeach201506160400_Water_Temperature]]
2025-10-15 19:13:46.436,45.026,63rd_WaterTempDrop_85,atomic,[63rd_WaterTempDrop_85],[1.0000],1,1,1.0000,[[63rdStreetBeach201506160400_Water_Temperature]]
2025-10-15 19:13:46.494,45.084,Montrose_WaterTempDrop_85,atomic,[Montrose_WaterTempDrop_85],[1.0000],1,1,1.0000,[[MontroseBeach201506160500_Water_Temperature]]
2025-10-15 19:13:46.497,45.087,Calumet_WaterTempDrop_85,atomic,[Calumet_WaterTempDrop_85],[1.0000],1,1,1.0000,[[CalumetBeach201506160500_Water_Temperature]]
2025-10-15 19:13:46.497,45.087,63rd_WaterTempDrop_85,atomic,[63rd_WaterTempDrop_85],[1.0000],1,1,1.0000,[[63rdStreetBeach201506160500_Water_Temperature]]
2025-10-15 19:13:46.560,45.150,Calumet_WaterTempDrop_85,atomic,[Calumet_WaterTempDrop_85],[1.0000],1,1,1.0000,[[CalumetBeach201506160600_Water_Temperature]]
2025-10-15 19:13:46.563,45.153,63rd_WaterTempDrop_85,atomic,[63rd_WaterTempDrop_85],[1.0000],1,1,1.0000,[[63rdStreetBeach201506160600_Water_Temperature]]
2025-10-15 19:13:46.563,45.153,Montrose_WaterTempDrop_85,atomic,[Montrose_WaterTempDrop_85],[1.0000],1,1,1.0000,[[MontroseBeach201506160600_Water_Temperature]]
2025-10-15 19:13:46.619,45.209,Montrose_WaterTempDrop_85,atomic,[Montrose_WaterTempDrop_85],[0.9702],1,1,0.9702,[[MontroseBeach201506160700_Water_Temperature]]
2025-10-15 19:13:46.621,45.211,Calumet_WaterTempDrop_85,atomic,[Calumet_WaterTempDrop_85],[1.0000],1,1,1.0000,[[CalumetBeach201506160700_Water_Temperature]]
2025-10-15 19:13:46.684,45.274,Montrose_WaterTempDrop_85,atomic,[Montrose_WaterTempDrop_85],[0.9664],1,1,0.9664,[[MontroseBeach201506160800_Water_Temperature]]
2025-10-15 19:13:46.684,45.274,63rd_WaterTempDrop_85,atomic,[63rd_WaterTempDrop_85],[1.0000],1,1,1.0000,[[63rdStreetBeach201506160800_Water_Temperature]]
2025-10-15 19:13:46.685,45.275,Calumet_WaterTempDrop_85,atomic,[Calumet_WaterTempDrop_85],[1.0000],1,1,1.0000,[[CalumetBeach201506160800_Water_Temperature]]
2025-10-15 19:13:46.744,45.334,63rd_WaterTempDrop_85,atomic,[63rd_WaterTempDrop_85],[0.9694],1,1,0.9694,[[63rdStreetBeach201506160900_Water_Temperature]]
2025-10-15 19:13:46.744,45.334,Calumet_WaterTempDrop_85,atomic,[Calumet_WaterTempDrop_85],[1.0000],1,1,1.0000,[[CalumetBeach201506160900_Water_Temperature]]
2025-10-15 19:13:46.745,45.335,Montrose_WaterTempDrop_85,atomic,[Montrose_WaterTempDrop_85],[1.0000],1,1,1.0000,[[MontroseBeach201506160900_Water_Temperature]]
2025-10-15 19:13:46.808,45.398,Calumet_WaterTempDrop_85,atomic,[Calumet_WaterTempDrop_85],[0.9716],1,1,0.9716,[[CalumetBeach201506161000_Water_Temperature]]
2025-10-15 19:13:46.809,45.399,Montrose_WaterTempDrop_85,atomic,[Montrose_WaterTempDrop_85],[1.0000],1,1,1.0000,[[MontroseBeach201506161000_Water_Temperature]]
2025-10-15 19:13:46.809,45.399,63rd_WaterTempDrop_85,atomic,[63rd_WaterTempDrop_85],[0.9655],1,1,0.9655,[[63rdStreetBeach201506161000_Water_Temperature]]
2025-10-15 19:13:46.810,45.400,Montrose_HighWave_85,atomic,[Montrose_HighWave_85],[1.0000],1,1,1.0000,[[MontroseBeach201506161000_Wave_Height]]
2025-10-15 19:13:46.870,45.460,Montrose_WaterTempDrop_85,atomic,[Montrose_WaterTempDrop_85],[0.9658],1,1,0.9658,[[MontroseBeach201506161100_Water_Temperature]]
2025-10-15 19:13:46.870,45.460,Montrose_HighWave_85,atomic,[Montrose_HighWave_85],[0.8642],1,1,0.8642,[[MontroseBeach201506161100_Wave_Height]]
2025-10-15 19:13:46.871,45.461,Calumet_WaterTempDrop_85,atomic,[Calumet_WaterTempDrop_85],[1.0000],1,1,1.0000,[[CalumetBeach201506161100_Water_Temperature]]
2025-10-15 19:13:46.933,45.523,Montrose_WaterTempDrop_85,atomic,[Montrose_WaterTempDrop_85],[0.9615],1,1,0.9615,[[MontroseBeach201506161200_Water_Temperature]]
2025-10-15 19:13:46.936,45.526,63rd_WaterTempDrop_85,atomic,[63rd_WaterTempDrop_85],[1.0000],1,1,1.0000,[[63rdStreetBeach201506161200_Water_Temperature]]
2025-10-15 19:13:46.937,45.527,Calumet_WaterTempDrop_85,atomic,[Calumet_WaterTempDrop_85],[1.0000],1,1,1.0000,[[CalumetBeach201506161200_Water_Temperature]]
2025-10-15 19:13:46.994,45.584,Calumet_WaterTempDrop_85,atomic,[Calumet_WaterTempDrop_85],[0.9695],1,1,0.9695,[[CalumetBeach201506161300_Water_Temperature]]
2025-10-15 19:13:46.999,45.589,Montrose_WaterTempDrop_85,atomic,[Montrose_WaterTempDrop_85],[1.0000],1,1,1.0000,[[MontroseBeach201506161300_Water_Temperature]]
2025-10-15 19:13:46.999,45.589,63rd_WaterTempDrop_85,atomic,[63rd_WaterTempDrop_85],[1.0000],1,1,1.0000,[[63rdStreetBeach201506161300_Water_Temperature]]
2025-10-15 19:13:47.059,45.649,Montrose_WaterTempDrop_85,atomic,[Montrose_WaterTempDrop_85],[1.0000],1,1,1.0000,[[MontroseBeach201506161400_Water_Temperature]]
2025-10-15 19:13:47.059,45.649,Montrose_HighWave_85,atomic,[Montrose_HighWave_85],[1.0000],1,1,1.0000,[[MontroseBeach201506161400_Wave_Height]]
2025-10-15 19:13:47.059,45.649,Calumet_WaterTempDrop_85,atomic,[Calumet_WaterTempDrop_85],[1.0000],1,1,1.0000,[[CalumetBeach201506161400_Water_Temperature]]
2025-10-15 19:13:47.118,45.708,Montrose_WaterTempDrop_85,atomic,[Montrose_WaterTempDrop_85],[0.9627],1,1,0.9627,[[MontroseBeach201506161500_Water_Temperature]]
2025-10-15 19:13:47.119,45.709,Calumet_WaterTempDrop_85,atomic,[Calumet_WaterTempDrop_85],[0.9670],1,1,0.9670,[[CalumetBeach201506161500_Water_Temperature]]
2025-10-15 19:13:47.120,45.710,63rd_WaterTempDrop_85,atomic,[63rd_WaterTempDrop_85],[0.9653],1,1,0.9653,[[63rdStreetBeach201506161500_Water_Temperature]]
2025-10-15 19:13:47.180,45.770,Calumet_WaterTempDrop_85,atomic,[Calumet_WaterTempDrop_85],[0.9628],1,1,0.9628,[[CalumetBeach201506161600_Water_Temperature]]
2025-10-15 19:13:47.182,45.772,63rd_WaterTempDrop_85,atomic,[63rd_WaterTempDrop_85],[1.0000],1,1,1.0000,[[63rdStreetBeach201506161600_Water_Temperature]]
2025-10-15 19:13:47.184,45.774,Montrose_WaterTempDrop_85,atomic,[Montrose_WaterTempDrop_85],[1.0000],1,1,1.0000,[[MontroseBeach201506161600_Water_Temperature]]
2025-10-15 19:13:47.242,45.832,Calumet_WaterTempDrop_85,atomic,[Calumet_WaterTempDrop_85],[1.0000],1,1,1.0000,[[CalumetBeach201506161700_Water_Temperature]]
2025-10-15 19:13:47.243,45.833,Montrose_WaterTempDrop_85,atomic,[Montrose_WaterTempDrop_85],[0.9613],1,1,0.9613,[[MontroseBeach201506161700_Water_Temperature]]
2025-10-15 19:13:47.243,45.833,63rd_WaterTempDrop_85,atomic,[63rd_WaterTempDrop_85],[1.0000],1,1,1.0000,[[63rdStreetBeach201506161700_Water_Temperature]]
2025-10-15 19:13:47.307,45.897,Montrose_WaterTempDrop_85,atomic,[Montrose_WaterTempDrop_85],[1.0000],1,1,1.0000,[[MontroseBeach201506161800_Water_Temperature]]
2025-10-15 19:13:47.307,45.897,Calumet_WaterTempDrop_85,atomic,[Calumet_WaterTempDrop_85],[1.0000],1,1,1.0000,[[CalumetBeach201506161800_Water_Temperature]]
2025-10-15 19:13:47.368,45.958,Calumet_WaterTempDrop_85,atomic,[Calumet_WaterTempDrop_85],[1.0000],1,1,1.0000,[[CalumetBeach201506161900_Water_Temperature]]
2025-10-15 19:13:47.369,45.959,Montrose_WaterTempDrop_85,atomic,[Montrose_WaterTempDrop_85],[1.0000],1,1,1.0000,[[MontroseBeach201506161900_Water_Temperature]]
2025-10-15 19:13:47.433,46.023,Calumet_WaterTempDrop_85,atomic,[Calumet_WaterTempDrop_85],[1.0000],1,1,1.0000,[[CalumetBeach201506162000_Water_Temperature]]
2025-10-15 19:13:47.435,46.025,63rd_WaterTempDrop_85,atomic,[63rd_WaterTempDrop_85],[1.0000],1,1,1.0000,[[63rdStreetBeach201506162000_Water_Temperature]]
2025-10-15 19:13:47.435,46.025,Montrose_WaterTempDrop_85,atomic,[Montrose_WaterTempDrop_85],[1.0000],1,1,1.0000,[[MontroseBeach201506162000_Water_Temperature]]
2025-10-15 19:13:47.499,46.089,Calumet_WaterTempDrop_85,atomic,[Calumet_WaterTempDrop_85],[0.9668],1,1,0.9668,[[CalumetBeach201506162100_Water_Temperature]]
2025-10-15 19:13:47.500,46.090,Montrose_WaterTempDrop_85,atomic,[Montrose_WaterTempDrop_85],[1.0000],1,1,1.0000,[[MontroseBeach201506162100_Water_Temperature]]
2025-10-15 19:13:47.560,46.150,Montrose_WaterTempDrop_85,atomic,[Montrose_WaterTempDrop_85],[0.9666],1,1,0.9666,[[MontroseBeach201506162200_Water_Temperature]]
2025-10-15 19:13:47.562,46.152,63rd_WaterTempDrop_85,atomic,[63rd_WaterTempDrop_85],[1.0000],1,1,1.0000,[[63rdStreetBeach201506162200_Water_Temperature]]
2025-10-15 19:13:47.564,46.154,Calumet_WaterTempDrop_85,atomic,[Calumet_WaterTempDrop_85],[1.0000],1,1,1.0000,[[CalumetBeach201506162200_Water_Temperature]]
2025-10-15 19:13:47.635,46.225,Montrose_WaterTempDrop_85,atomic,[Montrose_WaterTempDrop_85],[1.0000],1,1,1.0000,[[MontroseBeach201506162300_Water_Temperature]]
2025-10-15 19:13:47.635,46.225,Calumet_WaterTempDrop_85,atomic,[Calumet_WaterTempDrop_85],[1.0000],1,1,1.0000,[[CalumetBeach201506162300_Water_Temperature]]
2025-10-15 19:13:47.686,46.276,Montrose_WaterTempDrop_85,atomic,[Montrose_WaterTempDrop_85],[1.0000],1,1,1.0000,[[MontroseBeach201506172400_Water_Temperature]]
2025-10-15 19:13:47.688,46.278,63rd_WaterTempDrop_85,atomic,[63rd_WaterTempDrop_85],[1.0000],1,1,1.0000,[[63rdStreetBeach201506172400_Water_Temperature]]
2025-10-15 19:13:47.688,46.278,Calumet_WaterTempDrop_85,atomic,[Calumet_WaterTempDrop_85],[1.0000],1,1,1.0000,[[CalumetBeach201506172400_Water_Temperature]]
2025-10-15 19:13:47.746,46.336,Montrose_WaterTempDrop_85,atomic,[Montrose_WaterTempDrop_85],[0.9664],1,1,0.9664,[[MontroseBeach201506170100_Water_Temperature]]
2025-10-15 19:13:47.747,46.337,Calumet_WaterTempDrop_85,atomic,[Calumet_WaterTempDrop_85],[1.0000],1,1,1.0000,[[CalumetBeach201506170100_Water_Temperature]]
2025-10-15 19:13:47.809,46.399,Montrose_WaterTempDrop_85,atomic,[Montrose_WaterTempDrop_85],[0.9624],1,1,0.9624,[[MontroseBeach201506170200_Water_Temperature]]
2025-10-15 19:13:47.810,46.400,Calumet_WaterTempDrop_85,atomic,[Calumet_WaterTempDrop_85],[1.0000],1,1,1.0000,[[CalumetBeach201506170200_Water_Temperature]]
2025-10-15 19:13:47.810,46.400,63rd_WaterTempDrop_85,atomic,[63rd_WaterTempDrop_85],[0.9689],1,1,0.9689,[[63rdStreetBeach201506170200_Water_Temperature]]
2025-10-15 19:13:47.870,46.460,Montrose_WaterTempDrop_85,atomic,[Montrose_WaterTempDrop_85],[0.9579],1,1,0.9579,[[MontroseBeach201506170300_Water_Temperature]]
2025-10-15 19:13:47.873,46.463,Calumet_WaterTempDrop_85,atomic,[Calumet_WaterTempDrop_85],[0.9696],1,1,0.9696,[[CalumetBeach201506170300_Water_Temperature]]
2025-10-15 19:13:47.873,46.463,63rd_WaterTempDrop_85,atomic,[63rd_WaterTempDrop_85],[1.0000],1,1,1.0000,[[63rdStreetBeach201506170300_Water_Temperature]]
2025-10-15 19:13:47.938,46.528,Calumet_WaterTempDrop_85,atomic,[Calumet_WaterTempDrop_85],[1.0000],1,1,1.0000,[[CalumetBeach201506170400_Water_Temperature]]
2025-10-15 19:13:47.939,46.529,63rd_WaterTempDrop_85,atomic,[63rd_WaterTempDrop_85],[1.0000],1,1,1.0000,[[63rdStreetBeach201506170400_Water_Temperature]]
2025-10-15 19:13:47.940,46.530,Montrose_WaterTempDrop_85,atomic,[Montrose_WaterTempDrop_85],[1.0000],1,1,1.0000,[[MontroseBeach201506170400_Water_Temperature]]
2025-10-15 19:13:47.999,46.589,Montrose_WaterTempDrop_85,atomic,[Montrose_WaterTempDrop_85],[1.0000],1,1,1.0000,[[MontroseBeach201506170500_Water_Temperature]]
2025-10-15 19:13:48.000,46.590,Calumet_WaterTempDrop_85,atomic,[Calumet_WaterTempDrop_85],[1.0000],1,1,1.0000,[[CalumetBeach201506170500_Water_Temperature]]
2025-10-15 19:13:48.001,46.591,63rd_WaterTempDrop_85,atomic,[63rd_WaterTempDrop_85],[1.0000],1,1,1.0000,[[63rdStreetBeach201506170500_Water_Temperature]]
2025-10-15 19:13:48.061,46.651,Montrose_WaterTempDrop_85,atomic,[Montrose_WaterTempDrop_85],[0.9609],1,1,0.9609,[[MontroseBeach201506170600_Water_Temperature]]
2025-10-15 19:13:48.061,46.651,Calumet_WaterTempDrop_85,atomic,[Calumet_WaterTempDrop_85],[1.0000],1,1,1.0000,[[CalumetBeach201506170600_Water_Temperature]]
2025-10-15 19:13:48.062,46.652,63rd_WaterTempDrop_85,atomic,[63rd_WaterTempDrop_85],[1.0000],1,1,1.0000,[[63rdStreetBeach201506170600_Water_Temperature]]
2025-10-15 19:13:48.124,46.714,63rd_WaterTempDrop_85,atomic,[63rd_WaterTempDrop_85],[1.0000],1,1,1.0000,[[63rdStreetBeach201506170700_Water_Temperature]]
2025-10-15 19:13:48.125,46.715,Montrose_WaterTempDrop_85,atomic,[Montrose_WaterTempDrop_85],[1.0000],1,1,1.0000,[[MontroseBeach201506170700_Water_Temperature]]
2025-10-15 19:13:48.125,46.715,Calumet_WaterTempDrop_85,atomic,[Calumet_WaterTempDrop_85],[1.0000],1,1,1.0000,[[CalumetBeach201506170700_Water_Temperature]]
2025-10-15 19:13:48.188,46.778,Montrose_WaterTempDrop_85,atomic,[Montrose_WaterTempDrop_85],[1.0000],1,1,1.0000,[[MontroseBeach201506170800_Water_Temperature]]
2025-10-15 19:13:48.188,46.778,Calumet_WaterTempDrop_85,atomic,[Calumet_WaterTempDrop_85],[1.0000],1,1,1.0000,[[CalumetBeach201506170800_Water_Temperature]]
2025-10-15 19:13:48.249,46.839,Calumet_WaterTempDrop_85,atomic,[Calumet_WaterTempDrop_85],[1.0000],1,1,1.0000,[[CalumetBeach201506170900_Water_Temperature]]
2025-10-15 19:13:48.251,46.841,Montrose_WaterTempDrop_85,atomic,[Montrose_WaterTempDrop_85],[1.0000],1,1,1.0000,[[MontroseBeach201506170900_Water_Temperature]]
2025-10-15 19:13:48.313,46.903,Calumet_WaterTempDrop_85,atomic,[Calumet_WaterTempDrop_85],[1.0000],1,1,1.0000,[[CalumetBeach201506171000_Water_Temperature]]
2025-10-15 19:13:48.319,46.909,Montrose_WaterTempDrop_85,atomic,[Montrose_WaterTempDrop_85],[1.0000],1,1,1.0000,[[MontroseBeach201506171000_Water_Temperature]]
2025-10-15 19:13:48.376,46.966,63rd_WaterTempDrop_85,atomic,[63rd_WaterTempDrop_85],[1.0000],1,1,1.0000,[[63rdStreetBeach201506171100_Water_Temperature]]
2025-10-15 19:13:48.377,46.967,Calumet_WaterTempDrop_85,atomic,[Calumet_WaterTempDrop_85],[1.0000],1,1,1.0000,[[CalumetBeach201506171100_Water_Temperature]]
2025-10-15 19:13:48.377,46.967,Montrose_WaterTempDrop_85,atomic,[Montrose_WaterTempDrop_85],[1.0000],1,1,1.0000,[[MontroseBeach201506171100_Water_Temperature]]
2025-10-15 19:13:48.437,47.027,Calumet_WaterTempDrop_85,atomic,[Calumet_WaterTempDrop_85],[0.9720],1,1,0.9720,[[CalumetBeach201506171200_Water_Temperature]]
2025-10-15 19:13:48.438,47.028,Montrose_WaterTempDrop_85,atomic,[Montrose_WaterTempDrop_85],[1.0000],1,1,1.0000,[[MontroseBeach201506171200_Water_Temperature]]
2025-10-15 19:13:48.499,47.089,Montrose_WaterTempDrop_85,atomic,[Montrose_WaterTempDrop_85],[1.0000],1,1,1.0000,[[MontroseBeach201506171300_Water_Temperature]]
2025-10-15 19:13:48.501,47.091,Calumet_WaterTempDrop_85,atomic,[Calumet_WaterTempDrop_85],[1.0000],1,1,1.0000,[[CalumetBeach201506171300_Water_Temperature]]
2025-10-15 19:13:48.560,47.150,Montrose_WaterTempDrop_85,atomic,[Montrose_WaterTempDrop_85],[0.9699],1,1,0.9699,[[MontroseBeach201506171400_Water_Temperature]]
2025-10-15 19:13:48.561,47.151,63rd_WaterTempDrop_85,atomic,[63rd_WaterTempDrop_85],[0.9709],1,1,0.9709,[[63rdStreetBeach201506171400_Water_Temperature]]
2025-10-15 19:13:48.563,47.153,Calumet_WaterTempDrop_85,atomic,[Calumet_WaterTempDrop_85],[1.0000],1,1,1.0000,[[CalumetBeach201506171400_Water_Temperature]]
2025-10-15 19:13:48.621,47.211,Calumet_WaterTempDrop_85,atomic,[Calumet_WaterTempDrop_85],[0.9700],1,1,0.9700,[[CalumetBeach201506171500_Water_Temperature]]
2025-10-15 19:13:48.624,47.214,Montrose_WaterTempDrop_85,atomic,[Montrose_WaterTempDrop_85],[1.0000],1,1,1.0000,[[MontroseBeach201506171500_Water_Temperature]]
2025-10-15 19:13:48.684,47.274,Montrose_WaterTempDrop_85,atomic,[Montrose_WaterTempDrop_85],[0.9676],1,1,0.9676,[[MontroseBeach201506171600_Water_Temperature]]
2025-10-15 19:13:48.685,47.275,Calumet_WaterTempDrop_85,atomic,[Calumet_WaterTempDrop_85],[1.0000],1,1,1.0000,[[CalumetBeach201506171600_Water_Temperature]]
2025-10-15 19:13:48.746,47.336,Montrose_WaterTempDrop_85,atomic,[Montrose_WaterTempDrop_85],[0.9637],1,1,0.9637,[[MontroseBeach201506171700_Water_Temperature]]
2025-10-15 19:13:48.746,47.336,63rd_WaterTempDrop_85,atomic,[63rd_WaterTempDrop_85],[1.0000],1,1,1.0000,[[63rdStreetBeach201506171700_Water_Temperature]]
2025-10-15 19:13:48.748,47.338,Calumet_WaterTempDrop_85,atomic,[Calumet_WaterTempDrop_85],[1.0000],1,1,1.0000,[[CalumetBeach201506171700_Water_Temperature]]
2025-10-15 19:13:48.809,47.399,Montrose_WaterTempDrop_85,atomic,[Montrose_WaterTempDrop_85],[0.9593],1,1,0.9593,[[MontroseBeach201506171800_Water_Temperature]]
2025-10-15 19:13:48.809,47.399,63rd_WaterTempDrop_85,atomic,[63rd_WaterTempDrop_85],[1.0000],1,1,1.0000,[[63rdStreetBeach201506171800_Water_Temperature]]
2025-10-15 19:13:48.811,47.401,Calumet_WaterTempDrop_85,atomic,[Calumet_WaterTempDrop_85],[1.0000],1,1,1.0000,[[CalumetBeach201506171800_Water_Temperature]]
2025-10-15 19:13:48.872,47.462,63rd_WaterTempDrop_85,atomic,[63rd_WaterTempDrop_85],[0.9691],1,1,0.9691,[[63rdStreetBeach201506171900_Water_Temperature]]
2025-10-15 19:13:48.872,47.462,Calumet_WaterTempDrop_85,atomic,[Calumet_WaterTempDrop_85],[1.0000],1,1,1.0000,[[CalumetBeach201506171900_Water_Temperature]]
2025-10-15 19:13:48.874,47.464,Montrose_WaterTempDrop_85,atomic,[Montrose_WaterTempDrop_85],[1.0000],1,1,1.0000,[[MontroseBeach201506171900_Water_Temperature]]
2025-10-15 19:13:48.935,47.525,Calumet_WaterTempDrop_85,atomic,[Calumet_WaterTempDrop_85],[0.9700],1,1,0.9700,[[CalumetBeach201506172000_Water_Temperature]]
2025-10-15 19:13:48.936,47.526,63rd_WaterTempDrop_85,atomic,[63rd_WaterTempDrop_85],[0.9653],1,1,0.9653,[[63rdStreetBeach201506172000_Water_Temperature]]
2025-10-15 19:13:48.936,47.526,Montrose_WaterTempDrop_85,atomic,[Montrose_WaterTempDrop_85],[0.9584],1,1,0.9584,[[MontroseBeach201506172000_Water_Temperature]]
2025-10-15 19:13:48.997,47.587,63rd_WaterTempDrop_85,atomic,[63rd_WaterTempDrop_85],[0.9610],1,1,0.9610,[[63rdStreetBeach201506172100_Water_Temperature]]
2025-10-15 19:13:48.998,47.588,Montrose_WaterTempDrop_85,atomic,[Montrose_WaterTempDrop_85],[1.0000],1,1,1.0000,[[MontroseBeach201506172100_Water_Temperature]]
2025-10-15 19:13:49.000,47.590,Calumet_WaterTempDrop_85,atomic,[Calumet_WaterTempDrop_85],[1.0000],1,1,1.0000,[[CalumetBeach201506172100_Water_Temperature]]
2025-10-15 19:13:49.061,47.651,Calumet_WaterTempDrop_85,atomic,[Calumet_WaterTempDrop_85],[0.9674],1,1,0.9674,[[CalumetBeach201506172200_Water_Temperature]]
2025-10-15 19:13:49.062,47.652,Montrose_WaterTempDrop_85,atomic,[Montrose_WaterTempDrop_85],[0.9579],1,1,0.9579,[[MontroseBeach201506172200_Water_Temperature]]
2025-10-15 19:13:49.065,47.655,63rd_WaterTempDrop_85,atomic,[63rd_WaterTempDrop_85],[1.0000],1,1,1.0000,[[63rdStreetBeach201506172200_Water_Temperature]]
2025-10-15 19:13:49.123,47.713,63rd_WaterTempDrop_85,atomic,[63rd_WaterTempDrop_85],[0.9597],1,1,0.9597,[[63rdStreetBeach201506172300_Water_Temperature]]
2025-10-15 19:13:49.124,47.714,Calumet_WaterTempDrop_85,atomic,[Calumet_WaterTempDrop_85],[0.9634],1,1,0.9634,[[CalumetBeach201506172300_Water_Temperature]]
2025-10-15 19:13:49.127,47.717,Montrose_WaterTempDrop_85,atomic,[Montrose_WaterTempDrop_85],[1.0000],1,1,1.0000,[[MontroseBeach201506172300_Water_Temperature]]
2025-10-15 19:13:49.187,47.777,Calumet_WaterTempDrop_85,atomic,[Calumet_WaterTempDrop_85],[0.9589],1,1,0.9589,[[CalumetBeach201506182400_Water_Temperature]]
2025-10-15 19:13:49.191,47.781,63rd_WaterTempDrop_85,atomic,[63rd_WaterTempDrop_85],[1.0000],1,1,1.0000,[[63rdStreetBeach201506182400_Water_Temperature]]
2025-10-15 19:13:49.191,47.781,Montrose_WaterTempDrop_85,atomic,[Montrose_WaterTempDrop_85],[1.0000],1,1,1.0000,[[MontroseBeach201506182400_Water_Temperature]]
2025-10-15 19:13:49.253,47.843,63rd_WaterTempDrop_85,atomic,[63rd_WaterTempDrop_85],[0.9587],1,1,0.9587,[[63rdStreetBeach201506180100_Water_Temperature]]
2025-10-15 19:13:49.254,47.844,Montrose_WaterTempDrop_85,atomic,[Montrose_WaterTempDrop_85],[1.0000],1,1,1.0000,[[MontroseBeach201506180100_Water_Temperature]]
2025-10-15 19:13:49.255,47.845,Calumet_WaterTempDrop_85,atomic,[Calumet_WaterTempDrop_85],[1.0000],1,1,1.0000,[[CalumetBeach201506180100_Water_Temperature]]
2025-10-15 19:13:49.314,47.904,Montrose_WaterTempDrop_85,atomic,[Montrose_WaterTempDrop_85],[0.9634],1,1,0.9634,[[MontroseBeach201506180200_Water_Temperature]]
2025-10-15 19:13:49.316,47.906,63rd_WaterTempDrop_85,atomic,[63rd_WaterTempDrop_85],[0.9538],1,1,0.9538,[[63rdStreetBeach201506180200_Water_Temperature]]
2025-10-15 19:13:49.318,47.908,Calumet_WaterTempDrop_85,atomic,[Calumet_WaterTempDrop_85],[1.0000],1,1,1.0000,[[CalumetBeach201506180200_Water_Temperature]]
2025-10-15 19:13:49.377,47.967,63rd_WaterTempDrop_85,atomic,[63rd_WaterTempDrop_85],[0.9485],1,1,0.9485,[[63rdStreetBeach201506180300_Water_Temperature]]
2025-10-15 19:13:49.377,47.967,Calumet_WaterTempDrop_85,atomic,[Calumet_WaterTempDrop_85],[0.9611],1,1,0.9611,[[CalumetBeach201506180300_Water_Temperature]]
2025-10-15 19:13:49.380,47.970,Montrose_WaterTempDrop_85,atomic,[Montrose_WaterTempDrop_85],[1.0000],1,1,1.0000,[[MontroseBeach201506180300_Water_Temperature]]
2025-10-15 19:13:49.441,48.031,63rd_WaterTempDrop_85,atomic,[63rd_WaterTempDrop_85],[0.9426],1,1,0.9426,[[63rdStreetBeach201506180400_Water_Temperature]]
2025-10-15 19:13:49.444,48.034,Montrose_WaterTempDrop_85,atomic,[Montrose_WaterTempDrop_85],[0.9620],1,1,0.9620,[[MontroseBeach201506180400_Water_Temperature]]
2025-10-15 19:13:49.444,48.034,Calumet_WaterTempDrop_85,atomic,[Calumet_WaterTempDrop_85],[1.0000],1,1,1.0000,[[CalumetBeach201506180400_Water_Temperature]]
2025-10-15 19:13:49.504,48.094,Calumet_WaterTempDrop_85,atomic,[Calumet_WaterTempDrop_85],[1.0000],1,1,1.0000,[[CalumetBeach201506180500_Water_Temperature]]
2025-10-15 19:13:49.506,48.096,Montrose_WaterTempDrop_85,atomic,[Montrose_WaterTempDrop_85],[1.0000],1,1,1.0000,[[MontroseBeach201506180500_Water_Temperature]]
2025-10-15 19:13:49.507,48.097,63rd_WaterTempDrop_85,atomic,[63rd_WaterTempDrop_85],[1.0000],1,1,1.0000,[[63rdStreetBeach201506180500_Water_Temperature]]
2025-10-15 19:13:49.568,48.158,Montrose_WaterTempDrop_85,atomic,[Montrose_WaterTempDrop_85],[1.0000],1,1,1.0000,[[MontroseBeach201506180600_Water_Temperature]]
2025-10-15 19:13:49.568,48.158,Calumet_WaterTempDrop_85,atomic,[Calumet_WaterTempDrop_85],[1.0000],1,1,1.0000,[[CalumetBeach201506180600_Water_Temperature]]
2025-10-15 19:13:49.570,48.160,63rd_WaterTempDrop_85,atomic,[63rd_WaterTempDrop_85],[1.0000],1,1,1.0000,[[63rdStreetBeach201506180600_Water_Temperature]]
2025-10-15 19:13:49.630,48.220,63rd_WaterTempDrop_85,atomic,[63rd_WaterTempDrop_85],[0.9528],1,1,0.9528,[[63rdStreetBeach201506180700_Water_Temperature]]
2025-10-15 19:13:49.631,48.221,Montrose_WaterTempDrop_85,atomic,[Montrose_WaterTempDrop_85],[1.0000],1,1,1.0000,[[MontroseBeach201506180700_Water_Temperature]]
2025-10-15 19:13:49.632,48.222,Calumet_WaterTempDrop_85,atomic,[Calumet_WaterTempDrop_85],[1.0000],1,1,1.0000,[[CalumetBeach201506180700_Water_Temperature]]
2025-10-15 19:13:49.695,48.285,Calumet_WaterTempDrop_85,atomic,[Calumet_WaterTempDrop_85],[1.0000],1,1,1.0000,[[CalumetBeach201506180800_Water_Temperature]]
2025-10-15 19:13:49.696,48.286,Montrose_WaterTempDrop_85,atomic,[Montrose_WaterTempDrop_85],[1.0000],1,1,1.0000,[[MontroseBeach201506180800_Water_Temperature]]
2025-10-15 19:13:49.755,48.345,Montrose_WaterTempDrop_85,atomic,[Montrose_WaterTempDrop_85],[0.9670],1,1,0.9670,[[MontroseBeach201506180900_Water_Temperature]]
2025-10-15 19:13:49.755,48.345,Calumet_WaterTempDrop_85,atomic,[Calumet_WaterTempDrop_85],[0.9678],1,1,0.9678,[[CalumetBeach201506180900_Water_Temperature]]
2025-10-15 19:13:49.819,48.409,Montrose_WaterTempDrop_85,atomic,[Montrose_WaterTempDrop_85],[1.0000],1,1,1.0000,[[MontroseBeach201506181000_Water_Temperature]]
2025-10-15 19:13:49.819,48.409,Calumet_WaterTempDrop_85,atomic,[Calumet_WaterTempDrop_85],[1.0000],1,1,1.0000,[[CalumetBeach201506181000_Water_Temperature]]
2025-10-15 19:13:49.881,48.471,Calumet_WaterTempDrop_85,atomic,[Calumet_WaterTempDrop_85],[0.9658],1,1,0.9658,[[CalumetBeach201506181100_Water_Temperature]]
2025-10-15 19:13:49.883,48.473,Montrose_WaterTempDrop_85,atomic,[Montrose_WaterTempDrop_85],[1.0000],1,1,1.0000,[[MontroseBeach201506181100_Water_Temperature]]
2025-10-15 19:13:49.884,48.474,63rd_WaterTempDrop_85,atomic,[63rd_WaterTempDrop_85],[1.0000],1,1,1.0000,[[63rdStreetBeach201506181100_Water_Temperature]]
2025-10-15 19:13:49.947,48.537,Calumet_WaterTempDrop_85,atomic,[Calumet_WaterTempDrop_85],[1.0000],1,1,1.0000,[[CalumetBeach201506181200_Water_Temperature]]
2025-10-15 19:13:49.948,48.538,Montrose_WaterTempDrop_85,atomic,[Montrose_WaterTempDrop_85],[0.9667],1,1,0.9667,[[MontroseBeach201506181200_Water_Temperature]]
2025-10-15 19:13:49.948,48.538,63rd_WaterTempDrop_85,atomic,[63rd_WaterTempDrop_85],[1.0000],1,1,1.0000,[[63rdStreetBeach201506181200_Water_Temperature]]
2025-10-15 19:13:50.023,48.613,Calumet_WaterTempDrop_85,atomic,[Calumet_WaterTempDrop_85],[1.0000],1,1,1.0000,[[CalumetBeach201506181300_Water_Temperature]]
2025-10-15 19:13:50.024,48.614,Montrose_WaterTempDrop_85,atomic,[Montrose_WaterTempDrop_85],[1.0000],1,1,1.0000,[[MontroseBeach201506181300_Water_Temperature]]
2025-10-15 19:13:50.070,48.660,Montrose_WaterTempDrop_85,atomic,[Montrose_WaterTempDrop_85],[0.9647],1,1,0.9647,[[MontroseBeach201506181400_Water_Temperature]]
2025-10-15 19:13:50.074,48.664,63rd_WaterTempDrop_85,atomic,[63rd_WaterTempDrop_85],[1.0000],1,1,1.0000,[[63rdStreetBeach201506181400_Water_Temperature]]
2025-10-15 19:13:50.075,48.665,Calumet_WaterTempDrop_85,atomic,[Calumet_WaterTempDrop_85],[1.0000],1,1,1.0000,[[CalumetBeach201506181400_Water_Temperature]]
2025-10-15 19:13:50.134,48.724,Calumet_WaterTempDrop_85,atomic,[Calumet_WaterTempDrop_85],[1.0000],1,1,1.0000,[[CalumetBeach201506181500_Water_Temperature]]
2025-10-15 19:13:50.135,48.725,Montrose_WaterTempDrop_85,atomic,[Montrose_WaterTempDrop_85],[1.0000],1,1,1.0000,[[MontroseBeach201506181500_Water_Temperature]]
2025-10-15 19:13:50.136,48.726,63rd_WaterTempDrop_85,atomic,[63rd_WaterTempDrop_85],[1.0000],1,1,1.0000,[[63rdStreetBeach201506181500_Water_Temperature]]
2025-10-15 19:13:50.197,48.787,Montrose_WaterTempDrop_85,atomic,[Montrose_WaterTempDrop_85],[1.0000],1,1,1.0000,[[MontroseBeach201506181600_Water_Temperature]]
2025-10-15 19:13:50.198,48.788,Calumet_WaterTempDrop_85,atomic,[Calumet_WaterTempDrop_85],[1.0000],1,1,1.0000,[[CalumetBeach201506181600_Water_Temperature]]
2025-10-15 19:13:50.258,48.848,Calumet_WaterTempDrop_85,atomic,[Calumet_WaterTempDrop_85],[0.9694],1,1,0.9694,[[CalumetBeach201506181700_Water_Temperature]]
2025-10-15 19:13:50.261,48.851,63rd_WaterTempDrop_85,atomic,[63rd_WaterTempDrop_85],[1.0000],1,1,1.0000,[[63rdStreetBeach201506181700_Water_Temperature]]
2025-10-15 19:13:50.262,48.852,Montrose_WaterTempDrop_85,atomic,[Montrose_WaterTempDrop_85],[1.0000],1,1,1.0000,[[MontroseBeach201506181700_Water_Temperature]]
2025-10-15 19:13:50.325,48.915,Calumet_WaterTempDrop_85,atomic,[Calumet_WaterTempDrop_85],[1.0000],1,1,1.0000,[[CalumetBeach201506181800_Water_Temperature]]
2025-10-15 19:13:50.327,48.917,Montrose_WaterTempDrop_85,atomic,[Montrose_WaterTempDrop_85],[1.0000],1,1,1.0000,[[MontroseBeach201506181800_Water_Temperature]]
2025-10-15 19:13:50.327,48.917,63rd_WaterTempDrop_85,atomic,[63rd_WaterTempDrop_85],[1.0000],1,1,1.0000,[[63rdStreetBeach201506181800_Water_Temperature]]
2025-10-15 19:13:50.384,48.974,Calumet_WaterTempDrop_85,atomic,[Calumet_WaterTempDrop_85],[0.9671],1,1,0.9671,[[CalumetBeach201506181900_Water_Temperature]]
2025-10-15 19:13:50.385,48.975,63rd_WaterTempDrop_85,atomic,[63rd_WaterTempDrop_85],[0.9676],1,1,0.9676,[[63rdStreetBeach201506181900_Water_Temperature]]
2025-10-15 19:13:50.387,48.977,Montrose_WaterTempDrop_85,atomic,[Montrose_WaterTempDrop_85],[1.0000],1,1,1.0000,[[MontroseBeach201506181900_Water_Temperature]]
2025-10-15 19:13:50.450,49.040,63rd_WaterTempDrop_85,atomic,[63rd_WaterTempDrop_85],[0.9639],1,1,0.9639,[[63rdStreetBeach201506182000_Water_Temperature]]
2025-10-15 19:13:50.450,49.040,Montrose_WaterTempDrop_85,atomic,[Montrose_WaterTempDrop_85],[0.9689],1,1,0.9689,[[MontroseBeach201506182000_Water_Temperature]]
2025-10-15 19:13:50.451,49.041,Calumet_WaterTempDrop_85,atomic,[Calumet_WaterTempDrop_85],[1.0000],1,1,1.0000,[[CalumetBeach201506182000_Water_Temperature]]
2025-10-15 19:13:50.514,49.104,63rd_WaterTempDrop_85,atomic,[63rd_WaterTempDrop_85],[1.0000],1,1,1.0000,[[63rdStreetBeach201506182100_Water_Temperature]]
2025-10-15 19:13:50.515,49.105,Calumet_WaterTempDrop_85,atomic,[Calumet_WaterTempDrop_85],[1.0000],1,1,1.0000,[[CalumetBeach201506182100_Water_Temperature]]
2025-10-15 19:13:50.516,49.106,Montrose_WaterTempDrop_85,atomic,[Montrose_WaterTempDrop_85],[1.0000],1,1,1.0000,[[MontroseBeach201506182100_Water_Temperature]]
2025-10-15 19:13:50.574,49.164,Montrose_WaterTempDrop_85,atomic,[Montrose_WaterTempDrop_85],[0.9666],1,1,0.9666,[[MontroseBeach201506182200_Water_Temperature]]
2025-10-15 19:13:50.575,49.165,Calumet_WaterTempDrop_85,atomic,[Calumet_WaterTempDrop_85],[1.0000],1,1,1.0000,[[CalumetBeach201506182200_Water_Temperature]]
2025-10-15 19:13:50.577,49.167,63rd_WaterTempDrop_85,atomic,[63rd_WaterTempDrop_85],[1.0000],1,1,1.0000,[[63rdStreetBeach201506182200_Water_Temperature]]
2025-10-15 19:13:50.639,49.229,63rd_WaterTempDrop_85,atomic,[63rd_WaterTempDrop_85],[1.0000],1,1,1.0000,[[63rdStreetBeach201506182300_Water_Temperature]]
2025-10-15 19:13:50.640,49.230,Calumet_WaterTempDrop_85,atomic,[Calumet_WaterTempDrop_85],[1.0000],1,1,1.0000,[[CalumetBeach201506182300_Water_Temperature]]
2025-10-15 19:13:50.641,49.231,Montrose_WaterTempDrop_85,atomic,[Montrose_WaterTempDrop_85],[1.0000],1,1,1.0000,[[MontroseBeach201506182300_Water_Temperature]]
2025-10-15 19:13:50.701,49.291,Montrose_WaterTempDrop_85,atomic,[Montrose_WaterTempDrop_85],[1.0000],1,1,1.0000,[[MontroseBeach201506192400_Water_Temperature]]
2025-10-15 19:13:50.702,49.292,Calumet_WaterTempDrop_85,atomic,[Calumet_WaterTempDrop_85],[1.0000],1,1,1.0000,[[CalumetBeach201506192400_Water_Temperature]]
2025-10-15 19:13:50.702,49.292,63rd_WaterTempDrop_85,atomic,[63rd_WaterTempDrop_85],[1.0000],1,1,1.0000,[[63rdStreetBeach201506192400_Water_Temperature]]
2025-10-15 19:13:50.768,49.358,Montrose_WaterTempDrop_85,atomic,[Montrose_WaterTempDrop_85],[1.0000],1,1,1.0000,[[MontroseBeach201506190100_Water_Temperature]]
2025-10-15 19:13:50.769,49.359,Calumet_WaterTempDrop_85,atomic,[Calumet_WaterTempDrop_85],[1.0000],1,1,1.0000,[[CalumetBeach201506190100_Water_Temperature]]
2025-10-15 19:13:50.770,49.360,63rd_WaterTempDrop_85,atomic,[63rd_WaterTempDrop_85],[1.0000],1,1,1.0000,[[63rdStreetBeach201506190100_Water_Temperature]]
2025-10-15 19:13:50.825,49.415,Calumet_WaterTempDrop_85,atomic,[Calumet_WaterTempDrop_85],[1.0000],1,1,1.0000,[[CalumetBeach201506190200_Water_Temperature]]
2025-10-15 19:13:50.826,49.416,Montrose_WaterTempDrop_85,atomic,[Montrose_WaterTempDrop_85],[1.0000],1,1,1.0000,[[MontroseBeach201506190200_Water_Temperature]]
2025-10-15 19:13:50.888,49.478,63rd_WaterTempDrop_85,atomic,[63rd_WaterTempDrop_85],[0.9690],1,1,0.9690,[[63rdStreetBeach201506190300_Water_Temperature]]
2025-10-15 19:13:50.888,49.478,Montrose_WaterTempDrop_85,atomic,[Montrose_WaterTempDrop_85],[0.9685],1,1,0.9685,[[MontroseBeach201506190300_Water_Temperature]]
2025-10-15 19:13:50.889,49.479,Calumet_WaterTempDrop_85,atomic,[Calumet_WaterTempDrop_85],[1.0000],1,1,1.0000,[[CalumetBeach201506190300_Water_Temperature]]
2025-10-15 19:13:50.890,49.480,Montrose_HighWave_85,atomic,[Montrose_HighWave_85],[1.0000],1,1,1.0000,[[MontroseBeach201506190300_Wave_Height]]
2025-10-15 19:13:50.952,49.542,63rd_WaterTempDrop_85,atomic,[63rd_WaterTempDrop_85],[1.0000],1,1,1.0000,[[63rdStreetBeach201506190400_Water_Temperature]]
2025-10-15 19:13:50.953,49.543,Montrose_WaterTempDrop_85,atomic,[Montrose_WaterTempDrop_85],[1.0000],1,1,1.0000,[[MontroseBeach201506190400_Water_Temperature]]
2025-10-15 19:13:50.954,49.544,Calumet_WaterTempDrop_85,atomic,[Calumet_WaterTempDrop_85],[1.0000],1,1,1.0000,[[CalumetBeach201506190400_Water_Temperature]]
2025-10-15 19:13:51.015,49.605,Montrose_WaterTempDrop_85,atomic,[Montrose_WaterTempDrop_85],[1.0000],1,1,1.0000,[[MontroseBeach201506190500_Water_Temperature]]
2025-10-15 19:13:51.016,49.606,63rd_WaterTempDrop_85,atomic,[63rd_WaterTempDrop_85],[0.9668],1,1,0.9668,[[63rdStreetBeach201506190500_Water_Temperature]]
2025-10-15 19:13:51.016,49.606,Calumet_WaterTempDrop_85,atomic,[Calumet_WaterTempDrop_85],[1.0000],1,1,1.0000,[[CalumetBeach201506190500_Water_Temperature]]
2025-10-15 19:13:51.078,49.668,Montrose_WaterTempDrop_85,atomic,[Montrose_WaterTempDrop_85],[1.0000],1,1,1.0000,[[MontroseBeach201506190600_Water_Temperature]]
2025-10-15 19:13:51.078,49.668,Montrose_HighWave_85,atomic,[Montrose_HighWave_85],[1.0000],1,1,1.0000,[[MontroseBeach201506190600_Wave_Height]]
2025-10-15 19:13:51.078,49.668,Calumet_WaterTempDrop_85,atomic,[Calumet_WaterTempDrop_85],[1.0000],1,1,1.0000,[[CalumetBeach201506190600_Water_Temperature]]
2025-10-15 19:13:51.078,49.668,63rd_WaterTempDrop_85,atomic,[63rd_WaterTempDrop_85],[1.0000],1,1,1.0000,[[63rdStreetBeach201506190600_Water_Temperature]]
2025-10-15 19:13:51.079,49.669,63rd_HighWave_85,atomic,[63rd_HighWave_85],[1.0000],1,1,1.0000,[[63rdStreetBeach201506190600_Wave_Height]]
2025-10-15 19:13:51.138,49.728,63rd_WaterTempDrop_85,atomic,[63rd_WaterTempDrop_85],[0.9648],1,1,0.9648,[[63rdStreetBeach201506190700_Water_Temperature]]
2025-10-15 19:13:51.140,49.730,Montrose_WaterTempDrop_85,atomic,[Montrose_WaterTempDrop_85],[0.9686],1,1,0.9686,[[MontroseBeach201506190700_Water_Temperature]]
2025-10-15 19:13:51.141,49.731,63rd_HighWave_85,atomic,[63rd_HighWave_85],[1.0000],1,1,1.0000,[[63rdStreetBeach201506190700_Wave_Height]]
2025-10-15 19:13:51.141,49.731,Calumet_WaterTempDrop_85,atomic,[Calumet_WaterTempDrop_85],[1.0000],1,1,1.0000,[[CalumetBeach201506190700_Water_Temperature]]
2025-10-15 19:13:51.201,49.791,Montrose_WaterTempDrop_85,atomic,[Montrose_WaterTempDrop_85],[1.0000],1,1,1.0000,[[MontroseBeach201506190800_Water_Temperature]]
2025-10-15 19:13:51.202,49.792,Calumet_WaterTempDrop_85,atomic,[Calumet_WaterTempDrop_85],[1.0000],1,1,1.0000,[[CalumetBeach201506190800_Water_Temperature]]
2025-10-15 19:13:51.264,49.854,Calumet_WaterTempDrop_85,atomic,[Calumet_WaterTempDrop_85],[0.9727],1,1,0.9727,[[CalumetBeach201506190900_Water_Temperature]]
2025-10-15 19:13:51.266,49.856,Montrose_WaterTempDrop_85,atomic,[Montrose_WaterTempDrop_85],[1.0000],1,1,1.0000,[[MontroseBeach201506190900_Water_Temperature]]
2025-10-15 19:13:51.326,49.916,Calumet_WaterTempDrop_85,atomic,[Calumet_WaterTempDrop_85],[1.0000],1,1,1.0000,[[CalumetBeach201506191000_Water_Temperature]]
2025-10-15 19:13:51.328,49.918,Montrose_WaterTempDrop_85,atomic,[Montrose_WaterTempDrop_85],[1.0000],1,1,1.0000,[[MontroseBeach201506191000_Water_Temperature]]
2025-10-15 19:13:51.388,49.978,Montrose_WaterTempDrop_85,atomic,[Montrose_WaterTempDrop_85],[0.9685],1,1,0.9685,[[MontroseBeach201506191100_Water_Temperature]]
2025-10-15 19:13:51.391,49.981,Calumet_WaterTempDrop_85,atomic,[Calumet_WaterTempDrop_85],[1.0000],1,1,1.0000,[[CalumetBeach201506191100_Water_Temperature]]
2025-10-15 19:13:51.392,49.982,63rd_WaterTempDrop_85,atomic,[63rd_WaterTempDrop_85],[1.0000],1,1,1.0000,[[63rdStreetBeach201506191100_Water_Temperature]]
2025-10-15 19:13:51.451,50.041,Montrose_WaterTempDrop_85,atomic,[Montrose_WaterTempDrop_85],[0.9646],1,1,0.9646,[[MontroseBeach201506191200_Water_Temperature]]
2025-10-15 19:13:51.453,50.043,63rd_WaterTempDrop_85,atomic,[63rd_WaterTempDrop_85],[1.0000],1,1,1.0000,[[63rdStreetBeach201506191200_Water_Temperature]]
2025-10-15 19:13:51.455,50.045,Calumet_WaterTempDrop_85,atomic,[Calumet_WaterTempDrop_85],[1.0000],1,1,1.0000,[[CalumetBeach201506191200_Water_Temperature]]
2025-10-15 19:13:51.513,50.103,63rd_WaterTempDrop_85,atomic,[63rd_WaterTempDrop_85],[0.9650],1,1,0.9650,[[63rdStreetBeach201506191300_Water_Temperature]]
2025-10-15 19:13:51.513,50.103,Calumet_WaterTempDrop_85,atomic,[Calumet_WaterTempDrop_85],[0.9708],1,1,0.9708,[[CalumetBeach201506191300_Water_Temperature]]
2025-10-15 19:13:51.516,50.106,63rd_HighWave_85,atomic,[63rd_HighWave_85],[1.0000],1,1,1.0000,[[63rdStreetBeach201506191300_Wave_Height]]
2025-10-15 19:13:51.517,50.107,Montrose_WaterTempDrop_85,atomic,[Montrose_WaterTempDrop_85],[1.0000],1,1,1.0000,[[MontroseBeach201506191300_Water_Temperature]]
2025-10-15 19:13:51.577,50.167,Montrose_WaterTempDrop_85,atomic,[Montrose_WaterTempDrop_85],[0.9628],1,1,0.9628,[[MontroseBeach201506191400_Water_Temperature]]
2025-10-15 19:13:51.577,50.167,Calumet_WaterTempDrop_85,atomic,[Calumet_WaterTempDrop_85],[1.0000],1,1,1.0000,[[CalumetBeach201506191400_Water_Temperature]]
2025-10-15 19:13:51.579,50.169,Montrose_HighWave_85,atomic,[Montrose_HighWave_85],[1.0000],1,1,1.0000,[[MontroseBeach201506191400_Wave_Height]]
2025-10-15 19:13:51.640,50.230,63rd_WaterTempDrop_85,atomic,[63rd_WaterTempDrop_85],[0.9608],1,1,0.9608,[[63rdStreetBeach201506191500_Water_Temperature]]
2025-10-15 19:13:51.641,50.231,Montrose_WaterTempDrop_85,atomic,[Montrose_WaterTempDrop_85],[1.0000],1,1,1.0000,[[MontroseBeach201506191500_Water_Temperature]]
2025-10-15 19:13:51.644,50.234,Calumet_WaterTempDrop_85,atomic,[Calumet_WaterTempDrop_85],[1.0000],1,1,1.0000,[[CalumetBeach201506191500_Water_Temperature]]
2025-10-15 19:13:51.708,50.298,63rd_WaterTempDrop_85,atomic,[63rd_WaterTempDrop_85],[1.0000],1,1,1.0000,[[63rdStreetBeach201506191600_Water_Temperature]]
2025-10-15 19:13:51.708,50.298,Calumet_WaterTempDrop_85,atomic,[Calumet_WaterTempDrop_85],[1.0000],1,1,1.0000,[[CalumetBeach201506191600_Water_Temperature]]
2025-10-15 19:13:51.709,50.299,Montrose_WaterTempDrop_85,atomic,[Montrose_WaterTempDrop_85],[1.0000],1,1,1.0000,[[MontroseBeach201506191600_Water_Temperature]]
2025-10-15 19:13:51.768,50.358,63rd_WaterTempDrop_85,atomic,[63rd_WaterTempDrop_85],[1.0000],1,1,1.0000,[[63rdStreetBeach201506191700_Water_Temperature]]
2025-10-15 19:13:51.770,50.360,Calumet_WaterTempDrop_85,atomic,[Calumet_WaterTempDrop_85],[1.0000],1,1,1.0000,[[CalumetBeach201506191700_Water_Temperature]]
2025-10-15 19:13:51.770,50.360,Montrose_WaterTempDrop_85,atomic,[Montrose_WaterTempDrop_85],[1.0000],1,1,1.0000,[[MontroseBeach201506191700_Water_Temperature]]
2025-10-15 19:13:51.770,50.360,Montrose_HighWave_85,atomic,[Montrose_HighWave_85],[1.0000],1,1,1.0000,[[MontroseBeach201506191700_Wave_Height]]
2025-10-15 19:13:51.830,50.420,Calumet_WaterTempDrop_85,atomic,[Calumet_WaterTempDrop_85],[1.0000],1,1,1.0000,[[CalumetBeach201506191800_Water_Temperature]]
2025-10-15 19:13:51.832,50.422,Montrose_WaterTempDrop_85,atomic,[Montrose_WaterTempDrop_85],[1.0000],1,1,1.0000,[[MontroseBeach201506191800_Water_Temperature]]
2025-10-15 19:13:51.895,50.485,Montrose_WaterTempDrop_85,atomic,[Montrose_WaterTempDrop_85],[1.0000],1,1,1.0000,[[MontroseBeach201506191900_Water_Temperature]]
2025-10-15 19:13:51.896,50.486,Calumet_WaterTempDrop_85,atomic,[Calumet_WaterTempDrop_85],[1.0000],1,1,1.0000,[[CalumetBeach201506191900_Water_Temperature]]
2025-10-15 19:13:51.957,50.547,Calumet_WaterTempDrop_85,atomic,[Calumet_WaterTempDrop_85],[1.0000],1,1,1.0000,[[CalumetBeach201506192000_Water_Temperature]]
2025-10-15 19:13:51.957,50.547,Montrose_WaterTempDrop_85,atomic,[Montrose_WaterTempDrop_85],[1.0000],1,1,1.0000,[[MontroseBeach201506192000_Water_Temperature]]
2025-10-15 19:13:51.958,50.548,63rd_WaterTempDrop_85,atomic,[63rd_WaterTempDrop_85],[1.0000],1,1,1.0000,[[63rdStreetBeach201506192000_Water_Temperature]]
2025-10-15 19:13:52.019,50.609,Calumet_WaterTempDrop_85,atomic,[Calumet_WaterTempDrop_85],[1.0000],1,1,1.0000,[[CalumetBeach201506192100_Water_Temperature]]
2025-10-15 19:13:52.019,50.609,63rd_WaterTempDrop_85,atomic,[63rd_WaterTempDrop_85],[1.0000],1,1,1.0000,[[63rdStreetBeach201506192100_Water_Temperature]]
2025-10-15 19:13:52.019,50.609,Montrose_WaterTempDrop_85,atomic,[Montrose_WaterTempDrop_85],[1.0000],1,1,1.0000,[[MontroseBeach201506192100_Water_Temperature]]
2025-10-15 19:13:52.081,50.671,63rd_WaterTempDrop_85,atomic,[63rd_WaterTempDrop_85],[1.0000],1,1,1.0000,[[63rdStreetBeach201506192200_Water_Temperature]]
2025-10-15 19:13:52.081,50.671,Calumet_WaterTempDrop_85,atomic,[Calumet_WaterTempDrop_85],[1.0000],1,1,1.0000,[[CalumetBeach201506192200_Water_Temperature]]
2025-10-15 19:13:52.082,50.672,Montrose_WaterTempDrop_85,atomic,[Montrose_WaterTempDrop_85],[1.0000],1,1,1.0000,[[MontroseBeach201506192200_Water_Temperature]]
2025-10-15 19:13:52.140,50.730,Calumet_WaterTempDrop_85,atomic,[Calumet_WaterTempDrop_85],[1.0000],1,1,1.0000,[[CalumetBeach201506192300_Water_Temperature]]
2025-10-15 19:13:52.142,50.732,Montrose_WaterTempDrop_85,atomic,[Montrose_WaterTempDrop_85],[1.0000],1,1,1.0000,[[MontroseBeach201506192300_Water_Temperature]]
2025-10-15 19:13:52.205,50.795,63rd_WaterTempDrop_85,atomic,[63rd_WaterTempDrop_85],[1.0000],1,1,1.0000,[[63rdStreetBeach201506202400_Water_Temperature]]
2025-10-15 19:13:52.205,50.795,Montrose_WaterTempDrop_85,atomic,[Montrose_WaterTempDrop_85],[1.0000],1,1,1.0000,[[MontroseBeach201506202400_Water_Temperature]]
2025-10-15 19:13:52.206,50.796,Calumet_WaterTempDrop_85,atomic,[Calumet_WaterTempDrop_85],[1.0000],1,1,1.0000,[[CalumetBeach201506202400_Water_Temperature]]
2025-10-15 19:13:52.265,50.855,Montrose_HighWave_85,atomic,[Montrose_HighWave_85],[0.8620],1,1,0.8620,[[MontroseBeach201506200100_Wave_Height]]
2025-10-15 19:13:52.267,50.857,Montrose_WaterTempDrop_85,atomic,[Montrose_WaterTempDrop_85],[1.0000],1,1,1.0000,[[MontroseBeach201506200100_Water_Temperature]]
2025-10-15 19:13:52.267,50.857,63rd_WaterTempDrop_85,atomic,[63rd_WaterTempDrop_85],[1.0000],1,1,1.0000,[[63rdStreetBeach201506200100_Water_Temperature]]
2025-10-15 19:13:52.268,50.858,Calumet_WaterTempDrop_85,atomic,[Calumet_WaterTempDrop_85],[1.0000],1,1,1.0000,[[CalumetBeach201506200100_Water_Temperature]]
2025-10-15 19:13:52.329,50.919,Montrose_WaterTempDrop_85,atomic,[Montrose_WaterTempDrop_85],[1.0000],1,1,1.0000,[[MontroseBeach201506200200_Water_Temperature]]
2025-10-15 19:13:52.329,50.919,Calumet_WaterTempDrop_85,atomic,[Calumet_WaterTempDrop_85],[1.0000],1,1,1.0000,[[CalumetBeach201506200200_Water_Temperature]]
2025-10-15 19:13:52.391,50.981,63rd_WaterTempDrop_85,atomic,[63rd_WaterTempDrop_85],[1.0000],1,1,1.0000,[[63rdStreetBeach201506200300_Water_Temperature]]
2025-10-15 19:13:52.396,50.986,Montrose_WaterTempDrop_85,atomic,[Montrose_WaterTempDrop_85],[1.0000],1,1,1.0000,[[MontroseBeach201506200300_Water_Temperature]]
2025-10-15 19:13:52.396,50.986,Calumet_WaterTempDrop_85,atomic,[Calumet_WaterTempDrop_85],[1.0000],1,1,1.0000,[[CalumetBeach201506200300_Water_Temperature]]
2025-10-15 19:13:52.454,51.044,Calumet_WaterTempDrop_85,atomic,[Calumet_WaterTempDrop_85],[1.0000],1,1,1.0000,[[CalumetBeach201506200400_Water_Temperature]]
2025-10-15 19:13:52.455,51.045,63rd_WaterTempDrop_85,atomic,[63rd_WaterTempDrop_85],[1.0000],1,1,1.0000,[[63rdStreetBeach201506200400_Water_Temperature]]
2025-10-15 19:13:52.455,51.045,Montrose_WaterTempDrop_85,atomic,[Montrose_WaterTempDrop_85],[1.0000],1,1,1.0000,[[MontroseBeach201506200400_Water_Temperature]]
2025-10-15 19:13:52.514,51.104,Calumet_WaterTempDrop_85,atomic,[Calumet_WaterTempDrop_85],[0.9730],1,1,0.9730,[[CalumetBeach201506200500_Water_Temperature]]
2025-10-15 19:13:52.517,51.107,Montrose_WaterTempDrop_85,atomic,[Montrose_WaterTempDrop_85],[1.0000],1,1,1.0000,[[MontroseBeach201506200500_Water_Temperature]]
2025-10-15 19:13:52.581,51.171,63rd_WaterTempDrop_85,atomic,[63rd_WaterTempDrop_85],[1.0000],1,1,1.0000,[[63rdStreetBeach201506200600_Water_Temperature]]
2025-10-15 19:13:52.582,51.172,Calumet_WaterTempDrop_85,atomic,[Calumet_WaterTempDrop_85],[1.0000],1,1,1.0000,[[CalumetBeach201506200600_Water_Temperature]]
2025-10-15 19:13:52.583,51.173,Montrose_WaterTempDrop_85,atomic,[Montrose_WaterTempDrop_85],[1.0000],1,1,1.0000,[[MontroseBeach201506200600_Water_Temperature]]
2025-10-15 19:13:52.643,51.233,63rd_WaterTempDrop_85,atomic,[63rd_WaterTempDrop_85],[1.0000],1,1,1.0000,[[63rdStreetBeach201506200700_Water_Temperature]]
2025-10-15 19:13:52.644,51.234,Montrose_WaterTempDrop_85,atomic,[Montrose_WaterTempDrop_85],[1.0000],1,1,1.0000,[[MontroseBeach201506200700_Water_Temperature]]
2025-10-15 19:13:52.645,51.235,Calumet_WaterTempDrop_85,atomic,[Calumet_WaterTempDrop_85],[1.0000],1,1,1.0000,[[CalumetBeach201506200700_Water_Temperature]]
2025-10-15 19:13:52.709,51.299,Montrose_WaterTempDrop_85,atomic,[Montrose_WaterTempDrop_85],[1.0000],1,1,1.0000,[[MontroseBeach201506200800_Water_Temperature]]
2025-10-15 19:13:52.710,51.300,Calumet_WaterTempDrop_85,atomic,[Calumet_WaterTempDrop_85],[1.0000],1,1,1.0000,[[CalumetBeach201506200800_Water_Temperature]]
2025-10-15 19:13:52.710,51.300,63rd_WaterTempDrop_85,atomic,[63rd_WaterTempDrop_85],[1.0000],1,1,1.0000,[[63rdStreetBeach201506200800_Water_Temperature]]
2025-10-15 19:13:52.770,51.360,Montrose_WaterTempDrop_85,atomic,[Montrose_WaterTempDrop_85],[0.9731],1,1,0.9731,[[MontroseBeach201506200900_Water_Temperature]]
2025-10-15 19:13:52.774,51.364,63rd_WaterTempDrop_85,atomic,[63rd_WaterTempDrop_85],[1.0000],1,1,1.0000,[[63rdStreetBeach201506200900_Water_Temperature]]
2025-10-15 19:13:52.774,51.364,Calumet_WaterTempDrop_85,atomic,[Calumet_WaterTempDrop_85],[1.0000],1,1,1.0000,[[CalumetBeach201506200900_Water_Temperature]]
2025-10-15 19:13:52.835,51.425,63rd_WaterTempDrop_85,atomic,[63rd_WaterTempDrop_85],[1.0000],1,1,1.0000,[[63rdStreetBeach201506201000_Water_Temperature]]
2025-10-15 19:13:52.836,51.426,Montrose_WaterTempDrop_85,atomic,[Montrose_WaterTempDrop_85],[1.0000],1,1,1.0000,[[MontroseBeach201506201000_Water_Temperature]]
2025-10-15 19:13:52.837,51.427,Calumet_WaterTempDrop_85,atomic,[Calumet_WaterTempDrop_85],[1.0000],1,1,1.0000,[[CalumetBeach201506201000_Water_Temperature]]
2025-10-15 19:13:52.897,51.487,63rd_WaterTempDrop_85,atomic,[63rd_WaterTempDrop_85],[0.9725],1,1,0.9725,[[63rdStreetBeach201506201100_Water_Temperature]]
2025-10-15 19:13:52.897,51.487,Calumet_WaterTempDrop_85,atomic,[Calumet_WaterTempDrop_85],[1.0000],1,1,1.0000,[[CalumetBeach201506201100_Water_Temperature]]
2025-10-15 19:13:52.898,51.488,Montrose_WaterTempDrop_85,atomic,[Montrose_WaterTempDrop_85],[0.9701],1,1,0.9701,[[MontroseBeach201506201100_Water_Temperature]]
2025-10-15 19:13:52.960,51.550,Calumet_WaterTempDrop_85,atomic,[Calumet_WaterTempDrop_85],[0.9720],1,1,0.9720,[[CalumetBeach201506201200_Water_Temperature]]
2025-10-15 19:13:52.960,51.550,Montrose_WaterTempDrop_85,atomic,[Montrose_WaterTempDrop_85],[1.0000],1,1,1.0000,[[MontroseBeach201506201200_Water_Temperature]]
2025-10-15 19:13:53.021,51.611,Montrose_WaterTempDrop_85,atomic,[Montrose_WaterTempDrop_85],[0.9674],1,1,0.9674,[[MontroseBeach201506201300_Water_Temperature]]
2025-10-15 19:13:53.022,51.612,Calumet_WaterTempDrop_85,atomic,[Calumet_WaterTempDrop_85],[1.0000],1,1,1.0000,[[CalumetBeach201506201300_Water_Temperature]]
2025-10-15 19:13:53.024,51.614,63rd_WaterTempDrop_85,atomic,[63rd_WaterTempDrop_85],[1.0000],1,1,1.0000,[[63rdStreetBeach201506201300_Water_Temperature]]
2025-10-15 19:13:53.083,51.673,Calumet_WaterTempDrop_85,atomic,[Calumet_WaterTempDrop_85],[0.9691],1,1,0.9691,[[CalumetBeach201506201400_Water_Temperature]]
2025-10-15 19:13:53.084,51.674,Montrose_WaterTempDrop_85,atomic,[Montrose_WaterTempDrop_85],[1.0000],1,1,1.0000,[[MontroseBeach201506201400_Water_Temperature]]
2025-10-15 19:13:53.148,51.738,Montrose_WaterTempDrop_85,atomic,[Montrose_WaterTempDrop_85],[0.9650],1,1,0.9650,[[MontroseBeach201506201500_Water_Temperature]]
2025-10-15 19:13:53.148,51.738,63rd_WaterTempDrop_85,atomic,[63rd_WaterTempDrop_85],[1.0000],1,1,1.0000,[[63rdStreetBeach201506201500_Water_Temperature]]
2025-10-15 19:13:53.148,51.738,Calumet_WaterTempDrop_85,atomic,[Calumet_WaterTempDrop_85],[1.0000],1,1,1.0000,[[CalumetBeach201506201500_Water_Temperature]]
2025-10-15 19:13:53.210,51.800,Montrose_WaterTempDrop_85,atomic,[Montrose_WaterTempDrop_85],[0.9606],1,1,0.9606,[[MontroseBeach201506201600_Water_Temperature]]
2025-10-15 19:13:53.211,51.801,Calumet_WaterTempDrop_85,atomic,[Calumet_WaterTempDrop_85],[1.0000],1,1,1.0000,[[CalumetBeach201506201600_Water_Temperature]]
2025-10-15 19:13:53.212,51.802,63rd_WaterTempDrop_85,atomic,[63rd_WaterTempDrop_85],[1.0000],1,1,1.0000,[[63rdStreetBeach201506201600_Water_Temperature]]
2025-10-15 19:13:53.272,51.862,63rd_WaterTempDrop_85,atomic,[63rd_WaterTempDrop_85],[0.9707],1,1,0.9707,[[63rdStreetBeach201506201700_Water_Temperature]]
2025-10-15 19:13:53.273,51.863,Montrose_WaterTempDrop_85,atomic,[Montrose_WaterTempDrop_85],[0.9557],1,1,0.9557,[[MontroseBeach201506201700_Water_Temperature]]
2025-10-15 19:13:53.274,51.864,Calumet_WaterTempDrop_85,atomic,[Calumet_WaterTempDrop_85],[1.0000],1,1,1.0000,[[CalumetBeach201506201700_Water_Temperature]]
2025-10-15 19:13:53.335,51.925,Calumet_WaterTempDrop_85,atomic,[Calumet_WaterTempDrop_85],[0.9687],1,1,0.9687,[[CalumetBeach201506201800_Water_Temperature]]
2025-10-15 19:13:53.338,51.928,Montrose_WaterTempDrop_85,atomic,[Montrose_WaterTempDrop_85],[1.0000],1,1,1.0000,[[MontroseBeach201506201800_Water_Temperature]]
2025-10-15 19:13:53.339,51.929,63rd_WaterTempDrop_85,atomic,[63rd_WaterTempDrop_85],[1.0000],1,1,1.0000,[[63rdStreetBeach201506201800_Water_Temperature]]
2025-10-15 19:13:53.398,51.988,63rd_WaterTempDrop_85,atomic,[63rd_WaterTempDrop_85],[0.9679],1,1,0.9679,[[63rdStreetBeach201506202200_Water_Temperature]]
2025-10-15 19:13:53.401,51.991,Montrose_WaterTempDrop_85,atomic,[Montrose_WaterTempDrop_85],[1.0000],1,1,1.0000,[[MontroseBeach201506202200_Water_Temperature]]
2025-10-15 19:13:53.401,51.991,Calumet_WaterTempDrop_85,atomic,[Calumet_WaterTempDrop_85],[1.0000],1,1,1.0000,[[CalumetBeach201506202200_Water_Temperature]]
2025-10-15 19:13:53.462,52.052,Calumet_WaterTempDrop_85,atomic,[Calumet_WaterTempDrop_85],[0.9663],1,1,0.9663,[[CalumetBeach201506202300_Water_Temperature]]
2025-10-15 19:13:53.463,52.053,Montrose_WaterTempDrop_85,atomic,[Montrose_WaterTempDrop_85],[1.0000],1,1,1.0000,[[MontroseBeach201506202300_Water_Temperature]]
2025-10-15 19:13:53.463,52.053,63rd_WaterTempDrop_85,atomic,[63rd_WaterTempDrop_85],[0.9638],1,1,0.9638,[[63rdStreetBeach201506202300_Water_Temperature]]
2025-10-15 19:13:53.524,52.114,Calumet_WaterTempDrop_85,atomic,[Calumet_WaterTempDrop_85],[1.0000],1,1,1.0000,[[CalumetBeach201506212400_Water_Temperature]]
2025-10-15 19:13:53.524,52.114,Montrose_WaterTempDrop_85,atomic,[Montrose_WaterTempDrop_85],[1.0000],1,1,1.0000,[[MontroseBeach201506212400_Water_Temperature]]
2025-10-15 19:13:53.526,52.116,63rd_WaterTempDrop_85,atomic,[63rd_WaterTempDrop_85],[1.0000],1,1,1.0000,[[63rdStreetBeach201506212400_Water_Temperature]]
2025-10-15 19:13:53.589,52.179,63rd_WaterTempDrop_85,atomic,[63rd_WaterTempDrop_85],[1.0000],1,1,1.0000,[[63rdStreetBeach201506210200_Water_Temperature]]
2025-10-15 19:13:53.590,52.180,Montrose_WaterTempDrop_85,atomic,[Montrose_WaterTempDrop_85],[1.0000],1,1,1.0000,[[MontroseBeach201506210200_Water_Temperature]]
2025-10-15 19:13:53.590,52.180,Calumet_WaterTempDrop_85,atomic,[Calumet_WaterTempDrop_85],[1.0000],1,1,1.0000,[[CalumetBeach201506210200_Water_Temperature]]
2025-10-15 19:13:53.649,52.239,Montrose_WaterTempDrop_85,atomic,[Montrose_WaterTempDrop_85],[0.9660],1,1,0.9660,[[MontroseBeach201506210300_Water_Temperature]]
2025-10-15 19:13:53.649,52.239,63rd_WaterTempDrop_85,atomic,[63rd_WaterTempDrop_85],[0.9640],1,1,0.9640,[[63rdStreetBeach201506210300_Water_Temperature]]
2025-10-15 19:13:53.652,52.242,Calumet_WaterTempDrop_85,atomic,[Calumet_WaterTempDrop_85],[1.0000],1,1,1.0000,[[CalumetBeach201506210300_Water_Temperature]]
2025-10-15 19:13:53.714,52.304,63rd_WaterTempDrop_85,atomic,[63rd_WaterTempDrop_85],[0.9596],1,1,0.9596,[[63rdStreetBeach201506210400_Water_Temperature]]
2025-10-15 19:13:53.715,52.305,Calumet_WaterTempDrop_85,atomic,[Calumet_WaterTempDrop_85],[1.0000],1,1,1.0000,[[CalumetBeach201506210400_Water_Temperature]]
2025-10-15 19:13:53.718,52.308,Montrose_WaterTempDrop_85,atomic,[Montrose_WaterTempDrop_85],[1.0000],1,1,1.0000,[[MontroseBeach201506210400_Water_Temperature]]
2025-10-15 19:13:53.777,52.367,Montrose_WaterTempDrop_85,atomic,[Montrose_WaterTempDrop_85],[1.0000],1,1,1.0000,[[MontroseBeach201506210500_Water_Temperature]]
2025-10-15 19:13:53.778,52.368,63rd_WaterTempDrop_85,atomic,[63rd_WaterTempDrop_85],[1.0000],1,1,1.0000,[[63rdStreetBeach201506210500_Water_Temperature]]
2025-10-15 19:13:53.780,52.370,Calumet_WaterTempDrop_85,atomic,[Calumet_WaterTempDrop_85],[1.0000],1,1,1.0000,[[CalumetBeach201506210500_Water_Temperature]]
2025-10-15 19:13:53.838,52.428,Calumet_WaterTempDrop_85,atomic,[Calumet_WaterTempDrop_85],[0.9693],1,1,0.9693,[[CalumetBeach201506210600_Water_Temperature]]
2025-10-15 19:13:53.840,52.430,Montrose_WaterTempDrop_85,atomic,[Montrose_WaterTempDrop_85],[0.9660],1,1,0.9660,[[MontroseBeach201506210600_Water_Temperature]]
2025-10-15 19:13:53.841,52.431,63rd_WaterTempDrop_85,atomic,[63rd_WaterTempDrop_85],[1.0000],1,1,1.0000,[[63rdStreetBeach201506210600_Water_Temperature]]
2025-10-15 19:13:53.901,52.491,63rd_WaterTempDrop_85,atomic,[63rd_WaterTempDrop_85],[0.9615],1,1,0.9615,[[63rdStreetBeach201506210700_Water_Temperature]]
2025-10-15 19:13:53.903,52.493,Calumet_WaterTempDrop_85,atomic,[Calumet_WaterTempDrop_85],[1.0000],1,1,1.0000,[[CalumetBeach201506210700_Water_Temperature]]
2025-10-15 19:13:53.905,52.495,Montrose_WaterTempDrop_85,atomic,[Montrose_WaterTempDrop_85],[1.0000],1,1,1.0000,[[MontroseBeach201506210700_Water_Temperature]]
2025-10-15 19:13:53.964,52.554,Montrose_WaterTempDrop_85,atomic,[Montrose_WaterTempDrop_85],[1.0000],1,1,1.0000,[[MontroseBeach201506210800_Water_Temperature]]
2025-10-15 19:13:53.966,52.556,Calumet_WaterTempDrop_85,atomic,[Calumet_WaterTempDrop_85],[1.0000],1,1,1.0000,[[CalumetBeach201506210800_Water_Temperature]]
2025-10-15 19:13:53.967,52.557,63rd_WaterTempDrop_85,atomic,[63rd_WaterTempDrop_85],[1.0000],1,1,1.0000,[[63rdStreetBeach201506210800_Water_Temperature]]
2025-10-15 19:13:54.026,52.616,63rd_WaterTempDrop_85,atomic,[63rd_WaterTempDrop_85],[0.9603],1,1,0.9603,[[63rdStreetBeach201506210900_Water_Temperature]]
2025-10-15 19:13:54.030,52.620,Montrose_WaterTempDrop_85,atomic,[Montrose_WaterTempDrop_85],[1.0000],1,1,1.0000,[[MontroseBeach201506210900_Water_Temperature]]
2025-10-15 19:13:54.030,52.620,Calumet_WaterTempDrop_85,atomic,[Calumet_WaterTempDrop_85],[1.0000],1,1,1.0000,[[CalumetBeach201506210900_Water_Temperature]]
2025-10-15 19:13:54.089,52.679,63rd_WaterTempDrop_85,atomic,[63rd_WaterTempDrop_85],[0.9556],1,1,0.9556,[[63rdStreetBeach201506211900_Water_Temperature]]
2025-10-15 19:13:54.092,52.682,Calumet_WaterTempDrop_85,atomic,[Calumet_WaterTempDrop_85],[1.0000],1,1,1.0000,[[CalumetBeach201506211900_Water_Temperature]]
2025-10-15 19:13:54.092,52.682,Montrose_WaterTempDrop_85,atomic,[Montrose_WaterTempDrop_85],[1.0000],1,1,1.0000,[[MontroseBeach201506211900_Water_Temperature]]
2025-10-15 19:13:54.153,52.743,Montrose_WaterTempDrop_85,atomic,[Montrose_WaterTempDrop_85],[1.0000],1,1,1.0000,[[MontroseBeach201506212000_Water_Temperature]]
2025-10-15 19:13:54.154,52.744,Calumet_WaterTempDrop_85,atomic,[Calumet_WaterTempDrop_85],[1.0000],1,1,1.0000,[[CalumetBeach201506212000_Water_Temperature]]
2025-10-15 19:13:54.216,52.806,Montrose_WaterTempDrop_85,atomic,[Montrose_WaterTempDrop_85],[0.9695],1,1,0.9695,[[MontroseBeach201506212100_Water_Temperature]]
2025-10-15 19:13:54.219,52.809,63rd_WaterTempDrop_85,atomic,[63rd_WaterTempDrop_85],[1.0000],1,1,1.0000,[[63rdStreetBeach201506212100_Water_Temperature]]
2025-10-15 19:13:54.220,52.810,Calumet_WaterTempDrop_85,atomic,[Calumet_WaterTempDrop_85],[1.0000],1,1,1.0000,[[CalumetBeach201506212100_Water_Temperature]]
2025-10-15 19:13:54.280,52.870,63rd_WaterTempDrop_85,atomic,[63rd_WaterTempDrop_85],[0.9557],1,1,0.9557,[[63rdStreetBeach201506212200_Water_Temperature]]
2025-10-15 19:13:54.280,52.870,Montrose_WaterTempDrop_85,atomic,[Montrose_WaterTempDrop_85],[1.0000],1,1,1.0000,[[MontroseBeach201506212200_Water_Temperature]]
2025-10-15 19:13:54.281,52.871,Calumet_WaterTempDrop_85,atomic,[Calumet_WaterTempDrop_85],[1.0000],1,1,1.0000,[[CalumetBeach201506212200_Water_Temperature]]
2025-10-15 19:13:54.344,52.934,Montrose_WaterTempDrop_85,atomic,[Montrose_WaterTempDrop_85],[1.0000],1,1,1.0000,[[MontroseBeach201506212300_Water_Temperature]]
2025-10-15 19:13:54.345,52.935,63rd_WaterTempDrop_85,atomic,[63rd_WaterTempDrop_85],[1.0000],1,1,1.0000,[[63rdStreetBeach201506212300_Water_Temperature]]
2025-10-15 19:13:54.346,52.936,Calumet_WaterTempDrop_85,atomic,[Calumet_WaterTempDrop_85],[1.0000],1,1,1.0000,[[CalumetBeach201506212300_Water_Temperature]]
2025-10-15 19:13:54.411,53.001,Calumet_WaterTempDrop_85,atomic,[Calumet_WaterTempDrop_85],[1.0000],1,1,1.0000,[[CalumetBeach201506222400_Water_Temperature]]
2025-10-15 19:13:54.412,53.002,63rd_WaterTempDrop_85,atomic,[63rd_WaterTempDrop_85],[1.0000],1,1,1.0000,[[63rdStreetBeach201506222400_Water_Temperature]]
2025-10-15 19:13:54.414,53.004,Montrose_WaterTempDrop_85,atomic,[Montrose_WaterTempDrop_85],[1.0000],1,1,1.0000,[[MontroseBeach201506222400_Water_Temperature]]
2025-10-15 19:13:54.468,53.058,Montrose_WaterTempDrop_85,atomic,[Montrose_WaterTempDrop_85],[0.9693],1,1,0.9693,[[MontroseBeach201506220100_Water_Temperature]]
2025-10-15 19:13:54.468,53.058,63rd_WaterTempDrop_85,atomic,[63rd_WaterTempDrop_85],[1.0000],1,1,1.0000,[[63rdStreetBeach201506220100_Water_Temperature]]
2025-10-15 19:13:54.470,53.060,Calumet_WaterTempDrop_85,atomic,[Calumet_WaterTempDrop_85],[1.0000],1,1,1.0000,[[CalumetBeach201506220100_Water_Temperature]]
2025-10-15 19:13:54.530,53.120,Montrose_WaterTempDrop_85,atomic,[Montrose_WaterTempDrop_85],[0.9656],1,1,0.9656,[[MontroseBeach201506220200_Water_Temperature]]
2025-10-15 19:13:54.531,53.121,63rd_WaterTempDrop_85,atomic,[63rd_WaterTempDrop_85],[1.0000],1,1,1.0000,[[63rdStreetBeach201506220200_Water_Temperature]]
2025-10-15 19:13:54.532,53.122,Calumet_WaterTempDrop_85,atomic,[Calumet_WaterTempDrop_85],[1.0000],1,1,1.0000,[[CalumetBeach201506220200_Water_Temperature]]
2025-10-15 19:13:54.595,53.185,63rd_WaterTempDrop_85,atomic,[63rd_WaterTempDrop_85],[0.9648],1,1,0.9648,[[63rdStreetBeach201506220300_Water_Temperature]]
2025-10-15 19:13:54.595,53.185,Montrose_WaterTempDrop_85,atomic,[Montrose_WaterTempDrop_85],[0.9614],1,1,0.9614,[[MontroseBeach201506220300_Water_Temperature]]
2025-10-15 19:13:54.596,53.186,Calumet_WaterTempDrop_85,atomic,[Calumet_WaterTempDrop_85],[1.0000],1,1,1.0000,[[CalumetBeach201506220300_Water_Temperature]]
2025-10-15 19:13:54.655,53.245,Calumet_WaterTempDrop_85,atomic,[Calumet_WaterTempDrop_85],[0.9729],1,1,0.9729,[[CalumetBeach201506220400_Water_Temperature]]
2025-10-15 19:13:54.656,53.246,Montrose_WaterTempDrop_85,atomic,[Montrose_WaterTempDrop_85],[1.0000],1,1,1.0000,[[MontroseBeach201506220400_Water_Temperature]]
2025-10-15 19:13:54.657,53.247,63rd_WaterTempDrop_85,atomic,[63rd_WaterTempDrop_85],[1.0000],1,1,1.0000,[[63rdStreetBeach201506220400_Water_Temperature]]
2025-10-15 19:13:54.719,53.309,Montrose_WaterTempDrop_85,atomic,[Montrose_WaterTempDrop_85],[0.9601],1,1,0.9601,[[MontroseBeach201506220500_Water_Temperature]]
2025-10-15 19:13:54.720,53.310,63rd_WaterTempDrop_85,atomic,[63rd_WaterTempDrop_85],[1.0000],1,1,1.0000,[[63rdStreetBeach201506220500_Water_Temperature]]
2025-10-15 19:13:54.722,53.312,Calumet_WaterTempDrop_85,atomic,[Calumet_WaterTempDrop_85],[1.0000],1,1,1.0000,[[CalumetBeach201506220500_Water_Temperature]]
2025-10-15 19:13:54.781,53.371,Calumet_WaterTempDrop_85,atomic,[Calumet_WaterTempDrop_85],[0.9701],1,1,0.9701,[[CalumetBeach201506220600_Water_Temperature]]
2025-10-15 19:13:54.782,53.372,63rd_WaterTempDrop_85,atomic,[63rd_WaterTempDrop_85],[0.9654],1,1,0.9654,[[63rdStreetBeach201506220600_Water_Temperature]]
2025-10-15 19:13:54.782,53.372,Montrose_WaterTempDrop_85,atomic,[Montrose_WaterTempDrop_85],[1.0000],1,1,1.0000,[[MontroseBeach201506220600_Water_Temperature]]
2025-10-15 19:13:54.845,53.435,Montrose_WaterTempDrop_85,atomic,[Montrose_WaterTempDrop_85],[1.0000],1,1,1.0000,[[MontroseBeach201506220700_Water_Temperature]]
2025-10-15 19:13:54.847,53.437,63rd_WaterTempDrop_85,atomic,[63rd_WaterTempDrop_85],[1.0000],1,1,1.0000,[[63rdStreetBeach201506220700_Water_Temperature]]
2025-10-15 19:13:54.847,53.437,Calumet_WaterTempDrop_85,atomic,[Calumet_WaterTempDrop_85],[1.0000],1,1,1.0000,[[CalumetBeach201506220700_Water_Temperature]]
2025-10-15 19:13:54.909,53.499,Calumet_WaterTempDrop_85,atomic,[Calumet_WaterTempDrop_85],[1.0000],1,1,1.0000,[[CalumetBeach201506220800_Water_Temperature]]
2025-10-15 19:13:54.910,53.500,63rd_WaterTempDrop_85,atomic,[63rd_WaterTempDrop_85],[0.9638],1,1,0.9638,[[63rdStreetBeach201506220800_Water_Temperature]]
2025-10-15 19:13:54.910,53.500,Montrose_WaterTempDrop_85,atomic,[Montrose_WaterTempDrop_85],[1.0000],1,1,1.0000,[[MontroseBeach201506220800_Water_Temperature]]
2025-10-15 19:13:54.984,53.574,Calumet_WaterTempDrop_85,atomic,[Calumet_WaterTempDrop_85],[1.0000],1,1,1.0000,[[CalumetBeach201506220900_Water_Temperature]]
2025-10-15 19:13:54.985,53.575,Montrose_WaterTempDrop_85,atomic,[Montrose_WaterTempDrop_85],[1.0000],1,1,1.0000,[[MontroseBeach201506220900_Water_Temperature]]
2025-10-15 19:13:54.986,53.576,63rd_WaterTempDrop_85,atomic,[63rd_WaterTempDrop_85],[1.0000],1,1,1.0000,[[63rdStreetBeach201506220900_Water_Temperature]]
2025-10-15 19:13:55.033,53.623,Montrose_WaterTempDrop_85,atomic,[Montrose_WaterTempDrop_85],[1.0000],1,1,1.0000,[[MontroseBeach201506221000_Water_Temperature]]
2025-10-15 19:13:55.033,53.623,Calumet_WaterTempDrop_85,atomic,[Calumet_WaterTempDrop_85],[1.0000],1,1,1.0000,[[CalumetBeach201506221000_Water_Temperature]]
2025-10-15 19:13:55.034,53.624,63rd_WaterTempDrop_85,atomic,[63rd_WaterTempDrop_85],[1.0000],1,1,1.0000,[[63rdStreetBeach201506221000_Water_Temperature]]
2025-10-15 19:13:55.097,53.687,Montrose_WaterTempDrop_85,atomic,[Montrose_WaterTempDrop_85],[1.0000],1,1,1.0000,[[MontroseBeach201506221100_Water_Temperature]]
2025-10-15 19:13:55.099,53.689,63rd_WaterTempDrop_85,atomic,[63rd_WaterTempDrop_85],[1.0000],1,1,1.0000,[[63rdStreetBeach201506221100_Water_Temperature]]
2025-10-15 19:13:55.100,53.690,Calumet_WaterTempDrop_85,atomic,[Calumet_WaterTempDrop_85],[1.0000],1,1,1.0000,[[CalumetBeach201506221100_Water_Temperature]]
2025-10-15 19:13:55.158,53.748,Montrose_WaterTempDrop_85,atomic,[Montrose_WaterTempDrop_85],[0.9686],1,1,0.9686,[[MontroseBeach201506221200_Water_Temperature]]
2025-10-15 19:13:55.158,53.748,Calumet_WaterTempDrop_85,atomic,[Calumet_WaterTempDrop_85],[1.0000],1,1,1.0000,[[CalumetBeach201506221200_Water_Temperature]]
2025-10-15 19:13:55.224,53.814,Calumet_WaterTempDrop_85,atomic,[Calumet_WaterTempDrop_85],[1.0000],1,1,1.0000,[[CalumetBeach201506221300_Water_Temperature]]
2025-10-15 19:13:55.225,53.815,Montrose_WaterTempDrop_85,atomic,[Montrose_WaterTempDrop_85],[1.0000],1,1,1.0000,[[MontroseBeach201506221300_Water_Temperature]]
2025-10-15 19:13:55.225,53.815,63rd_WaterTempDrop_85,atomic,[63rd_WaterTempDrop_85],[1.0000],1,1,1.0000,[[63rdStreetBeach201506221300_Water_Temperature]]
2025-10-15 19:13:55.283,53.873,Calumet_WaterTempDrop_85,atomic,[Calumet_WaterTempDrop_85],[0.9714],1,1,0.9714,[[CalumetBeach201506221400_Water_Temperature]]
2025-10-15 19:13:55.284,53.874,Montrose_WaterTempDrop_85,atomic,[Montrose_WaterTempDrop_85],[0.9664],1,1,0.9664,[[MontroseBeach201506221400_Water_Temperature]]
2025-10-15 19:13:55.286,53.876,63rd_WaterTempDrop_85,atomic,[63rd_WaterTempDrop_85],[0.9678],1,1,0.9678,[[63rdStreetBeach201506221400_Water_Temperature]]
2025-10-15 19:13:55.346,53.936,63rd_WaterTempDrop_85,atomic,[63rd_WaterTempDrop_85],[0.9639],1,1,0.9639,[[63rdStreetBeach201506221500_Water_Temperature]]
2025-10-15 19:13:55.348,53.938,Calumet_WaterTempDrop_85,atomic,[Calumet_WaterTempDrop_85],[0.9678],1,1,0.9678,[[CalumetBeach201506221500_Water_Temperature]]
2025-10-15 19:13:55.349,53.939,Montrose_WaterTempDrop_85,atomic,[Montrose_WaterTempDrop_85],[1.0000],1,1,1.0000,[[MontroseBeach201506221500_Water_Temperature]]
2025-10-15 19:13:55.409,53.999,Calumet_WaterTempDrop_85,atomic,[Calumet_WaterTempDrop_85],[1.0000],1,1,1.0000,[[CalumetBeach201506221600_Water_Temperature]]
2025-10-15 19:13:55.410,54.000,Montrose_WaterTempDrop_85,atomic,[Montrose_WaterTempDrop_85],[1.0000],1,1,1.0000,[[MontroseBeach201506221600_Water_Temperature]]
2025-10-15 19:13:55.473,54.063,63rd_WaterTempDrop_85,atomic,[63rd_WaterTempDrop_85],[0.9596],1,1,0.9596,[[63rdStreetBeach201506221700_Water_Temperature]]
2025-10-15 19:13:55.473,54.063,Calumet_WaterTempDrop_85,atomic,[Calumet_WaterTempDrop_85],[1.0000],1,1,1.0000,[[CalumetBeach201506221700_Water_Temperature]]
2025-10-15 19:13:55.474,54.064,Montrose_WaterTempDrop_85,atomic,[Montrose_WaterTempDrop_85],[1.0000],1,1,1.0000,[[MontroseBeach201506221700_Water_Temperature]]
2025-10-15 19:13:55.533,54.123,Montrose_WaterTempDrop_85,atomic,[Montrose_WaterTempDrop_85],[0.9675],1,1,0.9675,[[MontroseBeach201506221800_Water_Temperature]]
2025-10-15 19:13:55.535,54.125,63rd_WaterTempDrop_85,atomic,[63rd_WaterTempDrop_85],[1.0000],1,1,1.0000,[[63rdStreetBeach201506221800_Water_Temperature]]
2025-10-15 19:13:55.536,54.126,Calumet_WaterTempDrop_85,atomic,[Calumet_WaterTempDrop_85],[1.0000],1,1,1.0000,[[CalumetBeach201506221800_Water_Temperature]]
2025-10-15 19:13:55.599,54.189,Montrose_WaterTempDrop_85,atomic,[Montrose_WaterTempDrop_85],[0.9636],1,1,0.9636,[[MontroseBeach201506221900_Water_Temperature]]
2025-10-15 19:13:55.599,54.189,63rd_WaterTempDrop_85,atomic,[63rd_WaterTempDrop_85],[1.0000],1,1,1.0000,[[63rdStreetBeach201506221900_Water_Temperature]]
2025-10-15 19:13:55.600,54.190,Calumet_WaterTempDrop_85,atomic,[Calumet_WaterTempDrop_85],[1.0000],1,1,1.0000,[[CalumetBeach201506221900_Water_Temperature]]
2025-10-15 19:13:55.660,54.250,Calumet_WaterTempDrop_85,atomic,[Calumet_WaterTempDrop_85],[0.9689],1,1,0.9689,[[CalumetBeach201506222000_Water_Temperature]]
2025-10-15 19:13:55.663,54.253,63rd_WaterTempDrop_85,atomic,[63rd_WaterTempDrop_85],[1.0000],1,1,1.0000,[[63rdStreetBeach201506222000_Water_Temperature]]
2025-10-15 19:13:55.664,54.254,Montrose_WaterTempDrop_85,atomic,[Montrose_WaterTempDrop_85],[1.0000],1,1,1.0000,[[MontroseBeach201506222000_Water_Temperature]]
2025-10-15 19:13:55.724,54.314,Montrose_WaterTempDrop_85,atomic,[Montrose_WaterTempDrop_85],[1.0000],1,1,1.0000,[[MontroseBeach201506222100_Water_Temperature]]
2025-10-15 19:13:55.725,54.315,Calumet_WaterTempDrop_85,atomic,[Calumet_WaterTempDrop_85],[0.9650],1,1,0.9650,[[CalumetBeach201506222100_Water_Temperature]]
2025-10-15 19:13:55.726,54.316,63rd_WaterTempDrop_85,atomic,[63rd_WaterTempDrop_85],[1.0000],1,1,1.0000,[[63rdStreetBeach201506222100_Water_Temperature]]
2025-10-15 19:13:55.786,54.376,Calumet_WaterTempDrop_85,atomic,[Calumet_WaterTempDrop_85],[1.0000],1,1,1.0000,[[CalumetBeach201506222200_Water_Temperature]]
2025-10-15 19:13:55.786,54.376,Montrose_WaterTempDrop_85,atomic,[Montrose_WaterTempDrop_85],[1.0000],1,1,1.0000,[[MontroseBeach201506222200_Water_Temperature]]
2025-10-15 19:13:55.852,54.442,Montrose_WaterTempDrop_85,atomic,[Montrose_WaterTempDrop_85],[1.0000],1,1,1.0000,[[MontroseBeach201506222300_Water_Temperature]]
2025-10-15 19:13:55.852,54.442,63rd_WaterTempDrop_85,atomic,[63rd_WaterTempDrop_85],[1.0000],1,1,1.0000,[[63rdStreetBeach201506222300_Water_Temperature]]
2025-10-15 19:13:55.853,54.443,Calumet_WaterTempDrop_85,atomic,[Calumet_WaterTempDrop_85],[1.0000],1,1,1.0000,[[CalumetBeach201506222300_Water_Temperature]]
2025-10-15 19:13:55.909,54.499,Calumet_WaterTempDrop_85,atomic,[Calumet_WaterTempDrop_85],[0.9650],1,1,0.9650,[[CalumetBeach201506232400_Water_Temperature]]
2025-10-15 19:13:55.911,54.501,Montrose_WaterTempDrop_85,atomic,[Montrose_WaterTempDrop_85],[1.0000],1,1,1.0000,[[MontroseBeach201506232400_Water_Temperature]]
2025-10-15 19:13:55.992,54.582,Montrose_WaterTempDrop_85,atomic,[Montrose_WaterTempDrop_85],[1.0000],1,1,1.0000,[[MontroseBeach201506230100_Water_Temperature]]
2025-10-15 19:13:55.993,54.583,Calumet_WaterTempDrop_85,atomic,[Calumet_WaterTempDrop_85],[1.0000],1,1,1.0000,[[CalumetBeach201506230100_Water_Temperature]]
2025-10-15 19:13:56.039,54.629,Calumet_WaterTempDrop_85,atomic,[Calumet_WaterTempDrop_85],[1.0000],1,1,1.0000,[[CalumetBeach201506230200_Water_Temperature]]
2025-10-15 19:13:56.040,54.630,63rd_WaterTempDrop_85,atomic,[63rd_WaterTempDrop_85],[1.0000],1,1,1.0000,[[63rdStreetBeach201506230200_Water_Temperature]]
2025-10-15 19:13:56.041,54.631,Montrose_WaterTempDrop_85,atomic,[Montrose_WaterTempDrop_85],[1.0000],1,1,1.0000,[[MontroseBeach201506230200_Water_Temperature]]
2025-10-15 19:13:56.102,54.692,63rd_WaterTempDrop_85,atomic,[63rd_WaterTempDrop_85],[0.9685],1,1,0.9685,[[63rdStreetBeach201506230300_Water_Temperature]]
2025-10-15 19:13:56.103,54.693,Calumet_WaterTempDrop_85,atomic,[Calumet_WaterTempDrop_85],[1.0000],1,1,1.0000,[[CalumetBeach201506230300_Water_Temperature]]
2025-10-15 19:13:56.104,54.694,Montrose_WaterTempDrop_85,atomic,[Montrose_WaterTempDrop_85],[1.0000],1,1,1.0000,[[MontroseBeach201506230300_Water_Temperature]]
2025-10-15 19:13:56.165,54.755,Montrose_WaterTempDrop_85,atomic,[Montrose_WaterTempDrop_85],[1.0000],1,1,1.0000,[[MontroseBeach201506230400_Water_Temperature]]
2025-10-15 19:13:56.166,54.756,Calumet_WaterTempDrop_85,atomic,[Calumet_WaterTempDrop_85],[1.0000],1,1,1.0000,[[CalumetBeach201506230400_Water_Temperature]]
2025-10-15 19:13:56.166,54.756,63rd_WaterTempDrop_85,atomic,[63rd_WaterTempDrop_85],[1.0000],1,1,1.0000,[[63rdStreetBeach201506230400_Water_Temperature]]
2025-10-15 19:13:56.228,54.818,63rd_WaterTempDrop_85,atomic,[63rd_WaterTempDrop_85],[1.0000],1,1,1.0000,[[63rdStreetBeach201506230500_Water_Temperature]]
2025-10-15 19:13:56.230,54.820,Montrose_WaterTempDrop_85,atomic,[Montrose_WaterTempDrop_85],[1.0000],1,1,1.0000,[[MontroseBeach201506230500_Water_Temperature]]
2025-10-15 19:13:56.230,54.820,Calumet_WaterTempDrop_85,atomic,[Calumet_WaterTempDrop_85],[1.0000],1,1,1.0000,[[CalumetBeach201506230500_Water_Temperature]]
2025-10-15 19:13:56.289,54.879,Calumet_WaterTempDrop_85,atomic,[Calumet_WaterTempDrop_85],[1.0000],1,1,1.0000,[[CalumetBeach201506230600_Water_Temperature]]
2025-10-15 19:13:56.291,54.881,63rd_WaterTempDrop_85,atomic,[63rd_WaterTempDrop_85],[1.0000],1,1,1.0000,[[63rdStreetBeach201506230600_Water_Temperature]]
2025-10-15 19:13:56.291,54.881,Montrose_WaterTempDrop_85,atomic,[Montrose_WaterTempDrop_85],[1.0000],1,1,1.0000,[[MontroseBeach201506230600_Water_Temperature]]
2025-10-15 19:13:56.350,54.940,Montrose_WaterTempDrop_85,atomic,[Montrose_WaterTempDrop_85],[0.9720],1,1,0.9720,[[MontroseBeach201506230700_Water_Temperature]]
2025-10-15 19:13:56.352,54.942,63rd_WaterTempDrop_85,atomic,[63rd_WaterTempDrop_85],[0.9687],1,1,0.9687,[[63rdStreetBeach201506230700_Water_Temperature]]
2025-10-15 19:13:56.353,54.943,Calumet_WaterTempDrop_85,atomic,[Calumet_WaterTempDrop_85],[1.0000],1,1,1.0000,[[CalumetBeach201506230700_Water_Temperature]]
2025-10-15 19:13:56.413,55.003,Calumet_WaterTempDrop_85,atomic,[Calumet_WaterTempDrop_85],[1.0000],1,1,1.0000,[[CalumetBeach201506230800_Water_Temperature]]
2025-10-15 19:13:56.416,55.006,63rd_WaterTempDrop_85,atomic,[63rd_WaterTempDrop_85],[1.0000],1,1,1.0000,[[63rdStreetBeach201506230800_Water_Temperature]]
2025-10-15 19:13:56.417,55.007,Montrose_WaterTempDrop_85,atomic,[Montrose_WaterTempDrop_85],[1.0000],1,1,1.0000,[[MontroseBeach201506230800_Water_Temperature]]
2025-10-15 19:13:56.474,55.064,Calumet_WaterTempDrop_85,atomic,[Calumet_WaterTempDrop_85],[0.9711],1,1,0.9711,[[CalumetBeach201506230900_Water_Temperature]]
2025-10-15 19:13:56.475,55.065,Montrose_WaterTempDrop_85,atomic,[Montrose_WaterTempDrop_85],[0.9693],1,1,0.9693,[[MontroseBeach201506230900_Water_Temperature]]
2025-10-15 19:13:56.478,55.068,63rd_WaterTempDrop_85,atomic,[63rd_WaterTempDrop_85],[1.0000],1,1,1.0000,[[63rdStreetBeach201506230900_Water_Temperature]]
2025-10-15 19:13:56.540,55.130,63rd_WaterTempDrop_85,atomic,[63rd_WaterTempDrop_85],[0.9677],1,1,0.9677,[[63rdStreetBeach201506231000_Water_Temperature]]
2025-10-15 19:13:56.541,55.131,Montrose_WaterTempDrop_85,atomic,[Montrose_WaterTempDrop_85],[1.0000],1,1,1.0000,[[MontroseBeach201506231000_Water_Temperature]]
2025-10-15 19:13:56.541,55.131,Calumet_WaterTempDrop_85,atomic,[Calumet_WaterTempDrop_85],[1.0000],1,1,1.0000,[[CalumetBeach201506231000_Water_Temperature]]
2025-10-15 19:13:56.604,55.194,Calumet_WaterTempDrop_85,atomic,[Calumet_WaterTempDrop_85],[1.0000],1,1,1.0000,[[CalumetBeach201506231100_Water_Temperature]]
2025-10-15 19:13:56.605,55.195,Montrose_WaterTempDrop_85,atomic,[Montrose_WaterTempDrop_85],[1.0000],1,1,1.0000,[[MontroseBeach201506231100_Water_Temperature]]
2025-10-15 19:13:56.665,55.255,Montrose_WaterTempDrop_85,atomic,[Montrose_WaterTempDrop_85],[0.9679],1,1,0.9679,[[MontroseBeach201506231200_Water_Temperature]]
2025-10-15 19:13:56.666,55.256,Calumet_WaterTempDrop_85,atomic,[Calumet_WaterTempDrop_85],[1.0000],1,1,1.0000,[[CalumetBeach201506231200_Water_Temperature]]
2025-10-15 19:13:56.730,55.320,Montrose_WaterTempDrop_85,atomic,[Montrose_WaterTempDrop_85],[0.9638],1,1,0.9638,[[MontroseBeach201506231300_Water_Temperature]]
2025-10-15 19:13:56.731,55.321,Calumet_WaterTempDrop_85,atomic,[Calumet_WaterTempDrop_85],[0.9702],1,1,0.9702,[[CalumetBeach201506231300_Water_Temperature]]
2025-10-15 19:13:56.731,55.321,63rd_WaterTempDrop_85,atomic,[63rd_WaterTempDrop_85],[1.0000],1,1,1.0000,[[63rdStreetBeach201506231300_Water_Temperature]]
2025-10-15 19:13:56.792,55.382,Montrose_WaterTempDrop_85,atomic,[Montrose_WaterTempDrop_85],[0.9593],1,1,0.9593,[[MontroseBeach201506231400_Water_Temperature]]
2025-10-15 19:13:56.794,55.384,Calumet_WaterTempDrop_85,atomic,[Calumet_WaterTempDrop_85],[1.0000],1,1,1.0000,[[CalumetBeach201506231400_Water_Temperature]]
2025-10-15 19:13:56.856,55.446,Montrose_WaterTempDrop_85,atomic,[Montrose_WaterTempDrop_85],[1.0000],1,1,1.0000,[[MontroseBeach201506231500_Water_Temperature]]
2025-10-15 19:13:56.858,55.448,Calumet_WaterTempDrop_85,atomic,[Calumet_WaterTempDrop_85],[1.0000],1,1,1.0000,[[CalumetBeach201506231500_Water_Temperature]]
2025-10-15 19:13:56.859,55.449,63rd_WaterTempDrop_85,atomic,[63rd_WaterTempDrop_85],[1.0000],1,1,1.0000,[[63rdStreetBeach201506231500_Water_Temperature]]
2025-10-15 19:13:56.916,55.506,Calumet_WaterTempDrop_85,atomic,[Calumet_WaterTempDrop_85],[0.9687],1,1,0.9687,[[CalumetBeach201506231600_Water_Temperature]]
2025-10-15 19:13:56.917,55.507,Montrose_WaterTempDrop_85,atomic,[Montrose_WaterTempDrop_85],[1.0000],1,1,1.0000,[[MontroseBeach201506231600_Water_Temperature]]
2025-10-15 19:13:56.982,55.572,63rd_WaterTempDrop_85,atomic,[63rd_WaterTempDrop_85],[1.0000],1,1,1.0000,[[63rdStreetBeach201506231700_Water_Temperature]]
2025-10-15 19:13:56.985,55.575,Montrose_WaterTempDrop_85,atomic,[Montrose_WaterTempDrop_85],[1.0000],1,1,1.0000,[[MontroseBeach201506231700_Water_Temperature]]
2025-10-15 19:13:56.985,55.575,Calumet_WaterTempDrop_85,atomic,[Calumet_WaterTempDrop_85],[1.0000],1,1,1.0000,[[CalumetBeach201506231700_Water_Temperature]]
2025-10-15 19:13:57.048,55.638,Montrose_WaterTempDrop_85,atomic,[Montrose_WaterTempDrop_85],[1.0000],1,1,1.0000,[[MontroseBeach201506231800_Water_Temperature]]
2025-10-15 19:13:57.048,55.638,63rd_WaterTempDrop_85,atomic,[63rd_WaterTempDrop_85],[0.9680],1,1,0.9680,[[63rdStreetBeach201506231800_Water_Temperature]]
2025-10-15 19:13:57.050,55.640,Calumet_WaterTempDrop_85,atomic,[Calumet_WaterTempDrop_85],[1.0000],1,1,1.0000,[[CalumetBeach201506231800_Water_Temperature]]
2025-10-15 19:13:57.108,55.698,Montrose_WaterTempDrop_85,atomic,[Montrose_WaterTempDrop_85],[0.9655],1,1,0.9655,[[MontroseBeach201506231900_Water_Temperature]]
2025-10-15 19:13:57.108,55.698,63rd_WaterTempDrop_85,atomic,[63rd_WaterTempDrop_85],[1.0000],1,1,1.0000,[[63rdStreetBeach201506231900_Water_Temperature]]
2025-10-15 19:13:57.109,55.699,Calumet_WaterTempDrop_85,atomic,[Calumet_WaterTempDrop_85],[1.0000],1,1,1.0000,[[CalumetBeach201506231900_Water_Temperature]]
2025-10-15 19:13:57.169,55.759,Calumet_WaterTempDrop_85,atomic,[Calumet_WaterTempDrop_85],[0.9686],1,1,0.9686,[[CalumetBeach201506232000_Water_Temperature]]
2025-10-15 19:13:57.169,55.759,Montrose_WaterTempDrop_85,atomic,[Montrose_WaterTempDrop_85],[1.0000],1,1,1.0000,[[MontroseBeach201506232000_Water_Temperature]]
2025-10-15 19:13:57.171,55.761,63rd_WaterTempDrop_85,atomic,[63rd_WaterTempDrop_85],[1.0000],1,1,1.0000,[[63rdStreetBeach201506232000_Water_Temperature]]
2025-10-15 19:13:57.234,55.824,63rd_WaterTempDrop_85,atomic,[63rd_WaterTempDrop_85],[0.9671],1,1,0.9671,[[63rdStreetBeach201506232100_Water_Temperature]]
2025-10-15 19:13:57.235,55.825,Montrose_WaterTempDrop_85,atomic,[Montrose_WaterTempDrop_85],[1.0000],1,1,1.0000,[[MontroseBeach201506232100_Water_Temperature]]
2025-10-15 19:13:57.236,55.826,Calumet_WaterTempDrop_85,atomic,[Calumet_WaterTempDrop_85],[1.0000],1,1,1.0000,[[CalumetBeach201506232100_Water_Temperature]]
2025-10-15 19:13:57.296,55.886,Calumet_WaterTempDrop_85,atomic,[Calumet_WaterTempDrop_85],[0.9663],1,1,0.9663,[[CalumetBeach201506232200_Water_Temperature]]
2025-10-15 19:13:57.297,55.887,63rd_WaterTempDrop_85,atomic,[63rd_WaterTempDrop_85],[0.9630],1,1,0.9630,[[63rdStreetBeach201506232200_Water_Temperature]]
2025-10-15 19:13:57.300,55.890,Montrose_WaterTempDrop_85,atomic,[Montrose_WaterTempDrop_85],[1.0000],1,1,1.0000,[[MontroseBeach201506232200_Water_Temperature]]
2025-10-15 19:13:57.362,55.952,Montrose_WaterTempDrop_85,atomic,[Montrose_WaterTempDrop_85],[0.9670],1,1,0.9670,[[MontroseBeach201506232300_Water_Temperature]]
2025-10-15 19:13:57.363,55.953,63rd_WaterTempDrop_85,atomic,[63rd_WaterTempDrop_85],[1.0000],1,1,1.0000,[[63rdStreetBeach201506232300_Water_Temperature]]
2025-10-15 19:13:57.364,55.954,Calumet_WaterTempDrop_85,atomic,[Calumet_WaterTempDrop_85],[1.0000],1,1,1.0000,[[CalumetBeach201506232300_Water_Temperature]]
2025-10-15 19:13:57.421,56.011,Calumet_WaterTempDrop_85,atomic,[Calumet_WaterTempDrop_85],[0.9642],1,1,0.9642,[[CalumetBeach201506242400_Water_Temperature]]
2025-10-15 19:13:57.422,56.012,Montrose_WaterTempDrop_85,atomic,[Montrose_WaterTempDrop_85],[1.0000],1,1,1.0000,[[MontroseBeach201506242400_Water_Temperature]]
2025-10-15 19:13:57.424,56.014,63rd_WaterTempDrop_85,atomic,[63rd_WaterTempDrop_85],[1.0000],1,1,1.0000,[[63rdStreetBeach201506242400_Water_Temperature]]
2025-10-15 19:13:57.487,56.077,Montrose_WaterTempDrop_85,atomic,[Montrose_WaterTempDrop_85],[1.0000],1,1,1.0000,[[MontroseBeach201506240100_Water_Temperature]]
2025-10-15 19:13:57.488,56.078,Calumet_WaterTempDrop_85,atomic,[Calumet_WaterTempDrop_85],[1.0000],1,1,1.0000,[[CalumetBeach201506240100_Water_Temperature]]
2025-10-15 19:13:57.489,56.079,63rd_WaterTempDrop_85,atomic,[63rd_WaterTempDrop_85],[1.0000],1,1,1.0000,[[63rdStreetBeach201506240100_Water_Temperature]]
2025-10-15 19:13:57.547,56.137,63rd_WaterTempDrop_85,atomic,[63rd_WaterTempDrop_85],[1.0000],1,1,1.0000,[[63rdStreetBeach201506240200_Water_Temperature]]
2025-10-15 19:13:57.549,56.139,Calumet_WaterTempDrop_85,atomic,[Calumet_WaterTempDrop_85],[1.0000],1,1,1.0000,[[CalumetBeach201506240200_Water_Temperature]]
2025-10-15 19:13:57.552,56.142,Montrose_WaterTempDrop_85,atomic,[Montrose_WaterTempDrop_85],[1.0000],1,1,1.0000,[[MontroseBeach201506240200_Water_Temperature]]
2025-10-15 19:13:57.610,56.200,Calumet_WaterTempDrop_85,atomic,[Calumet_WaterTempDrop_85],[1.0000],1,1,1.0000,[[CalumetBeach201506240300_Water_Temperature]]
2025-10-15 19:13:57.611,56.201,63rd_WaterTempDrop_85,atomic,[63rd_WaterTempDrop_85],[1.0000],1,1,1.0000,[[63rdStreetBeach201506240300_Water_Temperature]]
2025-10-15 19:13:57.612,56.202,Montrose_WaterTempDrop_85,atomic,[Montrose_WaterTempDrop_85],[1.0000],1,1,1.0000,[[MontroseBeach201506240300_Water_Temperature]]
2025-10-15 19:13:57.673,56.263,Montrose_WaterTempDrop_85,atomic,[Montrose_WaterTempDrop_85],[1.0000],1,1,1.0000,[[MontroseBeach201506240400_Water_Temperature]]
2025-10-15 19:13:57.676,56.266,Calumet_WaterTempDrop_85,atomic,[Calumet_WaterTempDrop_85],[1.0000],1,1,1.0000,[[CalumetBeach201506240400_Water_Temperature]]
2025-10-15 19:13:57.677,56.267,63rd_WaterTempDrop_85,atomic,[63rd_WaterTempDrop_85],[1.0000],1,1,1.0000,[[63rdStreetBeach201506240400_Water_Temperature]]
2025-10-15 19:13:57.736,56.326,Calumet_WaterTempDrop_85,atomic,[Calumet_WaterTempDrop_85],[0.9676],1,1,0.9676,[[CalumetBeach201506240500_Water_Temperature]]
2025-10-15 19:13:57.736,56.326,63rd_WaterTempDrop_85,atomic,[63rd_WaterTempDrop_85],[1.0000],1,1,1.0000,[[63rdStreetBeach201506240500_Water_Temperature]]
2025-10-15 19:13:57.738,56.328,Montrose_WaterTempDrop_85,atomic,[Montrose_WaterTempDrop_85],[1.0000],1,1,1.0000,[[MontroseBeach201506240500_Water_Temperature]]
2025-10-15 19:13:57.797,56.387,Calumet_WaterTempDrop_85,atomic,[Calumet_WaterTempDrop_85],[1.0000],1,1,1.0000,[[CalumetBeach201506240600_Water_Temperature]]
2025-10-15 19:13:57.797,56.387,Montrose_WaterTempDrop_85,atomic,[Montrose_WaterTempDrop_85],[1.0000],1,1,1.0000,[[MontroseBeach201506240600_Water_Temperature]]
2025-10-15 19:13:57.801,56.391,63rd_WaterTempDrop_85,atomic,[63rd_WaterTempDrop_85],[1.0000],1,1,1.0000,[[63rdStreetBeach201506240600_Water_Temperature]]
2025-10-15 19:13:57.861,56.451,63rd_WaterTempDrop_85,atomic,[63rd_WaterTempDrop_85],[0.9705],1,1,0.9705,[[63rdStreetBeach201506240700_Water_Temperature]]
2025-10-15 19:13:57.862,56.452,Montrose_WaterTempDrop_85,atomic,[Montrose_WaterTempDrop_85],[0.9710],1,1,0.9710,[[MontroseBeach201506240700_Water_Temperature]]
2025-10-15 19:13:57.862,56.452,Calumet_WaterTempDrop_85,atomic,[Calumet_WaterTempDrop_85],[1.0000],1,1,1.0000,[[CalumetBeach201506240700_Water_Temperature]]
2025-10-15 19:13:57.925,56.515,Calumet_WaterTempDrop_85,atomic,[Calumet_WaterTempDrop_85],[0.9670],1,1,0.9670,[[CalumetBeach201506240800_Water_Temperature]]
2025-10-15 19:13:57.927,56.517,63rd_WaterTempDrop_85,atomic,[63rd_WaterTempDrop_85],[0.9669],1,1,0.9669,[[63rdStreetBeach201506240800_Water_Temperature]]
2025-10-15 19:13:57.927,56.517,Montrose_WaterTempDrop_85,atomic,[Montrose_WaterTempDrop_85],[1.0000],1,1,1.0000,[[MontroseBeach201506240800_Water_Temperature]]
2025-10-15 19:13:57.986,56.576,63rd_WaterTempDrop_85,atomic,[63rd_WaterTempDrop_85],[0.9628],1,1,0.9628,[[63rdStreetBeach201506240900_Water_Temperature]]
2025-10-15 19:13:57.988,56.578,Montrose_WaterTempDrop_85,atomic,[Montrose_WaterTempDrop_85],[1.0000],1,1,1.0000,[[MontroseBeach201506240900_Water_Temperature]]
2025-10-15 19:13:57.989,56.579,Calumet_WaterTempDrop_85,atomic,[Calumet_WaterTempDrop_85],[1.0000],1,1,1.0000,[[CalumetBeach201506240900_Water_Temperature]]
2025-10-15 19:13:58.048,56.638,Montrose_WaterTempDrop_85,atomic,[Montrose_WaterTempDrop_85],[0.9694],1,1,0.9694,[[MontroseBeach201506241000_Water_Temperature]]
2025-10-15 19:13:58.052,56.642,Calumet_WaterTempDrop_85,atomic,[Calumet_WaterTempDrop_85],[1.0000],1,1,1.0000,[[CalumetBeach201506241000_Water_Temperature]]
2025-10-15 19:13:58.113,56.703,Calumet_WaterTempDrop_85,atomic,[Calumet_WaterTempDrop_85],[1.0000],1,1,1.0000,[[CalumetBeach201506241100_Water_Temperature]]
2025-10-15 19:13:58.114,56.704,Montrose_WaterTempDrop_85,atomic,[Montrose_WaterTempDrop_85],[1.0000],1,1,1.0000,[[MontroseBeach201506241100_Water_Temperature]]
2025-10-15 19:13:58.115,56.705,63rd_WaterTempDrop_85,atomic,[63rd_WaterTempDrop_85],[1.0000],1,1,1.0000,[[63rdStreetBeach201506241100_Water_Temperature]]
2025-10-15 19:13:58.176,56.766,Montrose_WaterTempDrop_85,atomic,[Montrose_WaterTempDrop_85],[1.0000],1,1,1.0000,[[MontroseBeach201506241200_Water_Temperature]]
2025-10-15 19:13:58.176,56.766,63rd_WaterTempDrop_85,atomic,[63rd_WaterTempDrop_85],[0.9612],1,1,0.9612,[[63rdStreetBeach201506241200_Water_Temperature]]
2025-10-15 19:13:58.177,56.767,Calumet_WaterTempDrop_85,atomic,[Calumet_WaterTempDrop_85],[1.0000],1,1,1.0000,[[CalumetBeach201506241200_Water_Temperature]]
2025-10-15 19:13:58.239,56.829,Montrose_WaterTempDrop_85,atomic,[Montrose_WaterTempDrop_85],[1.0000],1,1,1.0000,[[MontroseBeach201506241300_Water_Temperature]]
2025-10-15 19:13:58.240,56.830,Calumet_WaterTempDrop_85,atomic,[Calumet_WaterTempDrop_85],[1.0000],1,1,1.0000,[[CalumetBeach201506241300_Water_Temperature]]
2025-10-15 19:13:58.299,56.889,Calumet_WaterTempDrop_85,atomic,[Calumet_WaterTempDrop_85],[0.9697],1,1,0.9697,[[CalumetBeach201506241400_Water_Temperature]]
2025-10-15 19:13:58.299,56.889,Montrose_WaterTempDrop_85,atomic,[Montrose_WaterTempDrop_85],[0.9690],1,1,0.9690,[[MontroseBeach201506241400_Water_Temperature]]
2025-10-15 19:13:58.365,56.955,63rd_WaterTempDrop_85,atomic,[63rd_WaterTempDrop_85],[0.9565],1,1,0.9565,[[63rdStreetBeach201506241500_Water_Temperature]]
2025-10-15 19:13:58.366,56.956,Montrose_WaterTempDrop_85,atomic,[Montrose_WaterTempDrop_85],[1.0000],1,1,1.0000,[[MontroseBeach201506241500_Water_Temperature]]
2025-10-15 19:13:58.366,56.956,Calumet_WaterTempDrop_85,atomic,[Calumet_WaterTempDrop_85],[1.0000],1,1,1.0000,[[CalumetBeach201506241500_Water_Temperature]]
2025-10-15 19:13:58.426,57.016,63rd_WaterTempDrop_85,atomic,[63rd_WaterTempDrop_85],[1.0000],1,1,1.0000,[[63rdStreetBeach201506241600_Water_Temperature]]
2025-10-15 19:13:58.426,57.016,Calumet_WaterTempDrop_85,atomic,[Calumet_WaterTempDrop_85],[1.0000],1,1,1.0000,[[CalumetBeach201506241600_Water_Temperature]]
2025-10-15 19:13:58.485,57.075,Calumet_WaterTempDrop_85,atomic,[Calumet_WaterTempDrop_85],[0.9684],1,1,0.9684,[[CalumetBeach201506241700_Water_Temperature]]
2025-10-15 19:13:58.487,57.077,63rd_WaterTempDrop_85,atomic,[63rd_WaterTempDrop_85],[1.0000],1,1,1.0000,[[63rdStreetBeach201506241700_Water_Temperature]]
2025-10-15 19:13:58.548,57.138,Calumet_WaterTempDrop_85,atomic,[Calumet_WaterTempDrop_85],[1.0000],1,1,1.0000,[[CalumetBeach201506241800_Water_Temperature]]
2025-10-15 19:13:58.550,57.140,63rd_WaterTempDrop_85,atomic,[63rd_WaterTempDrop_85],[1.0000],1,1,1.0000,[[63rdStreetBeach201506241800_Water_Temperature]]
2025-10-15 19:13:58.626,57.216,63rd_WaterTempDrop_85,atomic,[63rd_WaterTempDrop_85],[1.0000],1,1,1.0000,[[63rdStreetBeach201506241900_Water_Temperature]]
2025-10-15 19:13:58.627,57.217,Calumet_WaterTempDrop_85,atomic,[Calumet_WaterTempDrop_85],[1.0000],1,1,1.0000,[[CalumetBeach201506241900_Water_Temperature]]
2025-10-15 19:13:58.673,57.263,Calumet_WaterTempDrop_85,atomic,[Calumet_WaterTempDrop_85],[1.0000],1,1,1.0000,[[CalumetBeach201506242000_Water_Temperature]]
2025-10-15 19:13:58.735,57.325,Calumet_WaterTempDrop_85,atomic,[Calumet_WaterTempDrop_85],[1.0000],1,1,1.0000,[[CalumetBeach201506242100_Water_Temperature]]
2025-10-15 19:13:58.736,57.326,63rd_WaterTempDrop_85,atomic,[63rd_WaterTempDrop_85],[1.0000],1,1,1.0000,[[63rdStreetBeach201506242100_Water_Temperature]]
2025-10-15 19:13:58.798,57.388,Calumet_WaterTempDrop_85,atomic,[Calumet_WaterTempDrop_85],[1.0000],1,1,1.0000,[[CalumetBeach201506242200_Water_Temperature]]
2025-10-15 19:13:58.799,57.389,63rd_WaterTempDrop_85,atomic,[63rd_WaterTempDrop_85],[1.0000],1,1,1.0000,[[63rdStreetBeach201506242200_Water_Temperature]]
2025-10-15 19:13:58.862,57.452,Calumet_WaterTempDrop_85,atomic,[Calumet_WaterTempDrop_85],[1.0000],1,1,1.0000,[[CalumetBeach201506242300_Water_Temperature]]
2025-10-15 19:13:58.863,57.453,63rd_WaterTempDrop_85,atomic,[63rd_WaterTempDrop_85],[1.0000],1,1,1.0000,[[63rdStreetBeach201506242300_Water_Temperature]]
2025-10-15 19:13:58.937,57.527,Calumet_WaterTempDrop_85,atomic,[Calumet_WaterTempDrop_85],[1.0000],1,1,1.0000,[[CalumetBeach201506252400_Water_Temperature]]
2025-10-15 19:13:58.939,57.529,63rd_WaterTempDrop_85,atomic,[63rd_WaterTempDrop_85],[1.0000],1,1,1.0000,[[63rdStreetBeach201506252400_Water_Temperature]]
2025-10-15 19:13:58.986,57.576,63rd_WaterTempDrop_85,atomic,[63rd_WaterTempDrop_85],[0.9697],1,1,0.9697,[[63rdStreetBeach201506250100_Water_Temperature]]
2025-10-15 19:13:58.988,57.578,Calumet_WaterTempDrop_85,atomic,[Calumet_WaterTempDrop_85],[0.9712],1,1,0.9712,[[CalumetBeach201506250100_Water_Temperature]]
2025-10-15 19:13:59.049,57.639,Calumet_WaterTempDrop_85,atomic,[Calumet_WaterTempDrop_85],[0.9676],1,1,0.9676,[[CalumetBeach201506250200_Water_Temperature]]
2025-10-15 19:13:59.050,57.640,63rd_WaterTempDrop_85,atomic,[63rd_WaterTempDrop_85],[0.9660],1,1,0.9660,[[63rdStreetBeach201506250200_Water_Temperature]]
2025-10-15 19:13:59.124,57.714,63rd_WaterTempDrop_85,atomic,[63rd_WaterTempDrop_85],[1.0000],1,1,1.0000,[[63rdStreetBeach201506250300_Water_Temperature]]
2025-10-15 19:13:59.126,57.716,Calumet_WaterTempDrop_85,atomic,[Calumet_WaterTempDrop_85],[1.0000],1,1,1.0000,[[CalumetBeach201506250300_Water_Temperature]]
2025-10-15 19:13:59.173,57.763,Calumet_WaterTempDrop_85,atomic,[Calumet_WaterTempDrop_85],[0.9653],1,1,0.9653,[[CalumetBeach201506250400_Water_Temperature]]
2025-10-15 19:13:59.253,57.843,63rd_WaterTempDrop_85,atomic,[63rd_WaterTempDrop_85],[1.0000],1,1,1.0000,[[63rdStreetBeach201506250500_Water_Temperature]]
2025-10-15 19:13:59.254,57.844,Calumet_WaterTempDrop_85,atomic,[Calumet_WaterTempDrop_85],[1.0000],1,1,1.0000,[[CalumetBeach201506250500_Water_Temperature]]
2025-10-15 19:13:59.301,57.891,63rd_WaterTempDrop_85,atomic,[63rd_WaterTempDrop_85],[1.0000],1,1,1.0000,[[63rdStreetBeach201506250600_Water_Temperature]]
2025-10-15 19:13:59.302,57.892,Calumet_WaterTempDrop_85,atomic,[Calumet_WaterTempDrop_85],[1.0000],1,1,1.0000,[[CalumetBeach201506250600_Water_Temperature]]
2025-10-15 19:13:59.375,57.965,63rd_WaterTempDrop_85,atomic,[63rd_WaterTempDrop_85],[1.0000],1,1,1.0000,[[63rdStreetBeach201506250700_Water_Temperature]]
2025-10-15 19:13:59.376,57.966,Calumet_WaterTempDrop_85,atomic,[Calumet_WaterTempDrop_85],[1.0000],1,1,1.0000,[[CalumetBeach201506250700_Water_Temperature]]
2025-10-15 19:13:59.424,58.014,63rd_WaterTempDrop_85,atomic,[63rd_WaterTempDrop_85],[0.9684],1,1,0.9684,[[63rdStreetBeach201506250800_Water_Temperature]]
2025-10-15 19:13:59.425,58.015,Calumet_WaterTempDrop_85,atomic,[Calumet_WaterTempDrop_85],[1.0000],1,1,1.0000,[[CalumetBeach201506250800_Water_Temperature]]
2025-10-15 19:13:59.487,58.077,63rd_WaterTempDrop_85,atomic,[63rd_WaterTempDrop_85],[0.9645],1,1,0.9645,[[63rdStreetBeach201506250900_Water_Temperature]]
2025-10-15 19:13:59.488,58.078,Calumet_WaterTempDrop_85,atomic,[Calumet_WaterTempDrop_85],[1.0000],1,1,1.0000,[[CalumetBeach201506250900_Water_Temperature]]
2025-10-15 19:13:59.552,58.142,Calumet_WaterTempDrop_85,atomic,[Calumet_WaterTempDrop_85],[1.0000],1,1,1.0000,[[CalumetBeach201506251000_Water_Temperature]]
2025-10-15 19:13:59.552,58.142,63rd_WaterTempDrop_85,atomic,[63rd_WaterTempDrop_85],[1.0000],1,1,1.0000,[[63rdStreetBeach201506251000_Water_Temperature]]
2025-10-15 19:13:59.614,58.204,Calumet_WaterTempDrop_85,atomic,[Calumet_WaterTempDrop_85],[0.9697],1,1,0.9697,[[CalumetBeach201506251100_Water_Temperature]]
2025-10-15 19:13:59.615,58.205,63rd_WaterTempDrop_85,atomic,[63rd_WaterTempDrop_85],[0.9628],1,1,0.9628,[[63rdStreetBeach201506251100_Water_Temperature]]
2025-10-15 19:13:59.677,58.267,Montrose_WaterTempDrop_85,atomic,[Montrose_WaterTempDrop_85],[1.0000],1,1,1.0000,[[MontroseBeach201506251300_Water_Temperature]]
2025-10-15 19:13:59.679,58.269,Calumet_WaterTempDrop_85,atomic,[Calumet_WaterTempDrop_85],[1.0000],1,1,1.0000,[[CalumetBeach201506251300_Water_Temperature]]
2025-10-15 19:13:59.741,58.331,63rd_WaterTempDrop_85,atomic,[63rd_WaterTempDrop_85],[1.0000],1,1,1.0000,[[63rdStreetBeach201506251400_Water_Temperature]]
2025-10-15 19:13:59.741,58.331,Calumet_WaterTempDrop_85,atomic,[Calumet_WaterTempDrop_85],[1.0000],1,1,1.0000,[[CalumetBeach201506251400_Water_Temperature]]
2025-10-15 19:13:59.743,58.333,Montrose_WaterTempDrop_85,atomic,[Montrose_WaterTempDrop_85],[1.0000],1,1,1.0000,[[MontroseBeach201506251400_Water_Temperature]]
2025-10-15 19:13:59.804,58.394,Montrose_WaterTempDrop_85,atomic,[Montrose_WaterTempDrop_85],[1.0000],1,1,1.0000,[[MontroseBeach201506251500_Water_Temperature]]
2025-10-15 19:13:59.805,58.395,Calumet_WaterTempDrop_85,atomic,[Calumet_WaterTempDrop_85],[1.0000],1,1,1.0000,[[CalumetBeach201506251500_Water_Temperature]]
2025-10-15 19:13:59.806,58.396,63rd_WaterTempDrop_85,atomic,[63rd_WaterTempDrop_85],[1.0000],1,1,1.0000,[[63rdStreetBeach201506251500_Water_Temperature]]
2025-10-15 19:13:59.865,58.455,Montrose_WaterTempDrop_85,atomic,[Montrose_WaterTempDrop_85],[0.9696],1,1,0.9696,[[MontroseBeach201506251600_Water_Temperature]]
2025-10-15 19:13:59.866,58.456,Calumet_WaterTempDrop_85,atomic,[Calumet_WaterTempDrop_85],[0.9692],1,1,0.9692,[[CalumetBeach201506251600_Water_Temperature]]
2025-10-15 19:13:59.869,58.459,63rd_WaterTempDrop_85,atomic,[63rd_WaterTempDrop_85],[1.0000],1,1,1.0000,[[63rdStreetBeach201506251600_Water_Temperature]]
2025-10-15 19:13:59.929,58.519,63rd_WaterTempDrop_85,atomic,[63rd_WaterTempDrop_85],[0.9656],1,1,0.9656,[[63rdStreetBeach201506251700_Water_Temperature]]
2025-10-15 19:13:59.931,58.521,Calumet_WaterTempDrop_85,atomic,[Calumet_WaterTempDrop_85],[1.0000],1,1,1.0000,[[CalumetBeach201506251700_Water_Temperature]]
2025-10-15 19:13:59.932,58.522,Montrose_WaterTempDrop_85,atomic,[Montrose_WaterTempDrop_85],[1.0000],1,1,1.0000,[[MontroseBeach201506251700_Water_Temperature]]
2025-10-15 19:13:59.995,58.585,63rd_WaterTempDrop_85,atomic,[63rd_WaterTempDrop_85],[1.0000],1,1,1.0000,[[63rdStreetBeach201506251800_Water_Temperature]]
2025-10-15 19:13:59.997,58.587,Calumet_WaterTempDrop_85,atomic,[Calumet_WaterTempDrop_85],[1.0000],1,1,1.0000,[[CalumetBeach201506251800_Water_Temperature]]
2025-10-15 19:13:59.998,58.588,Montrose_WaterTempDrop_85,atomic,[Montrose_WaterTempDrop_85],[1.0000],1,1,1.0000,[[MontroseBeach201506251800_Water_Temperature]]
2025-10-15 19:14:00.055,58.645,63rd_WaterTempDrop_85,atomic,[63rd_WaterTempDrop_85],[0.9638],1,1,0.9638,[[63rdStreetBeach201506251900_Water_Temperature]]
2025-10-15 19:14:00.055,58.645,Calumet_WaterTempDrop_85,atomic,[Calumet_WaterTempDrop_85],[0.9680],1,1,0.9680,[[CalumetBeach201506251900_Water_Temperature]]
2025-10-15 19:14:00.056,58.646,Montrose_WaterTempDrop_85,atomic,[Montrose_WaterTempDrop_85],[1.0000],1,1,1.0000,[[MontroseBeach201506251900_Water_Temperature]]
2025-10-15 19:14:00.117,58.707,63rd_WaterTempDrop_85,atomic,[63rd_WaterTempDrop_85],[0.9594],1,1,0.9594,[[63rdStreetBeach201506252000_Water_Temperature]]
2025-10-15 19:14:00.120,58.710,Montrose_WaterTempDrop_85,atomic,[Montrose_WaterTempDrop_85],[1.0000],1,1,1.0000,[[MontroseBeach201506252000_Water_Temperature]]
2025-10-15 19:14:00.121,58.711,Calumet_WaterTempDrop_85,atomic,[Calumet_WaterTempDrop_85],[1.0000],1,1,1.0000,[[CalumetBeach201506252000_Water_Temperature]]
2025-10-15 19:14:00.181,58.771,63rd_WaterTempDrop_85,atomic,[63rd_WaterTempDrop_85],[1.0000],1,1,1.0000,[[63rdStreetBeach201506252100_Water_Temperature]]
2025-10-15 19:14:00.181,58.771,Calumet_WaterTempDrop_85,atomic,[Calumet_WaterTempDrop_85],[0.9657],1,1,0.9657,[[CalumetBeach201506252100_Water_Temperature]]
2025-10-15 19:14:00.181,58.771,Montrose_WaterTempDrop_85,atomic,[Montrose_WaterTempDrop_85],[1.0000],1,1,1.0000,[[MontroseBeach201506252100_Water_Temperature]]
2025-10-15 19:14:00.243,58.833,63rd_WaterTempDrop_85,atomic,[63rd_WaterTempDrop_85],[0.9587],1,1,0.9587,[[63rdStreetBeach201506252200_Water_Temperature]]
2025-10-15 19:14:00.243,58.833,Calumet_WaterTempDrop_85,atomic,[Calumet_WaterTempDrop_85],[1.0000],1,1,1.0000,[[CalumetBeach201506252200_Water_Temperature]]
2025-10-15 19:14:00.246,58.836,Montrose_WaterTempDrop_85,atomic,[Montrose_WaterTempDrop_85],[1.0000],1,1,1.0000,[[MontroseBeach201506252200_Water_Temperature]]
2025-10-15 19:14:00.304,58.894,Calumet_WaterTempDrop_85,atomic,[Calumet_WaterTempDrop_85],[1.0000],1,1,1.0000,[[CalumetBeach201506252300_Water_Temperature]]
2025-10-15 19:14:00.305,58.895,63rd_WaterTempDrop_85,atomic,[63rd_WaterTempDrop_85],[1.0000],1,1,1.0000,[[63rdStreetBeach201506252300_Water_Temperature]]
2025-10-15 19:14:00.305,58.895,Montrose_WaterTempDrop_85,atomic,[Montrose_WaterTempDrop_85],[1.0000],1,1,1.0000,[[MontroseBeach201506252300_Water_Temperature]]
2025-10-15 19:14:00.367,58.957,Montrose_WaterTempDrop_85,atomic,[Montrose_WaterTempDrop_85],[1.0000],1,1,1.0000,[[MontroseBeach201506262400_Water_Temperature]]
2025-10-15 19:14:00.369,58.959,63rd_WaterTempDrop_85,atomic,[63rd_WaterTempDrop_85],[1.0000],1,1,1.0000,[[63rdStreetBeach201506262400_Water_Temperature]]
2025-10-15 19:14:00.370,58.960,Calumet_WaterTempDrop_85,atomic,[Calumet_WaterTempDrop_85],[1.0000],1,1,1.0000,[[CalumetBeach201506262400_Water_Temperature]]
2025-10-15 19:14:00.430,59.020,63rd_WaterTempDrop_85,atomic,[63rd_WaterTempDrop_85],[1.0000],1,1,1.0000,[[63rdStreetBeach201506260100_Water_Temperature]]
2025-10-15 19:14:00.431,59.021,Calumet_WaterTempDrop_85,atomic,[Calumet_WaterTempDrop_85],[1.0000],1,1,1.0000,[[CalumetBeach201506260100_Water_Temperature]]
2025-10-15 19:14:00.432,59.022,Montrose_WaterTempDrop_85,atomic,[Montrose_WaterTempDrop_85],[1.0000],1,1,1.0000,[[MontroseBeach201506260100_Water_Temperature]]
2025-10-15 19:14:00.491,59.081,Calumet_WaterTempDrop_85,atomic,[Calumet_WaterTempDrop_85],[0.9682],1,1,0.9682,[[CalumetBeach201506260200_Water_Temperature]]
2025-10-15 19:14:00.491,59.081,63rd_WaterTempDrop_85,atomic,[63rd_WaterTempDrop_85],[1.0000],1,1,1.0000,[[63rdStreetBeach201506260200_Water_Temperature]]
2025-10-15 19:14:00.494,59.084,Montrose_WaterTempDrop_85,atomic,[Montrose_WaterTempDrop_85],[1.0000],1,1,1.0000,[[MontroseBeach201506260200_Water_Temperature]]
2025-10-15 19:14:00.552,59.142,Calumet_WaterTempDrop_85,atomic,[Calumet_WaterTempDrop_85],[0.9643],1,1,0.9643,[[CalumetBeach201506260300_Water_Temperature]]
2025-10-15 19:14:00.553,59.143,Montrose_WaterTempDrop_85,atomic,[Montrose_WaterTempDrop_85],[1.0000],1,1,1.0000,[[MontroseBeach201506260300_Water_Temperature]]
2025-10-15 19:14:00.616,59.206,Calumet_WaterTempDrop_85,atomic,[Calumet_WaterTempDrop_85],[1.0000],1,1,1.0000,[[CalumetBeach201506260400_Water_Temperature]]
2025-10-15 19:14:00.618,59.208,63rd_WaterTempDrop_85,atomic,[63rd_WaterTempDrop_85],[1.0000],1,1,1.0000,[[63rdStreetBeach201506260400_Water_Temperature]]
2025-10-15 19:14:00.618,59.208,Montrose_WaterTempDrop_85,atomic,[Montrose_WaterTempDrop_85],[1.0000],1,1,1.0000,[[MontroseBeach201506260400_Water_Temperature]]
2025-10-15 19:14:00.676,59.266,Calumet_WaterTempDrop_85,atomic,[Calumet_WaterTempDrop_85],[0.9626],1,1,0.9626,[[CalumetBeach201506260500_Water_Temperature]]
2025-10-15 19:14:00.678,59.268,Montrose_WaterTempDrop_85,atomic,[Montrose_WaterTempDrop_85],[1.0000],1,1,1.0000,[[MontroseBeach201506260500_Water_Temperature]]
2025-10-15 19:14:00.740,59.330,Montrose_WaterTempDrop_85,atomic,[Montrose_WaterTempDrop_85],[0.9728],1,1,0.9728,[[MontroseBeach201506260600_Water_Temperature]]
2025-10-15 19:14:00.741,59.331,Calumet_WaterTempDrop_85,atomic,[Calumet_WaterTempDrop_85],[1.0000],1,1,1.0000,[[CalumetBeach201506260600_Water_Temperature]]
2025-10-15 19:14:00.804,59.394,Calumet_WaterTempDrop_85,atomic,[Calumet_WaterTempDrop_85],[0.9612],1,1,0.9612,[[CalumetBeach201506260700_Water_Temperature]]
2025-10-15 19:14:00.804,59.394,63rd_WaterTempDrop_85,atomic,[63rd_WaterTempDrop_85],[1.0000],1,1,1.0000,[[63rdStreetBeach201506260700_Water_Temperature]]
2025-10-15 19:14:00.804,59.394,Montrose_WaterTempDrop_85,atomic,[Montrose_WaterTempDrop_85],[1.0000],1,1,1.0000,[[MontroseBeach201506260700_Water_Temperature]]
2025-10-15 19:14:00.864,59.454,63rd_WaterTempDrop_85,atomic,[63rd_WaterTempDrop_85],[0.9684],1,1,0.9684,[[63rdStreetBeach201506260800_Water_Temperature]]
2025-10-15 19:14:00.867,59.457,Montrose_WaterTempDrop_85,atomic,[Montrose_WaterTempDrop_85],[1.0000],1,1,1.0000,[[MontroseBeach201506260800_Water_Temperature]]
2025-10-15 19:14:00.867,59.457,Calumet_WaterTempDrop_85,atomic,[Calumet_WaterTempDrop_85],[1.0000],1,1,1.0000,[[CalumetBeach201506260800_Water_Temperature]]
2025-10-15 19:14:00.926,59.516,63rd_WaterTempDrop_85,atomic,[63rd_WaterTempDrop_85],[0.9646],1,1,0.9646,[[63rdStreetBeach201506260900_Water_Temperature]]
2025-10-15 19:14:00.927,59.517,Calumet_WaterTempDrop_85,atomic,[Calumet_WaterTempDrop_85],[1.0000],1,1,1.0000,[[CalumetBeach201506260900_Water_Temperature]]
2025-10-15 19:14:00.930,59.520,Montrose_WaterTempDrop_85,atomic,[Montrose_WaterTempDrop_85],[1.0000],1,1,1.0000,[[MontroseBeach201506260900_Water_Temperature]]
2025-10-15 19:14:00.989,59.579,Montrose_WaterTempDrop_85,atomic,[Montrose_WaterTempDrop_85],[0.9709],1,1,0.9709,[[MontroseBeach201506261000_Water_Temperature]]
2025-10-15 19:14:00.992,59.582,Calumet_WaterTempDrop_85,atomic,[Calumet_WaterTempDrop_85],[1.0000],1,1,1.0000,[[CalumetBeach201506261000_Water_Temperature]]
2025-10-15 19:14:01.051,59.641,Calumet_WaterTempDrop_85,atomic,[Calumet_WaterTempDrop_85],[0.9649],1,1,0.9649,[[CalumetBeach201506261100_Water_Temperature]]
2025-10-15 19:14:01.051,59.641,Montrose_WaterTempDrop_85,atomic,[Montrose_WaterTempDrop_85],[0.9672],1,1,0.9672,[[MontroseBeach201506261100_Water_Temperature]]
2025-10-15 19:14:01.052,59.642,63rd_WaterTempDrop_85,atomic,[63rd_WaterTempDrop_85],[1.0000],1,1,1.0000,[[63rdStreetBeach201506261100_Water_Temperature]]
2025-10-15 19:14:01.115,59.705,Calumet_WaterTempDrop_85,atomic,[Calumet_WaterTempDrop_85],[0.9607],1,1,0.9607,[[CalumetBeach201506261200_Water_Temperature]]
2025-10-15 19:14:01.117,59.707,63rd_WaterTempDrop_85,atomic,[63rd_WaterTempDrop_85],[1.0000],1,1,1.0000,[[63rdStreetBeach201506261200_Water_Temperature]]
2025-10-15 19:14:01.117,59.707,Montrose_WaterTempDrop_85,atomic,[Montrose_WaterTempDrop_85],[1.0000],1,1,1.0000,[[MontroseBeach201506261200_Water_Temperature]]
2025-10-15 19:14:01.178,59.768,Calumet_WaterTempDrop_85,atomic,[Calumet_WaterTempDrop_85],[0.9561],1,1,0.9561,[[CalumetBeach201506261300_Water_Temperature]]
2025-10-15 19:14:01.180,59.770,Montrose_WaterTempDrop_85,atomic,[Montrose_WaterTempDrop_85],[1.0000],1,1,1.0000,[[MontroseBeach201506261300_Water_Temperature]]
2025-10-15 19:14:01.242,59.832,Montrose_WaterTempDrop_85,atomic,[Montrose_WaterTempDrop_85],[0.9663],1,1,0.9663,[[MontroseBeach201506261400_Water_Temperature]]
2025-10-15 19:14:01.242,59.832,Montrose_HighWave_85,atomic,[Montrose_HighWave_85],[0.8531],1,1,0.8531,[[MontroseBeach201506261400_Wave_Height]]
2025-10-15 19:14:01.244,59.834,63rd_WaterTempDrop_85,atomic,[63rd_WaterTempDrop_85],[1.0000],1,1,1.0000,[[63rdStreetBeach201506261400_Water_Temperature]]
2025-10-15 19:14:01.245,59.835,Calumet_WaterTempDrop_85,atomic,[Calumet_WaterTempDrop_85],[1.0000],1,1,1.0000,[[CalumetBeach201506261400_Water_Temperature]]
2025-10-15 19:14:01.305,59.895,63rd_WaterTempDrop_85,atomic,[63rd_WaterTempDrop_85],[1.0000],1,1,1.0000,[[63rdStreetBeach201506261500_Water_Temperature]]
2025-10-15 19:14:01.306,59.896,Montrose_WaterTempDrop_85,atomic,[Montrose_WaterTempDrop_85],[1.0000],1,1,1.0000,[[MontroseBeach201506261500_Water_Temperature]]
2025-10-15 19:14:01.306,59.896,Montrose_HighWave_85,atomic,[Montrose_HighWave_85],[1.0000],1,1,1.0000,[[MontroseBeach201506261500_Wave_Height]]
2025-10-15 19:14:01.308,59.898,Calumet_WaterTempDrop_85,atomic,[Calumet_WaterTempDrop_85],[1.0000],1,1,1.0000,[[CalumetBeach201506261500_Water_Temperature]]
2025-10-15 19:14:01.366,59.956,Montrose_WaterTempDrop_85,atomic,[Montrose_WaterTempDrop_85],[0.9641],1,1,0.9641,[[MontroseBeach201506261600_Water_Temperature]]
2025-10-15 19:14:01.368,59.958,Calumet_WaterTempDrop_85,atomic,[Calumet_WaterTempDrop_85],[1.0000],1,1,1.0000,[[CalumetBeach201506261600_Water_Temperature]]
2025-10-15 19:14:01.370,59.960,Montrose_HighWave_85,atomic,[Montrose_HighWave_85],[1.0000],1,1,1.0000,[[MontroseBeach201506261600_Wave_Height]]
2025-10-15 19:14:01.370,59.960,63rd_WaterTempDrop_85,atomic,[63rd_WaterTempDrop_85],[1.0000],1,1,1.0000,[[63rdStreetBeach201506261600_Water_Temperature]]
2025-10-15 19:14:01.429,60.019,Montrose_WaterTempDrop_85,atomic,[Montrose_WaterTempDrop_85],[0.9597],1,1,0.9597,[[MontroseBeach201506261700_Water_Temperature]]
2025-10-15 19:14:01.430,60.020,Calumet_WaterTempDrop_85,atomic,[Calumet_WaterTempDrop_85],[1.0000],1,1,1.0000,[[CalumetBeach201506261700_Water_Temperature]]
2025-10-15 19:14:01.431,60.021,Montrose_HighWave_85,atomic,[Montrose_HighWave_85],[1.0000],1,1,1.0000,[[MontroseBeach201506261700_Wave_Height]]
2025-10-15 19:14:01.431,60.021,63rd_WaterTempDrop_85,atomic,[63rd_WaterTempDrop_85],[1.0000],1,1,1.0000,[[63rdStreetBeach201506261700_Water_Temperature]]
2025-10-15 19:14:01.489,60.079,Montrose_HighWave_85,atomic,[Montrose_HighWave_85],[0.8792],1,1,0.8792,[[MontroseBeach201506261800_Wave_Height]]
2025-10-15 19:14:01.490,60.080,Montrose_WaterTempDrop_85,atomic,[Montrose_WaterTempDrop_85],[1.0000],1,1,1.0000,[[MontroseBeach201506261800_Water_Temperature]]
2025-10-15 19:14:01.494,60.084,63rd_WaterTempDrop_85,atomic,[63rd_WaterTempDrop_85],[1.0000],1,1,1.0000,[[63rdStreetBeach201506261800_Water_Temperature]]
2025-10-15 19:14:01.495,60.085,Calumet_WaterTempDrop_85,atomic,[Calumet_WaterTempDrop_85],[1.0000],1,1,1.0000,[[CalumetBeach201506261800_Water_Temperature]]
2025-10-15 19:14:01.554,60.144,Calumet_WaterTempDrop_85,atomic,[Calumet_WaterTempDrop_85],[1.0000],1,1,1.0000,[[CalumetBeach201506261900_Water_Temperature]]
2025-10-15 19:14:01.555,60.145,Montrose_WaterTempDrop_85,atomic,[Montrose_WaterTempDrop_85],[0.9587],1,1,0.9587,[[MontroseBeach201506261900_Water_Temperature]]
2025-10-15 19:14:01.555,60.145,63rd_WaterTempDrop_85,atomic,[63rd_WaterTempDrop_85],[1.0000],1,1,1.0000,[[63rdStreetBeach201506261900_Water_Temperature]]
2025-10-15 19:14:01.556,60.146,Montrose_HighWave_85,atomic,[Montrose_HighWave_85],[1.0000],1,1,1.0000,[[MontroseBeach201506261900_Wave_Height]]
2025-10-15 19:14:01.615,60.205,63rd_WaterTempDrop_85,atomic,[63rd_WaterTempDrop_85],[0.9710],1,1,0.9710,[[63rdStreetBeach201506262000_Water_Temperature]]
2025-10-15 19:14:01.616,60.206,Montrose_WaterTempDrop_85,atomic,[Montrose_WaterTempDrop_85],[1.0000],1,1,1.0000,[[MontroseBeach201506262000_Water_Temperature]]
2025-10-15 19:14:01.616,60.206,Montrose_HighWave_85,atomic,[Montrose_HighWave_85],[1.0000],1,1,1.0000,[[MontroseBeach201506262000_Wave_Height]]
2025-10-15 19:14:01.618,60.208,Calumet_WaterTempDrop_85,atomic,[Calumet_WaterTempDrop_85],[1.0000],1,1,1.0000,[[CalumetBeach201506262000_Water_Temperature]]
2025-10-15 19:14:01.676,60.266,63rd_WaterTempDrop_85,atomic,[63rd_WaterTempDrop_85],[1.0000],1,1,1.0000,[[63rdStreetBeach201506262100_Water_Temperature]]
2025-10-15 19:14:01.676,60.266,Montrose_HighWave_85,atomic,[Montrose_HighWave_85],[0.8780],1,1,0.8780,[[MontroseBeach201506262100_Wave_Height]]
2025-10-15 19:14:01.677,60.267,Montrose_WaterTempDrop_85,atomic,[Montrose_WaterTempDrop_85],[1.0000],1,1,1.0000,[[MontroseBeach201506262100_Water_Temperature]]
2025-10-15 19:14:01.678,60.268,Calumet_WaterTempDrop_85,atomic,[Calumet_WaterTempDrop_85],[1.0000],1,1,1.0000,[[CalumetBeach201506262100_Water_Temperature]]
2025-10-15 19:14:01.738,60.328,63rd_WaterTempDrop_85,atomic,[63rd_WaterTempDrop_85],[0.9684],1,1,0.9684,[[63rdStreetBeach201506262200_Water_Temperature]]
2025-10-15 19:14:01.740,60.330,Montrose_HighWave_85,atomic,[Montrose_HighWave_85],[0.8513],1,1,0.8513,[[MontroseBeach201506262200_Wave_Height]]
2025-10-15 19:14:01.742,60.332,Montrose_WaterTempDrop_85,atomic,[Montrose_WaterTempDrop_85],[1.0000],1,1,1.0000,[[MontroseBeach201506262200_Water_Temperature]]
2025-10-15 19:14:01.742,60.332,Calumet_WaterTempDrop_85,atomic,[Calumet_WaterTempDrop_85],[1.0000],1,1,1.0000,[[CalumetBeach201506262200_Water_Temperature]]
2025-10-15 19:14:01.802,60.392,Montrose_WaterTempDrop_85,atomic,[Montrose_WaterTempDrop_85],[0.9636],1,1,0.9636,[[MontroseBeach201506262300_Water_Temperature]]
2025-10-15 19:14:01.802,60.392,Calumet_WaterTempDrop_85,atomic,[Calumet_WaterTempDrop_85],[1.0000],1,1,1.0000,[[CalumetBeach201506262300_Water_Temperature]]
2025-10-15 19:14:01.803,60.393,63rd_WaterTempDrop_85,atomic,[63rd_WaterTempDrop_85],[1.0000],1,1,1.0000,[[63rdStreetBeach201506262300_Water_Temperature]]
2025-10-15 19:14:01.863,60.453,Montrose_WaterTempDrop_85,atomic,[Montrose_WaterTempDrop_85],[0.9594],1,1,0.9594,[[MontroseBeach201506272400_Water_Temperature]]
2025-10-15 19:14:01.865,60.455,Calumet_WaterTempDrop_85,atomic,[Calumet_WaterTempDrop_85],[1.0000],1,1,1.0000,[[CalumetBeach201506272400_Water_Temperature]]
2025-10-15 19:14:01.926,60.516,Montrose_WaterTempDrop_85,atomic,[Montrose_WaterTempDrop_85],[0.9546],1,1,0.9546,[[MontroseBeach201506270100_Water_Temperature]]
2025-10-15 19:14:01.927,60.517,Calumet_WaterTempDrop_85,atomic,[Calumet_WaterTempDrop_85],[0.9717],1,1,0.9717,[[CalumetBeach201506270100_Water_Temperature]]
2025-10-15 19:14:01.928,60.518,63rd_WaterTempDrop_85,atomic,[63rd_WaterTempDrop_85],[1.0000],1,1,1.0000,[[63rdStreetBeach201506270100_Water_Temperature]]
2025-10-15 19:14:01.990,60.580,Montrose_WaterTempDrop_85,atomic,[Montrose_WaterTempDrop_85],[1.0000],1,1,1.0000,[[MontroseBeach201506270200_Water_Temperature]]
2025-10-15 19:14:01.992,60.582,Calumet_WaterTempDrop_85,atomic,[Calumet_WaterTempDrop_85],[1.0000],1,1,1.0000,[[CalumetBeach201506270200_Water_Temperature]]
2025-10-15 19:14:01.993,60.583,63rd_WaterTempDrop_85,atomic,[63rd_WaterTempDrop_85],[1.0000],1,1,1.0000,[[63rdStreetBeach201506270200_Water_Temperature]]
2025-10-15 19:14:02.050,60.640,63rd_WaterTempDrop_85,atomic,[63rd_WaterTempDrop_85],[0.9684],1,1,0.9684,[[63rdStreetBeach201506270300_Water_Temperature]]
2025-10-15 19:14:02.052,60.642,Calumet_WaterTempDrop_85,atomic,[Calumet_WaterTempDrop_85],[0.9691],1,1,0.9691,[[CalumetBeach201506270300_Water_Temperature]]
2025-10-15 19:14:02.052,60.642,Montrose_WaterTempDrop_85,atomic,[Montrose_WaterTempDrop_85],[0.9550],1,1,0.9550,[[MontroseBeach201506270300_Water_Temperature]]
2025-10-15 19:14:02.115,60.705,Montrose_WaterTempDrop_85,atomic,[Montrose_WaterTempDrop_85],[0.9499],1,1,0.9499,[[MontroseBeach201506270400_Water_Temperature]]
2025-10-15 19:14:02.116,60.706,63rd_WaterTempDrop_85,atomic,[63rd_WaterTempDrop_85],[1.0000],1,1,1.0000,[[63rdStreetBeach201506270400_Water_Temperature]]
2025-10-15 19:14:02.117,60.707,Calumet_WaterTempDrop_85,atomic,[Calumet_WaterTempDrop_85],[1.0000],1,1,1.0000,[[CalumetBeach201506270400_Water_Temperature]]
2025-10-15 19:14:02.178,60.768,Calumet_WaterTempDrop_85,atomic,[Calumet_WaterTempDrop_85],[0.9667],1,1,0.9667,[[CalumetBeach201506270500_Water_Temperature]]
2025-10-15 19:14:02.179,60.769,63rd_WaterTempDrop_85,atomic,[63rd_WaterTempDrop_85],[1.0000],1,1,1.0000,[[63rdStreetBeach201506270500_Water_Temperature]]
2025-10-15 19:14:02.181,60.771,Montrose_WaterTempDrop_85,atomic,[Montrose_WaterTempDrop_85],[1.0000],1,1,1.0000,[[MontroseBeach201506270500_Water_Temperature]]
2025-10-15 19:14:02.181,60.771,Montrose_HighWave_85,atomic,[Montrose_HighWave_85],[1.0000],1,1,1.0000,[[MontroseBeach201506270500_Wave_Height]]
2025-10-15 19:14:02.240,60.830,Calumet_WaterTempDrop_85,atomic,[Calumet_WaterTempDrop_85],[0.9625],1,1,0.9625,[[CalumetBeach201506270600_Water_Temperature]]
2025-10-15 19:14:02.241,60.831,Montrose_WaterTempDrop_85,atomic,[Montrose_WaterTempDrop_85],[0.9516],1,1,0.9516,[[MontroseBeach201506270600_Water_Temperature]]
2025-10-15 19:14:02.242,60.832,63rd_WaterTempDrop_85,atomic,[63rd_WaterTempDrop_85],[0.9673],1,1,0.9673,[[63rdStreetBeach201506270600_Water_Temperature]]
2025-10-15 19:14:02.305,60.895,63rd_WaterTempDrop_85,atomic,[63rd_WaterTempDrop_85],[0.9633],1,1,0.9633,[[63rdStreetBeach201506270700_Water_Temperature]]
2025-10-15 19:14:02.306,60.896,Montrose_WaterTempDrop_85,atomic,[Montrose_WaterTempDrop_85],[1.0000],1,1,1.0000,[[MontroseBeach201506270700_Water_Temperature]]
2025-10-15 19:14:02.306,60.896,Montrose_HighWave_85,atomic,[Montrose_HighWave_85],[1.0000],1,1,1.0000,[[MontroseBeach201506270700_Wave_Height]]
2025-10-15 19:14:02.306,60.896,Calumet_WaterTempDrop_85,atomic,[Calumet_WaterTempDrop_85],[1.0000],1,1,1.0000,[[CalumetBeach201506270700_Water_Temperature]]
2025-10-15 19:14:02.368,60.958,Calumet_WaterTempDrop_85,atomic,[Calumet_WaterTempDrop_85],[1.0000],1,1,1.0000,[[CalumetBeach201506270800_Water_Temperature]]
2025-10-15 19:14:02.369,60.959,Montrose_HighWave_85,atomic,[Montrose_HighWave_85],[0.8730],1,1,0.8730,[[MontroseBeach201506270800_Wave_Height]]
2025-10-15 19:14:02.369,60.959,63rd_WaterTempDrop_85,atomic,[63rd_WaterTempDrop_85],[1.0000],1,1,1.0000,[[63rdStreetBeach201506270800_Water_Temperature]]
2025-10-15 19:14:02.369,60.959,Montrose_WaterTempDrop_85,atomic,[Montrose_WaterTempDrop_85],[1.0000],1,1,1.0000,[[MontroseBeach201506270800_Water_Temperature]]
2025-10-15 19:14:02.430,61.020,Montrose_WaterTempDrop_85,atomic,[Montrose_WaterTempDrop_85],[0.9577],1,1,0.9577,[[MontroseBeach201506270900_Water_Temperature]]
2025-10-15 19:14:02.430,61.020,63rd_WaterTempDrop_85,atomic,[63rd_WaterTempDrop_85],[1.0000],1,1,1.0000,[[63rdStreetBeach201506270900_Water_Temperature]]
2025-10-15 19:14:02.431,61.021,Calumet_WaterTempDrop_85,atomic,[Calumet_WaterTempDrop_85],[1.0000],1,1,1.0000,[[CalumetBeach201506270900_Water_Temperature]]
2025-10-15 19:14:02.491,61.081,Montrose_WaterTempDrop_85,atomic,[Montrose_WaterTempDrop_85],[0.9530],1,1,0.9530,[[MontroseBeach201506271000_Water_Temperature]]
2025-10-15 19:14:02.491,61.081,Calumet_WaterTempDrop_85,atomic,[Calumet_WaterTempDrop_85],[1.0000],1,1,1.0000,[[CalumetBeach201506271000_Water_Temperature]]
2025-10-15 19:14:02.494,61.084,63rd_WaterTempDrop_85,atomic,[63rd_WaterTempDrop_85],[1.0000],1,1,1.0000,[[63rdStreetBeach201506271000_Water_Temperature]]
2025-10-15 19:14:02.495,61.085,Montrose_HighWave_85,atomic,[Montrose_HighWave_85],[1.0000],1,1,1.0000,[[MontroseBeach201506271000_Wave_Height]]
2025-10-15 19:14:02.553,61.143,Calumet_WaterTempDrop_85,atomic,[Calumet_WaterTempDrop_85],[0.9667],1,1,0.9667,[[CalumetBeach201506271100_Water_Temperature]]
2025-10-15 19:14:02.554,61.144,Montrose_WaterTempDrop_85,atomic,[Montrose_WaterTempDrop_85],[0.9479],1,1,0.9479,[[MontroseBeach201506271100_Water_Temperature]]
2025-10-15 19:14:02.555,61.145,63rd_WaterTempDrop_85,atomic,[63rd_WaterTempDrop_85],[0.9656],1,1,0.9656,[[63rdStreetBeach201506271100_Water_Temperature]]
2025-10-15 19:14:02.556,61.146,Montrose_HighWave_85,atomic,[Montrose_HighWave_85],[1.0000],1,1,1.0000,[[MontroseBeach201506271100_Wave_Height]]
2025-10-15 19:14:02.619,61.209,Montrose_HighWave_85,atomic,[Montrose_HighWave_85],[0.8672],1,1,0.8672,[[MontroseBeach201506271200_Wave_Height]]
2025-10-15 19:14:02.619,61.209,Calumet_WaterTempDrop_85,atomic,[Calumet_WaterTempDrop_85],[0.9626],1,1,0.9626,[[CalumetBeach201506271200_Water_Temperature]]
2025-10-15 19:14:02.619,61.209,Montrose_WaterTempDrop_85,atomic,[Montrose_WaterTempDrop_85],[1.0000],1,1,1.0000,[[MontroseBeach201506271200_Water_Temperature]]
2025-10-15 19:14:02.681,61.271,Montrose_WaterTempDrop_85,atomic,[Montrose_WaterTempDrop_85],[1.0000],1,1,1.0000,[[MontroseBeach201506271300_Water_Temperature]]
2025-10-15 19:14:02.681,61.271,Montrose_HighWave_85,atomic,[Montrose_HighWave_85],[1.0000],1,1,1.0000,[[MontroseBeach201506271300_Wave_Height]]
2025-10-15 19:14:02.682,61.272,Calumet_WaterTempDrop_85,atomic,[Calumet_WaterTempDrop_85],[1.0000],1,1,1.0000,[[CalumetBeach201506271300_Water_Temperature]]
2025-10-15 19:14:02.746,61.336,63rd_WaterTempDrop_85,atomic,[63rd_WaterTempDrop_85],[1.0000],1,1,1.0000,[[63rdStreetBeach201506271400_Water_Temperature]]
2025-10-15 19:14:02.748,61.338,Montrose_WaterTempDrop_85,atomic,[Montrose_WaterTempDrop_85],[1.0000],1,1,1.0000,[[MontroseBeach201506271400_Water_Temperature]]
2025-10-15 19:14:02.749,61.339,Montrose_HighWave_85,atomic,[Montrose_HighWave_85],[1.0000],1,1,1.0000,[[MontroseBeach201506271400_Wave_Height]]
2025-10-15 19:14:02.749,61.339,Calumet_WaterTempDrop_85,atomic,[Calumet_WaterTempDrop_85],[1.0000],1,1,1.0000,[[CalumetBeach201506271400_Water_Temperature]]
2025-10-15 19:14:02.807,61.397,Montrose_HighWave_85,atomic,[Montrose_HighWave_85],[0.8735],1,1,0.8735,[[MontroseBeach201506271500_Wave_Height]]
2025-10-15 19:14:02.807,61.397,Montrose_WaterTempDrop_85,atomic,[Montrose_WaterTempDrop_85],[1.0000],1,1,1.0000,[[MontroseBeach201506271500_Water_Temperature]]
2025-10-15 19:14:02.810,61.400,Calumet_WaterTempDrop_85,atomic,[Calumet_WaterTempDrop_85],[1.0000],1,1,1.0000,[[CalumetBeach201506271500_Water_Temperature]]
2025-10-15 19:14:02.810,61.400,63rd_WaterTempDrop_85,atomic,[63rd_WaterTempDrop_85],[1.0000],1,1,1.0000,[[63rdStreetBeach201506271500_Water_Temperature]]
2025-10-15 19:14:02.869,61.459,Montrose_WaterTempDrop_85,atomic,[Montrose_WaterTempDrop_85],[0.9629],1,1,0.9629,[[MontroseBeach201506271600_Water_Temperature]]
2025-10-15 19:14:02.872,61.462,Calumet_WaterTempDrop_85,atomic,[Calumet_WaterTempDrop_85],[1.0000],1,1,1.0000,[[CalumetBeach201506271600_Water_Temperature]]
2025-10-15 19:14:02.873,61.463,63rd_WaterTempDrop_85,atomic,[63rd_WaterTempDrop_85],[1.0000],1,1,1.0000,[[63rdStreetBeach201506271600_Water_Temperature]]
2025-10-15 19:14:02.933,61.523,63rd_WaterTempDrop_85,atomic,[63rd_WaterTempDrop_85],[0.9670],1,1,0.9670,[[63rdStreetBeach201506271700_Water_Temperature]]
2025-10-15 19:14:02.934,61.524,Calumet_WaterTempDrop_85,atomic,[Calumet_WaterTempDrop_85],[0.9669],1,1,0.9669,[[CalumetBeach201506271700_Water_Temperature]]
2025-10-15 19:14:02.935,61.525,Montrose_WaterTempDrop_85,atomic,[Montrose_WaterTempDrop_85],[1.0000],1,1,1.0000,[[MontroseBeach201506271700_Water_Temperature]]
2025-10-15 19:14:02.998,61.588,Montrose_WaterTempDrop_85,atomic,[Montrose_WaterTempDrop_85],[1.0000],1,1,1.0000,[[MontroseBeach201506271800_Water_Temperature]]
2025-10-15 19:14:02.998,61.588,Montrose_HighWave_85,atomic,[Montrose_HighWave_85],[1.0000],1,1,1.0000,[[MontroseBeach201506271800_Wave_Height]]
2025-10-15 19:14:02.999,61.589,Calumet_WaterTempDrop_85,atomic,[Calumet_WaterTempDrop_85],[1.0000],1,1,1.0000,[[CalumetBeach201506271800_Water_Temperature]]
2025-10-15 19:14:02.999,61.589,63rd_WaterTempDrop_85,atomic,[63rd_WaterTempDrop_85],[1.0000],1,1,1.0000,[[63rdStreetBeach201506271800_Water_Temperature]]
2025-10-15 19:14:03.059,61.649,Calumet_WaterTempDrop_85,atomic,[Calumet_WaterTempDrop_85],[0.9649],1,1,0.9649,[[CalumetBeach201506271900_Water_Temperature]]
2025-10-15 19:14:03.061,61.651,63rd_WaterTempDrop_85,atomic,[63rd_WaterTempDrop_85],[1.0000],1,1,1.0000,[[63rdStreetBeach201506271900_Water_Temperature]]
2025-10-15 19:14:03.062,61.652,Montrose_WaterTempDrop_85,atomic,[Montrose_WaterTempDrop_85],[1.0000],1,1,1.0000,[[MontroseBeach201506271900_Water_Temperature]]
2025-10-15 19:14:03.123,61.713,63rd_WaterTempDrop_85,atomic,[63rd_WaterTempDrop_85],[1.0000],1,1,1.0000,[[63rdStreetBeach201506272000_Water_Temperature]]
2025-10-15 19:14:03.124,61.714,Calumet_WaterTempDrop_85,atomic,[Calumet_WaterTempDrop_85],[1.0000],1,1,1.0000,[[CalumetBeach201506272000_Water_Temperature]]
2025-10-15 19:14:03.125,61.715,Montrose_WaterTempDrop_85,atomic,[Montrose_WaterTempDrop_85],[1.0000],1,1,1.0000,[[MontroseBeach201506272000_Water_Temperature]]
2025-10-15 19:14:03.188,61.778,63rd_WaterTempDrop_85,atomic,[63rd_WaterTempDrop_85],[1.0000],1,1,1.0000,[[63rdStreetBeach201506272100_Water_Temperature]]
2025-10-15 19:14:03.188,61.778,Calumet_WaterTempDrop_85,atomic,[Calumet_WaterTempDrop_85],[1.0000],1,1,1.0000,[[CalumetBeach201506272100_Water_Temperature]]
2025-10-15 19:14:03.188,61.778,Montrose_WaterTempDrop_85,atomic,[Montrose_WaterTempDrop_85],[1.0000],1,1,1.0000,[[MontroseBeach201506272100_Water_Temperature]]
2025-10-15 19:14:03.252,61.842,63rd_WaterTempDrop_85,atomic,[63rd_WaterTempDrop_85],[1.0000],1,1,1.0000,[[63rdStreetBeach201506272200_Water_Temperature]]
2025-10-15 19:14:03.252,61.842,Montrose_WaterTempDrop_85,atomic,[Montrose_WaterTempDrop_85],[1.0000],1,1,1.0000,[[MontroseBeach201506272200_Water_Temperature]]
2025-10-15 19:14:03.252,61.842,Calumet_WaterTempDrop_85,atomic,[Calumet_WaterTempDrop_85],[1.0000],1,1,1.0000,[[CalumetBeach201506272200_Water_Temperature]]
2025-10-15 19:14:03.311,61.901,Montrose_WaterTempDrop_85,atomic,[Montrose_WaterTempDrop_85],[1.0000],1,1,1.0000,[[MontroseBeach201506272300_Water_Temperature]]
2025-10-15 19:14:03.311,61.901,63rd_WaterTempDrop_85,atomic,[63rd_WaterTempDrop_85],[1.0000],1,1,1.0000,[[63rdStreetBeach201506272300_Water_Temperature]]
2025-10-15 19:14:03.312,61.902,Calumet_WaterTempDrop_85,atomic,[Calumet_WaterTempDrop_85],[1.0000],1,1,1.0000,[[CalumetBeach201506272300_Water_Temperature]]
2025-10-15 19:14:03.382,61.972,Montrose_WaterTempDrop_85,atomic,[Montrose_WaterTempDrop_85],[0.9706],1,1,0.9706,[[MontroseBeach201506282400_Water_Temperature]]
2025-10-15 19:14:03.382,61.972,63rd_WaterTempDrop_85,atomic,[63rd_WaterTempDrop_85],[1.0000],1,1,1.0000,[[63rdStreetBeach201506282400_Water_Temperature]]
2025-10-15 19:14:03.387,61.977,Calumet_WaterTempDrop_85,atomic,[Calumet_WaterTempDrop_85],[1.0000],1,1,1.0000,[[CalumetBeach201506282400_Water_Temperature]]
2025-10-15 19:14:03.452,62.042,Montrose_WaterTempDrop_85,atomic,[Montrose_WaterTempDrop_85],[0.9671],1,1,0.9671,[[MontroseBeach201506280200_Water_Temperature]]
2025-10-15 19:14:03.454,62.044,63rd_WaterTempDrop_85,atomic,[63rd_WaterTempDrop_85],[1.0000],1,1,1.0000,[[63rdStreetBeach201506280200_Water_Temperature]]
2025-10-15 19:14:03.454,62.044,Calumet_WaterTempDrop_85,atomic,[Calumet_WaterTempDrop_85],[1.0000],1,1,1.0000,[[CalumetBeach201506280200_Water_Temperature]]
2025-10-15 19:14:03.517,62.107,Montrose_WaterTempDrop_85,atomic,[Montrose_WaterTempDrop_85],[0.9630],1,1,0.9630,[[MontroseBeach201506280300_Water_Temperature]]
2025-10-15 19:14:03.517,62.107,63rd_WaterTempDrop_85,atomic,[63rd_WaterTempDrop_85],[1.0000],1,1,1.0000,[[63rdStreetBeach201506280300_Water_Temperature]]
2025-10-15 19:14:03.518,62.108,Calumet_WaterTempDrop_85,atomic,[Calumet_WaterTempDrop_85],[1.0000],1,1,1.0000,[[CalumetBeach201506280300_Water_Temperature]]
2025-10-15 19:14:03.576,62.166,63rd_WaterTempDrop_85,atomic,[63rd_WaterTempDrop_85],[0.9718],1,1,0.9718,[[63rdStreetBeach201506280400_Water_Temperature]]
2025-10-15 19:14:03.578,62.168,Calumet_WaterTempDrop_85,atomic,[Calumet_WaterTempDrop_85],[0.9705],1,1,0.9705,[[CalumetBeach201506280400_Water_Temperature]]
2025-10-15 19:14:03.579,62.169,Montrose_WaterTempDrop_85,atomic,[Montrose_WaterTempDrop_85],[0.9586],1,1,0.9586,[[MontroseBeach201506280400_Water_Temperature]]
2025-10-15 19:14:03.644,62.234,63rd_WaterTempDrop_85,atomic,[63rd_WaterTempDrop_85],[1.0000],1,1,1.0000,[[63rdStreetBeach201506280500_Water_Temperature]]
2025-10-15 19:14:03.645,62.235,Calumet_WaterTempDrop_85,atomic,[Calumet_WaterTempDrop_85],[1.0000],1,1,1.0000,[[CalumetBeach201506280500_Water_Temperature]]
2025-10-15 19:14:03.645,62.235,Montrose_WaterTempDrop_85,atomic,[Montrose_WaterTempDrop_85],[1.0000],1,1,1.0000,[[MontroseBeach201506280500_Water_Temperature]]
2025-10-15 19:14:03.704,62.294,63rd_WaterTempDrop_85,atomic,[63rd_WaterTempDrop_85],[1.0000],1,1,1.0000,[[63rdStreetBeach201506280600_Water_Temperature]]
2025-10-15 19:14:03.706,62.296,Montrose_WaterTempDrop_85,atomic,[Montrose_WaterTempDrop_85],[1.0000],1,1,1.0000,[[MontroseBeach201506280600_Water_Temperature]]
2025-10-15 19:14:03.706,62.296,Calumet_WaterTempDrop_85,atomic,[Calumet_WaterTempDrop_85],[1.0000],1,1,1.0000,[[CalumetBeach201506280600_Water_Temperature]]
2025-10-15 19:14:03.766,62.356,Montrose_WaterTempDrop_85,atomic,[Montrose_WaterTempDrop_85],[0.9610],1,1,0.9610,[[MontroseBeach201506280700_Water_Temperature]]
2025-10-15 19:14:03.769,62.359,Calumet_WaterTempDrop_85,atomic,[Calumet_WaterTempDrop_85],[0.9690],1,1,0.9690,[[CalumetBeach201506280700_Water_Temperature]]
2025-10-15 19:14:03.769,62.359,63rd_WaterTempDrop_85,atomic,[63rd_WaterTempDrop_85],[1.0000],1,1,1.0000,[[63rdStreetBeach201506280700_Water_Temperature]]
2025-10-15 19:14:03.829,62.419,63rd_WaterTempDrop_85,atomic,[63rd_WaterTempDrop_85],[1.0000],1,1,1.0000,[[63rdStreetBeach201506280800_Water_Temperature]]
2025-10-15 19:14:03.830,62.420,Calumet_WaterTempDrop_85,atomic,[Calumet_WaterTempDrop_85],[1.0000],1,1,1.0000,[[CalumetBeach201506280800_Water_Temperature]]
2025-10-15 19:14:03.831,62.421,Montrose_WaterTempDrop_85,atomic,[Montrose_WaterTempDrop_85],[1.0000],1,1,1.0000,[[MontroseBeach201506280800_Water_Temperature]]
2025-10-15 19:14:03.889,62.479,Montrose_WaterTempDrop_85,atomic,[Montrose_WaterTempDrop_85],[0.9599],1,1,0.9599,[[MontroseBeach201506280900_Water_Temperature]]
2025-10-15 19:14:03.892,62.482,Calumet_WaterTempDrop_85,atomic,[Calumet_WaterTempDrop_85],[1.0000],1,1,1.0000,[[CalumetBeach201506280900_Water_Temperature]]
2025-10-15 19:14:03.894,62.484,63rd_WaterTempDrop_85,atomic,[63rd_WaterTempDrop_85],[1.0000],1,1,1.0000,[[63rdStreetBeach201506280900_Water_Temperature]]
2025-10-15 19:14:03.953,62.543,Montrose_WaterTempDrop_85,atomic,[Montrose_WaterTempDrop_85],[0.9552],1,1,0.9552,[[MontroseBeach201506281000_Water_Temperature]]
2025-10-15 19:14:03.956,62.546,63rd_WaterTempDrop_85,atomic,[63rd_WaterTempDrop_85],[1.0000],1,1,1.0000,[[63rdStreetBeach201506281000_Water_Temperature]]
2025-10-15 19:14:03.958,62.548,Calumet_WaterTempDrop_85,atomic,[Calumet_WaterTempDrop_85],[1.0000],1,1,1.0000,[[CalumetBeach201506281000_Water_Temperature]]
2025-10-15 19:14:04.015,62.605,63rd_WaterTempDrop_85,atomic,[63rd_WaterTempDrop_85],[0.9717],1,1,0.9717,[[63rdStreetBeach201506281100_Water_Temperature]]
2025-10-15 19:14:04.015,62.605,Montrose_WaterTempDrop_85,atomic,[Montrose_WaterTempDrop_85],[0.9499],1,1,0.9499,[[MontroseBeach201506281100_Water_Temperature]]
2025-10-15 19:14:04.017,62.607,Calumet_WaterTempDrop_85,atomic,[Calumet_WaterTempDrop_85],[1.0000],1,1,1.0000,[[CalumetBeach201506281100_Water_Temperature]]
2025-10-15 19:14:04.077,62.667,Calumet_WaterTempDrop_85,atomic,[Calumet_WaterTempDrop_85],[0.9696],1,1,0.9696,[[CalumetBeach201506281200_Water_Temperature]]
2025-10-15 19:14:04.078,62.668,Montrose_WaterTempDrop_85,atomic,[Montrose_WaterTempDrop_85],[1.0000],1,1,1.0000,[[MontroseBeach201506281200_Water_Temperature]]
2025-10-15 19:14:04.079,62.669,63rd_WaterTempDrop_85,atomic,[63rd_WaterTempDrop_85],[1.0000],1,1,1.0000,[[63rdStreetBeach201506281200_Water_Temperature]]
2025-10-15 19:14:04.139,62.729,63rd_WaterTempDrop_85,atomic,[63rd_WaterTempDrop_85],[0.9689],1,1,0.9689,[[63rdStreetBeach201506281300_Water_Temperature]]
2025-10-15 19:14:04.139,62.729,Calumet_WaterTempDrop_85,atomic,[Calumet_WaterTempDrop_85],[0.9658],1,1,0.9658,[[CalumetBeach201506281300_Water_Temperature]]
2025-10-15 19:14:04.141,62.731,Montrose_WaterTempDrop_85,atomic,[Montrose_WaterTempDrop_85],[0.9513],1,1,0.9513,[[MontroseBeach201506281300_Water_Temperature]]
2025-10-15 19:14:04.202,62.792,Montrose_WaterTempDrop_85,atomic,[Montrose_WaterTempDrop_85],[1.0000],1,1,1.0000,[[MontroseBeach201506281400_Water_Temperature]]
2025-10-15 19:14:04.203,62.793,Calumet_WaterTempDrop_85,atomic,[Calumet_WaterTempDrop_85],[1.0000],1,1,1.0000,[[CalumetBeach201506281400_Water_Temperature]]
2025-10-15 19:14:04.205,62.795,63rd_WaterTempDrop_85,atomic,[63rd_WaterTempDrop_85],[1.0000],1,1,1.0000,[[63rdStreetBeach201506281400_Water_Temperature]]
2025-10-15 19:14:04.264,62.854,Calumet_WaterTempDrop_85,atomic,[Calumet_WaterTempDrop_85],[0.9637],1,1,0.9637,[[CalumetBeach201506281500_Water_Temperature]]
2025-10-15 19:14:04.265,62.855,Montrose_WaterTempDrop_85,atomic,[Montrose_WaterTempDrop_85],[1.0000],1,1,1.0000,[[MontroseBeach201506281500_Water_Temperature]]
2025-10-15 19:14:04.266,62.856,63rd_WaterTempDrop_85,atomic,[63rd_WaterTempDrop_85],[1.0000],1,1,1.0000,[[63rdStreetBeach201506281500_Water_Temperature]]
2025-10-15 19:14:04.325,62.915,Calumet_WaterTempDrop_85,atomic,[Calumet_WaterTempDrop_85],[0.9593],1,1,0.9593,[[CalumetBeach201506281600_Water_Temperature]]
2025-10-15 19:14:04.326,62.916,Montrose_WaterTempDrop_85,atomic,[Montrose_WaterTempDrop_85],[1.0000],1,1,1.0000,[[MontroseBeach201506281600_Water_Temperature]]
2025-10-15 19:14:04.330,62.920,63rd_WaterTempDrop_85,atomic,[63rd_WaterTempDrop_85],[1.0000],1,1,1.0000,[[63rdStreetBeach201506281600_Water_Temperature]]
2025-10-15 19:14:04.391,62.981,Montrose_WaterTempDrop_85,atomic,[Montrose_WaterTempDrop_85],[1.0000],1,1,1.0000,[[MontroseBeach201506281700_Water_Temperature]]
2025-10-15 19:14:04.392,62.982,63rd_WaterTempDrop_85,atomic,[63rd_WaterTempDrop_85],[1.0000],1,1,1.0000,[[63rdStreetBeach201506281700_Water_Temperature]]
2025-10-15 19:14:04.393,62.983,Calumet_WaterTempDrop_85,atomic,[Calumet_WaterTempDrop_85],[1.0000],1,1,1.0000,[[CalumetBeach201506281700_Water_Temperature]]
2025-10-15 19:14:04.454,63.044,Calumet_WaterTempDrop_85,atomic,[Calumet_WaterTempDrop_85],[1.0000],1,1,1.0000,[[CalumetBeach201506281800_Water_Temperature]]
2025-10-15 19:14:04.455,63.045,63rd_WaterTempDrop_85,atomic,[63rd_WaterTempDrop_85],[1.0000],1,1,1.0000,[[63rdStreetBeach201506281800_Water_Temperature]]
2025-10-15 19:14:04.455,63.045,Montrose_WaterTempDrop_85,atomic,[Montrose_WaterTempDrop_85],[1.0000],1,1,1.0000,[[MontroseBeach201506281800_Water_Temperature]]
2025-10-15 19:14:04.513,63.103,63rd_WaterTempDrop_85,atomic,[63rd_WaterTempDrop_85],[0.9700],1,1,0.9700,[[63rdStreetBeach201506281900_Water_Temperature]]
2025-10-15 19:14:04.515,63.105,Montrose_WaterTempDrop_85,atomic,[Montrose_WaterTempDrop_85],[0.9654],1,1,0.9654,[[MontroseBeach201506281900_Water_Temperature]]
2025-10-15 19:14:04.516,63.106,Calumet_WaterTempDrop_85,atomic,[Calumet_WaterTempDrop_85],[1.0000],1,1,1.0000,[[CalumetBeach201506281900_Water_Temperature]]
2025-10-15 19:14:04.577,63.167,Calumet_WaterTempDrop_85,atomic,[Calumet_WaterTempDrop_85],[0.9637],1,1,0.9637,[[CalumetBeach201506282000_Water_Temperature]]
2025-10-15 19:14:04.578,63.168,Montrose_WaterTempDrop_85,atomic,[Montrose_WaterTempDrop_85],[1.0000],1,1,1.0000,[[MontroseBeach201506282000_Water_Temperature]]
2025-10-15 19:14:04.579,63.169,63rd_WaterTempDrop_85,atomic,[63rd_WaterTempDrop_85],[1.0000],1,1,1.0000,[[63rdStreetBeach201506282000_Water_Temperature]]
2025-10-15 19:14:04.639,63.229,63rd_WaterTempDrop_85,atomic,[63rd_WaterTempDrop_85],[0.9675],1,1,0.9675,[[63rdStreetBeach201506282100_Water_Temperature]]
2025-10-15 19:14:04.640,63.230,Montrose_WaterTempDrop_85,atomic,[Montrose_WaterTempDrop_85],[1.0000],1,1,1.0000,[[MontroseBeach201506282100_Water_Temperature]]
2025-10-15 19:14:04.641,63.231,Calumet_WaterTempDrop_85,atomic,[Calumet_WaterTempDrop_85],[1.0000],1,1,1.0000,[[CalumetBeach201506282100_Water_Temperature]]
2025-10-15 19:14:04.700,63.290,Montrose_WaterTempDrop_85,atomic,[Montrose_WaterTempDrop_85],[0.9657],1,1,0.9657,[[MontroseBeach201506282200_Water_Temperature]]
2025-10-15 19:14:04.702,63.292,Calumet_WaterTempDrop_85,atomic,[Calumet_WaterTempDrop_85],[1.0000],1,1,1.0000,[[CalumetBeach201506282200_Water_Temperature]]
2025-10-15 19:14:04.703,63.293,63rd_WaterTempDrop_85,atomic,[63rd_WaterTempDrop_85],[1.0000],1,1,1.0000,[[63rdStreetBeach201506282200_Water_Temperature]]
2025-10-15 19:14:04.768,63.358,Calumet_WaterTempDrop_85,atomic,[Calumet_WaterTempDrop_85],[0.9644],1,1,0.9644,[[CalumetBeach201506282300_Water_Temperature]]
2025-10-15 19:14:04.772,63.362,63rd_WaterTempDrop_85,atomic,[63rd_WaterTempDrop_85],[1.0000],1,1,1.0000,[[63rdStreetBeach201506282300_Water_Temperature]]
2025-10-15 19:14:04.772,63.362,Montrose_WaterTempDrop_85,atomic,[Montrose_WaterTempDrop_85],[1.0000],1,1,1.0000,[[MontroseBeach201506282300_Water_Temperature]]
2025-10-15 19:14:04.826,63.416,63rd_WaterTempDrop_85,atomic,[63rd_WaterTempDrop_85],[1.0000],1,1,1.0000,[[63rdStreetBeach201506292400_Water_Temperature]]
2025-10-15 19:14:04.828,63.418,Montrose_WaterTempDrop_85,atomic,[Montrose_WaterTempDrop_85],[1.0000],1,1,1.0000,[[MontroseBeach201506292400_Water_Temperature]]
2025-10-15 19:14:04.828,63.418,Calumet_WaterTempDrop_85,atomic,[Calumet_WaterTempDrop_85],[1.0000],1,1,1.0000,[[CalumetBeach201506292400_Water_Temperature]]
2025-10-15 19:14:04.890,63.480,Montrose_WaterTempDrop_85,atomic,[Montrose_WaterTempDrop_85],[0.9658],1,1,0.9658,[[MontroseBeach201506290100_Water_Temperature]]
2025-10-15 19:14:04.891,63.481,63rd_WaterTempDrop_85,atomic,[63rd_WaterTempDrop_85],[1.0000],1,1,1.0000,[[63rdStreetBeach201506290100_Water_Temperature]]
2025-10-15 19:14:04.892,63.482,Calumet_WaterTempDrop_85,atomic,[Calumet_WaterTempDrop_85],[1.0000],1,1,1.0000,[[CalumetBeach201506290100_Water_Temperature]]
2025-10-15 19:14:04.952,63.542,Calumet_WaterTempDrop_85,atomic,[Calumet_WaterTempDrop_85],[1.0000],1,1,1.0000,[[CalumetBeach201506290200_Water_Temperature]]
2025-10-15 19:14:04.953,63.543,63rd_WaterTempDrop_85,atomic,[63rd_WaterTempDrop_85],[1.0000],1,1,1.0000,[[63rdStreetBeach201506290200_Water_Temperature]]
2025-10-15 19:14:04.954,63.544,Montrose_WaterTempDrop_85,atomic,[Montrose_WaterTempDrop_85],[1.0000],1,1,1.0000,[[MontroseBeach201506290200_Water_Temperature]]
2025-10-15 19:14:05.014,63.604,Calumet_WaterTempDrop_85,atomic,[Calumet_WaterTempDrop_85],[0.9665],1,1,0.9665,[[CalumetBeach201506290300_Water_Temperature]]
2025-10-15 19:14:05.018,63.608,Montrose_WaterTempDrop_85,atomic,[Montrose_WaterTempDrop_85],[1.0000],1,1,1.0000,[[MontroseBeach201506290300_Water_Temperature]]
2025-10-15 19:14:05.019,63.609,63rd_WaterTempDrop_85,atomic,[63rd_WaterTempDrop_85],[1.0000],1,1,1.0000,[[63rdStreetBeach201506290300_Water_Temperature]]
2025-10-15 19:14:05.075,63.665,Calumet_WaterTempDrop_85,atomic,[Calumet_WaterTempDrop_85],[0.9625],1,1,0.9625,[[CalumetBeach201506290400_Water_Temperature]]
2025-10-15 19:14:05.077,63.667,Montrose_WaterTempDrop_85,atomic,[Montrose_WaterTempDrop_85],[1.0000],1,1,1.0000,[[MontroseBeach201506290400_Water_Temperature]]
2025-10-15 19:14:05.078,63.668,63rd_WaterTempDrop_85,atomic,[63rd_WaterTempDrop_85],[1.0000],1,1,1.0000,[[63rdStreetBeach201506290400_Water_Temperature]]
2025-10-15 19:14:05.140,63.730,Calumet_WaterTempDrop_85,atomic,[Calumet_WaterTempDrop_85],[0.9581],1,1,0.9581,[[CalumetBeach201506290500_Water_Temperature]]
2025-10-15 19:14:05.143,63.733,Montrose_WaterTempDrop_85,atomic,[Montrose_WaterTempDrop_85],[1.0000],1,1,1.0000,[[MontroseBeach201506290500_Water_Temperature]]
2025-10-15 19:14:05.144,63.734,63rd_WaterTempDrop_85,atomic,[63rd_WaterTempDrop_85],[1.0000],1,1,1.0000,[[63rdStreetBeach201506290500_Water_Temperature]]
2025-10-15 19:14:05.201,63.791,Montrose_WaterTempDrop_85,atomic,[Montrose_WaterTempDrop_85],[1.0000],1,1,1.0000,[[MontroseBeach201506290600_Water_Temperature]]
2025-10-15 19:14:05.202,63.792,Calumet_WaterTempDrop_85,atomic,[Calumet_WaterTempDrop_85],[1.0000],1,1,1.0000,[[CalumetBeach201506290600_Water_Temperature]]
2025-10-15 19:14:05.202,63.792,63rd_WaterTempDrop_85,atomic,[63rd_WaterTempDrop_85],[1.0000],1,1,1.0000,[[63rdStreetBeach201506290600_Water_Temperature]]
2025-10-15 19:14:05.264,63.854,Calumet_WaterTempDrop_85,atomic,[Calumet_WaterTempDrop_85],[1.0000],1,1,1.0000,[[CalumetBeach201506290700_Water_Temperature]]
2025-10-15 19:14:05.264,63.854,63rd_WaterTempDrop_85,atomic,[63rd_WaterTempDrop_85],[1.0000],1,1,1.0000,[[63rdStreetBeach201506290700_Water_Temperature]]
2025-10-15 19:14:05.266,63.856,Montrose_WaterTempDrop_85,atomic,[Montrose_WaterTempDrop_85],[1.0000],1,1,1.0000,[[MontroseBeach201506290700_Water_Temperature]]
2025-10-15 19:14:05.325,63.915,63rd_WaterTempDrop_85,atomic,[63rd_WaterTempDrop_85],[1.0000],1,1,1.0000,[[63rdStreetBeach201506290800_Water_Temperature]]
2025-10-15 19:14:05.326,63.916,Montrose_WaterTempDrop_85,atomic,[Montrose_WaterTempDrop_85],[1.0000],1,1,1.0000,[[MontroseBeach201506290800_Water_Temperature]]
2025-10-15 19:14:05.327,63.917,Calumet_WaterTempDrop_85,atomic,[Calumet_WaterTempDrop_85],[1.0000],1,1,1.0000,[[CalumetBeach201506290800_Water_Temperature]]
2025-10-15 19:14:05.389,63.979,Montrose_WaterTempDrop_85,atomic,[Montrose_WaterTempDrop_85],[0.9707],1,1,0.9707,[[MontroseBeach201506290900_Water_Temperature]]
2025-10-15 19:14:05.390,63.980,63rd_WaterTempDrop_85,atomic,[63rd_WaterTempDrop_85],[1.0000],1,1,1.0000,[[63rdStreetBeach201506290900_Water_Temperature]]
2025-10-15 19:14:05.392,63.982,Calumet_WaterTempDrop_85,atomic,[Calumet_WaterTempDrop_85],[1.0000],1,1,1.0000,[[CalumetBeach201506290900_Water_Temperature]]
2025-10-15 19:14:05.450,64.040,Montrose_WaterTempDrop_85,atomic,[Montrose_WaterTempDrop_85],[0.9670],1,1,0.9670,[[MontroseBeach201506291000_Water_Temperature]]
2025-10-15 19:14:05.451,64.041,Calumet_WaterTempDrop_85,atomic,[Calumet_WaterTempDrop_85],[0.9654],1,1,0.9654,[[CalumetBeach201506291000_Water_Temperature]]
2025-10-15 19:14:05.454,64.044,63rd_WaterTempDrop_85,atomic,[63rd_WaterTempDrop_85],[1.0000],1,1,1.0000,[[63rdStreetBeach201506291000_Water_Temperature]]
2025-10-15 19:14:05.514,64.104,Montrose_WaterTempDrop_85,atomic,[Montrose_WaterTempDrop_85],[1.0000],1,1,1.0000,[[MontroseBeach201506291100_Water_Temperature]]
2025-10-15 19:14:05.515,64.105,Calumet_WaterTempDrop_85,atomic,[Calumet_WaterTempDrop_85],[1.0000],1,1,1.0000,[[CalumetBeach201506291100_Water_Temperature]]
2025-10-15 19:14:05.517,64.107,63rd_WaterTempDrop_85,atomic,[63rd_WaterTempDrop_85],[1.0000],1,1,1.0000,[[63rdStreetBeach201506291100_Water_Temperature]]
2025-10-15 19:14:05.576,64.166,63rd_WaterTempDrop_85,atomic,[63rd_WaterTempDrop_85],[0.9729],1,1,0.9729,[[63rdStreetBeach201506291200_Water_Temperature]]
2025-10-15 19:14:05.577,64.167,Montrose_WaterTempDrop_85,atomic,[Montrose_WaterTempDrop_85],[1.0000],1,1,1.0000,[[MontroseBeach201506291200_Water_Temperature]]
2025-10-15 19:14:05.579,64.169,Calumet_WaterTempDrop_85,atomic,[Calumet_WaterTempDrop_85],[1.0000],1,1,1.0000,[[CalumetBeach201506291200_Water_Temperature]]
2025-10-15 19:14:05.640,64.230,Montrose_WaterTempDrop_85,atomic,[Montrose_WaterTempDrop_85],[0.9663],1,1,0.9663,[[MontroseBeach201506291300_Water_Temperature]]
2025-10-15 19:14:05.641,64.231,63rd_WaterTempDrop_85,atomic,[63rd_WaterTempDrop_85],[1.0000],1,1,1.0000,[[63rdStreetBeach201506291300_Water_Temperature]]
2025-10-15 19:14:05.642,64.232,Calumet_WaterTempDrop_85,atomic,[Calumet_WaterTempDrop_85],[1.0000],1,1,1.0000,[[CalumetBeach201506291300_Water_Temperature]]
2025-10-15 19:14:05.705,64.295,Montrose_WaterTempDrop_85,atomic,[Montrose_WaterTempDrop_85],[1.0000],1,1,1.0000,[[MontroseBeach201506291400_Water_Temperature]]
2025-10-15 19:14:05.706,64.296,Calumet_WaterTempDrop_85,atomic,[Calumet_WaterTempDrop_85],[1.0000],1,1,1.0000,[[CalumetBeach201506291400_Water_Temperature]]
2025-10-15 19:14:05.706,64.296,63rd_WaterTempDrop_85,atomic,[63rd_WaterTempDrop_85],[1.0000],1,1,1.0000,[[63rdStreetBeach201506291400_Water_Temperature]]
2025-10-15 19:14:05.769,64.359,63rd_WaterTempDrop_85,atomic,[63rd_WaterTempDrop_85],[0.9705],1,1,0.9705,[[63rdStreetBeach201506291500_Water_Temperature]]
2025-10-15 19:14:05.772,64.362,Calumet_WaterTempDrop_85,atomic,[Calumet_WaterTempDrop_85],[1.0000],1,1,1.0000,[[CalumetBeach201506291500_Water_Temperature]]
2025-10-15 19:14:05.773,64.363,Montrose_WaterTempDrop_85,atomic,[Montrose_WaterTempDrop_85],[1.0000],1,1,1.0000,[[MontroseBeach201506291500_Water_Temperature]]
2025-10-15 19:14:05.831,64.421,63rd_WaterTempDrop_85,atomic,[63rd_WaterTempDrop_85],[1.0000],1,1,1.0000,[[63rdStreetBeach201506291600_Water_Temperature]]
2025-10-15 19:14:05.832,64.422,Montrose_WaterTempDrop_85,atomic,[Montrose_WaterTempDrop_85],[1.0000],1,1,1.0000,[[MontroseBeach201506291600_Water_Temperature]]
2025-10-15 19:14:05.834,64.424,Calumet_WaterTempDrop_85,atomic,[Calumet_WaterTempDrop_85],[1.0000],1,1,1.0000,[[CalumetBeach201506291600_Water_Temperature]]
2025-10-15 19:14:05.896,64.486,Calumet_WaterTempDrop_85,atomic,[Calumet_WaterTempDrop_85],[0.9702],1,1,0.9702,[[CalumetBeach201506291700_Water_Temperature]]
2025-10-15 19:14:05.897,64.487,63rd_WaterTempDrop_85,atomic,[63rd_WaterTempDrop_85],[1.0000],1,1,1.0000,[[63rdStreetBeach201506291700_Water_Temperature]]
2025-10-15 19:14:05.899,64.489,Montrose_WaterTempDrop_85,atomic,[Montrose_WaterTempDrop_85],[1.0000],1,1,1.0000,[[MontroseBeach201506291700_Water_Temperature]]
2025-10-15 19:14:05.959,64.549,Montrose_WaterTempDrop_85,atomic,[Montrose_WaterTempDrop_85],[0.9683],1,1,0.9683,[[MontroseBeach201506291800_Water_Temperature]]
2025-10-15 19:14:05.959,64.549,63rd_WaterTempDrop_85,atomic,[63rd_WaterTempDrop_85],[1.0000],1,1,1.0000,[[63rdStreetBeach201506291800_Water_Temperature]]
2025-10-15 19:14:05.960,64.550,Calumet_WaterTempDrop_85,atomic,[Calumet_WaterTempDrop_85],[1.0000],1,1,1.0000,[[CalumetBeach201506291800_Water_Temperature]]
2025-10-15 19:14:06.022,64.612,Montrose_WaterTempDrop_85,atomic,[Montrose_WaterTempDrop_85],[0.9643],1,1,0.9643,[[MontroseBeach201506291900_Water_Temperature]]
2025-10-15 19:14:06.022,64.612,Calumet_WaterTempDrop_85,atomic,[Calumet_WaterTempDrop_85],[1.0000],1,1,1.0000,[[CalumetBeach201506291900_Water_Temperature]]
2025-10-15 19:14:06.023,64.613,63rd_WaterTempDrop_85,atomic,[63rd_WaterTempDrop_85],[0.9695],1,1,0.9695,[[63rdStreetBeach201506291900_Water_Temperature]]
2025-10-15 19:14:06.084,64.674,Montrose_WaterTempDrop_85,atomic,[Montrose_WaterTempDrop_85],[1.0000],1,1,1.0000,[[MontroseBeach201506292000_Water_Temperature]]
2025-10-15 19:14:06.086,64.676,Calumet_WaterTempDrop_85,atomic,[Calumet_WaterTempDrop_85],[1.0000],1,1,1.0000,[[CalumetBeach201506292000_Water_Temperature]]
2025-10-15 19:14:06.087,64.677,63rd_WaterTempDrop_85,atomic,[63rd_WaterTempDrop_85],[1.0000],1,1,1.0000,[[63rdStreetBeach201506292000_Water_Temperature]]
2025-10-15 19:14:06.149,64.739,Calumet_WaterTempDrop_85,atomic,[Calumet_WaterTempDrop_85],[1.0000],1,1,1.0000,[[CalumetBeach201506292100_Water_Temperature]]
2025-10-15 19:14:06.149,64.739,Montrose_WaterTempDrop_85,atomic,[Montrose_WaterTempDrop_85],[1.0000],1,1,1.0000,[[MontroseBeach201506292100_Water_Temperature]]
2025-10-15 19:14:06.152,64.742,63rd_WaterTempDrop_85,atomic,[63rd_WaterTempDrop_85],[1.0000],1,1,1.0000,[[63rdStreetBeach201506292100_Water_Temperature]]
2025-10-15 19:14:06.210,64.800,Calumet_WaterTempDrop_85,atomic,[Calumet_WaterTempDrop_85],[0.9703],1,1,0.9703,[[CalumetBeach201506292200_Water_Temperature]]
2025-10-15 19:14:06.211,64.801,Montrose_WaterTempDrop_85,atomic,[Montrose_WaterTempDrop_85],[1.0000],1,1,1.0000,[[MontroseBeach201506292200_Water_Temperature]]
2025-10-15 19:14:06.212,64.802,63rd_WaterTempDrop_85,atomic,[63rd_WaterTempDrop_85],[1.0000],1,1,1.0000,[[63rdStreetBeach201506292200_Water_Temperature]]
2025-10-15 19:14:06.276,64.866,63rd_WaterTempDrop_85,atomic,[63rd_WaterTempDrop_85],[0.9690],1,1,0.9690,[[63rdStreetBeach201506292300_Water_Temperature]]
2025-10-15 19:14:06.277,64.867,Calumet_WaterTempDrop_85,atomic,[Calumet_WaterTempDrop_85],[1.0000],1,1,1.0000,[[CalumetBeach201506292300_Water_Temperature]]
2025-10-15 19:14:06.279,64.869,Montrose_WaterTempDrop_85,atomic,[Montrose_WaterTempDrop_85],[1.0000],1,1,1.0000,[[MontroseBeach201506292300_Water_Temperature]]
2025-10-15 19:14:06.336,64.926,63rd_WaterTempDrop_85,atomic,[63rd_WaterTempDrop_85],[0.9651],1,1,0.9651,[[63rdStreetBeach201506302400_Water_Temperature]]
2025-10-15 19:14:06.337,64.927,Montrose_WaterTempDrop_85,atomic,[Montrose_WaterTempDrop_85],[1.0000],1,1,1.0000,[[MontroseBeach201506302400_Water_Temperature]]
2025-10-15 19:14:06.338,64.928,Calumet_WaterTempDrop_85,atomic,[Calumet_WaterTempDrop_85],[0.9678],1,1,0.9678,[[CalumetBeach201506302400_Water_Temperature]]
2025-10-15 19:14:06.401,64.991,63rd_WaterTempDrop_85,atomic,[63rd_WaterTempDrop_85],[0.9608],1,1,0.9608,[[63rdStreetBeach201506300100_Water_Temperature]]
2025-10-15 19:14:06.402,64.992,Montrose_WaterTempDrop_85,atomic,[Montrose_WaterTempDrop_85],[1.0000],1,1,1.0000,[[MontroseBeach201506300100_Water_Temperature]]
2025-10-15 19:14:06.403,64.993,Calumet_WaterTempDrop_85,atomic,[Calumet_WaterTempDrop_85],[1.0000],1,1,1.0000,[[CalumetBeach201506300100_Water_Temperature]]
2025-10-15 19:14:06.464,65.054,63rd_WaterTempDrop_85,atomic,[63rd_WaterTempDrop_85],[0.9560],1,1,0.9560,[[63rdStreetBeach201506300200_Water_Temperature]]
2025-10-15 19:14:06.465,65.055,Montrose_WaterTempDrop_85,atomic,[Montrose_WaterTempDrop_85],[0.9694],1,1,0.9694,[[MontroseBeach201506300200_Water_Temperature]]
2025-10-15 19:14:06.466,65.056,Calumet_WaterTempDrop_85,atomic,[Calumet_WaterTempDrop_85],[1.0000],1,1,1.0000,[[CalumetBeach201506300200_Water_Temperature]]
2025-10-15 19:14:06.528,65.118,Calumet_WaterTempDrop_85,atomic,[Calumet_WaterTempDrop_85],[0.9669],1,1,0.9669,[[CalumetBeach201506300300_Water_Temperature]]
2025-10-15 19:14:06.528,65.118,Montrose_WaterTempDrop_85,atomic,[Montrose_WaterTempDrop_85],[0.9656],1,1,0.9656,[[MontroseBeach201506300300_Water_Temperature]]
2025-10-15 19:14:06.528,65.118,63rd_WaterTempDrop_85,atomic,[63rd_WaterTempDrop_85],[1.0000],1,1,1.0000,[[63rdStreetBeach201506300300_Water_Temperature]]
2025-10-15 19:14:06.588,65.178,Montrose_WaterTempDrop_85,atomic,[Montrose_WaterTempDrop_85],[0.9614],1,1,0.9614,[[MontroseBeach201506300400_Water_Temperature]]
2025-10-15 19:14:06.590,65.180,63rd_WaterTempDrop_85,atomic,[63rd_WaterTempDrop_85],[1.0000],1,1,1.0000,[[63rdStreetBeach201506300400_Water_Temperature]]
2025-10-15 19:14:06.654,65.244,Montrose_WaterTempDrop_85,atomic,[Montrose_WaterTempDrop_85],[0.9567],1,1,0.9567,[[MontroseBeach201506300500_Water_Temperature]]
2025-10-15 19:14:06.654,65.244,63rd_WaterTempDrop_85,atomic,[63rd_WaterTempDrop_85],[1.0000],1,1,1.0000,[[63rdStreetBeach201506300500_Water_Temperature]]
2025-10-15 19:14:06.714,65.304,Montrose_WaterTempDrop_85,atomic,[Montrose_WaterTempDrop_85],[0.9515],1,1,0.9515,[[MontroseBeach201506300600_Water_Temperature]]
2025-10-15 19:14:06.715,65.305,63rd_WaterTempDrop_85,atomic,[63rd_WaterTempDrop_85],[1.0000],1,1,1.0000,[[63rdStreetBeach201506300600_Water_Temperature]]
2025-10-15 19:14:06.777,65.367,Montrose_WaterTempDrop_85,atomic,[Montrose_WaterTempDrop_85],[0.9458],1,1,0.9458,[[MontroseBeach201506300700_Water_Temperature]]
2025-10-15 19:14:06.779,65.369,63rd_WaterTempDrop_85,atomic,[63rd_WaterTempDrop_85],[1.0000],1,1,1.0000,[[63rdStreetBeach201506300700_Water_Temperature]]
2025-10-15 19:14:06.858,65.448,Montrose_WaterTempDrop_85,atomic,[Montrose_WaterTempDrop_85],[1.0000],1,1,1.0000,[[MontroseBeach201506300800_Water_Temperature]]
2025-10-15 19:14:06.858,65.448,63rd_WaterTempDrop_85,atomic,[63rd_WaterTempDrop_85],[1.0000],1,1,1.0000,[[63rdStreetBeach201506300800_Water_Temperature]]
2025-10-15 19:14:06.903,65.493,63rd_WaterTempDrop_85,atomic,[63rd_WaterTempDrop_85],[0.9676],1,1,0.9676,[[63rdStreetBeach201506300900_Water_Temperature]]
2025-10-15 19:14:06.904,65.494,Montrose_WaterTempDrop_85,atomic,[Montrose_WaterTempDrop_85],[1.0000],1,1,1.0000,[[MontroseBeach201506300900_Water_Temperature]]
2025-10-15 19:14:06.965,65.555,Montrose_WaterTempDrop_85,atomic,[Montrose_WaterTempDrop_85],[1.0000],1,1,1.0000,[[MontroseBeach201506301000_Water_Temperature]]
2025-10-15 19:14:06.966,65.556,63rd_WaterTempDrop_85,atomic,[63rd_WaterTempDrop_85],[1.0000],1,1,1.0000,[[63rdStreetBeach201506301000_Water_Temperature]]
2025-10-15 19:14:07.027,65.617,Montrose_WaterTempDrop_85,atomic,[Montrose_WaterTempDrop_85],[0.9584],1,1,0.9584,[[MontroseBeach201506301100_Water_Temperature]]
2025-10-15 19:14:07.027,65.617,63rd_WaterTempDrop_85,atomic,[63rd_WaterTempDrop_85],[0.9656],1,1,0.9656,[[63rdStreetBeach201506301100_Water_Temperature]]
2025-10-15 19:14:07.090,65.680,63rd_WaterTempDrop_85,atomic,[63rd_WaterTempDrop_85],[1.0000],1,1,1.0000,[[63rdStreetBeach201506301200_Water_Temperature]]
2025-10-15 19:14:07.090,65.680,Montrose_WaterTempDrop_85,atomic,[Montrose_WaterTempDrop_85],[1.0000],1,1,1.0000,[[MontroseBeach201506301200_Water_Temperature]]
2025-10-15 19:14:07.153,65.743,Montrose_WaterTempDrop_85,atomic,[Montrose_WaterTempDrop_85],[1.0000],1,1,1.0000,[[MontroseBeach201506301300_Water_Temperature]]
2025-10-15 19:14:07.154,65.744,63rd_WaterTempDrop_85,atomic,[63rd_WaterTempDrop_85],[1.0000],1,1,1.0000,[[63rdStreetBeach201506301300_Water_Temperature]]
2025-10-15 19:14:07.215,65.805,Montrose_WaterTempDrop_85,atomic,[Montrose_WaterTempDrop_85],[0.9614],1,1,0.9614,[[MontroseBeach201506301400_Water_Temperature]]
2025-10-15 19:14:07.215,65.805,63rd_WaterTempDrop_85,atomic,[63rd_WaterTempDrop_85],[1.0000],1,1,1.0000,[[63rdStreetBeach201506301400_Water_Temperature]]
2025-10-15 19:14:07.277,65.867,63rd_WaterTempDrop_85,atomic,[63rd_WaterTempDrop_85],[0.9672],1,1,0.9672,[[63rdStreetBeach201506301500_Water_Temperature]]
2025-10-15 19:14:07.278,65.868,Montrose_WaterTempDrop_85,atomic,[Montrose_WaterTempDrop_85],[1.0000],1,1,1.0000,[[MontroseBeach201506301500_Water_Temperature]]
2025-10-15 19:14:07.340,65.930,63rd_WaterTempDrop_85,atomic,[63rd_WaterTempDrop_85],[0.9633],1,1,0.9633,[[63rdStreetBeach201506301600_Water_Temperature]]
2025-10-15 19:14:07.341,65.931,Montrose_WaterTempDrop_85,atomic,[Montrose_WaterTempDrop_85],[1.0000],1,1,1.0000,[[MontroseBeach201506301600_Water_Temperature]]
2025-10-15 19:14:07.404,65.994,Montrose_WaterTempDrop_85,atomic,[Montrose_WaterTempDrop_85],[1.0000],1,1,1.0000,[[MontroseBeach201506301700_Water_Temperature]]
2025-10-15 19:14:07.405,65.995,63rd_WaterTempDrop_85,atomic,[63rd_WaterTempDrop_85],[1.0000],1,1,1.0000,[[63rdStreetBeach201506301700_Water_Temperature]]
2025-10-15 19:14:07.466,66.056,Montrose_WaterTempDrop_85,atomic,[Montrose_WaterTempDrop_85],[0.9653],1,1,0.9653,[[MontroseBeach201506301800_Water_Temperature]]
2025-10-15 19:14:07.467,66.057,63rd_WaterTempDrop_85,atomic,[63rd_WaterTempDrop_85],[1.0000],1,1,1.0000,[[63rdStreetBeach201506301800_Water_Temperature]]
2025-10-15 19:14:07.544,66.134,Montrose_WaterTempDrop_85,atomic,[Montrose_WaterTempDrop_85],[1.0000],1,1,1.0000,[[MontroseBeach201506301900_Water_Temperature]]
2025-10-15 19:14:07.592,66.182,Montrose_WaterTempDrop_85,atomic,[Montrose_WaterTempDrop_85],[0.9638],1,1,0.9638,[[MontroseBeach201506302000_Water_Temperature]]
2025-10-15 19:14:07.594,66.184,63rd_WaterTempDrop_85,atomic,[63rd_WaterTempDrop_85],[1.0000],1,1,1.0000,[[63rdStreetBeach201506302000_Water_Temperature]]
2025-10-15 19:14:07.657,66.247,63rd_WaterTempDrop_85,atomic,[63rd_WaterTempDrop_85],[1.0000],1,1,1.0000,[[63rdStreetBeach201506302100_Water_Temperature]]
2025-10-15 19:14:07.658,66.248,Montrose_WaterTempDrop_85,atomic,[Montrose_WaterTempDrop_85],[1.0000],1,1,1.0000,[[MontroseBeach201506302100_Water_Temperature]]
2025-10-15 19:14:07.719,66.309,63rd_WaterTempDrop_85,atomic,[63rd_WaterTempDrop_85],[0.9674],1,1,0.9674,[[63rdStreetBeach201506302200_Water_Temperature]]
2025-10-15 19:14:07.720,66.310,Montrose_WaterTempDrop_85,atomic,[Montrose_WaterTempDrop_85],[1.0000],1,1,1.0000,[[MontroseBeach201506302200_Water_Temperature]]
2025-10-15 19:14:07.784,66.374,Montrose_WaterTempDrop_85,atomic,[Montrose_WaterTempDrop_85],[0.9646],1,1,0.9646,[[MontroseBeach201506302300_Water_Temperature]]
2025-10-15 19:14:07.785,66.375,63rd_WaterTempDrop_85,atomic,[63rd_WaterTempDrop_85],[1.0000],1,1,1.0000,[[63rdStreetBeach201506302300_Water_Temperature]]
2025-10-15 19:14:07.849,66.439,63rd_WaterTempDrop_85,atomic,[63rd_WaterTempDrop_85],[1.0000],1,1,1.0000,[[63rdStreetBeach201507012400_Water_Temperature]]
2025-10-15 19:14:07.850,66.440,Montrose_WaterTempDrop_85,atomic,[Montrose_WaterTempDrop_85],[1.0000],1,1,1.0000,[[MontroseBeach201507012400_Water_Temperature]]
2025-10-15 19:14:07.910,66.500,Montrose_HighWave_85,atomic,[Montrose_HighWave_85],[0.8642],1,1,0.8642,[[MontroseBeach201507010100_Wave_Height]]
2025-10-15 19:14:07.911,66.501,Montrose_WaterTempDrop_85,atomic,[Montrose_WaterTempDrop_85],[1.0000],1,1,1.0000,[[MontroseBeach201507010100_Water_Temperature]]
2025-10-15 19:14:07.911,66.501,63rd_WaterTempDrop_85,atomic,[63rd_WaterTempDrop_85],[1.0000],1,1,1.0000,[[63rdStreetBeach201507010100_Water_Temperature]]
2025-10-15 19:14:07.972,66.562,63rd_WaterTempDrop_85,atomic,[63rd_WaterTempDrop_85],[0.9682],1,1,0.9682,[[63rdStreetBeach201507010200_Water_Temperature]]
2025-10-15 19:14:07.974,66.564,Montrose_WaterTempDrop_85,atomic,[Montrose_WaterTempDrop_85],[0.9652],1,1,0.9652,[[MontroseBeach201507010200_Water_Temperature]]
2025-10-15 19:14:08.035,66.625,63rd_WaterTempDrop_85,atomic,[63rd_WaterTempDrop_85],[0.9643],1,1,0.9643,[[63rdStreetBeach201507010300_Water_Temperature]]
2025-10-15 19:14:08.038,66.628,Montrose_WaterTempDrop_85,atomic,[Montrose_WaterTempDrop_85],[1.0000],1,1,1.0000,[[MontroseBeach201507010300_Water_Temperature]]
2025-10-15 19:14:08.038,66.628,Montrose_HighWave_85,atomic,[Montrose_HighWave_85],[1.0000],1,1,1.0000,[[MontroseBeach201507010300_Wave_Height]]
2025-10-15 19:14:08.100,66.690,Montrose_WaterTempDrop_85,atomic,[Montrose_WaterTempDrop_85],[1.0000],1,1,1.0000,[[MontroseBeach201507010400_Water_Temperature]]
2025-10-15 19:14:08.100,66.690,Montrose_HighWave_85,atomic,[Montrose_HighWave_85],[1.0000],1,1,1.0000,[[MontroseBeach201507010400_Wave_Height]]
2025-10-15 19:14:08.100,66.690,63rd_WaterTempDrop_85,atomic,[63rd_WaterTempDrop_85],[1.0000],1,1,1.0000,[[63rdStreetBeach201507010400_Water_Temperature]]
2025-10-15 19:14:08.163,66.753,Montrose_HighWave_85,atomic,[Montrose_HighWave_85],[0.8625],1,1,0.8625,[[MontroseBeach201507010500_Wave_Height]]
2025-10-15 19:14:08.164,66.754,Montrose_WaterTempDrop_85,atomic,[Montrose_WaterTempDrop_85],[1.0000],1,1,1.0000,[[MontroseBeach201507010500_Water_Temperature]]
2025-10-15 19:14:08.164,66.754,63rd_WaterTempDrop_85,atomic,[63rd_WaterTempDrop_85],[1.0000],1,1,1.0000,[[63rdStreetBeach201507010500_Water_Temperature]]
2025-10-15 19:14:08.226,66.816,63rd_WaterTempDrop_85,atomic,[63rd_WaterTempDrop_85],[1.0000],1,1,1.0000,[[63rdStreetBeach201507010600_Water_Temperature]]
2025-10-15 19:14:08.227,66.817,Montrose_WaterTempDrop_85,atomic,[Montrose_WaterTempDrop_85],[1.0000],1,1,1.0000,[[MontroseBeach201507010600_Water_Temperature]]
2025-10-15 19:14:08.227,66.817,Montrose_HighWave_85,atomic,[Montrose_HighWave_85],[1.0000],1,1,1.0000,[[MontroseBeach201507010600_Wave_Height]]
2025-10-15 19:14:08.291,66.881,Montrose_WaterTempDrop_85,atomic,[Montrose_WaterTempDrop_85],[1.0000],1,1,1.0000,[[MontroseBeach201507010700_Water_Temperature]]
2025-10-15 19:14:08.291,66.881,Montrose_HighWave_85,atomic,[Montrose_HighWave_85],[1.0000],1,1,1.0000,[[MontroseBeach201507010700_Wave_Height]]
2025-10-15 19:14:08.354,66.944,63rd_WaterTempDrop_85,atomic,[63rd_WaterTempDrop_85],[1.0000],1,1,1.0000,[[63rdStreetBeach201507010800_Water_Temperature]]
2025-10-15 19:14:08.354,66.944,Montrose_HighWave_85,atomic,[Montrose_HighWave_85],[0.8723],1,1,0.8723,[[MontroseBeach201507010800_Wave_Height]]
2025-10-15 19:14:08.355,66.945,Montrose_WaterTempDrop_85,atomic,[Montrose_WaterTempDrop_85],[1.0000],1,1,1.0000,[[MontroseBeach201507010800_Water_Temperature]]
2025-10-15 19:14:08.418,67.008,Montrose_WaterTempDrop_85,atomic,[Montrose_WaterTempDrop_85],[1.0000],1,1,1.0000,[[MontroseBeach201507010900_Water_Temperature]]
2025-10-15 19:14:08.418,67.008,63rd_WaterTempDrop_85,atomic,[63rd_WaterTempDrop_85],[0.9677],1,1,0.9677,[[63rdStreetBeach201507010900_Water_Temperature]]
2025-10-15 19:14:08.479,67.069,Montrose_WaterTempDrop_85,atomic,[Montrose_WaterTempDrop_85],[1.0000],1,1,1.0000,[[MontroseBeach201507011000_Water_Temperature]]
2025-10-15 19:14:08.541,67.131,Montrose_WaterTempDrop_85,atomic,[Montrose_WaterTempDrop_85],[0.9712],1,1,0.9712,[[MontroseBeach201507011100_Water_Temperature]]
2025-10-15 19:14:08.542,67.132,Montrose_HighWave_85,atomic,[Montrose_HighWave_85],[1.0000],1,1,1.0000,[[MontroseBeach201507011100_Wave_Height]]
2025-10-15 19:14:08.542,67.132,63rd_WaterTempDrop_85,atomic,[63rd_WaterTempDrop_85],[1.0000],1,1,1.0000,[[63rdStreetBeach201507011100_Water_Temperature]]
2025-10-15 19:14:08.602,67.192,Montrose_WaterTempDrop_85,atomic,[Montrose_WaterTempDrop_85],[0.9675],1,1,0.9675,[[MontroseBeach201507011200_Water_Temperature]]
2025-10-15 19:14:08.603,67.193,Calumet_WaterTempDrop_85,atomic,[Calumet_WaterTempDrop_85],[1.0000],1,1,1.0000,[[CalumetBeach201507011200_Water_Temperature]]
2025-10-15 19:14:08.668,67.258,63rd_WaterTempDrop_85,atomic,[63rd_WaterTempDrop_85],[0.9656],1,1,0.9656,[[63rdStreetBeach201507011300_Water_Temperature]]
2025-10-15 19:14:08.669,67.259,Calumet_WaterTempDrop_85,atomic,[Calumet_WaterTempDrop_85],[1.0000],1,1,1.0000,[[CalumetBeach201507011300_Water_Temperature]]
2025-10-15 19:14:08.669,67.259,Montrose_WaterTempDrop_85,atomic,[Montrose_WaterTempDrop_85],[0.9635],1,1,0.9635,[[MontroseBeach201507011300_Water_Temperature]]
2025-10-15 19:14:08.730,67.320,63rd_WaterTempDrop_85,atomic,[63rd_WaterTempDrop_85],[0.9614],1,1,0.9614,[[63rdStreetBeach201507011400_Water_Temperature]]
2025-10-15 19:14:08.733,67.323,Calumet_WaterTempDrop_85,atomic,[Calumet_WaterTempDrop_85],[0.9663],1,1,0.9663,[[CalumetBeach201507011400_Water_Temperature]]
2025-10-15 19:14:08.734,67.324,Montrose_WaterTempDrop_85,atomic,[Montrose_WaterTempDrop_85],[1.0000],1,1,1.0000,[[MontroseBeach201507011400_Water_Temperature]]
2025-10-15 19:14:08.798,67.388,63rd_WaterTempDrop_85,atomic,[63rd_WaterTempDrop_85],[1.0000],1,1,1.0000,[[63rdStreetBeach201507011500_Water_Temperature]]
2025-10-15 19:14:08.799,67.389,Calumet_WaterTempDrop_85,atomic,[Calumet_WaterTempDrop_85],[1.0000],1,1,1.0000,[[CalumetBeach201507011500_Water_Temperature]]
2025-10-15 19:14:08.799,67.389,Montrose_WaterTempDrop_85,atomic,[Montrose_WaterTempDrop_85],[1.0000],1,1,1.0000,[[MontroseBeach201507011500_Water_Temperature]]
2025-10-15 19:14:08.857,67.447,Calumet_WaterTempDrop_85,atomic,[Calumet_WaterTempDrop_85],[0.9642],1,1,0.9642,[[CalumetBeach201507011600_Water_Temperature]]
2025-10-15 19:14:08.858,67.448,63rd_WaterTempDrop_85,atomic,[63rd_WaterTempDrop_85],[0.9602],1,1,0.9602,[[63rdStreetBeach201507011600_Water_Temperature]]
2025-10-15 19:14:08.859,67.449,Montrose_WaterTempDrop_85,atomic,[Montrose_WaterTempDrop_85],[1.0000],1,1,1.0000,[[MontroseBeach201507011600_Water_Temperature]]
2025-10-15 19:14:08.922,67.512,63rd_WaterTempDrop_85,atomic,[63rd_WaterTempDrop_85],[1.0000],1,1,1.0000,[[63rdStreetBeach201507011700_Water_Temperature]]
2025-10-15 19:14:08.924,67.514,Calumet_WaterTempDrop_85,atomic,[Calumet_WaterTempDrop_85],[1.0000],1,1,1.0000,[[CalumetBeach201507011700_Water_Temperature]]
2025-10-15 19:14:08.925,67.515,Montrose_WaterTempDrop_85,atomic,[Montrose_WaterTempDrop_85],[1.0000],1,1,1.0000,[[MontroseBeach201507011700_Water_Temperature]]
2025-10-15 19:14:08.985,67.575,Calumet_WaterTempDrop_85,atomic,[Calumet_WaterTempDrop_85],[0.9625],1,1,0.9625,[[CalumetBeach201507011800_Water_Temperature]]
2025-10-15 19:14:08.988,67.578,63rd_WaterTempDrop_85,atomic,[63rd_WaterTempDrop_85],[1.0000],1,1,1.0000,[[63rdStreetBeach201507011800_Water_Temperature]]
2025-10-15 19:14:08.989,67.579,Montrose_WaterTempDrop_85,atomic,[Montrose_WaterTempDrop_85],[1.0000],1,1,1.0000,[[MontroseBeach201507011800_Water_Temperature]]
2025-10-15 19:14:09.048,67.638,Calumet_WaterTempDrop_85,atomic,[Calumet_WaterTempDrop_85],[0.9579],1,1,0.9579,[[CalumetBeach201507011900_Water_Temperature]]
2025-10-15 19:14:09.050,67.640,Montrose_WaterTempDrop_85,atomic,[Montrose_WaterTempDrop_85],[0.9682],1,1,0.9682,[[MontroseBeach201507011900_Water_Temperature]]
2025-10-15 19:14:09.052,67.642,63rd_WaterTempDrop_85,atomic,[63rd_WaterTempDrop_85],[1.0000],1,1,1.0000,[[63rdStreetBeach201507011900_Water_Temperature]]
2025-10-15 19:14:09.111,67.701,63rd_WaterTempDrop_85,atomic,[63rd_WaterTempDrop_85],[0.9644],1,1,0.9644,[[63rdStreetBeach201507012000_Water_Temperature]]
2025-10-15 19:14:09.112,67.702,Montrose_WaterTempDrop_85,atomic,[Montrose_WaterTempDrop_85],[0.9642],1,1,0.9642,[[MontroseBeach201507012000_Water_Temperature]]
2025-10-15 19:14:09.112,67.702,Calumet_WaterTempDrop_85,atomic,[Calumet_WaterTempDrop_85],[1.0000],1,1,1.0000,[[CalumetBeach201507012000_Water_Temperature]]
2025-10-15 19:14:09.172,67.762,Montrose_WaterTempDrop_85,atomic,[Montrose_WaterTempDrop_85],[0.9598],1,1,0.9598,[[MontroseBeach201507021400_Water_Temperature]]
2025-10-15 19:14:09.174,67.764,Montrose_HighWave_85,atomic,[Montrose_HighWave_85],[1.0000],1,1,1.0000,[[MontroseBeach201507021400_Wave_Height]]
2025-10-15 19:14:09.174,67.764,Calumet_WaterTempDrop_85,atomic,[Calumet_WaterTempDrop_85],[1.0000],1,1,1.0000,[[CalumetBeach201507021400_Water_Temperature]]
2025-10-15 19:14:09.176,67.766,63rd_WaterTempDrop_85,atomic,[63rd_WaterTempDrop_85],[1.0000],1,1,1.0000,[[63rdStreetBeach201507021400_Water_Temperature]]
2025-10-15 19:14:09.233,67.823,63rd_HighWave_85,atomic,[63rd_HighWave_85],[0.8675],1,1,0.8675,[[63rdStreetBeach201507021500_Wave_Height]]
2025-10-15 19:14:09.234,67.824,Calumet_WaterTempDrop_85,atomic,[Calumet_WaterTempDrop_85],[0.9607],1,1,0.9607,[[CalumetBeach201507021500_Water_Temperature]]
2025-10-15 19:14:09.236,67.826,63rd_WaterTempDrop_85,atomic,[63rd_WaterTempDrop_85],[1.0000],1,1,1.0000,[[63rdStreetBeach201507021500_Water_Temperature]]
2025-10-15 19:14:09.236,67.826,Montrose_WaterTempDrop_85,atomic,[Montrose_WaterTempDrop_85],[1.0000],1,1,1.0000,[[MontroseBeach201507021500_Water_Temperature]]
2025-10-15 19:14:09.298,67.888,Montrose_WaterTempDrop_85,atomic,[Montrose_WaterTempDrop_85],[0.9588],1,1,0.9588,[[MontroseBeach201507021600_Water_Temperature]]
2025-10-15 19:14:09.298,67.888,Calumet_WaterTempDrop_85,atomic,[Calumet_WaterTempDrop_85],[1.0000],1,1,1.0000,[[CalumetBeach201507021600_Water_Temperature]]
2025-10-15 19:14:09.361,67.951,Montrose_WaterTempDrop_85,atomic,[Montrose_WaterTempDrop_85],[0.9538],1,1,0.9538,[[MontroseBeach201507021700_Water_Temperature]]
2025-10-15 19:14:09.362,67.952,Calumet_WaterTempDrop_85,atomic,[Calumet_WaterTempDrop_85],[1.0000],1,1,1.0000,[[CalumetBeach201507021700_Water_Temperature]]
2025-10-15 19:14:09.363,67.953,63rd_WaterTempDrop_85,atomic,[63rd_WaterTempDrop_85],[1.0000],1,1,1.0000,[[63rdStreetBeach201507021700_Water_Temperature]]
2025-10-15 19:14:09.426,68.016,Calumet_WaterTempDrop_85,atomic,[Calumet_WaterTempDrop_85],[0.9625],1,1,0.9625,[[CalumetBeach201507021800_Water_Temperature]]
2025-10-15 19:14:09.426,68.016,63rd_WaterTempDrop_85,atomic,[63rd_WaterTempDrop_85],[1.0000],1,1,1.0000,[[63rdStreetBeach201507021800_Water_Temperature]]
2025-10-15 19:14:09.429,68.019,Montrose_WaterTempDrop_85,atomic,[Montrose_WaterTempDrop_85],[1.0000],1,1,1.0000,[[MontroseBeach201507021800_Water_Temperature]]
2025-10-15 19:14:09.486,68.076,Calumet_WaterTempDrop_85,atomic,[Calumet_WaterTempDrop_85],[0.9581],1,1,0.9581,[[CalumetBeach201507021900_Water_Temperature]]
2025-10-15 19:14:09.488,68.078,63rd_WaterTempDrop_85,atomic,[63rd_WaterTempDrop_85],[1.0000],1,1,1.0000,[[63rdStreetBeach201507021900_Water_Temperature]]
2025-10-15 19:14:09.488,68.078,Montrose_WaterTempDrop_85,atomic,[Montrose_WaterTempDrop_85],[1.0000],1,1,1.0000,[[MontroseBeach201507021900_Water_Temperature]]
2025-10-15 19:14:09.550,68.140,Calumet_WaterTempDrop_85,atomic,[Calumet_WaterTempDrop_85],[1.0000],1,1,1.0000,[[CalumetBeach201507022000_Water_Temperature]]
2025-10-15 19:14:09.551,68.141,63rd_WaterTempDrop_85,atomic,[63rd_WaterTempDrop_85],[1.0000],1,1,1.0000,[[63rdStreetBeach201507022000_Water_Temperature]]
2025-10-15 19:14:09.551,68.141,Montrose_WaterTempDrop_85,atomic,[Montrose_WaterTempDrop_85],[0.9583],1,1,0.9583,[[MontroseBeach201507022000_Water_Temperature]]
2025-10-15 19:14:09.553,68.143,Montrose_HighWave_85,atomic,[Montrose_HighWave_85],[1.0000],1,1,1.0000,[[MontroseBeach201507022000_Wave_Height]]
2025-10-15 19:14:09.611,68.201,Calumet_WaterTempDrop_85,atomic,[Calumet_WaterTempDrop_85],[1.0000],1,1,1.0000,[[CalumetBeach201507022100_Water_Temperature]]
2025-10-15 19:14:09.612,68.202,Montrose_WaterTempDrop_85,atomic,[Montrose_WaterTempDrop_85],[1.0000],1,1,1.0000,[[MontroseBeach201507022100_Water_Temperature]]
2025-10-15 19:14:09.612,68.202,Montrose_HighWave_85,atomic,[Montrose_HighWave_85],[1.0000],1,1,1.0000,[[MontroseBeach201507022100_Wave_Height]]
2025-10-15 19:14:09.674,68.264,Montrose_WaterTempDrop_85,atomic,[Montrose_WaterTempDrop_85],[0.9579],1,1,0.9579,[[MontroseBeach201507022200_Water_Temperature]]
2025-10-15 19:14:09.674,68.264,Calumet_WaterTempDrop_85,atomic,[Calumet_WaterTempDrop_85],[1.0000],1,1,1.0000,[[CalumetBeach201507022200_Water_Temperature]]
2025-10-15 19:14:09.675,68.265,Montrose_HighWave_85,atomic,[Montrose_HighWave_85],[1.0000],1,1,1.0000,[[MontroseBeach201507022200_Wave_Height]]
2025-10-15 19:14:09.734,68.324,Montrose_HighWave_85,atomic,[Montrose_HighWave_85],[0.8578],1,1,0.8578,[[MontroseBeach201507022300_Wave_Height]]
2025-10-15 19:14:09.735,68.325,Montrose_WaterTempDrop_85,atomic,[Montrose_WaterTempDrop_85],[1.0000],1,1,1.0000,[[MontroseBeach201507022300_Water_Temperature]]
2025-10-15 19:14:09.736,68.326,63rd_WaterTempDrop_85,atomic,[63rd_WaterTempDrop_85],[1.0000],1,1,1.0000,[[63rdStreetBeach201507022300_Water_Temperature]]
2025-10-15 19:14:09.737,68.327,63rd_HighWave_85,atomic,[63rd_HighWave_85],[1.0000],1,1,1.0000,[[63rdStreetBeach201507022300_Wave_Height]]
2025-10-15 19:14:09.737,68.327,Calumet_WaterTempDrop_85,atomic,[Calumet_WaterTempDrop_85],[1.0000],1,1,1.0000,[[CalumetBeach201507022300_Water_Temperature]]
2025-10-15 19:14:09.799,68.389,Calumet_WaterTempDrop_85,atomic,[Calumet_WaterTempDrop_85],[1.0000],1,1,1.0000,[[CalumetBeach201507032400_Water_Temperature]]
2025-10-15 19:14:09.799,68.389,Montrose_WaterTempDrop_85,atomic,[Montrose_WaterTempDrop_85],[1.0000],1,1,1.0000,[[MontroseBeach201507032400_Water_Temperature]]
2025-10-15 19:14:09.867,68.457,63rd_WaterTempDrop_85,atomic,[63rd_WaterTempDrop_85],[1.0000],1,1,1.0000,[[63rdStreetBeach201507030100_Water_Temperature]]
2025-10-15 19:14:09.869,68.459,Calumet_WaterTempDrop_85,atomic,[Calumet_WaterTempDrop_85],[1.0000],1,1,1.0000,[[CalumetBeach201507030100_Water_Temperature]]
2025-10-15 19:14:09.870,68.460,Montrose_WaterTempDrop_85,atomic,[Montrose_WaterTempDrop_85],[1.0000],1,1,1.0000,[[MontroseBeach201507030100_Water_Temperature]]
2025-10-15 19:14:09.870,68.460,Montrose_HighWave_85,atomic,[Montrose_HighWave_85],[1.0000],1,1,1.0000,[[MontroseBeach201507030100_Wave_Height]]
2025-10-15 19:14:09.924,68.514,Montrose_WaterTempDrop_85,atomic,[Montrose_WaterTempDrop_85],[0.9635],1,1,0.9635,[[MontroseBeach201507030200_Water_Temperature]]
2025-10-15 19:14:09.925,68.515,Calumet_WaterTempDrop_85,atomic,[Calumet_WaterTempDrop_85],[1.0000],1,1,1.0000,[[CalumetBeach201507030200_Water_Temperature]]
2025-10-15 19:14:09.926,68.516,63rd_WaterTempDrop_85,atomic,[63rd_WaterTempDrop_85],[1.0000],1,1,1.0000,[[63rdStreetBeach201507030200_Water_Temperature]]
2025-10-15 19:14:09.986,68.576,Montrose_WaterTempDrop_85,atomic,[Montrose_WaterTempDrop_85],[0.9593],1,1,0.9593,[[MontroseBeach201507030300_Water_Temperature]]
2025-10-15 19:14:09.987,68.577,Calumet_WaterTempDrop_85,atomic,[Calumet_WaterTempDrop_85],[0.9694],1,1,0.9694,[[CalumetBeach201507030300_Water_Temperature]]
2025-10-15 19:14:09.989,68.579,63rd_WaterTempDrop_85,atomic,[63rd_WaterTempDrop_85],[1.0000],1,1,1.0000,[[63rdStreetBeach201507030300_Water_Temperature]]
2025-10-15 19:14:10.051,68.641,Calumet_WaterTempDrop_85,atomic,[Calumet_WaterTempDrop_85],[0.9657],1,1,0.9657,[[CalumetBeach201507030400_Water_Temperature]]
2025-10-15 19:14:10.053,68.643,63rd_WaterTempDrop_85,atomic,[63rd_WaterTempDrop_85],[1.0000],1,1,1.0000,[[63rdStreetBeach201507030400_Water_Temperature]]
2025-10-15 19:14:10.054,68.644,Montrose_WaterTempDrop_85,atomic,[Montrose_WaterTempDrop_85],[1.0000],1,1,1.0000,[[MontroseBeach201507030400_Water_Temperature]]
2025-10-15 19:14:10.116,68.706,Calumet_WaterTempDrop_85,atomic,[Calumet_WaterTempDrop_85],[1.0000],1,1,1.0000,[[CalumetBeach201507030500_Water_Temperature]]
2025-10-15 19:14:10.120,68.710,Montrose_WaterTempDrop_85,atomic,[Montrose_WaterTempDrop_85],[1.0000],1,1,1.0000,[[MontroseBeach201507030500_Water_Temperature]]
2025-10-15 19:14:10.121,68.711,63rd_WaterTempDrop_85,atomic,[63rd_WaterTempDrop_85],[1.0000],1,1,1.0000,[[63rdStreetBeach201507030500_Water_Temperature]]
2025-10-15 19:14:10.179,68.769,Montrose_WaterTempDrop_85,atomic,[Montrose_WaterTempDrop_85],[0.9619],1,1,0.9619,[[MontroseBeach201507030600_Water_Temperature]]
2025-10-15 19:14:10.179,68.769,Calumet_WaterTempDrop_85,atomic,[Calumet_WaterTempDrop_85],[1.0000],1,1,1.0000,[[CalumetBeach201507030600_Water_Temperature]]
2025-10-15 19:14:10.240,68.830,Calumet_WaterTempDrop_85,atomic,[Calumet_WaterTempDrop_85],[0.9657],1,1,0.9657,[[CalumetBeach201507030700_Water_Temperature]]
2025-10-15 19:14:10.241,68.831,Montrose_WaterTempDrop_85,atomic,[Montrose_WaterTempDrop_85],[0.9575],1,1,0.9575,[[MontroseBeach201507030700_Water_Temperature]]
2025-10-15 19:14:10.243,68.833,63rd_WaterTempDrop_85,atomic,[63rd_WaterTempDrop_85],[1.0000],1,1,1.0000,[[63rdStreetBeach201507030700_Water_Temperature]]
2025-10-15 19:14:10.305,68.895,63rd_WaterTempDrop_85,atomic,[63rd_WaterTempDrop_85],[0.9727],1,1,0.9727,[[63rdStreetBeach201507030800_Water_Temperature]]
2025-10-15 19:14:10.306,68.896,Montrose_WaterTempDrop_85,atomic,[Montrose_WaterTempDrop_85],[1.0000],1,1,1.0000,[[MontroseBeach201507030800_Water_Temperature]]
2025-10-15 19:14:10.307,68.897,Calumet_WaterTempDrop_85,atomic,[Calumet_WaterTempDrop_85],[1.0000],1,1,1.0000,[[CalumetBeach201507030800_Water_Temperature]]
2025-10-15 19:14:10.367,68.957,63rd_WaterTempDrop_85,atomic,[63rd_WaterTempDrop_85],[1.0000],1,1,1.0000,[[63rdStreetBeach201507030900_Water_Temperature]]
2025-10-15 19:14:10.367,68.957,Calumet_WaterTempDrop_85,atomic,[Calumet_WaterTempDrop_85],[1.0000],1,1,1.0000,[[CalumetBeach201507030900_Water_Temperature]]
2025-10-15 19:14:10.368,68.958,Montrose_WaterTempDrop_85,atomic,[Montrose_WaterTempDrop_85],[1.0000],1,1,1.0000,[[MontroseBeach201507030900_Water_Temperature]]
2025-10-15 19:14:10.427,69.017,Montrose_WaterTempDrop_85,atomic,[Montrose_WaterTempDrop_85],[0.9608],1,1,0.9608,[[MontroseBeach201507031000_Water_Temperature]]
2025-10-15 19:14:10.429,69.019,Calumet_WaterTempDrop_85,atomic,[Calumet_WaterTempDrop_85],[1.0000],1,1,1.0000,[[CalumetBeach201507031000_Water_Temperature]]
2025-10-15 19:14:10.491,69.081,63rd_WaterTempDrop_85,atomic,[63rd_WaterTempDrop_85],[1.0000],1,1,1.0000,[[63rdStreetBeach201507031100_Water_Temperature]]
2025-10-15 19:14:10.491,69.081,Montrose_WaterTempDrop_85,atomic,[Montrose_WaterTempDrop_85],[1.0000],1,1,1.0000,[[MontroseBeach201507031100_Water_Temperature]]
2025-10-15 19:14:10.492,69.082,Calumet_WaterTempDrop_85,atomic,[Calumet_WaterTempDrop_85],[1.0000],1,1,1.0000,[[CalumetBeach201507031100_Water_Temperature]]
2025-10-15 19:14:10.554,69.144,Calumet_WaterTempDrop_85,atomic,[Calumet_WaterTempDrop_85],[0.9683],1,1,0.9683,[[CalumetBeach201507031200_Water_Temperature]]
2025-10-15 19:14:10.554,69.144,63rd_WaterTempDrop_85,atomic,[63rd_WaterTempDrop_85],[1.0000],1,1,1.0000,[[63rdStreetBeach201507031200_Water_Temperature]]
2025-10-15 19:14:10.556,69.146,Montrose_WaterTempDrop_85,atomic,[Montrose_WaterTempDrop_85],[1.0000],1,1,1.0000,[[MontroseBeach201507031200_Water_Temperature]]
2025-10-15 19:14:10.616,69.206,63rd_WaterTempDrop_85,atomic,[63rd_WaterTempDrop_85],[0.9708],1,1,0.9708,[[63rdStreetBeach201507031300_Water_Temperature]]
2025-10-15 19:14:10.617,69.207,Calumet_WaterTempDrop_85,atomic,[Calumet_WaterTempDrop_85],[1.0000],1,1,1.0000,[[CalumetBeach201507031300_Water_Temperature]]
2025-10-15 19:14:10.618,69.208,Montrose_WaterTempDrop_85,atomic,[Montrose_WaterTempDrop_85],[1.0000],1,1,1.0000,[[MontroseBeach201507031300_Water_Temperature]]
2025-10-15 19:14:10.680,69.270,Calumet_WaterTempDrop_85,atomic,[Calumet_WaterTempDrop_85],[1.0000],1,1,1.0000,[[CalumetBeach201507031400_Water_Temperature]]
2025-10-15 19:14:10.681,69.271,Montrose_WaterTempDrop_85,atomic,[Montrose_WaterTempDrop_85],[0.9650],1,1,0.9650,[[MontroseBeach201507031400_Water_Temperature]]
2025-10-15 19:14:10.682,69.272,63rd_WaterTempDrop_85,atomic,[63rd_WaterTempDrop_85],[1.0000],1,1,1.0000,[[63rdStreetBeach201507031400_Water_Temperature]]
2025-10-15 19:14:10.740,69.330,63rd_WaterTempDrop_85,atomic,[63rd_WaterTempDrop_85],[0.9681],1,1,0.9681,[[63rdStreetBeach201507031500_Water_Temperature]]
2025-10-15 19:14:10.742,69.332,Montrose_WaterTempDrop_85,atomic,[Montrose_WaterTempDrop_85],[0.9609],1,1,0.9609,[[MontroseBeach201507031500_Water_Temperature]]
2025-10-15 19:14:10.743,69.333,Calumet_WaterTempDrop_85,atomic,[Calumet_WaterTempDrop_85],[1.0000],1,1,1.0000,[[CalumetBeach201507031500_Water_Temperature]]
2025-10-15 19:14:10.805,69.395,Calumet_WaterTempDrop_85,atomic,[Calumet_WaterTempDrop_85],[0.9685],1,1,0.9685,[[CalumetBeach201507031600_Water_Temperature]]
2025-10-15 19:14:10.807,69.397,Montrose_WaterTempDrop_85,atomic,[Montrose_WaterTempDrop_85],[0.9564],1,1,0.9564,[[MontroseBeach201507031600_Water_Temperature]]
2025-10-15 19:14:10.809,69.399,63rd_WaterTempDrop_85,atomic,[63rd_WaterTempDrop_85],[1.0000],1,1,1.0000,[[63rdStreetBeach201507031600_Water_Temperature]]
2025-10-15 19:14:10.868,69.458,Calumet_WaterTempDrop_85,atomic,[Calumet_WaterTempDrop_85],[0.9646],1,1,0.9646,[[CalumetBeach201507031700_Water_Temperature]]
2025-10-15 19:14:10.869,69.459,Montrose_WaterTempDrop_85,atomic,[Montrose_WaterTempDrop_85],[0.9514],1,1,0.9514,[[MontroseBeach201507031700_Water_Temperature]]
2025-10-15 19:14:10.870,69.460,63rd_WaterTempDrop_85,atomic,[63rd_WaterTempDrop_85],[1.0000],1,1,1.0000,[[63rdStreetBeach201507031700_Water_Temperature]]
2025-10-15 19:14:10.932,69.522,Montrose_WaterTempDrop_85,atomic,[Montrose_WaterTempDrop_85],[0.9459],1,1,0.9459,[[MontroseBeach201507031800_Water_Temperature]]
2025-10-15 19:14:10.932,69.522,63rd_WaterTempDrop_85,atomic,[63rd_WaterTempDrop_85],[0.9669],1,1,0.9669,[[63rdStreetBeach201507031800_Water_Temperature]]
2025-10-15 19:14:10.933,69.523,Calumet_WaterTempDrop_85,atomic,[Calumet_WaterTempDrop_85],[1.0000],1,1,1.0000,[[CalumetBeach201507031800_Water_Temperature]]
2025-10-15 19:14:10.994,69.584,Montrose_WaterTempDrop_85,atomic,[Montrose_WaterTempDrop_85],[0.9399],1,1,0.9399,[[MontroseBeach201507031900_Water_Temperature]]
2025-10-15 19:14:10.995,69.585,Calumet_WaterTempDrop_85,atomic,[Calumet_WaterTempDrop_85],[0.9628],1,1,0.9628,[[CalumetBeach201507031900_Water_Temperature]]
2025-10-15 19:14:10.997,69.587,63rd_WaterTempDrop_85,atomic,[63rd_WaterTempDrop_85],[0.9627],1,1,0.9627,[[63rdStreetBeach201507031900_Water_Temperature]]
2025-10-15 19:14:11.058,69.648,Montrose_WaterTempDrop_85,atomic,[Montrose_WaterTempDrop_85],[0.9334],1,1,0.9334,[[MontroseBeach201507032000_Water_Temperature]]
2025-10-15 19:14:11.059,69.649,Calumet_WaterTempDrop_85,atomic,[Calumet_WaterTempDrop_85],[0.9583],1,1,0.9583,[[CalumetBeach201507032000_Water_Temperature]]
2025-10-15 19:14:11.060,69.650,63rd_WaterTempDrop_85,atomic,[63rd_WaterTempDrop_85],[1.0000],1,1,1.0000,[[63rdStreetBeach201507032000_Water_Temperature]]
2025-10-15 19:14:11.119,69.709,63rd_WaterTempDrop_85,atomic,[63rd_WaterTempDrop_85],[0.9611],1,1,0.9611,[[63rdStreetBeach201507032100_Water_Temperature]]
2025-10-15 19:14:11.123,69.713,Calumet_WaterTempDrop_85,atomic,[Calumet_WaterTempDrop_85],[1.0000],1,1,1.0000,[[CalumetBeach201507032100_Water_Temperature]]
2025-10-15 19:14:11.123,69.713,Montrose_WaterTempDrop_85,atomic,[Montrose_WaterTempDrop_85],[1.0000],1,1,1.0000,[[MontroseBeach201507032100_Water_Temperature]]
2025-10-15 19:14:11.184,69.774,Montrose_WaterTempDrop_85,atomic,[Montrose_WaterTempDrop_85],[0.9403],1,1,0.9403,[[MontroseBeach201507032200_Water_Temperature]]
2025-10-15 19:14:11.186,69.776,63rd_WaterTempDrop_85,atomic,[63rd_WaterTempDrop_85],[1.0000],1,1,1.0000,[[63rdStreetBeach201507032200_Water_Temperature]]
2025-10-15 19:14:11.189,69.779,Calumet_WaterTempDrop_85,atomic,[Calumet_WaterTempDrop_85],[1.0000],1,1,1.0000,[[CalumetBeach201507032200_Water_Temperature]]
2025-10-15 19:14:11.249,69.839,Montrose_WaterTempDrop_85,atomic,[Montrose_WaterTempDrop_85],[0.9340],1,1,0.9340,[[MontroseBeach201507032300_Water_Temperature]]
2025-10-15 19:14:11.250,69.840,63rd_WaterTempDrop_85,atomic,[63rd_WaterTempDrop_85],[1.0000],1,1,1.0000,[[63rdStreetBeach201507032300_Water_Temperature]]
2025-10-15 19:14:11.250,69.840,Calumet_WaterTempDrop_85,atomic,[Calumet_WaterTempDrop_85],[1.0000],1,1,1.0000,[[CalumetBeach201507032300_Water_Temperature]]
2025-10-15 19:14:11.317,69.907,63rd_WaterTempDrop_85,atomic,[63rd_WaterTempDrop_85],[1.0000],1,1,1.0000,[[63rdStreetBeach201507042400_Water_Temperature]]
2025-10-15 19:14:11.319,69.909,Calumet_WaterTempDrop_85,atomic,[Calumet_WaterTempDrop_85],[1.0000],1,1,1.0000,[[CalumetBeach201507042400_Water_Temperature]]
2025-10-15 19:14:11.320,69.910,Montrose_WaterTempDrop_85,atomic,[Montrose_WaterTempDrop_85],[1.0000],1,1,1.0000,[[MontroseBeach201507042400_Water_Temperature]]
2025-10-15 19:14:11.374,69.964,Montrose_WaterTempDrop_85,atomic,[Montrose_WaterTempDrop_85],[0.9410],1,1,0.9410,[[MontroseBeach201507040100_Water_Temperature]]
2025-10-15 19:14:11.377,69.967,63rd_WaterTempDrop_85,atomic,[63rd_WaterTempDrop_85],[1.0000],1,1,1.0000,[[63rdStreetBeach201507040100_Water_Temperature]]
2025-10-15 19:14:11.378,69.968,Calumet_WaterTempDrop_85,atomic,[Calumet_WaterTempDrop_85],[1.0000],1,1,1.0000,[[CalumetBeach201507040100_Water_Temperature]]
2025-10-15 19:14:11.442,70.032,Montrose_WaterTempDrop_85,atomic,[Montrose_WaterTempDrop_85],[1.0000],1,1,1.0000,[[MontroseBeach201507040200_Water_Temperature]]
2025-10-15 19:14:11.444,70.034,Calumet_WaterTempDrop_85,atomic,[Calumet_WaterTempDrop_85],[1.0000],1,1,1.0000,[[CalumetBeach201507040200_Water_Temperature]]
2025-10-15 19:14:11.445,70.035,63rd_WaterTempDrop_85,atomic,[63rd_WaterTempDrop_85],[1.0000],1,1,1.0000,[[63rdStreetBeach201507040200_Water_Temperature]]
2025-10-15 19:14:11.501,70.091,Montrose_WaterTempDrop_85,atomic,[Montrose_WaterTempDrop_85],[1.0000],1,1,1.0000,[[MontroseBeach201507040300_Water_Temperature]]
2025-10-15 19:14:11.502,70.092,63rd_WaterTempDrop_85,atomic,[63rd_WaterTempDrop_85],[1.0000],1,1,1.0000,[[63rdStreetBeach201507040300_Water_Temperature]]
2025-10-15 19:14:11.503,70.093,Calumet_WaterTempDrop_85,atomic,[Calumet_WaterTempDrop_85],[1.0000],1,1,1.0000,[[CalumetBeach201507040300_Water_Temperature]]
2025-10-15 19:14:11.564,70.154,63rd_WaterTempDrop_85,atomic,[63rd_WaterTempDrop_85],[0.9687],1,1,0.9687,[[63rdStreetBeach201507040400_Water_Temperature]]
2025-10-15 19:14:11.566,70.156,Calumet_WaterTempDrop_85,atomic,[Calumet_WaterTempDrop_85],[1.0000],1,1,1.0000,[[CalumetBeach201507040400_Water_Temperature]]
2025-10-15 19:14:11.567,70.157,Montrose_WaterTempDrop_85,atomic,[Montrose_WaterTempDrop_85],[1.0000],1,1,1.0000,[[MontroseBeach201507040400_Water_Temperature]]
2025-10-15 19:14:11.627,70.217,Calumet_WaterTempDrop_85,atomic,[Calumet_WaterTempDrop_85],[1.0000],1,1,1.0000,[[CalumetBeach201507040500_Water_Temperature]]
2025-10-15 19:14:11.627,70.217,63rd_WaterTempDrop_85,atomic,[63rd_WaterTempDrop_85],[1.0000],1,1,1.0000,[[63rdStreetBeach201507040500_Water_Temperature]]
2025-10-15 19:14:11.629,70.219,Montrose_WaterTempDrop_85,atomic,[Montrose_WaterTempDrop_85],[1.0000],1,1,1.0000,[[MontroseBeach201507040500_Water_Temperature]]
2025-10-15 19:14:11.692,70.282,Calumet_WaterTempDrop_85,atomic,[Calumet_WaterTempDrop_85],[1.0000],1,1,1.0000,[[CalumetBeach201507040600_Water_Temperature]]
2025-10-15 19:14:11.693,70.283,Montrose_WaterTempDrop_85,atomic,[Montrose_WaterTempDrop_85],[1.0000],1,1,1.0000,[[MontroseBeach201507040600_Water_Temperature]]
2025-10-15 19:14:11.695,70.285,63rd_WaterTempDrop_85,atomic,[63rd_WaterTempDrop_85],[1.0000],1,1,1.0000,[[63rdStreetBeach201507040600_Water_Temperature]]
2025-10-15 19:14:11.753,70.343,Montrose_WaterTempDrop_85,atomic,[Montrose_WaterTempDrop_85],[0.9640],1,1,0.9640,[[MontroseBeach201507040700_Water_Temperature]]
2025-10-15 19:14:11.755,70.345,63rd_WaterTempDrop_85,atomic,[63rd_WaterTempDrop_85],[1.0000],1,1,1.0000,[[63rdStreetBeach201507040700_Water_Temperature]]
2025-10-15 19:14:11.756,70.346,Calumet_WaterTempDrop_85,atomic,[Calumet_WaterTempDrop_85],[1.0000],1,1,1.0000,[[CalumetBeach201507040700_Water_Temperature]]
2025-10-15 19:14:11.818,70.408,63rd_WaterTempDrop_85,atomic,[63rd_WaterTempDrop_85],[0.9688],1,1,0.9688,[[63rdStreetBeach201507040800_Water_Temperature]]
2025-10-15 19:14:11.820,70.410,Montrose_WaterTempDrop_85,atomic,[Montrose_WaterTempDrop_85],[1.0000],1,1,1.0000,[[MontroseBeach201507040800_Water_Temperature]]
2025-10-15 19:14:11.821,70.411,Calumet_WaterTempDrop_85,atomic,[Calumet_WaterTempDrop_85],[1.0000],1,1,1.0000,[[CalumetBeach201507040800_Water_Temperature]]
2025-10-15 19:14:11.880,70.470,63rd_WaterTempDrop_85,atomic,[63rd_WaterTempDrop_85],[0.9650],1,1,0.9650,[[63rdStreetBeach201507040900_Water_Temperature]]
2025-10-15 19:14:11.881,70.471,Montrose_WaterTempDrop_85,atomic,[Montrose_WaterTempDrop_85],[1.0000],1,1,1.0000,[[MontroseBeach201507040900_Water_Temperature]]
2025-10-15 19:14:11.882,70.472,Calumet_WaterTempDrop_85,atomic,[Calumet_WaterTempDrop_85],[1.0000],1,1,1.0000,[[CalumetBeach201507040900_Water_Temperature]]
2025-10-15 19:14:11.944,70.534,Calumet_WaterTempDrop_85,atomic,[Calumet_WaterTempDrop_85],[0.9723],1,1,0.9723,[[CalumetBeach201507041000_Water_Temperature]]
2025-10-15 19:14:11.946,70.536,63rd_WaterTempDrop_85,atomic,[63rd_WaterTempDrop_85],[1.0000],1,1,1.0000,[[63rdStreetBeach201507041000_Water_Temperature]]
2025-10-15 19:14:11.947,70.537,Montrose_WaterTempDrop_85,atomic,[Montrose_WaterTempDrop_85],[1.0000],1,1,1.0000,[[MontroseBeach201507041000_Water_Temperature]]
2025-10-15 19:14:12.003,70.593,63rd_WaterTempDrop_85,atomic,[63rd_WaterTempDrop_85],[0.9632],1,1,0.9632,[[63rdStreetBeach201507041100_Water_Temperature]]
2025-10-15 19:14:12.005,70.595,Montrose_WaterTempDrop_85,atomic,[Montrose_WaterTempDrop_85],[0.9669],1,1,0.9669,[[MontroseBeach201507041100_Water_Temperature]]
2025-10-15 19:14:12.007,70.597,Calumet_WaterTempDrop_85,atomic,[Calumet_WaterTempDrop_85],[1.0000],1,1,1.0000,[[CalumetBeach201507041100_Water_Temperature]]
2025-10-15 19:14:12.066,70.656,Montrose_WaterTempDrop_85,atomic,[Montrose_WaterTempDrop_85],[0.9630],1,1,0.9630,[[MontroseBeach201507041200_Water_Temperature]]
2025-10-15 19:14:12.067,70.657,63rd_WaterTempDrop_85,atomic,[63rd_WaterTempDrop_85],[0.9588],1,1,0.9588,[[63rdStreetBeach201507041200_Water_Temperature]]
2025-10-15 19:14:12.067,70.657,Calumet_WaterTempDrop_85,atomic,[Calumet_WaterTempDrop_85],[0.9695],1,1,0.9695,[[CalumetBeach201507041200_Water_Temperature]]
2025-10-15 19:14:12.129,70.719,Calumet_WaterTempDrop_85,atomic,[Calumet_WaterTempDrop_85],[1.0000],1,1,1.0000,[[CalumetBeach201507041300_Water_Temperature]]
2025-10-15 19:14:12.132,70.722,Montrose_WaterTempDrop_85,atomic,[Montrose_WaterTempDrop_85],[1.0000],1,1,1.0000,[[MontroseBeach201507041300_Water_Temperature]]
2025-10-15 19:14:12.132,70.722,63rd_WaterTempDrop_85,atomic,[63rd_WaterTempDrop_85],[1.0000],1,1,1.0000,[[63rdStreetBeach201507041300_Water_Temperature]]
2025-10-15 19:14:12.194,70.784,Montrose_WaterTempDrop_85,atomic,[Montrose_WaterTempDrop_85],[0.9618],1,1,0.9618,[[MontroseBeach201507041400_Water_Temperature]]
2025-10-15 19:14:12.194,70.784,63rd_WaterTempDrop_85,atomic,[63rd_WaterTempDrop_85],[0.9581],1,1,0.9581,[[63rdStreetBeach201507041400_Water_Temperature]]
2025-10-15 19:14:12.195,70.785,Calumet_WaterTempDrop_85,atomic,[Calumet_WaterTempDrop_85],[1.0000],1,1,1.0000,[[CalumetBeach201507041400_Water_Temperature]]
2025-10-15 19:14:12.257,70.847,Montrose_WaterTempDrop_85,atomic,[Montrose_WaterTempDrop_85],[0.9573],1,1,0.9573,[[MontroseBeach201507041500_Water_Temperature]]
2025-10-15 19:14:12.260,70.850,63rd_WaterTempDrop_85,atomic,[63rd_WaterTempDrop_85],[1.0000],1,1,1.0000,[[63rdStreetBeach201507041500_Water_Temperature]]
2025-10-15 19:14:12.320,70.910,Montrose_WaterTempDrop_85,atomic,[Montrose_WaterTempDrop_85],[0.9524],1,1,0.9524,[[MontroseBeach201507041600_Water_Temperature]]
2025-10-15 19:14:12.321,70.911,63rd_WaterTempDrop_85,atomic,[63rd_WaterTempDrop_85],[1.0000],1,1,1.0000,[[63rdStreetBeach201507041600_Water_Temperature]]
2025-10-15 19:14:12.383,70.973,Calumet_WaterTempDrop_85,atomic,[Calumet_WaterTempDrop_85],[0.9696],1,1,0.9696,[[CalumetBeach201507041700_Water_Temperature]]
2025-10-15 19:14:12.383,70.973,Montrose_WaterTempDrop_85,atomic,[Montrose_WaterTempDrop_85],[1.0000],1,1,1.0000,[[MontroseBeach201507041700_Water_Temperature]]
2025-10-15 19:14:12.447,71.037,Montrose_WaterTempDrop_85,atomic,[Montrose_WaterTempDrop_85],[1.0000],1,1,1.0000,[[MontroseBeach201507041800_Water_Temperature]]
2025-10-15 19:14:12.507,71.097,63rd_WaterTempDrop_85,atomic,[63rd_WaterTempDrop_85],[0.9655],1,1,0.9655,[[63rdStreetBeach201507041900_Water_Temperature]]
2025-10-15 19:14:12.509,71.099,Montrose_WaterTempDrop_85,atomic,[Montrose_WaterTempDrop_85],[1.0000],1,1,1.0000,[[MontroseBeach201507041900_Water_Temperature]]
2025-10-15 19:14:12.572,71.162,Montrose_WaterTempDrop_85,atomic,[Montrose_WaterTempDrop_85],[0.9610],1,1,0.9610,[[MontroseBeach201507042000_Water_Temperature]]
2025-10-15 19:14:12.572,71.162,63rd_WaterTempDrop_85,atomic,[63rd_WaterTempDrop_85],[1.0000],1,1,1.0000,[[63rdStreetBeach201507042000_Water_Temperature]]
2025-10-15 19:14:12.633,71.223,Montrose_WaterTempDrop_85,atomic,[Montrose_WaterTempDrop_85],[0.9565],1,1,0.9565,[[MontroseBeach201507042100_Water_Temperature]]
2025-10-15 19:14:12.633,71.223,63rd_WaterTempDrop_85,atomic,[63rd_WaterTempDrop_85],[1.0000],1,1,1.0000,[[63rdStreetBeach201507042100_Water_Temperature]]
2025-10-15 19:14:12.696,71.286,Calumet_WaterTempDrop_85,atomic,[Calumet_WaterTempDrop_85],[1.0000],1,1,1.0000,[[CalumetBeach201507042200_Water_Temperature]]
2025-10-15 19:14:12.697,71.287,63rd_WaterTempDrop_85,atomic,[63rd_WaterTempDrop_85],[0.9657],1,1,0.9657,[[63rdStreetBeach201507042200_Water_Temperature]]
2025-10-15 19:14:12.697,71.287,Montrose_WaterTempDrop_85,atomic,[Montrose_WaterTempDrop_85],[1.0000],1,1,1.0000,[[MontroseBeach201507042200_Water_Temperature]]
2025-10-15 19:14:12.758,71.348,63rd_WaterTempDrop_85,atomic,[63rd_WaterTempDrop_85],[0.9617],1,1,0.9617,[[63rdStreetBeach201507042300_Water_Temperature]]
2025-10-15 19:14:12.758,71.348,Montrose_WaterTempDrop_85,atomic,[Montrose_WaterTempDrop_85],[0.9565],1,1,0.9565,[[MontroseBeach201507042300_Water_Temperature]]
2025-10-15 19:14:12.759,71.349,Calumet_WaterTempDrop_85,atomic,[Calumet_WaterTempDrop_85],[1.0000],1,1,1.0000,[[CalumetBeach201507042300_Water_Temperature]]
2025-10-15 19:14:12.820,71.410,63rd_WaterTempDrop_85,atomic,[63rd_WaterTempDrop_85],[0.9572],1,1,0.9572,[[63rdStreetBeach201507052400_Water_Temperature]]
2025-10-15 19:14:12.824,71.414,Montrose_WaterTempDrop_85,atomic,[Montrose_WaterTempDrop_85],[1.0000],1,1,1.0000,[[MontroseBeach201507052400_Water_Temperature]]
2025-10-15 19:14:12.883,71.473,Montrose_WaterTempDrop_85,atomic,[Montrose_WaterTempDrop_85],[0.9565],1,1,0.9565,[[MontroseBeach201507050300_Water_Temperature]]
2025-10-15 19:14:12.885,71.475,63rd_WaterTempDrop_85,atomic,[63rd_WaterTempDrop_85],[1.0000],1,1,1.0000,[[63rdStreetBeach201507050300_Water_Temperature]]
2025-10-15 19:14:12.946,71.536,63rd_WaterTempDrop_85,atomic,[63rd_WaterTempDrop_85],[0.9570],1,1,0.9570,[[63rdStreetBeach201507050400_Water_Temperature]]
2025-10-15 19:14:12.950,71.540,Montrose_WaterTempDrop_85,atomic,[Montrose_WaterTempDrop_85],[1.0000],1,1,1.0000,[[MontroseBeach201507050400_Water_Temperature]]
2025-10-15 19:14:12.951,71.541,Calumet_WaterTempDrop_85,atomic,[Calumet_WaterTempDrop_85],[1.0000],1,1,1.0000,[[CalumetBeach201507050400_Water_Temperature]]
2025-10-15 19:14:13.010,71.600,Calumet_WaterTempDrop_85,atomic,[Calumet_WaterTempDrop_85],[1.0000],1,1,1.0000,[[CalumetBeach201507050500_Water_Temperature]]
2025-10-15 19:14:13.011,71.601,63rd_WaterTempDrop_85,atomic,[63rd_WaterTempDrop_85],[1.0000],1,1,1.0000,[[63rdStreetBeach201507050500_Water_Temperature]]
2025-10-15 19:14:13.011,71.601,Montrose_WaterTempDrop_85,atomic,[Montrose_WaterTempDrop_85],[1.0000],1,1,1.0000,[[MontroseBeach201507050500_Water_Temperature]]
2025-10-15 19:14:13.075,71.665,Calumet_WaterTempDrop_85,atomic,[Calumet_WaterTempDrop_85],[0.9664],1,1,0.9664,[[CalumetBeach201507050600_Water_Temperature]]
2025-10-15 19:14:13.076,71.666,Montrose_WaterTempDrop_85,atomic,[Montrose_WaterTempDrop_85],[1.0000],1,1,1.0000,[[MontroseBeach201507050600_Water_Temperature]]
2025-10-15 19:14:13.077,71.667,63rd_WaterTempDrop_85,atomic,[63rd_WaterTempDrop_85],[1.0000],1,1,1.0000,[[63rdStreetBeach201507050600_Water_Temperature]]
2025-10-15 19:14:13.139,71.729,Calumet_WaterTempDrop_85,atomic,[Calumet_WaterTempDrop_85],[1.0000],1,1,1.0000,[[CalumetBeach201507050700_Water_Temperature]]
2025-10-15 19:14:13.139,71.729,Montrose_WaterTempDrop_85,atomic,[Montrose_WaterTempDrop_85],[1.0000],1,1,1.0000,[[MontroseBeach201507050700_Water_Temperature]]
2025-10-15 19:14:13.140,71.730,63rd_WaterTempDrop_85,atomic,[63rd_WaterTempDrop_85],[1.0000],1,1,1.0000,[[63rdStreetBeach201507050700_Water_Temperature]]
2025-10-15 19:14:13.202,71.792,Montrose_WaterTempDrop_85,atomic,[Montrose_WaterTempDrop_85],[1.0000],1,1,1.0000,[[MontroseBeach201507050800_Water_Temperature]]
2025-10-15 19:14:13.203,71.793,63rd_WaterTempDrop_85,atomic,[63rd_WaterTempDrop_85],[1.0000],1,1,1.0000,[[63rdStreetBeach201507050800_Water_Temperature]]
2025-10-15 19:14:13.203,71.793,Calumet_WaterTempDrop_85,atomic,[Calumet_WaterTempDrop_85],[1.0000],1,1,1.0000,[[CalumetBeach201507050800_Water_Temperature]]
2025-10-15 19:14:13.262,71.852,Calumet_WaterTempDrop_85,atomic,[Calumet_WaterTempDrop_85],[0.9659],1,1,0.9659,[[CalumetBeach201507050900_Water_Temperature]]
2025-10-15 19:14:13.265,71.855,63rd_WaterTempDrop_85,atomic,[63rd_WaterTempDrop_85],[1.0000],1,1,1.0000,[[63rdStreetBeach201507050900_Water_Temperature]]
2025-10-15 19:14:13.266,71.856,Montrose_WaterTempDrop_85,atomic,[Montrose_WaterTempDrop_85],[1.0000],1,1,1.0000,[[MontroseBeach201507050900_Water_Temperature]]
2025-10-15 19:14:13.326,71.916,Montrose_WaterTempDrop_85,atomic,[Montrose_WaterTempDrop_85],[0.9680],1,1,0.9680,[[MontroseBeach201507051000_Water_Temperature]]
2025-10-15 19:14:13.329,71.919,Calumet_WaterTempDrop_85,atomic,[Calumet_WaterTempDrop_85],[0.9618],1,1,0.9618,[[CalumetBeach201507051000_Water_Temperature]]
2025-10-15 19:14:13.330,71.920,63rd_WaterTempDrop_85,atomic,[63rd_WaterTempDrop_85],[1.0000],1,1,1.0000,[[63rdStreetBeach201507051000_Water_Temperature]]
2025-10-15 19:14:13.388,71.978,Calumet_WaterTempDrop_85,atomic,[Calumet_WaterTempDrop_85],[0.9571],1,1,0.9571,[[CalumetBeach201507051100_Water_Temperature]]
2025-10-15 19:14:13.389,71.979,Montrose_WaterTempDrop_85,atomic,[Montrose_WaterTempDrop_85],[1.0000],1,1,1.0000,[[MontroseBeach201507051100_Water_Temperature]]
2025-10-15 19:14:13.390,71.980,63rd_WaterTempDrop_85,atomic,[63rd_WaterTempDrop_85],[1.0000],1,1,1.0000,[[63rdStreetBeach201507051100_Water_Temperature]]
2025-10-15 19:14:13.456,72.046,Calumet_WaterTempDrop_85,atomic,[Calumet_WaterTempDrop_85],[0.9520],1,1,0.9520,[[CalumetBeach201507051200_Water_Temperature]]
2025-10-15 19:14:13.457,72.047,Montrose_WaterTempDrop_85,atomic,[Montrose_WaterTempDrop_85],[1.0000],1,1,1.0000,[[MontroseBeach201507051200_Water_Temperature]]
2025-10-15 19:14:13.458,72.048,63rd_WaterTempDrop_85,atomic,[63rd_WaterTempDrop_85],[1.0000],1,1,1.0000,[[63rdStreetBeach201507051200_Water_Temperature]]
2025-10-15 19:14:13.514,72.104,Montrose_WaterTempDrop_85,atomic,[Montrose_WaterTempDrop_85],[0.9673],1,1,0.9673,[[MontroseBeach201507051300_Water_Temperature]]
2025-10-15 19:14:13.514,72.104,Calumet_WaterTempDrop_85,atomic,[Calumet_WaterTempDrop_85],[0.9464],1,1,0.9464,[[CalumetBeach201507051300_Water_Temperature]]
2025-10-15 19:14:13.517,72.107,63rd_WaterTempDrop_85,atomic,[63rd_WaterTempDrop_85],[1.0000],1,1,1.0000,[[63rdStreetBeach201507051300_Water_Temperature]]
2025-10-15 19:14:13.582,72.172,63rd_WaterTempDrop_85,atomic,[63rd_WaterTempDrop_85],[0.9708],1,1,0.9708,[[63rdStreetBeach201507051400_Water_Temperature]]
2025-10-15 19:14:13.582,72.172,Montrose_WaterTempDrop_85,atomic,[Montrose_WaterTempDrop_85],[1.0000],1,1,1.0000,[[MontroseBeach201507051400_Water_Temperature]]
2025-10-15 19:14:13.642,72.232,Calumet_WaterTempDrop_85,atomic,[Calumet_WaterTempDrop_85],[0.9488],1,1,0.9488,[[CalumetBeach201507051500_Water_Temperature]]
2025-10-15 19:14:13.642,72.232,Montrose_WaterTempDrop_85,atomic,[Montrose_WaterTempDrop_85],[1.0000],1,1,1.0000,[[MontroseBeach201507051500_Water_Temperature]]
2025-10-15 19:14:13.706,72.296,Montrose_WaterTempDrop_85,atomic,[Montrose_WaterTempDrop_85],[0.9667],1,1,0.9667,[[MontroseBeach201507051600_Water_Temperature]]
2025-10-15 19:14:13.706,72.296,63rd_WaterTempDrop_85,atomic,[63rd_WaterTempDrop_85],[1.0000],1,1,1.0000,[[63rdStreetBeach201507051600_Water_Temperature]]
2025-10-15 19:14:13.767,72.357,Montrose_WaterTempDrop_85,atomic,[Montrose_WaterTempDrop_85],[0.9626],1,1,0.9626,[[MontroseBeach201507051700_Water_Temperature]]
2025-10-15 19:14:13.770,72.360,63rd_WaterTempDrop_85,atomic,[63rd_WaterTempDrop_85],[1.0000],1,1,1.0000,[[63rdStreetBeach201507051700_Water_Temperature]]
2025-10-15 19:14:13.831,72.421,Montrose_WaterTempDrop_85,atomic,[Montrose_WaterTempDrop_85],[0.9580],1,1,0.9580,[[MontroseBeach201507051800_Water_Temperature]]
2025-10-15 19:14:13.834,72.424,63rd_WaterTempDrop_85,atomic,[63rd_WaterTempDrop_85],[1.0000],1,1,1.0000,[[63rdStreetBeach201507051800_Water_Temperature]]
2025-10-15 19:14:13.896,72.486,Montrose_WaterTempDrop_85,atomic,[Montrose_WaterTempDrop_85],[1.0000],1,1,1.0000,[[MontroseBeach201507051900_Water_Temperature]]
2025-10-15 19:14:13.897,72.487,63rd_WaterTempDrop_85,atomic,[63rd_WaterTempDrop_85],[1.0000],1,1,1.0000,[[63rdStreetBeach201507051900_Water_Temperature]]
2025-10-15 19:14:13.959,72.549,Montrose_WaterTempDrop_85,atomic,[Montrose_WaterTempDrop_85],[1.0000],1,1,1.0000,[[MontroseBeach201507052000_Water_Temperature]]
2025-10-15 19:14:13.960,72.550,63rd_WaterTempDrop_85,atomic,[63rd_WaterTempDrop_85],[1.0000],1,1,1.0000,[[63rdStreetBeach201507052000_Water_Temperature]]
2025-10-15 19:14:14.021,72.611,63rd_WaterTempDrop_85,atomic,[63rd_WaterTempDrop_85],[0.9711],1,1,0.9711,[[63rdStreetBeach201507052100_Water_Temperature]]
2025-10-15 19:14:14.021,72.611,Montrose_WaterTempDrop_85,atomic,[Montrose_WaterTempDrop_85],[1.0000],1,1,1.0000,[[MontroseBeach201507052100_Water_Temperature]]
2025-10-15 19:14:14.087,72.677,Montrose_WaterTempDrop_85,atomic,[Montrose_WaterTempDrop_85],[1.0000],1,1,1.0000,[[MontroseBeach201507052200_Water_Temperature]]
2025-10-15 19:14:14.088,72.678,63rd_WaterTempDrop_85,atomic,[63rd_WaterTempDrop_85],[1.0000],1,1,1.0000,[[63rdStreetBeach201507052200_Water_Temperature]]
2025-10-15 19:14:14.148,72.738,63rd_WaterTempDrop_85,atomic,[63rd_WaterTempDrop_85],[0.9684],1,1,0.9684,[[63rdStreetBeach201507052300_Water_Temperature]]
2025-10-15 19:14:14.151,72.741,Montrose_WaterTempDrop_85,atomic,[Montrose_WaterTempDrop_85],[1.0000],1,1,1.0000,[[MontroseBeach201507052300_Water_Temperature]]
2025-10-15 19:14:14.210,72.800,63rd_WaterTempDrop_85,atomic,[63rd_WaterTempDrop_85],[0.9644],1,1,0.9644,[[63rdStreetBeach201507062400_Water_Temperature]]
2025-10-15 19:14:14.217,72.807,Montrose_WaterTempDrop_85,atomic,[Montrose_WaterTempDrop_85],[1.0000],1,1,1.0000,[[MontroseBeach201507062400_Water_Temperature]]
2025-10-15 19:14:14.274,72.864,63rd_WaterTempDrop_85,atomic,[63rd_WaterTempDrop_85],[0.9600],1,1,0.9600,[[63rdStreetBeach201507060100_Water_Temperature]]
2025-10-15 19:14:14.277,72.867,Montrose_WaterTempDrop_85,atomic,[Montrose_WaterTempDrop_85],[1.0000],1,1,1.0000,[[MontroseBeach201507060100_Water_Temperature]]
2025-10-15 19:14:14.339,72.929,Montrose_WaterTempDrop_85,atomic,[Montrose_WaterTempDrop_85],[1.0000],1,1,1.0000,[[MontroseBeach201507060200_Water_Temperature]]
2025-10-15 19:14:14.342,72.932,63rd_WaterTempDrop_85,atomic,[63rd_WaterTempDrop_85],[1.0000],1,1,1.0000,[[63rdStreetBeach201507060200_Water_Temperature]]
2025-10-15 19:14:14.402,72.992,Montrose_WaterTempDrop_85,atomic,[Montrose_WaterTempDrop_85],[1.0000],1,1,1.0000,[[MontroseBeach201507060300_Water_Temperature]]
2025-10-15 19:14:14.404,72.994,63rd_WaterTempDrop_85,atomic,[63rd_WaterTempDrop_85],[1.0000],1,1,1.0000,[[63rdStreetBeach201507060300_Water_Temperature]]
2025-10-15 19:14:14.464,73.054,Montrose_WaterTempDrop_85,atomic,[Montrose_WaterTempDrop_85],[0.9704],1,1,0.9704,[[MontroseBeach201507060400_Water_Temperature]]
2025-10-15 19:14:14.464,73.054,63rd_WaterTempDrop_85,atomic,[63rd_WaterTempDrop_85],[1.0000],1,1,1.0000,[[63rdStreetBeach201507060400_Water_Temperature]]
2025-10-15 19:14:14.527,73.117,63rd_WaterTempDrop_85,atomic,[63rd_WaterTempDrop_85],[0.9639],1,1,0.9639,[[63rdStreetBeach201507060500_Water_Temperature]]
2025-10-15 19:14:14.527,73.117,Montrose_WaterTempDrop_85,atomic,[Montrose_WaterTempDrop_85],[1.0000],1,1,1.0000,[[MontroseBeach201507060500_Water_Temperature]]
2025-10-15 19:14:14.529,73.119,Calumet_WaterTempDrop_85,atomic,[Calumet_WaterTempDrop_85],[1.0000],1,1,1.0000,[[CalumetBeach201507060500_Water_Temperature]]
2025-10-15 19:14:14.592,73.182,Montrose_WaterTempDrop_85,atomic,[Montrose_WaterTempDrop_85],[0.9679],1,1,0.9679,[[MontroseBeach201507060600_Water_Temperature]]
2025-10-15 19:14:14.592,73.182,63rd_WaterTempDrop_85,atomic,[63rd_WaterTempDrop_85],[1.0000],1,1,1.0000,[[63rdStreetBeach201507060600_Water_Temperature]]
2025-10-15 19:14:14.593,73.183,Calumet_WaterTempDrop_85,atomic,[Calumet_WaterTempDrop_85],[1.0000],1,1,1.0000,[[CalumetBeach201507060600_Water_Temperature]]
2025-10-15 19:14:14.654,73.244,Montrose_WaterTempDrop_85,atomic,[Montrose_WaterTempDrop_85],[0.9639],1,1,0.9639,[[MontroseBeach201507060700_Water_Temperature]]
2025-10-15 19:14:14.655,73.245,63rd_WaterTempDrop_85,atomic,[63rd_WaterTempDrop_85],[1.0000],1,1,1.0000,[[63rdStreetBeach201507060700_Water_Temperature]]
2025-10-15 19:14:14.656,73.246,Calumet_WaterTempDrop_85,atomic,[Calumet_WaterTempDrop_85],[1.0000],1,1,1.0000,[[CalumetBeach201507060700_Water_Temperature]]
2025-10-15 19:14:14.718,73.308,Montrose_WaterTempDrop_85,atomic,[Montrose_WaterTempDrop_85],[0.9594],1,1,0.9594,[[MontroseBeach201507060800_Water_Temperature]]
2025-10-15 19:14:14.721,73.311,63rd_WaterTempDrop_85,atomic,[63rd_WaterTempDrop_85],[1.0000],1,1,1.0000,[[63rdStreetBeach201507060800_Water_Temperature]]
2025-10-15 19:14:14.782,73.372,Montrose_WaterTempDrop_85,atomic,[Montrose_WaterTempDrop_85],[0.9545],1,1,0.9545,[[MontroseBeach201507060900_Water_Temperature]]
2025-10-15 19:14:14.784,73.374,Calumet_WaterTempDrop_85,atomic,[Calumet_WaterTempDrop_85],[1.0000],1,1,1.0000,[[CalumetBeach201507060900_Water_Temperature]]
2025-10-15 19:14:14.786,73.376,63rd_WaterTempDrop_85,atomic,[63rd_WaterTempDrop_85],[1.0000],1,1,1.0000,[[63rdStreetBeach201507060900_Water_Temperature]]
2025-10-15 19:14:14.846,73.436,Montrose_WaterTempDrop_85,atomic,[Montrose_WaterTempDrop_85],[1.0000],1,1,1.0000,[[MontroseBeach201507061000_Water_Temperature]]
2025-10-15 19:14:14.847,73.437,63rd_WaterTempDrop_85,atomic,[63rd_WaterTempDrop_85],[1.0000],1,1,1.0000,[[63rdStreetBeach201507061000_Water_Temperature]]
2025-10-15 19:14:14.908,73.498,Calumet_WaterTempDrop_85,atomic,[Calumet_WaterTempDrop_85],[1.0000],1,1,1.0000,[[CalumetBeach201507061100_Water_Temperature]]
2025-10-15 19:14:14.908,73.498,63rd_WaterTempDrop_85,atomic,[63rd_WaterTempDrop_85],[1.0000],1,1,1.0000,[[63rdStreetBeach201507061100_Water_Temperature]]
2025-10-15 19:14:14.909,73.499,Montrose_WaterTempDrop_85,atomic,[Montrose_WaterTempDrop_85],[1.0000],1,1,1.0000,[[MontroseBeach201507061100_Water_Temperature]]
2025-10-15 19:14:14.975,73.565,63rd_WaterTempDrop_85,atomic,[63rd_WaterTempDrop_85],[0.9694],1,1,0.9694,[[63rdStreetBeach201507061200_Water_Temperature]]
2025-10-15 19:14:14.975,73.565,Calumet_WaterTempDrop_85,atomic,[Calumet_WaterTempDrop_85],[1.0000],1,1,1.0000,[[CalumetBeach201507061200_Water_Temperature]]
2025-10-15 19:14:14.976,73.566,Montrose_WaterTempDrop_85,atomic,[Montrose_WaterTempDrop_85],[1.0000],1,1,1.0000,[[MontroseBeach201507061200_Water_Temperature]]
2025-10-15 19:14:15.031,73.621,63rd_WaterTempDrop_85,atomic,[63rd_WaterTempDrop_85],[0.9657],1,1,0.9657,[[63rdStreetBeach201507061300_Water_Temperature]]
2025-10-15 19:14:15.033,73.623,Calumet_WaterTempDrop_85,atomic,[Calumet_WaterTempDrop_85],[1.0000],1,1,1.0000,[[CalumetBeach201507061300_Water_Temperature]]
2025-10-15 19:14:15.034,73.624,Montrose_WaterTempDrop_85,atomic,[Montrose_WaterTempDrop_85],[1.0000],1,1,1.0000,[[MontroseBeach201507061300_Water_Temperature]]
2025-10-15 19:14:15.096,73.686,Calumet_WaterTempDrop_85,atomic,[Calumet_WaterTempDrop_85],[0.9648],1,1,0.9648,[[CalumetBeach201507061400_Water_Temperature]]
2025-10-15 19:14:15.096,73.686,Montrose_WaterTempDrop_85,atomic,[Montrose_WaterTempDrop_85],[1.0000],1,1,1.0000,[[MontroseBeach201507061400_Water_Temperature]]
2025-10-15 19:14:15.097,73.687,63rd_WaterTempDrop_85,atomic,[63rd_WaterTempDrop_85],[1.0000],1,1,1.0000,[[63rdStreetBeach201507061400_Water_Temperature]]
2025-10-15 19:14:15.157,73.747,63rd_WaterTempDrop_85,atomic,[63rd_WaterTempDrop_85],[0.9637],1,1,0.9637,[[63rdStreetBeach201507061500_Water_Temperature]]
2025-10-15 19:14:15.160,73.750,Calumet_WaterTempDrop_85,atomic,[Calumet_WaterTempDrop_85],[1.0000],1,1,1.0000,[[CalumetBeach201507061500_Water_Temperature]]
2025-10-15 19:14:15.160,73.750,Montrose_WaterTempDrop_85,atomic,[Montrose_WaterTempDrop_85],[1.0000],1,1,1.0000,[[MontroseBeach201507061500_Water_Temperature]]
2025-10-15 19:14:15.223,73.813,63rd_WaterTempDrop_85,atomic,[63rd_WaterTempDrop_85],[1.0000],1,1,1.0000,[[63rdStreetBeach201507061600_Water_Temperature]]
2025-10-15 19:14:15.224,73.814,Calumet_WaterTempDrop_85,atomic,[Calumet_WaterTempDrop_85],[1.0000],1,1,1.0000,[[CalumetBeach201507061600_Water_Temperature]]
2025-10-15 19:14:15.224,73.814,Montrose_WaterTempDrop_85,atomic,[Montrose_WaterTempDrop_85],[1.0000],1,1,1.0000,[[MontroseBeach201507061600_Water_Temperature]]
2025-10-15 19:14:15.285,73.875,63rd_WaterTempDrop_85,atomic,[63rd_WaterTempDrop_85],[1.0000],1,1,1.0000,[[63rdStreetBeach201507061700_Water_Temperature]]
2025-10-15 19:14:15.285,73.875,Calumet_WaterTempDrop_85,atomic,[Calumet_WaterTempDrop_85],[1.0000],1,1,1.0000,[[CalumetBeach201507061700_Water_Temperature]]
2025-10-15 19:14:15.286,73.876,Montrose_WaterTempDrop_85,atomic,[Montrose_WaterTempDrop_85],[1.0000],1,1,1.0000,[[MontroseBeach201507061700_Water_Temperature]]
2025-10-15 19:14:15.346,73.936,Calumet_WaterTempDrop_85,atomic,[Calumet_WaterTempDrop_85],[0.9670],1,1,0.9670,[[CalumetBeach201507061800_Water_Temperature]]
2025-10-15 19:14:15.346,73.936,63rd_WaterTempDrop_85,atomic,[63rd_WaterTempDrop_85],[0.9643],1,1,0.9643,[[63rdStreetBeach201507061800_Water_Temperature]]
2025-10-15 19:14:15.348,73.938,Montrose_WaterTempDrop_85,atomic,[Montrose_WaterTempDrop_85],[1.0000],1,1,1.0000,[[MontroseBeach201507061800_Water_Temperature]]
2025-10-15 19:14:15.408,73.998,Montrose_WaterTempDrop_85,atomic,[Montrose_WaterTempDrop_85],[0.9701],1,1,0.9701,[[MontroseBeach201507061900_Water_Temperature]]
2025-10-15 19:14:15.411,74.001,63rd_WaterTempDrop_85,atomic,[63rd_WaterTempDrop_85],[1.0000],1,1,1.0000,[[63rdStreetBeach201507061900_Water_Temperature]]
2025-10-15 19:14:15.411,74.001,Calumet_WaterTempDrop_85,atomic,[Calumet_WaterTempDrop_85],[1.0000],1,1,1.0000,[[CalumetBeach201507061900_Water_Temperature]]
2025-10-15 19:14:15.474,74.064,Montrose_WaterTempDrop_85,atomic,[Montrose_WaterTempDrop_85],[0.9664],1,1,0.9664,[[MontroseBeach201507062000_Water_Temperature]]
2025-10-15 19:14:15.475,74.065,63rd_WaterTempDrop_85,atomic,[63rd_WaterTempDrop_85],[0.9627],1,1,0.9627,[[63rdStreetBeach201507062000_Water_Temperature]]
2025-10-15 19:14:15.477,74.067,Calumet_WaterTempDrop_85,atomic,[Calumet_WaterTempDrop_85],[1.0000],1,1,1.0000,[[CalumetBeach201507062000_Water_Temperature]]
2025-10-15 19:14:15.534,74.124,Montrose_WaterTempDrop_85,atomic,[Montrose_WaterTempDrop_85],[0.9623],1,1,0.9623,[[MontroseBeach201507062100_Water_Temperature]]
2025-10-15 19:14:15.536,74.126,63rd_WaterTempDrop_85,atomic,[63rd_WaterTempDrop_85],[0.9582],1,1,0.9582,[[63rdStreetBeach201507062100_Water_Temperature]]
2025-10-15 19:14:15.537,74.127,Calumet_WaterTempDrop_85,atomic,[Calumet_WaterTempDrop_85],[1.0000],1,1,1.0000,[[CalumetBeach201507062100_Water_Temperature]]
2025-10-15 19:14:15.597,74.187,Calumet_WaterTempDrop_85,atomic,[Calumet_WaterTempDrop_85],[0.9679],1,1,0.9679,[[CalumetBeach201507062200_Water_Temperature]]
2025-10-15 19:14:15.598,74.188,63rd_WaterTempDrop_85,atomic,[63rd_WaterTempDrop_85],[0.9533],1,1,0.9533,[[63rdStreetBeach201507062200_Water_Temperature]]
2025-10-15 19:14:15.601,74.191,Montrose_WaterTempDrop_85,atomic,[Montrose_WaterTempDrop_85],[1.0000],1,1,1.0000,[[MontroseBeach201507062200_Water_Temperature]]
2025-10-15 19:14:15.659,74.249,Calumet_WaterTempDrop_85,atomic,[Calumet_WaterTempDrop_85],[0.9640],1,1,0.9640,[[CalumetBeach201507062300_Water_Temperature]]
2025-10-15 19:14:15.660,74.250,63rd_WaterTempDrop_85,atomic,[63rd_WaterTempDrop_85],[0.9479],1,1,0.9479,[[63rdStreetBeach201507062300_Water_Temperature]]
2025-10-15 19:14:15.662,74.252,Montrose_WaterTempDrop_85,atomic,[Montrose_WaterTempDrop_85],[1.0000],1,1,1.0000,[[MontroseBeach201507062300_Water_Temperature]]
2025-10-15 19:14:15.727,74.317,Montrose_WaterTempDrop_85,atomic,[Montrose_WaterTempDrop_85],[1.0000],1,1,1.0000,[[MontroseBeach201507072400_Water_Temperature]]
2025-10-15 19:14:15.729,74.319,Calumet_WaterTempDrop_85,atomic,[Calumet_WaterTempDrop_85],[1.0000],1,1,1.0000,[[CalumetBeach201507072400_Water_Temperature]]
2025-10-15 19:14:15.730,74.320,63rd_WaterTempDrop_85,atomic,[63rd_WaterTempDrop_85],[1.0000],1,1,1.0000,[[63rdStreetBeach201507072400_Water_Temperature]]
2025-10-15 19:14:15.787,74.377,Calumet_WaterTempDrop_85,atomic,[Calumet_WaterTempDrop_85],[1.0000],1,1,1.0000,[[CalumetBeach201507070100_Water_Temperature]]
2025-10-15 19:14:15.788,74.378,Montrose_WaterTempDrop_85,atomic,[Montrose_WaterTempDrop_85],[1.0000],1,1,1.0000,[[MontroseBeach201507070100_Water_Temperature]]
2025-10-15 19:14:15.792,74.382,63rd_WaterTempDrop_85,atomic,[63rd_WaterTempDrop_85],[1.0000],1,1,1.0000,[[63rdStreetBeach201507070100_Water_Temperature]]
2025-10-15 19:14:15.850,74.440,Montrose_WaterTempDrop_85,atomic,[Montrose_WaterTempDrop_85],[0.9668],1,1,0.9668,[[MontroseBeach201507070200_Water_Temperature]]
2025-10-15 19:14:15.852,74.442,63rd_WaterTempDrop_85,atomic,[63rd_WaterTempDrop_85],[1.0000],1,1,1.0000,[[63rdStreetBeach201507070200_Water_Temperature]]
2025-10-15 19:14:15.852,74.442,Calumet_WaterTempDrop_85,atomic,[Calumet_WaterTempDrop_85],[1.0000],1,1,1.0000,[[CalumetBeach201507070200_Water_Temperature]]
2025-10-15 19:14:15.912,74.502,63rd_WaterTempDrop_85,atomic,[63rd_WaterTempDrop_85],[0.9593],1,1,0.9593,[[63rdStreetBeach201507070300_Water_Temperature]]
2025-10-15 19:14:15.912,74.502,Montrose_WaterTempDrop_85,atomic,[Montrose_WaterTempDrop_85],[0.9627],1,1,0.9627,[[MontroseBeach201507070300_Water_Temperature]]
2025-10-15 19:14:15.914,74.504,Calumet_WaterTempDrop_85,atomic,[Calumet_WaterTempDrop_85],[0.9661],1,1,0.9661,[[CalumetBeach201507070300_Water_Temperature]]
2025-10-15 19:14:15.978,74.568,Montrose_WaterTempDrop_85,atomic,[Montrose_WaterTempDrop_85],[1.0000],1,1,1.0000,[[MontroseBeach201507070400_Water_Temperature]]
2025-10-15 19:14:15.979,74.569,Calumet_WaterTempDrop_85,atomic,[Calumet_WaterTempDrop_85],[1.0000],1,1,1.0000,[[CalumetBeach201507070400_Water_Temperature]]
2025-10-15 19:14:15.980,74.570,63rd_WaterTempDrop_85,atomic,[63rd_WaterTempDrop_85],[1.0000],1,1,1.0000,[[63rdStreetBeach201507070400_Water_Temperature]]
2025-10-15 19:14:16.040,74.630,63rd_WaterTempDrop_85,atomic,[63rd_WaterTempDrop_85],[0.9589],1,1,0.9589,[[63rdStreetBeach201507070500_Water_Temperature]]
2025-10-15 19:14:16.041,74.631,Montrose_WaterTempDrop_85,atomic,[Montrose_WaterTempDrop_85],[1.0000],1,1,1.0000,[[MontroseBeach201507070500_Water_Temperature]]
2025-10-15 19:14:16.041,74.631,Calumet_WaterTempDrop_85,atomic,[Calumet_WaterTempDrop_85],[0.9641],1,1,0.9641,[[CalumetBeach201507070500_Water_Temperature]]
2025-10-15 19:14:16.105,74.695,Montrose_WaterTempDrop_85,atomic,[Montrose_WaterTempDrop_85],[1.0000],1,1,1.0000,[[MontroseBeach201507070600_Water_Temperature]]
2025-10-15 19:14:16.106,74.696,Calumet_WaterTempDrop_85,atomic,[Calumet_WaterTempDrop_85],[1.0000],1,1,1.0000,[[CalumetBeach201507070600_Water_Temperature]]
2025-10-15 19:14:16.107,74.697,63rd_WaterTempDrop_85,atomic,[63rd_WaterTempDrop_85],[1.0000],1,1,1.0000,[[63rdStreetBeach201507070600_Water_Temperature]]
2025-10-15 19:14:16.165,74.755,63rd_WaterTempDrop_85,atomic,[63rd_WaterTempDrop_85],[0.9585],1,1,0.9585,[[63rdStreetBeach201507070700_Water_Temperature]]
2025-10-15 19:14:16.166,74.756,Calumet_WaterTempDrop_85,atomic,[Calumet_WaterTempDrop_85],[0.9624],1,1,0.9624,[[CalumetBeach201507070700_Water_Temperature]]
2025-10-15 19:14:16.168,74.758,63rd_HighWave_85,atomic,[63rd_HighWave_85],[1.0000],1,1,1.0000,[[63rdStreetBeach201507070700_Wave_Height]]
2025-10-15 19:14:16.169,74.759,Montrose_WaterTempDrop_85,atomic,[Montrose_WaterTempDrop_85],[1.0000],1,1,1.0000,[[MontroseBeach201507070700_Water_Temperature]]
2025-10-15 19:14:16.232,74.822,Calumet_WaterTempDrop_85,atomic,[Calumet_WaterTempDrop_85],[0.9579],1,1,0.9579,[[CalumetBeach201507070800_Water_Temperature]]
2025-10-15 19:14:16.232,74.822,Montrose_WaterTempDrop_85,atomic,[Montrose_WaterTempDrop_85],[1.0000],1,1,1.0000,[[MontroseBeach201507070800_Water_Temperature]]
2025-10-15 19:14:16.233,74.823,Montrose_HighWave_85,atomic,[Montrose_HighWave_85],[1.0000],1,1,1.0000,[[MontroseBeach201507070800_Wave_Height]]
2025-10-15 19:14:16.294,74.884,Calumet_WaterTempDrop_85,atomic,[Calumet_WaterTempDrop_85],[0.9529],1,1,0.9529,[[CalumetBeach201507070900_Water_Temperature]]
2025-10-15 19:14:16.297,74.887,Montrose_WaterTempDrop_85,atomic,[Montrose_WaterTempDrop_85],[1.0000],1,1,1.0000,[[MontroseBeach201507070900_Water_Temperature]]
2025-10-15 19:14:16.357,74.947,Montrose_WaterTempDrop_85,atomic,[Montrose_WaterTempDrop_85],[0.9692],1,1,0.9692,[[MontroseBeach201507071000_Water_Temperature]]
2025-10-15 19:14:16.358,74.948,Calumet_WaterTempDrop_85,atomic,[Calumet_WaterTempDrop_85],[0.9474],1,1,0.9474,[[CalumetBeach201507071000_Water_Temperature]]
2025-10-15 19:14:16.420,75.010,Montrose_WaterTempDrop_85,atomic,[Montrose_WaterTempDrop_85],[0.9654],1,1,0.9654,[[MontroseBeach201507071100_Water_Temperature]]
2025-10-15 19:14:16.422,75.012,63rd_WaterTempDrop_85,atomic,[63rd_WaterTempDrop_85],[1.0000],1,1,1.0000,[[63rdStreetBeach201507071100_Water_Temperature]]
2025-10-15 19:14:16.422,75.012,Calumet_WaterTempDrop_85,atomic,[Calumet_WaterTempDrop_85],[1.0000],1,1,1.0000,[[CalumetBeach201507071100_Water_Temperature]]
2025-10-15 19:14:16.485,75.075,Montrose_WaterTempDrop_85,atomic,[Montrose_WaterTempDrop_85],[1.0000],1,1,1.0000,[[MontroseBeach201507071200_Water_Temperature]]
2025-10-15 19:14:16.485,75.075,Calumet_WaterTempDrop_85,atomic,[Calumet_WaterTempDrop_85],[1.0000],1,1,1.0000,[[CalumetBeach201507071200_Water_Temperature]]
2025-10-15 19:14:16.546,75.136,Montrose_WaterTempDrop_85,atomic,[Montrose_WaterTempDrop_85],[0.9635],1,1,0.9635,[[MontroseBeach201507071300_Water_Temperature]]
2025-10-15 19:14:16.547,75.137,Calumet_WaterTempDrop_85,atomic,[Calumet_WaterTempDrop_85],[0.9550],1,1,0.9550,[[CalumetBeach201507071300_Water_Temperature]]
2025-10-15 19:14:16.548,75.138,63rd_WaterTempDrop_85,atomic,[63rd_WaterTempDrop_85],[0.9583],1,1,0.9583,[[63rdStreetBeach201507071300_Water_Temperature]]
2025-10-15 19:14:16.608,75.198,Montrose_WaterTempDrop_85,atomic,[Montrose_WaterTempDrop_85],[0.9591],1,1,0.9591,[[MontroseBeach201507071400_Water_Temperature]]
2025-10-15 19:14:16.610,75.200,Calumet_WaterTempDrop_85,atomic,[Calumet_WaterTempDrop_85],[0.9498],1,1,0.9498,[[CalumetBeach201507071400_Water_Temperature]]
2025-10-15 19:14:16.610,75.200,63rd_WaterTempDrop_85,atomic,[63rd_WaterTempDrop_85],[1.0000],1,1,1.0000,[[63rdStreetBeach201507071400_Water_Temperature]]
2025-10-15 19:14:16.671,75.261,Calumet_WaterTempDrop_85,atomic,[Calumet_WaterTempDrop_85],[1.0000],1,1,1.0000,[[CalumetBeach201507071500_Water_Temperature]]
2025-10-15 19:14:16.672,75.262,Montrose_WaterTempDrop_85,atomic,[Montrose_WaterTempDrop_85],[0.9543],1,1,0.9543,[[MontroseBeach201507071500_Water_Temperature]]
2025-10-15 19:14:16.672,75.262,63rd_WaterTempDrop_85,atomic,[63rd_WaterTempDrop_85],[1.0000],1,1,1.0000,[[63rdStreetBeach201507071500_Water_Temperature]]
2025-10-15 19:14:16.673,75.263,Montrose_HighWave_85,atomic,[Montrose_HighWave_85],[1.0000],1,1,1.0000,[[MontroseBeach201507071500_Wave_Height]]
2025-10-15 19:14:16.733,75.323,Calumet_WaterTempDrop_85,atomic,[Calumet_WaterTempDrop_85],[0.9515],1,1,0.9515,[[CalumetBeach201507071600_Water_Temperature]]
2025-10-15 19:14:16.734,75.324,Montrose_WaterTempDrop_85,atomic,[Montrose_WaterTempDrop_85],[1.0000],1,1,1.0000,[[MontroseBeach201507071600_Water_Temperature]]
2025-10-15 19:14:16.736,75.326,63rd_WaterTempDrop_85,atomic,[63rd_WaterTempDrop_85],[1.0000],1,1,1.0000,[[63rdStreetBeach201507071600_Water_Temperature]]
2025-10-15 19:14:16.737,75.327,63rd_HighWave_85,atomic,[63rd_HighWave_85],[1.0000],1,1,1.0000,[[63rdStreetBeach201507071600_Wave_Height]]
2025-10-15 19:14:16.796,75.386,Montrose_WaterTempDrop_85,atomic,[Montrose_WaterTempDrop_85],[1.0000],1,1,1.0000,[[MontroseBeach201507071700_Water_Temperature]]
2025-10-15 19:14:16.796,75.386,Calumet_WaterTempDrop_85,atomic,[Calumet_WaterTempDrop_85],[1.0000],1,1,1.0000,[[CalumetBeach201507071700_Water_Temperature]]
2025-10-15 19:14:16.857,75.447,Calumet_WaterTempDrop_85,atomic,[Calumet_WaterTempDrop_85],[0.9528],1,1,0.9528,[[CalumetBeach201507071800_Water_Temperature]]
2025-10-15 19:14:16.860,75.450,63rd_WaterTempDrop_85,atomic,[63rd_WaterTempDrop_85],[1.0000],1,1,1.0000,[[63rdStreetBeach201507071800_Water_Temperature]]
2025-10-15 19:14:16.860,75.450,63rd_HighWave_85,atomic,[63rd_HighWave_85],[1.0000],1,1,1.0000,[[63rdStreetBeach201507071800_Wave_Height]]
2025-10-15 19:14:16.861,75.451,Montrose_WaterTempDrop_85,atomic,[Montrose_WaterTempDrop_85],[1.0000],1,1,1.0000,[[MontroseBeach201507071800_Water_Temperature]]
2025-10-15 19:14:16.919,75.509,Montrose_WaterTempDrop_85,atomic,[Montrose_WaterTempDrop_85],[0.9617],1,1,0.9617,[[MontroseBeach201507071900_Water_Temperature]]
2025-10-15 19:14:16.919,75.509,Calumet_WaterTempDrop_85,atomic,[Calumet_WaterTempDrop_85],[0.9476],1,1,0.9476,[[CalumetBeach201507071900_Water_Temperature]]
2025-10-15 19:14:16.919,75.509,Montrose_HighWave_85,atomic,[Montrose_HighWave_85],[1.0000],1,1,1.0000,[[MontroseBeach201507071900_Wave_Height]]
2025-10-15 19:14:16.986,75.576,Montrose_WaterTempDrop_85,atomic,[Montrose_WaterTempDrop_85],[0.9572],1,1,0.9572,[[MontroseBeach201507072000_Water_Temperature]]
2025-10-15 19:14:16.987,75.577,Calumet_WaterTempDrop_85,atomic,[Calumet_WaterTempDrop_85],[1.0000],1,1,1.0000,[[CalumetBeach201507072000_Water_Temperature]]
2025-10-15 19:14:16.987,75.577,63rd_WaterTempDrop_85,atomic,[63rd_WaterTempDrop_85],[1.0000],1,1,1.0000,[[63rdStreetBeach201507072000_Water_Temperature]]
2025-10-15 19:14:16.987,75.577,Montrose_HighWave_85,atomic,[Montrose_HighWave_85],[1.0000],1,1,1.0000,[[MontroseBeach201507072000_Wave_Height]]
2025-10-15 19:14:17.045,75.635,Calumet_WaterTempDrop_85,atomic,[Calumet_WaterTempDrop_85],[0.9500],1,1,0.9500,[[CalumetBeach201507072100_Water_Temperature]]
2025-10-15 19:14:17.046,75.636,Montrose_WaterTempDrop_85,atomic,[Montrose_WaterTempDrop_85],[1.0000],1,1,1.0000,[[MontroseBeach201507072100_Water_Temperature]]
2025-10-15 19:14:17.111,75.701,63rd_WaterTempDrop_85,atomic,[63rd_WaterTempDrop_85],[1.0000],1,1,1.0000,[[63rdStreetBeach201507072200_Water_Temperature]]
2025-10-15 19:14:17.111,75.701,Montrose_WaterTempDrop_85,atomic,[Montrose_WaterTempDrop_85],[1.0000],1,1,1.0000,[[MontroseBeach201507072200_Water_Temperature]]
2025-10-15 19:14:17.111,75.701,Calumet_WaterTempDrop_85,atomic,[Calumet_WaterTempDrop_85],[1.0000],1,1,1.0000,[[CalumetBeach201507072200_Water_Temperature]]
2025-10-15 19:14:17.171,75.761,63rd_WaterTempDrop_85,atomic,[63rd_WaterTempDrop_85],[0.9687],1,1,0.9687,[[63rdStreetBeach201507072300_Water_Temperature]]
2025-10-15 19:14:17.172,75.762,Calumet_WaterTempDrop_85,atomic,[Calumet_WaterTempDrop_85],[1.0000],1,1,1.0000,[[CalumetBeach201507072300_Water_Temperature]]
2025-10-15 19:14:17.172,75.762,Montrose_WaterTempDrop_85,atomic,[Montrose_WaterTempDrop_85],[1.0000],1,1,1.0000,[[MontroseBeach201507072300_Water_Temperature]]
2025-10-15 19:14:17.235,75.825,Montrose_WaterTempDrop_85,atomic,[Montrose_WaterTempDrop_85],[1.0000],1,1,1.0000,[[MontroseBeach201507082400_Water_Temperature]]
2025-10-15 19:14:17.235,75.825,Montrose_HighWave_85,atomic,[Montrose_HighWave_85],[1.0000],1,1,1.0000,[[MontroseBeach201507082400_Wave_Height]]
2025-10-15 19:14:17.235,75.825,Calumet_WaterTempDrop_85,atomic,[Calumet_WaterTempDrop_85],[1.0000],1,1,1.0000,[[CalumetBeach201507082400_Water_Temperature]]
2025-10-15 19:14:17.235,75.825,Calumet_HighTurbidity_85,atomic,[Calumet_HighTurbidity_85],[1.0000],1,1,1.0000,[[CalumetBeach201507082400_Turbidity]]
2025-10-15 19:14:17.236,75.826,Calumet_LocalAlert_85,complex,[Calumet_HighTurbidity_85;Calumet_WaterTempDrop_85],[1.0000;1.0000],2,2,1.0000,[[CalumetBeach201507082400_Turbidity];[CalumetBeach201506290800_Water_Temperature]]
2025-10-15 19:14:17.295,75.885,Montrose_WaterTempDrop_85,atomic,[Montrose_WaterTempDrop_85],[1.0000],1,1,1.0000,[[MontroseBeach201507080100_Water_Temperature]]
2025-10-15 19:14:17.296,75.886,63rd_WaterTempDrop_85,atomic,[63rd_WaterTempDrop_85],[1.0000],1,1,1.0000,[[63rdStreetBeach201507080100_Water_Temperature]]
2025-10-15 19:14:17.296,75.886,Calumet_WaterTempDrop_85,atomic,[Calumet_WaterTempDrop_85],[1.0000],1,1,1.0000,[[CalumetBeach201507080100_Water_Temperature]]
2025-10-15 19:14:17.358,75.948,Calumet_HighTurbidity_85,atomic,[Calumet_HighTurbidity_85],[0.8800],1,1,0.8800,[[CalumetBeach201507080200_Turbidity]]
2025-10-15 19:14:17.359,75.949,Calumet_LocalAlert_85,complex,[Calumet_HighTurbidity_85;Calumet_WaterTempDrop_85],[0.8800;1.0000],2,2,0.9400,[[CalumetBeach201507080200_Turbidity];[CalumetBeach201507080100_Water_Temperature]]
2025-10-15 19:14:17.359,75.949,63rd_WaterTempDrop_85,atomic,[63rd_WaterTempDrop_85],[1.0000],1,1,1.0000,[[63rdStreetBeach201507080200_Water_Temperature]]
2025-10-15 19:14:17.359,75.949,Montrose_WaterTempDrop_85,atomic,[Montrose_WaterTempDrop_85],[1.0000],1,1,1.0000,[[MontroseBeach201507080200_Water_Temperature]]
2025-10-15 19:14:17.359,75.949,Calumet_WaterTempDrop_85,atomic,[Calumet_WaterTempDrop_85],[1.0000],1,1,1.0000,[[CalumetBeach201507080200_Water_Temperature]]
2025-10-15 19:14:17.419,76.009,Montrose_WaterTempDrop_85,atomic,[Montrose_WaterTempDrop_85],[0.9682],1,1,0.9682,[[MontroseBeach201507080300_Water_Temperature]]
2025-10-15 19:14:17.420,76.010,63rd_WaterTempDrop_85,atomic,[63rd_WaterTempDrop_85],[1.0000],1,1,1.0000,[[63rdStreetBeach201507080300_Water_Temperature]]
2025-10-15 19:14:17.420,76.010,Calumet_WaterTempDrop_85,atomic,[Calumet_WaterTempDrop_85],[1.0000],1,1,1.0000,[[CalumetBeach201507080300_Water_Temperature]]
2025-10-15 19:14:17.420,76.010,Calumet_HighTurbidity_85,atomic,[Calumet_HighTurbidity_85],[1.0000],1,1,1.0000,[[CalumetBeach201507080300_Turbidity]]
2025-10-15 19:14:17.421,76.011,Calumet_LocalAlert_85,complex,[Calumet_HighTurbidity_85;Calumet_WaterTempDrop_85],[1.0000;1.0000],2,2,1.0000,[[CalumetBeach201507080300_Turbidity];[CalumetBeach201507080200_Water_Temperature]]
2025-10-15 19:14:17.421,76.011,Montrose_HighWave_85,atomic,[Montrose_HighWave_85],[1.0000],1,1,1.0000,[[MontroseBeach201507080300_Wave_Height]]
2025-10-15 19:14:17.480,76.070,Montrose_WaterTempDrop_85,atomic,[Montrose_WaterTempDrop_85],[0.9644],1,1,0.9644,[[MontroseBeach201507080400_Water_Temperature]]
2025-10-15 19:14:17.480,76.070,63rd_WaterTempDrop_85,atomic,[63rd_WaterTempDrop_85],[0.9690],1,1,0.9690,[[63rdStreetBeach201507080400_Water_Temperature]]
2025-10-15 19:14:17.481,76.071,Calumet_WaterTempDrop_85,atomic,[Calumet_WaterTempDrop_85],[0.9672],1,1,0.9672,[[CalumetBeach201507080400_Water_Temperature]]
2025-10-15 19:14:17.481,76.071,Calumet_HighTurbidity_85,atomic,[Calumet_HighTurbidity_85],[0.8926],1,1,0.8926,[[CalumetBeach201507080400_Turbidity]]
2025-10-15 19:14:17.481,76.071,Calumet_LocalAlert_85,complex,[Calumet_HighTurbidity_85;Calumet_WaterTempDrop_85],[0.8926;0.9672],2,2,0.9299,[[CalumetBeach201507080400_Turbidity];[CalumetBeach201507080400_Water_Temperature]]
2025-10-15 19:14:17.541,76.131,Calumet_HighTurbidity_85,atomic,[Calumet_HighTurbidity_85],[0.8775],1,1,0.8775,[[CalumetBeach201507080500_Turbidity]]
2025-10-15 19:14:17.543,76.133,Calumet_WaterTempDrop_85,atomic,[Calumet_WaterTempDrop_85],[1.0000],1,1,1.0000,[[CalumetBeach201507080500_Water_Temperature]]
2025-10-15 19:14:17.543,76.133,Calumet_LocalAlert_85,complex,[Calumet_HighTurbidity_85;Calumet_WaterTempDrop_85],[0.8775;1.0000],2,2,0.9387,[[CalumetBeach201507080500_Turbidity];[CalumetBeach201507080500_Water_Temperature]]
2025-10-15 19:14:17.544,76.134,Montrose_WaterTempDrop_85,atomic,[Montrose_WaterTempDrop_85],[0.9601],1,1,0.9601,[[MontroseBeach201507080500_Water_Temperature]]
2025-10-15 19:14:17.544,76.134,63rd_WaterTempDrop_85,atomic,[63rd_WaterTempDrop_85],[1.0000],1,1,1.0000,[[63rdStreetBeach201507080500_Water_Temperature]]
2025-10-15 19:14:17.544,76.134,Montrose_HighWave_85,atomic,[Montrose_HighWave_85],[1.0000],1,1,1.0000,[[MontroseBeach201507080500_Wave_Height]]
2025-10-15 19:14:17.604,76.194,Calumet_WaterTempDrop_85,atomic,[Calumet_WaterTempDrop_85],[0.9655],1,1,0.9655,[[CalumetBeach201507080600_Water_Temperature]]
2025-10-15 19:14:17.605,76.195,Calumet_HighTurbidity_85,atomic,[Calumet_HighTurbidity_85],[0.8608],1,1,0.8608,[[CalumetBeach201507080600_Turbidity]]
2025-10-15 19:14:17.605,76.195,Calumet_LocalAlert_85,complex,[Calumet_HighTurbidity_85;Calumet_WaterTempDrop_85],[0.8608;0.9655],2,2,0.9132,[[CalumetBeach201507080600_Turbidity];[CalumetBeach201507080600_Water_Temperature]]
2025-10-15 19:14:17.606,76.196,Montrose_WaterTempDrop_85,atomic,[Montrose_WaterTempDrop_85],[1.0000],1,1,1.0000,[[MontroseBeach201507080600_Water_Temperature]]
2025-10-15 19:14:17.606,76.196,Montrose_HighWave_85,atomic,[Montrose_HighWave_85],[1.0000],1,1,1.0000,[[MontroseBeach201507080600_Wave_Height]]
2025-10-15 19:14:17.665,76.255,63rd_WaterTempDrop_85,atomic,[63rd_WaterTempDrop_85],[0.9667],1,1,0.9667,[[63rdStreetBeach201507080700_Water_Temperature]]
2025-10-15 19:14:17.667,76.257,Montrose_WaterTempDrop_85,atomic,[Montrose_WaterTempDrop_85],[1.0000],1,1,1.0000,[[MontroseBeach201507080700_Water_Temperature]]
2025-10-15 19:14:17.667,76.257,Montrose_HighWave_85,atomic,[Montrose_HighWave_85],[1.0000],1,1,1.0000,[[MontroseBeach201507080700_Wave_Height]]
2025-10-15 19:14:17.668,76.258,Calumet_WaterTempDrop_85,atomic,[Calumet_WaterTempDrop_85],[1.0000],1,1,1.0000,[[CalumetBeach201507080700_Water_Temperature]]
2025-10-15 19:14:17.730,76.320,Montrose_HighWave_85,atomic,[Montrose_HighWave_85],[0.8741],1,1,0.8741,[[MontroseBeach201507080800_Wave_Height]]
2025-10-15 19:14:17.730,76.320,Calumet_WaterTempDrop_85,atomic,[Calumet_WaterTempDrop_85],[0.9639],1,1,0.9639,[[CalumetBeach201507080800_Water_Temperature]]
2025-10-15 19:14:17.731,76.321,Montrose_WaterTempDrop_85,atomic,[Montrose_WaterTempDrop_85],[1.0000],1,1,1.0000,[[MontroseBeach201507080800_Water_Temperature]]
2025-10-15 19:14:17.792,76.382,Calumet_WaterTempDrop_85,atomic,[Calumet_WaterTempDrop_85],[1.0000],1,1,1.0000,[[CalumetBeach201507080900_Water_Temperature]]
2025-10-15 19:14:17.792,76.382,Montrose_WaterTempDrop_85,atomic,[Montrose_WaterTempDrop_85],[1.0000],1,1,1.0000,[[MontroseBeach201507080900_Water_Temperature]]
2025-10-15 19:14:17.855,76.445,Montrose_WaterTempDrop_85,atomic,[Montrose_WaterTempDrop_85],[1.0000],1,1,1.0000,[[MontroseBeach201507081000_Water_Temperature]]
2025-10-15 19:14:17.855,76.445,63rd_WaterTempDrop_85,atomic,[63rd_WaterTempDrop_85],[1.0000],1,1,1.0000,[[63rdStreetBeach201507081000_Water_Temperature]]
2025-10-15 19:14:17.857,76.447,Calumet_WaterTempDrop_85,atomic,[Calumet_WaterTempDrop_85],[1.0000],1,1,1.0000,[[CalumetBeach201507081000_Water_Temperature]]
2025-10-15 19:14:17.917,76.507,63rd_WaterTempDrop_85,atomic,[63rd_WaterTempDrop_85],[0.9646],1,1,0.9646,[[63rdStreetBeach201507081100_Water_Temperature]]
2025-10-15 19:14:17.918,76.508,Montrose_WaterTempDrop_85,atomic,[Montrose_WaterTempDrop_85],[1.0000],1,1,1.0000,[[MontroseBeach201507081100_Water_Temperature]]
2025-10-15 19:14:17.920,76.510,Calumet_WaterTempDrop_85,atomic,[Calumet_WaterTempDrop_85],[1.0000],1,1,1.0000,[[CalumetBeach201507081100_Water_Temperature]]
2025-10-15 19:14:17.979,76.569,Montrose_WaterTempDrop_85,atomic,[Montrose_WaterTempDrop_85],[1.0000],1,1,1.0000,[[MontroseBeach201507081200_Water_Temperature]]
2025-10-15 19:14:17.980,76.570,Calumet_WaterTempDrop_85,atomic,[Calumet_WaterTempDrop_85],[1.0000],1,1,1.0000,[[CalumetBeach201507081200_Water_Temperature]]
2025-10-15 19:14:18.043,76.633,Calumet_WaterTempDrop_85,atomic,[Calumet_WaterTempDrop_85],[1.0000],1,1,1.0000,[[CalumetBeach201507081300_Water_Temperature]]
2025-10-15 19:14:18.045,76.635,63rd_WaterTempDrop_85,atomic,[63rd_WaterTempDrop_85],[0.9603],1,1,0.9603,[[63rdStreetBeach201507081300_Water_Temperature]]
2025-10-15 19:14:18.046,76.636,Montrose_WaterTempDrop_85,atomic,[Montrose_WaterTempDrop_85],[1.0000],1,1,1.0000,[[MontroseBeach201507081300_Water_Temperature]]
2025-10-15 19:14:18.106,76.696,Montrose_WaterTempDrop_85,atomic,[Montrose_WaterTempDrop_85],[1.0000],1,1,1.0000,[[MontroseBeach201507081400_Water_Temperature]]
2025-10-15 19:14:18.108,76.698,Calumet_WaterTempDrop_85,atomic,[Calumet_WaterTempDrop_85],[1.0000],1,1,1.0000,[[CalumetBeach201507081400_Water_Temperature]]
2025-10-15 19:14:18.168,76.758,Calumet_WaterTempDrop_85,atomic,[Calumet_WaterTempDrop_85],[0.9696],1,1,0.9696,[[CalumetBeach201507081500_Water_Temperature]]
2025-10-15 19:14:18.168,76.758,Montrose_WaterTempDrop_85,atomic,[Montrose_WaterTempDrop_85],[1.0000],1,1,1.0000,[[MontroseBeach201507081500_Water_Temperature]]
2025-10-15 19:14:18.231,76.821,Calumet_WaterTempDrop_85,atomic,[Calumet_WaterTempDrop_85],[0.9658],1,1,0.9658,[[CalumetBeach201507081600_Water_Temperature]]
2025-10-15 19:14:18.233,76.823,Montrose_WaterTempDrop_85,atomic,[Montrose_WaterTempDrop_85],[0.9714],1,1,0.9714,[[MontroseBeach201507081600_Water_Temperature]]
2025-10-15 19:14:18.233,76.823,63rd_WaterTempDrop_85,atomic,[63rd_WaterTempDrop_85],[0.9556],1,1,0.9556,[[63rdStreetBeach201507081600_Water_Temperature]]
2025-10-15 19:14:18.298,76.888,Montrose_WaterTempDrop_85,atomic,[Montrose_WaterTempDrop_85],[0.9678],1,1,0.9678,[[MontroseBeach201507081700_Water_Temperature]]
2025-10-15 19:14:18.302,76.892,63rd_WaterTempDrop_85,atomic,[63rd_WaterTempDrop_85],[1.0000],1,1,1.0000,[[63rdStreetBeach201507081700_Water_Temperature]]
2025-10-15 19:14:18.302,76.892,Calumet_WaterTempDrop_85,atomic,[Calumet_WaterTempDrop_85],[1.0000],1,1,1.0000,[[CalumetBeach201507081700_Water_Temperature]]
2025-10-15 19:14:18.360,76.950,63rd_WaterTempDrop_85,atomic,[63rd_WaterTempDrop_85],[0.9555],1,1,0.9555,[[63rdStreetBeach201507081800_Water_Temperature]]
2025-10-15 19:14:18.361,76.951,Calumet_WaterTempDrop_85,atomic,[Calumet_WaterTempDrop_85],[1.0000],1,1,1.0000,[[CalumetBeach201507081800_Water_Temperature]]
2025-10-15 19:14:18.362,76.952,Montrose_WaterTempDrop_85,atomic,[Montrose_WaterTempDrop_85],[1.0000],1,1,1.0000,[[MontroseBeach201507081800_Water_Temperature]]
2025-10-15 19:14:18.420,77.010,Calumet_WaterTempDrop_85,atomic,[Calumet_WaterTempDrop_85],[0.9656],1,1,0.9656,[[CalumetBeach201507081900_Water_Temperature]]
2025-10-15 19:14:18.422,77.012,63rd_WaterTempDrop_85,atomic,[63rd_WaterTempDrop_85],[0.9502],1,1,0.9502,[[63rdStreetBeach201507081900_Water_Temperature]]
2025-10-15 19:14:18.423,77.013,Montrose_WaterTempDrop_85,atomic,[Montrose_WaterTempDrop_85],[1.0000],1,1,1.0000,[[MontroseBeach201507081900_Water_Temperature]]
2025-10-15 19:14:18.487,77.077,63rd_WaterTempDrop_85,atomic,[63rd_WaterTempDrop_85],[1.0000],1,1,1.0000,[[63rdStreetBeach201507082000_Water_Temperature]]
2025-10-15 19:14:18.487,77.077,Montrose_WaterTempDrop_85,atomic,[Montrose_WaterTempDrop_85],[0.9669],1,1,0.9669,[[MontroseBeach201507082000_Water_Temperature]]
2025-10-15 19:14:18.488,77.078,Calumet_WaterTempDrop_85,atomic,[Calumet_WaterTempDrop_85],[1.0000],1,1,1.0000,[[CalumetBeach201507082000_Water_Temperature]]
2025-10-15 19:14:18.548,77.138,Montrose_WaterTempDrop_85,atomic,[Montrose_WaterTempDrop_85],[0.9628],1,1,0.9628,[[MontroseBeach201507082100_Water_Temperature]]
2025-10-15 19:14:18.548,77.138,63rd_WaterTempDrop_85,atomic,[63rd_WaterTempDrop_85],[1.0000],1,1,1.0000,[[63rdStreetBeach201507082100_Water_Temperature]]
2025-10-15 19:14:18.549,77.139,Calumet_WaterTempDrop_85,atomic,[Calumet_WaterTempDrop_85],[1.0000],1,1,1.0000,[[CalumetBeach201507082100_Water_Temperature]]
2025-10-15 19:14:18.612,77.202,63rd_WaterTempDrop_85,atomic,[63rd_WaterTempDrop_85],[1.0000],1,1,1.0000,[[63rdStreetBeach201507082200_Water_Temperature]]
2025-10-15 19:14:18.613,77.203,Calumet_WaterTempDrop_85,atomic,[Calumet_WaterTempDrop_85],[1.0000],1,1,1.0000,[[CalumetBeach201507082200_Water_Temperature]]
2025-10-15 19:14:18.613,77.203,Montrose_WaterTempDrop_85,atomic,[Montrose_WaterTempDrop_85],[1.0000],1,1,1.0000,[[MontroseBeach201507082200_Water_Temperature]]
2025-10-15 19:14:18.674,77.264,Montrose_WaterTempDrop_85,atomic,[Montrose_WaterTempDrop_85],[1.0000],1,1,1.0000,[[MontroseBeach201507082300_Water_Temperature]]
2025-10-15 19:14:18.674,77.264,Calumet_WaterTempDrop_85,atomic,[Calumet_WaterTempDrop_85],[1.0000],1,1,1.0000,[[CalumetBeach201507082300_Water_Temperature]]
2025-10-15 19:14:18.736,77.326,Montrose_WaterTempDrop_85,atomic,[Montrose_WaterTempDrop_85],[0.9635],1,1,0.9635,[[MontroseBeach201507092400_Water_Temperature]]
2025-10-15 19:14:18.737,77.327,Calumet_WaterTempDrop_85,atomic,[Calumet_WaterTempDrop_85],[1.0000],1,1,1.0000,[[CalumetBeach201507092400_Water_Temperature]]
2025-10-15 19:14:18.737,77.327,Montrose_HighTurbidity_85,atomic,[Montrose_HighTurbidity_85],[1.0000],1,1,1.0000,[[MontroseBeach201507092400_Turbidity]]
2025-10-15 19:14:18.739,77.329,Montrose_LocalAlert_85,complex,[Montrose_HighTurbidity_85;Montrose_WaterTempDrop_85],[1.0000;1.0000],2,2,1.0000,[[MontroseBeach201507092400_Turbidity];[MontroseBeach201506272200_Water_Temperature]]
2025-10-15 19:14:18.798,77.388,Calumet_WaterTempDrop_85,atomic,[Calumet_WaterTempDrop_85],[0.9689],1,1,0.9689,[[CalumetBeach201507090100_Water_Temperature]]
2025-10-15 19:14:18.799,77.389,Montrose_HighTurbidity_85,atomic,[Montrose_HighTurbidity_85],[0.8515],1,1,0.8515,[[MontroseBeach201507090100_Turbidity]]
2025-10-15 19:14:18.801,77.391,Montrose_WaterTempDrop_85,atomic,[Montrose_WaterTempDrop_85],[1.0000],1,1,1.0000,[[MontroseBeach201507090100_Water_Temperature]]
2025-10-15 19:14:18.802,77.392,Montrose_LocalAlert_85,complex,[Montrose_HighTurbidity_85;Montrose_WaterTempDrop_85],[0.8515;1.0000],2,2,0.9257,[[MontroseBeach201507090100_Turbidity];[MontroseBeach201507090100_Water_Temperature]]
2025-10-15 19:14:18.802,77.392,63rd_WaterTempDrop_85,atomic,[63rd_WaterTempDrop_85],[1.0000],1,1,1.0000,[[63rdStreetBeach201507090100_Water_Temperature]]
2025-10-15 19:14:18.862,77.452,Montrose_WaterTempDrop_85,atomic,[Montrose_WaterTempDrop_85],[0.9619],1,1,0.9619,[[MontroseBeach201507090200_Water_Temperature]]
2025-10-15 19:14:18.865,77.455,Calumet_WaterTempDrop_85,atomic,[Calumet_WaterTempDrop_85],[1.0000],1,1,1.0000,[[CalumetBeach201507090200_Water_Temperature]]
2025-10-15 19:14:18.866,77.456,63rd_WaterTempDrop_85,atomic,[63rd_WaterTempDrop_85],[1.0000],1,1,1.0000,[[63rdStreetBeach201507090200_Water_Temperature]]
2025-10-15 19:14:18.925,77.515,Calumet_WaterTempDrop_85,atomic,[Calumet_WaterTempDrop_85],[1.0000],1,1,1.0000,[[CalumetBeach201507090300_Water_Temperature]]
2025-10-15 19:14:18.926,77.516,Montrose_WaterTempDrop_85,atomic,[Montrose_WaterTempDrop_85],[1.0000],1,1,1.0000,[[MontroseBeach201507090300_Water_Temperature]]
2025-10-15 19:14:18.990,77.580,Montrose_WaterTempDrop_85,atomic,[Montrose_WaterTempDrop_85],[1.0000],1,1,1.0000,[[MontroseBeach201507090400_Water_Temperature]]
2025-10-15 19:14:18.990,77.580,63rd_WaterTempDrop_85,atomic,[63rd_WaterTempDrop_85],[1.0000],1,1,1.0000,[[63rdStreetBeach201507090400_Water_Temperature]]
2025-10-15 19:14:18.992,77.582,Calumet_WaterTempDrop_85,atomic,[Calumet_WaterTempDrop_85],[1.0000],1,1,1.0000,[[CalumetBeach201507090400_Water_Temperature]]
2025-10-15 19:14:19.053,77.643,63rd_WaterTempDrop_85,atomic,[63rd_WaterTempDrop_85],[1.0000],1,1,1.0000,[[63rdStreetBeach201507090500_Water_Temperature]]
2025-10-15 19:14:19.055,77.645,Montrose_WaterTempDrop_85,atomic,[Montrose_WaterTempDrop_85],[1.0000],1,1,1.0000,[[MontroseBeach201507090500_Water_Temperature]]
2025-10-15 19:14:19.055,77.645,Montrose_HighWave_85,atomic,[Montrose_HighWave_85],[1.0000],1,1,1.0000,[[MontroseBeach201507090500_Wave_Height]]
2025-10-15 19:14:19.055,77.645,Calumet_WaterTempDrop_85,atomic,[Calumet_WaterTempDrop_85],[1.0000],1,1,1.0000,[[CalumetBeach201507090500_Water_Temperature]]
2025-10-15 19:14:19.118,77.708,63rd_WaterTempDrop_85,atomic,[63rd_WaterTempDrop_85],[1.0000],1,1,1.0000,[[63rdStreetBeach201507090600_Water_Temperature]]
2025-10-15 19:14:19.120,77.710,Calumet_WaterTempDrop_85,atomic,[Calumet_WaterTempDrop_85],[1.0000],1,1,1.0000,[[CalumetBeach201507090600_Water_Temperature]]
2025-10-15 19:14:19.120,77.710,Montrose_WaterTempDrop_85,atomic,[Montrose_WaterTempDrop_85],[1.0000],1,1,1.0000,[[MontroseBeach201507090600_Water_Temperature]]
2025-10-15 19:14:19.181,77.771,63rd_WaterTempDrop_85,atomic,[63rd_WaterTempDrop_85],[1.0000],1,1,1.0000,[[63rdStreetBeach201507090700_Water_Temperature]]
2025-10-15 19:14:19.181,77.771,Calumet_WaterTempDrop_85,atomic,[Calumet_WaterTempDrop_85],[1.0000],1,1,1.0000,[[CalumetBeach201507090700_Water_Temperature]]
2025-10-15 19:14:19.182,77.772,Montrose_WaterTempDrop_85,atomic,[Montrose_WaterTempDrop_85],[1.0000],1,1,1.0000,[[MontroseBeach201507090700_Water_Temperature]]
2025-10-15 19:14:19.242,77.832,Calumet_WaterTempDrop_85,atomic,[Calumet_WaterTempDrop_85],[1.0000],1,1,1.0000,[[CalumetBeach201507090800_Water_Temperature]]
2025-10-15 19:14:19.244,77.834,Montrose_WaterTempDrop_85,atomic,[Montrose_WaterTempDrop_85],[1.0000],1,1,1.0000,[[MontroseBeach201507090800_Water_Temperature]]
2025-10-15 19:14:19.306,77.896,Montrose_WaterTempDrop_85,atomic,[Montrose_WaterTempDrop_85],[1.0000],1,1,1.0000,[[MontroseBeach201507090900_Water_Temperature]]
2025-10-15 19:14:19.307,77.897,Montrose_HighWave_85,atomic,[Montrose_HighWave_85],[1.0000],1,1,1.0000,[[MontroseBeach201507090900_Wave_Height]]
2025-10-15 19:14:19.307,77.897,Calumet_WaterTempDrop_85,atomic,[Calumet_WaterTempDrop_85],[1.0000],1,1,1.0000,[[CalumetBeach201507090900_Water_Temperature]]
2025-10-15 19:14:19.367,77.957,Calumet_WaterTempDrop_85,atomic,[Calumet_WaterTempDrop_85],[1.0000],1,1,1.0000,[[CalumetBeach201507091000_Water_Temperature]]
2025-10-15 19:14:19.370,77.960,63rd_WaterTempDrop_85,atomic,[63rd_WaterTempDrop_85],[1.0000],1,1,1.0000,[[63rdStreetBeach201507091000_Water_Temperature]]
2025-10-15 19:14:19.372,77.962,Montrose_WaterTempDrop_85,atomic,[Montrose_WaterTempDrop_85],[1.0000],1,1,1.0000,[[MontroseBeach201507091000_Water_Temperature]]
2025-10-15 19:14:19.372,77.962,Montrose_HighWave_85,atomic,[Montrose_HighWave_85],[1.0000],1,1,1.0000,[[MontroseBeach201507091000_Wave_Height]]
2025-10-15 19:14:19.429,78.019,Montrose_WaterTempDrop_85,atomic,[Montrose_WaterTempDrop_85],[0.9705],1,1,0.9705,[[MontroseBeach201507091100_Water_Temperature]]
2025-10-15 19:14:19.432,78.022,Calumet_WaterTempDrop_85,atomic,[Calumet_WaterTempDrop_85],[0.9718],1,1,0.9718,[[CalumetBeach201507091100_Water_Temperature]]
2025-10-15 19:14:19.432,78.022,63rd_WaterTempDrop_85,atomic,[63rd_WaterTempDrop_85],[1.0000],1,1,1.0000,[[63rdStreetBeach201507091100_Water_Temperature]]
2025-10-15 19:14:19.496,78.086,Calumet_WaterTempDrop_85,atomic,[Calumet_WaterTempDrop_85],[1.0000],1,1,1.0000,[[CalumetBeach201507091200_Water_Temperature]]
2025-10-15 19:14:19.497,78.087,Montrose_WaterTempDrop_85,atomic,[Montrose_WaterTempDrop_85],[1.0000],1,1,1.0000,[[MontroseBeach201507091200_Water_Temperature]]
2025-10-15 19:14:19.497,78.087,Montrose_HighWave_85,atomic,[Montrose_HighWave_85],[1.0000],1,1,1.0000,[[MontroseBeach201507091200_Wave_Height]]
2025-10-15 19:14:19.497,78.087,63rd_WaterTempDrop_85,atomic,[63rd_WaterTempDrop_85],[1.0000],1,1,1.0000,[[63rdStreetBeach201507091200_Water_Temperature]]
2025-10-15 19:14:19.556,78.146,63rd_WaterTempDrop_85,atomic,[63rd_WaterTempDrop_85],[0.9717],1,1,0.9717,[[63rdStreetBeach201507091300_Water_Temperature]]
2025-10-15 19:14:19.557,78.147,Montrose_WaterTempDrop_85,atomic,[Montrose_WaterTempDrop_85],[1.0000],1,1,1.0000,[[MontroseBeach201507091300_Water_Temperature]]
2025-10-15 19:14:19.559,78.149,Calumet_WaterTempDrop_85,atomic,[Calumet_WaterTempDrop_85],[1.0000],1,1,1.0000,[[CalumetBeach201507091300_Water_Temperature]]
2025-10-15 19:14:19.620,78.210,Montrose_WaterTempDrop_85,atomic,[Montrose_WaterTempDrop_85],[1.0000],1,1,1.0000,[[MontroseBeach201507091400_Water_Temperature]]
2025-10-15 19:14:19.620,78.210,Calumet_WaterTempDrop_85,atomic,[Calumet_WaterTempDrop_85],[1.0000],1,1,1.0000,[[CalumetBeach201507091400_Water_Temperature]]
2025-10-15 19:14:19.683,78.273,Montrose_WaterTempDrop_85,atomic,[Montrose_WaterTempDrop_85],[1.0000],1,1,1.0000,[[MontroseBeach201507091500_Water_Temperature]]
2025-10-15 19:14:19.684,78.274,63rd_WaterTempDrop_85,atomic,[63rd_WaterTempDrop_85],[1.0000],1,1,1.0000,[[63rdStreetBeach201507091500_Water_Temperature]]
2025-10-15 19:14:19.684,78.274,Calumet_WaterTempDrop_85,atomic,[Calumet_WaterTempDrop_85],[1.0000],1,1,1.0000,[[CalumetBeach201507091500_Water_Temperature]]
2025-10-15 19:14:19.747,78.337,Calumet_WaterTempDrop_85,atomic,[Calumet_WaterTempDrop_85],[1.0000],1,1,1.0000,[[CalumetBeach201507091600_Water_Temperature]]
2025-10-15 19:14:19.747,78.337,Montrose_WaterTempDrop_85,atomic,[Montrose_WaterTempDrop_85],[1.0000],1,1,1.0000,[[MontroseBeach201507091600_Water_Temperature]]
2025-10-15 19:14:19.748,78.338,63rd_WaterTempDrop_85,atomic,[63rd_WaterTempDrop_85],[1.0000],1,1,1.0000,[[63rdStreetBeach201507091600_Water_Temperature]]
2025-10-15 19:14:19.809,78.399,Montrose_WaterTempDrop_85,atomic,[Montrose_WaterTempDrop_85],[1.0000],1,1,1.0000,[[MontroseBeach201507091700_Water_Temperature]]
2025-10-15 19:14:19.809,78.399,Calumet_WaterTempDrop_85,atomic,[Calumet_WaterTempDrop_85],[1.0000],1,1,1.0000,[[CalumetBeach201507091700_Water_Temperature]]
2025-10-15 19:14:19.810,78.400,63rd_WaterTempDrop_85,atomic,[63rd_WaterTempDrop_85],[1.0000],1,1,1.0000,[[63rdStreetBeach201507091700_Water_Temperature]]
2025-10-15 19:14:19.871,78.461,Montrose_WaterTempDrop_85,atomic,[Montrose_WaterTempDrop_85],[1.0000],1,1,1.0000,[[MontroseBeach201507091800_Water_Temperature]]
2025-10-15 19:14:19.873,78.463,Calumet_WaterTempDrop_85,atomic,[Calumet_WaterTempDrop_85],[1.0000],1,1,1.0000,[[CalumetBeach201507091800_Water_Temperature]]
2025-10-15 19:14:19.930,78.520,Calumet_WaterTempDrop_85,atomic,[Calumet_WaterTempDrop_85],[0.9718],1,1,0.9718,[[CalumetBeach201507091900_Water_Temperature]]
2025-10-15 19:14:19.933,78.523,Montrose_WaterTempDrop_85,atomic,[Montrose_WaterTempDrop_85],[0.9718],1,1,0.9718,[[MontroseBeach201507091900_Water_Temperature]]
2025-10-15 19:14:19.933,78.523,63rd_WaterTempDrop_85,atomic,[63rd_WaterTempDrop_85],[1.0000],1,1,1.0000,[[63rdStreetBeach201507091900_Water_Temperature]]
2025-10-15 19:14:19.995,78.585,Calumet_WaterTempDrop_85,atomic,[Calumet_WaterTempDrop_85],[0.9682],1,1,0.9682,[[CalumetBeach201507092000_Water_Temperature]]
2025-10-15 19:14:19.996,78.586,63rd_WaterTempDrop_85,atomic,[63rd_WaterTempDrop_85],[0.9709],1,1,0.9709,[[63rdStreetBeach201507092000_Water_Temperature]]
2025-10-15 19:14:20.000,78.590,Montrose_WaterTempDrop_85,atomic,[Montrose_WaterTempDrop_85],[1.0000],1,1,1.0000,[[MontroseBeach201507092000_Water_Temperature]]
2025-10-15 19:14:20.060,78.650,63rd_WaterTempDrop_85,atomic,[63rd_WaterTempDrop_85],[1.0000],1,1,1.0000,[[63rdStreetBeach201507092100_Water_Temperature]]
2025-10-15 19:14:20.060,78.650,Montrose_WaterTempDrop_85,atomic,[Montrose_WaterTempDrop_85],[1.0000],1,1,1.0000,[[MontroseBeach201507092100_Water_Temperature]]
2025-10-15 19:14:20.061,78.651,Calumet_WaterTempDrop_85,atomic,[Calumet_WaterTempDrop_85],[1.0000],1,1,1.0000,[[CalumetBeach201507092100_Water_Temperature]]
2025-10-15 19:14:20.122,78.712,63rd_WaterTempDrop_85,atomic,[63rd_WaterTempDrop_85],[0.9682],1,1,0.9682,[[63rdStreetBeach201507092200_Water_Temperature]]
2025-10-15 19:14:20.123,78.713,Montrose_WaterTempDrop_85,atomic,[Montrose_WaterTempDrop_85],[1.0000],1,1,1.0000,[[MontroseBeach201507092200_Water_Temperature]]
2025-10-15 19:14:20.125,78.715,Calumet_WaterTempDrop_85,atomic,[Calumet_WaterTempDrop_85],[1.0000],1,1,1.0000,[[CalumetBeach201507092200_Water_Temperature]]
2025-10-15 19:14:20.185,78.775,63rd_WaterTempDrop_85,atomic,[63rd_WaterTempDrop_85],[0.9641],1,1,0.9641,[[63rdStreetBeach201507092300_Water_Temperature]]
2025-10-15 19:14:20.186,78.776,Calumet_WaterTempDrop_85,atomic,[Calumet_WaterTempDrop_85],[1.0000],1,1,1.0000,[[CalumetBeach201507092300_Water_Temperature]]
2025-10-15 19:14:20.187,78.777,Montrose_WaterTempDrop_85,atomic,[Montrose_WaterTempDrop_85],[1.0000],1,1,1.0000,[[MontroseBeach201507092300_Water_Temperature]]
2025-10-15 19:14:20.249,78.839,Calumet_WaterTempDrop_85,atomic,[Calumet_WaterTempDrop_85],[1.0000],1,1,1.0000,[[CalumetBeach201507102400_Water_Temperature]]
2025-10-15 19:14:20.251,78.841,Montrose_WaterTempDrop_85,atomic,[Montrose_WaterTempDrop_85],[1.0000],1,1,1.0000,[[MontroseBeach201507102400_Water_Temperature]]
2025-10-15 19:14:20.252,78.842,63rd_WaterTempDrop_85,atomic,[63rd_WaterTempDrop_85],[1.0000],1,1,1.0000,[[63rdStreetBeach201507102400_Water_Temperature]]
2025-10-15 19:14:20.309,78.899,63rd_WaterTempDrop_85,atomic,[63rd_WaterTempDrop_85],[0.9622],1,1,0.9622,[[63rdStreetBeach201507100100_Water_Temperature]]
2025-10-15 19:14:20.310,78.900,Calumet_WaterTempDrop_85,atomic,[Calumet_WaterTempDrop_85],[0.9689],1,1,0.9689,[[CalumetBeach201507100100_Water_Temperature]]
2025-10-15 19:14:20.312,78.902,Montrose_WaterTempDrop_85,atomic,[Montrose_WaterTempDrop_85],[1.0000],1,1,1.0000,[[MontroseBeach201507100100_Water_Temperature]]
2025-10-15 19:14:20.377,78.967,63rd_WaterTempDrop_85,atomic,[63rd_WaterTempDrop_85],[1.0000],1,1,1.0000,[[63rdStreetBeach201507100200_Water_Temperature]]
2025-10-15 19:14:20.378,78.968,Calumet_WaterTempDrop_85,atomic,[Calumet_WaterTempDrop_85],[1.0000],1,1,1.0000,[[CalumetBeach201507100200_Water_Temperature]]
2025-10-15 19:14:20.379,78.969,Montrose_WaterTempDrop_85,atomic,[Montrose_WaterTempDrop_85],[1.0000],1,1,1.0000,[[MontroseBeach201507100200_Water_Temperature]]
2025-10-15 19:14:20.438,79.028,Calumet_WaterTempDrop_85,atomic,[Calumet_WaterTempDrop_85],[1.0000],1,1,1.0000,[[CalumetBeach201507100300_Water_Temperature]]
2025-10-15 19:14:20.439,79.029,Montrose_WaterTempDrop_85,atomic,[Montrose_WaterTempDrop_85],[1.0000],1,1,1.0000,[[MontroseBeach201507100300_Water_Temperature]]
2025-10-15 19:14:20.440,79.030,63rd_WaterTempDrop_85,atomic,[63rd_WaterTempDrop_85],[1.0000],1,1,1.0000,[[63rdStreetBeach201507100300_Water_Temperature]]
2025-10-15 19:14:20.501,79.091,63rd_WaterTempDrop_85,atomic,[63rd_WaterTempDrop_85],[1.0000],1,1,1.0000,[[63rdStreetBeach201507100400_Water_Temperature]]
2025-10-15 19:14:20.502,79.092,Montrose_WaterTempDrop_85,atomic,[Montrose_WaterTempDrop_85],[1.0000],1,1,1.0000,[[MontroseBeach201507100400_Water_Temperature]]
2025-10-15 19:14:20.502,79.092,Calumet_WaterTempDrop_85,atomic,[Calumet_WaterTempDrop_85],[1.0000],1,1,1.0000,[[CalumetBeach201507100400_Water_Temperature]]
2025-10-15 19:14:20.563,79.153,Montrose_WaterTempDrop_85,atomic,[Montrose_WaterTempDrop_85],[1.0000],1,1,1.0000,[[MontroseBeach201507100500_Water_Temperature]]
2025-10-15 19:14:20.563,79.153,Calumet_WaterTempDrop_85,atomic,[Calumet_WaterTempDrop_85],[1.0000],1,1,1.0000,[[CalumetBeach201507100500_Water_Temperature]]
2025-10-15 19:14:20.565,79.155,63rd_WaterTempDrop_85,atomic,[63rd_WaterTempDrop_85],[1.0000],1,1,1.0000,[[63rdStreetBeach201507100500_Water_Temperature]]
2025-10-15 19:14:20.626,79.216,Calumet_WaterTempDrop_85,atomic,[Calumet_WaterTempDrop_85],[0.9695],1,1,0.9695,[[CalumetBeach201507100600_Water_Temperature]]
2025-10-15 19:14:20.627,79.217,63rd_WaterTempDrop_85,atomic,[63rd_WaterTempDrop_85],[1.0000],1,1,1.0000,[[63rdStreetBeach201507100600_Water_Temperature]]
2025-10-15 19:14:20.628,79.218,Montrose_WaterTempDrop_85,atomic,[Montrose_WaterTempDrop_85],[1.0000],1,1,1.0000,[[MontroseBeach201507100600_Water_Temperature]]
2025-10-15 19:14:20.687,79.277,Montrose_WaterTempDrop_85,atomic,[Montrose_WaterTempDrop_85],[0.9727],1,1,0.9727,[[MontroseBeach201507100700_Water_Temperature]]
2025-10-15 19:14:20.689,79.279,63rd_WaterTempDrop_85,atomic,[63rd_WaterTempDrop_85],[1.0000],1,1,1.0000,[[63rdStreetBeach201507100700_Water_Temperature]]
2025-10-15 19:14:20.690,79.280,Calumet_WaterTempDrop_85,atomic,[Calumet_WaterTempDrop_85],[1.0000],1,1,1.0000,[[CalumetBeach201507100700_Water_Temperature]]
2025-10-15 19:14:20.753,79.343,Montrose_WaterTempDrop_85,atomic,[Montrose_WaterTempDrop_85],[1.0000],1,1,1.0000,[[MontroseBeach201507100800_Water_Temperature]]
2025-10-15 19:14:20.754,79.344,Calumet_WaterTempDrop_85,atomic,[Calumet_WaterTempDrop_85],[1.0000],1,1,1.0000,[[CalumetBeach201507100800_Water_Temperature]]
2025-10-15 19:14:20.755,79.345,63rd_WaterTempDrop_85,atomic,[63rd_WaterTempDrop_85],[1.0000],1,1,1.0000,[[63rdStreetBeach201507100800_Water_Temperature]]
2025-10-15 19:14:20.816,79.406,Calumet_WaterTempDrop_85,atomic,[Calumet_WaterTempDrop_85],[1.0000],1,1,1.0000,[[CalumetBeach201507100900_Water_Temperature]]
2025-10-15 19:14:20.817,79.407,63rd_WaterTempDrop_85,atomic,[63rd_WaterTempDrop_85],[1.0000],1,1,1.0000,[[63rdStreetBeach201507100900_Water_Temperature]]
2025-10-15 19:14:20.818,79.408,Montrose_WaterTempDrop_85,atomic,[Montrose_WaterTempDrop_85],[1.0000],1,1,1.0000,[[MontroseBeach201507100900_Water_Temperature]]
2025-10-15 19:14:20.873,79.463,63rd_WaterTempDrop_85,atomic,[63rd_WaterTempDrop_85],[0.9703],1,1,0.9703,[[63rdStreetBeach201507101000_Water_Temperature]]
2025-10-15 19:14:20.875,79.465,Calumet_WaterTempDrop_85,atomic,[Calumet_WaterTempDrop_85],[0.9691],1,1,0.9691,[[CalumetBeach201507101000_Water_Temperature]]
2025-10-15 19:14:20.879,79.469,Montrose_WaterTempDrop_85,atomic,[Montrose_WaterTempDrop_85],[1.0000],1,1,1.0000,[[MontroseBeach201507101000_Water_Temperature]]
2025-10-15 19:14:20.937,79.527,Calumet_WaterTempDrop_85,atomic,[Calumet_WaterTempDrop_85],[0.9652],1,1,0.9652,[[CalumetBeach201507101100_Water_Temperature]]
2025-10-15 19:14:20.939,79.529,63rd_WaterTempDrop_85,atomic,[63rd_WaterTempDrop_85],[1.0000],1,1,1.0000,[[63rdStreetBeach201507101100_Water_Temperature]]
2025-10-15 19:14:20.940,79.530,Montrose_WaterTempDrop_85,atomic,[Montrose_WaterTempDrop_85],[1.0000],1,1,1.0000,[[MontroseBeach201507101100_Water_Temperature]]
2025-10-15 19:14:21.002,79.592,63rd_WaterTempDrop_85,atomic,[63rd_WaterTempDrop_85],[1.0000],1,1,1.0000,[[63rdStreetBeach201507101200_Water_Temperature]]
2025-10-15 19:14:21.003,79.593,Calumet_WaterTempDrop_85,atomic,[Calumet_WaterTempDrop_85],[1.0000],1,1,1.0000,[[CalumetBeach201507101200_Water_Temperature]]
2025-10-15 19:14:21.004,79.594,Montrose_WaterTempDrop_85,atomic,[Montrose_WaterTempDrop_85],[1.0000],1,1,1.0000,[[MontroseBeach201507101200_Water_Temperature]]
2025-10-15 19:14:21.072,79.662,Montrose_WaterTempDrop_85,atomic,[Montrose_WaterTempDrop_85],[1.0000],1,1,1.0000,[[MontroseBeach201507101300_Water_Temperature]]
2025-10-15 19:14:21.072,79.662,Calumet_WaterTempDrop_85,atomic,[Calumet_WaterTempDrop_85],[0.9633],1,1,0.9633,[[CalumetBeach201507101300_Water_Temperature]]
2025-10-15 19:14:21.075,79.665,63rd_WaterTempDrop_85,atomic,[63rd_WaterTempDrop_85],[0.9688],1,1,0.9688,[[63rdStreetBeach201507101300_Water_Temperature]]
2025-10-15 19:14:21.129,79.719,Calumet_WaterTempDrop_85,atomic,[Calumet_WaterTempDrop_85],[1.0000],1,1,1.0000,[[CalumetBeach201507101400_Water_Temperature]]
2025-10-15 19:14:21.130,79.720,63rd_WaterTempDrop_85,atomic,[63rd_WaterTempDrop_85],[0.9649],1,1,0.9649,[[63rdStreetBeach201507101400_Water_Temperature]]
2025-10-15 19:14:21.131,79.721,Montrose_WaterTempDrop_85,atomic,[Montrose_WaterTempDrop_85],[1.0000],1,1,1.0000,[[MontroseBeach201507101400_Water_Temperature]]
2025-10-15 19:14:21.190,79.780,63rd_WaterTempDrop_85,atomic,[63rd_WaterTempDrop_85],[1.0000],1,1,1.0000,[[63rdStreetBeach201507101500_Water_Temperature]]
2025-10-15 19:14:21.191,79.781,Montrose_WaterTempDrop_85,atomic,[Montrose_WaterTempDrop_85],[0.9720],1,1,0.9720,[[MontroseBeach201507101500_Water_Temperature]]
2025-10-15 19:14:21.191,79.781,Calumet_WaterTempDrop_85,atomic,[Calumet_WaterTempDrop_85],[1.0000],1,1,1.0000,[[CalumetBeach201507101500_Water_Temperature]]
2025-10-15 19:14:21.253,79.843,Calumet_WaterTempDrop_85,atomic,[Calumet_WaterTempDrop_85],[0.9640],1,1,0.9640,[[CalumetBeach201507101600_Water_Temperature]]
2025-10-15 19:14:21.254,79.844,Montrose_WaterTempDrop_85,atomic,[Montrose_WaterTempDrop_85],[0.9684],1,1,0.9684,[[MontroseBeach201507101600_Water_Temperature]]
2025-10-15 19:14:21.315,79.905,Montrose_WaterTempDrop_85,atomic,[Montrose_WaterTempDrop_85],[0.9644],1,1,0.9644,[[MontroseBeach201507101700_Water_Temperature]]
2025-10-15 19:14:21.317,79.907,63rd_WaterTempDrop_85,atomic,[63rd_WaterTempDrop_85],[1.0000],1,1,1.0000,[[63rdStreetBeach201507101700_Water_Temperature]]
2025-10-15 19:14:21.319,79.909,Calumet_WaterTempDrop_85,atomic,[Calumet_WaterTempDrop_85],[1.0000],1,1,1.0000,[[CalumetBeach201507101700_Water_Temperature]]
2025-10-15 19:14:21.382,79.972,Montrose_WaterTempDrop_85,atomic,[Montrose_WaterTempDrop_85],[1.0000],1,1,1.0000,[[MontroseBeach201507101800_Water_Temperature]]
2025-10-15 19:14:21.383,79.973,63rd_WaterTempDrop_85,atomic,[63rd_WaterTempDrop_85],[1.0000],1,1,1.0000,[[63rdStreetBeach201507101800_Water_Temperature]]
2025-10-15 19:14:21.442,80.032,Calumet_WaterTempDrop_85,atomic,[Calumet_WaterTempDrop_85],[0.9646],1,1,0.9646,[[CalumetBeach201507101900_Water_Temperature]]
2025-10-15 19:14:21.443,80.033,Montrose_WaterTempDrop_85,atomic,[Montrose_WaterTempDrop_85],[0.9624],1,1,0.9624,[[MontroseBeach201507101900_Water_Temperature]]
2025-10-15 19:14:21.446,80.036,63rd_WaterTempDrop_85,atomic,[63rd_WaterTempDrop_85],[1.0000],1,1,1.0000,[[63rdStreetBeach201507101900_Water_Temperature]]
2025-10-15 19:14:21.504,80.094,63rd_WaterTempDrop_85,atomic,[63rd_WaterTempDrop_85],[0.9677],1,1,0.9677,[[63rdStreetBeach201507102000_Water_Temperature]]
2025-10-15 19:14:21.507,80.097,Montrose_WaterTempDrop_85,atomic,[Montrose_WaterTempDrop_85],[0.9578],1,1,0.9578,[[MontroseBeach201507102000_Water_Temperature]]
2025-10-15 19:14:21.567,80.157,Calumet_WaterTempDrop_85,atomic,[Calumet_WaterTempDrop_85],[0.9629],1,1,0.9629,[[CalumetBeach201507102100_Water_Temperature]]
2025-10-15 19:14:21.568,80.158,Montrose_WaterTempDrop_85,atomic,[Montrose_WaterTempDrop_85],[0.9526],1,1,0.9526,[[MontroseBeach201507102100_Water_Temperature]]
2025-10-15 19:14:21.569,80.159,63rd_WaterTempDrop_85,atomic,[63rd_WaterTempDrop_85],[1.0000],1,1,1.0000,[[63rdStreetBeach201507102100_Water_Temperature]]
2025-10-15 19:14:21.633,80.223,Montrose_WaterTempDrop_85,atomic,[Montrose_WaterTempDrop_85],[0.9470],1,1,0.9470,[[MontroseBeach201507102200_Water_Temperature]]
2025-10-15 19:14:21.634,80.224,63rd_WaterTempDrop_85,atomic,[63rd_WaterTempDrop_85],[1.0000],1,1,1.0000,[[63rdStreetBeach201507102200_Water_Temperature]]
2025-10-15 19:14:21.635,80.225,Calumet_WaterTempDrop_85,atomic,[Calumet_WaterTempDrop_85],[1.0000],1,1,1.0000,[[CalumetBeach201507102200_Water_Temperature]]
2025-10-15 19:14:21.696,80.286,63rd_WaterTempDrop_85,atomic,[63rd_WaterTempDrop_85],[0.9670],1,1,0.9670,[[63rdStreetBeach201507102300_Water_Temperature]]
2025-10-15 19:14:21.697,80.287,Montrose_WaterTempDrop_85,atomic,[Montrose_WaterTempDrop_85],[1.0000],1,1,1.0000,[[MontroseBeach201507102300_Water_Temperature]]
2025-10-15 19:14:21.698,80.288,Calumet_WaterTempDrop_85,atomic,[Calumet_WaterTempDrop_85],[1.0000],1,1,1.0000,[[CalumetBeach201507102300_Water_Temperature]]
2025-10-15 19:14:21.758,80.348,Calumet_WaterTempDrop_85,atomic,[Calumet_WaterTempDrop_85],[0.9640],1,1,0.9640,[[CalumetBeach201507112400_Water_Temperature]]
2025-10-15 19:14:21.758,80.348,Montrose_WaterTempDrop_85,atomic,[Montrose_WaterTempDrop_85],[0.9491],1,1,0.9491,[[MontroseBeach201507112400_Water_Temperature]]
2025-10-15 19:14:21.761,80.351,63rd_WaterTempDrop_85,atomic,[63rd_WaterTempDrop_85],[1.0000],1,1,1.0000,[[63rdStreetBeach201507112400_Water_Temperature]]
2025-10-15 19:14:21.820,80.410,63rd_WaterTempDrop_85,atomic,[63rd_WaterTempDrop_85],[0.9649],1,1,0.9649,[[63rdStreetBeach201507110100_Water_Temperature]]
2025-10-15 19:14:21.821,80.411,Montrose_WaterTempDrop_85,atomic,[Montrose_WaterTempDrop_85],[0.9433],1,1,0.9433,[[MontroseBeach201507110100_Water_Temperature]]
2025-10-15 19:14:21.823,80.413,Calumet_WaterTempDrop_85,atomic,[Calumet_WaterTempDrop_85],[1.0000],1,1,1.0000,[[CalumetBeach201507110100_Water_Temperature]]
2025-10-15 19:14:21.886,80.476,Calumet_WaterTempDrop_85,atomic,[Calumet_WaterTempDrop_85],[1.0000],1,1,1.0000,[[CalumetBeach201507110200_Water_Temperature]]
2025-10-15 19:14:21.887,80.477,Montrose_WaterTempDrop_85,atomic,[Montrose_WaterTempDrop_85],[1.0000],1,1,1.0000,[[MontroseBeach201507110200_Water_Temperature]]
2025-10-15 19:14:21.888,80.478,63rd_WaterTempDrop_85,atomic,[63rd_WaterTempDrop_85],[1.0000],1,1,1.0000,[[63rdStreetBeach201507110200_Water_Temperature]]
2025-10-15 19:14:21.946,80.536,63rd_WaterTempDrop_85,atomic,[63rd_WaterTempDrop_85],[0.9631],1,1,0.9631,[[63rdStreetBeach201507110300_Water_Temperature]]
2025-10-15 19:14:21.947,80.537,Montrose_WaterTempDrop_85,atomic,[Montrose_WaterTempDrop_85],[1.0000],1,1,1.0000,[[MontroseBeach201507110300_Water_Temperature]]
2025-10-15 19:14:21.949,80.539,Calumet_WaterTempDrop_85,atomic,[Calumet_WaterTempDrop_85],[1.0000],1,1,1.0000,[[CalumetBeach201507110300_Water_Temperature]]
2025-10-15 19:14:22.009,80.599,Calumet_WaterTempDrop_85,atomic,[Calumet_WaterTempDrop_85],[0.9664],1,1,0.9664,[[CalumetBeach201507110400_Water_Temperature]]
2025-10-15 19:14:22.013,80.603,63rd_WaterTempDrop_85,atomic,[63rd_WaterTempDrop_85],[1.0000],1,1,1.0000,[[63rdStreetBeach201507110400_Water_Temperature]]
2025-10-15 19:14:22.013,80.603,Montrose_WaterTempDrop_85,atomic,[Montrose_WaterTempDrop_85],[1.0000],1,1,1.0000,[[MontroseBeach201507110400_Water_Temperature]]
2025-10-15 19:14:22.072,80.662,63rd_WaterTempDrop_85,atomic,[63rd_WaterTempDrop_85],[0.9617],1,1,0.9617,[[63rdStreetBeach201507110500_Water_Temperature]]
2025-10-15 19:14:22.076,80.666,Calumet_WaterTempDrop_85,atomic,[Calumet_WaterTempDrop_85],[1.0000],1,1,1.0000,[[CalumetBeach201507110500_Water_Temperature]]
2025-10-15 19:14:22.076,80.666,Montrose_WaterTempDrop_85,atomic,[Montrose_WaterTempDrop_85],[1.0000],1,1,1.0000,[[MontroseBeach201507110500_Water_Temperature]]
2025-10-15 19:14:22.136,80.726,Calumet_WaterTempDrop_85,atomic,[Calumet_WaterTempDrop_85],[1.0000],1,1,1.0000,[[CalumetBeach201507110600_Water_Temperature]]
2025-10-15 19:14:22.138,80.728,Montrose_WaterTempDrop_85,atomic,[Montrose_WaterTempDrop_85],[1.0000],1,1,1.0000,[[MontroseBeach201507110600_Water_Temperature]]
2025-10-15 19:14:22.138,80.728,63rd_WaterTempDrop_85,atomic,[63rd_WaterTempDrop_85],[1.0000],1,1,1.0000,[[63rdStreetBeach201507110600_Water_Temperature]]
2025-10-15 19:14:22.197,80.787,63rd_WaterTempDrop_85,atomic,[63rd_WaterTempDrop_85],[0.9605],1,1,0.9605,[[63rdStreetBeach201507110700_Water_Temperature]]
2025-10-15 19:14:22.201,80.791,Montrose_WaterTempDrop_85,atomic,[Montrose_WaterTempDrop_85],[1.0000],1,1,1.0000,[[MontroseBeach201507110700_Water_Temperature]]
2025-10-15 19:14:22.201,80.791,Calumet_WaterTempDrop_85,atomic,[Calumet_WaterTempDrop_85],[1.0000],1,1,1.0000,[[CalumetBeach201507110700_Water_Temperature]]
2025-10-15 19:14:22.265,80.855,63rd_WaterTempDrop_85,atomic,[63rd_WaterTempDrop_85],[0.9558],1,1,0.9558,[[63rdStreetBeach201507110800_Water_Temperature]]
2025-10-15 19:14:22.265,80.855,Calumet_WaterTempDrop_85,atomic,[Calumet_WaterTempDrop_85],[1.0000],1,1,1.0000,[[CalumetBeach201507110800_Water_Temperature]]
2025-10-15 19:14:22.266,80.856,Montrose_WaterTempDrop_85,atomic,[Montrose_WaterTempDrop_85],[1.0000],1,1,1.0000,[[MontroseBeach201507110800_Water_Temperature]]
2025-10-15 19:14:22.324,80.914,Montrose_WaterTempDrop_85,atomic,[Montrose_WaterTempDrop_85],[0.9675],1,1,0.9675,[[MontroseBeach201507110900_Water_Temperature]]
2025-10-15 19:14:22.327,80.917,Calumet_WaterTempDrop_85,atomic,[Calumet_WaterTempDrop_85],[1.0000],1,1,1.0000,[[CalumetBeach201507110900_Water_Temperature]]
2025-10-15 19:14:22.329,80.919,63rd_WaterTempDrop_85,atomic,[63rd_WaterTempDrop_85],[1.0000],1,1,1.0000,[[63rdStreetBeach201507110900_Water_Temperature]]
2025-10-15 19:14:22.391,80.981,Calumet_WaterTempDrop_85,atomic,[Calumet_WaterTempDrop_85],[0.9697],1,1,0.9697,[[CalumetBeach201507111000_Water_Temperature]]
2025-10-15 19:14:22.395,80.985,Montrose_WaterTempDrop_85,atomic,[Montrose_WaterTempDrop_85],[1.0000],1,1,1.0000,[[MontroseBeach201507111000_Water_Temperature]]
2025-10-15 19:14:22.395,80.985,63rd_WaterTempDrop_85,atomic,[63rd_WaterTempDrop_85],[1.0000],1,1,1.0000,[[63rdStreetBeach201507111000_Water_Temperature]]
2025-10-15 19:14:22.451,81.041,63rd_WaterTempDrop_85,atomic,[63rd_WaterTempDrop_85],[0.9597],1,1,0.9597,[[63rdStreetBeach201507111100_Water_Temperature]]
2025-10-15 19:14:22.452,81.042,Montrose_WaterTempDrop_85,atomic,[Montrose_WaterTempDrop_85],[0.9657],1,1,0.9657,[[MontroseBeach201507111100_Water_Temperature]]
2025-10-15 19:14:22.453,81.043,Calumet_WaterTempDrop_85,atomic,[Calumet_WaterTempDrop_85],[1.0000],1,1,1.0000,[[CalumetBeach201507111100_Water_Temperature]]
2025-10-15 19:14:22.516,81.106,Montrose_WaterTempDrop_85,atomic,[Montrose_WaterTempDrop_85],[0.9618],1,1,0.9618,[[MontroseBeach201507111200_Water_Temperature]]
2025-10-15 19:14:22.517,81.107,Calumet_WaterTempDrop_85,atomic,[Calumet_WaterTempDrop_85],[0.9674],1,1,0.9674,[[CalumetBeach201507111200_Water_Temperature]]
2025-10-15 19:14:22.519,81.109,63rd_WaterTempDrop_85,atomic,[63rd_WaterTempDrop_85],[0.9550],1,1,0.9550,[[63rdStreetBeach201507111200_Water_Temperature]]
2025-10-15 19:14:22.578,81.168,63rd_WaterTempDrop_85,atomic,[63rd_WaterTempDrop_85],[0.9499],1,1,0.9499,[[63rdStreetBeach201507111300_Water_Temperature]]
2025-10-15 19:14:22.578,81.168,Calumet_WaterTempDrop_85,atomic,[Calumet_WaterTempDrop_85],[0.9634],1,1,0.9634,[[CalumetBeach201507111300_Water_Temperature]]
2025-10-15 19:14:22.578,81.168,Montrose_WaterTempDrop_85,atomic,[Montrose_WaterTempDrop_85],[1.0000],1,1,1.0000,[[MontroseBeach201507111300_Water_Temperature]]
2025-10-15 19:14:22.641,81.231,Montrose_WaterTempDrop_85,atomic,[Montrose_WaterTempDrop_85],[1.0000],1,1,1.0000,[[MontroseBeach201507111400_Water_Temperature]]
2025-10-15 19:14:22.643,81.233,Calumet_WaterTempDrop_85,atomic,[Calumet_WaterTempDrop_85],[1.0000],1,1,1.0000,[[CalumetBeach201507111400_Water_Temperature]]
2025-10-15 19:14:22.643,81.233,63rd_WaterTempDrop_85,atomic,[63rd_WaterTempDrop_85],[1.0000],1,1,1.0000,[[63rdStreetBeach201507111400_Water_Temperature]]
2025-10-15 19:14:22.702,81.292,Calumet_WaterTempDrop_85,atomic,[Calumet_WaterTempDrop_85],[1.0000],1,1,1.0000,[[CalumetBeach201507111500_Water_Temperature]]
2025-10-15 19:14:22.703,81.293,63rd_WaterTempDrop_85,atomic,[63rd_WaterTempDrop_85],[1.0000],1,1,1.0000,[[63rdStreetBeach201507111500_Water_Temperature]]
2025-10-15 19:14:22.704,81.294,Montrose_WaterTempDrop_85,atomic,[Montrose_WaterTempDrop_85],[1.0000],1,1,1.0000,[[MontroseBeach201507111500_Water_Temperature]]
2025-10-15 19:14:22.763,81.353,Montrose_WaterTempDrop_85,atomic,[Montrose_WaterTempDrop_85],[0.9654],1,1,0.9654,[[MontroseBeach201507111600_Water_Temperature]]
2025-10-15 19:14:22.764,81.354,Calumet_WaterTempDrop_85,atomic,[Calumet_WaterTempDrop_85],[0.9640],1,1,0.9640,[[CalumetBeach201507111600_Water_Temperature]]
2025-10-15 19:14:22.827,81.417,Calumet_WaterTempDrop_85,atomic,[Calumet_WaterTempDrop_85],[0.9597],1,1,0.9597,[[CalumetBeach201507111700_Water_Temperature]]
2025-10-15 19:14:22.828,81.418,63rd_WaterTempDrop_85,atomic,[63rd_WaterTempDrop_85],[1.0000],1,1,1.0000,[[63rdStreetBeach201507111700_Water_Temperature]]
2025-10-15 19:14:22.829,81.419,Montrose_WaterTempDrop_85,atomic,[Montrose_WaterTempDrop_85],[1.0000],1,1,1.0000,[[MontroseBeach201507111700_Water_Temperature]]
2025-10-15 19:14:22.889,81.479,Montrose_WaterTempDrop_85,atomic,[Montrose_WaterTempDrop_85],[1.0000],1,1,1.0000,[[MontroseBeach201507111800_Water_Temperature]]
2025-10-15 19:14:22.891,81.481,Calumet_WaterTempDrop_85,atomic,[Calumet_WaterTempDrop_85],[1.0000],1,1,1.0000,[[CalumetBeach201507111800_Water_Temperature]]
2025-10-15 19:14:22.953,81.543,Calumet_WaterTempDrop_85,atomic,[Calumet_WaterTempDrop_85],[1.0000],1,1,1.0000,[[CalumetBeach201507111900_Water_Temperature]]
2025-10-15 19:14:22.953,81.543,Montrose_WaterTempDrop_85,atomic,[Montrose_WaterTempDrop_85],[1.0000],1,1,1.0000,[[MontroseBeach201507111900_Water_Temperature]]
2025-10-15 19:14:23.013,81.603,63rd_WaterTempDrop_85,atomic,[63rd_WaterTempDrop_85],[0.9603],1,1,0.9603,[[63rdStreetBeach201507112000_Water_Temperature]]
2025-10-15 19:14:23.015,81.605,Montrose_WaterTempDrop_85,atomic,[Montrose_WaterTempDrop_85],[0.9672],1,1,0.9672,[[MontroseBeach201507112000_Water_Temperature]]
2025-10-15 19:14:23.018,81.608,Calumet_WaterTempDrop_85,atomic,[Calumet_WaterTempDrop_85],[1.0000],1,1,1.0000,[[CalumetBeach201507112000_Water_Temperature]]
2025-10-15 19:14:23.077,81.667,Montrose_WaterTempDrop_85,atomic,[Montrose_WaterTempDrop_85],[0.9633],1,1,0.9633,[[MontroseBeach201507112100_Water_Temperature]]
2025-10-15 19:14:23.080,81.670,Calumet_WaterTempDrop_85,atomic,[Calumet_WaterTempDrop_85],[1.0000],1,1,1.0000,[[CalumetBeach201507112100_Water_Temperature]]
2025-10-15 19:14:23.141,81.731,Calumet_WaterTempDrop_85,atomic,[Calumet_WaterTempDrop_85],[0.9659],1,1,0.9659,[[CalumetBeach201507112200_Water_Temperature]]
2025-10-15 19:14:23.144,81.734,63rd_WaterTempDrop_85,atomic,[63rd_WaterTempDrop_85],[1.0000],1,1,1.0000,[[63rdStreetBeach201507112200_Water_Temperature]]
2025-10-15 19:14:23.146,81.736,Montrose_WaterTempDrop_85,atomic,[Montrose_WaterTempDrop_85],[1.0000],1,1,1.0000,[[MontroseBeach201507112200_Water_Temperature]]
2025-10-15 19:14:23.204,81.794,Calumet_WaterTempDrop_85,atomic,[Calumet_WaterTempDrop_85],[0.9618],1,1,0.9618,[[CalumetBeach201507112300_Water_Temperature]]
2025-10-15 19:14:23.205,81.795,63rd_WaterTempDrop_85,atomic,[63rd_WaterTempDrop_85],[1.0000],1,1,1.0000,[[63rdStreetBeach201507112300_Water_Temperature]]
2025-10-15 19:14:23.207,81.797,Montrose_WaterTempDrop_85,atomic,[Montrose_WaterTempDrop_85],[1.0000],1,1,1.0000,[[MontroseBeach201507112300_Water_Temperature]]
2025-10-15 19:14:23.266,81.856,63rd_WaterTempDrop_85,atomic,[63rd_WaterTempDrop_85],[1.0000],1,1,1.0000,[[63rdStreetBeach201507122400_Water_Temperature]]
2025-10-15 19:14:23.268,81.858,Montrose_WaterTempDrop_85,atomic,[Montrose_WaterTempDrop_85],[1.0000],1,1,1.0000,[[MontroseBeach201507122400_Water_Temperature]]
2025-10-15 19:14:23.268,81.858,Calumet_WaterTempDrop_85,atomic,[Calumet_WaterTempDrop_85],[1.0000],1,1,1.0000,[[CalumetBeach201507122400_Water_Temperature]]
2025-10-15 19:14:23.342,81.932,63rd_WaterTempDrop_85,atomic,[63rd_WaterTempDrop_85],[1.0000],1,1,1.0000,[[63rdStreetBeach201507120100_Water_Temperature]]
2025-10-15 19:14:23.392,81.982,Montrose_WaterTempDrop_85,atomic,[Montrose_WaterTempDrop_85],[1.0000],1,1,1.0000,[[MontroseBeach201507120200_Water_Temperature]]
2025-10-15 19:14:23.393,81.983,Calumet_WaterTempDrop_85,atomic,[Calumet_WaterTempDrop_85],[1.0000],1,1,1.0000,[[CalumetBeach201507120200_Water_Temperature]]
2025-10-15 19:14:23.454,82.044,Calumet_WaterTempDrop_85,atomic,[Calumet_WaterTempDrop_85],[0.9632],1,1,0.9632,[[CalumetBeach201507120300_Water_Temperature]]
2025-10-15 19:14:23.454,82.044,63rd_WaterTempDrop_85,atomic,[63rd_WaterTempDrop_85],[0.9666],1,1,0.9666,[[63rdStreetBeach201507120300_Water_Temperature]]
2025-10-15 19:14:23.455,82.045,Montrose_WaterTempDrop_85,atomic,[Montrose_WaterTempDrop_85],[1.0000],1,1,1.0000,[[MontroseBeach201507120300_Water_Temperature]]
2025-10-15 19:14:23.516,82.106,63rd_WaterTempDrop_85,atomic,[63rd_WaterTempDrop_85],[0.9628],1,1,0.9628,[[63rdStreetBeach201507120400_Water_Temperature]]
2025-10-15 19:14:23.519,82.109,Calumet_WaterTempDrop_85,atomic,[Calumet_WaterTempDrop_85],[1.0000],1,1,1.0000,[[CalumetBeach201507120400_Water_Temperature]]
2025-10-15 19:14:23.519,82.109,Montrose_WaterTempDrop_85,atomic,[Montrose_WaterTempDrop_85],[1.0000],1,1,1.0000,[[MontroseBeach201507120400_Water_Temperature]]
2025-10-15 19:14:23.579,82.169,63rd_WaterTempDrop_85,atomic,[63rd_WaterTempDrop_85],[0.9584],1,1,0.9584,[[63rdStreetBeach201507120500_Water_Temperature]]
2025-10-15 19:14:23.580,82.170,Calumet_WaterTempDrop_85,atomic,[Calumet_WaterTempDrop_85],[1.0000],1,1,1.0000,[[CalumetBeach201507120500_Water_Temperature]]
2025-10-15 19:14:23.580,82.170,Montrose_WaterTempDrop_85,atomic,[Montrose_WaterTempDrop_85],[1.0000],1,1,1.0000,[[MontroseBeach201507120500_Water_Temperature]]
2025-10-15 19:14:23.643,82.233,Calumet_WaterTempDrop_85,atomic,[Calumet_WaterTempDrop_85],[0.9641],1,1,0.9641,[[CalumetBeach201507120600_Water_Temperature]]
2025-10-15 19:14:23.643,82.233,63rd_WaterTempDrop_85,atomic,[63rd_WaterTempDrop_85],[1.0000],1,1,1.0000,[[63rdStreetBeach201507120600_Water_Temperature]]
2025-10-15 19:14:23.644,82.234,Montrose_WaterTempDrop_85,atomic,[Montrose_WaterTempDrop_85],[1.0000],1,1,1.0000,[[MontroseBeach201507120600_Water_Temperature]]
2025-10-15 19:14:23.702,82.292,Montrose_WaterTempDrop_85,atomic,[Montrose_WaterTempDrop_85],[0.9708],1,1,0.9708,[[MontroseBeach201507120700_Water_Temperature]]
2025-10-15 19:14:23.705,82.295,Calumet_WaterTempDrop_85,atomic,[Calumet_WaterTempDrop_85],[1.0000],1,1,1.0000,[[CalumetBeach201507120700_Water_Temperature]]
2025-10-15 19:14:23.707,82.297,63rd_WaterTempDrop_85,atomic,[63rd_WaterTempDrop_85],[1.0000],1,1,1.0000,[[63rdStreetBeach201507120700_Water_Temperature]]
2025-10-15 19:14:23.767,82.357,Montrose_WaterTempDrop_85,atomic,[Montrose_WaterTempDrop_85],[0.9671],1,1,0.9671,[[MontroseBeach201507120800_Water_Temperature]]
2025-10-15 19:14:23.768,82.358,Calumet_WaterTempDrop_85,atomic,[Calumet_WaterTempDrop_85],[0.9626],1,1,0.9626,[[CalumetBeach201507120800_Water_Temperature]]
2025-10-15 19:14:23.771,82.361,63rd_WaterTempDrop_85,atomic,[63rd_WaterTempDrop_85],[1.0000],1,1,1.0000,[[63rdStreetBeach201507120800_Water_Temperature]]
2025-10-15 19:14:23.830,82.420,Calumet_WaterTempDrop_85,atomic,[Calumet_WaterTempDrop_85],[0.9582],1,1,0.9582,[[CalumetBeach201507120900_Water_Temperature]]
2025-10-15 19:14:23.834,82.424,63rd_WaterTempDrop_85,atomic,[63rd_WaterTempDrop_85],[1.0000],1,1,1.0000,[[63rdStreetBeach201507120900_Water_Temperature]]
2025-10-15 19:14:23.836,82.426,Montrose_WaterTempDrop_85,atomic,[Montrose_WaterTempDrop_85],[1.0000],1,1,1.0000,[[MontroseBeach201507120900_Water_Temperature]]
2025-10-15 19:14:23.896,82.486,63rd_WaterTempDrop_85,atomic,[63rd_WaterTempDrop_85],[0.9657],1,1,0.9657,[[63rdStreetBeach201507121000_Water_Temperature]]
2025-10-15 19:14:23.899,82.489,Calumet_WaterTempDrop_85,atomic,[Calumet_WaterTempDrop_85],[1.0000],1,1,1.0000,[[CalumetBeach201507121000_Water_Temperature]]
2025-10-15 19:14:23.901,82.491,Montrose_WaterTempDrop_85,atomic,[Montrose_WaterTempDrop_85],[1.0000],1,1,1.0000,[[MontroseBeach201507121000_Water_Temperature]]
2025-10-15 19:14:23.957,82.547,Calumet_WaterTempDrop_85,atomic,[Calumet_WaterTempDrop_85],[1.0000],1,1,1.0000,[[CalumetBeach201507121100_Water_Temperature]]
2025-10-15 19:14:23.959,82.549,63rd_WaterTempDrop_85,atomic,[63rd_WaterTempDrop_85],[1.0000],1,1,1.0000,[[63rdStreetBeach201507121100_Water_Temperature]]
2025-10-15 19:14:23.959,82.549,Montrose_WaterTempDrop_85,atomic,[Montrose_WaterTempDrop_85],[1.0000],1,1,1.0000,[[MontroseBeach201507121100_Water_Temperature]]
2025-10-15 19:14:24.020,82.610,Calumet_WaterTempDrop_85,atomic,[Calumet_WaterTempDrop_85],[1.0000],1,1,1.0000,[[CalumetBeach201507121200_Water_Temperature]]
2025-10-15 19:14:24.021,82.611,Montrose_WaterTempDrop_85,atomic,[Montrose_WaterTempDrop_85],[1.0000],1,1,1.0000,[[MontroseBeach201507121200_Water_Temperature]]
2025-10-15 19:14:24.023,82.613,63rd_WaterTempDrop_85,atomic,[63rd_WaterTempDrop_85],[1.0000],1,1,1.0000,[[63rdStreetBeach201507121200_Water_Temperature]]
2025-10-15 19:14:24.083,82.673,Montrose_WaterTempDrop_85,atomic,[Montrose_WaterTempDrop_85],[1.0000],1,1,1.0000,[[MontroseBeach201507121300_Water_Temperature]]
2025-10-15 19:14:24.084,82.674,Calumet_WaterTempDrop_85,atomic,[Calumet_WaterTempDrop_85],[1.0000],1,1,1.0000,[[CalumetBeach201507121300_Water_Temperature]]
2025-10-15 19:14:24.085,82.675,63rd_WaterTempDrop_85,atomic,[63rd_WaterTempDrop_85],[1.0000],1,1,1.0000,[[63rdStreetBeach201507121300_Water_Temperature]]
2025-10-15 19:14:24.143,82.733,Calumet_WaterTempDrop_85,atomic,[Calumet_WaterTempDrop_85],[0.9655],1,1,0.9655,[[CalumetBeach201507121400_Water_Temperature]]
2025-10-15 19:14:24.144,82.734,Montrose_WaterTempDrop_85,atomic,[Montrose_WaterTempDrop_85],[1.0000],1,1,1.0000,[[MontroseBeach201507121400_Water_Temperature]]
2025-10-15 19:14:24.207,82.797,Montrose_WaterTempDrop_85,atomic,[Montrose_WaterTempDrop_85],[0.9701],1,1,0.9701,[[MontroseBeach201507121500_Water_Temperature]]
2025-10-15 19:14:24.268,82.858,Calumet_WaterTempDrop_85,atomic,[Calumet_WaterTempDrop_85],[0.9638],1,1,0.9638,[[CalumetBeach201507121600_Water_Temperature]]
2025-10-15 19:14:24.271,82.861,Montrose_WaterTempDrop_85,atomic,[Montrose_WaterTempDrop_85],[0.9664],1,1,0.9664,[[MontroseBeach201507121600_Water_Temperature]]
2025-10-15 19:14:24.330,82.920,Calumet_WaterTempDrop_85,atomic,[Calumet_WaterTempDrop_85],[0.9596],1,1,0.9596,[[CalumetBeach201507121700_Water_Temperature]]
2025-10-15 19:14:24.334,82.924,Montrose_WaterTempDrop_85,atomic,[Montrose_WaterTempDrop_85],[1.0000],1,1,1.0000,[[MontroseBeach201507121700_Water_Temperature]]
2025-10-15 19:14:24.393,82.983,Calumet_WaterTempDrop_85,atomic,[Calumet_WaterTempDrop_85],[0.9548],1,1,0.9548,[[CalumetBeach201507121800_Water_Temperature]]
2025-10-15 19:14:24.395,82.985,Montrose_WaterTempDrop_85,atomic,[Montrose_WaterTempDrop_85],[1.0000],1,1,1.0000,[[MontroseBeach201507121800_Water_Temperature]]
2025-10-15 19:14:24.455,83.045,Montrose_WaterTempDrop_85,atomic,[Montrose_WaterTempDrop_85],[0.9658],1,1,0.9658,[[MontroseBeach201507121900_Water_Temperature]]
2025-10-15 19:14:24.520,83.110,Calumet_WaterTempDrop_85,atomic,[Calumet_WaterTempDrop_85],[0.9551],1,1,0.9551,[[CalumetBeach201507122000_Water_Temperature]]
2025-10-15 19:14:24.521,83.111,Montrose_WaterTempDrop_85,atomic,[Montrose_WaterTempDrop_85],[1.0000],1,1,1.0000,[[MontroseBeach201507122000_Water_Temperature]]
2025-10-15 19:14:24.579,83.169,Calumet_WaterTempDrop_85,atomic,[Calumet_WaterTempDrop_85],[0.9500],1,1,0.9500,[[CalumetBeach201507122100_Water_Temperature]]
2025-10-15 19:14:24.581,83.171,Montrose_WaterTempDrop_85,atomic,[Montrose_WaterTempDrop_85],[0.9638],1,1,0.9638,[[MontroseBeach201507122100_Water_Temperature]]
2025-10-15 19:14:24.643,83.233,Montrose_WaterTempDrop_85,atomic,[Montrose_WaterTempDrop_85],[0.9594],1,1,0.9594,[[MontroseBeach201507122200_Water_Temperature]]
2025-10-15 19:14:24.646,83.236,63rd_WaterTempDrop_85,atomic,[63rd_WaterTempDrop_85],[1.0000],1,1,1.0000,[[63rdStreetBeach201507122200_Water_Temperature]]
2025-10-15 19:14:24.708,83.298,Montrose_WaterTempDrop_85,atomic,[Montrose_WaterTempDrop_85],[1.0000],1,1,1.0000,[[MontroseBeach201507122300_Water_Temperature]]
2025-10-15 19:14:24.710,83.300,63rd_WaterTempDrop_85,atomic,[63rd_WaterTempDrop_85],[1.0000],1,1,1.0000,[[63rdStreetBeach201507122300_Water_Temperature]]
2025-10-15 19:14:24.770,83.360,63rd_WaterTempDrop_85,atomic,[63rd_WaterTempDrop_85],[0.9720],1,1,0.9720,[[63rdStreetBeach201507132400_Water_Temperature]]
2025-10-15 19:14:24.773,83.363,Montrose_WaterTempDrop_85,atomic,[Montrose_WaterTempDrop_85],[1.0000],1,1,1.0000,[[MontroseBeach201507132400_Water_Temperature]]
2025-10-15 19:14:24.831,83.421,Montrose_WaterTempDrop_85,atomic,[Montrose_WaterTempDrop_85],[1.0000],1,1,1.0000,[[MontroseBeach201507130100_Water_Temperature]]
2025-10-15 19:14:24.834,83.424,63rd_WaterTempDrop_85,atomic,[63rd_WaterTempDrop_85],[1.0000],1,1,1.0000,[[63rdStreetBeach201507130100_Water_Temperature]]
2025-10-15 19:14:24.897,83.487,63rd_WaterTempDrop_85,atomic,[63rd_WaterTempDrop_85],[0.9692],1,1,0.9692,[[63rdStreetBeach201507130200_Water_Temperature]]
2025-10-15 19:14:24.898,83.488,Montrose_WaterTempDrop_85,atomic,[Montrose_WaterTempDrop_85],[0.9638],1,1,0.9638,[[MontroseBeach201507130200_Water_Temperature]]
2025-10-15 19:14:24.899,83.489,Calumet_WaterTempDrop_85,atomic,[Calumet_WaterTempDrop_85],[1.0000],1,1,1.0000,[[CalumetBeach201507130200_Water_Temperature]]
2025-10-15 19:14:24.958,83.548,63rd_WaterTempDrop_85,atomic,[63rd_WaterTempDrop_85],[1.0000],1,1,1.0000,[[63rdStreetBeach201507130300_Water_Temperature]]
2025-10-15 19:14:24.959,83.549,Montrose_WaterTempDrop_85,atomic,[Montrose_WaterTempDrop_85],[1.0000],1,1,1.0000,[[MontroseBeach201507130300_Water_Temperature]]
2025-10-15 19:14:24.960,83.550,Calumet_WaterTempDrop_85,atomic,[Calumet_WaterTempDrop_85],[1.0000],1,1,1.0000,[[CalumetBeach201507130300_Water_Temperature]]
2025-10-15 19:14:25.033,83.623,Montrose_WaterTempDrop_85,atomic,[Montrose_WaterTempDrop_85],[1.0000],1,1,1.0000,[[MontroseBeach201507130400_Water_Temperature]]
2025-10-15 19:14:25.035,83.625,Calumet_WaterTempDrop_85,atomic,[Calumet_WaterTempDrop_85],[1.0000],1,1,1.0000,[[CalumetBeach201507130400_Water_Temperature]]
2025-10-15 19:14:25.035,83.625,63rd_WaterTempDrop_85,atomic,[63rd_WaterTempDrop_85],[1.0000],1,1,1.0000,[[63rdStreetBeach201507130400_Water_Temperature]]
2025-10-15 19:14:25.084,83.674,Calumet_WaterTempDrop_85,atomic,[Calumet_WaterTempDrop_85],[1.0000],1,1,1.0000,[[CalumetBeach201507130500_Water_Temperature]]
2025-10-15 19:14:25.086,83.676,63rd_WaterTempDrop_85,atomic,[63rd_WaterTempDrop_85],[1.0000],1,1,1.0000,[[63rdStreetBeach201507130500_Water_Temperature]]
2025-10-15 19:14:25.086,83.676,Montrose_WaterTempDrop_85,atomic,[Montrose_WaterTempDrop_85],[1.0000],1,1,1.0000,[[MontroseBeach201507130500_Water_Temperature]]
2025-10-15 19:14:25.144,83.734,Calumet_WaterTempDrop_85,atomic,[Calumet_WaterTempDrop_85],[0.9645],1,1,0.9645,[[CalumetBeach201507130600_Water_Temperature]]
2025-10-15 19:14:25.144,83.734,63rd_WaterTempDrop_85,atomic,[63rd_WaterTempDrop_85],[0.9686],1,1,0.9686,[[63rdStreetBeach201507130600_Water_Temperature]]
2025-10-15 19:14:25.147,83.737,Montrose_WaterTempDrop_85,atomic,[Montrose_WaterTempDrop_85],[1.0000],1,1,1.0000,[[MontroseBeach201507130600_Water_Temperature]]
2025-10-15 19:14:25.210,83.800,63rd_WaterTempDrop_85,atomic,[63rd_WaterTempDrop_85],[0.9647],1,1,0.9647,[[63rdStreetBeach201507130700_Water_Temperature]]
2025-10-15 19:14:25.210,83.800,Calumet_WaterTempDrop_85,atomic,[Calumet_WaterTempDrop_85],[0.9605],1,1,0.9605,[[CalumetBeach201507130700_Water_Temperature]]
2025-10-15 19:14:25.211,83.801,Montrose_WaterTempDrop_85,atomic,[Montrose_WaterTempDrop_85],[1.0000],1,1,1.0000,[[MontroseBeach201507130700_Water_Temperature]]
2025-10-15 19:14:25.273,83.863,Calumet_WaterTempDrop_85,atomic,[Calumet_WaterTempDrop_85],[1.0000],1,1,1.0000,[[CalumetBeach201507130800_Water_Temperature]]
2025-10-15 19:14:25.274,83.864,Montrose_WaterTempDrop_85,atomic,[Montrose_WaterTempDrop_85],[1.0000],1,1,1.0000,[[MontroseBeach201507130800_Water_Temperature]]
2025-10-15 19:14:25.335,83.925,Calumet_WaterTempDrop_85,atomic,[Calumet_WaterTempDrop_85],[1.0000],1,1,1.0000,[[CalumetBeach201507130900_Water_Temperature]]
2025-10-15 19:14:25.336,83.926,63rd_WaterTempDrop_85,atomic,[63rd_WaterTempDrop_85],[1.0000],1,1,1.0000,[[63rdStreetBeach201507130900_Water_Temperature]]
2025-10-15 19:14:25.337,83.927,Montrose_WaterTempDrop_85,atomic,[Montrose_WaterTempDrop_85],[1.0000],1,1,1.0000,[[MontroseBeach201507130900_Water_Temperature]]
2025-10-15 19:14:25.399,83.989,Calumet_WaterTempDrop_85,atomic,[Calumet_WaterTempDrop_85],[1.0000],1,1,1.0000,[[CalumetBeach201507131000_Water_Temperature]]
2025-10-15 19:14:25.400,83.990,Montrose_WaterTempDrop_85,atomic,[Montrose_WaterTempDrop_85],[1.0000],1,1,1.0000,[[MontroseBeach201507131000_Water_Temperature]]
2025-10-15 19:14:25.462,84.052,Montrose_WaterTempDrop_85,atomic,[Montrose_WaterTempDrop_85],[0.9709],1,1,0.9709,[[MontroseBeach201507131100_Water_Temperature]]
2025-10-15 19:14:25.463,84.053,Calumet_WaterTempDrop_85,atomic,[Calumet_WaterTempDrop_85],[1.0000],1,1,1.0000,[[CalumetBeach201507131100_Water_Temperature]]
2025-10-15 19:14:25.464,84.054,63rd_WaterTempDrop_85,atomic,[63rd_WaterTempDrop_85],[1.0000],1,1,1.0000,[[63rdStreetBeach201507131100_Water_Temperature]]
2025-10-15 19:14:25.526,84.116,63rd_WaterTempDrop_85,atomic,[63rd_WaterTempDrop_85],[1.0000],1,1,1.0000,[[63rdStreetBeach201507131200_Water_Temperature]]
2025-10-15 19:14:25.526,84.116,Montrose_WaterTempDrop_85,atomic,[Montrose_WaterTempDrop_85],[0.9673],1,1,0.9673,[[MontroseBeach201507131200_Water_Temperature]]
2025-10-15 19:14:25.526,84.116,Calumet_WaterTempDrop_85,atomic,[Calumet_WaterTempDrop_85],[1.0000],1,1,1.0000,[[CalumetBeach201507131200_Water_Temperature]]
2025-10-15 19:14:25.588,84.178,Montrose_WaterTempDrop_85,atomic,[Montrose_WaterTempDrop_85],[0.9633],1,1,0.9633,[[MontroseBeach201507131300_Water_Temperature]]
2025-10-15 19:14:25.589,84.179,Calumet_WaterTempDrop_85,atomic,[Calumet_WaterTempDrop_85],[1.0000],1,1,1.0000,[[CalumetBeach201507131300_Water_Temperature]]
2025-10-15 19:14:25.590,84.180,63rd_WaterTempDrop_85,atomic,[63rd_WaterTempDrop_85],[1.0000],1,1,1.0000,[[63rdStreetBeach201507131300_Water_Temperature]]
2025-10-15 19:14:25.650,84.240,Calumet_WaterTempDrop_85,atomic,[Calumet_WaterTempDrop_85],[1.0000],1,1,1.0000,[[CalumetBeach201507131400_Water_Temperature]]
2025-10-15 19:14:25.653,84.243,Montrose_WaterTempDrop_85,atomic,[Montrose_WaterTempDrop_85],[1.0000],1,1,1.0000,[[MontroseBeach201507131400_Water_Temperature]]
2025-10-15 19:14:25.654,84.244,63rd_WaterTempDrop_85,atomic,[63rd_WaterTempDrop_85],[1.0000],1,1,1.0000,[[63rdStreetBeach201507131400_Water_Temperature]]
2025-10-15 19:14:25.711,84.301,63rd_WaterTempDrop_85,atomic,[63rd_WaterTempDrop_85],[0.9684],1,1,0.9684,[[63rdStreetBeach201507131500_Water_Temperature]]
2025-10-15 19:14:25.712,84.302,Montrose_WaterTempDrop_85,atomic,[Montrose_WaterTempDrop_85],[0.9617],1,1,0.9617,[[MontroseBeach201507131500_Water_Temperature]]
2025-10-15 19:14:25.713,84.303,Calumet_WaterTempDrop_85,atomic,[Calumet_WaterTempDrop_85],[0.9699],1,1,0.9699,[[CalumetBeach201507131500_Water_Temperature]]
2025-10-15 19:14:25.777,84.367,Calumet_WaterTempDrop_85,atomic,[Calumet_WaterTempDrop_85],[1.0000],1,1,1.0000,[[CalumetBeach201507131600_Water_Temperature]]
2025-10-15 19:14:25.777,84.367,Montrose_WaterTempDrop_85,atomic,[Montrose_WaterTempDrop_85],[1.0000],1,1,1.0000,[[MontroseBeach201507131600_Water_Temperature]]
2025-10-15 19:14:25.777,84.367,63rd_WaterTempDrop_85,atomic,[63rd_WaterTempDrop_85],[1.0000],1,1,1.0000,[[63rdStreetBeach201507131600_Water_Temperature]]
2025-10-15 19:14:25.837,84.427,Calumet_WaterTempDrop_85,atomic,[Calumet_WaterTempDrop_85],[0.9676],1,1,0.9676,[[CalumetBeach201507131700_Water_Temperature]]
2025-10-15 19:14:25.841,84.431,63rd_WaterTempDrop_85,atomic,[63rd_WaterTempDrop_85],[1.0000],1,1,1.0000,[[63rdStreetBeach201507131700_Water_Temperature]]
2025-10-15 19:14:25.842,84.432,Montrose_WaterTempDrop_85,atomic,[Montrose_WaterTempDrop_85],[1.0000],1,1,1.0000,[[MontroseBeach201507131700_Water_Temperature]]
2025-10-15 19:14:25.903,84.493,63rd_WaterTempDrop_85,atomic,[63rd_WaterTempDrop_85],[0.9674],1,1,0.9674,[[63rdStreetBeach201507131800_Water_Temperature]]
2025-10-15 19:14:25.903,84.493,Calumet_WaterTempDrop_85,atomic,[Calumet_WaterTempDrop_85],[1.0000],1,1,1.0000,[[CalumetBeach201507131800_Water_Temperature]]
2025-10-15 19:14:25.906,84.496,Montrose_WaterTempDrop_85,atomic,[Montrose_WaterTempDrop_85],[1.0000],1,1,1.0000,[[MontroseBeach201507131800_Water_Temperature]]
2025-10-15 19:14:25.965,84.555,Montrose_WaterTempDrop_85,atomic,[Montrose_WaterTempDrop_85],[0.9650],1,1,0.9650,[[MontroseBeach201507131900_Water_Temperature]]
2025-10-15 19:14:25.966,84.556,Calumet_WaterTempDrop_85,atomic,[Calumet_WaterTempDrop_85],[0.9654],1,1,0.9654,[[CalumetBeach201507131900_Water_Temperature]]
2025-10-15 19:14:25.968,84.558,63rd_WaterTempDrop_85,atomic,[63rd_WaterTempDrop_85],[1.0000],1,1,1.0000,[[63rdStreetBeach201507131900_Water_Temperature]]
2025-10-15 19:14:26.031,84.621,Montrose_WaterTempDrop_85,atomic,[Montrose_WaterTempDrop_85],[1.0000],1,1,1.0000,[[MontroseBeach201507132000_Water_Temperature]]
2025-10-15 19:14:26.033,84.623,Calumet_WaterTempDrop_85,atomic,[Calumet_WaterTempDrop_85],[1.0000],1,1,1.0000,[[CalumetBeach201507132000_Water_Temperature]]
2025-10-15 19:14:26.033,84.623,63rd_WaterTempDrop_85,atomic,[63rd_WaterTempDrop_85],[1.0000],1,1,1.0000,[[63rdStreetBeach201507132000_Water_Temperature]]
2025-10-15 19:14:26.094,84.684,Montrose_WaterTempDrop_85,atomic,[Montrose_WaterTempDrop_85],[1.0000],1,1,1.0000,[[MontroseBeach201507132100_Water_Temperature]]
2025-10-15 19:14:26.094,84.684,Calumet_WaterTempDrop_85,atomic,[Calumet_WaterTempDrop_85],[1.0000],1,1,1.0000,[[CalumetBeach201507132100_Water_Temperature]]
2025-10-15 19:14:26.095,84.685,63rd_WaterTempDrop_85,atomic,[63rd_WaterTempDrop_85],[1.0000],1,1,1.0000,[[63rdStreetBeach201507132100_Water_Temperature]]
2025-10-15 19:14:26.158,84.748,Montrose_WaterTempDrop_85,atomic,[Montrose_WaterTempDrop_85],[1.0000],1,1,1.0000,[[MontroseBeach201507132200_Water_Temperature]]
2025-10-15 19:14:26.158,84.748,Calumet_WaterTempDrop_85,atomic,[Calumet_WaterTempDrop_85],[1.0000],1,1,1.0000,[[CalumetBeach201507132200_Water_Temperature]]
2025-10-15 19:14:26.159,84.749,63rd_WaterTempDrop_85,atomic,[63rd_WaterTempDrop_85],[1.0000],1,1,1.0000,[[63rdStreetBeach201507132200_Water_Temperature]]
2025-10-15 19:14:26.219,84.809,Calumet_WaterTempDrop_85,atomic,[Calumet_WaterTempDrop_85],[0.9668],1,1,0.9668,[[CalumetBeach201507132300_Water_Temperature]]
2025-10-15 19:14:26.221,84.811,63rd_WaterTempDrop_85,atomic,[63rd_WaterTempDrop_85],[0.9689],1,1,0.9689,[[63rdStreetBeach201507132300_Water_Temperature]]
2025-10-15 19:14:26.221,84.811,Montrose_WaterTempDrop_85,atomic,[Montrose_WaterTempDrop_85],[1.0000],1,1,1.0000,[[MontroseBeach201507132300_Water_Temperature]]
2025-10-15 19:14:26.281,84.871,Calumet_WaterTempDrop_85,atomic,[Calumet_WaterTempDrop_85],[0.9627],1,1,0.9627,[[CalumetBeach201507142400_Water_Temperature]]
2025-10-15 19:14:26.284,84.874,Montrose_WaterTempDrop_85,atomic,[Montrose_WaterTempDrop_85],[1.0000],1,1,1.0000,[[MontroseBeach201507142400_Water_Temperature]]
2025-10-15 19:14:26.285,84.875,63rd_WaterTempDrop_85,atomic,[63rd_WaterTempDrop_85],[1.0000],1,1,1.0000,[[63rdStreetBeach201507142400_Water_Temperature]]
2025-10-15 19:14:26.342,84.932,Montrose_WaterTempDrop_85,atomic,[Montrose_WaterTempDrop_85],[0.9691],1,1,0.9691,[[MontroseBeach201507140100_Water_Temperature]]
2025-10-15 19:14:26.345,84.935,63rd_WaterTempDrop_85,atomic,[63rd_WaterTempDrop_85],[0.9665],1,1,0.9665,[[63rdStreetBeach201507140100_Water_Temperature]]
2025-10-15 19:14:26.346,84.936,Calumet_WaterTempDrop_85,atomic,[Calumet_WaterTempDrop_85],[1.0000],1,1,1.0000,[[CalumetBeach201507140100_Water_Temperature]]
2025-10-15 19:14:26.409,84.999,Montrose_WaterTempDrop_85,atomic,[Montrose_WaterTempDrop_85],[1.0000],1,1,1.0000,[[MontroseBeach201507140200_Water_Temperature]]
2025-10-15 19:14:26.410,85.000,63rd_WaterTempDrop_85,atomic,[63rd_WaterTempDrop_85],[1.0000],1,1,1.0000,[[63rdStreetBeach201507140200_Water_Temperature]]
2025-10-15 19:14:26.411,85.001,Calumet_WaterTempDrop_85,atomic,[Calumet_WaterTempDrop_85],[1.0000],1,1,1.0000,[[CalumetBeach201507140200_Water_Temperature]]
2025-10-15 19:14:26.471,85.061,Calumet_WaterTempDrop_85,atomic,[Calumet_WaterTempDrop_85],[0.9635],1,1,0.9635,[[CalumetBeach201507140300_Water_Temperature]]
2025-10-15 19:14:26.478,85.068,Montrose_WaterTempDrop_85,atomic,[Montrose_WaterTempDrop_85],[1.0000],1,1,1.0000,[[MontroseBeach201507140300_Water_Temperature]]
2025-10-15 19:14:26.478,85.068,63rd_WaterTempDrop_85,atomic,[63rd_WaterTempDrop_85],[1.0000],1,1,1.0000,[[63rdStreetBeach201507140300_Water_Temperature]]
2025-10-15 19:14:26.534,85.124,63rd_WaterTempDrop_85,atomic,[63rd_WaterTempDrop_85],[0.9661],1,1,0.9661,[[63rdStreetBeach201507140400_Water_Temperature]]
2025-10-15 19:14:26.535,85.125,Calumet_WaterTempDrop_85,atomic,[Calumet_WaterTempDrop_85],[1.0000],1,1,1.0000,[[CalumetBeach201507140400_Water_Temperature]]
2025-10-15 19:14:26.537,85.127,Montrose_WaterTempDrop_85,atomic,[Montrose_WaterTempDrop_85],[1.0000],1,1,1.0000,[[MontroseBeach201507140400_Water_Temperature]]
2025-10-15 19:14:26.599,85.189,Montrose_WaterTempDrop_85,atomic,[Montrose_WaterTempDrop_85],[1.0000],1,1,1.0000,[[MontroseBeach201507140500_Water_Temperature]]
2025-10-15 19:14:26.600,85.190,63rd_WaterTempDrop_85,atomic,[63rd_WaterTempDrop_85],[0.9620],1,1,0.9620,[[63rdStreetBeach201507140500_Water_Temperature]]
2025-10-15 19:14:26.601,85.191,Calumet_WaterTempDrop_85,atomic,[Calumet_WaterTempDrop_85],[1.0000],1,1,1.0000,[[CalumetBeach201507140500_Water_Temperature]]
2025-10-15 19:14:26.659,85.249,63rd_WaterTempDrop_85,atomic,[63rd_WaterTempDrop_85],[0.9574],1,1,0.9574,[[63rdStreetBeach201507140600_Water_Temperature]]
2025-10-15 19:14:26.660,85.250,Montrose_WaterTempDrop_85,atomic,[Montrose_WaterTempDrop_85],[0.9698],1,1,0.9698,[[MontroseBeach201507140600_Water_Temperature]]
2025-10-15 19:14:26.663,85.253,Calumet_WaterTempDrop_85,atomic,[Calumet_WaterTempDrop_85],[1.0000],1,1,1.0000,[[CalumetBeach201507140600_Water_Temperature]]
2025-10-15 19:14:26.723,85.313,63rd_WaterTempDrop_85,atomic,[63rd_WaterTempDrop_85],[1.0000],1,1,1.0000,[[63rdStreetBeach201507140700_Water_Temperature]]
2025-10-15 19:14:26.724,85.314,Montrose_WaterTempDrop_85,atomic,[Montrose_WaterTempDrop_85],[1.0000],1,1,1.0000,[[MontroseBeach201507140700_Water_Temperature]]
2025-10-15 19:14:26.724,85.314,Calumet_WaterTempDrop_85,atomic,[Calumet_WaterTempDrop_85],[1.0000],1,1,1.0000,[[CalumetBeach201507140700_Water_Temperature]]
2025-10-15 19:14:26.784,85.374,Calumet_WaterTempDrop_85,atomic,[Calumet_WaterTempDrop_85],[0.9672],1,1,0.9672,[[CalumetBeach201507140800_Water_Temperature]]
2025-10-15 19:14:26.785,85.375,Montrose_WaterTempDrop_85,atomic,[Montrose_WaterTempDrop_85],[1.0000],1,1,1.0000,[[MontroseBeach201507140800_Water_Temperature]]
2025-10-15 19:14:26.788,85.378,63rd_WaterTempDrop_85,atomic,[63rd_WaterTempDrop_85],[1.0000],1,1,1.0000,[[63rdStreetBeach201507140800_Water_Temperature]]
2025-10-15 19:14:26.848,85.438,Montrose_WaterTempDrop_85,atomic,[Montrose_WaterTempDrop_85],[1.0000],1,1,1.0000,[[MontroseBeach201507140900_Water_Temperature]]
2025-10-15 19:14:26.849,85.439,63rd_WaterTempDrop_85,atomic,[63rd_WaterTempDrop_85],[1.0000],1,1,1.0000,[[63rdStreetBeach201507140900_Water_Temperature]]
2025-10-15 19:14:26.850,85.440,Calumet_WaterTempDrop_85,atomic,[Calumet_WaterTempDrop_85],[1.0000],1,1,1.0000,[[CalumetBeach201507140900_Water_Temperature]]
2025-10-15 19:14:26.911,85.501,Montrose_WaterTempDrop_85,atomic,[Montrose_WaterTempDrop_85],[0.9693],1,1,0.9693,[[MontroseBeach201507141000_Water_Temperature]]
2025-10-15 19:14:26.911,85.501,63rd_WaterTempDrop_85,atomic,[63rd_WaterTempDrop_85],[0.9630],1,1,0.9630,[[63rdStreetBeach201507141000_Water_Temperature]]
2025-10-15 19:14:26.912,85.502,Calumet_WaterTempDrop_85,atomic,[Calumet_WaterTempDrop_85],[1.0000],1,1,1.0000,[[CalumetBeach201507141000_Water_Temperature]]
2025-10-15 19:14:26.974,85.564,Montrose_WaterTempDrop_85,atomic,[Montrose_WaterTempDrop_85],[0.9655],1,1,0.9655,[[MontroseBeach201507141100_Water_Temperature]]
2025-10-15 19:14:26.975,85.565,63rd_WaterTempDrop_85,atomic,[63rd_WaterTempDrop_85],[1.0000],1,1,1.0000,[[63rdStreetBeach201507141100_Water_Temperature]]
2025-10-15 19:14:26.976,85.566,Calumet_WaterTempDrop_85,atomic,[Calumet_WaterTempDrop_85],[1.0000],1,1,1.0000,[[CalumetBeach201507141100_Water_Temperature]]
2025-10-15 19:14:27.054,85.644,Montrose_WaterTempDrop_85,atomic,[Montrose_WaterTempDrop_85],[1.0000],1,1,1.0000,[[MontroseBeach201507141200_Water_Temperature]]
2025-10-15 19:14:27.054,85.644,Calumet_WaterTempDrop_85,atomic,[Calumet_WaterTempDrop_85],[1.0000],1,1,1.0000,[[CalumetBeach201507141200_Water_Temperature]]
2025-10-15 19:14:27.101,85.691,63rd_WaterTempDrop_85,atomic,[63rd_WaterTempDrop_85],[1.0000],1,1,1.0000,[[63rdStreetBeach201507141300_Water_Temperature]]
2025-10-15 19:14:27.101,85.691,Calumet_WaterTempDrop_85,atomic,[Calumet_WaterTempDrop_85],[0.9689],1,1,0.9689,[[CalumetBeach201507141300_Water_Temperature]]
2025-10-15 19:14:27.102,85.692,Montrose_WaterTempDrop_85,atomic,[Montrose_WaterTempDrop_85],[1.0000],1,1,1.0000,[[MontroseBeach201507141300_Water_Temperature]]
2025-10-15 19:14:27.163,85.753,Montrose_WaterTempDrop_85,atomic,[Montrose_WaterTempDrop_85],[1.0000],1,1,1.0000,[[MontroseBeach201507141400_Water_Temperature]]
2025-10-15 19:14:27.164,85.754,63rd_WaterTempDrop_85,atomic,[63rd_WaterTempDrop_85],[1.0000],1,1,1.0000,[[63rdStreetBeach201507141400_Water_Temperature]]
2025-10-15 19:14:27.165,85.755,Calumet_WaterTempDrop_85,atomic,[Calumet_WaterTempDrop_85],[1.0000],1,1,1.0000,[[CalumetBeach201507141400_Water_Temperature]]
2025-10-15 19:14:27.226,85.816,Calumet_WaterTempDrop_85,atomic,[Calumet_WaterTempDrop_85],[0.9665],1,1,0.9665,[[CalumetBeach201507141500_Water_Temperature]]
2025-10-15 19:14:27.226,85.816,63rd_WaterTempDrop_85,atomic,[63rd_WaterTempDrop_85],[1.0000],1,1,1.0000,[[63rdStreetBeach201507141500_Water_Temperature]]
2025-10-15 19:14:27.227,85.817,Montrose_WaterTempDrop_85,atomic,[Montrose_WaterTempDrop_85],[1.0000],1,1,1.0000,[[MontroseBeach201507141500_Water_Temperature]]
2025-10-15 19:14:27.289,85.879,63rd_WaterTempDrop_85,atomic,[63rd_WaterTempDrop_85],[0.9674],1,1,0.9674,[[63rdStreetBeach201507141600_Water_Temperature]]
2025-10-15 19:14:27.291,85.881,Montrose_WaterTempDrop_85,atomic,[Montrose_WaterTempDrop_85],[0.9680],1,1,0.9680,[[MontroseBeach201507141600_Water_Temperature]]
2025-10-15 19:14:27.292,85.882,Calumet_WaterTempDrop_85,atomic,[Calumet_WaterTempDrop_85],[1.0000],1,1,1.0000,[[CalumetBeach201507141600_Water_Temperature]]
2025-10-15 19:14:27.350,85.940,Calumet_WaterTempDrop_85,atomic,[Calumet_WaterTempDrop_85],[1.0000],1,1,1.0000,[[CalumetBeach201507141700_Water_Temperature]]
2025-10-15 19:14:27.352,85.942,Montrose_WaterTempDrop_85,atomic,[Montrose_WaterTempDrop_85],[1.0000],1,1,1.0000,[[MontroseBeach201507141700_Water_Temperature]]
2025-10-15 19:14:27.352,85.942,Montrose_HighWave_85,atomic,[Montrose_HighWave_85],[1.0000],1,1,1.0000,[[MontroseBeach201507141700_Wave_Height]]
2025-10-15 19:14:27.414,86.004,Montrose_WaterTempDrop_85,atomic,[Montrose_WaterTempDrop_85],[0.9657],1,1,0.9657,[[MontroseBeach201507141800_Water_Temperature]]
2025-10-15 19:14:27.417,86.007,Calumet_WaterTempDrop_85,atomic,[Calumet_WaterTempDrop_85],[1.0000],1,1,1.0000,[[CalumetBeach201507141800_Water_Temperature]]
2025-10-15 19:14:27.476,86.066,63rd_WaterTempDrop_85,atomic,[63rd_WaterTempDrop_85],[0.9635],1,1,0.9635,[[63rdStreetBeach201507141900_Water_Temperature]]
2025-10-15 19:14:27.477,86.067,Montrose_WaterTempDrop_85,atomic,[Montrose_WaterTempDrop_85],[0.9615],1,1,0.9615,[[MontroseBeach201507141900_Water_Temperature]]
2025-10-15 19:14:27.479,86.069,Calumet_WaterTempDrop_85,atomic,[Calumet_WaterTempDrop_85],[0.9674],1,1,0.9674,[[CalumetBeach201507141900_Water_Temperature]]
2025-10-15 19:14:27.479,86.069,63rd_HighWave_85,atomic,[63rd_HighWave_85],[1.0000],1,1,1.0000,[[63rdStreetBeach201507141900_Wave_Height]]
2025-10-15 19:14:27.540,86.130,Calumet_WaterTempDrop_85,atomic,[Calumet_WaterTempDrop_85],[0.9634],1,1,0.9634,[[CalumetBeach201507142000_Water_Temperature]]
2025-10-15 19:14:27.542,86.132,63rd_WaterTempDrop_85,atomic,[63rd_WaterTempDrop_85],[0.9591],1,1,0.9591,[[63rdStreetBeach201507142000_Water_Temperature]]
2025-10-15 19:14:27.542,86.132,Montrose_WaterTempDrop_85,atomic,[Montrose_WaterTempDrop_85],[1.0000],1,1,1.0000,[[MontroseBeach201507142000_Water_Temperature]]
2025-10-15 19:14:27.542,86.132,Montrose_HighWave_85,atomic,[Montrose_HighWave_85],[1.0000],1,1,1.0000,[[MontroseBeach201507142000_Wave_Height]]
2025-10-15 19:14:27.602,86.192,Calumet_WaterTempDrop_85,atomic,[Calumet_WaterTempDrop_85],[0.9590],1,1,0.9590,[[CalumetBeach201507142100_Water_Temperature]]
2025-10-15 19:14:27.603,86.193,Montrose_WaterTempDrop_85,atomic,[Montrose_WaterTempDrop_85],[1.0000],1,1,1.0000,[[MontroseBeach201507142100_Water_Temperature]]
2025-10-15 19:14:27.667,86.257,Montrose_WaterTempDrop_85,atomic,[Montrose_WaterTempDrop_85],[0.9628],1,1,0.9628,[[MontroseBeach201507142200_Water_Temperature]]
2025-10-15 19:14:27.667,86.257,63rd_WaterTempDrop_85,atomic,[63rd_WaterTempDrop_85],[1.0000],1,1,1.0000,[[63rdStreetBeach201507142200_Water_Temperature]]
2025-10-15 19:14:27.668,86.258,63rd_HighWave_85,atomic,[63rd_HighWave_85],[1.0000],1,1,1.0000,[[63rdStreetBeach201507142200_Wave_Height]]
2025-10-15 19:14:27.668,86.258,Calumet_WaterTempDrop_85,atomic,[Calumet_WaterTempDrop_85],[1.0000],1,1,1.0000,[[CalumetBeach201507142200_Water_Temperature]]
2025-10-15 19:14:27.729,86.319,Montrose_WaterTempDrop_85,atomic,[Montrose_WaterTempDrop_85],[0.9584],1,1,0.9584,[[MontroseBeach201507142300_Water_Temperature]]
2025-10-15 19:14:27.729,86.319,Calumet_WaterTempDrop_85,atomic,[Calumet_WaterTempDrop_85],[0.9581],1,1,0.9581,[[CalumetBeach201507142300_Water_Temperature]]
2025-10-15 19:14:27.796,86.386,Montrose_WaterTempDrop_85,atomic,[Montrose_WaterTempDrop_85],[1.0000],1,1,1.0000,[[MontroseBeach201507152400_Water_Temperature]]
2025-10-15 19:14:27.797,86.387,Calumet_WaterTempDrop_85,atomic,[Calumet_WaterTempDrop_85],[1.0000],1,1,1.0000,[[CalumetBeach201507152400_Water_Temperature]]
2025-10-15 19:14:27.857,86.447,63rd_WaterTempDrop_85,atomic,[63rd_WaterTempDrop_85],[1.0000],1,1,1.0000,[[63rdStreetBeach201507150100_Water_Temperature]]
2025-10-15 19:14:27.858,86.448,63rd_HighWave_85,atomic,[63rd_HighWave_85],[1.0000],1,1,1.0000,[[63rdStreetBeach201507150100_Wave_Height]]
2025-10-15 19:14:27.858,86.448,Calumet_WaterTempDrop_85,atomic,[Calumet_WaterTempDrop_85],[1.0000],1,1,1.0000,[[CalumetBeach201507150100_Water_Temperature]]
2025-10-15 19:14:27.858,86.448,Montrose_WaterTempDrop_85,atomic,[Montrose_WaterTempDrop_85],[1.0000],1,1,1.0000,[[MontroseBeach201507150100_Water_Temperature]]
2025-10-15 19:14:27.918,86.508,Montrose_WaterTempDrop_85,atomic,[Montrose_WaterTempDrop_85],[0.9610],1,1,0.9610,[[MontroseBeach201507150200_Water_Temperature]]
2025-10-15 19:14:27.918,86.508,63rd_WaterTempDrop_85,atomic,[63rd_WaterTempDrop_85],[0.9616],1,1,0.9616,[[63rdStreetBeach201507150200_Water_Temperature]]
2025-10-15 19:14:27.918,86.508,63rd_HighWave_85,atomic,[63rd_HighWave_85],[0.8740],1,1,0.8740,[[63rdStreetBeach201507150200_Wave_Height]]
2025-10-15 19:14:27.919,86.509,Calumet_WaterTempDrop_85,atomic,[Calumet_WaterTempDrop_85],[1.0000],1,1,1.0000,[[CalumetBeach201507150200_Water_Temperature]]
2025-10-15 19:14:27.979,86.569,Montrose_WaterTempDrop_85,atomic,[Montrose_WaterTempDrop_85],[0.9565],1,1,0.9565,[[MontroseBeach201507150300_Water_Temperature]]
2025-10-15 19:14:27.981,86.571,63rd_WaterTempDrop_85,atomic,[63rd_WaterTempDrop_85],[0.9571],1,1,0.9571,[[63rdStreetBeach201507150300_Water_Temperature]]
2025-10-15 19:14:27.981,86.571,Montrose_HighWave_85,atomic,[Montrose_HighWave_85],[1.0000],1,1,1.0000,[[MontroseBeach201507150300_Wave_Height]]
2025-10-15 19:14:27.982,86.572,Calumet_WaterTempDrop_85,atomic,[Calumet_WaterTempDrop_85],[1.0000],1,1,1.0000,[[CalumetBeach201507150300_Water_Temperature]]
2025-10-15 19:14:28.045,86.635,Montrose_WaterTempDrop_85,atomic,[Montrose_WaterTempDrop_85],[1.0000],1,1,1.0000,[[MontroseBeach201507150400_Water_Temperature]]
2025-10-15 19:14:28.045,86.635,Calumet_WaterTempDrop_85,atomic,[Calumet_WaterTempDrop_85],[1.0000],1,1,1.0000,[[CalumetBeach201507150400_Water_Temperature]]
2025-10-15 19:14:28.046,86.636,63rd_WaterTempDrop_85,atomic,[63rd_WaterTempDrop_85],[1.0000],1,1,1.0000,[[63rdStreetBeach201507150400_Water_Temperature]]
2025-10-15 19:14:28.106,86.696,Calumet_WaterTempDrop_85,atomic,[Calumet_WaterTempDrop_85],[0.9669],1,1,0.9669,[[CalumetBeach201507150500_Water_Temperature]]
2025-10-15 19:14:28.108,86.698,63rd_WaterTempDrop_85,atomic,[63rd_WaterTempDrop_85],[0.9569],1,1,0.9569,[[63rdStreetBeach201507150500_Water_Temperature]]
2025-10-15 19:14:28.109,86.699,Montrose_WaterTempDrop_85,atomic,[Montrose_WaterTempDrop_85],[1.0000],1,1,1.0000,[[MontroseBeach201507150500_Water_Temperature]]
2025-10-15 19:14:28.171,86.761,Montrose_WaterTempDrop_85,atomic,[Montrose_WaterTempDrop_85],[0.9600],1,1,0.9600,[[MontroseBeach201507150600_Water_Temperature]]
2025-10-15 19:14:28.172,86.762,Calumet_WaterTempDrop_85,atomic,[Calumet_WaterTempDrop_85],[1.0000],1,1,1.0000,[[CalumetBeach201507150600_Water_Temperature]]
2025-10-15 19:14:28.232,86.822,Calumet_WaterTempDrop_85,atomic,[Calumet_WaterTempDrop_85],[0.9650],1,1,0.9650,[[CalumetBeach201507150700_Water_Temperature]]
2025-10-15 19:14:28.232,86.822,63rd_WaterTempDrop_85,atomic,[63rd_WaterTempDrop_85],[0.9520],1,1,0.9520,[[63rdStreetBeach201507150700_Water_Temperature]]
2025-10-15 19:14:28.235,86.825,Montrose_WaterTempDrop_85,atomic,[Montrose_WaterTempDrop_85],[1.0000],1,1,1.0000,[[MontroseBeach201507150700_Water_Temperature]]
2025-10-15 19:14:28.299,86.889,Calumet_WaterTempDrop_85,atomic,[Calumet_WaterTempDrop_85],[1.0000],1,1,1.0000,[[CalumetBeach201507150800_Water_Temperature]]
2025-10-15 19:14:28.300,86.890,Montrose_WaterTempDrop_85,atomic,[Montrose_WaterTempDrop_85],[1.0000],1,1,1.0000,[[MontroseBeach201507150800_Water_Temperature]]
2025-10-15 19:14:28.300,86.890,63rd_WaterTempDrop_85,atomic,[63rd_WaterTempDrop_85],[1.0000],1,1,1.0000,[[63rdStreetBeach201507150800_Water_Temperature]]
2025-10-15 19:14:28.301,86.891,63rd_HighWave_85,atomic,[63rd_HighWave_85],[1.0000],1,1,1.0000,[[63rdStreetBeach201507150800_Wave_Height]]
2025-10-15 19:14:28.359,86.949,63rd_WaterTempDrop_85,atomic,[63rd_WaterTempDrop_85],[0.9531],1,1,0.9531,[[63rdStreetBeach201507150900_Water_Temperature]]
2025-10-15 19:14:28.362,86.952,Calumet_WaterTempDrop_85,atomic,[Calumet_WaterTempDrop_85],[1.0000],1,1,1.0000,[[CalumetBeach201507150900_Water_Temperature]]
2025-10-15 19:14:28.363,86.953,Montrose_WaterTempDrop_85,atomic,[Montrose_WaterTempDrop_85],[1.0000],1,1,1.0000,[[MontroseBeach201507150900_Water_Temperature]]
2025-10-15 19:14:28.425,87.015,63rd_WaterTempDrop_85,atomic,[63rd_WaterTempDrop_85],[1.0000],1,1,1.0000,[[63rdStreetBeach201507151000_Water_Temperature]]
2025-10-15 19:14:28.425,87.015,63rd_HighWave_85,atomic,[63rd_HighWave_85],[1.0000],1,1,1.0000,[[63rdStreetBeach201507151000_Wave_Height]]
2025-10-15 19:14:28.425,87.015,Montrose_WaterTempDrop_85,atomic,[Montrose_WaterTempDrop_85],[1.0000],1,1,1.0000,[[MontroseBeach201507151000_Water_Temperature]]
2025-10-15 19:14:28.426,87.016,Montrose_HighWave_85,atomic,[Montrose_HighWave_85],[1.0000],1,1,1.0000,[[MontroseBeach201507151000_Wave_Height]]
2025-10-15 19:14:28.427,87.017,Calumet_WaterTempDrop_85,atomic,[Calumet_WaterTempDrop_85],[1.0000],1,1,1.0000,[[CalumetBeach201507151000_Water_Temperature]]
2025-10-15 19:14:28.488,87.078,Montrose_WaterTempDrop_85,atomic,[Montrose_WaterTempDrop_85],[0.9664],1,1,0.9664,[[MontroseBeach201507151100_Water_Temperature]]
2025-10-15 19:14:28.489,87.079,Calumet_WaterTempDrop_85,atomic,[Calumet_WaterTempDrop_85],[1.0000],1,1,1.0000,[[CalumetBeach201507151100_Water_Temperature]]
2025-10-15 19:14:28.489,87.079,63rd_WaterTempDrop_85,atomic,[63rd_WaterTempDrop_85],[1.0000],1,1,1.0000,[[63rdStreetBeach201507151100_Water_Temperature]]
2025-10-15 19:14:28.552,87.142,63rd_WaterTempDrop_85,atomic,[63rd_WaterTempDrop_85],[1.0000],1,1,1.0000,[[63rdStreetBeach201507151200_Water_Temperature]]
2025-10-15 19:14:28.553,87.143,Montrose_WaterTempDrop_85,atomic,[Montrose_WaterTempDrop_85],[1.0000],1,1,1.0000,[[MontroseBeach201507151200_Water_Temperature]]
2025-10-15 19:14:28.554,87.144,Calumet_WaterTempDrop_85,atomic,[Calumet_WaterTempDrop_85],[1.0000],1,1,1.0000,[[CalumetBeach201507151200_Water_Temperature]]
2025-10-15 19:14:28.617,87.207,63rd_WaterTempDrop_85,atomic,[63rd_WaterTempDrop_85],[1.0000],1,1,1.0000,[[63rdStreetBeach201507151300_Water_Temperature]]
2025-10-15 19:14:28.618,87.208,Montrose_WaterTempDrop_85,atomic,[Montrose_WaterTempDrop_85],[1.0000],1,1,1.0000,[[MontroseBeach201507151300_Water_Temperature]]
2025-10-15 19:14:28.619,87.209,Montrose_HighWave_85,atomic,[Montrose_HighWave_85],[1.0000],1,1,1.0000,[[MontroseBeach201507151300_Wave_Height]]
2025-10-15 19:14:28.620,87.210,Calumet_WaterTempDrop_85,atomic,[Calumet_WaterTempDrop_85],[1.0000],1,1,1.0000,[[CalumetBeach201507151300_Water_Temperature]]
2025-10-15 19:14:28.677,87.267,63rd_WaterTempDrop_85,atomic,[63rd_WaterTempDrop_85],[0.9641],1,1,0.9641,[[63rdStreetBeach201507151400_Water_Temperature]]
2025-10-15 19:14:28.679,87.269,Calumet_WaterTempDrop_85,atomic,[Calumet_WaterTempDrop_85],[0.9699],1,1,0.9699,[[CalumetBeach201507151400_Water_Temperature]]
2025-10-15 19:14:28.680,87.270,Montrose_WaterTempDrop_85,atomic,[Montrose_WaterTempDrop_85],[1.0000],1,1,1.0000,[[MontroseBeach201507151400_Water_Temperature]]
2025-10-15 19:14:28.680,87.270,Montrose_HighWave_85,atomic,[Montrose_HighWave_85],[1.0000],1,1,1.0000,[[MontroseBeach201507151400_Wave_Height]]
2025-10-15 19:14:28.739,87.329,63rd_WaterTempDrop_85,atomic,[63rd_WaterTempDrop_85],[0.9600],1,1,0.9600,[[63rdStreetBeach201507151500_Water_Temperature]]
2025-10-15 19:14:28.742,87.332,Montrose_WaterTempDrop_85,atomic,[Montrose_WaterTempDrop_85],[0.9678],1,1,0.9678,[[MontroseBeach201507151500_Water_Temperature]]
2025-10-15 19:14:28.742,87.332,63rd_HighWave_85,atomic,[63rd_HighWave_85],[1.0000],1,1,1.0000,[[63rdStreetBeach201507151500_Wave_Height]]
2025-10-15 19:14:28.743,87.333,Calumet_WaterTempDrop_85,atomic,[Calumet_WaterTempDrop_85],[1.0000],1,1,1.0000,[[CalumetBeach201507151500_Water_Temperature]]
2025-10-15 19:14:28.802,87.392,63rd_WaterTempDrop_85,atomic,[63rd_WaterTempDrop_85],[0.9555],1,1,0.9555,[[63rdStreetBeach201507151600_Water_Temperature]]
2025-10-15 19:14:28.805,87.395,Calumet_WaterTempDrop_85,atomic,[Calumet_WaterTempDrop_85],[0.9675],1,1,0.9675,[[CalumetBeach201507151600_Water_Temperature]]
2025-10-15 19:14:28.806,87.396,Montrose_WaterTempDrop_85,atomic,[Montrose_WaterTempDrop_85],[1.0000],1,1,1.0000,[[MontroseBeach201507151600_Water_Temperature]]
2025-10-15 19:14:28.865,87.455,Montrose_WaterTempDrop_85,atomic,[Montrose_WaterTempDrop_85],[0.9657],1,1,0.9657,[[MontroseBeach201507151700_Water_Temperature]]
2025-10-15 19:14:28.865,87.455,Calumet_WaterTempDrop_85,atomic,[Calumet_WaterTempDrop_85],[1.0000],1,1,1.0000,[[CalumetBeach201507151700_Water_Temperature]]
2025-10-15 19:14:28.866,87.456,Montrose_HighWave_85,atomic,[Montrose_HighWave_85],[1.0000],1,1,1.0000,[[MontroseBeach201507151700_Wave_Height]]
2025-10-15 19:14:28.932,87.522,63rd_WaterTempDrop_85,atomic,[63rd_WaterTempDrop_85],[1.0000],1,1,1.0000,[[63rdStreetBeach201507151800_Water_Temperature]]
2025-10-15 19:14:28.932,87.522,Calumet_WaterTempDrop_85,atomic,[Calumet_WaterTempDrop_85],[1.0000],1,1,1.0000,[[CalumetBeach201507151800_Water_Temperature]]
2025-10-15 19:14:28.932,87.522,Montrose_WaterTempDrop_85,atomic,[Montrose_WaterTempDrop_85],[1.0000],1,1,1.0000,[[MontroseBeach201507151800_Water_Temperature]]
2025-10-15 19:14:28.990,87.580,Montrose_WaterTempDrop_85,atomic,[Montrose_WaterTempDrop_85],[0.9639],1,1,0.9639,[[MontroseBeach201507151900_Water_Temperature]]
2025-10-15 19:14:28.991,87.581,Calumet_WaterTempDrop_85,atomic,[Calumet_WaterTempDrop_85],[1.0000],1,1,1.0000,[[CalumetBeach201507151900_Water_Temperature]]
2025-10-15 19:14:28.991,87.581,63rd_WaterTempDrop_85,atomic,[63rd_WaterTempDrop_85],[1.0000],1,1,1.0000,[[63rdStreetBeach201507151900_Water_Temperature]]
2025-10-15 19:14:29.052,87.642,63rd_WaterTempDrop_85,atomic,[63rd_WaterTempDrop_85],[1.0000],1,1,1.0000,[[63rdStreetBeach201507152000_Water_Temperature]]
2025-10-15 19:14:29.054,87.644,Montrose_WaterTempDrop_85,atomic,[Montrose_WaterTempDrop_85],[1.0000],1,1,1.0000,[[MontroseBeach201507152000_Water_Temperature]]
2025-10-15 19:14:29.055,87.645,Calumet_WaterTempDrop_85,atomic,[Calumet_WaterTempDrop_85],[1.0000],1,1,1.0000,[[CalumetBeach201507152000_Water_Temperature]]
2025-10-15 19:14:29.112,87.702,63rd_WaterTempDrop_85,atomic,[63rd_WaterTempDrop_85],[0.9626],1,1,0.9626,[[63rdStreetBeach201507152100_Water_Temperature]]
2025-10-15 19:14:29.113,87.703,Calumet_WaterTempDrop_85,atomic,[Calumet_WaterTempDrop_85],[1.0000],1,1,1.0000,[[CalumetBeach201507152100_Water_Temperature]]
2025-10-15 19:14:29.114,87.704,Montrose_WaterTempDrop_85,atomic,[Montrose_WaterTempDrop_85],[1.0000],1,1,1.0000,[[MontroseBeach201507152100_Water_Temperature]]
2025-10-15 19:14:29.173,87.763,Calumet_WaterTempDrop_85,atomic,[Calumet_WaterTempDrop_85],[0.9698],1,1,0.9698,[[CalumetBeach201507152200_Water_Temperature]]
2025-10-15 19:14:29.174,87.764,63rd_WaterTempDrop_85,atomic,[63rd_WaterTempDrop_85],[0.9583],1,1,0.9583,[[63rdStreetBeach201507152200_Water_Temperature]]
2025-10-15 19:14:29.178,87.768,Montrose_WaterTempDrop_85,atomic,[Montrose_WaterTempDrop_85],[1.0000],1,1,1.0000,[[MontroseBeach201507152200_Water_Temperature]]
2025-10-15 19:14:29.237,87.827,Calumet_WaterTempDrop_85,atomic,[Calumet_WaterTempDrop_85],[1.0000],1,1,1.0000,[[CalumetBeach201507152300_Water_Temperature]]
2025-10-15 19:14:29.238,87.828,63rd_WaterTempDrop_85,atomic,[63rd_WaterTempDrop_85],[1.0000],1,1,1.0000,[[63rdStreetBeach201507152300_Water_Temperature]]
2025-10-15 19:14:29.238,87.828,Montrose_WaterTempDrop_85,atomic,[Montrose_WaterTempDrop_85],[1.0000],1,1,1.0000,[[MontroseBeach201507152300_Water_Temperature]]
2025-10-15 19:14:29.298,87.888,Calumet_WaterTempDrop_85,atomic,[Calumet_WaterTempDrop_85],[0.9673],1,1,0.9673,[[CalumetBeach201507162400_Water_Temperature]]
2025-10-15 19:14:29.299,87.889,63rd_WaterTempDrop_85,atomic,[63rd_WaterTempDrop_85],[0.9580],1,1,0.9580,[[63rdStreetBeach201507162400_Water_Temperature]]
2025-10-15 19:14:29.302,87.892,Montrose_WaterTempDrop_85,atomic,[Montrose_WaterTempDrop_85],[0.9676],1,1,0.9676,[[MontroseBeach201507162400_Water_Temperature]]
2025-10-15 19:14:29.366,87.956,Montrose_WaterTempDrop_85,atomic,[Montrose_WaterTempDrop_85],[1.0000],1,1,1.0000,[[MontroseBeach201507160100_Water_Temperature]]
2025-10-15 19:14:29.366,87.956,63rd_WaterTempDrop_85,atomic,[63rd_WaterTempDrop_85],[1.0000],1,1,1.0000,[[63rdStreetBeach201507160100_Water_Temperature]]
2025-10-15 19:14:29.366,87.956,Calumet_WaterTempDrop_85,atomic,[Calumet_WaterTempDrop_85],[1.0000],1,1,1.0000,[[CalumetBeach201507160100_Water_Temperature]]
2025-10-15 19:14:29.427,88.017,Calumet_WaterTempDrop_85,atomic,[Calumet_WaterTempDrop_85],[0.9651],1,1,0.9651,[[CalumetBeach201507160200_Water_Temperature]]
2025-10-15 19:14:29.428,88.018,Montrose_WaterTempDrop_85,atomic,[Montrose_WaterTempDrop_85],[1.0000],1,1,1.0000,[[MontroseBeach201507160200_Water_Temperature]]
2025-10-15 19:14:29.430,88.020,63rd_WaterTempDrop_85,atomic,[63rd_WaterTempDrop_85],[0.9578],1,1,0.9578,[[63rdStreetBeach201507160200_Water_Temperature]]
2025-10-15 19:14:29.490,88.080,Montrose_WaterTempDrop_85,atomic,[Montrose_WaterTempDrop_85],[1.0000],1,1,1.0000,[[MontroseBeach201507160300_Water_Temperature]]
2025-10-15 19:14:29.491,88.081,63rd_WaterTempDrop_85,atomic,[63rd_WaterTempDrop_85],[1.0000],1,1,1.0000,[[63rdStreetBeach201507160300_Water_Temperature]]
2025-10-15 19:14:29.491,88.081,Calumet_WaterTempDrop_85,atomic,[Calumet_WaterTempDrop_85],[1.0000],1,1,1.0000,[[CalumetBeach201507160300_Water_Temperature]]
2025-10-15 19:14:29.553,88.143,63rd_WaterTempDrop_85,atomic,[63rd_WaterTempDrop_85],[0.9576],1,1,0.9576,[[63rdStreetBeach201507160400_Water_Temperature]]
2025-10-15 19:14:29.554,88.144,Montrose_WaterTempDrop_85,atomic,[Montrose_WaterTempDrop_85],[1.0000],1,1,1.0000,[[MontroseBeach201507160400_Water_Temperature]]
2025-10-15 19:14:29.556,88.146,Calumet_WaterTempDrop_85,atomic,[Calumet_WaterTempDrop_85],[1.0000],1,1,1.0000,[[CalumetBeach201507160400_Water_Temperature]]
2025-10-15 19:14:29.616,88.206,Calumet_WaterTempDrop_85,atomic,[Calumet_WaterTempDrop_85],[0.9651],1,1,0.9651,[[CalumetBeach201507160500_Water_Temperature]]
2025-10-15 19:14:29.617,88.207,Montrose_WaterTempDrop_85,atomic,[Montrose_WaterTempDrop_85],[1.0000],1,1,1.0000,[[MontroseBeach201507160500_Water_Temperature]]
2025-10-15 19:14:29.678,88.268,Montrose_WaterTempDrop_85,atomic,[Montrose_WaterTempDrop_85],[0.9699],1,1,0.9699,[[MontroseBeach201507160600_Water_Temperature]]
2025-10-15 19:14:29.681,88.271,63rd_WaterTempDrop_85,atomic,[63rd_WaterTempDrop_85],[0.9528],1,1,0.9528,[[63rdStreetBeach201507160600_Water_Temperature]]
2025-10-15 19:14:29.681,88.271,Calumet_WaterTempDrop_85,atomic,[Calumet_WaterTempDrop_85],[1.0000],1,1,1.0000,[[CalumetBeach201507160600_Water_Temperature]]
2025-10-15 19:14:29.743,88.333,Montrose_WaterTempDrop_85,atomic,[Montrose_WaterTempDrop_85],[0.9661],1,1,0.9661,[[MontroseBeach201507160700_Water_Temperature]]
2025-10-15 19:14:29.743,88.333,Calumet_WaterTempDrop_85,atomic,[Calumet_WaterTempDrop_85],[1.0000],1,1,1.0000,[[CalumetBeach201507160700_Water_Temperature]]
2025-10-15 19:14:29.743,88.333,63rd_WaterTempDrop_85,atomic,[63rd_WaterTempDrop_85],[1.0000],1,1,1.0000,[[63rdStreetBeach201507160700_Water_Temperature]]
2025-10-15 19:14:29.802,88.392,Montrose_WaterTempDrop_85,atomic,[Montrose_WaterTempDrop_85],[0.9620],1,1,0.9620,[[MontroseBeach201507160800_Water_Temperature]]
2025-10-15 19:14:29.805,88.395,63rd_WaterTempDrop_85,atomic,[63rd_WaterTempDrop_85],[1.0000],1,1,1.0000,[[63rdStreetBeach201507160800_Water_Temperature]]
2025-10-15 19:14:29.805,88.395,Calumet_WaterTempDrop_85,atomic,[Calumet_WaterTempDrop_85],[1.0000],1,1,1.0000,[[CalumetBeach201507160800_Water_Temperature]]
2025-10-15 19:14:29.866,88.456,63rd_WaterTempDrop_85,atomic,[63rd_WaterTempDrop_85],[0.9582],1,1,0.9582,[[63rdStreetBeach201507160900_Water_Temperature]]
2025-10-15 19:14:29.866,88.456,Montrose_WaterTempDrop_85,atomic,[Montrose_WaterTempDrop_85],[0.9573],1,1,0.9573,[[MontroseBeach201507160900_Water_Temperature]]
2025-10-15 19:14:29.869,88.459,Calumet_WaterTempDrop_85,atomic,[Calumet_WaterTempDrop_85],[1.0000],1,1,1.0000,[[CalumetBeach201507160900_Water_Temperature]]
2025-10-15 19:14:29.930,88.520,Montrose_WaterTempDrop_85,atomic,[Montrose_WaterTempDrop_85],[0.9522],1,1,0.9522,[[MontroseBeach201507161100_Water_Temperature]]
2025-10-15 19:14:29.931,88.521,Calumet_WaterTempDrop_85,atomic,[Calumet_WaterTempDrop_85],[1.0000],1,1,1.0000,[[CalumetBeach201507161100_Water_Temperature]]
2025-10-15 19:14:29.933,88.523,63rd_WaterTempDrop_85,atomic,[63rd_WaterTempDrop_85],[1.0000],1,1,1.0000,[[63rdStreetBeach201507161100_Water_Temperature]]
2025-10-15 19:14:29.994,88.584,Calumet_WaterTempDrop_85,atomic,[Calumet_WaterTempDrop_85],[1.0000],1,1,1.0000,[[CalumetBeach201507161200_Water_Temperature]]
2025-10-15 19:14:29.996,88.586,Montrose_WaterTempDrop_85,atomic,[Montrose_WaterTempDrop_85],[1.0000],1,1,1.0000,[[MontroseBeach201507161200_Water_Temperature]]
2025-10-15 19:14:29.996,88.586,63rd_WaterTempDrop_85,atomic,[63rd_WaterTempDrop_85],[1.0000],1,1,1.0000,[[63rdStreetBeach201507161200_Water_Temperature]]
2025-10-15 19:14:30.055,88.645,Calumet_WaterTempDrop_85,atomic,[Calumet_WaterTempDrop_85],[0.9697],1,1,0.9697,[[CalumetBeach201507161300_Water_Temperature]]
2025-10-15 19:14:30.056,88.646,Montrose_WaterTempDrop_85,atomic,[Montrose_WaterTempDrop_85],[0.9529],1,1,0.9529,[[MontroseBeach201507161300_Water_Temperature]]
2025-10-15 19:14:30.059,88.649,63rd_WaterTempDrop_85,atomic,[63rd_WaterTempDrop_85],[1.0000],1,1,1.0000,[[63rdStreetBeach201507161300_Water_Temperature]]
2025-10-15 19:14:30.118,88.708,Montrose_WaterTempDrop_85,atomic,[Montrose_WaterTempDrop_85],[0.9474],1,1,0.9474,[[MontroseBeach201507161400_Water_Temperature]]
2025-10-15 19:14:30.120,88.710,Calumet_WaterTempDrop_85,atomic,[Calumet_WaterTempDrop_85],[1.0000],1,1,1.0000,[[CalumetBeach201507161400_Water_Temperature]]
2025-10-15 19:14:30.121,88.711,63rd_WaterTempDrop_85,atomic,[63rd_WaterTempDrop_85],[1.0000],1,1,1.0000,[[63rdStreetBeach201507161400_Water_Temperature]]
2025-10-15 19:14:30.183,88.773,63rd_WaterTempDrop_85,atomic,[63rd_WaterTempDrop_85],[0.9658],1,1,0.9658,[[63rdStreetBeach201507161500_Water_Temperature]]
2025-10-15 19:14:30.183,88.773,Montrose_WaterTempDrop_85,atomic,[Montrose_WaterTempDrop_85],[0.9414],1,1,0.9414,[[MontroseBeach201507161500_Water_Temperature]]
2025-10-15 19:14:30.183,88.773,Calumet_WaterTempDrop_85,atomic,[Calumet_WaterTempDrop_85],[1.0000],1,1,1.0000,[[CalumetBeach201507161500_Water_Temperature]]
2025-10-15 19:14:30.244,88.834,63rd_WaterTempDrop_85,atomic,[63rd_WaterTempDrop_85],[0.9618],1,1,0.9618,[[63rdStreetBeach201507161600_Water_Temperature]]
2025-10-15 19:14:30.244,88.834,Montrose_WaterTempDrop_85,atomic,[Montrose_WaterTempDrop_85],[1.0000],1,1,1.0000,[[MontroseBeach201507161600_Water_Temperature]]
2025-10-15 19:14:30.245,88.835,Calumet_WaterTempDrop_85,atomic,[Calumet_WaterTempDrop_85],[0.9684],1,1,0.9684,[[CalumetBeach201507161600_Water_Temperature]]
2025-10-15 19:14:30.309,88.899,Calumet_WaterTempDrop_85,atomic,[Calumet_WaterTempDrop_85],[1.0000],1,1,1.0000,[[CalumetBeach201507161700_Water_Temperature]]
2025-10-15 19:14:30.310,88.900,63rd_WaterTempDrop_85,atomic,[63rd_WaterTempDrop_85],[1.0000],1,1,1.0000,[[63rdStreetBeach201507161700_Water_Temperature]]
2025-10-15 19:14:30.311,88.901,Montrose_WaterTempDrop_85,atomic,[Montrose_WaterTempDrop_85],[1.0000],1,1,1.0000,[[MontroseBeach201507161700_Water_Temperature]]
2025-10-15 19:14:30.371,88.961,63rd_WaterTempDrop_85,atomic,[63rd_WaterTempDrop_85],[0.9607],1,1,0.9607,[[63rdStreetBeach201507161800_Water_Temperature]]
2025-10-15 19:14:30.372,88.962,Calumet_WaterTempDrop_85,atomic,[Calumet_WaterTempDrop_85],[0.9661],1,1,0.9661,[[CalumetBeach201507161800_Water_Temperature]]
2025-10-15 19:14:30.373,88.963,Montrose_WaterTempDrop_85,atomic,[Montrose_WaterTempDrop_85],[1.0000],1,1,1.0000,[[MontroseBeach201507161800_Water_Temperature]]
2025-10-15 19:14:30.441,89.031,Calumet_WaterTempDrop_85,atomic,[Calumet_WaterTempDrop_85],[1.0000],1,1,1.0000,[[CalumetBeach201507161900_Water_Temperature]]
2025-10-15 19:14:30.442,89.032,63rd_WaterTempDrop_85,atomic,[63rd_WaterTempDrop_85],[0.9562],1,1,0.9562,[[63rdStreetBeach201507161900_Water_Temperature]]
2025-10-15 19:14:30.443,89.033,Montrose_WaterTempDrop_85,atomic,[Montrose_WaterTempDrop_85],[1.0000],1,1,1.0000,[[MontroseBeach201507161900_Water_Temperature]]
2025-10-15 19:14:30.499,89.089,Montrose_WaterTempDrop_85,atomic,[Montrose_WaterTempDrop_85],[0.9607],1,1,0.9607,[[MontroseBeach201507162000_Water_Temperature]]
2025-10-15 19:14:30.499,89.089,Calumet_WaterTempDrop_85,atomic,[Calumet_WaterTempDrop_85],[1.0000],1,1,1.0000,[[CalumetBeach201507162000_Water_Temperature]]
2025-10-15 19:14:30.501,89.091,63rd_WaterTempDrop_85,atomic,[63rd_WaterTempDrop_85],[1.0000],1,1,1.0000,[[63rdStreetBeach201507162000_Water_Temperature]]
2025-10-15 19:14:30.561,89.151,63rd_WaterTempDrop_85,atomic,[63rd_WaterTempDrop_85],[0.9562],1,1,0.9562,[[63rdStreetBeach201507162100_Water_Temperature]]
2025-10-15 19:14:30.567,89.157,Calumet_WaterTempDrop_85,atomic,[Calumet_WaterTempDrop_85],[0.9658],1,1,0.9658,[[CalumetBeach201507162100_Water_Temperature]]
2025-10-15 19:14:30.567,89.157,Montrose_WaterTempDrop_85,atomic,[Montrose_WaterTempDrop_85],[1.0000],1,1,1.0000,[[MontroseBeach201507162100_Water_Temperature]]
2025-10-15 19:14:30.625,89.215,Montrose_WaterTempDrop_85,atomic,[Montrose_WaterTempDrop_85],[0.9600],1,1,0.9600,[[MontroseBeach201507162200_Water_Temperature]]
2025-10-15 19:14:30.626,89.216,63rd_WaterTempDrop_85,atomic,[63rd_WaterTempDrop_85],[1.0000],1,1,1.0000,[[63rdStreetBeach201507162200_Water_Temperature]]
2025-10-15 19:14:30.627,89.217,Calumet_WaterTempDrop_85,atomic,[Calumet_WaterTempDrop_85],[1.0000],1,1,1.0000,[[CalumetBeach201507162200_Water_Temperature]]
2025-10-15 19:14:30.688,89.278,63rd_WaterTempDrop_85,atomic,[63rd_WaterTempDrop_85],[1.0000],1,1,1.0000,[[63rdStreetBeach201507162300_Water_Temperature]]
2025-10-15 19:14:30.688,89.278,Calumet_WaterTempDrop_85,atomic,[Calumet_WaterTempDrop_85],[1.0000],1,1,1.0000,[[CalumetBeach201507162300_Water_Temperature]]
2025-10-15 19:14:30.689,89.279,Montrose_WaterTempDrop_85,atomic,[Montrose_WaterTempDrop_85],[1.0000],1,1,1.0000,[[MontroseBeach201507162300_Water_Temperature]]
2025-10-15 19:14:30.749,89.339,Montrose_WaterTempDrop_85,atomic,[Montrose_WaterTempDrop_85],[0.9595],1,1,0.9595,[[MontroseBeach201507172400_Water_Temperature]]
2025-10-15 19:14:30.749,89.339,Calumet_WaterTempDrop_85,atomic,[Calumet_WaterTempDrop_85],[0.9657],1,1,0.9657,[[CalumetBeach201507172400_Water_Temperature]]
2025-10-15 19:14:30.753,89.343,63rd_WaterTempDrop_85,atomic,[63rd_WaterTempDrop_85],[1.0000],1,1,1.0000,[[63rdStreetBeach201507172400_Water_Temperature]]
2025-10-15 19:14:30.812,89.402,Calumet_WaterTempDrop_85,atomic,[Calumet_WaterTempDrop_85],[0.9615],1,1,0.9615,[[CalumetBeach201507170100_Water_Temperature]]
2025-10-15 19:14:30.813,89.403,63rd_WaterTempDrop_85,atomic,[63rd_WaterTempDrop_85],[1.0000],1,1,1.0000,[[63rdStreetBeach201507170100_Water_Temperature]]
2025-10-15 19:14:30.814,89.404,Montrose_WaterTempDrop_85,atomic,[Montrose_WaterTempDrop_85],[1.0000],1,1,1.0000,[[MontroseBeach201507170100_Water_Temperature]]
2025-10-15 19:14:30.877,89.467,Montrose_WaterTempDrop_85,atomic,[Montrose_WaterTempDrop_85],[0.9590],1,1,0.9590,[[MontroseBeach201507170200_Water_Temperature]]
2025-10-15 19:14:30.877,89.467,Calumet_WaterTempDrop_85,atomic,[Calumet_WaterTempDrop_85],[1.0000],1,1,1.0000,[[CalumetBeach201507170200_Water_Temperature]]
2025-10-15 19:14:30.878,89.468,63rd_WaterTempDrop_85,atomic,[63rd_WaterTempDrop_85],[1.0000],1,1,1.0000,[[63rdStreetBeach201507170200_Water_Temperature]]
2025-10-15 19:14:30.941,89.531,Calumet_WaterTempDrop_85,atomic,[Calumet_WaterTempDrop_85],[1.0000],1,1,1.0000,[[CalumetBeach201507170300_Water_Temperature]]
2025-10-15 19:14:30.941,89.531,Montrose_WaterTempDrop_85,atomic,[Montrose_WaterTempDrop_85],[1.0000],1,1,1.0000,[[MontroseBeach201507170300_Water_Temperature]]
2025-10-15 19:14:31.004,89.594,Calumet_WaterTempDrop_85,atomic,[Calumet_WaterTempDrop_85],[1.0000],1,1,1.0000,[[CalumetBeach201507170400_Water_Temperature]]
2025-10-15 19:14:31.005,89.595,63rd_WaterTempDrop_85,atomic,[63rd_WaterTempDrop_85],[1.0000],1,1,1.0000,[[63rdStreetBeach201507170400_Water_Temperature]]
2025-10-15 19:14:31.005,89.595,Montrose_WaterTempDrop_85,atomic,[Montrose_WaterTempDrop_85],[1.0000],1,1,1.0000,[[MontroseBeach201507170400_Water_Temperature]]
2025-10-15 19:14:31.068,89.658,63rd_WaterTempDrop_85,atomic,[63rd_WaterTempDrop_85],[0.9679],1,1,0.9679,[[63rdStreetBeach201507170500_Water_Temperature]]
2025-10-15 19:14:31.068,89.658,Calumet_WaterTempDrop_85,atomic,[Calumet_WaterTempDrop_85],[1.0000],1,1,1.0000,[[CalumetBeach201507170500_Water_Temperature]]
2025-10-15 19:14:31.071,89.661,Montrose_WaterTempDrop_85,atomic,[Montrose_WaterTempDrop_85],[1.0000],1,1,1.0000,[[MontroseBeach201507170500_Water_Temperature]]
2025-10-15 19:14:31.131,89.721,63rd_WaterTempDrop_85,atomic,[63rd_WaterTempDrop_85],[0.9640],1,1,0.9640,[[63rdStreetBeach201507170600_Water_Temperature]]
2025-10-15 19:14:31.131,89.721,Montrose_WaterTempDrop_85,atomic,[Montrose_WaterTempDrop_85],[1.0000],1,1,1.0000,[[MontroseBeach201507170600_Water_Temperature]]
2025-10-15 19:14:31.134,89.724,Calumet_WaterTempDrop_85,atomic,[Calumet_WaterTempDrop_85],[1.0000],1,1,1.0000,[[CalumetBeach201507170600_Water_Temperature]]
2025-10-15 19:14:31.196,89.786,Calumet_WaterTempDrop_85,atomic,[Calumet_WaterTempDrop_85],[0.9678],1,1,0.9678,[[CalumetBeach201507170700_Water_Temperature]]
2025-10-15 19:14:31.198,89.788,Montrose_WaterTempDrop_85,atomic,[Montrose_WaterTempDrop_85],[1.0000],1,1,1.0000,[[MontroseBeach201507170700_Water_Temperature]]
2025-10-15 19:14:31.257,89.847,Calumet_WaterTempDrop_85,atomic,[Calumet_WaterTempDrop_85],[0.9640],1,1,0.9640,[[CalumetBeach201507170800_Water_Temperature]]
2025-10-15 19:14:31.257,89.847,Montrose_WaterTempDrop_85,atomic,[Montrose_WaterTempDrop_85],[0.9676],1,1,0.9676,[[MontroseBeach201507170800_Water_Temperature]]
2025-10-15 19:14:31.257,89.847,63rd_WaterTempDrop_85,atomic,[63rd_WaterTempDrop_85],[1.0000],1,1,1.0000,[[63rdStreetBeach201507170800_Water_Temperature]]
2025-10-15 19:14:31.320,89.910,63rd_WaterTempDrop_85,atomic,[63rd_WaterTempDrop_85],[0.9625],1,1,0.9625,[[63rdStreetBeach201507170900_Water_Temperature]]
2025-10-15 19:14:31.321,89.911,Calumet_WaterTempDrop_85,atomic,[Calumet_WaterTempDrop_85],[1.0000],1,1,1.0000,[[CalumetBeach201507170900_Water_Temperature]]
2025-10-15 19:14:31.322,89.912,Montrose_WaterTempDrop_85,atomic,[Montrose_WaterTempDrop_85],[1.0000],1,1,1.0000,[[MontroseBeach201507170900_Water_Temperature]]
2025-10-15 19:14:31.384,89.974,Montrose_WaterTempDrop_85,atomic,[Montrose_WaterTempDrop_85],[1.0000],1,1,1.0000,[[MontroseBeach201507171000_Water_Temperature]]
2025-10-15 19:14:31.385,89.975,63rd_WaterTempDrop_85,atomic,[63rd_WaterTempDrop_85],[1.0000],1,1,1.0000,[[63rdStreetBeach201507171000_Water_Temperature]]
2025-10-15 19:14:31.385,89.975,Calumet_WaterTempDrop_85,atomic,[Calumet_WaterTempDrop_85],[1.0000],1,1,1.0000,[[CalumetBeach201507171000_Water_Temperature]]
2025-10-15 19:14:31.447,90.037,Calumet_WaterTempDrop_85,atomic,[Calumet_WaterTempDrop_85],[0.9645],1,1,0.9645,[[CalumetBeach201507171100_Water_Temperature]]
2025-10-15 19:14:31.448,90.038,Montrose_WaterTempDrop_85,atomic,[Montrose_WaterTempDrop_85],[0.9672],1,1,0.9672,[[MontroseBeach201507171100_Water_Temperature]]
2025-10-15 19:14:31.449,90.039,63rd_WaterTempDrop_85,atomic,[63rd_WaterTempDrop_85],[1.0000],1,1,1.0000,[[63rdStreetBeach201507171100_Water_Temperature]]
2025-10-15 19:14:31.509,90.099,Montrose_WaterTempDrop_85,atomic,[Montrose_WaterTempDrop_85],[0.9633],1,1,0.9633,[[MontroseBeach201507171200_Water_Temperature]]
2025-10-15 19:14:31.509,90.099,63rd_WaterTempDrop_85,atomic,[63rd_WaterTempDrop_85],[1.0000],1,1,1.0000,[[63rdStreetBeach201507171200_Water_Temperature]]
2025-10-15 19:14:31.511,90.101,Calumet_WaterTempDrop_85,atomic,[Calumet_WaterTempDrop_85],[1.0000],1,1,1.0000,[[CalumetBeach201507171200_Water_Temperature]]
2025-10-15 19:14:31.574,90.164,Calumet_WaterTempDrop_85,atomic,[Calumet_WaterTempDrop_85],[1.0000],1,1,1.0000,[[CalumetBeach201507171300_Water_Temperature]]
2025-10-15 19:14:31.576,90.166,63rd_WaterTempDrop_85,atomic,[63rd_WaterTempDrop_85],[1.0000],1,1,1.0000,[[63rdStreetBeach201507171300_Water_Temperature]]
2025-10-15 19:14:31.576,90.166,Montrose_WaterTempDrop_85,atomic,[Montrose_WaterTempDrop_85],[1.0000],1,1,1.0000,[[MontroseBeach201507171300_Water_Temperature]]
2025-10-15 19:14:31.634,90.224,63rd_WaterTempDrop_85,atomic,[63rd_WaterTempDrop_85],[0.9669],1,1,0.9669,[[63rdStreetBeach201507171400_Water_Temperature]]
2025-10-15 19:14:31.636,90.226,Montrose_WaterTempDrop_85,atomic,[Montrose_WaterTempDrop_85],[1.0000],1,1,1.0000,[[MontroseBeach201507171400_Water_Temperature]]
2025-10-15 19:14:31.636,90.226,Calumet_WaterTempDrop_85,atomic,[Calumet_WaterTempDrop_85],[1.0000],1,1,1.0000,[[CalumetBeach201507171400_Water_Temperature]]
2025-10-15 19:14:31.698,90.288,Calumet_WaterTempDrop_85,atomic,[Calumet_WaterTempDrop_85],[1.0000],1,1,1.0000,[[CalumetBeach201507171500_Water_Temperature]]
2025-10-15 19:14:31.699,90.289,Montrose_WaterTempDrop_85,atomic,[Montrose_WaterTempDrop_85],[1.0000],1,1,1.0000,[[MontroseBeach201507171500_Water_Temperature]]
2025-10-15 19:14:31.699,90.289,63rd_WaterTempDrop_85,atomic,[63rd_WaterTempDrop_85],[1.0000],1,1,1.0000,[[63rdStreetBeach201507171500_Water_Temperature]]
2025-10-15 19:14:31.760,90.350,63rd_WaterTempDrop_85,atomic,[63rd_WaterTempDrop_85],[0.9649],1,1,0.9649,[[63rdStreetBeach201507171600_Water_Temperature]]
2025-10-15 19:14:31.760,90.350,Calumet_WaterTempDrop_85,atomic,[Calumet_WaterTempDrop_85],[1.0000],1,1,1.0000,[[CalumetBeach201507171600_Water_Temperature]]
2025-10-15 19:14:31.762,90.352,Montrose_WaterTempDrop_85,atomic,[Montrose_WaterTempDrop_85],[0.9659],1,1,0.9659,[[MontroseBeach201507171600_Water_Temperature]]
2025-10-15 19:14:31.821,90.411,63rd_WaterTempDrop_85,atomic,[63rd_WaterTempDrop_85],[0.9606],1,1,0.9606,[[63rdStreetBeach201507171700_Water_Temperature]]
2025-10-15 19:14:31.823,90.413,Montrose_WaterTempDrop_85,atomic,[Montrose_WaterTempDrop_85],[0.9617],1,1,0.9617,[[MontroseBeach201507171700_Water_Temperature]]
2025-10-15 19:14:31.825,90.415,Calumet_WaterTempDrop_85,atomic,[Calumet_WaterTempDrop_85],[1.0000],1,1,1.0000,[[CalumetBeach201507171700_Water_Temperature]]
2025-10-15 19:14:31.884,90.474,Montrose_WaterTempDrop_85,atomic,[Montrose_WaterTempDrop_85],[0.9572],1,1,0.9572,[[MontroseBeach201507171800_Water_Temperature]]
2025-10-15 19:14:31.887,90.477,Calumet_WaterTempDrop_85,atomic,[Calumet_WaterTempDrop_85],[1.0000],1,1,1.0000,[[CalumetBeach201507171800_Water_Temperature]]
2025-10-15 19:14:31.888,90.478,63rd_WaterTempDrop_85,atomic,[63rd_WaterTempDrop_85],[1.0000],1,1,1.0000,[[63rdStreetBeach201507171800_Water_Temperature]]
2025-10-15 19:14:31.949,90.539,Montrose_WaterTempDrop_85,atomic,[Montrose_WaterTempDrop_85],[1.0000],1,1,1.0000,[[MontroseBeach201507171900_Water_Temperature]]
2025-10-15 19:14:31.950,90.540,63rd_WaterTempDrop_85,atomic,[63rd_WaterTempDrop_85],[1.0000],1,1,1.0000,[[63rdStreetBeach201507171900_Water_Temperature]]
2025-10-15 19:14:31.951,90.541,Calumet_WaterTempDrop_85,atomic,[Calumet_WaterTempDrop_85],[1.0000],1,1,1.0000,[[CalumetBeach201507171900_Water_Temperature]]
2025-10-15 19:14:32.009,90.599,Montrose_WaterTempDrop_85,atomic,[Montrose_WaterTempDrop_85],[0.9568],1,1,0.9568,[[MontroseBeach201507172000_Water_Temperature]]
2025-10-15 19:14:32.010,90.600,63rd_WaterTempDrop_85,atomic,[63rd_WaterTempDrop_85],[0.9623],1,1,0.9623,[[63rdStreetBeach201507172000_Water_Temperature]]
2025-10-15 19:14:32.013,90.603,Calumet_WaterTempDrop_85,atomic,[Calumet_WaterTempDrop_85],[1.0000],1,1,1.0000,[[CalumetBeach201507172000_Water_Temperature]]
2025-10-15 19:14:32.073,90.663,63rd_WaterTempDrop_85,atomic,[63rd_WaterTempDrop_85],[0.9578],1,1,0.9578,[[63rdStreetBeach201507172100_Water_Temperature]]
2025-10-15 19:14:32.074,90.664,Calumet_WaterTempDrop_85,atomic,[Calumet_WaterTempDrop_85],[1.0000],1,1,1.0000,[[CalumetBeach201507172100_Water_Temperature]]
2025-10-15 19:14:32.074,90.664,Montrose_WaterTempDrop_85,atomic,[Montrose_WaterTempDrop_85],[0.9517],1,1,0.9517,[[MontroseBeach201507172100_Water_Temperature]]
2025-10-15 19:14:32.134,90.724,Montrose_WaterTempDrop_85,atomic,[Montrose_WaterTempDrop_85],[0.9462],1,1,0.9462,[[MontroseBeach201507172200_Water_Temperature]]
2025-10-15 19:14:32.134,90.724,Calumet_WaterTempDrop_85,atomic,[Calumet_WaterTempDrop_85],[0.9719],1,1,0.9719,[[CalumetBeach201507172200_Water_Temperature]]
2025-10-15 19:14:32.134,90.724,63rd_WaterTempDrop_85,atomic,[63rd_WaterTempDrop_85],[1.0000],1,1,1.0000,[[63rdStreetBeach201507172200_Water_Temperature]]
2025-10-15 19:14:32.197,90.787,Montrose_WaterTempDrop_85,atomic,[Montrose_WaterTempDrop_85],[0.9401],1,1,0.9401,[[MontroseBeach201507172300_Water_Temperature]]
2025-10-15 19:14:32.197,90.787,Calumet_WaterTempDrop_85,atomic,[Calumet_WaterTempDrop_85],[0.9684],1,1,0.9684,[[CalumetBeach201507172300_Water_Temperature]]
2025-10-15 19:14:32.197,90.787,63rd_WaterTempDrop_85,atomic,[63rd_WaterTempDrop_85],[1.0000],1,1,1.0000,[[63rdStreetBeach201507172300_Water_Temperature]]
2025-10-15 19:14:32.256,90.846,Calumet_WaterTempDrop_85,atomic,[Calumet_WaterTempDrop_85],[0.9644],1,1,0.9644,[[CalumetBeach201507182400_Water_Temperature]]
2025-10-15 19:14:32.257,90.847,Montrose_WaterTempDrop_85,atomic,[Montrose_WaterTempDrop_85],[1.0000],1,1,1.0000,[[MontroseBeach201507182400_Water_Temperature]]
2025-10-15 19:14:32.258,90.848,63rd_WaterTempDrop_85,atomic,[63rd_WaterTempDrop_85],[1.0000],1,1,1.0000,[[63rdStreetBeach201507182400_Water_Temperature]]
2025-10-15 19:14:32.320,90.910,Montrose_WaterTempDrop_85,atomic,[Montrose_WaterTempDrop_85],[0.9445],1,1,0.9445,[[MontroseBeach201507180100_Water_Temperature]]
2025-10-15 19:14:32.320,90.910,Calumet_WaterTempDrop_85,atomic,[Calumet_WaterTempDrop_85],[0.9600],1,1,0.9600,[[CalumetBeach201507180100_Water_Temperature]]
2025-10-15 19:14:32.322,90.912,63rd_WaterTempDrop_85,atomic,[63rd_WaterTempDrop_85],[1.0000],1,1,1.0000,[[63rdStreetBeach201507180100_Water_Temperature]]
2025-10-15 19:14:32.382,90.972,Calumet_WaterTempDrop_85,atomic,[Calumet_WaterTempDrop_85],[0.9551],1,1,0.9551,[[CalumetBeach201507180200_Water_Temperature]]
2025-10-15 19:14:32.384,90.974,Montrose_WaterTempDrop_85,atomic,[Montrose_WaterTempDrop_85],[1.0000],1,1,1.0000,[[MontroseBeach201507180200_Water_Temperature]]
2025-10-15 19:14:32.386,90.976,63rd_WaterTempDrop_85,atomic,[63rd_WaterTempDrop_85],[1.0000],1,1,1.0000,[[63rdStreetBeach201507180200_Water_Temperature]]
2025-10-15 19:14:32.446,91.036,Montrose_WaterTempDrop_85,atomic,[Montrose_WaterTempDrop_85],[0.9478],1,1,0.9478,[[MontroseBeach201507180300_Water_Temperature]]
2025-10-15 19:14:32.447,91.037,63rd_WaterTempDrop_85,atomic,[63rd_WaterTempDrop_85],[0.9668],1,1,0.9668,[[63rdStreetBeach201507180300_Water_Temperature]]
2025-10-15 19:14:32.448,91.038,Calumet_WaterTempDrop_85,atomic,[Calumet_WaterTempDrop_85],[1.0000],1,1,1.0000,[[CalumetBeach201507180300_Water_Temperature]]
2025-10-15 19:14:32.507,91.097,Calumet_WaterTempDrop_85,atomic,[Calumet_WaterTempDrop_85],[0.9550],1,1,0.9550,[[CalumetBeach201507180400_Water_Temperature]]
2025-10-15 19:14:32.509,91.099,63rd_WaterTempDrop_85,atomic,[63rd_WaterTempDrop_85],[0.9628],1,1,0.9628,[[63rdStreetBeach201507180400_Water_Temperature]]
2025-10-15 19:14:32.510,91.100,Montrose_WaterTempDrop_85,atomic,[Montrose_WaterTempDrop_85],[1.0000],1,1,1.0000,[[MontroseBeach201507180400_Water_Temperature]]
2025-10-15 19:14:32.572,91.162,Montrose_WaterTempDrop_85,atomic,[Montrose_WaterTempDrop_85],[0.9502],1,1,0.9502,[[MontroseBeach201507180500_Water_Temperature]]
2025-10-15 19:14:32.572,91.162,63rd_WaterTempDrop_85,atomic,[63rd_WaterTempDrop_85],[1.0000],1,1,1.0000,[[63rdStreetBeach201507180500_Water_Temperature]]
2025-10-15 19:14:32.575,91.165,Calumet_WaterTempDrop_85,atomic,[Calumet_WaterTempDrop_85],[1.0000],1,1,1.0000,[[CalumetBeach201507180500_Water_Temperature]]
2025-10-15 19:14:32.632,91.222,Calumet_WaterTempDrop_85,atomic,[Calumet_WaterTempDrop_85],[0.9550],1,1,0.9550,[[CalumetBeach201507180600_Water_Temperature]]
2025-10-15 19:14:32.634,91.224,Montrose_WaterTempDrop_85,atomic,[Montrose_WaterTempDrop_85],[1.0000],1,1,1.0000,[[MontroseBeach201507180600_Water_Temperature]]
2025-10-15 19:14:32.635,91.225,63rd_WaterTempDrop_85,atomic,[63rd_WaterTempDrop_85],[1.0000],1,1,1.0000,[[63rdStreetBeach201507180600_Water_Temperature]]
2025-10-15 19:14:32.697,91.287,63rd_WaterTempDrop_85,atomic,[63rd_WaterTempDrop_85],[1.0000],1,1,1.0000,[[63rdStreetBeach201507180700_Water_Temperature]]
2025-10-15 19:14:32.697,91.287,Calumet_WaterTempDrop_85,atomic,[Calumet_WaterTempDrop_85],[1.0000],1,1,1.0000,[[CalumetBeach201507180700_Water_Temperature]]
2025-10-15 19:14:32.698,91.288,Montrose_WaterTempDrop_85,atomic,[Montrose_WaterTempDrop_85],[1.0000],1,1,1.0000,[[MontroseBeach201507180700_Water_Temperature]]
2025-10-15 19:14:32.758,91.348,Calumet_WaterTempDrop_85,atomic,[Calumet_WaterTempDrop_85],[0.9552],1,1,0.9552,[[CalumetBeach201507180800_Water_Temperature]]
2025-10-15 19:14:32.759,91.349,Montrose_WaterTempDrop_85,atomic,[Montrose_WaterTempDrop_85],[1.0000],1,1,1.0000,[[MontroseBeach201507180800_Water_Temperature]]
2025-10-15 19:14:32.760,91.350,63rd_WaterTempDrop_85,atomic,[63rd_WaterTempDrop_85],[1.0000],1,1,1.0000,[[63rdStreetBeach201507180800_Water_Temperature]]
2025-10-15 19:14:32.821,91.411,Montrose_WaterTempDrop_85,atomic,[Montrose_WaterTempDrop_85],[0.9607],1,1,0.9607,[[MontroseBeach201507180900_Water_Temperature]]
2025-10-15 19:14:32.824,91.414,Calumet_WaterTempDrop_85,atomic,[Calumet_WaterTempDrop_85],[1.0000],1,1,1.0000,[[CalumetBeach201507180900_Water_Temperature]]
2025-10-15 19:14:32.825,91.415,63rd_WaterTempDrop_85,atomic,[63rd_WaterTempDrop_85],[1.0000],1,1,1.0000,[[63rdStreetBeach201507180900_Water_Temperature]]
2025-10-15 19:14:32.884,91.474,63rd_WaterTempDrop_85,atomic,[63rd_WaterTempDrop_85],[0.9683],1,1,0.9683,[[63rdStreetBeach201507181000_Water_Temperature]]
2025-10-15 19:14:32.884,91.474,Montrose_WaterTempDrop_85,atomic,[Montrose_WaterTempDrop_85],[0.9564],1,1,0.9564,[[MontroseBeach201507181000_Water_Temperature]]
2025-10-15 19:14:32.887,91.477,Calumet_WaterTempDrop_85,atomic,[Calumet_WaterTempDrop_85],[1.0000],1,1,1.0000,[[CalumetBeach201507181000_Water_Temperature]]
2025-10-15 19:14:32.946,91.536,Calumet_WaterTempDrop_85,atomic,[Calumet_WaterTempDrop_85],[0.9594],1,1,0.9594,[[CalumetBeach201507181100_Water_Temperature]]
2025-10-15 19:14:32.946,91.536,63rd_WaterTempDrop_85,atomic,[63rd_WaterTempDrop_85],[0.9644],1,1,0.9644,[[63rdStreetBeach201507181100_Water_Temperature]]
2025-10-15 19:14:32.948,91.538,Montrose_WaterTempDrop_85,atomic,[Montrose_WaterTempDrop_85],[1.0000],1,1,1.0000,[[MontroseBeach201507181100_Water_Temperature]]
2025-10-15 19:14:33.007,91.597,Montrose_WaterTempDrop_85,atomic,[Montrose_WaterTempDrop_85],[0.9567],1,1,0.9567,[[MontroseBeach201507181200_Water_Temperature]]
2025-10-15 19:14:33.008,91.598,Calumet_WaterTempDrop_85,atomic,[Calumet_WaterTempDrop_85],[0.9547],1,1,0.9547,[[CalumetBeach201507181200_Water_Temperature]]
2025-10-15 19:14:33.010,91.600,63rd_WaterTempDrop_85,atomic,[63rd_WaterTempDrop_85],[1.0000],1,1,1.0000,[[63rdStreetBeach201507181200_Water_Temperature]]
2025-10-15 19:14:33.071,91.661,Montrose_WaterTempDrop_85,atomic,[Montrose_WaterTempDrop_85],[0.9519],1,1,0.9519,[[MontroseBeach201507181300_Water_Temperature]]
2025-10-15 19:14:33.073,91.663,Calumet_WaterTempDrop_85,atomic,[Calumet_WaterTempDrop_85],[1.0000],1,1,1.0000,[[CalumetBeach201507181300_Water_Temperature]]
2025-10-15 19:14:33.135,91.725,Montrose_WaterTempDrop_85,atomic,[Montrose_WaterTempDrop_85],[1.0000],1,1,1.0000,[[MontroseBeach201507181400_Water_Temperature]]
2025-10-15 19:14:33.135,91.725,63rd_WaterTempDrop_85,atomic,[63rd_WaterTempDrop_85],[1.0000],1,1,1.0000,[[63rdStreetBeach201507181400_Water_Temperature]]
2025-10-15 19:14:33.196,91.786,Montrose_WaterTempDrop_85,atomic,[Montrose_WaterTempDrop_85],[0.9532],1,1,0.9532,[[MontroseBeach201507181500_Water_Temperature]]
2025-10-15 19:14:33.196,91.786,63rd_WaterTempDrop_85,atomic,[63rd_WaterTempDrop_85],[0.9648],1,1,0.9648,[[63rdStreetBeach201507181500_Water_Temperature]]
2025-10-15 19:14:33.199,91.789,Calumet_WaterTempDrop_85,atomic,[Calumet_WaterTempDrop_85],[1.0000],1,1,1.0000,[[CalumetBeach201507181500_Water_Temperature]]
2025-10-15 19:14:33.258,91.848,Montrose_WaterTempDrop_85,atomic,[Montrose_WaterTempDrop_85],[0.9481],1,1,0.9481,[[MontroseBeach201507181600_Water_Temperature]]
2025-10-15 19:14:33.259,91.849,Calumet_WaterTempDrop_85,atomic,[Calumet_WaterTempDrop_85],[0.9623],1,1,0.9623,[[CalumetBeach201507181600_Water_Temperature]]
2025-10-15 19:14:33.323,91.913,Montrose_WaterTempDrop_85,atomic,[Montrose_WaterTempDrop_85],[0.9425],1,1,0.9425,[[MontroseBeach201507181700_Water_Temperature]]
2025-10-15 19:14:33.324,91.914,63rd_WaterTempDrop_85,atomic,[63rd_WaterTempDrop_85],[1.0000],1,1,1.0000,[[63rdStreetBeach201507181700_Water_Temperature]]
2025-10-15 19:14:33.325,91.915,Calumet_WaterTempDrop_85,atomic,[Calumet_WaterTempDrop_85],[1.0000],1,1,1.0000,[[CalumetBeach201507181700_Water_Temperature]]
2025-10-15 19:14:33.384,91.974,Montrose_WaterTempDrop_85,atomic,[Montrose_WaterTempDrop_85],[0.9364],1,1,0.9364,[[MontroseBeach201507181800_Water_Temperature]]
2025-10-15 19:14:33.387,91.977,Calumet_WaterTempDrop_85,atomic,[Calumet_WaterTempDrop_85],[1.0000],1,1,1.0000,[[CalumetBeach201507181800_Water_Temperature]]
2025-10-15 19:14:33.388,91.978,63rd_WaterTempDrop_85,atomic,[63rd_WaterTempDrop_85],[1.0000],1,1,1.0000,[[63rdStreetBeach201507181800_Water_Temperature]]
2025-10-15 19:14:33.451,92.041,63rd_WaterTempDrop_85,atomic,[63rd_WaterTempDrop_85],[1.0000],1,1,1.0000,[[63rdStreetBeach201507182000_Water_Temperature]]
2025-10-15 19:14:33.451,92.041,Montrose_WaterTempDrop_85,atomic,[Montrose_WaterTempDrop_85],[0.9298],1,1,0.9298,[[MontroseBeach201507182000_Water_Temperature]]
2025-10-15 19:14:33.451,92.041,Calumet_WaterTempDrop_85,atomic,[Calumet_WaterTempDrop_85],[1.0000],1,1,1.0000,[[CalumetBeach201507182000_Water_Temperature]]
2025-10-15 19:14:33.508,92.098,Montrose_WaterTempDrop_85,atomic,[Montrose_WaterTempDrop_85],[0.9225],1,1,0.9225,[[MontroseBeach201507182100_Water_Temperature]]
2025-10-15 19:14:33.509,92.099,Calumet_WaterTempDrop_85,atomic,[Calumet_WaterTempDrop_85],[0.9658],1,1,0.9658,[[CalumetBeach201507182100_Water_Temperature]]
2025-10-15 19:14:33.510,92.100,63rd_WaterTempDrop_85,atomic,[63rd_WaterTempDrop_85],[1.0000],1,1,1.0000,[[63rdStreetBeach201507182100_Water_Temperature]]
2025-10-15 19:14:33.574,92.164,Calumet_WaterTempDrop_85,atomic,[Calumet_WaterTempDrop_85],[1.0000],1,1,1.0000,[[CalumetBeach201507182200_Water_Temperature]]
2025-10-15 19:14:33.576,92.166,Montrose_WaterTempDrop_85,atomic,[Montrose_WaterTempDrop_85],[1.0000],1,1,1.0000,[[MontroseBeach201507182200_Water_Temperature]]
2025-10-15 19:14:33.576,92.166,63rd_WaterTempDrop_85,atomic,[63rd_WaterTempDrop_85],[1.0000],1,1,1.0000,[[63rdStreetBeach201507182200_Water_Temperature]]
2025-10-15 19:14:33.637,92.227,Montrose_WaterTempDrop_85,atomic,[Montrose_WaterTempDrop_85],[1.0000],1,1,1.0000,[[MontroseBeach201507182300_Water_Temperature]]
2025-10-15 19:14:33.638,92.228,Calumet_WaterTempDrop_85,atomic,[Calumet_WaterTempDrop_85],[0.9642],1,1,0.9642,[[CalumetBeach201507182300_Water_Temperature]]
2025-10-15 19:14:33.638,92.228,63rd_WaterTempDrop_85,atomic,[63rd_WaterTempDrop_85],[1.0000],1,1,1.0000,[[63rdStreetBeach201507182300_Water_Temperature]]
2025-10-15 19:14:33.699,92.289,Calumet_WaterTempDrop_85,atomic,[Calumet_WaterTempDrop_85],[1.0000],1,1,1.0000,[[CalumetBeach201507192400_Water_Temperature]]
2025-10-15 19:14:33.702,92.292,Montrose_WaterTempDrop_85,atomic,[Montrose_WaterTempDrop_85],[1.0000],1,1,1.0000,[[MontroseBeach201507192400_Water_Temperature]]
2025-10-15 19:14:33.702,92.292,63rd_WaterTempDrop_85,atomic,[63rd_WaterTempDrop_85],[1.0000],1,1,1.0000,[[63rdStreetBeach201507192400_Water_Temperature]]
2025-10-15 19:14:33.760,92.350,Montrose_WaterTempDrop_85,atomic,[Montrose_WaterTempDrop_85],[1.0000],1,1,1.0000,[[MontroseBeach201507190300_Water_Temperature]]
2025-10-15 19:14:33.763,92.353,Calumet_WaterTempDrop_85,atomic,[Calumet_WaterTempDrop_85],[1.0000],1,1,1.0000,[[CalumetBeach201507190300_Water_Temperature]]
2025-10-15 19:14:33.763,92.353,63rd_WaterTempDrop_85,atomic,[63rd_WaterTempDrop_85],[1.0000],1,1,1.0000,[[63rdStreetBeach201507190300_Water_Temperature]]
2025-10-15 19:14:33.823,92.413,Montrose_WaterTempDrop_85,atomic,[Montrose_WaterTempDrop_85],[0.9575],1,1,0.9575,[[MontroseBeach201507190400_Water_Temperature]]
2025-10-15 19:14:33.824,92.414,63rd_WaterTempDrop_85,atomic,[63rd_WaterTempDrop_85],[0.9710],1,1,0.9710,[[63rdStreetBeach201507190400_Water_Temperature]]
2025-10-15 19:14:33.826,92.416,Calumet_WaterTempDrop_85,atomic,[Calumet_WaterTempDrop_85],[0.9649],1,1,0.9649,[[CalumetBeach201507190400_Water_Temperature]]
2025-10-15 19:14:33.886,92.476,Calumet_WaterTempDrop_85,atomic,[Calumet_WaterTempDrop_85],[0.9608],1,1,0.9608,[[CalumetBeach201507190500_Water_Temperature]]
2025-10-15 19:14:33.886,92.476,Montrose_WaterTempDrop_85,atomic,[Montrose_WaterTempDrop_85],[1.0000],1,1,1.0000,[[MontroseBeach201507190500_Water_Temperature]]
2025-10-15 19:14:33.887,92.477,63rd_WaterTempDrop_85,atomic,[63rd_WaterTempDrop_85],[1.0000],1,1,1.0000,[[63rdStreetBeach201507190500_Water_Temperature]]
2025-10-15 19:14:33.946,92.536,Montrose_WaterTempDrop_85,atomic,[Montrose_WaterTempDrop_85],[1.0000],1,1,1.0000,[[MontroseBeach201507190600_Water_Temperature]]
2025-10-15 19:14:33.947,92.537,Calumet_WaterTempDrop_85,atomic,[Calumet_WaterTempDrop_85],[1.0000],1,1,1.0000,[[CalumetBeach201507190600_Water_Temperature]]
2025-10-15 19:14:33.947,92.537,63rd_WaterTempDrop_85,atomic,[63rd_WaterTempDrop_85],[1.0000],1,1,1.0000,[[63rdStreetBeach201507190600_Water_Temperature]]
2025-10-15 19:14:34.008,92.598,Montrose_WaterTempDrop_85,atomic,[Montrose_WaterTempDrop_85],[1.0000],1,1,1.0000,[[MontroseBeach201507190700_Water_Temperature]]
2025-10-15 19:14:34.010,92.600,Calumet_WaterTempDrop_85,atomic,[Calumet_WaterTempDrop_85],[0.9598],1,1,0.9598,[[CalumetBeach201507190700_Water_Temperature]]
2025-10-15 19:14:34.010,92.600,63rd_WaterTempDrop_85,atomic,[63rd_WaterTempDrop_85],[1.0000],1,1,1.0000,[[63rdStreetBeach201507190700_Water_Temperature]]
2025-10-15 19:14:34.073,92.663,Montrose_WaterTempDrop_85,atomic,[Montrose_WaterTempDrop_85],[0.9640],1,1,0.9640,[[MontroseBeach201507190800_Water_Temperature]]
2025-10-15 19:14:34.074,92.664,63rd_WaterTempDrop_85,atomic,[63rd_WaterTempDrop_85],[1.0000],1,1,1.0000,[[63rdStreetBeach201507190800_Water_Temperature]]
2025-10-15 19:14:34.076,92.666,Calumet_WaterTempDrop_85,atomic,[Calumet_WaterTempDrop_85],[1.0000],1,1,1.0000,[[CalumetBeach201507190800_Water_Temperature]]
2025-10-15 19:14:34.135,92.725,Montrose_WaterTempDrop_85,atomic,[Montrose_WaterTempDrop_85],[0.9600],1,1,0.9600,[[MontroseBeach201507190900_Water_Temperature]]
2025-10-15 19:14:34.135,92.725,Calumet_WaterTempDrop_85,atomic,[Calumet_WaterTempDrop_85],[1.0000],1,1,1.0000,[[CalumetBeach201507190900_Water_Temperature]]
2025-10-15 19:14:34.137,92.727,63rd_WaterTempDrop_85,atomic,[63rd_WaterTempDrop_85],[1.0000],1,1,1.0000,[[63rdStreetBeach201507190900_Water_Temperature]]
2025-10-15 19:14:34.199,92.789,Calumet_WaterTempDrop_85,atomic,[Calumet_WaterTempDrop_85],[1.0000],1,1,1.0000,[[CalumetBeach201507191000_Water_Temperature]]
2025-10-15 19:14:34.200,92.790,Montrose_WaterTempDrop_85,atomic,[Montrose_WaterTempDrop_85],[1.0000],1,1,1.0000,[[MontroseBeach201507191000_Water_Temperature]]
2025-10-15 19:14:34.201,92.791,63rd_WaterTempDrop_85,atomic,[63rd_WaterTempDrop_85],[1.0000],1,1,1.0000,[[63rdStreetBeach201507191000_Water_Temperature]]
2025-10-15 19:14:34.260,92.850,63rd_WaterTempDrop_85,atomic,[63rd_WaterTempDrop_85],[0.9714],1,1,0.9714,[[63rdStreetBeach201507191100_Water_Temperature]]
2025-10-15 19:14:34.260,92.850,Montrose_WaterTempDrop_85,atomic,[Montrose_WaterTempDrop_85],[1.0000],1,1,1.0000,[[MontroseBeach201507191100_Water_Temperature]]
2025-10-15 19:14:34.262,92.852,Calumet_WaterTempDrop_85,atomic,[Calumet_WaterTempDrop_85],[1.0000],1,1,1.0000,[[CalumetBeach201507191100_Water_Temperature]]
2025-10-15 19:14:34.323,92.913,Montrose_WaterTempDrop_85,atomic,[Montrose_WaterTempDrop_85],[0.9624],1,1,0.9624,[[MontroseBeach201507191200_Water_Temperature]]
2025-10-15 19:14:34.323,92.913,63rd_WaterTempDrop_85,atomic,[63rd_WaterTempDrop_85],[1.0000],1,1,1.0000,[[63rdStreetBeach201507191200_Water_Temperature]]
2025-10-15 19:14:34.386,92.976,Calumet_WaterTempDrop_85,atomic,[Calumet_WaterTempDrop_85],[0.9675],1,1,0.9675,[[CalumetBeach201507191300_Water_Temperature]]
2025-10-15 19:14:34.448,93.038,Calumet_WaterTempDrop_85,atomic,[Calumet_WaterTempDrop_85],[0.9636],1,1,0.9636,[[CalumetBeach201507191400_Water_Temperature]]
2025-10-15 19:14:34.450,93.040,63rd_WaterTempDrop_85,atomic,[63rd_WaterTempDrop_85],[0.9694],1,1,0.9694,[[63rdStreetBeach201507191400_Water_Temperature]]
2025-10-15 19:14:34.513,93.103,Montrose_WaterTempDrop_85,atomic,[Montrose_WaterTempDrop_85],[0.9638],1,1,0.9638,[[MontroseBeach201507191500_Water_Temperature]]
2025-10-15 19:14:34.576,93.166,Montrose_WaterTempDrop_85,atomic,[Montrose_WaterTempDrop_85],[0.9596],1,1,0.9596,[[MontroseBeach201507191600_Water_Temperature]]
2025-10-15 19:14:34.639,93.229,63rd_WaterTempDrop_85,atomic,[63rd_WaterTempDrop_85],[0.9668],1,1,0.9668,[[63rdStreetBeach201507191700_Water_Temperature]]
2025-10-15 19:14:34.640,93.230,Montrose_WaterTempDrop_85,atomic,[Montrose_WaterTempDrop_85],[0.9549],1,1,0.9549,[[MontroseBeach201507191700_Water_Temperature]]
2025-10-15 19:14:34.843,93.433,63rd_WaterTempDrop_85,atomic,[63rd_WaterTempDrop_85],[0.9661],1,1,0.9661,[[63rdStreetBeach201507192000_Water_Temperature]]
2025-10-15 19:14:34.844,93.434,Montrose_WaterTempDrop_85,atomic,[Montrose_WaterTempDrop_85],[0.9591],1,1,0.9591,[[MontroseBeach201507192000_Water_Temperature]]
2025-10-15 19:14:34.906,93.496,Montrose_WaterTempDrop_85,atomic,[Montrose_WaterTempDrop_85],[0.9543],1,1,0.9543,[[MontroseBeach201507192100_Water_Temperature]]
2025-10-15 19:14:34.971,93.561,Montrose_WaterTempDrop_85,atomic,[Montrose_WaterTempDrop_85],[1.0000],1,1,1.0000,[[MontroseBeach201507192200_Water_Temperature]]
2025-10-15 19:14:35.034,93.624,Montrose_WaterTempDrop_85,atomic,[Montrose_WaterTempDrop_85],[0.9547],1,1,0.9547,[[MontroseBeach201507192300_Water_Temperature]]
2025-10-15 19:14:35.099,93.689,Montrose_WaterTempDrop_85,atomic,[Montrose_WaterTempDrop_85],[0.9495],1,1,0.9495,[[MontroseBeach201507202400_Water_Temperature]]
2025-10-15 19:14:35.158,93.748,Montrose_WaterTempDrop_85,atomic,[Montrose_WaterTempDrop_85],[0.9438],1,1,0.9438,[[MontroseBeach201507200800_Water_Temperature]]
2025-10-15 19:14:35.161,93.751,63rd_WaterTempDrop_85,atomic,[63rd_WaterTempDrop_85],[1.0000],1,1,1.0000,[[63rdStreetBeach201507200800_Water_Temperature]]
2025-10-15 19:14:35.225,93.815,Montrose_WaterTempDrop_85,atomic,[Montrose_WaterTempDrop_85],[0.9376],1,1,0.9376,[[MontroseBeach201507200900_Water_Temperature]]
2025-10-15 19:14:35.226,93.816,63rd_WaterTempDrop_85,atomic,[63rd_WaterTempDrop_85],[1.0000],1,1,1.0000,[[63rdStreetBeach201507200900_Water_Temperature]]
2025-10-15 19:14:35.289,93.879,Montrose_WaterTempDrop_85,atomic,[Montrose_WaterTempDrop_85],[1.0000],1,1,1.0000,[[MontroseBeach201507201000_Water_Temperature]]
2025-10-15 19:14:35.289,93.879,63rd_WaterTempDrop_85,atomic,[63rd_WaterTempDrop_85],[1.0000],1,1,1.0000,[[63rdStreetBeach201507201000_Water_Temperature]]
2025-10-15 19:14:35.350,93.940,Montrose_WaterTempDrop_85,atomic,[Montrose_WaterTempDrop_85],[0.9429],1,1,0.9429,[[MontroseBeach201507201100_Water_Temperature]]
2025-10-15 19:14:35.414,94.004,Montrose_WaterTempDrop_85,atomic,[Montrose_WaterTempDrop_85],[1.0000],1,1,1.0000,[[MontroseBeach201507201200_Water_Temperature]]
2025-10-15 19:14:35.476,94.066,63rd_WaterTempDrop_85,atomic,[63rd_WaterTempDrop_85],[1.0000],1,1,1.0000,[[63rdStreetBeach201507201300_Water_Temperature]]
2025-10-15 19:14:35.476,94.066,Montrose_WaterTempDrop_85,atomic,[Montrose_WaterTempDrop_85],[1.0000],1,1,1.0000,[[MontroseBeach201507201300_Water_Temperature]]
2025-10-15 19:14:35.537,94.127,Montrose_WaterTempDrop_85,atomic,[Montrose_WaterTempDrop_85],[1.0000],1,1,1.0000,[[MontroseBeach201507201400_Water_Temperature]]
2025-10-15 19:14:35.602,94.192,Montrose_WaterTempDrop_85,atomic,[Montrose_WaterTempDrop_85],[1.0000],1,1,1.0000,[[MontroseBeach201507201500_Water_Temperature]]
2025-10-15 19:14:35.665,94.255,63rd_WaterTempDrop_85,atomic,[63rd_WaterTempDrop_85],[1.0000],1,1,1.0000,[[63rdStreetBeach201507201600_Water_Temperature]]
2025-10-15 19:14:35.666,94.256,Montrose_WaterTempDrop_85,atomic,[Montrose_WaterTempDrop_85],[1.0000],1,1,1.0000,[[MontroseBeach201507201600_Water_Temperature]]
2025-10-15 19:14:35.728,94.318,Montrose_WaterTempDrop_85,atomic,[Montrose_WaterTempDrop_85],[1.0000],1,1,1.0000,[[MontroseBeach201507201700_Water_Temperature]]
2025-10-15 19:14:35.787,94.377,Montrose_WaterTempDrop_85,atomic,[Montrose_WaterTempDrop_85],[0.9659],1,1,0.9659,[[MontroseBeach201507201800_Water_Temperature]]
2025-10-15 19:14:35.790,94.380,Calumet_WaterTempDrop_85,atomic,[Calumet_WaterTempDrop_85],[1.0000],1,1,1.0000,[[CalumetBeach201507201800_Water_Temperature]]
2025-10-15 19:14:35.792,94.382,63rd_WaterTempDrop_85,atomic,[63rd_WaterTempDrop_85],[1.0000],1,1,1.0000,[[63rdStreetBeach201507201800_Water_Temperature]]
2025-10-15 19:14:35.852,94.442,Montrose_WaterTempDrop_85,atomic,[Montrose_WaterTempDrop_85],[0.9620],1,1,0.9620,[[MontroseBeach201507201900_Water_Temperature]]
2025-10-15 19:14:35.855,94.445,63rd_WaterTempDrop_85,atomic,[63rd_WaterTempDrop_85],[1.0000],1,1,1.0000,[[63rdStreetBeach201507201900_Water_Temperature]]
2025-10-15 19:14:35.855,94.445,Calumet_WaterTempDrop_85,atomic,[Calumet_WaterTempDrop_85],[1.0000],1,1,1.0000,[[CalumetBeach201507201900_Water_Temperature]]
2025-10-15 19:14:35.914,94.504,Montrose_WaterTempDrop_85,atomic,[Montrose_WaterTempDrop_85],[0.9576],1,1,0.9576,[[MontroseBeach201507202000_Water_Temperature]]
2025-10-15 19:14:35.915,94.505,Calumet_WaterTempDrop_85,atomic,[Calumet_WaterTempDrop_85],[1.0000],1,1,1.0000,[[CalumetBeach201507202000_Water_Temperature]]
2025-10-15 19:14:35.916,94.506,63rd_WaterTempDrop_85,atomic,[63rd_WaterTempDrop_85],[1.0000],1,1,1.0000,[[63rdStreetBeach201507202000_Water_Temperature]]
2025-10-15 19:14:35.977,94.567,Montrose_WaterTempDrop_85,atomic,[Montrose_WaterTempDrop_85],[0.9527],1,1,0.9527,[[MontroseBeach201507202100_Water_Temperature]]
2025-10-15 19:14:35.981,94.571,63rd_WaterTempDrop_85,atomic,[63rd_WaterTempDrop_85],[1.0000],1,1,1.0000,[[63rdStreetBeach201507202100_Water_Temperature]]
2025-10-15 19:14:35.981,94.571,Calumet_WaterTempDrop_85,atomic,[Calumet_WaterTempDrop_85],[1.0000],1,1,1.0000,[[CalumetBeach201507202100_Water_Temperature]]
2025-10-15 19:14:36.039,94.629,Montrose_WaterTempDrop_85,atomic,[Montrose_WaterTempDrop_85],[0.9474],1,1,0.9474,[[MontroseBeach201507202200_Water_Temperature]]
2025-10-15 19:14:36.042,94.632,63rd_WaterTempDrop_85,atomic,[63rd_WaterTempDrop_85],[1.0000],1,1,1.0000,[[63rdStreetBeach201507202200_Water_Temperature]]
2025-10-15 19:14:36.044,94.634,Calumet_WaterTempDrop_85,atomic,[Calumet_WaterTempDrop_85],[1.0000],1,1,1.0000,[[CalumetBeach201507202200_Water_Temperature]]
2025-10-15 19:14:36.102,94.692,Montrose_WaterTempDrop_85,atomic,[Montrose_WaterTempDrop_85],[0.9415],1,1,0.9415,[[MontroseBeach201507202300_Water_Temperature]]
2025-10-15 19:14:36.102,94.692,63rd_WaterTempDrop_85,atomic,[63rd_WaterTempDrop_85],[0.9700],1,1,0.9700,[[63rdStreetBeach201507202300_Water_Temperature]]
2025-10-15 19:14:36.106,94.696,Calumet_WaterTempDrop_85,atomic,[Calumet_WaterTempDrop_85],[1.0000],1,1,1.0000,[[CalumetBeach201507202300_Water_Temperature]]
2025-10-15 19:14:36.166,94.756,Montrose_WaterTempDrop_85,atomic,[Montrose_WaterTempDrop_85],[0.9351],1,1,0.9351,[[MontroseBeach201507212400_Water_Temperature]]
2025-10-15 19:14:36.166,94.756,63rd_WaterTempDrop_85,atomic,[63rd_WaterTempDrop_85],[1.0000],1,1,1.0000,[[63rdStreetBeach201507212400_Water_Temperature]]
2025-10-15 19:14:36.168,94.758,Calumet_WaterTempDrop_85,atomic,[Calumet_WaterTempDrop_85],[1.0000],1,1,1.0000,[[CalumetBeach201507212400_Water_Temperature]]
2025-10-15 19:14:36.227,94.817,Calumet_WaterTempDrop_85,atomic,[Calumet_WaterTempDrop_85],[0.9691],1,1,0.9691,[[CalumetBeach201507210100_Water_Temperature]]
2025-10-15 19:14:36.229,94.819,Montrose_WaterTempDrop_85,atomic,[Montrose_WaterTempDrop_85],[0.9282],1,1,0.9282,[[MontroseBeach201507210100_Water_Temperature]]
2025-10-15 19:14:36.231,94.821,63rd_WaterTempDrop_85,atomic,[63rd_WaterTempDrop_85],[1.0000],1,1,1.0000,[[63rdStreetBeach201507210100_Water_Temperature]]
2025-10-15 19:14:36.289,94.879,Calumet_WaterTempDrop_85,atomic,[Calumet_WaterTempDrop_85],[0.9654],1,1,0.9654,[[CalumetBeach201507210200_Water_Temperature]]
2025-10-15 19:14:36.290,94.880,Montrose_WaterTempDrop_85,atomic,[Montrose_WaterTempDrop_85],[0.9206],1,1,0.9206,[[MontroseBeach201507210200_Water_Temperature]]
2025-10-15 19:14:36.291,94.881,63rd_WaterTempDrop_85,atomic,[63rd_WaterTempDrop_85],[1.0000],1,1,1.0000,[[63rdStreetBeach201507210200_Water_Temperature]]
2025-10-15 19:14:36.353,94.943,63rd_WaterTempDrop_85,atomic,[63rd_WaterTempDrop_85],[1.0000],1,1,1.0000,[[63rdStreetBeach201507210300_Water_Temperature]]
2025-10-15 19:14:36.354,94.944,Montrose_WaterTempDrop_85,atomic,[Montrose_WaterTempDrop_85],[1.0000],1,1,1.0000,[[MontroseBeach201507210300_Water_Temperature]]
2025-10-15 19:14:36.354,94.944,Calumet_WaterTempDrop_85,atomic,[Calumet_WaterTempDrop_85],[1.0000],1,1,1.0000,[[CalumetBeach201507210300_Water_Temperature]]
2025-10-15 19:14:36.413,95.003,Montrose_WaterTempDrop_85,atomic,[Montrose_WaterTempDrop_85],[0.9327],1,1,0.9327,[[MontroseBeach201507210400_Water_Temperature]]
2025-10-15 19:14:36.414,95.004,Calumet_WaterTempDrop_85,atomic,[Calumet_WaterTempDrop_85],[1.0000],1,1,1.0000,[[CalumetBeach201507210400_Water_Temperature]]
2025-10-15 19:14:36.414,95.004,63rd_WaterTempDrop_85,atomic,[63rd_WaterTempDrop_85],[1.0000],1,1,1.0000,[[63rdStreetBeach201507210400_Water_Temperature]]
2025-10-15 19:14:36.476,95.066,Montrose_WaterTempDrop_85,atomic,[Montrose_WaterTempDrop_85],[0.9258],1,1,0.9258,[[MontroseBeach201507210500_Water_Temperature]]
2025-10-15 19:14:36.540,95.130,Montrose_WaterTempDrop_85,atomic,[Montrose_WaterTempDrop_85],[1.0000],1,1,1.0000,[[MontroseBeach201507210600_Water_Temperature]]
2025-10-15 19:14:36.541,95.131,Calumet_WaterTempDrop_85,atomic,[Calumet_WaterTempDrop_85],[1.0000],1,1,1.0000,[[CalumetBeach201507210600_Water_Temperature]]
2025-10-15 19:14:36.603,95.193,Montrose_WaterTempDrop_85,atomic,[Montrose_WaterTempDrop_85],[0.9361],1,1,0.9361,[[MontroseBeach201507210700_Water_Temperature]]
2025-10-15 19:14:36.603,95.193,63rd_WaterTempDrop_85,atomic,[63rd_WaterTempDrop_85],[0.9708],1,1,0.9708,[[63rdStreetBeach201507210700_Water_Temperature]]
2025-10-15 19:14:36.603,95.193,Calumet_WaterTempDrop_85,atomic,[Calumet_WaterTempDrop_85],[1.0000],1,1,1.0000,[[CalumetBeach201507210700_Water_Temperature]]
2025-10-15 19:14:36.604,95.194,Montrose_HighWave_85,atomic,[Montrose_HighWave_85],[1.0000],1,1,1.0000,[[MontroseBeach201507210700_Wave_Height]]
2025-10-15 19:14:36.662,95.252,Montrose_WaterTempDrop_85,atomic,[Montrose_WaterTempDrop_85],[0.9297],1,1,0.9297,[[MontroseBeach201507210800_Water_Temperature]]
2025-10-15 19:14:36.664,95.254,Calumet_WaterTempDrop_85,atomic,[Calumet_WaterTempDrop_85],[1.0000],1,1,1.0000,[[CalumetBeach201507210800_Water_Temperature]]
2025-10-15 19:14:36.725,95.315,Montrose_WaterTempDrop_85,atomic,[Montrose_WaterTempDrop_85],[0.9227],1,1,0.9227,[[MontroseBeach201507210900_Water_Temperature]]
2025-10-15 19:14:36.727,95.317,Calumet_WaterTempDrop_85,atomic,[Calumet_WaterTempDrop_85],[1.0000],1,1,1.0000,[[CalumetBeach201507210900_Water_Temperature]]
2025-10-15 19:14:36.728,95.318,63rd_WaterTempDrop_85,atomic,[63rd_WaterTempDrop_85],[1.0000],1,1,1.0000,[[63rdStreetBeach201507210900_Water_Temperature]]
2025-10-15 19:14:36.787,95.377,63rd_WaterTempDrop_85,atomic,[63rd_WaterTempDrop_85],[0.9683],1,1,0.9683,[[63rdStreetBeach201507211000_Water_Temperature]]
2025-10-15 19:14:36.788,95.378,Montrose_WaterTempDrop_85,atomic,[Montrose_WaterTempDrop_85],[0.9151],1,1,0.9151,[[MontroseBeach201507211000_Water_Temperature]]
2025-10-15 19:14:36.790,95.380,Calumet_WaterTempDrop_85,atomic,[Calumet_WaterTempDrop_85],[1.0000],1,1,1.0000,[[CalumetBeach201507211000_Water_Temperature]]
2025-10-15 19:14:36.850,95.440,Calumet_WaterTempDrop_85,atomic,[Calumet_WaterTempDrop_85],[0.9706],1,1,0.9706,[[CalumetBeach201507211100_Water_Temperature]]
2025-10-15 19:14:36.851,95.441,63rd_WaterTempDrop_85,atomic,[63rd_WaterTempDrop_85],[0.9643],1,1,0.9643,[[63rdStreetBeach201507211100_Water_Temperature]]
2025-10-15 19:14:36.853,95.443,Montrose_WaterTempDrop_85,atomic,[Montrose_WaterTempDrop_85],[1.0000],1,1,1.0000,[[MontroseBeach201507211100_Water_Temperature]]
2025-10-15 19:14:36.913,95.503,Calumet_WaterTempDrop_85,atomic,[Calumet_WaterTempDrop_85],[0.9669],1,1,0.9669,[[CalumetBeach201507211200_Water_Temperature]]
2025-10-15 19:14:36.915,95.505,Montrose_WaterTempDrop_85,atomic,[Montrose_WaterTempDrop_85],[0.9303],1,1,0.9303,[[MontroseBeach201507211200_Water_Temperature]]
2025-10-15 19:14:36.916,95.506,63rd_WaterTempDrop_85,atomic,[63rd_WaterTempDrop_85],[1.0000],1,1,1.0000,[[63rdStreetBeach201507211200_Water_Temperature]]
2025-10-15 19:14:36.976,95.566,Calumet_WaterTempDrop_85,atomic,[Calumet_WaterTempDrop_85],[0.9627],1,1,0.9627,[[CalumetBeach201507211300_Water_Temperature]]
2025-10-15 19:14:36.978,95.568,Montrose_WaterTempDrop_85,atomic,[Montrose_WaterTempDrop_85],[1.0000],1,1,1.0000,[[MontroseBeach201507211300_Water_Temperature]]
2025-10-15 19:14:37.040,95.630,63rd_WaterTempDrop_85,atomic,[63rd_WaterTempDrop_85],[0.9625],1,1,0.9625,[[63rdStreetBeach201507211400_Water_Temperature]]
2025-10-15 19:14:37.040,95.630,Montrose_WaterTempDrop_85,atomic,[Montrose_WaterTempDrop_85],[1.0000],1,1,1.0000,[[MontroseBeach201507211400_Water_Temperature]]
2025-10-15 19:14:37.042,95.632,Calumet_WaterTempDrop_85,atomic,[Calumet_WaterTempDrop_85],[1.0000],1,1,1.0000,[[CalumetBeach201507211400_Water_Temperature]]
2025-10-15 19:14:37.103,95.693,Montrose_WaterTempDrop_85,atomic,[Montrose_WaterTempDrop_85],[0.9488],1,1,0.9488,[[MontroseBeach201507211500_Water_Temperature]]
2025-10-15 19:14:37.162,95.752,63rd_WaterTempDrop_85,atomic,[63rd_WaterTempDrop_85],[0.9610],1,1,0.9610,[[63rdStreetBeach201507211600_Water_Temperature]]
2025-10-15 19:14:37.164,95.754,Calumet_WaterTempDrop_85,atomic,[Calumet_WaterTempDrop_85],[0.9634],1,1,0.9634,[[CalumetBeach201507211600_Water_Temperature]]
2025-10-15 19:14:37.225,95.815,63rd_WaterTempDrop_85,atomic,[63rd_WaterTempDrop_85],[0.9564],1,1,0.9564,[[63rdStreetBeach201507211700_Water_Temperature]]
2025-10-15 19:14:37.227,95.817,Montrose_WaterTempDrop_85,atomic,[Montrose_WaterTempDrop_85],[0.9516],1,1,0.9516,[[MontroseBeach201507211700_Water_Temperature]]
2025-10-15 19:14:37.287,95.877,Montrose_WaterTempDrop_85,atomic,[Montrose_WaterTempDrop_85],[1.0000],1,1,1.0000,[[MontroseBeach201507211800_Water_Temperature]]
2025-10-15 19:14:37.350,95.940,63rd_WaterTempDrop_85,atomic,[63rd_WaterTempDrop_85],[0.9561],1,1,0.9561,[[63rdStreetBeach201507211900_Water_Temperature]]
2025-10-15 19:14:37.353,95.943,Montrose_WaterTempDrop_85,atomic,[Montrose_WaterTempDrop_85],[1.0000],1,1,1.0000,[[MontroseBeach201507211900_Water_Temperature]]
2025-10-15 19:14:37.413,96.003,Montrose_WaterTempDrop_85,atomic,[Montrose_WaterTempDrop_85],[0.9583],1,1,0.9583,[[MontroseBeach201507212000_Water_Temperature]]
2025-10-15 19:14:37.413,96.003,63rd_WaterTempDrop_85,atomic,[63rd_WaterTempDrop_85],[1.0000],1,1,1.0000,[[63rdStreetBeach201507212000_Water_Temperature]]
2025-10-15 19:14:37.474,96.064,Montrose_WaterTempDrop_85,atomic,[Montrose_WaterTempDrop_85],[0.9539],1,1,0.9539,[[MontroseBeach201507212100_Water_Temperature]]
2025-10-15 19:14:37.477,96.067,63rd_WaterTempDrop_85,atomic,[63rd_WaterTempDrop_85],[1.0000],1,1,1.0000,[[63rdStreetBeach201507212100_Water_Temperature]]
2025-10-15 19:14:37.538,96.128,63rd_WaterTempDrop_85,atomic,[63rd_WaterTempDrop_85],[1.0000],1,1,1.0000,[[63rdStreetBeach201507212200_Water_Temperature]]
2025-10-15 19:14:37.540,96.130,Montrose_WaterTempDrop_85,atomic,[Montrose_WaterTempDrop_85],[1.0000],1,1,1.0000,[[MontroseBeach201507212200_Water_Temperature]]
2025-10-15 19:14:37.602,96.192,Montrose_WaterTempDrop_85,atomic,[Montrose_WaterTempDrop_85],[0.9550],1,1,0.9550,[[MontroseBeach201507212300_Water_Temperature]]
2025-10-15 19:14:37.603,96.193,63rd_WaterTempDrop_85,atomic,[63rd_WaterTempDrop_85],[1.0000],1,1,1.0000,[[63rdStreetBeach201507212300_Water_Temperature]]
2025-10-15 19:14:37.662,96.252,Montrose_WaterTempDrop_85,atomic,[Montrose_WaterTempDrop_85],[0.9502],1,1,0.9502,[[MontroseBeach201507222400_Water_Temperature]]
2025-10-15 19:14:37.666,96.256,63rd_WaterTempDrop_85,atomic,[63rd_WaterTempDrop_85],[1.0000],1,1,1.0000,[[63rdStreetBeach201507222400_Water_Temperature]]
2025-10-15 19:14:37.729,96.319,63rd_WaterTempDrop_85,atomic,[63rd_WaterTempDrop_85],[0.9665],1,1,0.9665,[[63rdStreetBeach201507220100_Water_Temperature]]
2025-10-15 19:14:37.729,96.319,Montrose_WaterTempDrop_85,atomic,[Montrose_WaterTempDrop_85],[1.0000],1,1,1.0000,[[MontroseBeach201507220100_Water_Temperature]]
2025-10-15 19:14:37.792,96.382,Montrose_WaterTempDrop_85,atomic,[Montrose_WaterTempDrop_85],[1.0000],1,1,1.0000,[[MontroseBeach201507220200_Water_Temperature]]
2025-10-15 19:14:37.855,96.445,63rd_WaterTempDrop_85,atomic,[63rd_WaterTempDrop_85],[1.0000],1,1,1.0000,[[63rdStreetBeach201507220300_Water_Temperature]]
2025-10-15 19:14:37.855,96.445,Calumet_WaterTempDrop_85,atomic,[Calumet_WaterTempDrop_85],[1.0000],1,1,1.0000,[[CalumetBeach201507220300_Water_Temperature]]
2025-10-15 19:14:37.856,96.446,Montrose_WaterTempDrop_85,atomic,[Montrose_WaterTempDrop_85],[1.0000],1,1,1.0000,[[MontroseBeach201507220300_Water_Temperature]]
2025-10-15 19:14:37.916,96.506,63rd_WaterTempDrop_85,atomic,[63rd_WaterTempDrop_85],[0.9664],1,1,0.9664,[[63rdStreetBeach201507220400_Water_Temperature]]
2025-10-15 19:14:37.916,96.506,Montrose_WaterTempDrop_85,atomic,[Montrose_WaterTempDrop_85],[1.0000],1,1,1.0000,[[MontroseBeach201507220400_Water_Temperature]]
2025-10-15 19:14:37.976,96.566,Montrose_WaterTempDrop_85,atomic,[Montrose_WaterTempDrop_85],[0.9634],1,1,0.9634,[[MontroseBeach201507220500_Water_Temperature]]
2025-10-15 19:14:37.976,96.566,63rd_WaterTempDrop_85,atomic,[63rd_WaterTempDrop_85],[0.9624],1,1,0.9624,[[63rdStreetBeach201507220500_Water_Temperature]]
2025-10-15 19:14:37.978,96.568,Calumet_WaterTempDrop_85,atomic,[Calumet_WaterTempDrop_85],[1.0000],1,1,1.0000,[[CalumetBeach201507220500_Water_Temperature]]
2025-10-15 19:14:38.037,96.627,Montrose_WaterTempDrop_85,atomic,[Montrose_WaterTempDrop_85],[0.9592],1,1,0.9592,[[MontroseBeach201507220600_Water_Temperature]]
2025-10-15 19:14:38.039,96.629,63rd_WaterTempDrop_85,atomic,[63rd_WaterTempDrop_85],[0.9580],1,1,0.9580,[[63rdStreetBeach201507220600_Water_Temperature]]
2025-10-15 19:14:38.041,96.631,Calumet_WaterTempDrop_85,atomic,[Calumet_WaterTempDrop_85],[1.0000],1,1,1.0000,[[CalumetBeach201507220600_Water_Temperature]]
2025-10-15 19:14:38.101,96.691,Montrose_WaterTempDrop_85,atomic,[Montrose_WaterTempDrop_85],[1.0000],1,1,1.0000,[[MontroseBeach201507220700_Water_Temperature]]
2025-10-15 19:14:38.103,96.693,63rd_WaterTempDrop_85,atomic,[63rd_WaterTempDrop_85],[1.0000],1,1,1.0000,[[63rdStreetBeach201507220700_Water_Temperature]]
2025-10-15 19:14:38.161,96.751,63rd_WaterTempDrop_85,atomic,[63rd_WaterTempDrop_85],[0.9576],1,1,0.9576,[[63rdStreetBeach201507220800_Water_Temperature]]
2025-10-15 19:14:38.164,96.754,Calumet_WaterTempDrop_85,atomic,[Calumet_WaterTempDrop_85],[1.0000],1,1,1.0000,[[CalumetBeach201507220800_Water_Temperature]]
2025-10-15 19:14:38.164,96.754,Montrose_WaterTempDrop_85,atomic,[Montrose_WaterTempDrop_85],[1.0000],1,1,1.0000,[[MontroseBeach201507220800_Water_Temperature]]
2025-10-15 19:14:38.226,96.816,Montrose_WaterTempDrop_85,atomic,[Montrose_WaterTempDrop_85],[1.0000],1,1,1.0000,[[MontroseBeach201507220900_Water_Temperature]]
2025-10-15 19:14:38.229,96.819,Calumet_WaterTempDrop_85,atomic,[Calumet_WaterTempDrop_85],[1.0000],1,1,1.0000,[[CalumetBeach201507220900_Water_Temperature]]
2025-10-15 19:14:38.230,96.820,63rd_WaterTempDrop_85,atomic,[63rd_WaterTempDrop_85],[1.0000],1,1,1.0000,[[63rdStreetBeach201507220900_Water_Temperature]]
2025-10-15 19:14:38.289,96.879,Montrose_WaterTempDrop_85,atomic,[Montrose_WaterTempDrop_85],[1.0000],1,1,1.0000,[[MontroseBeach201507221000_Water_Temperature]]
2025-10-15 19:14:38.290,96.880,63rd_WaterTempDrop_85,atomic,[63rd_WaterTempDrop_85],[1.0000],1,1,1.0000,[[63rdStreetBeach201507221000_Water_Temperature]]
2025-10-15 19:14:38.353,96.943,Montrose_WaterTempDrop_85,atomic,[Montrose_WaterTempDrop_85],[1.0000],1,1,1.0000,[[MontroseBeach201507221100_Water_Temperature]]
2025-10-15 19:14:38.417,97.007,Montrose_WaterTempDrop_85,atomic,[Montrose_WaterTempDrop_85],[1.0000],1,1,1.0000,[[MontroseBeach201507221200_Water_Temperature]]
2025-10-15 19:14:38.476,97.066,Montrose_WaterTempDrop_85,atomic,[Montrose_WaterTempDrop_85],[1.0000],1,1,1.0000,[[MontroseBeach201507221300_Water_Temperature]]
2025-10-15 19:14:38.538,97.128,Montrose_WaterTempDrop_85,atomic,[Montrose_WaterTempDrop_85],[0.9693],1,1,0.9693,[[MontroseBeach201507221400_Water_Temperature]]
2025-10-15 19:14:38.603,97.193,Montrose_WaterTempDrop_85,atomic,[Montrose_WaterTempDrop_85],[1.0000],1,1,1.0000,[[MontroseBeach201507221500_Water_Temperature]]
2025-10-15 19:14:38.724,97.314,Montrose_WaterTempDrop_85,atomic,[Montrose_WaterTempDrop_85],[0.9679],1,1,0.9679,[[MontroseBeach201507221700_Water_Temperature]]
2025-10-15 19:14:38.790,97.380,Montrose_WaterTempDrop_85,atomic,[Montrose_WaterTempDrop_85],[1.0000],1,1,1.0000,[[MontroseBeach201507221800_Water_Temperature]]
2025-10-15 19:14:38.853,97.443,Montrose_WaterTempDrop_85,atomic,[Montrose_WaterTempDrop_85],[1.0000],1,1,1.0000,[[MontroseBeach201507221900_Water_Temperature]]
2025-10-15 19:14:38.910,97.500,Montrose_WaterTempDrop_85,atomic,[Montrose_WaterTempDrop_85],[0.9668],1,1,0.9668,[[MontroseBeach201507222000_Water_Temperature]]
2025-10-15 19:14:38.979,97.569,Montrose_WaterTempDrop_85,atomic,[Montrose_WaterTempDrop_85],[1.0000],1,1,1.0000,[[MontroseBeach201507222100_Water_Temperature]]
2025-10-15 19:14:39.041,97.631,Montrose_WaterTempDrop_85,atomic,[Montrose_WaterTempDrop_85],[1.0000],1,1,1.0000,[[MontroseBeach201507222200_Water_Temperature]]
2025-10-15 19:14:39.106,97.696,Montrose_WaterTempDrop_85,atomic,[Montrose_WaterTempDrop_85],[1.0000],1,1,1.0000,[[MontroseBeach201507222300_Water_Temperature]]
2025-10-15 19:14:39.167,97.757,Montrose_WaterTempDrop_85,atomic,[Montrose_WaterTempDrop_85],[1.0000],1,1,1.0000,[[MontroseBeach201507232400_Water_Temperature]]
2025-10-15 19:14:39.231,97.821,Montrose_WaterTempDrop_85,atomic,[Montrose_WaterTempDrop_85],[1.0000],1,1,1.0000,[[MontroseBeach201507230100_Water_Temperature]]
2025-10-15 19:14:39.293,97.883,Montrose_WaterTempDrop_85,atomic,[Montrose_WaterTempDrop_85],[0.9690],1,1,0.9690,[[MontroseBeach201507230200_Water_Temperature]]
2025-10-15 19:14:39.355,97.945,Montrose_WaterTempDrop_85,atomic,[Montrose_WaterTempDrop_85],[0.9651],1,1,0.9651,[[MontroseBeach201507230300_Water_Temperature]]
2025-10-15 19:14:39.358,97.948,63rd_WaterTempDrop_85,atomic,[63rd_WaterTempDrop_85],[1.0000],1,1,1.0000,[[63rdStreetBeach201507230300_Water_Temperature]]
2025-10-15 19:14:39.421,98.011,Montrose_WaterTempDrop_85,atomic,[Montrose_WaterTempDrop_85],[1.0000],1,1,1.0000,[[MontroseBeach201507230400_Water_Temperature]]
2025-10-15 19:14:39.486,98.076,Montrose_WaterTempDrop_85,atomic,[Montrose_WaterTempDrop_85],[1.0000],1,1,1.0000,[[MontroseBeach201507230500_Water_Temperature]]
2025-10-15 19:14:39.487,98.077,63rd_WaterTempDrop_85,atomic,[63rd_WaterTempDrop_85],[1.0000],1,1,1.0000,[[63rdStreetBeach201507230500_Water_Temperature]]
2025-10-15 19:14:39.547,98.137,Montrose_WaterTempDrop_85,atomic,[Montrose_WaterTempDrop_85],[1.0000],1,1,1.0000,[[MontroseBeach201507230600_Water_Temperature]]
2025-10-15 19:14:39.631,98.221,63rd_WaterTempDrop_85,atomic,[63rd_WaterTempDrop_85],[1.0000],1,1,1.0000,[[63rdStreetBeach201507230700_Water_Temperature]]
2025-10-15 19:14:39.632,98.222,Montrose_WaterTempDrop_85,atomic,[Montrose_WaterTempDrop_85],[1.0000],1,1,1.0000,[[MontroseBeach201507230700_Water_Temperature]]
2025-10-15 19:14:39.671,98.261,Montrose_WaterTempDrop_85,atomic,[Montrose_WaterTempDrop_85],[1.0000],1,1,1.0000,[[MontroseBeach201507230800_Water_Temperature]]
2025-10-15 19:14:39.672,98.262,63rd_WaterTempDrop_85,atomic,[63rd_WaterTempDrop_85],[1.0000],1,1,1.0000,[[63rdStreetBeach201507230800_Water_Temperature]]
2025-10-15 19:14:39.736,98.326,Montrose_WaterTempDrop_85,atomic,[Montrose_WaterTempDrop_85],[1.0000],1,1,1.0000,[[MontroseBeach201507230900_Water_Temperature]]
2025-10-15 19:14:39.736,98.326,63rd_WaterTempDrop_85,atomic,[63rd_WaterTempDrop_85],[1.0000],1,1,1.0000,[[63rdStreetBeach201507230900_Water_Temperature]]
2025-10-15 19:14:39.800,98.390,Montrose_WaterTempDrop_85,atomic,[Montrose_WaterTempDrop_85],[1.0000],1,1,1.0000,[[MontroseBeach201507231000_Water_Temperature]]
2025-10-15 19:14:39.859,98.449,Montrose_WaterTempDrop_85,atomic,[Montrose_WaterTempDrop_85],[0.9700],1,1,0.9700,[[MontroseBeach201507231100_Water_Temperature]]
2025-10-15 19:14:39.922,98.512,Montrose_WaterTempDrop_85,atomic,[Montrose_WaterTempDrop_85],[0.9662],1,1,0.9662,[[MontroseBeach201507231200_Water_Temperature]]
2025-10-15 19:14:40.173,98.763,Montrose_WaterTempDrop_85,atomic,[Montrose_WaterTempDrop_85],[0.9671],1,1,0.9671,[[MontroseBeach201507231600_Water_Temperature]]
2025-10-15 19:14:40.298,98.888,Montrose_WaterTempDrop_85,atomic,[Montrose_WaterTempDrop_85],[0.9649],1,1,0.9649,[[MontroseBeach201507231800_Water_Temperature]]
2025-10-15 19:14:40.423,99.013,Montrose_WaterTempDrop_85,atomic,[Montrose_WaterTempDrop_85],[0.9630],1,1,0.9630,[[MontroseBeach201507232000_Water_Temperature]]
2025-10-15 19:14:40.487,99.077,Montrose_WaterTempDrop_85,atomic,[Montrose_WaterTempDrop_85],[0.9586],1,1,0.9586,[[MontroseBeach201507232100_Water_Temperature]]
2025-10-15 19:14:40.567,99.157,Montrose_WaterTempDrop_85,atomic,[Montrose_WaterTempDrop_85],[1.0000],1,1,1.0000,[[MontroseBeach201507232200_Water_Temperature]]
2025-10-15 19:14:40.616,99.206,Montrose_WaterTempDrop_85,atomic,[Montrose_WaterTempDrop_85],[1.0000],1,1,1.0000,[[MontroseBeach201507232300_Water_Temperature]]
2025-10-15 19:14:40.676,99.266,Montrose_WaterTempDrop_85,atomic,[Montrose_WaterTempDrop_85],[0.9610],1,1,0.9610,[[MontroseBeach201507242400_Water_Temperature]]
2025-10-15 19:14:40.741,99.331,Montrose_WaterTempDrop_85,atomic,[Montrose_WaterTempDrop_85],[0.9564],1,1,0.9564,[[MontroseBeach201507240100_Water_Temperature]]
2025-10-15 19:14:40.803,99.393,Montrose_WaterTempDrop_85,atomic,[Montrose_WaterTempDrop_85],[0.9514],1,1,0.9514,[[MontroseBeach201507240200_Water_Temperature]]
2025-10-15 19:14:40.867,99.457,Montrose_WaterTempDrop_85,atomic,[Montrose_WaterTempDrop_85],[1.0000],1,1,1.0000,[[MontroseBeach201507240300_Water_Temperature]]
2025-10-15 19:14:40.928,99.518,Montrose_WaterTempDrop_85,atomic,[Montrose_WaterTempDrop_85],[1.0000],1,1,1.0000,[[MontroseBeach201507240400_Water_Temperature]]
2025-10-15 19:14:40.994,99.584,Montrose_WaterTempDrop_85,atomic,[Montrose_WaterTempDrop_85],[1.0000],1,1,1.0000,[[MontroseBeach201507240500_Water_Temperature]]
2025-10-15 19:14:41.055,99.645,Montrose_WaterTempDrop_85,atomic,[Montrose_WaterTempDrop_85],[0.9607],1,1,0.9607,[[MontroseBeach201507240600_Water_Temperature]]
2025-10-15 19:14:41.120,99.710,Montrose_WaterTempDrop_85,atomic,[Montrose_WaterTempDrop_85],[1.0000],1,1,1.0000,[[MontroseBeach201507240700_Water_Temperature]]
2025-10-15 19:14:41.179,99.769,Montrose_WaterTempDrop_85,atomic,[Montrose_WaterTempDrop_85],[0.9600],1,1,0.9600,[[MontroseBeach201507240800_Water_Temperature]]
2025-10-15 19:14:41.244,99.834,Montrose_WaterTempDrop_85,atomic,[Montrose_WaterTempDrop_85],[0.9554],1,1,0.9554,[[MontroseBeach201507240900_Water_Temperature]]
2025-10-15 19:14:41.309,99.899,Montrose_WaterTempDrop_85,atomic,[Montrose_WaterTempDrop_85],[1.0000],1,1,1.0000,[[MontroseBeach201507241000_Water_Temperature]]
2025-10-15 19:14:41.370,99.960,Montrose_WaterTempDrop_85,atomic,[Montrose_WaterTempDrop_85],[1.0000],1,1,1.0000,[[MontroseBeach201507241100_Water_Temperature]]
2025-10-15 19:14:41.434,100.024,Montrose_WaterTempDrop_85,atomic,[Montrose_WaterTempDrop_85],[1.0000],1,1,1.0000,[[MontroseBeach201507241200_Water_Temperature]]
2025-10-15 19:14:41.499,100.089,Montrose_WaterTempDrop_85,atomic,[Montrose_WaterTempDrop_85],[1.0000],1,1,1.0000,[[MontroseBeach201507241300_Water_Temperature]]
2025-10-15 19:14:41.558,100.148,Montrose_WaterTempDrop_85,atomic,[Montrose_WaterTempDrop_85],[1.0000],1,1,1.0000,[[MontroseBeach201507241400_Water_Temperature]]
2025-10-15 19:14:41.623,100.213,63rd_WaterTempDrop_85,atomic,[63rd_WaterTempDrop_85],[1.0000],1,1,1.0000,[[63rdStreetBeach201507241500_Water_Temperature]]
2025-10-15 19:14:41.626,100.216,Montrose_WaterTempDrop_85,atomic,[Montrose_WaterTempDrop_85],[1.0000],1,1,1.0000,[[MontroseBeach201507241500_Water_Temperature]]
2025-10-15 19:14:41.685,100.275,Montrose_WaterTempDrop_85,atomic,[Montrose_WaterTempDrop_85],[0.9680],1,1,0.9680,[[MontroseBeach201507241600_Water_Temperature]]
2025-10-15 19:14:41.685,100.275,63rd_WaterTempDrop_85,atomic,[63rd_WaterTempDrop_85],[1.0000],1,1,1.0000,[[63rdStreetBeach201507241600_Water_Temperature]]
2025-10-15 19:14:41.750,100.340,Montrose_WaterTempDrop_85,atomic,[Montrose_WaterTempDrop_85],[1.0000],1,1,1.0000,[[MontroseBeach201507241700_Water_Temperature]]
2025-10-15 19:14:41.752,100.342,63rd_WaterTempDrop_85,atomic,[63rd_WaterTempDrop_85],[1.0000],1,1,1.0000,[[63rdStreetBeach201507241700_Water_Temperature]]
2025-10-15 19:14:41.814,100.404,Montrose_WaterTempDrop_85,atomic,[Montrose_WaterTempDrop_85],[1.0000],1,1,1.0000,[[MontroseBeach201507241800_Water_Temperature]]
2025-10-15 19:14:41.816,100.406,63rd_WaterTempDrop_85,atomic,[63rd_WaterTempDrop_85],[1.0000],1,1,1.0000,[[63rdStreetBeach201507241800_Water_Temperature]]
2025-10-15 19:14:41.875,100.465,Montrose_WaterTempDrop_85,atomic,[Montrose_WaterTempDrop_85],[0.9675],1,1,0.9675,[[MontroseBeach201507241900_Water_Temperature]]
2025-10-15 19:14:41.876,100.466,63rd_WaterTempDrop_85,atomic,[63rd_WaterTempDrop_85],[1.0000],1,1,1.0000,[[63rdStreetBeach201507241900_Water_Temperature]]
2025-10-15 19:14:41.941,100.531,Montrose_WaterTempDrop_85,atomic,[Montrose_WaterTempDrop_85],[1.0000],1,1,1.0000,[[MontroseBeach201507242000_Water_Temperature]]
2025-10-15 19:14:41.941,100.531,63rd_WaterTempDrop_85,atomic,[63rd_WaterTempDrop_85],[1.0000],1,1,1.0000,[[63rdStreetBeach201507242000_Water_Temperature]]
2025-10-15 19:14:42.003,100.593,63rd_WaterTempDrop_85,atomic,[63rd_WaterTempDrop_85],[1.0000],1,1,1.0000,[[63rdStreetBeach201507242100_Water_Temperature]]
2025-10-15 19:14:42.004,100.594,Montrose_WaterTempDrop_85,atomic,[Montrose_WaterTempDrop_85],[1.0000],1,1,1.0000,[[MontroseBeach201507242100_Water_Temperature]]
2025-10-15 19:14:42.062,100.652,Montrose_WaterTempDrop_85,atomic,[Montrose_WaterTempDrop_85],[0.9670],1,1,0.9670,[[MontroseBeach201507242200_Water_Temperature]]
2025-10-15 19:14:42.063,100.653,63rd_WaterTempDrop_85,atomic,[63rd_WaterTempDrop_85],[1.0000],1,1,1.0000,[[63rdStreetBeach201507242200_Water_Temperature]]
2025-10-15 19:14:42.127,100.717,63rd_WaterTempDrop_85,atomic,[63rd_WaterTempDrop_85],[1.0000],1,1,1.0000,[[63rdStreetBeach201507242300_Water_Temperature]]
2025-10-15 19:14:42.130,100.720,Montrose_WaterTempDrop_85,atomic,[Montrose_WaterTempDrop_85],[1.0000],1,1,1.0000,[[MontroseBeach201507242300_Water_Temperature]]
2025-10-15 19:14:42.194,100.784,63rd_WaterTempDrop_85,atomic,[63rd_WaterTempDrop_85],[1.0000],1,1,1.0000,[[63rdStreetBeach201507252400_Water_Temperature]]
2025-10-15 19:14:42.195,100.785,Montrose_WaterTempDrop_85,atomic,[Montrose_WaterTempDrop_85],[1.0000],1,1,1.0000,[[MontroseBeach201507252400_Water_Temperature]]
2025-10-15 19:14:42.254,100.844,Montrose_WaterTempDrop_85,atomic,[Montrose_WaterTempDrop_85],[1.0000],1,1,1.0000,[[MontroseBeach201507250100_Water_Temperature]]
2025-10-15 19:14:42.257,100.847,63rd_WaterTempDrop_85,atomic,[63rd_WaterTempDrop_85],[1.0000],1,1,1.0000,[[63rdStreetBeach201507250100_Water_Temperature]]
2025-10-15 19:14:42.316,100.906,63rd_WaterTempDrop_85,atomic,[63rd_WaterTempDrop_85],[0.9725],1,1,0.9725,[[63rdStreetBeach201507250200_Water_Temperature]]
2025-10-15 19:14:42.317,100.907,Montrose_WaterTempDrop_85,atomic,[Montrose_WaterTempDrop_85],[0.9678],1,1,0.9678,[[MontroseBeach201507250200_Water_Temperature]]
2025-10-15 19:14:42.380,100.970,63rd_WaterTempDrop_85,atomic,[63rd_WaterTempDrop_85],[1.0000],1,1,1.0000,[[63rdStreetBeach201507250300_Water_Temperature]]
2025-10-15 19:14:42.381,100.971,Montrose_WaterTempDrop_85,atomic,[Montrose_WaterTempDrop_85],[1.0000],1,1,1.0000,[[MontroseBeach201507250300_Water_Temperature]]
2025-10-15 19:14:42.445,101.035,63rd_WaterTempDrop_85,atomic,[63rd_WaterTempDrop_85],[1.0000],1,1,1.0000,[[63rdStreetBeach201507250400_Water_Temperature]]
2025-10-15 19:14:42.445,101.035,Montrose_WaterTempDrop_85,atomic,[Montrose_WaterTempDrop_85],[1.0000],1,1,1.0000,[[MontroseBeach201507250400_Water_Temperature]]
2025-10-15 19:14:42.505,101.095,63rd_WaterTempDrop_85,atomic,[63rd_WaterTempDrop_85],[1.0000],1,1,1.0000,[[63rdStreetBeach201507250500_Water_Temperature]]
2025-10-15 19:14:42.507,101.097,Montrose_WaterTempDrop_85,atomic,[Montrose_WaterTempDrop_85],[0.9670],1,1,0.9670,[[MontroseBeach201507250500_Water_Temperature]]
2025-10-15 19:14:42.567,101.157,Calumet_WaterTempDrop_85,atomic,[Calumet_WaterTempDrop_85],[1.0000],1,1,1.0000,[[CalumetBeach201507250600_Water_Temperature]]
2025-10-15 19:14:42.569,101.159,63rd_WaterTempDrop_85,atomic,[63rd_WaterTempDrop_85],[1.0000],1,1,1.0000,[[63rdStreetBeach201507250600_Water_Temperature]]
2025-10-15 19:14:42.569,101.159,Montrose_WaterTempDrop_85,atomic,[Montrose_WaterTempDrop_85],[1.0000],1,1,1.0000,[[MontroseBeach201507250600_Water_Temperature]]
2025-10-15 19:14:42.629,101.219,Montrose_WaterTempDrop_85,atomic,[Montrose_WaterTempDrop_85],[0.9649],1,1,0.9649,[[MontroseBeach201507250700_Water_Temperature]]
2025-10-15 19:14:42.632,101.222,63rd_WaterTempDrop_85,atomic,[63rd_WaterTempDrop_85],[1.0000],1,1,1.0000,[[63rdStreetBeach201507250700_Water_Temperature]]
2025-10-15 19:14:42.691,101.281,Calumet_WaterTempDrop_85,atomic,[Calumet_WaterTempDrop_85],[1.0000],1,1,1.0000,[[CalumetBeach201507250800_Water_Temperature]]
2025-10-15 19:14:42.693,101.283,63rd_WaterTempDrop_85,atomic,[63rd_WaterTempDrop_85],[0.9715],1,1,0.9715,[[63rdStreetBeach201507250800_Water_Temperature]]
2025-10-15 19:14:42.693,101.283,Montrose_WaterTempDrop_85,atomic,[Montrose_WaterTempDrop_85],[1.0000],1,1,1.0000,[[MontroseBeach201507250800_Water_Temperature]]
2025-10-15 19:14:42.753,101.343,Montrose_WaterTempDrop_85,atomic,[Montrose_WaterTempDrop_85],[0.9630],1,1,0.9630,[[MontroseBeach201507250900_Water_Temperature]]
2025-10-15 19:14:42.819,101.409,Montrose_WaterTempDrop_85,atomic,[Montrose_WaterTempDrop_85],[1.0000],1,1,1.0000,[[MontroseBeach201507251000_Water_Temperature]]
2025-10-15 19:14:42.821,101.411,63rd_WaterTempDrop_85,atomic,[63rd_WaterTempDrop_85],[1.0000],1,1,1.0000,[[63rdStreetBeach201507251000_Water_Temperature]]
2025-10-15 19:14:42.880,101.470,Calumet_WaterTempDrop_85,atomic,[Calumet_WaterTempDrop_85],[0.9572],1,1,0.9572,[[CalumetBeach201507251100_Water_Temperature]]
2025-10-15 19:14:42.881,101.471,63rd_WaterTempDrop_85,atomic,[63rd_WaterTempDrop_85],[0.9686],1,1,0.9686,[[63rdStreetBeach201507251100_Water_Temperature]]
2025-10-15 19:14:42.882,101.472,Montrose_WaterTempDrop_85,atomic,[Montrose_WaterTempDrop_85],[1.0000],1,1,1.0000,[[MontroseBeach201507251100_Water_Temperature]]
2025-10-15 19:14:42.943,101.533,Calumet_WaterTempDrop_85,atomic,[Calumet_WaterTempDrop_85],[0.9524],1,1,0.9524,[[CalumetBeach201507251200_Water_Temperature]]
2025-10-15 19:14:42.943,101.533,63rd_WaterTempDrop_85,atomic,[63rd_WaterTempDrop_85],[0.9646],1,1,0.9646,[[63rdStreetBeach201507251200_Water_Temperature]]
2025-10-15 19:14:42.943,101.533,Montrose_WaterTempDrop_85,atomic,[Montrose_WaterTempDrop_85],[1.0000],1,1,1.0000,[[MontroseBeach201507251200_Water_Temperature]]
2025-10-15 19:14:43.005,101.595,Calumet_WaterTempDrop_85,atomic,[Calumet_WaterTempDrop_85],[0.9470],1,1,0.9470,[[CalumetBeach201507251300_Water_Temperature]]
2025-10-15 19:14:43.008,101.598,63rd_WaterTempDrop_85,atomic,[63rd_WaterTempDrop_85],[1.0000],1,1,1.0000,[[63rdStreetBeach201507251300_Water_Temperature]]
2025-10-15 19:14:43.010,101.600,Montrose_WaterTempDrop_85,atomic,[Montrose_WaterTempDrop_85],[1.0000],1,1,1.0000,[[MontroseBeach201507251300_Water_Temperature]]
2025-10-15 19:14:43.069,101.659,Montrose_WaterTempDrop_85,atomic,[Montrose_WaterTempDrop_85],[1.0000],1,1,1.0000,[[MontroseBeach201507251400_Water_Temperature]]
2025-10-15 19:14:43.069,101.659,Calumet_WaterTempDrop_85,atomic,[Calumet_WaterTempDrop_85],[0.9412],1,1,0.9412,[[CalumetBeach201507251400_Water_Temperature]]
2025-10-15 19:14:43.131,101.721,Calumet_WaterTempDrop_85,atomic,[Calumet_WaterTempDrop_85],[0.9348],1,1,0.9348,[[CalumetBeach201507251500_Water_Temperature]]
2025-10-15 19:14:43.132,101.722,63rd_WaterTempDrop_85,atomic,[63rd_WaterTempDrop_85],[0.9645],1,1,0.9645,[[63rdStreetBeach201507251500_Water_Temperature]]
2025-10-15 19:14:43.133,101.723,Montrose_WaterTempDrop_85,atomic,[Montrose_WaterTempDrop_85],[1.0000],1,1,1.0000,[[MontroseBeach201507251500_Water_Temperature]]
2025-10-15 19:14:43.191,101.781,Montrose_WaterTempDrop_85,atomic,[Montrose_WaterTempDrop_85],[0.9692],1,1,0.9692,[[MontroseBeach201507251600_Water_Temperature]]
2025-10-15 19:14:43.191,101.781,63rd_WaterTempDrop_85,atomic,[63rd_WaterTempDrop_85],[0.9601],1,1,0.9601,[[63rdStreetBeach201507251600_Water_Temperature]]
2025-10-15 19:14:43.255,101.845,63rd_WaterTempDrop_85,atomic,[63rd_WaterTempDrop_85],[0.9552],1,1,0.9552,[[63rdStreetBeach201507251700_Water_Temperature]]
2025-10-15 19:14:43.258,101.848,Montrose_WaterTempDrop_85,atomic,[Montrose_WaterTempDrop_85],[1.0000],1,1,1.0000,[[MontroseBeach201507251700_Water_Temperature]]
2025-10-15 19:14:43.320,101.910,Montrose_WaterTempDrop_85,atomic,[Montrose_WaterTempDrop_85],[0.9668],1,1,0.9668,[[MontroseBeach201507251800_Water_Temperature]]
2025-10-15 19:14:43.382,101.972,63rd_WaterTempDrop_85,atomic,[63rd_WaterTempDrop_85],[0.9551],1,1,0.9551,[[63rdStreetBeach201507251900_Water_Temperature]]
2025-10-15 19:14:43.384,101.974,Montrose_WaterTempDrop_85,atomic,[Montrose_WaterTempDrop_85],[1.0000],1,1,1.0000,[[MontroseBeach201507251900_Water_Temperature]]
2025-10-15 19:14:43.444,102.034,63rd_WaterTempDrop_85,atomic,[63rd_WaterTempDrop_85],[0.9498],1,1,0.9498,[[63rdStreetBeach201507252000_Water_Temperature]]
2025-10-15 19:14:43.446,102.036,Montrose_WaterTempDrop_85,atomic,[Montrose_WaterTempDrop_85],[0.9647],1,1,0.9647,[[MontroseBeach201507252000_Water_Temperature]]
2025-10-15 19:14:43.509,102.099,63rd_WaterTempDrop_85,atomic,[63rd_WaterTempDrop_85],[0.9440],1,1,0.9440,[[63rdStreetBeach201507252100_Water_Temperature]]
2025-10-15 19:14:43.510,102.100,Montrose_WaterTempDrop_85,atomic,[Montrose_WaterTempDrop_85],[1.0000],1,1,1.0000,[[MontroseBeach201507252100_Water_Temperature]]
2025-10-15 19:14:43.570,102.160,Montrose_WaterTempDrop_85,atomic,[Montrose_WaterTempDrop_85],[0.9629],1,1,0.9629,[[MontroseBeach201507252200_Water_Temperature]]
2025-10-15 19:14:43.572,102.162,63rd_WaterTempDrop_85,atomic,[63rd_WaterTempDrop_85],[1.0000],1,1,1.0000,[[63rdStreetBeach201507252200_Water_Temperature]]
2025-10-15 19:14:43.636,102.226,63rd_WaterTempDrop_85,atomic,[63rd_WaterTempDrop_85],[1.0000],1,1,1.0000,[[63rdStreetBeach201507252300_Water_Temperature]]
2025-10-15 19:14:43.636,102.226,Montrose_WaterTempDrop_85,atomic,[Montrose_WaterTempDrop_85],[1.0000],1,1,1.0000,[[MontroseBeach201507252300_Water_Temperature]]
2025-10-15 19:14:43.696,102.286,63rd_WaterTempDrop_85,atomic,[63rd_WaterTempDrop_85],[0.9534],1,1,0.9534,[[63rdStreetBeach201507262400_Water_Temperature]]
2025-10-15 19:14:43.700,102.290,Montrose_WaterTempDrop_85,atomic,[Montrose_WaterTempDrop_85],[1.0000],1,1,1.0000,[[MontroseBeach201507262400_Water_Temperature]]
2025-10-15 19:14:43.757,102.347,Montrose_WaterTempDrop_85,atomic,[Montrose_WaterTempDrop_85],[0.9637],1,1,0.9637,[[MontroseBeach201507260300_Water_Temperature]]
2025-10-15 19:14:43.820,102.410,Montrose_WaterTempDrop_85,atomic,[Montrose_WaterTempDrop_85],[0.9594],1,1,0.9594,[[MontroseBeach201507260400_Water_Temperature]]
2025-10-15 19:14:43.820,102.410,63rd_WaterTempDrop_85,atomic,[63rd_WaterTempDrop_85],[0.9543],1,1,0.9543,[[63rdStreetBeach201507260400_Water_Temperature]]
2025-10-15 19:14:43.883,102.473,Montrose_WaterTempDrop_85,atomic,[Montrose_WaterTempDrop_85],[1.0000],1,1,1.0000,[[MontroseBeach201507260500_Water_Temperature]]
2025-10-15 19:14:43.944,102.534,63rd_WaterTempDrop_85,atomic,[63rd_WaterTempDrop_85],[1.0000],1,1,1.0000,[[63rdStreetBeach201507260600_Water_Temperature]]
2025-10-15 19:14:43.948,102.538,Montrose_WaterTempDrop_85,atomic,[Montrose_WaterTempDrop_85],[1.0000],1,1,1.0000,[[MontroseBeach201507260600_Water_Temperature]]
2025-10-15 19:14:44.011,102.601,Montrose_WaterTempDrop_85,atomic,[Montrose_WaterTempDrop_85],[1.0000],1,1,1.0000,[[MontroseBeach201507260700_Water_Temperature]]
2025-10-15 19:14:44.014,102.604,63rd_WaterTempDrop_85,atomic,[63rd_WaterTempDrop_85],[0.9592],1,1,0.9592,[[63rdStreetBeach201507260700_Water_Temperature]]
2025-10-15 19:14:44.068,102.658,63rd_WaterTempDrop_85,atomic,[63rd_WaterTempDrop_85],[0.9546],1,1,0.9546,[[63rdStreetBeach201507260800_Water_Temperature]]
2025-10-15 19:14:44.072,102.662,Montrose_WaterTempDrop_85,atomic,[Montrose_WaterTempDrop_85],[1.0000],1,1,1.0000,[[MontroseBeach201507260800_Water_Temperature]]
2025-10-15 19:14:44.136,102.726,63rd_WaterTempDrop_85,atomic,[63rd_WaterTempDrop_85],[0.9497],1,1,0.9497,[[63rdStreetBeach201507260900_Water_Temperature]]
2025-10-15 19:14:44.136,102.726,Montrose_WaterTempDrop_85,atomic,[Montrose_WaterTempDrop_85],[1.0000],1,1,1.0000,[[MontroseBeach201507260900_Water_Temperature]]
2025-10-15 19:14:44.195,102.785,63rd_WaterTempDrop_85,atomic,[63rd_WaterTempDrop_85],[0.9442],1,1,0.9442,[[63rdStreetBeach201507261000_Water_Temperature]]
2025-10-15 19:14:44.204,102.794,Montrose_WaterTempDrop_85,atomic,[Montrose_WaterTempDrop_85],[1.0000],1,1,1.0000,[[MontroseBeach201507261000_Water_Temperature]]
2025-10-15 19:14:44.257,102.847,Montrose_WaterTempDrop_85,atomic,[Montrose_WaterTempDrop_85],[0.9684],1,1,0.9684,[[MontroseBeach201507261100_Water_Temperature]]
2025-10-15 19:14:44.257,102.847,63rd_WaterTempDrop_85,atomic,[63rd_WaterTempDrop_85],[0.9383],1,1,0.9383,[[63rdStreetBeach201507261100_Water_Temperature]]
2025-10-15 19:14:44.319,102.909,Montrose_WaterTempDrop_85,atomic,[Montrose_WaterTempDrop_85],[0.9646],1,1,0.9646,[[MontroseBeach201507261200_Water_Temperature]]
2025-10-15 19:14:44.381,102.971,Montrose_WaterTempDrop_85,atomic,[Montrose_WaterTempDrop_85],[1.0000],1,1,1.0000,[[MontroseBeach201507261300_Water_Temperature]]
2025-10-15 19:14:44.446,103.036,Montrose_WaterTempDrop_85,atomic,[Montrose_WaterTempDrop_85],[1.0000],1,1,1.0000,[[MontroseBeach201507261400_Water_Temperature]]
2025-10-15 19:14:44.505,103.095,Montrose_WaterTempDrop_85,atomic,[Montrose_WaterTempDrop_85],[1.0000],1,1,1.0000,[[MontroseBeach201507261500_Water_Temperature]]
2025-10-15 19:14:44.571,103.161,Montrose_WaterTempDrop_85,atomic,[Montrose_WaterTempDrop_85],[0.9666],1,1,0.9666,[[MontroseBeach201507261600_Water_Temperature]]
2025-10-15 19:14:44.635,103.225,Montrose_WaterTempDrop_85,atomic,[Montrose_WaterTempDrop_85],[1.0000],1,1,1.0000,[[MontroseBeach201507261700_Water_Temperature]]
2025-10-15 19:14:44.689,103.279,Montrose_WaterTempDrop_85,atomic,[Montrose_WaterTempDrop_85],[0.9646],1,1,0.9646,[[MontroseBeach201507261800_Water_Temperature]]
2025-10-15 19:14:44.753,103.343,Montrose_WaterTempDrop_85,atomic,[Montrose_WaterTempDrop_85],[1.0000],1,1,1.0000,[[MontroseBeach201507261900_Water_Temperature]]
2025-10-15 19:14:44.813,103.403,Montrose_WaterTempDrop_85,atomic,[Montrose_WaterTempDrop_85],[0.9629],1,1,0.9629,[[MontroseBeach201507262000_Water_Temperature]]
2025-10-15 19:14:44.878,103.468,Montrose_WaterTempDrop_85,atomic,[Montrose_WaterTempDrop_85],[1.0000],1,1,1.0000,[[MontroseBeach201507262100_Water_Temperature]]
2025-10-15 19:14:44.939,103.529,Montrose_WaterTempDrop_85,atomic,[Montrose_WaterTempDrop_85],[0.9615],1,1,0.9615,[[MontroseBeach201507262200_Water_Temperature]]
2025-10-15 19:14:45.004,103.594,Montrose_WaterTempDrop_85,atomic,[Montrose_WaterTempDrop_85],[1.0000],1,1,1.0000,[[MontroseBeach201507262300_Water_Temperature]]
2025-10-15 19:14:45.066,103.656,Montrose_WaterTempDrop_85,atomic,[Montrose_WaterTempDrop_85],[0.9604],1,1,0.9604,[[MontroseBeach201507272400_Water_Temperature]]
2025-10-15 19:14:45.126,103.716,Montrose_WaterTempDrop_85,atomic,[Montrose_WaterTempDrop_85],[0.9558],1,1,0.9558,[[MontroseBeach201507270100_Water_Temperature]]
2025-10-15 19:14:45.190,103.780,Montrose_WaterTempDrop_85,atomic,[Montrose_WaterTempDrop_85],[1.0000],1,1,1.0000,[[MontroseBeach201507270200_Water_Temperature]]
2025-10-15 19:14:45.252,103.842,Montrose_WaterTempDrop_85,atomic,[Montrose_WaterTempDrop_85],[1.0000],1,1,1.0000,[[MontroseBeach201507270300_Water_Temperature]]
2025-10-15 19:14:45.311,103.901,Montrose_WaterTempDrop_85,atomic,[Montrose_WaterTempDrop_85],[0.9596],1,1,0.9596,[[MontroseBeach201507270400_Water_Temperature]]
2025-10-15 19:14:45.377,103.967,Montrose_WaterTempDrop_85,atomic,[Montrose_WaterTempDrop_85],[1.0000],1,1,1.0000,[[MontroseBeach201507270500_Water_Temperature]]
2025-10-15 19:14:45.438,104.028,Montrose_WaterTempDrop_85,atomic,[Montrose_WaterTempDrop_85],[0.9590],1,1,0.9590,[[MontroseBeach201507270600_Water_Temperature]]
2025-10-15 19:14:45.501,104.091,Montrose_WaterTempDrop_85,atomic,[Montrose_WaterTempDrop_85],[1.0000],1,1,1.0000,[[MontroseBeach201507270700_Water_Temperature]]
2025-10-15 19:14:45.563,104.153,Montrose_WaterTempDrop_85,atomic,[Montrose_WaterTempDrop_85],[1.0000],1,1,1.0000,[[MontroseBeach201507270800_Water_Temperature]]
2025-10-15 19:14:45.628,104.218,Montrose_WaterTempDrop_85,atomic,[Montrose_WaterTempDrop_85],[0.9616],1,1,0.9616,[[MontroseBeach201507270900_Water_Temperature]]
2025-10-15 19:14:45.687,104.277,Montrose_WaterTempDrop_85,atomic,[Montrose_WaterTempDrop_85],[1.0000],1,1,1.0000,[[MontroseBeach201507271000_Water_Temperature]]
2025-10-15 19:14:45.748,104.338,Montrose_WaterTempDrop_85,atomic,[Montrose_WaterTempDrop_85],[0.9607],1,1,0.9607,[[MontroseBeach201507271100_Water_Temperature]]
2025-10-15 19:14:45.807,104.397,Montrose_WaterTempDrop_85,atomic,[Montrose_WaterTempDrop_85],[0.9562],1,1,0.9562,[[MontroseBeach201507271200_Water_Temperature]]
2025-10-15 19:14:48.434,107.024,Montrose_WaterTempDrop_85,atomic,[Montrose_WaterTempDrop_85],[1.0000],1,1,1.0000,[[MontroseBeach201507290600_Water_Temperature]]
2025-10-15 19:14:48.493,107.083,63rd_WaterTempDrop_85,atomic,[63rd_WaterTempDrop_85],[1.0000],1,1,1.0000,[[63rdStreetBeach201507290700_Water_Temperature]]
2025-10-15 19:14:48.495,107.085,Montrose_WaterTempDrop_85,atomic,[Montrose_WaterTempDrop_85],[1.0000],1,1,1.0000,[[MontroseBeach201507290700_Water_Temperature]]
2025-10-15 19:14:48.555,107.145,63rd_WaterTempDrop_85,atomic,[63rd_WaterTempDrop_85],[1.0000],1,1,1.0000,[[63rdStreetBeach201507290800_Water_Temperature]]
2025-10-15 19:14:48.556,107.146,Montrose_WaterTempDrop_85,atomic,[Montrose_WaterTempDrop_85],[1.0000],1,1,1.0000,[[MontroseBeach201507290800_Water_Temperature]]
2025-10-15 19:14:48.802,107.392,Montrose_WaterTempDrop_85,atomic,[Montrose_WaterTempDrop_85],[0.9633],1,1,0.9633,[[MontroseBeach201507291600_Water_Temperature]]
2025-10-15 19:14:49.115,107.705,Montrose_WaterTempDrop_85,atomic,[Montrose_WaterTempDrop_85],[1.0000],1,1,1.0000,[[MontroseBeach201507292300_Water_Temperature]]
2025-10-15 19:14:49.426,108.016,Montrose_WaterTempDrop_85,atomic,[Montrose_WaterTempDrop_85],[0.9619],1,1,0.9619,[[MontroseBeach201507302100_Water_Temperature]]
2025-10-15 19:14:49.800,108.390,Montrose_WaterTempDrop_85,atomic,[Montrose_WaterTempDrop_85],[0.9680],1,1,0.9680,[[MontroseBeach201507310300_Water_Temperature]]
2025-10-15 19:14:49.922,108.512,Montrose_WaterTempDrop_85,atomic,[Montrose_WaterTempDrop_85],[0.9659],1,1,0.9659,[[MontroseBeach201507310500_Water_Temperature]]
2025-10-15 19:14:50.052,108.642,Montrose_WaterTempDrop_85,atomic,[Montrose_WaterTempDrop_85],[1.0000],1,1,1.0000,[[MontroseBeach201507310700_Water_Temperature]]
2025-10-15 19:14:50.111,108.701,Montrose_WaterTempDrop_85,atomic,[Montrose_WaterTempDrop_85],[0.9658],1,1,0.9658,[[MontroseBeach201507310800_Water_Temperature]]
2025-10-15 19:14:50.302,108.892,Montrose_WaterTempDrop_85,atomic,[Montrose_WaterTempDrop_85],[0.9657],1,1,0.9657,[[MontroseBeach201507311100_Water_Temperature]]
2025-10-15 19:14:50.363,108.953,Montrose_WaterTempDrop_85,atomic,[Montrose_WaterTempDrop_85],[0.9616],1,1,0.9616,[[MontroseBeach201507311200_Water_Temperature]]
2025-10-15 19:14:50.485,109.075,Montrose_WaterTempDrop_85,atomic,[Montrose_WaterTempDrop_85],[0.9603],1,1,0.9603,[[MontroseBeach201507311400_Water_Temperature]]
2025-10-15 19:14:50.609,109.199,Montrose_WaterTempDrop_85,atomic,[Montrose_WaterTempDrop_85],[0.9594],1,1,0.9594,[[MontroseBeach201507311700_Water_Temperature]]
2025-10-15 19:14:50.670,109.260,Montrose_WaterTempDrop_85,atomic,[Montrose_WaterTempDrop_85],[0.9546],1,1,0.9546,[[MontroseBeach201507311800_Water_Temperature]]
2025-10-15 19:14:50.736,109.326,Montrose_WaterTempDrop_85,atomic,[Montrose_WaterTempDrop_85],[0.9494],1,1,0.9494,[[MontroseBeach201507312000_Water_Temperature]]
2025-10-15 19:14:50.923,109.513,Montrose_WaterTempDrop_85,atomic,[Montrose_WaterTempDrop_85],[0.9561],1,1,0.9561,[[MontroseBeach201507312300_Water_Temperature]]
2025-10-15 19:14:50.983,109.573,Montrose_WaterTempDrop_85,atomic,[Montrose_WaterTempDrop_85],[0.9512],1,1,0.9512,[[MontroseBeach201508012400_Water_Temperature]]
2025-10-15 19:14:51.047,109.637,Montrose_WaterTempDrop_85,atomic,[Montrose_WaterTempDrop_85],[0.9457],1,1,0.9457,[[MontroseBeach201508010100_Water_Temperature]]
2025-10-15 19:14:51.113,109.703,Montrose_WaterTempDrop_85,atomic,[Montrose_WaterTempDrop_85],[0.9398],1,1,0.9398,[[MontroseBeach201508010200_Water_Temperature]]
2025-10-15 19:14:51.172,109.762,Montrose_WaterTempDrop_85,atomic,[Montrose_WaterTempDrop_85],[0.9333],1,1,0.9333,[[MontroseBeach201508010300_Water_Temperature]]
2025-10-15 19:14:51.296,109.886,Calumet_WaterTempDrop_85,atomic,[Calumet_WaterTempDrop_85],[0.9502],1,1,0.9502,[[CalumetBeach201508010500_Water_Temperature]]
2025-10-15 19:14:51.421,110.011,Calumet_WaterTempDrop_85,atomic,[Calumet_WaterTempDrop_85],[0.9518],1,1,0.9518,[[CalumetBeach201508010700_Water_Temperature]]
2025-10-15 19:14:51.669,110.259,63rd_WaterTempDrop_85,atomic,[63rd_WaterTempDrop_85],[0.9663],1,1,0.9663,[[63rdStreetBeach201508011100_Water_Temperature]]
2025-10-15 19:14:51.733,110.323,Calumet_WaterTempDrop_85,atomic,[Calumet_WaterTempDrop_85],[0.9637],1,1,0.9637,[[CalumetBeach201508011200_Water_Temperature]]
2025-10-15 19:14:51.796,110.386,Calumet_WaterTempDrop_85,atomic,[Calumet_WaterTempDrop_85],[0.9595],1,1,0.9595,[[CalumetBeach201508011300_Water_Temperature]]
2025-10-15 19:14:51.923,110.513,63rd_WaterTempDrop_85,atomic,[63rd_WaterTempDrop_85],[0.9615],1,1,0.9615,[[63rdStreetBeach201508011500_Water_Temperature]]
2025-10-15 19:14:52.047,110.637,63rd_WaterTempDrop_85,atomic,[63rd_WaterTempDrop_85],[0.9568],1,1,0.9568,[[63rdStreetBeach201508011700_Water_Temperature]]
2025-10-15 19:15:00.413,119.003,Montrose_WaterTempDrop_85,atomic,[Montrose_WaterTempDrop_85],[1.0000],1,1,1.0000,[[MontroseBeach201508071200_Water_Temperature]]
2025-10-15 19:15:00.539,119.129,Montrose_WaterTempDrop_85,atomic,[Montrose_WaterTempDrop_85],[1.0000],1,1,1.0000,[[MontroseBeach201508071400_Water_Temperature]]
2025-10-15 19:15:00.665,119.255,Montrose_WaterTempDrop_85,atomic,[Montrose_WaterTempDrop_85],[1.0000],1,1,1.0000,[[MontroseBeach201508071600_Water_Temperature]]
2025-10-15 19:15:00.726,119.316,Montrose_WaterTempDrop_85,atomic,[Montrose_WaterTempDrop_85],[1.0000],1,1,1.0000,[[MontroseBeach201508071700_Water_Temperature]]
2025-10-15 19:15:00.789,119.379,Montrose_WaterTempDrop_85,atomic,[Montrose_WaterTempDrop_85],[1.0000],1,1,1.0000,[[MontroseBeach201508071800_Water_Temperature]]
2025-10-15 19:15:00.852,119.442,Montrose_WaterTempDrop_85,atomic,[Montrose_WaterTempDrop_85],[1.0000],1,1,1.0000,[[MontroseBeach201508071900_Water_Temperature]]
2025-10-15 19:15:00.912,119.502,Montrose_WaterTempDrop_85,atomic,[Montrose_WaterTempDrop_85],[1.0000],1,1,1.0000,[[MontroseBeach201508072000_Water_Temperature]]
2025-10-15 19:15:00.977,119.567,Montrose_WaterTempDrop_85,atomic,[Montrose_WaterTempDrop_85],[1.0000],1,1,1.0000,[[MontroseBeach201508072100_Water_Temperature]]
2025-10-15 19:15:01.035,119.625,Montrose_WaterTempDrop_85,atomic,[Montrose_WaterTempDrop_85],[0.9682],1,1,0.9682,[[MontroseBeach201508072200_Water_Temperature]]
2025-10-15 19:15:01.102,119.692,Montrose_WaterTempDrop_85,atomic,[Montrose_WaterTempDrop_85],[1.0000],1,1,1.0000,[[MontroseBeach201508072300_Water_Temperature]]
2025-10-15 19:15:01.158,119.748,Montrose_WaterTempDrop_85,atomic,[Montrose_WaterTempDrop_85],[0.9662],1,1,0.9662,[[MontroseBeach201508082400_Water_Temperature]]
2025-10-15 19:15:01.222,119.812,Montrose_WaterTempDrop_85,atomic,[Montrose_WaterTempDrop_85],[0.9621],1,1,0.9621,[[MontroseBeach201508080100_Water_Temperature]]
2025-10-15 19:15:01.284,119.874,Montrose_WaterTempDrop_85,atomic,[Montrose_WaterTempDrop_85],[0.9577],1,1,0.9577,[[MontroseBeach201508080200_Water_Temperature]]
2025-10-15 19:15:01.351,119.941,Montrose_WaterTempDrop_85,atomic,[Montrose_WaterTempDrop_85],[1.0000],1,1,1.0000,[[MontroseBeach201508080300_Water_Temperature]]
2025-10-15 19:15:01.412,120.002,Montrose_WaterTempDrop_85,atomic,[Montrose_WaterTempDrop_85],[0.9572],1,1,0.9572,[[MontroseBeach201508080400_Water_Temperature]]
2025-10-15 19:15:01.476,120.066,Montrose_WaterTempDrop_85,atomic,[Montrose_WaterTempDrop_85],[0.9523],1,1,0.9523,[[MontroseBeach201508080500_Water_Temperature]]
2025-10-15 19:15:01.537,120.127,Montrose_WaterTempDrop_85,atomic,[Montrose_WaterTempDrop_85],[1.0000],1,1,1.0000,[[MontroseBeach201508080600_Water_Temperature]]
2025-10-15 19:15:01.599,120.189,Montrose_WaterTempDrop_85,atomic,[Montrose_WaterTempDrop_85],[0.9531],1,1,0.9531,[[MontroseBeach201508080700_Water_Temperature]]
2025-10-15 19:15:01.662,120.252,63rd_WaterTempDrop_85,atomic,[63rd_WaterTempDrop_85],[1.0000],1,1,1.0000,[[63rdStreetBeach201508080800_Water_Temperature]]
2025-10-15 19:15:01.663,120.253,Montrose_WaterTempDrop_85,atomic,[Montrose_WaterTempDrop_85],[1.0000],1,1,1.0000,[[MontroseBeach201508080800_Water_Temperature]]
2025-10-15 19:15:01.724,120.314,Montrose_WaterTempDrop_85,atomic,[Montrose_WaterTempDrop_85],[1.0000],1,1,1.0000,[[MontroseBeach201508080900_Water_Temperature]]
2025-10-15 19:15:01.726,120.316,63rd_WaterTempDrop_85,atomic,[63rd_WaterTempDrop_85],[1.0000],1,1,1.0000,[[63rdStreetBeach201508080900_Water_Temperature]]
2025-10-15 19:15:01.783,120.373,Montrose_WaterTempDrop_85,atomic,[Montrose_WaterTempDrop_85],[0.9582],1,1,0.9582,[[MontroseBeach201508081000_Water_Temperature]]
2025-10-15 19:15:01.786,120.376,63rd_WaterTempDrop_85,atomic,[63rd_WaterTempDrop_85],[1.0000],1,1,1.0000,[[63rdStreetBeach201508081000_Water_Temperature]]
2025-10-15 19:15:01.848,120.438,Montrose_WaterTempDrop_85,atomic,[Montrose_WaterTempDrop_85],[0.9534],1,1,0.9534,[[MontroseBeach201508081100_Water_Temperature]]
2025-10-15 19:15:01.911,120.501,Montrose_WaterTempDrop_85,atomic,[Montrose_WaterTempDrop_85],[0.9482],1,1,0.9482,[[MontroseBeach201508081200_Water_Temperature]]
2025-10-15 19:15:01.975,120.565,Montrose_WaterTempDrop_85,atomic,[Montrose_WaterTempDrop_85],[1.0000],1,1,1.0000,[[MontroseBeach201508081300_Water_Temperature]]
2025-10-15 19:15:02.037,120.627,Montrose_WaterTempDrop_85,atomic,[Montrose_WaterTempDrop_85],[1.0000],1,1,1.0000,[[MontroseBeach201508081400_Water_Temperature]]
2025-10-15 19:15:02.100,120.690,Montrose_WaterTempDrop_85,atomic,[Montrose_WaterTempDrop_85],[1.0000],1,1,1.0000,[[MontroseBeach201508081500_Water_Temperature]]
2025-10-15 19:15:02.161,120.751,Montrose_WaterTempDrop_85,atomic,[Montrose_WaterTempDrop_85],[0.9596],1,1,0.9596,[[MontroseBeach201508081600_Water_Temperature]]
2025-10-15 19:15:02.237,120.827,Montrose_WaterTempDrop_85,atomic,[Montrose_WaterTempDrop_85],[1.0000],1,1,1.0000,[[MontroseBeach201508081700_Water_Temperature]]
2025-10-15 19:15:02.284,120.874,Montrose_WaterTempDrop_85,atomic,[Montrose_WaterTempDrop_85],[0.9591],1,1,0.9591,[[MontroseBeach201508081800_Water_Temperature]]
2025-10-15 19:15:02.284,120.874,63rd_WaterTempDrop_85,atomic,[63rd_WaterTempDrop_85],[0.9663],1,1,0.9663,[[63rdStreetBeach201508081800_Water_Temperature]]
2025-10-15 19:15:02.350,120.940,Montrose_WaterTempDrop_85,atomic,[Montrose_WaterTempDrop_85],[1.0000],1,1,1.0000,[[MontroseBeach201508081900_Water_Temperature]]
2025-10-15 19:15:02.412,121.002,Montrose_WaterTempDrop_85,atomic,[Montrose_WaterTempDrop_85],[1.0000],1,1,1.0000,[[MontroseBeach201508082000_Water_Temperature]]
2025-10-15 19:15:02.475,121.065,63rd_WaterTempDrop_85,atomic,[63rd_WaterTempDrop_85],[0.9643],1,1,0.9643,[[63rdStreetBeach201508082100_Water_Temperature]]
2025-10-15 19:15:02.476,121.066,Montrose_WaterTempDrop_85,atomic,[Montrose_WaterTempDrop_85],[1.0000],1,1,1.0000,[[MontroseBeach201508082100_Water_Temperature]]
2025-10-15 19:15:02.536,121.126,Montrose_WaterTempDrop_85,atomic,[Montrose_WaterTempDrop_85],[1.0000],1,1,1.0000,[[MontroseBeach201508082200_Water_Temperature]]
2025-10-15 19:15:02.598,121.188,Montrose_WaterTempDrop_85,atomic,[Montrose_WaterTempDrop_85],[0.9661],1,1,0.9661,[[MontroseBeach201508082300_Water_Temperature]]
2025-10-15 19:15:02.662,121.252,Montrose_WaterTempDrop_85,atomic,[Montrose_WaterTempDrop_85],[1.0000],1,1,1.0000,[[MontroseBeach201508092400_Water_Temperature]]
2025-10-15 19:15:02.725,121.315,Montrose_WaterTempDrop_85,atomic,[Montrose_WaterTempDrop_85],[0.9644],1,1,0.9644,[[MontroseBeach201508090200_Water_Temperature]]
2025-10-15 19:15:02.802,121.392,Montrose_WaterTempDrop_85,atomic,[Montrose_WaterTempDrop_85],[1.0000],1,1,1.0000,[[MontroseBeach201508090300_Water_Temperature]]
2025-10-15 19:15:02.850,121.440,Montrose_WaterTempDrop_85,atomic,[Montrose_WaterTempDrop_85],[1.0000],1,1,1.0000,[[MontroseBeach201508090400_Water_Temperature]]
2025-10-15 19:15:02.908,121.498,Montrose_WaterTempDrop_85,atomic,[Montrose_WaterTempDrop_85],[0.9649],1,1,0.9649,[[MontroseBeach201508090500_Water_Temperature]]
2025-10-15 19:15:02.972,121.562,Montrose_WaterTempDrop_85,atomic,[Montrose_WaterTempDrop_85],[0.9607],1,1,0.9607,[[MontroseBeach201508090600_Water_Temperature]]
2025-10-15 19:15:02.972,121.562,63rd_WaterTempDrop_85,atomic,[63rd_WaterTempDrop_85],[0.9686],1,1,0.9686,[[63rdStreetBeach201508090600_Water_Temperature]]
2025-10-15 19:15:03.047,121.637,Montrose_WaterTempDrop_85,atomic,[Montrose_WaterTempDrop_85],[1.0000],1,1,1.0000,[[MontroseBeach201508090700_Water_Temperature]]
2025-10-15 19:15:03.094,121.684,Montrose_WaterTempDrop_85,atomic,[Montrose_WaterTempDrop_85],[0.9597],1,1,0.9597,[[MontroseBeach201508090800_Water_Temperature]]
2025-10-15 19:15:03.095,121.685,63rd_WaterTempDrop_85,atomic,[63rd_WaterTempDrop_85],[0.9663],1,1,0.9663,[[63rdStreetBeach201508090800_Water_Temperature]]
2025-10-15 19:15:03.156,121.746,63rd_WaterTempDrop_85,atomic,[63rd_WaterTempDrop_85],[0.9621],1,1,0.9621,[[63rdStreetBeach201508090900_Water_Temperature]]
2025-10-15 19:15:03.160,121.750,Montrose_WaterTempDrop_85,atomic,[Montrose_WaterTempDrop_85],[1.0000],1,1,1.0000,[[MontroseBeach201508090900_Water_Temperature]]
2025-10-15 19:15:03.222,121.812,Montrose_WaterTempDrop_85,atomic,[Montrose_WaterTempDrop_85],[1.0000],1,1,1.0000,[[MontroseBeach201508091000_Water_Temperature]]
2025-10-15 19:15:03.287,121.877,Montrose_WaterTempDrop_85,atomic,[Montrose_WaterTempDrop_85],[1.0000],1,1,1.0000,[[MontroseBeach201508091100_Water_Temperature]]
2025-10-15 19:15:03.348,121.938,Montrose_WaterTempDrop_85,atomic,[Montrose_WaterTempDrop_85],[1.0000],1,1,1.0000,[[MontroseBeach201508091200_Water_Temperature]]
2025-10-15 19:15:03.410,122.000,Montrose_WaterTempDrop_85,atomic,[Montrose_WaterTempDrop_85],[1.0000],1,1,1.0000,[[MontroseBeach201508091300_Water_Temperature]]
2025-10-15 19:15:03.469,122.059,Montrose_WaterTempDrop_85,atomic,[Montrose_WaterTempDrop_85],[0.9673],1,1,0.9673,[[MontroseBeach201508091400_Water_Temperature]]
2025-10-15 19:15:03.536,122.126,Montrose_WaterTempDrop_85,atomic,[Montrose_WaterTempDrop_85],[1.0000],1,1,1.0000,[[MontroseBeach201508091500_Water_Temperature]]
2025-10-15 19:15:03.597,122.187,Montrose_WaterTempDrop_85,atomic,[Montrose_WaterTempDrop_85],[1.0000],1,1,1.0000,[[MontroseBeach201508091600_Water_Temperature]]
2025-10-15 19:15:03.660,122.250,Montrose_WaterTempDrop_85,atomic,[Montrose_WaterTempDrop_85],[1.0000],1,1,1.0000,[[MontroseBeach201508091700_Water_Temperature]]
2025-10-15 19:15:03.723,122.313,Montrose_WaterTempDrop_85,atomic,[Montrose_WaterTempDrop_85],[1.0000],1,1,1.0000,[[MontroseBeach201508091800_Water_Temperature]]
2025-10-15 19:15:03.785,122.375,Montrose_WaterTempDrop_85,atomic,[Montrose_WaterTempDrop_85],[0.9690],1,1,0.9690,[[MontroseBeach201508091900_Water_Temperature]]
2025-10-15 19:15:03.848,122.438,Montrose_WaterTempDrop_85,atomic,[Montrose_WaterTempDrop_85],[0.9651],1,1,0.9651,[[MontroseBeach201508092000_Water_Temperature]]
2025-10-15 19:15:03.914,122.504,Montrose_WaterTempDrop_85,atomic,[Montrose_WaterTempDrop_85],[1.0000],1,1,1.0000,[[MontroseBeach201508092100_Water_Temperature]]
2025-10-15 19:15:03.974,122.564,Montrose_WaterTempDrop_85,atomic,[Montrose_WaterTempDrop_85],[0.9632],1,1,0.9632,[[MontroseBeach201508092200_Water_Temperature]]
2025-10-15 19:15:04.036,122.626,Montrose_WaterTempDrop_85,atomic,[Montrose_WaterTempDrop_85],[0.9587],1,1,0.9587,[[MontroseBeach201508092300_Water_Temperature]]
2025-10-15 19:15:04.102,122.692,Montrose_WaterTempDrop_85,atomic,[Montrose_WaterTempDrop_85],[1.0000],1,1,1.0000,[[MontroseBeach201508102400_Water_Temperature]]
2025-10-15 19:15:04.162,122.752,Montrose_WaterTempDrop_85,atomic,[Montrose_WaterTempDrop_85],[0.9579],1,1,0.9579,[[MontroseBeach201508100100_Water_Temperature]]
2025-10-15 19:15:04.225,122.815,Montrose_WaterTempDrop_85,atomic,[Montrose_WaterTempDrop_85],[0.9530],1,1,0.9530,[[MontroseBeach201508100200_Water_Temperature]]
2025-10-15 19:15:04.284,122.874,Montrose_WaterTempDrop_85,atomic,[Montrose_WaterTempDrop_85],[0.9475],1,1,0.9475,[[MontroseBeach201508100300_Water_Temperature]]
2025-10-15 19:15:04.350,122.940,Montrose_WaterTempDrop_85,atomic,[Montrose_WaterTempDrop_85],[1.0000],1,1,1.0000,[[MontroseBeach201508100400_Water_Temperature]]
2025-10-15 19:15:04.408,122.998,Montrose_WaterTempDrop_85,atomic,[Montrose_WaterTempDrop_85],[0.9495],1,1,0.9495,[[MontroseBeach201508100500_Water_Temperature]]
2025-10-15 19:15:04.471,123.061,Montrose_WaterTempDrop_85,atomic,[Montrose_WaterTempDrop_85],[0.9438],1,1,0.9438,[[MontroseBeach201508100600_Water_Temperature]]
2025-10-15 19:15:04.535,123.125,Montrose_WaterTempDrop_85,atomic,[Montrose_WaterTempDrop_85],[1.0000],1,1,1.0000,[[MontroseBeach201508100700_Water_Temperature]]
2025-10-15 19:15:04.598,123.188,Montrose_WaterTempDrop_85,atomic,[Montrose_WaterTempDrop_85],[0.9471],1,1,0.9471,[[MontroseBeach201508100800_Water_Temperature]]
2025-10-15 19:15:04.661,123.251,Montrose_WaterTempDrop_85,atomic,[Montrose_WaterTempDrop_85],[1.0000],1,1,1.0000,[[MontroseBeach201508100900_Water_Temperature]]
2025-10-15 19:15:04.724,123.314,Montrose_WaterTempDrop_85,atomic,[Montrose_WaterTempDrop_85],[0.9496],1,1,0.9496,[[MontroseBeach201508101000_Water_Temperature]]
2025-10-15 19:15:04.788,123.378,Montrose_WaterTempDrop_85,atomic,[Montrose_WaterTempDrop_85],[1.0000],1,1,1.0000,[[MontroseBeach201508101100_Water_Temperature]]
2025-10-15 19:15:04.848,123.438,Montrose_WaterTempDrop_85,atomic,[Montrose_WaterTempDrop_85],[1.0000],1,1,1.0000,[[MontroseBeach201508101200_Water_Temperature]]
2025-10-15 19:15:04.912,123.502,Montrose_WaterTempDrop_85,atomic,[Montrose_WaterTempDrop_85],[1.0000],1,1,1.0000,[[MontroseBeach201508101300_Water_Temperature]]
2025-10-15 19:15:04.971,123.561,Montrose_WaterTempDrop_85,atomic,[Montrose_WaterTempDrop_85],[1.0000],1,1,1.0000,[[MontroseBeach201508101400_Water_Temperature]]
2025-10-15 19:15:05.098,123.688,Montrose_WaterTempDrop_85,atomic,[Montrose_WaterTempDrop_85],[1.0000],1,1,1.0000,[[MontroseBeach201508101600_Water_Temperature]]
2025-10-15 19:15:05.158,123.748,Montrose_WaterTempDrop_85,atomic,[Montrose_WaterTempDrop_85],[1.0000],1,1,1.0000,[[MontroseBeach201508101700_Water_Temperature]]
2025-10-15 19:15:05.598,124.188,Montrose_WaterTempDrop_85,atomic,[Montrose_WaterTempDrop_85],[1.0000],1,1,1.0000,[[MontroseBeach201508112400_Water_Temperature]]
2025-10-15 19:15:05.659,124.249,Montrose_WaterTempDrop_85,atomic,[Montrose_WaterTempDrop_85],[1.0000],1,1,1.0000,[[MontroseBeach201508110100_Water_Temperature]]
2025-10-15 19:15:05.739,124.329,Montrose_WaterTempDrop_85,atomic,[Montrose_WaterTempDrop_85],[1.0000],1,1,1.0000,[[MontroseBeach201508110200_Water_Temperature]]
2025-10-15 19:15:05.972,124.562,Montrose_WaterTempDrop_85,atomic,[Montrose_WaterTempDrop_85],[1.0000],1,1,1.0000,[[MontroseBeach201508110600_Water_Temperature]]
2025-10-15 19:15:06.035,124.625,Montrose_WaterTempDrop_85,atomic,[Montrose_WaterTempDrop_85],[1.0000],1,1,1.0000,[[MontroseBeach201508110700_Water_Temperature]]
2025-10-15 19:15:06.533,125.123,Montrose_HighWave_85,atomic,[Montrose_HighWave_85],[1.0000],1,1,1.0000,[[MontroseBeach201508111500_Wave_Height]]
2025-10-15 19:15:06.595,125.185,Montrose_HighWave_85,atomic,[Montrose_HighWave_85],[0.8589],1,1,0.8589,[[MontroseBeach201508111600_Wave_Height]]
2025-10-15 19:15:06.656,125.246,Montrose_HighWave_85,atomic,[Montrose_HighWave_85],[1.0000],1,1,1.0000,[[MontroseBeach201508111700_Wave_Height]]
2025-10-15 19:15:06.717,125.307,Montrose_HighWave_85,atomic,[Montrose_HighWave_85],[0.8563],1,1,0.8563,[[MontroseBeach201508111800_Wave_Height]]
2025-10-15 19:15:06.782,125.372,Montrose_HighWave_85,atomic,[Montrose_HighWave_85],[1.0000],1,1,1.0000,[[MontroseBeach201508111900_Wave_Height]]
2025-10-15 19:15:06.845,125.435,Montrose_HighWave_85,atomic,[Montrose_HighWave_85],[1.0000],1,1,1.0000,[[MontroseBeach201508112000_Wave_Height]]
2025-10-15 19:15:06.904,125.494,Montrose_HighWave_85,atomic,[Montrose_HighWave_85],[0.8700],1,1,0.8700,[[MontroseBeach201508112100_Wave_Height]]
2025-10-15 19:15:07.029,125.619,Montrose_HighWave_85,atomic,[Montrose_HighWave_85],[1.0000],1,1,1.0000,[[MontroseBeach201508112300_Wave_Height]]
2025-10-15 19:15:07.967,126.557,Montrose_HighWave_85,atomic,[Montrose_HighWave_85],[1.0000],1,1,1.0000,[[MontroseBeach201508121400_Wave_Height]]
2025-10-15 19:15:10.349,128.939,Montrose_WaterTempDrop_85,atomic,[Montrose_WaterTempDrop_85],[1.0000],1,1,1.0000,[[MontroseBeach201508140400_Water_Temperature]]
2025-10-15 19:15:10.473,129.063,Montrose_WaterTempDrop_85,atomic,[Montrose_WaterTempDrop_85],[1.0000],1,1,1.0000,[[MontroseBeach201508140600_Water_Temperature]]
2025-10-15 19:15:10.538,129.128,Montrose_WaterTempDrop_85,atomic,[Montrose_WaterTempDrop_85],[1.0000],1,1,1.0000,[[MontroseBeach201508140700_Water_Temperature]]
2025-10-15 19:15:10.600,129.190,Montrose_WaterTempDrop_85,atomic,[Montrose_WaterTempDrop_85],[1.0000],1,1,1.0000,[[MontroseBeach201508140800_Water_Temperature]]
2025-10-15 19:15:10.662,129.252,Montrose_WaterTempDrop_85,atomic,[Montrose_WaterTempDrop_85],[1.0000],1,1,1.0000,[[MontroseBeach201508140900_Water_Temperature]]
2025-10-15 19:15:10.724,129.314,Montrose_WaterTempDrop_85,atomic,[Montrose_WaterTempDrop_85],[1.0000],1,1,1.0000,[[MontroseBeach201508141000_Water_Temperature]]
2025-10-15 19:15:10.784,129.374,Montrose_WaterTempDrop_85,atomic,[Montrose_WaterTempDrop_85],[0.9640],1,1,0.9640,[[MontroseBeach201508141100_Water_Temperature]]
2025-10-15 19:15:10.848,129.438,Montrose_WaterTempDrop_85,atomic,[Montrose_WaterTempDrop_85],[0.9601],1,1,0.9601,[[MontroseBeach201508141200_Water_Temperature]]
2025-10-15 19:15:10.908,129.498,Montrose_WaterTempDrop_85,atomic,[Montrose_WaterTempDrop_85],[0.9557],1,1,0.9557,[[MontroseBeach201508141300_Water_Temperature]]
2025-10-15 19:15:10.970,129.560,Montrose_WaterTempDrop_85,atomic,[Montrose_WaterTempDrop_85],[0.9509],1,1,0.9509,[[MontroseBeach201508141400_Water_Temperature]]
2025-10-15 19:15:11.031,129.621,Montrose_WaterTempDrop_85,atomic,[Montrose_WaterTempDrop_85],[0.9455],1,1,0.9455,[[MontroseBeach201508141500_Water_Temperature]]
2025-10-15 19:15:11.094,129.684,Montrose_WaterTempDrop_85,atomic,[Montrose_WaterTempDrop_85],[0.9397],1,1,0.9397,[[MontroseBeach201508141600_Water_Temperature]]
2025-10-15 19:15:11.282,129.872,Montrose_WaterTempDrop_85,atomic,[Montrose_WaterTempDrop_85],[0.9520],1,1,0.9520,[[MontroseBeach201508141900_Water_Temperature]]
2025-10-15 19:15:11.409,129.999,Montrose_WaterTempDrop_85,atomic,[Montrose_WaterTempDrop_85],[0.9534],1,1,0.9534,[[MontroseBeach201508142100_Water_Temperature]]
2025-10-15 19:15:11.532,130.122,Montrose_WaterTempDrop_85,atomic,[Montrose_WaterTempDrop_85],[0.9545],1,1,0.9545,[[MontroseBeach201508142300_Water_Temperature]]
2025-10-15 19:15:11.593,130.183,Montrose_WaterTempDrop_85,atomic,[Montrose_WaterTempDrop_85],[0.9495],1,1,0.9495,[[MontroseBeach201508152400_Water_Temperature]]
2025-10-15 19:15:11.720,130.310,Montrose_WaterTempDrop_85,atomic,[Montrose_WaterTempDrop_85],[0.9515],1,1,0.9515,[[MontroseBeach201508150200_Water_Temperature]]
2025-10-15 19:15:11.845,130.435,Montrose_WaterTempDrop_85,atomic,[Montrose_WaterTempDrop_85],[0.9530],1,1,0.9530,[[MontroseBeach201508150400_Water_Temperature]]
2025-10-15 19:15:14.336,132.926,Montrose_WaterTempDrop_85,atomic,[Montrose_WaterTempDrop_85],[1.0000],1,1,1.0000,[[MontroseBeach201508162200_Water_Temperature]]
2025-10-15 19:15:14.399,132.989,Montrose_WaterTempDrop_85,atomic,[Montrose_WaterTempDrop_85],[1.0000],1,1,1.0000,[[MontroseBeach201508162300_Water_Temperature]]
2025-10-15 19:15:14.464,133.054,63rd_WaterTempDrop_85,atomic,[63rd_WaterTempDrop_85],[1.0000],1,1,1.0000,[[63rdStreetBeach201508172400_Water_Temperature]]
2025-10-15 19:15:14.524,133.114,63rd_WaterTempDrop_85,atomic,[63rd_WaterTempDrop_85],[1.0000],1,1,1.0000,[[63rdStreetBeach201508170100_Water_Temperature]]
2025-10-15 19:15:14.588,133.178,Montrose_WaterTempDrop_85,atomic,[Montrose_WaterTempDrop_85],[1.0000],1,1,1.0000,[[MontroseBeach201508170200_Water_Temperature]]
2025-10-15 19:15:14.589,133.179,63rd_WaterTempDrop_85,atomic,[63rd_WaterTempDrop_85],[1.0000],1,1,1.0000,[[63rdStreetBeach201508170200_Water_Temperature]]
2025-10-15 19:15:14.649,133.239,Montrose_WaterTempDrop_85,atomic,[Montrose_WaterTempDrop_85],[1.0000],1,1,1.0000,[[MontroseBeach201508170300_Water_Temperature]]
2025-10-15 19:15:14.713,133.303,Montrose_WaterTempDrop_85,atomic,[Montrose_WaterTempDrop_85],[1.0000],1,1,1.0000,[[MontroseBeach201508170400_Water_Temperature]]
2025-10-15 19:15:14.774,133.364,Montrose_WaterTempDrop_85,atomic,[Montrose_WaterTempDrop_85],[1.0000],1,1,1.0000,[[MontroseBeach201508170500_Water_Temperature]]
2025-10-15 19:15:14.837,133.427,Montrose_WaterTempDrop_85,atomic,[Montrose_WaterTempDrop_85],[1.0000],1,1,1.0000,[[MontroseBeach201508170600_Water_Temperature]]
2025-10-15 19:15:14.897,133.487,63rd_WaterTempDrop_85,atomic,[63rd_WaterTempDrop_85],[1.0000],1,1,1.0000,[[63rdStreetBeach201508170700_Water_Temperature]]
2025-10-15 19:15:14.900,133.490,Montrose_WaterTempDrop_85,atomic,[Montrose_WaterTempDrop_85],[1.0000],1,1,1.0000,[[MontroseBeach201508170700_Water_Temperature]]
2025-10-15 19:15:14.962,133.552,Montrose_WaterTempDrop_85,atomic,[Montrose_WaterTempDrop_85],[1.0000],1,1,1.0000,[[MontroseBeach201508170800_Water_Temperature]]
2025-10-15 19:15:15.023,133.613,Montrose_WaterTempDrop_85,atomic,[Montrose_WaterTempDrop_85],[1.0000],1,1,1.0000,[[MontroseBeach201508170900_Water_Temperature]]
2025-10-15 19:15:15.085,133.675,Montrose_WaterTempDrop_85,atomic,[Montrose_WaterTempDrop_85],[0.9700],1,1,0.9700,[[MontroseBeach201508171000_Water_Temperature]]
2025-10-15 19:15:15.148,133.738,Montrose_WaterTempDrop_85,atomic,[Montrose_WaterTempDrop_85],[1.0000],1,1,1.0000,[[MontroseBeach201508171100_Water_Temperature]]
2025-10-15 19:15:15.210,133.800,Montrose_WaterTempDrop_85,atomic,[Montrose_WaterTempDrop_85],[1.0000],1,1,1.0000,[[MontroseBeach201508171200_Water_Temperature]]
2025-10-15 19:15:15.269,133.859,Montrose_WaterTempDrop_85,atomic,[Montrose_WaterTempDrop_85],[0.9685],1,1,0.9685,[[MontroseBeach201508171300_Water_Temperature]]
2025-10-15 19:15:15.335,133.925,Montrose_WaterTempDrop_85,atomic,[Montrose_WaterTempDrop_85],[1.0000],1,1,1.0000,[[MontroseBeach201508171400_Water_Temperature]]
2025-10-15 19:15:15.393,133.983,Montrose_WaterTempDrop_85,atomic,[Montrose_WaterTempDrop_85],[1.0000],1,1,1.0000,[[MontroseBeach201508171500_Water_Temperature]]
2025-10-15 19:15:15.458,134.048,Montrose_WaterTempDrop_85,atomic,[Montrose_WaterTempDrop_85],[1.0000],1,1,1.0000,[[MontroseBeach201508171600_Water_Temperature]]
2025-10-15 19:15:15.516,134.106,Montrose_WaterTempDrop_85,atomic,[Montrose_WaterTempDrop_85],[1.0000],1,1,1.0000,[[MontroseBeach201508171700_Water_Temperature]]
2025-10-15 19:15:15.581,134.171,Montrose_WaterTempDrop_85,atomic,[Montrose_WaterTempDrop_85],[1.0000],1,1,1.0000,[[MontroseBeach201508171800_Water_Temperature]]
2025-10-15 19:15:15.642,134.232,Montrose_WaterTempDrop_85,atomic,[Montrose_WaterTempDrop_85],[0.9699],1,1,0.9699,[[MontroseBeach201508171900_Water_Temperature]]
2025-10-15 19:15:15.715,134.305,Montrose_WaterTempDrop_85,atomic,[Montrose_WaterTempDrop_85],[0.9660],1,1,0.9660,[[MontroseBeach201508172000_Water_Temperature]]
2025-10-15 19:15:15.786,134.376,Montrose_WaterTempDrop_85,atomic,[Montrose_WaterTempDrop_85],[1.0000],1,1,1.0000,[[MontroseBeach201508172100_Water_Temperature]]
2025-10-15 19:15:15.844,134.434,Montrose_WaterTempDrop_85,atomic,[Montrose_WaterTempDrop_85],[0.9638],1,1,0.9638,[[MontroseBeach201508172200_Water_Temperature]]
2025-10-15 19:15:15.846,134.436,63rd_WaterTempDrop_85,atomic,[63rd_WaterTempDrop_85],[1.0000],1,1,1.0000,[[63rdStreetBeach201508172200_Water_Temperature]]
2025-10-15 19:15:15.904,134.494,63rd_WaterTempDrop_85,atomic,[63rd_WaterTempDrop_85],[0.9419],1,1,0.9419,[[63rdStreetBeach201508172300_Water_Temperature]]
2025-10-15 19:15:15.904,134.494,Montrose_WaterTempDrop_85,atomic,[Montrose_WaterTempDrop_85],[0.9593],1,1,0.9593,[[MontroseBeach201508172300_Water_Temperature]]
2025-10-15 19:15:15.968,134.558,63rd_WaterTempDrop_85,atomic,[63rd_WaterTempDrop_85],[0.9358],1,1,0.9358,[[63rdStreetBeach201508182400_Water_Temperature]]
2025-10-15 19:15:15.970,134.560,Montrose_WaterTempDrop_85,atomic,[Montrose_WaterTempDrop_85],[1.0000],1,1,1.0000,[[MontroseBeach201508182400_Water_Temperature]]
2025-10-15 19:15:16.031,134.621,63rd_WaterTempDrop_85,atomic,[63rd_WaterTempDrop_85],[0.9292],1,1,0.9292,[[63rdStreetBeach201508180100_Water_Temperature]]
2025-10-15 19:15:16.032,134.622,Montrose_WaterTempDrop_85,atomic,[Montrose_WaterTempDrop_85],[1.0000],1,1,1.0000,[[MontroseBeach201508180100_Water_Temperature]]
2025-10-15 19:15:16.094,134.684,Montrose_WaterTempDrop_85,atomic,[Montrose_WaterTempDrop_85],[1.0000],1,1,1.0000,[[MontroseBeach201508180200_Water_Temperature]]
2025-10-15 19:15:16.156,134.746,Montrose_WaterTempDrop_85,atomic,[Montrose_WaterTempDrop_85],[0.9635],1,1,0.9635,[[MontroseBeach201508180300_Water_Temperature]]
2025-10-15 19:15:16.158,134.748,63rd_WaterTempDrop_85,atomic,[63rd_WaterTempDrop_85],[1.0000],1,1,1.0000,[[63rdStreetBeach201508180300_Water_Temperature]]
2025-10-15 19:15:16.220,134.810,63rd_WaterTempDrop_85,atomic,[63rd_WaterTempDrop_85],[1.0000],1,1,1.0000,[[63rdStreetBeach201508180400_Water_Temperature]]
2025-10-15 19:15:16.220,134.810,Montrose_WaterTempDrop_85,atomic,[Montrose_WaterTempDrop_85],[1.0000],1,1,1.0000,[[MontroseBeach201508180400_Water_Temperature]]
2025-10-15 19:15:16.280,134.870,63rd_WaterTempDrop_85,atomic,[63rd_WaterTempDrop_85],[0.9479],1,1,0.9479,[[63rdStreetBeach201508180500_Water_Temperature]]
2025-10-15 19:15:16.281,134.871,Montrose_WaterTempDrop_85,atomic,[Montrose_WaterTempDrop_85],[1.0000],1,1,1.0000,[[MontroseBeach201508180500_Water_Temperature]]
2025-10-15 19:15:16.343,134.933,Montrose_WaterTempDrop_85,atomic,[Montrose_WaterTempDrop_85],[0.9641],1,1,0.9641,[[MontroseBeach201508180600_Water_Temperature]]
2025-10-15 19:15:16.345,134.935,63rd_WaterTempDrop_85,atomic,[63rd_WaterTempDrop_85],[1.0000],1,1,1.0000,[[63rdStreetBeach201508180600_Water_Temperature]]
2025-10-15 19:15:16.406,134.996,63rd_WaterTempDrop_85,atomic,[63rd_WaterTempDrop_85],[0.9507],1,1,0.9507,[[63rdStreetBeach201508180700_Water_Temperature]]
2025-10-15 19:15:16.408,134.998,Calumet_WaterTempDrop_85,atomic,[Calumet_WaterTempDrop_85],[1.0000],1,1,1.0000,[[CalumetBeach201508180700_Water_Temperature]]
2025-10-15 19:15:16.409,134.999,Montrose_WaterTempDrop_85,atomic,[Montrose_WaterTempDrop_85],[1.0000],1,1,1.0000,[[MontroseBeach201508180700_Water_Temperature]]
2025-10-15 19:15:16.468,135.058,Calumet_WaterTempDrop_85,atomic,[Calumet_WaterTempDrop_85],[0.9445],1,1,0.9445,[[CalumetBeach201508180800_Water_Temperature]]
2025-10-15 19:15:16.469,135.059,Montrose_WaterTempDrop_85,atomic,[Montrose_WaterTempDrop_85],[0.9624],1,1,0.9624,[[MontroseBeach201508180800_Water_Temperature]]
2025-10-15 19:15:16.530,135.120,63rd_WaterTempDrop_85,atomic,[63rd_WaterTempDrop_85],[1.0000],1,1,1.0000,[[63rdStreetBeach201508180900_Water_Temperature]]
2025-10-15 19:15:16.532,135.122,Calumet_WaterTempDrop_85,atomic,[Calumet_WaterTempDrop_85],[1.0000],1,1,1.0000,[[CalumetBeach201508180900_Water_Temperature]]
2025-10-15 19:15:16.532,135.122,Montrose_WaterTempDrop_85,atomic,[Montrose_WaterTempDrop_85],[1.0000],1,1,1.0000,[[MontroseBeach201508180900_Water_Temperature]]
2025-10-15 19:15:16.591,135.181,Calumet_WaterTempDrop_85,atomic,[Calumet_WaterTempDrop_85],[0.9479],1,1,0.9479,[[CalumetBeach201508181000_Water_Temperature]]
2025-10-15 19:15:16.592,135.182,Montrose_WaterTempDrop_85,atomic,[Montrose_WaterTempDrop_85],[1.0000],1,1,1.0000,[[MontroseBeach201508181000_Water_Temperature]]
2025-10-15 19:15:16.654,135.244,63rd_WaterTempDrop_85,atomic,[63rd_WaterTempDrop_85],[0.9527],1,1,0.9527,[[63rdStreetBeach201508181100_Water_Temperature]]
2025-10-15 19:15:16.655,135.245,Calumet_WaterTempDrop_85,atomic,[Calumet_WaterTempDrop_85],[0.9423],1,1,0.9423,[[CalumetBeach201508181100_Water_Temperature]]
2025-10-15 19:15:16.658,135.248,Montrose_WaterTempDrop_85,atomic,[Montrose_WaterTempDrop_85],[1.0000],1,1,1.0000,[[MontroseBeach201508181100_Water_Temperature]]
2025-10-15 19:15:16.716,135.306,Calumet_WaterTempDrop_85,atomic,[Calumet_WaterTempDrop_85],[0.9361],1,1,0.9361,[[CalumetBeach201508181200_Water_Temperature]]
2025-10-15 19:15:16.716,135.306,Montrose_WaterTempDrop_85,atomic,[Montrose_WaterTempDrop_85],[0.9654],1,1,0.9654,[[MontroseBeach201508181200_Water_Temperature]]
2025-10-15 19:15:16.780,135.370,63rd_WaterTempDrop_85,atomic,[63rd_WaterTempDrop_85],[1.0000],1,1,1.0000,[[63rdStreetBeach201508181300_Water_Temperature]]
2025-10-15 19:15:16.784,135.374,Montrose_WaterTempDrop_85,atomic,[Montrose_WaterTempDrop_85],[1.0000],1,1,1.0000,[[MontroseBeach201508181300_Water_Temperature]]
2025-10-15 19:15:16.842,135.432,Calumet_WaterTempDrop_85,atomic,[Calumet_WaterTempDrop_85],[0.9424],1,1,0.9424,[[CalumetBeach201508181400_Water_Temperature]]
2025-10-15 19:15:16.842,135.432,63rd_WaterTempDrop_85,atomic,[63rd_WaterTempDrop_85],[0.9542],1,1,0.9542,[[63rdStreetBeach201508181400_Water_Temperature]]
2025-10-15 19:15:16.843,135.433,Montrose_WaterTempDrop_85,atomic,[Montrose_WaterTempDrop_85],[1.0000],1,1,1.0000,[[MontroseBeach201508181400_Water_Temperature]]
2025-10-15 19:15:16.903,135.493,Montrose_WaterTempDrop_85,atomic,[Montrose_WaterTempDrop_85],[1.0000],1,1,1.0000,[[MontroseBeach201508181500_Water_Temperature]]
2025-10-15 19:15:16.905,135.495,63rd_WaterTempDrop_85,atomic,[63rd_WaterTempDrop_85],[1.0000],1,1,1.0000,[[63rdStreetBeach201508181500_Water_Temperature]]
2025-10-15 19:15:16.968,135.558,Calumet_WaterTempDrop_85,atomic,[Calumet_WaterTempDrop_85],[0.9466],1,1,0.9466,[[CalumetBeach201508181600_Water_Temperature]]
2025-10-15 19:15:16.969,135.559,63rd_WaterTempDrop_85,atomic,[63rd_WaterTempDrop_85],[1.0000],1,1,1.0000,[[63rdStreetBeach201508181600_Water_Temperature]]
2025-10-15 19:15:16.970,135.560,Montrose_WaterTempDrop_85,atomic,[Montrose_WaterTempDrop_85],[1.0000],1,1,1.0000,[[MontroseBeach201508181600_Water_Temperature]]
2025-10-15 19:15:17.028,135.618,63rd_WaterTempDrop_85,atomic,[63rd_WaterTempDrop_85],[0.9595],1,1,0.9595,[[63rdStreetBeach201508181700_Water_Temperature]]
2025-10-15 19:15:17.030,135.620,Calumet_WaterTempDrop_85,atomic,[Calumet_WaterTempDrop_85],[1.0000],1,1,1.0000,[[CalumetBeach201508181700_Water_Temperature]]
2025-10-15 19:15:17.032,135.622,Montrose_WaterTempDrop_85,atomic,[Montrose_WaterTempDrop_85],[1.0000],1,1,1.0000,[[MontroseBeach201508181700_Water_Temperature]]
2025-10-15 19:15:17.106,135.696,63rd_WaterTempDrop_85,atomic,[63rd_WaterTempDrop_85],[1.0000],1,1,1.0000,[[63rdStreetBeach201508181800_Water_Temperature]]
2025-10-15 19:15:17.107,135.697,Montrose_WaterTempDrop_85,atomic,[Montrose_WaterTempDrop_85],[1.0000],1,1,1.0000,[[MontroseBeach201508181800_Water_Temperature]]
2025-10-15 19:15:17.110,135.700,Calumet_WaterTempDrop_85,atomic,[Calumet_WaterTempDrop_85],[1.0000],1,1,1.0000,[[CalumetBeach201508181800_Water_Temperature]]
2025-10-15 19:15:17.153,135.743,Calumet_WaterTempDrop_85,atomic,[Calumet_WaterTempDrop_85],[0.9555],1,1,0.9555,[[CalumetBeach201508181900_Water_Temperature]]
2025-10-15 19:15:17.154,135.744,63rd_WaterTempDrop_85,atomic,[63rd_WaterTempDrop_85],[0.9593],1,1,0.9593,[[63rdStreetBeach201508181900_Water_Temperature]]
2025-10-15 19:15:17.154,135.744,Montrose_WaterTempDrop_85,atomic,[Montrose_WaterTempDrop_85],[0.9700],1,1,0.9700,[[MontroseBeach201508181900_Water_Temperature]]
2025-10-15 19:15:17.215,135.805,Montrose_WaterTempDrop_85,atomic,[Montrose_WaterTempDrop_85],[0.9664],1,1,0.9664,[[MontroseBeach201508182000_Water_Temperature]]
2025-10-15 19:15:17.216,135.806,Calumet_WaterTempDrop_85,atomic,[Calumet_WaterTempDrop_85],[1.0000],1,1,1.0000,[[CalumetBeach201508182000_Water_Temperature]]
2025-10-15 19:15:17.218,135.808,63rd_WaterTempDrop_85,atomic,[63rd_WaterTempDrop_85],[1.0000],1,1,1.0000,[[63rdStreetBeach201508182000_Water_Temperature]]
2025-10-15 19:15:17.280,135.870,63rd_WaterTempDrop_85,atomic,[63rd_WaterTempDrop_85],[1.0000],1,1,1.0000,[[63rdStreetBeach201508182100_Water_Temperature]]
2025-10-15 19:15:17.281,135.871,Calumet_WaterTempDrop_85,atomic,[Calumet_WaterTempDrop_85],[1.0000],1,1,1.0000,[[CalumetBeach201508182100_Water_Temperature]]
2025-10-15 19:15:17.281,135.871,Montrose_WaterTempDrop_85,atomic,[Montrose_WaterTempDrop_85],[1.0000],1,1,1.0000,[[MontroseBeach201508182100_Water_Temperature]]
2025-10-15 19:15:17.342,135.932,Montrose_WaterTempDrop_85,atomic,[Montrose_WaterTempDrop_85],[0.9643],1,1,0.9643,[[MontroseBeach201508182200_Water_Temperature]]
2025-10-15 19:15:17.343,135.933,Calumet_WaterTempDrop_85,atomic,[Calumet_WaterTempDrop_85],[1.0000],1,1,1.0000,[[CalumetBeach201508182200_Water_Temperature]]
2025-10-15 19:15:17.403,135.993,Calumet_WaterTempDrop_85,atomic,[Calumet_WaterTempDrop_85],[1.0000],1,1,1.0000,[[CalumetBeach201508182300_Water_Temperature]]
2025-10-15 19:15:17.405,135.995,Montrose_WaterTempDrop_85,atomic,[Montrose_WaterTempDrop_85],[1.0000],1,1,1.0000,[[MontroseBeach201508182300_Water_Temperature]]
2025-10-15 19:15:17.406,135.996,63rd_WaterTempDrop_85,atomic,[63rd_WaterTempDrop_85],[1.0000],1,1,1.0000,[[63rdStreetBeach201508182300_Water_Temperature]]
2025-10-15 19:15:17.469,136.059,Calumet_WaterTempDrop_85,atomic,[Calumet_WaterTempDrop_85],[1.0000],1,1,1.0000,[[CalumetBeach201508192400_Water_Temperature]]
2025-10-15 19:15:17.470,136.060,63rd_WaterTempDrop_85,atomic,[63rd_WaterTempDrop_85],[1.0000],1,1,1.0000,[[63rdStreetBeach201508192400_Water_Temperature]]
2025-10-15 19:15:17.471,136.061,Montrose_WaterTempDrop_85,atomic,[Montrose_WaterTempDrop_85],[1.0000],1,1,1.0000,[[MontroseBeach201508192400_Water_Temperature]]
2025-10-15 19:15:17.530,136.120,Montrose_WaterTempDrop_85,atomic,[Montrose_WaterTempDrop_85],[0.9647],1,1,0.9647,[[MontroseBeach201508190100_Water_Temperature]]
2025-10-15 19:15:17.531,136.121,Calumet_WaterTempDrop_85,atomic,[Calumet_WaterTempDrop_85],[0.9670],1,1,0.9670,[[CalumetBeach201508190100_Water_Temperature]]
2025-10-15 19:15:17.531,136.121,63rd_WaterTempDrop_85,atomic,[63rd_WaterTempDrop_85],[1.0000],1,1,1.0000,[[63rdStreetBeach201508190100_Water_Temperature]]
2025-10-15 19:15:17.592,136.182,Calumet_WaterTempDrop_85,atomic,[Calumet_WaterTempDrop_85],[0.9632],1,1,0.9632,[[CalumetBeach201508190200_Water_Temperature]]
2025-10-15 19:15:17.594,136.184,63rd_WaterTempDrop_85,atomic,[63rd_WaterTempDrop_85],[0.9678],1,1,0.9678,[[63rdStreetBeach201508190200_Water_Temperature]]
2025-10-15 19:15:17.595,136.185,Montrose_WaterTempDrop_85,atomic,[Montrose_WaterTempDrop_85],[1.0000],1,1,1.0000,[[MontroseBeach201508190200_Water_Temperature]]
2025-10-15 19:15:17.670,136.260,Montrose_WaterTempDrop_85,atomic,[Montrose_WaterTempDrop_85],[1.0000],1,1,1.0000,[[MontroseBeach201508190300_Water_Temperature]]
2025-10-15 19:15:17.671,136.261,63rd_WaterTempDrop_85,atomic,[63rd_WaterTempDrop_85],[1.0000],1,1,1.0000,[[63rdStreetBeach201508190300_Water_Temperature]]
2025-10-15 19:15:17.672,136.262,Calumet_WaterTempDrop_85,atomic,[Calumet_WaterTempDrop_85],[1.0000],1,1,1.0000,[[CalumetBeach201508190300_Water_Temperature]]
2025-10-15 19:15:17.719,136.309,63rd_WaterTempDrop_85,atomic,[63rd_WaterTempDrop_85],[1.0000],1,1,1.0000,[[63rdStreetBeach201508190400_Water_Temperature]]
2025-10-15 19:15:17.720,136.310,Calumet_WaterTempDrop_85,atomic,[Calumet_WaterTempDrop_85],[0.9619],1,1,0.9619,[[CalumetBeach201508190400_Water_Temperature]]
2025-10-15 19:15:17.720,136.310,Montrose_WaterTempDrop_85,atomic,[Montrose_WaterTempDrop_85],[1.0000],1,1,1.0000,[[MontroseBeach201508190400_Water_Temperature]]
2025-10-15 19:15:17.794,136.384,63rd_WaterTempDrop_85,atomic,[63rd_WaterTempDrop_85],[1.0000],1,1,1.0000,[[63rdStreetBeach201508190500_Water_Temperature]]
2025-10-15 19:15:17.795,136.385,Montrose_WaterTempDrop_85,atomic,[Montrose_WaterTempDrop_85],[1.0000],1,1,1.0000,[[MontroseBeach201508190500_Water_Temperature]]
2025-10-15 19:15:17.796,136.386,Calumet_WaterTempDrop_85,atomic,[Calumet_WaterTempDrop_85],[1.0000],1,1,1.0000,[[CalumetBeach201508190500_Water_Temperature]]
2025-10-15 19:15:17.843,136.433,63rd_WaterTempDrop_85,atomic,[63rd_WaterTempDrop_85],[0.9683],1,1,0.9683,[[63rdStreetBeach201508190600_Water_Temperature]]
2025-10-15 19:15:17.843,136.433,Montrose_WaterTempDrop_85,atomic,[Montrose_WaterTempDrop_85],[1.0000],1,1,1.0000,[[MontroseBeach201508190600_Water_Temperature]]
2025-10-15 19:15:17.843,136.433,Calumet_WaterTempDrop_85,atomic,[Calumet_WaterTempDrop_85],[0.9608],1,1,0.9608,[[CalumetBeach201508190600_Water_Temperature]]
2025-10-15 19:15:17.918,136.508,63rd_WaterTempDrop_85,atomic,[63rd_WaterTempDrop_85],[1.0000],1,1,1.0000,[[63rdStreetBeach201508190700_Water_Temperature]]
2025-10-15 19:15:17.920,136.510,Montrose_WaterTempDrop_85,atomic,[Montrose_WaterTempDrop_85],[1.0000],1,1,1.0000,[[MontroseBeach201508190700_Water_Temperature]]
2025-10-15 19:15:17.921,136.511,Calumet_WaterTempDrop_85,atomic,[Calumet_WaterTempDrop_85],[1.0000],1,1,1.0000,[[CalumetBeach201508190700_Water_Temperature]]
2025-10-15 19:15:17.965,136.555,63rd_WaterTempDrop_85,atomic,[63rd_WaterTempDrop_85],[0.9660],1,1,0.9660,[[63rdStreetBeach201508190800_Water_Temperature]]
2025-10-15 19:15:17.969,136.559,Montrose_WaterTempDrop_85,atomic,[Montrose_WaterTempDrop_85],[1.0000],1,1,1.0000,[[MontroseBeach201508190800_Water_Temperature]]
2025-10-15 19:15:17.970,136.560,Calumet_WaterTempDrop_85,atomic,[Calumet_WaterTempDrop_85],[1.0000],1,1,1.0000,[[CalumetBeach201508190800_Water_Temperature]]
2025-10-15 19:15:18.028,136.618,Montrose_WaterTempDrop_85,atomic,[Montrose_WaterTempDrop_85],[1.0000],1,1,1.0000,[[MontroseBeach201508190900_Water_Temperature]]
2025-10-15 19:15:18.029,136.619,63rd_WaterTempDrop_85,atomic,[63rd_WaterTempDrop_85],[1.0000],1,1,1.0000,[[63rdStreetBeach201508190900_Water_Temperature]]
2025-10-15 19:15:18.029,136.619,Calumet_WaterTempDrop_85,atomic,[Calumet_WaterTempDrop_85],[1.0000],1,1,1.0000,[[CalumetBeach201508190900_Water_Temperature]]
2025-10-15 19:15:18.092,136.682,Montrose_WaterTempDrop_85,atomic,[Montrose_WaterTempDrop_85],[0.9710],1,1,0.9710,[[MontroseBeach201508191000_Water_Temperature]]
2025-10-15 19:15:18.092,136.682,Calumet_WaterTempDrop_85,atomic,[Calumet_WaterTempDrop_85],[1.0000],1,1,1.0000,[[CalumetBeach201508191000_Water_Temperature]]
2025-10-15 19:15:18.152,136.742,Montrose_WaterTempDrop_85,atomic,[Montrose_WaterTempDrop_85],[0.9673],1,1,0.9673,[[MontroseBeach201508191100_Water_Temperature]]
2025-10-15 19:15:18.154,136.744,Calumet_WaterTempDrop_85,atomic,[Calumet_WaterTempDrop_85],[1.0000],1,1,1.0000,[[CalumetBeach201508191100_Water_Temperature]]
2025-10-15 19:15:18.155,136.745,63rd_WaterTempDrop_85,atomic,[63rd_WaterTempDrop_85],[1.0000],1,1,1.0000,[[63rdStreetBeach201508191100_Water_Temperature]]
2025-10-15 19:15:18.215,136.805,Calumet_WaterTempDrop_85,atomic,[Calumet_WaterTempDrop_85],[0.9677],1,1,0.9677,[[CalumetBeach201508191200_Water_Temperature]]
2025-10-15 19:15:18.216,136.806,Montrose_WaterTempDrop_85,atomic,[Montrose_WaterTempDrop_85],[1.0000],1,1,1.0000,[[MontroseBeach201508191200_Water_Temperature]]
2025-10-15 19:15:18.278,136.868,63rd_WaterTempDrop_85,atomic,[63rd_WaterTempDrop_85],[1.0000],1,1,1.0000,[[63rdStreetBeach201508191300_Water_Temperature]]
2025-10-15 19:15:18.284,136.874,Montrose_WaterTempDrop_85,atomic,[Montrose_WaterTempDrop_85],[1.0000],1,1,1.0000,[[MontroseBeach201508191300_Water_Temperature]]
2025-10-15 19:15:18.285,136.875,Calumet_WaterTempDrop_85,atomic,[Calumet_WaterTempDrop_85],[1.0000],1,1,1.0000,[[CalumetBeach201508191300_Water_Temperature]]
2025-10-15 19:15:18.340,136.930,Calumet_WaterTempDrop_85,atomic,[Calumet_WaterTempDrop_85],[1.0000],1,1,1.0000,[[CalumetBeach201508191400_Water_Temperature]]
2025-10-15 19:15:18.343,136.933,63rd_WaterTempDrop_85,atomic,[63rd_WaterTempDrop_85],[1.0000],1,1,1.0000,[[63rdStreetBeach201508191400_Water_Temperature]]
2025-10-15 19:15:18.343,136.933,Montrose_WaterTempDrop_85,atomic,[Montrose_WaterTempDrop_85],[1.0000],1,1,1.0000,[[MontroseBeach201508191400_Water_Temperature]]
2025-10-15 19:15:18.401,136.991,Calumet_WaterTempDrop_85,atomic,[Calumet_WaterTempDrop_85],[1.0000],1,1,1.0000,[[CalumetBeach201508191500_Water_Temperature]]
2025-10-15 19:15:18.402,136.992,Montrose_WaterTempDrop_85,atomic,[Montrose_WaterTempDrop_85],[1.0000],1,1,1.0000,[[MontroseBeach201508191500_Water_Temperature]]
2025-10-15 19:15:18.467,137.057,Montrose_WaterTempDrop_85,atomic,[Montrose_WaterTempDrop_85],[1.0000],1,1,1.0000,[[MontroseBeach201508191600_Water_Temperature]]
2025-10-15 19:15:18.468,137.058,Calumet_WaterTempDrop_85,atomic,[Calumet_WaterTempDrop_85],[1.0000],1,1,1.0000,[[CalumetBeach201508191600_Water_Temperature]]
2025-10-15 19:15:18.470,137.060,63rd_WaterTempDrop_85,atomic,[63rd_WaterTempDrop_85],[1.0000],1,1,1.0000,[[63rdStreetBeach201508191600_Water_Temperature]]
2025-10-15 19:15:18.528,137.118,Montrose_WaterTempDrop_85,atomic,[Montrose_WaterTempDrop_85],[0.9696],1,1,0.9696,[[MontroseBeach201508191700_Water_Temperature]]
2025-10-15 19:15:18.530,137.120,63rd_WaterTempDrop_85,atomic,[63rd_WaterTempDrop_85],[0.9689],1,1,0.9689,[[63rdStreetBeach201508191700_Water_Temperature]]
2025-10-15 19:15:18.531,137.121,Calumet_WaterTempDrop_85,atomic,[Calumet_WaterTempDrop_85],[1.0000],1,1,1.0000,[[CalumetBeach201508191700_Water_Temperature]]
2025-10-15 19:15:18.590,137.180,Calumet_WaterTempDrop_85,atomic,[Calumet_WaterTempDrop_85],[0.9697],1,1,0.9697,[[CalumetBeach201508191800_Water_Temperature]]
2025-10-15 19:15:18.593,137.183,63rd_WaterTempDrop_85,atomic,[63rd_WaterTempDrop_85],[1.0000],1,1,1.0000,[[63rdStreetBeach201508191800_Water_Temperature]]
2025-10-15 19:15:18.593,137.183,Montrose_WaterTempDrop_85,atomic,[Montrose_WaterTempDrop_85],[1.0000],1,1,1.0000,[[MontroseBeach201508191800_Water_Temperature]]
2025-10-15 19:15:18.653,137.243,Calumet_WaterTempDrop_85,atomic,[Calumet_WaterTempDrop_85],[1.0000],1,1,1.0000,[[CalumetBeach201508191900_Water_Temperature]]
2025-10-15 19:15:18.654,137.244,63rd_WaterTempDrop_85,atomic,[63rd_WaterTempDrop_85],[1.0000],1,1,1.0000,[[63rdStreetBeach201508191900_Water_Temperature]]
2025-10-15 19:15:18.654,137.244,Montrose_WaterTempDrop_85,atomic,[Montrose_WaterTempDrop_85],[1.0000],1,1,1.0000,[[MontroseBeach201508191900_Water_Temperature]]
2025-10-15 19:15:18.715,137.305,Montrose_WaterTempDrop_85,atomic,[Montrose_WaterTempDrop_85],[1.0000],1,1,1.0000,[[MontroseBeach201508192000_Water_Temperature]]
2025-10-15 19:15:18.715,137.305,Calumet_WaterTempDrop_85,atomic,[Calumet_WaterTempDrop_85],[1.0000],1,1,1.0000,[[CalumetBeach201508192000_Water_Temperature]]
2025-10-15 19:15:18.717,137.307,63rd_WaterTempDrop_85,atomic,[63rd_WaterTempDrop_85],[1.0000],1,1,1.0000,[[63rdStreetBeach201508192000_Water_Temperature]]
2025-10-15 19:15:18.776,137.366,Montrose_WaterTempDrop_85,atomic,[Montrose_WaterTempDrop_85],[0.9691],1,1,0.9691,[[MontroseBeach201508192100_Water_Temperature]]
2025-10-15 19:15:18.779,137.369,63rd_WaterTempDrop_85,atomic,[63rd_WaterTempDrop_85],[1.0000],1,1,1.0000,[[63rdStreetBeach201508192100_Water_Temperature]]
2025-10-15 19:15:18.781,137.371,Calumet_WaterTempDrop_85,atomic,[Calumet_WaterTempDrop_85],[1.0000],1,1,1.0000,[[CalumetBeach201508192100_Water_Temperature]]
2025-10-15 19:15:18.839,137.429,Montrose_WaterTempDrop_85,atomic,[Montrose_WaterTempDrop_85],[1.0000],1,1,1.0000,[[MontroseBeach201508192200_Water_Temperature]]
2025-10-15 19:15:18.841,137.431,Calumet_WaterTempDrop_85,atomic,[Calumet_WaterTempDrop_85],[1.0000],1,1,1.0000,[[CalumetBeach201508192200_Water_Temperature]]
2025-10-15 19:15:18.841,137.431,63rd_WaterTempDrop_85,atomic,[63rd_WaterTempDrop_85],[1.0000],1,1,1.0000,[[63rdStreetBeach201508192200_Water_Temperature]]
2025-10-15 19:15:18.901,137.491,Calumet_WaterTempDrop_85,atomic,[Calumet_WaterTempDrop_85],[0.9697],1,1,0.9697,[[CalumetBeach201508192300_Water_Temperature]]
2025-10-15 19:15:18.903,137.493,63rd_WaterTempDrop_85,atomic,[63rd_WaterTempDrop_85],[1.0000],1,1,1.0000,[[63rdStreetBeach201508192300_Water_Temperature]]
2025-10-15 19:15:18.904,137.494,Montrose_WaterTempDrop_85,atomic,[Montrose_WaterTempDrop_85],[1.0000],1,1,1.0000,[[MontroseBeach201508192300_Water_Temperature]]
2025-10-15 19:15:18.965,137.555,Montrose_WaterTempDrop_85,atomic,[Montrose_WaterTempDrop_85],[1.0000],1,1,1.0000,[[MontroseBeach201508202400_Water_Temperature]]
2025-10-15 19:15:18.965,137.555,63rd_WaterTempDrop_85,atomic,[63rd_WaterTempDrop_85],[0.9705],1,1,0.9705,[[63rdStreetBeach201508202400_Water_Temperature]]
2025-10-15 19:15:18.965,137.555,Calumet_WaterTempDrop_85,atomic,[Calumet_WaterTempDrop_85],[1.0000],1,1,1.0000,[[CalumetBeach201508202400_Water_Temperature]]
2025-10-15 19:15:19.025,137.615,Montrose_WaterTempDrop_85,atomic,[Montrose_WaterTempDrop_85],[1.0000],1,1,1.0000,[[MontroseBeach201508200100_Water_Temperature]]
2025-10-15 19:15:19.026,137.616,63rd_WaterTempDrop_85,atomic,[63rd_WaterTempDrop_85],[1.0000],1,1,1.0000,[[63rdStreetBeach201508200100_Water_Temperature]]
2025-10-15 19:15:19.087,137.677,Montrose_WaterTempDrop_85,atomic,[Montrose_WaterTempDrop_85],[0.9696],1,1,0.9696,[[MontroseBeach201508200200_Water_Temperature]]
2025-10-15 19:15:19.088,137.678,63rd_WaterTempDrop_85,atomic,[63rd_WaterTempDrop_85],[0.9678],1,1,0.9678,[[63rdStreetBeach201508200200_Water_Temperature]]
2025-10-15 19:15:19.091,137.681,Calumet_WaterTempDrop_85,atomic,[Calumet_WaterTempDrop_85],[1.0000],1,1,1.0000,[[CalumetBeach201508200200_Water_Temperature]]
2025-10-15 19:15:19.149,137.739,Calumet_WaterTempDrop_85,atomic,[Calumet_WaterTempDrop_85],[1.0000],1,1,1.0000,[[CalumetBeach201508200300_Water_Temperature]]
2025-10-15 19:15:19.151,137.741,Montrose_WaterTempDrop_85,atomic,[Montrose_WaterTempDrop_85],[1.0000],1,1,1.0000,[[MontroseBeach201508200300_Water_Temperature]]
2025-10-15 19:15:19.151,137.741,63rd_WaterTempDrop_85,atomic,[63rd_WaterTempDrop_85],[1.0000],1,1,1.0000,[[63rdStreetBeach201508200300_Water_Temperature]]
2025-10-15 19:15:19.214,137.804,63rd_WaterTempDrop_85,atomic,[63rd_WaterTempDrop_85],[0.9653],1,1,0.9653,[[63rdStreetBeach201508200400_Water_Temperature]]
2025-10-15 19:15:19.214,137.804,Calumet_WaterTempDrop_85,atomic,[Calumet_WaterTempDrop_85],[1.0000],1,1,1.0000,[[CalumetBeach201508200400_Water_Temperature]]
2025-10-15 19:15:19.215,137.805,Montrose_WaterTempDrop_85,atomic,[Montrose_WaterTempDrop_85],[0.9671],1,1,0.9671,[[MontroseBeach201508200400_Water_Temperature]]
2025-10-15 19:15:19.276,137.866,Montrose_WaterTempDrop_85,atomic,[Montrose_WaterTempDrop_85],[1.0000],1,1,1.0000,[[MontroseBeach201508200500_Water_Temperature]]
2025-10-15 19:15:19.277,137.867,Calumet_WaterTempDrop_85,atomic,[Calumet_WaterTempDrop_85],[1.0000],1,1,1.0000,[[CalumetBeach201508200500_Water_Temperature]]
2025-10-15 19:15:19.279,137.869,63rd_WaterTempDrop_85,atomic,[63rd_WaterTempDrop_85],[1.0000],1,1,1.0000,[[63rdStreetBeach201508200500_Water_Temperature]]
2025-10-15 19:15:19.340,137.930,Montrose_WaterTempDrop_85,atomic,[Montrose_WaterTempDrop_85],[1.0000],1,1,1.0000,[[MontroseBeach201508200600_Water_Temperature]]
2025-10-15 19:15:19.343,137.933,63rd_WaterTempDrop_85,atomic,[63rd_WaterTempDrop_85],[1.0000],1,1,1.0000,[[63rdStreetBeach201508200600_Water_Temperature]]
2025-10-15 19:15:19.343,137.933,Calumet_WaterTempDrop_85,atomic,[Calumet_WaterTempDrop_85],[1.0000],1,1,1.0000,[[CalumetBeach201508200600_Water_Temperature]]
2025-10-15 19:15:19.401,137.991,63rd_WaterTempDrop_85,atomic,[63rd_WaterTempDrop_85],[1.0000],1,1,1.0000,[[63rdStreetBeach201508200700_Water_Temperature]]
2025-10-15 19:15:19.402,137.992,Montrose_WaterTempDrop_85,atomic,[Montrose_WaterTempDrop_85],[1.0000],1,1,1.0000,[[MontroseBeach201508200700_Water_Temperature]]
2025-10-15 19:15:19.404,137.994,Calumet_WaterTempDrop_85,atomic,[Calumet_WaterTempDrop_85],[1.0000],1,1,1.0000,[[CalumetBeach201508200700_Water_Temperature]]
2025-10-15 19:15:19.462,138.052,Calumet_WaterTempDrop_85,atomic,[Calumet_WaterTempDrop_85],[1.0000],1,1,1.0000,[[CalumetBeach201508200800_Water_Temperature]]
2025-10-15 19:15:19.462,138.052,63rd_WaterTempDrop_85,atomic,[63rd_WaterTempDrop_85],[1.0000],1,1,1.0000,[[63rdStreetBeach201508200800_Water_Temperature]]
2025-10-15 19:15:19.525,138.115,Calumet_WaterTempDrop_85,atomic,[Calumet_WaterTempDrop_85],[1.0000],1,1,1.0000,[[CalumetBeach201508200900_Water_Temperature]]
2025-10-15 19:15:19.526,138.116,63rd_WaterTempDrop_85,atomic,[63rd_WaterTempDrop_85],[1.0000],1,1,1.0000,[[63rdStreetBeach201508200900_Water_Temperature]]
2025-10-15 19:15:19.528,138.118,Montrose_WaterTempDrop_85,atomic,[Montrose_WaterTempDrop_85],[1.0000],1,1,1.0000,[[MontroseBeach201508200900_Water_Temperature]]
2025-10-15 19:15:19.588,138.178,63rd_WaterTempDrop_85,atomic,[63rd_WaterTempDrop_85],[1.0000],1,1,1.0000,[[63rdStreetBeach201508201000_Water_Temperature]]
2025-10-15 19:15:19.588,138.178,Montrose_WaterTempDrop_85,atomic,[Montrose_WaterTempDrop_85],[1.0000],1,1,1.0000,[[MontroseBeach201508201000_Water_Temperature]]
2025-10-15 19:15:19.589,138.179,Calumet_WaterTempDrop_85,atomic,[Calumet_WaterTempDrop_85],[1.0000],1,1,1.0000,[[CalumetBeach201508201000_Water_Temperature]]
2025-10-15 19:15:19.649,138.239,Calumet_WaterTempDrop_85,atomic,[Calumet_WaterTempDrop_85],[0.9720],1,1,0.9720,[[CalumetBeach201508201100_Water_Temperature]]
2025-10-15 19:15:19.650,138.240,Montrose_WaterTempDrop_85,atomic,[Montrose_WaterTempDrop_85],[1.0000],1,1,1.0000,[[MontroseBeach201508201100_Water_Temperature]]
2025-10-15 19:15:19.712,138.302,Calumet_WaterTempDrop_85,atomic,[Calumet_WaterTempDrop_85],[0.9684],1,1,0.9684,[[CalumetBeach201508201200_Water_Temperature]]
2025-10-15 19:15:19.713,138.303,Montrose_WaterTempDrop_85,atomic,[Montrose_WaterTempDrop_85],[1.0000],1,1,1.0000,[[MontroseBeach201508201200_Water_Temperature]]
2025-10-15 19:15:19.776,138.366,63rd_WaterTempDrop_85,atomic,[63rd_WaterTempDrop_85],[1.0000],1,1,1.0000,[[63rdStreetBeach201508201300_Water_Temperature]]
2025-10-15 19:15:19.776,138.366,Calumet_WaterTempDrop_85,atomic,[Calumet_WaterTempDrop_85],[1.0000],1,1,1.0000,[[CalumetBeach201508201300_Water_Temperature]]
2025-10-15 19:15:19.777,138.367,Montrose_WaterTempDrop_85,atomic,[Montrose_WaterTempDrop_85],[1.0000],1,1,1.0000,[[MontroseBeach201508201300_Water_Temperature]]
2025-10-15 19:15:19.836,138.426,Montrose_WaterTempDrop_85,atomic,[Montrose_WaterTempDrop_85],[0.9713],1,1,0.9713,[[MontroseBeach201508201400_Water_Temperature]]
2025-10-15 19:15:19.836,138.426,Calumet_WaterTempDrop_85,atomic,[Calumet_WaterTempDrop_85],[1.0000],1,1,1.0000,[[CalumetBeach201508201400_Water_Temperature]]
2025-10-15 19:15:19.897,138.487,Montrose_WaterTempDrop_85,atomic,[Montrose_WaterTempDrop_85],[0.9676],1,1,0.9676,[[MontroseBeach201508201500_Water_Temperature]]
2025-10-15 19:15:19.898,138.488,Calumet_WaterTempDrop_85,atomic,[Calumet_WaterTempDrop_85],[1.0000],1,1,1.0000,[[CalumetBeach201508201500_Water_Temperature]]
2025-10-15 19:15:19.960,138.550,63rd_WaterTempDrop_85,atomic,[63rd_WaterTempDrop_85],[1.0000],1,1,1.0000,[[63rdStreetBeach201508201600_Water_Temperature]]
2025-10-15 19:15:19.961,138.551,Montrose_WaterTempDrop_85,atomic,[Montrose_WaterTempDrop_85],[1.0000],1,1,1.0000,[[MontroseBeach201508201600_Water_Temperature]]
2025-10-15 19:15:20.025,138.615,63rd_WaterTempDrop_85,atomic,[63rd_WaterTempDrop_85],[1.0000],1,1,1.0000,[[63rdStreetBeach201508201700_Water_Temperature]]
2025-10-15 19:15:20.025,138.615,Calumet_WaterTempDrop_85,atomic,[Calumet_WaterTempDrop_85],[0.9681],1,1,0.9681,[[CalumetBeach201508201700_Water_Temperature]]
2025-10-15 19:15:20.026,138.616,Montrose_WaterTempDrop_85,atomic,[Montrose_WaterTempDrop_85],[1.0000],1,1,1.0000,[[MontroseBeach201508201700_Water_Temperature]]
2025-10-15 19:15:20.088,138.678,63rd_WaterTempDrop_85,atomic,[63rd_WaterTempDrop_85],[1.0000],1,1,1.0000,[[63rdStreetBeach201508201800_Water_Temperature]]
2025-10-15 19:15:20.089,138.679,Calumet_WaterTempDrop_85,atomic,[Calumet_WaterTempDrop_85],[0.9641],1,1,0.9641,[[CalumetBeach201508201800_Water_Temperature]]
2025-10-15 19:15:20.089,138.679,Montrose_WaterTempDrop_85,atomic,[Montrose_WaterTempDrop_85],[1.0000],1,1,1.0000,[[MontroseBeach201508201800_Water_Temperature]]
2025-10-15 19:15:20.148,138.738,63rd_WaterTempDrop_85,atomic,[63rd_WaterTempDrop_85],[0.9716],1,1,0.9716,[[63rdStreetBeach201508201900_Water_Temperature]]
2025-10-15 19:15:20.149,138.739,Calumet_WaterTempDrop_85,atomic,[Calumet_WaterTempDrop_85],[1.0000],1,1,1.0000,[[CalumetBeach201508201900_Water_Temperature]]
2025-10-15 19:15:20.151,138.741,Montrose_WaterTempDrop_85,atomic,[Montrose_WaterTempDrop_85],[1.0000],1,1,1.0000,[[MontroseBeach201508201900_Water_Temperature]]
2025-10-15 19:15:20.211,138.801,Montrose_WaterTempDrop_85,atomic,[Montrose_WaterTempDrop_85],[1.0000],1,1,1.0000,[[MontroseBeach201508202000_Water_Temperature]]
2025-10-15 19:15:20.214,138.804,63rd_WaterTempDrop_85,atomic,[63rd_WaterTempDrop_85],[1.0000],1,1,1.0000,[[63rdStreetBeach201508202000_Water_Temperature]]
2025-10-15 19:15:20.214,138.804,Calumet_WaterTempDrop_85,atomic,[Calumet_WaterTempDrop_85],[1.0000],1,1,1.0000,[[CalumetBeach201508202000_Water_Temperature]]
2025-10-15 19:15:20.275,138.865,Montrose_WaterTempDrop_85,atomic,[Montrose_WaterTempDrop_85],[1.0000],1,1,1.0000,[[MontroseBeach201508202100_Water_Temperature]]
2025-10-15 19:15:20.276,138.866,63rd_WaterTempDrop_85,atomic,[63rd_WaterTempDrop_85],[1.0000],1,1,1.0000,[[63rdStreetBeach201508202100_Water_Temperature]]
2025-10-15 19:15:20.276,138.866,Calumet_WaterTempDrop_85,atomic,[Calumet_WaterTempDrop_85],[1.0000],1,1,1.0000,[[CalumetBeach201508202100_Water_Temperature]]
2025-10-15 19:15:20.337,138.927,Calumet_WaterTempDrop_85,atomic,[Calumet_WaterTempDrop_85],[1.0000],1,1,1.0000,[[CalumetBeach201508202200_Water_Temperature]]
2025-10-15 19:15:20.339,138.929,Montrose_WaterTempDrop_85,atomic,[Montrose_WaterTempDrop_85],[1.0000],1,1,1.0000,[[MontroseBeach201508202200_Water_Temperature]]
2025-10-15 19:15:20.339,138.929,63rd_WaterTempDrop_85,atomic,[63rd_WaterTempDrop_85],[1.0000],1,1,1.0000,[[63rdStreetBeach201508202200_Water_Temperature]]
2025-10-15 19:15:20.399,138.989,Calumet_WaterTempDrop_85,atomic,[Calumet_WaterTempDrop_85],[0.9672],1,1,0.9672,[[CalumetBeach201508202300_Water_Temperature]]
2025-10-15 19:15:20.399,138.989,Montrose_WaterTempDrop_85,atomic,[Montrose_WaterTempDrop_85],[1.0000],1,1,1.0000,[[MontroseBeach201508202300_Water_Temperature]]
2025-10-15 19:15:20.463,139.053,63rd_WaterTempDrop_85,atomic,[63rd_WaterTempDrop_85],[1.0000],1,1,1.0000,[[63rdStreetBeach201508212400_Water_Temperature]]
2025-10-15 19:15:20.463,139.053,Calumet_WaterTempDrop_85,atomic,[Calumet_WaterTempDrop_85],[1.0000],1,1,1.0000,[[CalumetBeach201508212400_Water_Temperature]]
2025-10-15 19:15:20.464,139.054,Montrose_WaterTempDrop_85,atomic,[Montrose_WaterTempDrop_85],[1.0000],1,1,1.0000,[[MontroseBeach201508212400_Water_Temperature]]
2025-10-15 19:15:20.524,139.114,Montrose_WaterTempDrop_85,atomic,[Montrose_WaterTempDrop_85],[1.0000],1,1,1.0000,[[MontroseBeach201508210100_Water_Temperature]]
2025-10-15 19:15:20.525,139.115,Calumet_WaterTempDrop_85,atomic,[Calumet_WaterTempDrop_85],[1.0000],1,1,1.0000,[[CalumetBeach201508210100_Water_Temperature]]
2025-10-15 19:15:20.589,139.179,63rd_WaterTempDrop_85,atomic,[63rd_WaterTempDrop_85],[1.0000],1,1,1.0000,[[63rdStreetBeach201508210200_Water_Temperature]]
2025-10-15 19:15:20.590,139.180,Montrose_WaterTempDrop_85,atomic,[Montrose_WaterTempDrop_85],[1.0000],1,1,1.0000,[[MontroseBeach201508210200_Water_Temperature]]
2025-10-15 19:15:20.591,139.181,Calumet_WaterTempDrop_85,atomic,[Calumet_WaterTempDrop_85],[1.0000],1,1,1.0000,[[CalumetBeach201508210200_Water_Temperature]]
2025-10-15 19:15:20.650,139.240,Calumet_WaterTempDrop_85,atomic,[Calumet_WaterTempDrop_85],[1.0000],1,1,1.0000,[[CalumetBeach201508210300_Water_Temperature]]
2025-10-15 19:15:20.652,139.242,63rd_WaterTempDrop_85,atomic,[63rd_WaterTempDrop_85],[1.0000],1,1,1.0000,[[63rdStreetBeach201508210300_Water_Temperature]]
2025-10-15 19:15:20.653,139.243,Montrose_WaterTempDrop_85,atomic,[Montrose_WaterTempDrop_85],[1.0000],1,1,1.0000,[[MontroseBeach201508210300_Water_Temperature]]
2025-10-15 19:15:20.713,139.303,63rd_WaterTempDrop_85,atomic,[63rd_WaterTempDrop_85],[1.0000],1,1,1.0000,[[63rdStreetBeach201508210400_Water_Temperature]]
2025-10-15 19:15:20.715,139.305,Montrose_WaterTempDrop_85,atomic,[Montrose_WaterTempDrop_85],[1.0000],1,1,1.0000,[[MontroseBeach201508210400_Water_Temperature]]
2025-10-15 19:15:20.716,139.306,Calumet_WaterTempDrop_85,atomic,[Calumet_WaterTempDrop_85],[1.0000],1,1,1.0000,[[CalumetBeach201508210400_Water_Temperature]]
2025-10-15 19:15:20.773,139.363,Calumet_WaterTempDrop_85,atomic,[Calumet_WaterTempDrop_85],[0.9697],1,1,0.9697,[[CalumetBeach201508210500_Water_Temperature]]
2025-10-15 19:15:20.777,139.367,63rd_WaterTempDrop_85,atomic,[63rd_WaterTempDrop_85],[1.0000],1,1,1.0000,[[63rdStreetBeach201508210500_Water_Temperature]]
2025-10-15 19:15:20.778,139.368,Montrose_WaterTempDrop_85,atomic,[Montrose_WaterTempDrop_85],[1.0000],1,1,1.0000,[[MontroseBeach201508210500_Water_Temperature]]
2025-10-15 19:15:20.836,139.426,Montrose_WaterTempDrop_85,atomic,[Montrose_WaterTempDrop_85],[1.0000],1,1,1.0000,[[MontroseBeach201508210600_Water_Temperature]]
2025-10-15 19:15:20.838,139.428,Calumet_WaterTempDrop_85,atomic,[Calumet_WaterTempDrop_85],[1.0000],1,1,1.0000,[[CalumetBeach201508210600_Water_Temperature]]
2025-10-15 19:15:20.839,139.429,63rd_WaterTempDrop_85,atomic,[63rd_WaterTempDrop_85],[1.0000],1,1,1.0000,[[63rdStreetBeach201508210600_Water_Temperature]]
2025-10-15 19:15:20.898,139.488,Montrose_WaterTempDrop_85,atomic,[Montrose_WaterTempDrop_85],[0.9730],1,1,0.9730,[[MontroseBeach201508210700_Water_Temperature]]
2025-10-15 19:15:20.900,139.490,Calumet_WaterTempDrop_85,atomic,[Calumet_WaterTempDrop_85],[1.0000],1,1,1.0000,[[CalumetBeach201508210700_Water_Temperature]]
2025-10-15 19:15:20.901,139.491,63rd_WaterTempDrop_85,atomic,[63rd_WaterTempDrop_85],[1.0000],1,1,1.0000,[[63rdStreetBeach201508210700_Water_Temperature]]
2025-10-15 19:15:20.964,139.554,Montrose_WaterTempDrop_85,atomic,[Montrose_WaterTempDrop_85],[1.0000],1,1,1.0000,[[MontroseBeach201508210800_Water_Temperature]]
2025-10-15 19:15:20.966,139.556,Calumet_WaterTempDrop_85,atomic,[Calumet_WaterTempDrop_85],[1.0000],1,1,1.0000,[[CalumetBeach201508210800_Water_Temperature]]
2025-10-15 19:15:20.966,139.556,63rd_WaterTempDrop_85,atomic,[63rd_WaterTempDrop_85],[1.0000],1,1,1.0000,[[63rdStreetBeach201508210800_Water_Temperature]]
2025-10-15 19:15:21.023,139.613,Montrose_WaterTempDrop_85,atomic,[Montrose_WaterTempDrop_85],[1.0000],1,1,1.0000,[[MontroseBeach201508210900_Water_Temperature]]
2025-10-15 19:15:21.025,139.615,63rd_WaterTempDrop_85,atomic,[63rd_WaterTempDrop_85],[1.0000],1,1,1.0000,[[63rdStreetBeach201508210900_Water_Temperature]]
2025-10-15 19:15:21.027,139.617,Calumet_WaterTempDrop_85,atomic,[Calumet_WaterTempDrop_85],[1.0000],1,1,1.0000,[[CalumetBeach201508210900_Water_Temperature]]
2025-10-15 19:15:21.088,139.678,Montrose_WaterTempDrop_85,atomic,[Montrose_WaterTempDrop_85],[1.0000],1,1,1.0000,[[MontroseBeach201508211000_Water_Temperature]]
2025-10-15 19:15:21.088,139.678,Calumet_WaterTempDrop_85,atomic,[Calumet_WaterTempDrop_85],[1.0000],1,1,1.0000,[[CalumetBeach201508211000_Water_Temperature]]
2025-10-15 19:15:21.148,139.738,63rd_WaterTempDrop_85,atomic,[63rd_WaterTempDrop_85],[1.0000],1,1,1.0000,[[63rdStreetBeach201508211100_Water_Temperature]]
2025-10-15 19:15:21.150,139.740,Montrose_WaterTempDrop_85,atomic,[Montrose_WaterTempDrop_85],[1.0000],1,1,1.0000,[[MontroseBeach201508211100_Water_Temperature]]
2025-10-15 19:15:21.150,139.740,Calumet_WaterTempDrop_85,atomic,[Calumet_WaterTempDrop_85],[1.0000],1,1,1.0000,[[CalumetBeach201508211100_Water_Temperature]]
2025-10-15 19:15:21.210,139.800,Calumet_WaterTempDrop_85,atomic,[Calumet_WaterTempDrop_85],[0.9712],1,1,0.9712,[[CalumetBeach201508211200_Water_Temperature]]
2025-10-15 19:15:21.211,139.801,Montrose_WaterTempDrop_85,atomic,[Montrose_WaterTempDrop_85],[1.0000],1,1,1.0000,[[MontroseBeach201508211200_Water_Temperature]]
2025-10-15 19:15:21.272,139.862,63rd_WaterTempDrop_85,atomic,[63rd_WaterTempDrop_85],[1.0000],1,1,1.0000,[[63rdStreetBeach201508220800_Water_Temperature]]
2025-10-15 19:15:21.273,139.863,Montrose_WaterTempDrop_85,atomic,[Montrose_WaterTempDrop_85],[1.0000],1,1,1.0000,[[MontroseBeach201508220800_Water_Temperature]]
2025-10-15 19:15:21.357,139.947,Calumet_WaterTempDrop_85,atomic,[Calumet_WaterTempDrop_85],[1.0000],1,1,1.0000,[[CalumetBeach201508220900_Water_Temperature]]
2025-10-15 19:15:21.398,139.988,63rd_WaterTempDrop_85,atomic,[63rd_WaterTempDrop_85],[1.0000],1,1,1.0000,[[63rdStreetBeach201508221000_Water_Temperature]]
2025-10-15 19:15:21.399,139.989,Calumet_WaterTempDrop_85,atomic,[Calumet_WaterTempDrop_85],[1.0000],1,1,1.0000,[[CalumetBeach201508221000_Water_Temperature]]
2025-10-15 19:15:21.400,139.990,Montrose_WaterTempDrop_85,atomic,[Montrose_WaterTempDrop_85],[1.0000],1,1,1.0000,[[MontroseBeach201508221000_Water_Temperature]]
2025-10-15 19:15:21.459,140.049,Calumet_WaterTempDrop_85,atomic,[Calumet_WaterTempDrop_85],[1.0000],1,1,1.0000,[[CalumetBeach201508221100_Water_Temperature]]
2025-10-15 19:15:21.460,140.050,Montrose_WaterTempDrop_85,atomic,[Montrose_WaterTempDrop_85],[1.0000],1,1,1.0000,[[MontroseBeach201508221100_Water_Temperature]]
2025-10-15 19:15:21.521,140.111,Calumet_WaterTempDrop_85,atomic,[Calumet_WaterTempDrop_85],[0.9701],1,1,0.9701,[[CalumetBeach201508221200_Water_Temperature]]
2025-10-15 19:15:21.522,140.112,Montrose_WaterTempDrop_85,atomic,[Montrose_WaterTempDrop_85],[1.0000],1,1,1.0000,[[MontroseBeach201508221200_Water_Temperature]]
2025-10-15 19:15:21.524,140.114,63rd_WaterTempDrop_85,atomic,[63rd_WaterTempDrop_85],[1.0000],1,1,1.0000,[[63rdStreetBeach201508221200_Water_Temperature]]
2025-10-15 19:15:21.588,140.178,63rd_WaterTempDrop_85,atomic,[63rd_WaterTempDrop_85],[1.0000],1,1,1.0000,[[63rdStreetBeach201508221300_Water_Temperature]]
2025-10-15 19:15:21.588,140.178,Montrose_WaterTempDrop_85,atomic,[Montrose_WaterTempDrop_85],[1.0000],1,1,1.0000,[[MontroseBeach201508221300_Water_Temperature]]
2025-10-15 19:15:21.589,140.179,Calumet_WaterTempDrop_85,atomic,[Calumet_WaterTempDrop_85],[1.0000],1,1,1.0000,[[CalumetBeach201508221300_Water_Temperature]]
2025-10-15 19:15:21.646,140.236,63rd_WaterTempDrop_85,atomic,[63rd_WaterTempDrop_85],[0.9732],1,1,0.9732,[[63rdStreetBeach201508221400_Water_Temperature]]
2025-10-15 19:15:21.646,140.236,Montrose_WaterTempDrop_85,atomic,[Montrose_WaterTempDrop_85],[0.9727],1,1,0.9727,[[MontroseBeach201508221400_Water_Temperature]]
2025-10-15 19:15:21.651,140.241,Calumet_WaterTempDrop_85,atomic,[Calumet_WaterTempDrop_85],[1.0000],1,1,1.0000,[[CalumetBeach201508221400_Water_Temperature]]
2025-10-15 19:15:21.710,140.300,Calumet_WaterTempDrop_85,atomic,[Calumet_WaterTempDrop_85],[0.9686],1,1,0.9686,[[CalumetBeach201508221600_Water_Temperature]]
2025-10-15 19:15:21.712,140.302,Montrose_WaterTempDrop_85,atomic,[Montrose_WaterTempDrop_85],[1.0000],1,1,1.0000,[[MontroseBeach201508221600_Water_Temperature]]
2025-10-15 19:15:21.714,140.304,63rd_WaterTempDrop_85,atomic,[63rd_WaterTempDrop_85],[1.0000],1,1,1.0000,[[63rdStreetBeach201508221600_Water_Temperature]]
2025-10-15 19:15:21.773,140.363,Montrose_WaterTempDrop_85,atomic,[Montrose_WaterTempDrop_85],[0.9698],1,1,0.9698,[[MontroseBeach201508221700_Water_Temperature]]
2025-10-15 19:15:21.775,140.365,63rd_WaterTempDrop_85,atomic,[63rd_WaterTempDrop_85],[1.0000],1,1,1.0000,[[63rdStreetBeach201508221700_Water_Temperature]]
2025-10-15 19:15:21.776,140.366,Calumet_WaterTempDrop_85,atomic,[Calumet_WaterTempDrop_85],[1.0000],1,1,1.0000,[[CalumetBeach201508221700_Water_Temperature]]
2025-10-15 19:15:21.838,140.428,Calumet_WaterTempDrop_85,atomic,[Calumet_WaterTempDrop_85],[0.9662],1,1,0.9662,[[CalumetBeach201508221800_Water_Temperature]]
2025-10-15 19:15:21.838,140.428,Montrose_WaterTempDrop_85,atomic,[Montrose_WaterTempDrop_85],[1.0000],1,1,1.0000,[[MontroseBeach201508221800_Water_Temperature]]
2025-10-15 19:15:21.840,140.430,63rd_WaterTempDrop_85,atomic,[63rd_WaterTempDrop_85],[1.0000],1,1,1.0000,[[63rdStreetBeach201508221800_Water_Temperature]]
2025-10-15 19:15:21.900,140.490,Calumet_WaterTempDrop_85,atomic,[Calumet_WaterTempDrop_85],[1.0000],1,1,1.0000,[[CalumetBeach201508221900_Water_Temperature]]
2025-10-15 19:15:21.901,140.491,63rd_WaterTempDrop_85,atomic,[63rd_WaterTempDrop_85],[1.0000],1,1,1.0000,[[63rdStreetBeach201508221900_Water_Temperature]]
2025-10-15 19:15:21.902,140.492,Montrose_WaterTempDrop_85,atomic,[Montrose_WaterTempDrop_85],[1.0000],1,1,1.0000,[[MontroseBeach201508221900_Water_Temperature]]
2025-10-15 19:15:21.963,140.553,Calumet_WaterTempDrop_85,atomic,[Calumet_WaterTempDrop_85],[0.9641],1,1,0.9641,[[CalumetBeach201508222000_Water_Temperature]]
2025-10-15 19:15:21.963,140.553,Montrose_WaterTempDrop_85,atomic,[Montrose_WaterTempDrop_85],[1.0000],1,1,1.0000,[[MontroseBeach201508222000_Water_Temperature]]
2025-10-15 19:15:21.964,140.554,63rd_WaterTempDrop_85,atomic,[63rd_WaterTempDrop_85],[1.0000],1,1,1.0000,[[63rdStreetBeach201508222000_Water_Temperature]]
2025-10-15 19:15:22.025,140.615,Montrose_WaterTempDrop_85,atomic,[Montrose_WaterTempDrop_85],[1.0000],1,1,1.0000,[[MontroseBeach201508222100_Water_Temperature]]
2025-10-15 19:15:22.025,140.615,Calumet_WaterTempDrop_85,atomic,[Calumet_WaterTempDrop_85],[1.0000],1,1,1.0000,[[CalumetBeach201508222100_Water_Temperature]]
2025-10-15 19:15:22.087,140.677,Calumet_WaterTempDrop_85,atomic,[Calumet_WaterTempDrop_85],[0.9624],1,1,0.9624,[[CalumetBeach201508222200_Water_Temperature]]
2025-10-15 19:15:22.088,140.678,Montrose_WaterTempDrop_85,atomic,[Montrose_WaterTempDrop_85],[1.0000],1,1,1.0000,[[MontroseBeach201508222200_Water_Temperature]]
2025-10-15 19:15:22.150,140.740,Montrose_WaterTempDrop_85,atomic,[Montrose_WaterTempDrop_85],[1.0000],1,1,1.0000,[[MontroseBeach201508222300_Water_Temperature]]
2025-10-15 19:15:22.152,140.742,Calumet_WaterTempDrop_85,atomic,[Calumet_WaterTempDrop_85],[1.0000],1,1,1.0000,[[CalumetBeach201508222300_Water_Temperature]]
2025-10-15 19:15:22.152,140.742,63rd_WaterTempDrop_85,atomic,[63rd_WaterTempDrop_85],[1.0000],1,1,1.0000,[[63rdStreetBeach201508222300_Water_Temperature]]
2025-10-15 19:15:22.212,140.802,Calumet_WaterTempDrop_85,atomic,[Calumet_WaterTempDrop_85],[1.0000],1,1,1.0000,[[CalumetBeach201508232400_Water_Temperature]]
2025-10-15 19:15:22.215,140.805,63rd_WaterTempDrop_85,atomic,[63rd_WaterTempDrop_85],[1.0000],1,1,1.0000,[[63rdStreetBeach201508232400_Water_Temperature]]
2025-10-15 19:15:22.215,140.805,Montrose_WaterTempDrop_85,atomic,[Montrose_WaterTempDrop_85],[1.0000],1,1,1.0000,[[MontroseBeach201508232400_Water_Temperature]]
2025-10-15 19:15:22.276,140.866,Montrose_WaterTempDrop_85,atomic,[Montrose_WaterTempDrop_85],[0.9713],1,1,0.9713,[[MontroseBeach201508230200_Water_Temperature]]
2025-10-15 19:15:22.276,140.866,63rd_WaterTempDrop_85,atomic,[63rd_WaterTempDrop_85],[1.0000],1,1,1.0000,[[63rdStreetBeach201508230200_Water_Temperature]]
2025-10-15 19:15:22.276,140.866,Calumet_WaterTempDrop_85,atomic,[Calumet_WaterTempDrop_85],[1.0000],1,1,1.0000,[[CalumetBeach201508230200_Water_Temperature]]
2025-10-15 19:15:22.337,140.927,Calumet_WaterTempDrop_85,atomic,[Calumet_WaterTempDrop_85],[0.9653],1,1,0.9653,[[CalumetBeach201508230300_Water_Temperature]]
2025-10-15 19:15:22.338,140.928,Montrose_WaterTempDrop_85,atomic,[Montrose_WaterTempDrop_85],[1.0000],1,1,1.0000,[[MontroseBeach201508230300_Water_Temperature]]
2025-10-15 19:15:22.338,140.928,63rd_WaterTempDrop_85,atomic,[63rd_WaterTempDrop_85],[1.0000],1,1,1.0000,[[63rdStreetBeach201508230300_Water_Temperature]]
2025-10-15 19:15:22.401,140.991,Calumet_WaterTempDrop_85,atomic,[Calumet_WaterTempDrop_85],[1.0000],1,1,1.0000,[[CalumetBeach201508230400_Water_Temperature]]
2025-10-15 19:15:22.404,140.994,Montrose_WaterTempDrop_85,atomic,[Montrose_WaterTempDrop_85],[1.0000],1,1,1.0000,[[MontroseBeach201508230400_Water_Temperature]]
2025-10-15 19:15:22.405,140.995,63rd_WaterTempDrop_85,atomic,[63rd_WaterTempDrop_85],[1.0000],1,1,1.0000,[[63rdStreetBeach201508230400_Water_Temperature]]
2025-10-15 19:15:22.466,141.056,63rd_WaterTempDrop_85,atomic,[63rd_WaterTempDrop_85],[1.0000],1,1,1.0000,[[63rdStreetBeach201508230500_Water_Temperature]]
2025-10-15 19:15:22.467,141.057,Montrose_WaterTempDrop_85,atomic,[Montrose_WaterTempDrop_85],[1.0000],1,1,1.0000,[[MontroseBeach201508230500_Water_Temperature]]
2025-10-15 19:15:22.467,141.057,Calumet_WaterTempDrop_85,atomic,[Calumet_WaterTempDrop_85],[1.0000],1,1,1.0000,[[CalumetBeach201508230500_Water_Temperature]]
2025-10-15 19:15:22.528,141.118,63rd_WaterTempDrop_85,atomic,[63rd_WaterTempDrop_85],[0.9728],1,1,0.9728,[[63rdStreetBeach201508230600_Water_Temperature]]
2025-10-15 19:15:22.528,141.118,Calumet_WaterTempDrop_85,atomic,[Calumet_WaterTempDrop_85],[1.0000],1,1,1.0000,[[CalumetBeach201508230600_Water_Temperature]]
2025-10-15 19:15:22.529,141.119,Montrose_WaterTempDrop_85,atomic,[Montrose_WaterTempDrop_85],[1.0000],1,1,1.0000,[[MontroseBeach201508230600_Water_Temperature]]
2025-10-15 19:15:22.592,141.182,Montrose_WaterTempDrop_85,atomic,[Montrose_WaterTempDrop_85],[1.0000],1,1,1.0000,[[MontroseBeach201508230700_Water_Temperature]]
2025-10-15 19:15:22.592,141.182,Calumet_WaterTempDrop_85,atomic,[Calumet_WaterTempDrop_85],[1.0000],1,1,1.0000,[[CalumetBeach201508230700_Water_Temperature]]
2025-10-15 19:15:22.653,141.243,Montrose_WaterTempDrop_85,atomic,[Montrose_WaterTempDrop_85],[0.9712],1,1,0.9712,[[MontroseBeach201508230800_Water_Temperature]]
2025-10-15 19:15:22.655,141.245,Calumet_WaterTempDrop_85,atomic,[Calumet_WaterTempDrop_85],[1.0000],1,1,1.0000,[[CalumetBeach201508230800_Water_Temperature]]
2025-10-15 19:15:22.656,141.246,63rd_WaterTempDrop_85,atomic,[63rd_WaterTempDrop_85],[1.0000],1,1,1.0000,[[63rdStreetBeach201508230800_Water_Temperature]]
2025-10-15 19:15:22.717,141.307,Montrose_WaterTempDrop_85,atomic,[Montrose_WaterTempDrop_85],[0.9675],1,1,0.9675,[[MontroseBeach201508230900_Water_Temperature]]
2025-10-15 19:15:22.718,141.308,Calumet_WaterTempDrop_85,atomic,[Calumet_WaterTempDrop_85],[1.0000],1,1,1.0000,[[CalumetBeach201508230900_Water_Temperature]]
2025-10-15 19:15:22.720,141.310,63rd_WaterTempDrop_85,atomic,[63rd_WaterTempDrop_85],[1.0000],1,1,1.0000,[[63rdStreetBeach201508230900_Water_Temperature]]
2025-10-15 19:15:22.782,141.372,63rd_WaterTempDrop_85,atomic,[63rd_WaterTempDrop_85],[0.9704],1,1,0.9704,[[63rdStreetBeach201508231000_Water_Temperature]]
2025-10-15 19:15:22.786,141.376,Calumet_WaterTempDrop_85,atomic,[Calumet_WaterTempDrop_85],[1.0000],1,1,1.0000,[[CalumetBeach201508231000_Water_Temperature]]
2025-10-15 19:15:22.787,141.377,Montrose_WaterTempDrop_85,atomic,[Montrose_WaterTempDrop_85],[1.0000],1,1,1.0000,[[MontroseBeach201508231000_Water_Temperature]]
2025-10-15 19:15:22.843,141.433,Montrose_WaterTempDrop_85,atomic,[Montrose_WaterTempDrop_85],[1.0000],1,1,1.0000,[[MontroseBeach201508231100_Water_Temperature]]
2025-10-15 19:15:22.844,141.434,Calumet_WaterTempDrop_85,atomic,[Calumet_WaterTempDrop_85],[1.0000],1,1,1.0000,[[CalumetBeach201508231100_Water_Temperature]]
2025-10-15 19:15:22.845,141.435,63rd_WaterTempDrop_85,atomic,[63rd_WaterTempDrop_85],[1.0000],1,1,1.0000,[[63rdStreetBeach201508231100_Water_Temperature]]
2025-10-15 19:15:22.906,141.496,63rd_WaterTempDrop_85,atomic,[63rd_WaterTempDrop_85],[1.0000],1,1,1.0000,[[63rdStreetBeach201508231200_Water_Temperature]]
2025-10-15 19:15:22.906,141.496,Montrose_WaterTempDrop_85,atomic,[Montrose_WaterTempDrop_85],[1.0000],1,1,1.0000,[[MontroseBeach201508231200_Water_Temperature]]
2025-10-15 19:15:22.909,141.499,Calumet_WaterTempDrop_85,atomic,[Calumet_WaterTempDrop_85],[1.0000],1,1,1.0000,[[CalumetBeach201508231200_Water_Temperature]]
2025-10-15 19:15:22.969,141.559,63rd_WaterTempDrop_85,atomic,[63rd_WaterTempDrop_85],[0.9687],1,1,0.9687,[[63rdStreetBeach201508231300_Water_Temperature]]
2025-10-15 19:15:22.970,141.560,Calumet_WaterTempDrop_85,atomic,[Calumet_WaterTempDrop_85],[1.0000],1,1,1.0000,[[CalumetBeach201508231300_Water_Temperature]]
2025-10-15 19:15:22.971,141.561,Montrose_WaterTempDrop_85,atomic,[Montrose_WaterTempDrop_85],[1.0000],1,1,1.0000,[[MontroseBeach201508231300_Water_Temperature]]
2025-10-15 19:15:23.029,141.619,Calumet_WaterTempDrop_85,atomic,[Calumet_WaterTempDrop_85],[1.0000],1,1,1.0000,[[CalumetBeach201508231400_Water_Temperature]]
2025-10-15 19:15:23.032,141.622,Montrose_WaterTempDrop_85,atomic,[Montrose_WaterTempDrop_85],[1.0000],1,1,1.0000,[[MontroseBeach201508231400_Water_Temperature]]
2025-10-15 19:15:23.093,141.683,Montrose_WaterTempDrop_85,atomic,[Montrose_WaterTempDrop_85],[1.0000],1,1,1.0000,[[MontroseBeach201508231500_Water_Temperature]]
2025-10-15 19:15:23.093,141.683,Calumet_WaterTempDrop_85,atomic,[Calumet_WaterTempDrop_85],[1.0000],1,1,1.0000,[[CalumetBeach201508231500_Water_Temperature]]
2025-10-15 19:15:23.094,141.684,63rd_WaterTempDrop_85,atomic,[63rd_WaterTempDrop_85],[1.0000],1,1,1.0000,[[63rdStreetBeach201508231500_Water_Temperature]]
2025-10-15 19:15:23.156,141.746,Calumet_WaterTempDrop_85,atomic,[Calumet_WaterTempDrop_85],[1.0000],1,1,1.0000,[[CalumetBeach201508231600_Water_Temperature]]
2025-10-15 19:15:23.157,141.747,Montrose_WaterTempDrop_85,atomic,[Montrose_WaterTempDrop_85],[1.0000],1,1,1.0000,[[MontroseBeach201508231600_Water_Temperature]]
2025-10-15 19:15:23.157,141.747,63rd_WaterTempDrop_85,atomic,[63rd_WaterTempDrop_85],[1.0000],1,1,1.0000,[[63rdStreetBeach201508231600_Water_Temperature]]
2025-10-15 19:15:23.220,141.810,Montrose_WaterTempDrop_85,atomic,[Montrose_WaterTempDrop_85],[1.0000],1,1,1.0000,[[MontroseBeach201508231700_Water_Temperature]]
2025-10-15 19:15:23.221,141.811,Calumet_WaterTempDrop_85,atomic,[Calumet_WaterTempDrop_85],[1.0000],1,1,1.0000,[[CalumetBeach201508231700_Water_Temperature]]
2025-10-15 19:15:23.221,141.811,63rd_WaterTempDrop_85,atomic,[63rd_WaterTempDrop_85],[1.0000],1,1,1.0000,[[63rdStreetBeach201508231700_Water_Temperature]]
2025-10-15 19:15:23.281,141.871,Montrose_WaterTempDrop_85,atomic,[Montrose_WaterTempDrop_85],[1.0000],1,1,1.0000,[[MontroseBeach201508231800_Water_Temperature]]
2025-10-15 19:15:23.283,141.873,Calumet_WaterTempDrop_85,atomic,[Calumet_WaterTempDrop_85],[1.0000],1,1,1.0000,[[CalumetBeach201508231800_Water_Temperature]]
2025-10-15 19:15:23.283,141.873,63rd_WaterTempDrop_85,atomic,[63rd_WaterTempDrop_85],[1.0000],1,1,1.0000,[[63rdStreetBeach201508231800_Water_Temperature]]
2025-10-15 19:15:23.344,141.934,63rd_WaterTempDrop_85,atomic,[63rd_WaterTempDrop_85],[1.0000],1,1,1.0000,[[63rdStreetBeach201508231900_Water_Temperature]]
2025-10-15 19:15:23.344,141.934,Calumet_WaterTempDrop_85,atomic,[Calumet_WaterTempDrop_85],[1.0000],1,1,1.0000,[[CalumetBeach201508231900_Water_Temperature]]
2025-10-15 19:15:23.345,141.935,Montrose_WaterTempDrop_85,atomic,[Montrose_WaterTempDrop_85],[1.0000],1,1,1.0000,[[MontroseBeach201508231900_Water_Temperature]]
2025-10-15 19:15:23.405,141.995,Calumet_WaterTempDrop_85,atomic,[Calumet_WaterTempDrop_85],[0.9731],1,1,0.9731,[[CalumetBeach201508232000_Water_Temperature]]
2025-10-15 19:15:23.406,141.996,Montrose_WaterTempDrop_85,atomic,[Montrose_WaterTempDrop_85],[1.0000],1,1,1.0000,[[MontroseBeach201508232000_Water_Temperature]]
2025-10-15 19:15:23.407,141.997,63rd_WaterTempDrop_85,atomic,[63rd_WaterTempDrop_85],[1.0000],1,1,1.0000,[[63rdStreetBeach201508232000_Water_Temperature]]
2025-10-15 19:15:23.469,142.059,63rd_WaterTempDrop_85,atomic,[63rd_WaterTempDrop_85],[0.9707],1,1,0.9707,[[63rdStreetBeach201508232100_Water_Temperature]]
2025-10-15 19:15:23.470,142.060,Calumet_WaterTempDrop_85,atomic,[Calumet_WaterTempDrop_85],[1.0000],1,1,1.0000,[[CalumetBeach201508232100_Water_Temperature]]
2025-10-15 19:15:23.470,142.060,Montrose_WaterTempDrop_85,atomic,[Montrose_WaterTempDrop_85],[1.0000],1,1,1.0000,[[MontroseBeach201508232100_Water_Temperature]]
2025-10-15 19:15:23.531,142.121,Montrose_WaterTempDrop_85,atomic,[Montrose_WaterTempDrop_85],[0.9726],1,1,0.9726,[[MontroseBeach201508232200_Water_Temperature]]
2025-10-15 19:15:23.532,142.122,Calumet_WaterTempDrop_85,atomic,[Calumet_WaterTempDrop_85],[1.0000],1,1,1.0000,[[CalumetBeach201508232200_Water_Temperature]]
2025-10-15 19:15:23.595,142.185,Calumet_WaterTempDrop_85,atomic,[Calumet_WaterTempDrop_85],[1.0000],1,1,1.0000,[[CalumetBeach201508232300_Water_Temperature]]
2025-10-15 19:15:23.596,142.186,Montrose_WaterTempDrop_85,atomic,[Montrose_WaterTempDrop_85],[1.0000],1,1,1.0000,[[MontroseBeach201508232300_Water_Temperature]]
2025-10-15 19:15:23.657,142.247,Montrose_WaterTempDrop_85,atomic,[Montrose_WaterTempDrop_85],[1.0000],1,1,1.0000,[[MontroseBeach201508242400_Water_Temperature]]
2025-10-15 19:15:23.658,142.248,Calumet_WaterTempDrop_85,atomic,[Calumet_WaterTempDrop_85],[1.0000],1,1,1.0000,[[CalumetBeach201508242400_Water_Temperature]]
2025-10-15 19:15:23.659,142.249,63rd_WaterTempDrop_85,atomic,[63rd_WaterTempDrop_85],[1.0000],1,1,1.0000,[[63rdStreetBeach201508242400_Water_Temperature]]
2025-10-15 19:15:23.720,142.310,Calumet_WaterTempDrop_85,atomic,[Calumet_WaterTempDrop_85],[0.9714],1,1,0.9714,[[CalumetBeach201508240100_Water_Temperature]]
2025-10-15 19:15:23.722,142.312,63rd_WaterTempDrop_85,atomic,[63rd_WaterTempDrop_85],[1.0000],1,1,1.0000,[[63rdStreetBeach201508240100_Water_Temperature]]
2025-10-15 19:15:23.723,142.313,Montrose_WaterTempDrop_85,atomic,[Montrose_WaterTempDrop_85],[1.0000],1,1,1.0000,[[MontroseBeach201508240100_Water_Temperature]]
2025-10-15 19:15:23.781,142.371,Montrose_WaterTempDrop_85,atomic,[Montrose_WaterTempDrop_85],[0.9709],1,1,0.9709,[[MontroseBeach201508240200_Water_Temperature]]
2025-10-15 19:15:23.782,142.372,63rd_WaterTempDrop_85,atomic,[63rd_WaterTempDrop_85],[1.0000],1,1,1.0000,[[63rdStreetBeach201508240200_Water_Temperature]]
2025-10-15 19:15:23.783,142.373,Calumet_WaterTempDrop_85,atomic,[Calumet_WaterTempDrop_85],[1.0000],1,1,1.0000,[[CalumetBeach201508240200_Water_Temperature]]
2025-10-15 19:15:23.848,142.438,Calumet_WaterTempDrop_85,atomic,[Calumet_WaterTempDrop_85],[1.0000],1,1,1.0000,[[CalumetBeach201508240300_Water_Temperature]]
2025-10-15 19:15:23.849,142.439,63rd_WaterTempDrop_85,atomic,[63rd_WaterTempDrop_85],[1.0000],1,1,1.0000,[[63rdStreetBeach201508240300_Water_Temperature]]
2025-10-15 19:15:23.849,142.439,Montrose_WaterTempDrop_85,atomic,[Montrose_WaterTempDrop_85],[1.0000],1,1,1.0000,[[MontroseBeach201508240300_Water_Temperature]]
2025-10-15 19:15:23.924,142.514,Calumet_WaterTempDrop_85,atomic,[Calumet_WaterTempDrop_85],[1.0000],1,1,1.0000,[[CalumetBeach201508240400_Water_Temperature]]
2025-10-15 19:15:23.925,142.515,Montrose_WaterTempDrop_85,atomic,[Montrose_WaterTempDrop_85],[1.0000],1,1,1.0000,[[MontroseBeach201508240400_Water_Temperature]]
2025-10-15 19:15:23.926,142.516,63rd_WaterTempDrop_85,atomic,[63rd_WaterTempDrop_85],[1.0000],1,1,1.0000,[[63rdStreetBeach201508240400_Water_Temperature]]
2025-10-15 19:15:23.969,142.559,Montrose_WaterTempDrop_85,atomic,[Montrose_WaterTempDrop_85],[1.0000],1,1,1.0000,[[MontroseBeach201508240500_Water_Temperature]]
2025-10-15 19:15:23.970,142.560,63rd_WaterTempDrop_85,atomic,[63rd_WaterTempDrop_85],[1.0000],1,1,1.0000,[[63rdStreetBeach201508240500_Water_Temperature]]
2025-10-15 19:15:23.970,142.560,Calumet_WaterTempDrop_85,atomic,[Calumet_WaterTempDrop_85],[1.0000],1,1,1.0000,[[CalumetBeach201508240500_Water_Temperature]]
2025-10-15 19:15:24.030,142.620,Calumet_WaterTempDrop_85,atomic,[Calumet_WaterTempDrop_85],[0.9705],1,1,0.9705,[[CalumetBeach201508240600_Water_Temperature]]
2025-10-15 19:15:24.031,142.621,63rd_WaterTempDrop_85,atomic,[63rd_WaterTempDrop_85],[1.0000],1,1,1.0000,[[63rdStreetBeach201508240600_Water_Temperature]]
2025-10-15 19:15:24.033,142.623,Montrose_WaterTempDrop_85,atomic,[Montrose_WaterTempDrop_85],[1.0000],1,1,1.0000,[[MontroseBeach201508240600_Water_Temperature]]
2025-10-15 19:15:24.095,142.685,63rd_WaterTempDrop_85,atomic,[63rd_WaterTempDrop_85],[1.0000],1,1,1.0000,[[63rdStreetBeach201508240700_Water_Temperature]]
2025-10-15 19:15:24.097,142.687,Calumet_WaterTempDrop_85,atomic,[Calumet_WaterTempDrop_85],[1.0000],1,1,1.0000,[[CalumetBeach201508240700_Water_Temperature]]
2025-10-15 19:15:24.097,142.687,Montrose_WaterTempDrop_85,atomic,[Montrose_WaterTempDrop_85],[1.0000],1,1,1.0000,[[MontroseBeach201508240700_Water_Temperature]]
2025-10-15 19:15:24.156,142.746,Montrose_WaterTempDrop_85,atomic,[Montrose_WaterTempDrop_85],[1.0000],1,1,1.0000,[[MontroseBeach201508240800_Water_Temperature]]
2025-10-15 19:15:24.157,142.747,63rd_WaterTempDrop_85,atomic,[63rd_WaterTempDrop_85],[1.0000],1,1,1.0000,[[63rdStreetBeach201508240800_Water_Temperature]]
2025-10-15 19:15:24.157,142.747,Calumet_WaterTempDrop_85,atomic,[Calumet_WaterTempDrop_85],[1.0000],1,1,1.0000,[[CalumetBeach201508240800_Water_Temperature]]
2025-10-15 19:15:24.217,142.807,Montrose_WaterTempDrop_85,atomic,[Montrose_WaterTempDrop_85],[1.0000],1,1,1.0000,[[MontroseBeach201508240900_Water_Temperature]]
2025-10-15 19:15:24.217,142.807,63rd_WaterTempDrop_85,atomic,[63rd_WaterTempDrop_85],[1.0000],1,1,1.0000,[[63rdStreetBeach201508240900_Water_Temperature]]
2025-10-15 19:15:24.218,142.808,Calumet_WaterTempDrop_85,atomic,[Calumet_WaterTempDrop_85],[1.0000],1,1,1.0000,[[CalumetBeach201508240900_Water_Temperature]]
2025-10-15 19:15:24.279,142.869,Calumet_WaterTempDrop_85,atomic,[Calumet_WaterTempDrop_85],[1.0000],1,1,1.0000,[[CalumetBeach201508241000_Water_Temperature]]
2025-10-15 19:15:24.280,142.870,63rd_WaterTempDrop_85,atomic,[63rd_WaterTempDrop_85],[1.0000],1,1,1.0000,[[63rdStreetBeach201508241000_Water_Temperature]]
2025-10-15 19:15:24.282,142.872,Montrose_WaterTempDrop_85,atomic,[Montrose_WaterTempDrop_85],[1.0000],1,1,1.0000,[[MontroseBeach201508241000_Water_Temperature]]
2025-10-15 19:15:24.343,142.933,63rd_WaterTempDrop_85,atomic,[63rd_WaterTempDrop_85],[1.0000],1,1,1.0000,[[63rdStreetBeach201508241100_Water_Temperature]]
2025-10-15 19:15:24.344,142.934,Montrose_WaterTempDrop_85,atomic,[Montrose_WaterTempDrop_85],[1.0000],1,1,1.0000,[[MontroseBeach201508241100_Water_Temperature]]
2025-10-15 19:15:24.345,142.935,Calumet_WaterTempDrop_85,atomic,[Calumet_WaterTempDrop_85],[1.0000],1,1,1.0000,[[CalumetBeach201508241100_Water_Temperature]]
2025-10-15 19:15:24.403,142.993,63rd_WaterTempDrop_85,atomic,[63rd_WaterTempDrop_85],[1.0000],1,1,1.0000,[[63rdStreetBeach201508241200_Water_Temperature]]
2025-10-15 19:15:24.405,142.995,Calumet_WaterTempDrop_85,atomic,[Calumet_WaterTempDrop_85],[1.0000],1,1,1.0000,[[CalumetBeach201508241200_Water_Temperature]]
2025-10-15 19:15:24.406,142.996,Montrose_WaterTempDrop_85,atomic,[Montrose_WaterTempDrop_85],[1.0000],1,1,1.0000,[[MontroseBeach201508241200_Water_Temperature]]
2025-10-15 19:15:24.465,143.055,Calumet_WaterTempDrop_85,atomic,[Calumet_WaterTempDrop_85],[0.9711],1,1,0.9711,[[CalumetBeach201508241300_Water_Temperature]]
2025-10-15 19:15:24.466,143.056,63rd_WaterTempDrop_85,atomic,[63rd_WaterTempDrop_85],[1.0000],1,1,1.0000,[[63rdStreetBeach201508241300_Water_Temperature]]
2025-10-15 19:15:24.467,143.057,Montrose_WaterTempDrop_85,atomic,[Montrose_WaterTempDrop_85],[1.0000],1,1,1.0000,[[MontroseBeach201508241300_Water_Temperature]]
2025-10-15 19:15:24.525,143.115,Calumet_WaterTempDrop_85,atomic,[Calumet_WaterTempDrop_85],[0.9675],1,1,0.9675,[[CalumetBeach201508241400_Water_Temperature]]
2025-10-15 19:15:24.526,143.116,Montrose_WaterTempDrop_85,atomic,[Montrose_WaterTempDrop_85],[1.0000],1,1,1.0000,[[MontroseBeach201508241400_Water_Temperature]]
2025-10-15 19:15:24.589,143.179,Calumet_WaterTempDrop_85,atomic,[Calumet_WaterTempDrop_85],[0.9634],1,1,0.9634,[[CalumetBeach201508241500_Water_Temperature]]
2025-10-15 19:15:24.590,143.180,63rd_WaterTempDrop_85,atomic,[63rd_WaterTempDrop_85],[1.0000],1,1,1.0000,[[63rdStreetBeach201508241500_Water_Temperature]]
2025-10-15 19:15:24.590,143.180,Montrose_WaterTempDrop_85,atomic,[Montrose_WaterTempDrop_85],[1.0000],1,1,1.0000,[[MontroseBeach201508241500_Water_Temperature]]
2025-10-15 19:15:24.651,143.241,Montrose_WaterTempDrop_85,atomic,[Montrose_WaterTempDrop_85],[0.9729],1,1,0.9729,[[MontroseBeach201508241600_Water_Temperature]]
2025-10-15 19:15:24.653,143.243,Calumet_WaterTempDrop_85,atomic,[Calumet_WaterTempDrop_85],[0.9588],1,1,0.9588,[[CalumetBeach201508241600_Water_Temperature]]
2025-10-15 19:15:24.655,143.245,63rd_WaterTempDrop_85,atomic,[63rd_WaterTempDrop_85],[1.0000],1,1,1.0000,[[63rdStreetBeach201508241600_Water_Temperature]]
2025-10-15 19:15:24.715,143.305,63rd_WaterTempDrop_85,atomic,[63rd_WaterTempDrop_85],[1.0000],1,1,1.0000,[[63rdStreetBeach201508241700_Water_Temperature]]
2025-10-15 19:15:24.715,143.305,Montrose_WaterTempDrop_85,atomic,[Montrose_WaterTempDrop_85],[1.0000],1,1,1.0000,[[MontroseBeach201508241700_Water_Temperature]]
2025-10-15 19:15:24.716,143.306,Calumet_WaterTempDrop_85,atomic,[Calumet_WaterTempDrop_85],[1.0000],1,1,1.0000,[[CalumetBeach201508241700_Water_Temperature]]
2025-10-15 19:15:24.778,143.368,63rd_WaterTempDrop_85,atomic,[63rd_WaterTempDrop_85],[0.9733],1,1,0.9733,[[63rdStreetBeach201508241800_Water_Temperature]]
2025-10-15 19:15:24.779,143.369,Montrose_WaterTempDrop_85,atomic,[Montrose_WaterTempDrop_85],[1.0000],1,1,1.0000,[[MontroseBeach201508241800_Water_Temperature]]
2025-10-15 19:15:24.780,143.370,Calumet_WaterTempDrop_85,atomic,[Calumet_WaterTempDrop_85],[1.0000],1,1,1.0000,[[CalumetBeach201508241800_Water_Temperature]]
2025-10-15 19:15:24.839,143.429,63rd_WaterTempDrop_85,atomic,[63rd_WaterTempDrop_85],[1.0000],1,1,1.0000,[[63rdStreetBeach201508241900_Water_Temperature]]
2025-10-15 19:15:24.840,143.430,Calumet_WaterTempDrop_85,atomic,[Calumet_WaterTempDrop_85],[1.0000],1,1,1.0000,[[CalumetBeach201508241900_Water_Temperature]]
2025-10-15 19:15:24.842,143.432,Montrose_WaterTempDrop_85,atomic,[Montrose_WaterTempDrop_85],[1.0000],1,1,1.0000,[[MontroseBeach201508241900_Water_Temperature]]
2025-10-15 19:15:24.902,143.492,Calumet_WaterTempDrop_85,atomic,[Calumet_WaterTempDrop_85],[1.0000],1,1,1.0000,[[CalumetBeach201508242000_Water_Temperature]]
2025-10-15 19:15:24.904,143.494,Montrose_WaterTempDrop_85,atomic,[Montrose_WaterTempDrop_85],[1.0000],1,1,1.0000,[[MontroseBeach201508242000_Water_Temperature]]
2025-10-15 19:15:24.904,143.494,63rd_WaterTempDrop_85,atomic,[63rd_WaterTempDrop_85],[1.0000],1,1,1.0000,[[63rdStreetBeach201508242000_Water_Temperature]]
2025-10-15 19:15:24.963,143.553,63rd_WaterTempDrop_85,atomic,[63rd_WaterTempDrop_85],[1.0000],1,1,1.0000,[[63rdStreetBeach201508242100_Water_Temperature]]
2025-10-15 19:15:24.964,143.554,Calumet_WaterTempDrop_85,atomic,[Calumet_WaterTempDrop_85],[1.0000],1,1,1.0000,[[CalumetBeach201508242100_Water_Temperature]]
2025-10-15 19:15:24.964,143.554,Montrose_WaterTempDrop_85,atomic,[Montrose_WaterTempDrop_85],[1.0000],1,1,1.0000,[[MontroseBeach201508242100_Water_Temperature]]
2025-10-15 19:15:25.026,143.616,63rd_WaterTempDrop_85,atomic,[63rd_WaterTempDrop_85],[1.0000],1,1,1.0000,[[63rdStreetBeach201508242200_Water_Temperature]]
2025-10-15 19:15:25.027,143.617,Calumet_WaterTempDrop_85,atomic,[Calumet_WaterTempDrop_85],[1.0000],1,1,1.0000,[[CalumetBeach201508242200_Water_Temperature]]
2025-10-15 19:15:25.027,143.617,Montrose_WaterTempDrop_85,atomic,[Montrose_WaterTempDrop_85],[1.0000],1,1,1.0000,[[MontroseBeach201508242200_Water_Temperature]]
2025-10-15 19:15:25.089,143.679,63rd_WaterTempDrop_85,atomic,[63rd_WaterTempDrop_85],[1.0000],1,1,1.0000,[[63rdStreetBeach201508242300_Water_Temperature]]
2025-10-15 19:15:25.095,143.685,Calumet_WaterTempDrop_85,atomic,[Calumet_WaterTempDrop_85],[1.0000],1,1,1.0000,[[CalumetBeach201508242300_Water_Temperature]]
2025-10-15 19:15:25.095,143.685,Montrose_WaterTempDrop_85,atomic,[Montrose_WaterTempDrop_85],[1.0000],1,1,1.0000,[[MontroseBeach201508242300_Water_Temperature]]
2025-10-15 19:15:25.150,143.740,Montrose_WaterTempDrop_85,atomic,[Montrose_WaterTempDrop_85],[1.0000],1,1,1.0000,[[MontroseBeach201508252400_Water_Temperature]]
2025-10-15 19:15:25.152,143.742,63rd_WaterTempDrop_85,atomic,[63rd_WaterTempDrop_85],[1.0000],1,1,1.0000,[[63rdStreetBeach201508252400_Water_Temperature]]
2025-10-15 19:15:25.152,143.742,Calumet_WaterTempDrop_85,atomic,[Calumet_WaterTempDrop_85],[1.0000],1,1,1.0000,[[CalumetBeach201508252400_Water_Temperature]]
2025-10-15 19:15:25.214,143.804,Montrose_WaterTempDrop_85,atomic,[Montrose_WaterTempDrop_85],[1.0000],1,1,1.0000,[[MontroseBeach201508250100_Water_Temperature]]
2025-10-15 19:15:25.215,143.805,Calumet_WaterTempDrop_85,atomic,[Calumet_WaterTempDrop_85],[1.0000],1,1,1.0000,[[CalumetBeach201508250100_Water_Temperature]]
2025-10-15 19:15:25.215,143.805,63rd_WaterTempDrop_85,atomic,[63rd_WaterTempDrop_85],[1.0000],1,1,1.0000,[[63rdStreetBeach201508250100_Water_Temperature]]
2025-10-15 19:15:25.275,143.865,Montrose_WaterTempDrop_85,atomic,[Montrose_WaterTempDrop_85],[1.0000],1,1,1.0000,[[MontroseBeach201508250200_Water_Temperature]]
2025-10-15 19:15:25.276,143.866,Calumet_WaterTempDrop_85,atomic,[Calumet_WaterTempDrop_85],[1.0000],1,1,1.0000,[[CalumetBeach201508250200_Water_Temperature]]
2025-10-15 19:15:25.277,143.867,63rd_WaterTempDrop_85,atomic,[63rd_WaterTempDrop_85],[1.0000],1,1,1.0000,[[63rdStreetBeach201508250200_Water_Temperature]]
2025-10-15 19:15:25.339,143.929,Calumet_WaterTempDrop_85,atomic,[Calumet_WaterTempDrop_85],[1.0000],1,1,1.0000,[[CalumetBeach201508250300_Water_Temperature]]
2025-10-15 19:15:25.339,143.929,63rd_WaterTempDrop_85,atomic,[63rd_WaterTempDrop_85],[1.0000],1,1,1.0000,[[63rdStreetBeach201508250300_Water_Temperature]]
2025-10-15 19:15:25.340,143.930,Montrose_WaterTempDrop_85,atomic,[Montrose_WaterTempDrop_85],[1.0000],1,1,1.0000,[[MontroseBeach201508250300_Water_Temperature]]
2025-10-15 19:15:25.401,143.991,63rd_WaterTempDrop_85,atomic,[63rd_WaterTempDrop_85],[1.0000],1,1,1.0000,[[63rdStreetBeach201508250400_Water_Temperature]]
2025-10-15 19:15:25.402,143.992,Calumet_WaterTempDrop_85,atomic,[Calumet_WaterTempDrop_85],[1.0000],1,1,1.0000,[[CalumetBeach201508250400_Water_Temperature]]
2025-10-15 19:15:25.403,143.993,Montrose_WaterTempDrop_85,atomic,[Montrose_WaterTempDrop_85],[1.0000],1,1,1.0000,[[MontroseBeach201508250400_Water_Temperature]]
2025-10-15 19:15:25.464,144.054,63rd_WaterTempDrop_85,atomic,[63rd_WaterTempDrop_85],[0.9728],1,1,0.9728,[[63rdStreetBeach201508250500_Water_Temperature]]
2025-10-15 19:15:25.465,144.055,Calumet_WaterTempDrop_85,atomic,[Calumet_WaterTempDrop_85],[1.0000],1,1,1.0000,[[CalumetBeach201508250500_Water_Temperature]]
2025-10-15 19:15:25.466,144.056,Montrose_WaterTempDrop_85,atomic,[Montrose_WaterTempDrop_85],[1.0000],1,1,1.0000,[[MontroseBeach201508250500_Water_Temperature]]
2025-10-15 19:15:25.527,144.117,Calumet_WaterTempDrop_85,atomic,[Calumet_WaterTempDrop_85],[1.0000],1,1,1.0000,[[CalumetBeach201508250600_Water_Temperature]]
2025-10-15 19:15:25.528,144.118,63rd_WaterTempDrop_85,atomic,[63rd_WaterTempDrop_85],[1.0000],1,1,1.0000,[[63rdStreetBeach201508250600_Water_Temperature]]
2025-10-15 19:15:25.530,144.120,Montrose_WaterTempDrop_85,atomic,[Montrose_WaterTempDrop_85],[1.0000],1,1,1.0000,[[MontroseBeach201508250600_Water_Temperature]]
2025-10-15 19:15:25.589,144.179,Calumet_WaterTempDrop_85,atomic,[Calumet_WaterTempDrop_85],[0.9726],1,1,0.9726,[[CalumetBeach201508250700_Water_Temperature]]
2025-10-15 19:15:25.590,144.180,63rd_WaterTempDrop_85,atomic,[63rd_WaterTempDrop_85],[0.9699],1,1,0.9699,[[63rdStreetBeach201508250700_Water_Temperature]]
2025-10-15 19:15:25.591,144.181,Montrose_WaterTempDrop_85,atomic,[Montrose_WaterTempDrop_85],[1.0000],1,1,1.0000,[[MontroseBeach201508250700_Water_Temperature]]
2025-10-15 19:15:25.652,144.242,63rd_WaterTempDrop_85,atomic,[63rd_WaterTempDrop_85],[1.0000],1,1,1.0000,[[63rdStreetBeach201508250800_Water_Temperature]]
2025-10-15 19:15:25.653,144.243,Calumet_WaterTempDrop_85,atomic,[Calumet_WaterTempDrop_85],[1.0000],1,1,1.0000,[[CalumetBeach201508250800_Water_Temperature]]
2025-10-15 19:15:25.654,144.244,Montrose_WaterTempDrop_85,atomic,[Montrose_WaterTempDrop_85],[1.0000],1,1,1.0000,[[MontroseBeach201508250800_Water_Temperature]]
2025-10-15 19:15:25.715,144.305,Calumet_WaterTempDrop_85,atomic,[Calumet_WaterTempDrop_85],[1.0000],1,1,1.0000,[[CalumetBeach201508250900_Water_Temperature]]
2025-10-15 19:15:25.715,144.305,Montrose_WaterTempDrop_85,atomic,[Montrose_WaterTempDrop_85],[1.0000],1,1,1.0000,[[MontroseBeach201508250900_Water_Temperature]]
2025-10-15 19:15:25.778,144.368,Montrose_WaterTempDrop_85,atomic,[Montrose_WaterTempDrop_85],[1.0000],1,1,1.0000,[[MontroseBeach201508251000_Water_Temperature]]
2025-10-15 19:15:25.779,144.369,Calumet_WaterTempDrop_85,atomic,[Calumet_WaterTempDrop_85],[1.0000],1,1,1.0000,[[CalumetBeach201508251000_Water_Temperature]]
2025-10-15 19:15:25.779,144.369,63rd_WaterTempDrop_85,atomic,[63rd_WaterTempDrop_85],[1.0000],1,1,1.0000,[[63rdStreetBeach201508251000_Water_Temperature]]
2025-10-15 19:15:25.839,144.429,Montrose_WaterTempDrop_85,atomic,[Montrose_WaterTempDrop_85],[0.9733],1,1,0.9733,[[MontroseBeach201508251100_Water_Temperature]]
2025-10-15 19:15:25.841,144.431,63rd_WaterTempDrop_85,atomic,[63rd_WaterTempDrop_85],[1.0000],1,1,1.0000,[[63rdStreetBeach201508251100_Water_Temperature]]
2025-10-15 19:15:25.843,144.433,Calumet_WaterTempDrop_85,atomic,[Calumet_WaterTempDrop_85],[1.0000],1,1,1.0000,[[CalumetBeach201508251100_Water_Temperature]]
2025-10-15 19:15:25.900,144.490,Montrose_WaterTempDrop_85,atomic,[Montrose_WaterTempDrop_85],[0.9698],1,1,0.9698,[[MontroseBeach201508251200_Water_Temperature]]
2025-10-15 19:15:25.902,144.492,Calumet_WaterTempDrop_85,atomic,[Calumet_WaterTempDrop_85],[1.0000],1,1,1.0000,[[CalumetBeach201508251200_Water_Temperature]]
2025-10-15 19:15:25.965,144.555,Montrose_WaterTempDrop_85,atomic,[Montrose_WaterTempDrop_85],[1.0000],1,1,1.0000,[[MontroseBeach201508251300_Water_Temperature]]
2025-10-15 19:15:25.965,144.555,Calumet_WaterTempDrop_85,atomic,[Calumet_WaterTempDrop_85],[1.0000],1,1,1.0000,[[CalumetBeach201508251300_Water_Temperature]]
2025-10-15 19:15:26.027,144.617,Montrose_WaterTempDrop_85,atomic,[Montrose_WaterTempDrop_85],[1.0000],1,1,1.0000,[[MontroseBeach201508251400_Water_Temperature]]
2025-10-15 19:15:26.028,144.618,Calumet_WaterTempDrop_85,atomic,[Calumet_WaterTempDrop_85],[1.0000],1,1,1.0000,[[CalumetBeach201508251400_Water_Temperature]]
2025-10-15 19:15:26.092,144.682,Montrose_WaterTempDrop_85,atomic,[Montrose_WaterTempDrop_85],[0.9681],1,1,0.9681,[[MontroseBeach201508251500_Water_Temperature]]
2025-10-15 19:15:26.092,144.682,Calumet_WaterTempDrop_85,atomic,[Calumet_WaterTempDrop_85],[1.0000],1,1,1.0000,[[CalumetBeach201508251500_Water_Temperature]]
2025-10-15 19:15:26.093,144.683,63rd_WaterTempDrop_85,atomic,[63rd_WaterTempDrop_85],[1.0000],1,1,1.0000,[[63rdStreetBeach201508251500_Water_Temperature]]
2025-10-15 19:15:26.151,144.741,63rd_WaterTempDrop_85,atomic,[63rd_WaterTempDrop_85],[1.0000],1,1,1.0000,[[63rdStreetBeach201508251600_Water_Temperature]]
2025-10-15 19:15:26.154,144.744,Montrose_WaterTempDrop_85,atomic,[Montrose_WaterTempDrop_85],[1.0000],1,1,1.0000,[[MontroseBeach201508251600_Water_Temperature]]
2025-10-15 19:15:26.154,144.744,Calumet_WaterTempDrop_85,atomic,[Calumet_WaterTempDrop_85],[1.0000],1,1,1.0000,[[CalumetBeach201508251600_Water_Temperature]]
2025-10-15 19:15:26.214,144.804,63rd_WaterTempDrop_85,atomic,[63rd_WaterTempDrop_85],[1.0000],1,1,1.0000,[[63rdStreetBeach201508251700_Water_Temperature]]
2025-10-15 19:15:26.214,144.804,Calumet_WaterTempDrop_85,atomic,[Calumet_WaterTempDrop_85],[1.0000],1,1,1.0000,[[CalumetBeach201508251700_Water_Temperature]]
2025-10-15 19:15:26.216,144.806,Montrose_WaterTempDrop_85,atomic,[Montrose_WaterTempDrop_85],[1.0000],1,1,1.0000,[[MontroseBeach201508251700_Water_Temperature]]
2025-10-15 19:15:26.276,144.866,Calumet_WaterTempDrop_85,atomic,[Calumet_WaterTempDrop_85],[1.0000],1,1,1.0000,[[CalumetBeach201508251800_Water_Temperature]]
2025-10-15 19:15:26.276,144.866,63rd_WaterTempDrop_85,atomic,[63rd_WaterTempDrop_85],[1.0000],1,1,1.0000,[[63rdStreetBeach201508251800_Water_Temperature]]
2025-10-15 19:15:26.277,144.867,Montrose_WaterTempDrop_85,atomic,[Montrose_WaterTempDrop_85],[0.9670],1,1,0.9670,[[MontroseBeach201508251800_Water_Temperature]]
2025-10-15 19:15:26.338,144.928,Montrose_WaterTempDrop_85,atomic,[Montrose_WaterTempDrop_85],[1.0000],1,1,1.0000,[[MontroseBeach201508251900_Water_Temperature]]
2025-10-15 19:15:26.340,144.930,Calumet_WaterTempDrop_85,atomic,[Calumet_WaterTempDrop_85],[0.9729],1,1,0.9729,[[CalumetBeach201508251900_Water_Temperature]]
2025-10-15 19:15:26.340,144.930,63rd_WaterTempDrop_85,atomic,[63rd_WaterTempDrop_85],[1.0000],1,1,1.0000,[[63rdStreetBeach201508251900_Water_Temperature]]
2025-10-15 19:15:26.402,144.992,63rd_WaterTempDrop_85,atomic,[63rd_WaterTempDrop_85],[1.0000],1,1,1.0000,[[63rdStreetBeach201508252000_Water_Temperature]]
2025-10-15 19:15:26.405,144.995,Montrose_WaterTempDrop_85,atomic,[Montrose_WaterTempDrop_85],[0.9648],1,1,0.9648,[[MontroseBeach201508252000_Water_Temperature]]
2025-10-15 19:15:26.406,144.996,Calumet_WaterTempDrop_85,atomic,[Calumet_WaterTempDrop_85],[1.0000],1,1,1.0000,[[CalumetBeach201508252000_Water_Temperature]]
2025-10-15 19:15:26.463,145.053,Calumet_WaterTempDrop_85,atomic,[Calumet_WaterTempDrop_85],[0.9700],1,1,0.9700,[[CalumetBeach201508252100_Water_Temperature]]
2025-10-15 19:15:26.468,145.058,63rd_WaterTempDrop_85,atomic,[63rd_WaterTempDrop_85],[1.0000],1,1,1.0000,[[63rdStreetBeach201508252100_Water_Temperature]]
2025-10-15 19:15:26.468,145.058,Montrose_WaterTempDrop_85,atomic,[Montrose_WaterTempDrop_85],[1.0000],1,1,1.0000,[[MontroseBeach201508252100_Water_Temperature]]
2025-10-15 19:15:26.524,145.114,Calumet_WaterTempDrop_85,atomic,[Calumet_WaterTempDrop_85],[1.0000],1,1,1.0000,[[CalumetBeach201508252200_Water_Temperature]]
2025-10-15 19:15:26.525,145.115,Montrose_WaterTempDrop_85,atomic,[Montrose_WaterTempDrop_85],[1.0000],1,1,1.0000,[[MontroseBeach201508252200_Water_Temperature]]
2025-10-15 19:15:26.587,145.177,Montrose_WaterTempDrop_85,atomic,[Montrose_WaterTempDrop_85],[1.0000],1,1,1.0000,[[MontroseBeach201508252300_Water_Temperature]]
2025-10-15 19:15:26.588,145.178,63rd_WaterTempDrop_85,atomic,[63rd_WaterTempDrop_85],[1.0000],1,1,1.0000,[[63rdStreetBeach201508252300_Water_Temperature]]
2025-10-15 19:15:26.591,145.181,Calumet_WaterTempDrop_85,atomic,[Calumet_WaterTempDrop_85],[1.0000],1,1,1.0000,[[CalumetBeach201508252300_Water_Temperature]]
2025-10-15 19:15:26.651,145.241,Montrose_WaterTempDrop_85,atomic,[Montrose_WaterTempDrop_85],[0.9665],1,1,0.9665,[[MontroseBeach201508262400_Water_Temperature]]
2025-10-15 19:15:26.652,145.242,Calumet_WaterTempDrop_85,atomic,[Calumet_WaterTempDrop_85],[1.0000],1,1,1.0000,[[CalumetBeach201508262400_Water_Temperature]]
2025-10-15 19:15:26.657,145.247,63rd_WaterTempDrop_85,atomic,[63rd_WaterTempDrop_85],[1.0000],1,1,1.0000,[[63rdStreetBeach201508262400_Water_Temperature]]
2025-10-15 19:15:26.712,145.302,Calumet_WaterTempDrop_85,atomic,[Calumet_WaterTempDrop_85],[0.9691],1,1,0.9691,[[CalumetBeach201508260100_Water_Temperature]]
2025-10-15 19:15:26.714,145.304,63rd_WaterTempDrop_85,atomic,[63rd_WaterTempDrop_85],[1.0000],1,1,1.0000,[[63rdStreetBeach201508260100_Water_Temperature]]
2025-10-15 19:15:26.716,145.306,Montrose_WaterTempDrop_85,atomic,[Montrose_WaterTempDrop_85],[1.0000],1,1,1.0000,[[MontroseBeach201508260100_Water_Temperature]]
2025-10-15 19:15:26.775,145.365,63rd_WaterTempDrop_85,atomic,[63rd_WaterTempDrop_85],[0.9729],1,1,0.9729,[[63rdStreetBeach201508260200_Water_Temperature]]
2025-10-15 19:15:26.777,145.367,Calumet_WaterTempDrop_85,atomic,[Calumet_WaterTempDrop_85],[0.9652],1,1,0.9652,[[CalumetBeach201508260200_Water_Temperature]]
2025-10-15 19:15:26.777,145.367,Montrose_WaterTempDrop_85,atomic,[Montrose_WaterTempDrop_85],[1.0000],1,1,1.0000,[[MontroseBeach201508260200_Water_Temperature]]
2025-10-15 19:15:26.837,145.427,Montrose_WaterTempDrop_85,atomic,[Montrose_WaterTempDrop_85],[1.0000],1,1,1.0000,[[MontroseBeach201508260300_Water_Temperature]]
2025-10-15 19:15:26.838,145.428,Calumet_WaterTempDrop_85,atomic,[Calumet_WaterTempDrop_85],[1.0000],1,1,1.0000,[[CalumetBeach201508260300_Water_Temperature]]
2025-10-15 19:15:26.902,145.492,Calumet_WaterTempDrop_85,atomic,[Calumet_WaterTempDrop_85],[1.0000],1,1,1.0000,[[CalumetBeach201508260400_Water_Temperature]]
2025-10-15 19:15:26.902,145.492,Montrose_WaterTempDrop_85,atomic,[Montrose_WaterTempDrop_85],[1.0000],1,1,1.0000,[[MontroseBeach201508260400_Water_Temperature]]
2025-10-15 19:15:26.964,145.554,Calumet_WaterTempDrop_85,atomic,[Calumet_WaterTempDrop_85],[1.0000],1,1,1.0000,[[CalumetBeach201508260500_Water_Temperature]]
2025-10-15 19:15:26.965,145.555,Montrose_WaterTempDrop_85,atomic,[Montrose_WaterTempDrop_85],[1.0000],1,1,1.0000,[[MontroseBeach201508260500_Water_Temperature]]
2025-10-15 19:15:27.025,145.615,Calumet_WaterTempDrop_85,atomic,[Calumet_WaterTempDrop_85],[1.0000],1,1,1.0000,[[CalumetBeach201508260600_Water_Temperature]]
2025-10-15 19:15:27.026,145.616,63rd_WaterTempDrop_85,atomic,[63rd_WaterTempDrop_85],[0.9694],1,1,0.9694,[[63rdStreetBeach201508260600_Water_Temperature]]
2025-10-15 19:15:27.026,145.616,Montrose_WaterTempDrop_85,atomic,[Montrose_WaterTempDrop_85],[1.0000],1,1,1.0000,[[MontroseBeach201508260600_Water_Temperature]]
2025-10-15 19:15:27.088,145.678,Montrose_WaterTempDrop_85,atomic,[Montrose_WaterTempDrop_85],[0.9704],1,1,0.9704,[[MontroseBeach201508260700_Water_Temperature]]
2025-10-15 19:15:27.089,145.679,Calumet_WaterTempDrop_85,atomic,[Calumet_WaterTempDrop_85],[1.0000],1,1,1.0000,[[CalumetBeach201508260700_Water_Temperature]]
2025-10-15 19:15:27.147,145.737,Montrose_WaterTempDrop_85,atomic,[Montrose_WaterTempDrop_85],[0.9667],1,1,0.9667,[[MontroseBeach201508260800_Water_Temperature]]
2025-10-15 19:15:27.149,145.739,Calumet_WaterTempDrop_85,atomic,[Calumet_WaterTempDrop_85],[1.0000],1,1,1.0000,[[CalumetBeach201508260800_Water_Temperature]]
2025-10-15 19:15:27.151,145.741,63rd_WaterTempDrop_85,atomic,[63rd_WaterTempDrop_85],[1.0000],1,1,1.0000,[[63rdStreetBeach201508260800_Water_Temperature]]
2025-10-15 19:15:27.212,145.802,63rd_WaterTempDrop_85,atomic,[63rd_WaterTempDrop_85],[1.0000],1,1,1.0000,[[63rdStreetBeach201508260900_Water_Temperature]]
2025-10-15 19:15:27.214,145.804,Calumet_WaterTempDrop_85,atomic,[Calumet_WaterTempDrop_85],[1.0000],1,1,1.0000,[[CalumetBeach201508260900_Water_Temperature]]
2025-10-15 19:15:27.215,145.805,Montrose_WaterTempDrop_85,atomic,[Montrose_WaterTempDrop_85],[1.0000],1,1,1.0000,[[MontroseBeach201508260900_Water_Temperature]]
2025-10-15 19:15:27.272,145.862,Montrose_WaterTempDrop_85,atomic,[Montrose_WaterTempDrop_85],[0.9647],1,1,0.9647,[[MontroseBeach201508261000_Water_Temperature]]
2025-10-15 19:15:27.276,145.866,Calumet_WaterTempDrop_85,atomic,[Calumet_WaterTempDrop_85],[1.0000],1,1,1.0000,[[CalumetBeach201508261000_Water_Temperature]]
2025-10-15 19:15:27.277,145.867,63rd_WaterTempDrop_85,atomic,[63rd_WaterTempDrop_85],[1.0000],1,1,1.0000,[[63rdStreetBeach201508261000_Water_Temperature]]
2025-10-15 19:15:27.337,145.927,Calumet_WaterTempDrop_85,atomic,[Calumet_WaterTempDrop_85],[1.0000],1,1,1.0000,[[CalumetBeach201508261100_Water_Temperature]]
2025-10-15 19:15:27.338,145.928,Montrose_WaterTempDrop_85,atomic,[Montrose_WaterTempDrop_85],[1.0000],1,1,1.0000,[[MontroseBeach201508261100_Water_Temperature]]
2025-10-15 19:15:27.399,145.989,63rd_WaterTempDrop_85,atomic,[63rd_WaterTempDrop_85],[1.0000],1,1,1.0000,[[63rdStreetBeach201508261200_Water_Temperature]]
2025-10-15 19:15:27.401,145.991,Calumet_WaterTempDrop_85,atomic,[Calumet_WaterTempDrop_85],[1.0000],1,1,1.0000,[[CalumetBeach201508261200_Water_Temperature]]
2025-10-15 19:15:27.402,145.992,Montrose_WaterTempDrop_85,atomic,[Montrose_WaterTempDrop_85],[1.0000],1,1,1.0000,[[MontroseBeach201508261200_Water_Temperature]]
2025-10-15 19:15:27.460,146.050,63rd_WaterTempDrop_85,atomic,[63rd_WaterTempDrop_85],[1.0000],1,1,1.0000,[[63rdStreetBeach201508261300_Water_Temperature]]
2025-10-15 19:15:27.463,146.053,Montrose_WaterTempDrop_85,atomic,[Montrose_WaterTempDrop_85],[1.0000],1,1,1.0000,[[MontroseBeach201508261300_Water_Temperature]]
2025-10-15 19:15:27.463,146.053,Calumet_WaterTempDrop_85,atomic,[Calumet_WaterTempDrop_85],[1.0000],1,1,1.0000,[[CalumetBeach201508261300_Water_Temperature]]
2025-10-15 19:15:27.525,146.115,Montrose_WaterTempDrop_85,atomic,[Montrose_WaterTempDrop_85],[1.0000],1,1,1.0000,[[MontroseBeach201508261400_Water_Temperature]]
2025-10-15 19:15:27.526,146.116,Calumet_WaterTempDrop_85,atomic,[Calumet_WaterTempDrop_85],[1.0000],1,1,1.0000,[[CalumetBeach201508261400_Water_Temperature]]
2025-10-15 19:15:27.587,146.177,Montrose_WaterTempDrop_85,atomic,[Montrose_WaterTempDrop_85],[1.0000],1,1,1.0000,[[MontroseBeach201508261500_Water_Temperature]]
2025-10-15 19:15:27.587,146.177,Calumet_WaterTempDrop_85,atomic,[Calumet_WaterTempDrop_85],[1.0000],1,1,1.0000,[[CalumetBeach201508261500_Water_Temperature]]
2025-10-15 19:15:27.647,146.237,63rd_WaterTempDrop_85,atomic,[63rd_WaterTempDrop_85],[0.9703],1,1,0.9703,[[63rdStreetBeach201508261600_Water_Temperature]]
2025-10-15 19:15:27.647,146.237,Montrose_WaterTempDrop_85,atomic,[Montrose_WaterTempDrop_85],[1.0000],1,1,1.0000,[[MontroseBeach201508261600_Water_Temperature]]
2025-10-15 19:15:27.649,146.239,Calumet_WaterTempDrop_85,atomic,[Calumet_WaterTempDrop_85],[1.0000],1,1,1.0000,[[CalumetBeach201508261600_Water_Temperature]]
2025-10-15 19:15:27.710,146.300,Montrose_WaterTempDrop_85,atomic,[Montrose_WaterTempDrop_85],[1.0000],1,1,1.0000,[[MontroseBeach201508261700_Water_Temperature]]
2025-10-15 19:15:27.712,146.302,Calumet_WaterTempDrop_85,atomic,[Calumet_WaterTempDrop_85],[1.0000],1,1,1.0000,[[CalumetBeach201508261700_Water_Temperature]]
2025-10-15 19:15:27.774,146.364,Montrose_WaterTempDrop_85,atomic,[Montrose_WaterTempDrop_85],[1.0000],1,1,1.0000,[[MontroseBeach201508261800_Water_Temperature]]
2025-10-15 19:15:27.777,146.367,63rd_WaterTempDrop_85,atomic,[63rd_WaterTempDrop_85],[1.0000],1,1,1.0000,[[63rdStreetBeach201508261800_Water_Temperature]]
2025-10-15 19:15:27.778,146.368,Calumet_WaterTempDrop_85,atomic,[Calumet_WaterTempDrop_85],[1.0000],1,1,1.0000,[[CalumetBeach201508261800_Water_Temperature]]
2025-10-15 19:15:27.839,146.429,Calumet_WaterTempDrop_85,atomic,[Calumet_WaterTempDrop_85],[1.0000],1,1,1.0000,[[CalumetBeach201508261900_Water_Temperature]]
2025-10-15 19:15:27.841,146.431,Montrose_WaterTempDrop_85,atomic,[Montrose_WaterTempDrop_85],[1.0000],1,1,1.0000,[[MontroseBeach201508261900_Water_Temperature]]
2025-10-15 19:15:27.843,146.433,63rd_WaterTempDrop_85,atomic,[63rd_WaterTempDrop_85],[1.0000],1,1,1.0000,[[63rdStreetBeach201508261900_Water_Temperature]]
2025-10-15 19:15:27.898,146.488,63rd_WaterTempDrop_85,atomic,[63rd_WaterTempDrop_85],[0.9687],1,1,0.9687,[[63rdStreetBeach201508262000_Water_Temperature]]
2025-10-15 19:15:27.901,146.491,Calumet_WaterTempDrop_85,atomic,[Calumet_WaterTempDrop_85],[1.0000],1,1,1.0000,[[CalumetBeach201508262000_Water_Temperature]]
2025-10-15 19:15:27.902,146.492,Montrose_WaterTempDrop_85,atomic,[Montrose_WaterTempDrop_85],[1.0000],1,1,1.0000,[[MontroseBeach201508262000_Water_Temperature]]
2025-10-15 19:15:27.965,146.555,Montrose_WaterTempDrop_85,atomic,[Montrose_WaterTempDrop_85],[1.0000],1,1,1.0000,[[MontroseBeach201508262100_Water_Temperature]]
2025-10-15 19:15:27.966,146.556,63rd_WaterTempDrop_85,atomic,[63rd_WaterTempDrop_85],[1.0000],1,1,1.0000,[[63rdStreetBeach201508262100_Water_Temperature]]
2025-10-15 19:15:27.967,146.557,Calumet_WaterTempDrop_85,atomic,[Calumet_WaterTempDrop_85],[1.0000],1,1,1.0000,[[CalumetBeach201508262100_Water_Temperature]]
2025-10-15 19:15:28.025,146.615,Calumet_WaterTempDrop_85,atomic,[Calumet_WaterTempDrop_85],[1.0000],1,1,1.0000,[[CalumetBeach201508262200_Water_Temperature]]
2025-10-15 19:15:28.026,146.616,Montrose_WaterTempDrop_85,atomic,[Montrose_WaterTempDrop_85],[1.0000],1,1,1.0000,[[MontroseBeach201508262200_Water_Temperature]]
2025-10-15 19:15:28.091,146.681,Calumet_WaterTempDrop_85,atomic,[Calumet_WaterTempDrop_85],[1.0000],1,1,1.0000,[[CalumetBeach201508262300_Water_Temperature]]
2025-10-15 19:15:28.092,146.682,Montrose_WaterTempDrop_85,atomic,[Montrose_WaterTempDrop_85],[0.9725],1,1,0.9725,[[MontroseBeach201508262300_Water_Temperature]]
2025-10-15 19:15:28.093,146.683,63rd_WaterTempDrop_85,atomic,[63rd_WaterTempDrop_85],[1.0000],1,1,1.0000,[[63rdStreetBeach201508262300_Water_Temperature]]
2025-10-15 19:15:28.153,146.743,63rd_WaterTempDrop_85,atomic,[63rd_WaterTempDrop_85],[0.9676],1,1,0.9676,[[63rdStreetBeach201508272400_Water_Temperature]]
2025-10-15 19:15:28.153,146.743,Montrose_WaterTempDrop_85,atomic,[Montrose_WaterTempDrop_85],[1.0000],1,1,1.0000,[[MontroseBeach201508272400_Water_Temperature]]
2025-10-15 19:15:28.156,146.746,Calumet_WaterTempDrop_85,atomic,[Calumet_WaterTempDrop_85],[1.0000],1,1,1.0000,[[CalumetBeach201508272400_Water_Temperature]]
2025-10-15 19:15:28.215,146.805,Montrose_WaterTempDrop_85,atomic,[Montrose_WaterTempDrop_85],[1.0000],1,1,1.0000,[[MontroseBeach201508270100_Water_Temperature]]
2025-10-15 19:15:28.215,146.805,Calumet_WaterTempDrop_85,atomic,[Calumet_WaterTempDrop_85],[1.0000],1,1,1.0000,[[CalumetBeach201508270100_Water_Temperature]]
2025-10-15 19:15:28.217,146.807,63rd_WaterTempDrop_85,atomic,[63rd_WaterTempDrop_85],[1.0000],1,1,1.0000,[[63rdStreetBeach201508270100_Water_Temperature]]
2025-10-15 19:15:28.277,146.867,63rd_WaterTempDrop_85,atomic,[63rd_WaterTempDrop_85],[1.0000],1,1,1.0000,[[63rdStreetBeach201508270200_Water_Temperature]]
2025-10-15 19:15:28.278,146.868,Montrose_WaterTempDrop_85,atomic,[Montrose_WaterTempDrop_85],[1.0000],1,1,1.0000,[[MontroseBeach201508270200_Water_Temperature]]
2025-10-15 19:15:28.279,146.869,Calumet_WaterTempDrop_85,atomic,[Calumet_WaterTempDrop_85],[1.0000],1,1,1.0000,[[CalumetBeach201508270200_Water_Temperature]]
2025-10-15 19:15:28.338,146.928,63rd_WaterTempDrop_85,atomic,[63rd_WaterTempDrop_85],[1.0000],1,1,1.0000,[[63rdStreetBeach201508270300_Water_Temperature]]
2025-10-15 19:15:28.340,146.930,Montrose_WaterTempDrop_85,atomic,[Montrose_WaterTempDrop_85],[1.0000],1,1,1.0000,[[MontroseBeach201508270300_Water_Temperature]]
2025-10-15 19:15:28.340,146.930,Calumet_WaterTempDrop_85,atomic,[Calumet_WaterTempDrop_85],[1.0000],1,1,1.0000,[[CalumetBeach201508270300_Water_Temperature]]
2025-10-15 19:15:28.400,146.990,Calumet_WaterTempDrop_85,atomic,[Calumet_WaterTempDrop_85],[1.0000],1,1,1.0000,[[CalumetBeach201508270400_Water_Temperature]]
2025-10-15 19:15:28.402,146.992,63rd_WaterTempDrop_85,atomic,[63rd_WaterTempDrop_85],[1.0000],1,1,1.0000,[[63rdStreetBeach201508270400_Water_Temperature]]
2025-10-15 19:15:28.402,146.992,Montrose_WaterTempDrop_85,atomic,[Montrose_WaterTempDrop_85],[1.0000],1,1,1.0000,[[MontroseBeach201508270400_Water_Temperature]]
2025-10-15 19:15:28.462,147.052,Calumet_WaterTempDrop_85,atomic,[Calumet_WaterTempDrop_85],[1.0000],1,1,1.0000,[[CalumetBeach201508270500_Water_Temperature]]
2025-10-15 19:15:28.465,147.055,Montrose_WaterTempDrop_85,atomic,[Montrose_WaterTempDrop_85],[1.0000],1,1,1.0000,[[MontroseBeach201508270500_Water_Temperature]]
2025-10-15 19:15:28.466,147.056,63rd_WaterTempDrop_85,atomic,[63rd_WaterTempDrop_85],[1.0000],1,1,1.0000,[[63rdStreetBeach201508270500_Water_Temperature]]
2025-10-15 19:15:28.524,147.114,Calumet_WaterTempDrop_85,atomic,[Calumet_WaterTempDrop_85],[1.0000],1,1,1.0000,[[CalumetBeach201508270600_Water_Temperature]]
2025-10-15 19:15:28.526,147.116,63rd_WaterTempDrop_85,atomic,[63rd_WaterTempDrop_85],[1.0000],1,1,1.0000,[[63rdStreetBeach201508270600_Water_Temperature]]
2025-10-15 19:15:28.526,147.116,Montrose_WaterTempDrop_85,atomic,[Montrose_WaterTempDrop_85],[1.0000],1,1,1.0000,[[MontroseBeach201508270600_Water_Temperature]]
2025-10-15 19:15:28.585,147.175,63rd_WaterTempDrop_85,atomic,[63rd_WaterTempDrop_85],[0.9705],1,1,0.9705,[[63rdStreetBeach201508270700_Water_Temperature]]
2025-10-15 19:15:28.586,147.176,Montrose_WaterTempDrop_85,atomic,[Montrose_WaterTempDrop_85],[0.9722],1,1,0.9722,[[MontroseBeach201508270700_Water_Temperature]]
2025-10-15 19:15:28.587,147.177,Calumet_WaterTempDrop_85,atomic,[Calumet_WaterTempDrop_85],[1.0000],1,1,1.0000,[[CalumetBeach201508270700_Water_Temperature]]
2025-10-15 19:15:28.648,147.238,63rd_WaterTempDrop_85,atomic,[63rd_WaterTempDrop_85],[1.0000],1,1,1.0000,[[63rdStreetBeach201508270800_Water_Temperature]]
2025-10-15 19:15:28.649,147.239,Montrose_WaterTempDrop_85,atomic,[Montrose_WaterTempDrop_85],[1.0000],1,1,1.0000,[[MontroseBeach201508270800_Water_Temperature]]
2025-10-15 19:15:28.649,147.239,Calumet_WaterTempDrop_85,atomic,[Calumet_WaterTempDrop_85],[1.0000],1,1,1.0000,[[CalumetBeach201508270800_Water_Temperature]]
2025-10-15 19:15:28.709,147.299,63rd_WaterTempDrop_85,atomic,[63rd_WaterTempDrop_85],[1.0000],1,1,1.0000,[[63rdStreetBeach201508270900_Water_Temperature]]
2025-10-15 19:15:28.710,147.300,Montrose_WaterTempDrop_85,atomic,[Montrose_WaterTempDrop_85],[1.0000],1,1,1.0000,[[MontroseBeach201508270900_Water_Temperature]]
2025-10-15 19:15:28.711,147.301,Calumet_WaterTempDrop_85,atomic,[Calumet_WaterTempDrop_85],[1.0000],1,1,1.0000,[[CalumetBeach201508270900_Water_Temperature]]
2025-10-15 19:15:28.768,147.358,63rd_WaterTempDrop_85,atomic,[63rd_WaterTempDrop_85],[0.9690],1,1,0.9690,[[63rdStreetBeach201508271000_Water_Temperature]]
2025-10-15 19:15:28.769,147.359,Calumet_WaterTempDrop_85,atomic,[Calumet_WaterTempDrop_85],[0.9734],1,1,0.9734,[[CalumetBeach201508271000_Water_Temperature]]
2025-10-15 19:15:28.771,147.361,Montrose_WaterTempDrop_85,atomic,[Montrose_WaterTempDrop_85],[1.0000],1,1,1.0000,[[MontroseBeach201508271000_Water_Temperature]]
2025-10-15 19:15:28.835,147.425,63rd_WaterTempDrop_85,atomic,[63rd_WaterTempDrop_85],[1.0000],1,1,1.0000,[[63rdStreetBeach201508271100_Water_Temperature]]
2025-10-15 19:15:28.836,147.426,Calumet_WaterTempDrop_85,atomic,[Calumet_WaterTempDrop_85],[1.0000],1,1,1.0000,[[CalumetBeach201508271100_Water_Temperature]]
2025-10-15 19:15:28.837,147.427,Montrose_WaterTempDrop_85,atomic,[Montrose_WaterTempDrop_85],[1.0000],1,1,1.0000,[[MontroseBeach201508271100_Water_Temperature]]
2025-10-15 19:15:28.895,147.485,Calumet_WaterTempDrop_85,atomic,[Calumet_WaterTempDrop_85],[0.9704],1,1,0.9704,[[CalumetBeach201508271200_Water_Temperature]]
2025-10-15 19:15:28.895,147.485,Montrose_WaterTempDrop_85,atomic,[Montrose_WaterTempDrop_85],[0.9709],1,1,0.9709,[[MontroseBeach201508271200_Water_Temperature]]
2025-10-15 19:15:28.895,147.485,63rd_WaterTempDrop_85,atomic,[63rd_WaterTempDrop_85],[1.0000],1,1,1.0000,[[63rdStreetBeach201508271200_Water_Temperature]]
2025-10-15 19:15:28.958,147.548,63rd_WaterTempDrop_85,atomic,[63rd_WaterTempDrop_85],[1.0000],1,1,1.0000,[[63rdStreetBeach201508271300_Water_Temperature]]
2025-10-15 19:15:29.018,147.608,Calumet_WaterTempDrop_85,atomic,[Calumet_WaterTempDrop_85],[0.9665],1,1,0.9665,[[CalumetBeach201508271500_Water_Temperature]]
2025-10-15 19:15:29.019,147.609,Montrose_WaterTempDrop_85,atomic,[Montrose_WaterTempDrop_85],[1.0000],1,1,1.0000,[[MontroseBeach201508271500_Water_Temperature]]
2025-10-15 19:15:29.080,147.670,Calumet_WaterTempDrop_85,atomic,[Calumet_WaterTempDrop_85],[1.0000],1,1,1.0000,[[CalumetBeach201508271600_Water_Temperature]]
2025-10-15 19:15:29.082,147.672,Montrose_WaterTempDrop_85,atomic,[Montrose_WaterTempDrop_85],[0.9682],1,1,0.9682,[[MontroseBeach201508271600_Water_Temperature]]
2025-10-15 19:15:29.083,147.673,63rd_WaterTempDrop_85,atomic,[63rd_WaterTempDrop_85],[1.0000],1,1,1.0000,[[63rdStreetBeach201508271600_Water_Temperature]]
2025-10-15 19:15:29.144,147.734,63rd_WaterTempDrop_85,atomic,[63rd_WaterTempDrop_85],[0.9697],1,1,0.9697,[[63rdStreetBeach201508271700_Water_Temperature]]
2025-10-15 19:15:29.144,147.734,Calumet_WaterTempDrop_85,atomic,[Calumet_WaterTempDrop_85],[1.0000],1,1,1.0000,[[CalumetBeach201508271700_Water_Temperature]]
2025-10-15 19:15:29.145,147.735,Montrose_WaterTempDrop_85,atomic,[Montrose_WaterTempDrop_85],[1.0000],1,1,1.0000,[[MontroseBeach201508271700_Water_Temperature]]
2025-10-15 19:15:29.206,147.796,Montrose_WaterTempDrop_85,atomic,[Montrose_WaterTempDrop_85],[0.9658],1,1,0.9658,[[MontroseBeach201508271800_Water_Temperature]]
2025-10-15 19:15:29.207,147.797,63rd_WaterTempDrop_85,atomic,[63rd_WaterTempDrop_85],[1.0000],1,1,1.0000,[[63rdStreetBeach201508271800_Water_Temperature]]
2025-10-15 19:15:29.207,147.797,Calumet_WaterTempDrop_85,atomic,[Calumet_WaterTempDrop_85],[1.0000],1,1,1.0000,[[CalumetBeach201508271800_Water_Temperature]]
2025-10-15 19:15:29.269,147.859,Montrose_WaterTempDrop_85,atomic,[Montrose_WaterTempDrop_85],[1.0000],1,1,1.0000,[[MontroseBeach201508271900_Water_Temperature]]
2025-10-15 19:15:29.269,147.859,Calumet_WaterTempDrop_85,atomic,[Calumet_WaterTempDrop_85],[1.0000],1,1,1.0000,[[CalumetBeach201508271900_Water_Temperature]]
2025-10-15 19:15:29.269,147.859,63rd_WaterTempDrop_85,atomic,[63rd_WaterTempDrop_85],[1.0000],1,1,1.0000,[[63rdStreetBeach201508271900_Water_Temperature]]
2025-10-15 19:15:29.332,147.922,Calumet_WaterTempDrop_85,atomic,[Calumet_WaterTempDrop_85],[1.0000],1,1,1.0000,[[CalumetBeach201508272000_Water_Temperature]]
2025-10-15 19:15:29.334,147.924,Montrose_WaterTempDrop_85,atomic,[Montrose_WaterTempDrop_85],[1.0000],1,1,1.0000,[[MontroseBeach201508272000_Water_Temperature]]
2025-10-15 19:15:29.334,147.924,63rd_WaterTempDrop_85,atomic,[63rd_WaterTempDrop_85],[1.0000],1,1,1.0000,[[63rdStreetBeach201508272000_Water_Temperature]]
2025-10-15 19:15:29.402,147.992,Calumet_WaterTempDrop_85,atomic,[Calumet_WaterTempDrop_85],[1.0000],1,1,1.0000,[[CalumetBeach201508272100_Water_Temperature]]
2025-10-15 19:15:29.404,147.994,63rd_WaterTempDrop_85,atomic,[63rd_WaterTempDrop_85],[1.0000],1,1,1.0000,[[63rdStreetBeach201508272100_Water_Temperature]]
2025-10-15 19:15:29.404,147.994,Montrose_WaterTempDrop_85,atomic,[Montrose_WaterTempDrop_85],[1.0000],1,1,1.0000,[[MontroseBeach201508272100_Water_Temperature]]
2025-10-15 19:15:29.470,148.060,63rd_WaterTempDrop_85,atomic,[63rd_WaterTempDrop_85],[0.9700],1,1,0.9700,[[63rdStreetBeach201508272200_Water_Temperature]]
2025-10-15 19:15:29.471,148.061,Montrose_WaterTempDrop_85,atomic,[Montrose_WaterTempDrop_85],[1.0000],1,1,1.0000,[[MontroseBeach201508272200_Water_Temperature]]
2025-10-15 19:15:29.473,148.063,Calumet_WaterTempDrop_85,atomic,[Calumet_WaterTempDrop_85],[1.0000],1,1,1.0000,[[CalumetBeach201508272200_Water_Temperature]]
2025-10-15 19:15:29.534,148.124,63rd_WaterTempDrop_85,atomic,[63rd_WaterTempDrop_85],[1.0000],1,1,1.0000,[[63rdStreetBeach201508272300_Water_Temperature]]
2025-10-15 19:15:29.535,148.125,Calumet_WaterTempDrop_85,atomic,[Calumet_WaterTempDrop_85],[1.0000],1,1,1.0000,[[CalumetBeach201508272300_Water_Temperature]]
2025-10-15 19:15:29.536,148.126,Montrose_WaterTempDrop_85,atomic,[Montrose_WaterTempDrop_85],[1.0000],1,1,1.0000,[[MontroseBeach201508272300_Water_Temperature]]
2025-10-15 19:15:29.595,148.185,Calumet_WaterTempDrop_85,atomic,[Calumet_WaterTempDrop_85],[0.9710],1,1,0.9710,[[CalumetBeach201508282400_Water_Temperature]]
2025-10-15 19:15:29.595,148.185,63rd_WaterTempDrop_85,atomic,[63rd_WaterTempDrop_85],[1.0000],1,1,1.0000,[[63rdStreetBeach201508282400_Water_Temperature]]
2025-10-15 19:15:29.597,148.187,Montrose_WaterTempDrop_85,atomic,[Montrose_WaterTempDrop_85],[1.0000],1,1,1.0000,[[MontroseBeach201508282400_Water_Temperature]]
2025-10-15 19:15:29.657,148.247,Calumet_WaterTempDrop_85,atomic,[Calumet_WaterTempDrop_85],[0.9673],1,1,0.9673,[[CalumetBeach201508280100_Water_Temperature]]
2025-10-15 19:15:29.659,148.249,63rd_WaterTempDrop_85,atomic,[63rd_WaterTempDrop_85],[1.0000],1,1,1.0000,[[63rdStreetBeach201508280100_Water_Temperature]]
2025-10-15 19:15:29.660,148.250,Montrose_WaterTempDrop_85,atomic,[Montrose_WaterTempDrop_85],[1.0000],1,1,1.0000,[[MontroseBeach201508280100_Water_Temperature]]
2025-10-15 19:15:29.717,148.307,Calumet_WaterTempDrop_85,atomic,[Calumet_WaterTempDrop_85],[0.9633],1,1,0.9633,[[CalumetBeach201508280200_Water_Temperature]]
2025-10-15 19:15:29.719,148.309,Montrose_WaterTempDrop_85,atomic,[Montrose_WaterTempDrop_85],[1.0000],1,1,1.0000,[[MontroseBeach201508280200_Water_Temperature]]
2025-10-15 19:15:29.719,148.309,63rd_WaterTempDrop_85,atomic,[63rd_WaterTempDrop_85],[0.9694],1,1,0.9694,[[63rdStreetBeach201508280200_Water_Temperature]]
2025-10-15 19:15:29.780,148.370,Montrose_WaterTempDrop_85,atomic,[Montrose_WaterTempDrop_85],[0.9710],1,1,0.9710,[[MontroseBeach201508280300_Water_Temperature]]
2025-10-15 19:15:29.782,148.372,63rd_WaterTempDrop_85,atomic,[63rd_WaterTempDrop_85],[1.0000],1,1,1.0000,[[63rdStreetBeach201508280300_Water_Temperature]]
2025-10-15 19:15:29.784,148.374,Calumet_WaterTempDrop_85,atomic,[Calumet_WaterTempDrop_85],[1.0000],1,1,1.0000,[[CalumetBeach201508280300_Water_Temperature]]
2025-10-15 19:15:29.845,148.435,63rd_WaterTempDrop_85,atomic,[63rd_WaterTempDrop_85],[0.9670],1,1,0.9670,[[63rdStreetBeach201508280400_Water_Temperature]]
2025-10-15 19:15:29.847,148.437,Montrose_WaterTempDrop_85,atomic,[Montrose_WaterTempDrop_85],[1.0000],1,1,1.0000,[[MontroseBeach201508280400_Water_Temperature]]
2025-10-15 19:15:29.848,148.438,Calumet_WaterTempDrop_85,atomic,[Calumet_WaterTempDrop_85],[1.0000],1,1,1.0000,[[CalumetBeach201508280400_Water_Temperature]]
2025-10-15 19:15:29.908,148.498,Montrose_WaterTempDrop_85,atomic,[Montrose_WaterTempDrop_85],[1.0000],1,1,1.0000,[[MontroseBeach201508280500_Water_Temperature]]
2025-10-15 19:15:29.910,148.500,Calumet_WaterTempDrop_85,atomic,[Calumet_WaterTempDrop_85],[1.0000],1,1,1.0000,[[CalumetBeach201508280500_Water_Temperature]]
2025-10-15 19:15:29.911,148.501,63rd_WaterTempDrop_85,atomic,[63rd_WaterTempDrop_85],[1.0000],1,1,1.0000,[[63rdStreetBeach201508280500_Water_Temperature]]
2025-10-15 19:15:29.972,148.562,Calumet_WaterTempDrop_85,atomic,[Calumet_WaterTempDrop_85],[0.9657],1,1,0.9657,[[CalumetBeach201508280600_Water_Temperature]]
2025-10-15 19:15:29.972,148.562,63rd_WaterTempDrop_85,atomic,[63rd_WaterTempDrop_85],[1.0000],1,1,1.0000,[[63rdStreetBeach201508280600_Water_Temperature]]
2025-10-15 19:15:29.972,148.562,Montrose_WaterTempDrop_85,atomic,[Montrose_WaterTempDrop_85],[1.0000],1,1,1.0000,[[MontroseBeach201508280600_Water_Temperature]]
2025-10-15 19:15:30.032,148.622,Calumet_WaterTempDrop_85,atomic,[Calumet_WaterTempDrop_85],[1.0000],1,1,1.0000,[[CalumetBeach201508280700_Water_Temperature]]
2025-10-15 19:15:30.033,148.623,63rd_WaterTempDrop_85,atomic,[63rd_WaterTempDrop_85],[1.0000],1,1,1.0000,[[63rdStreetBeach201508280700_Water_Temperature]]
2025-10-15 19:15:30.035,148.625,Montrose_WaterTempDrop_85,atomic,[Montrose_WaterTempDrop_85],[1.0000],1,1,1.0000,[[MontroseBeach201508280700_Water_Temperature]]
2025-10-15 19:15:30.094,148.684,63rd_WaterTempDrop_85,atomic,[63rd_WaterTempDrop_85],[0.9677],1,1,0.9677,[[63rdStreetBeach201508280800_Water_Temperature]]
2025-10-15 19:15:30.096,148.686,Calumet_WaterTempDrop_85,atomic,[Calumet_WaterTempDrop_85],[1.0000],1,1,1.0000,[[CalumetBeach201508280800_Water_Temperature]]
2025-10-15 19:15:30.098,148.688,Montrose_WaterTempDrop_85,atomic,[Montrose_WaterTempDrop_85],[1.0000],1,1,1.0000,[[MontroseBeach201508280800_Water_Temperature]]
2025-10-15 19:15:30.158,148.748,Calumet_WaterTempDrop_85,atomic,[Calumet_WaterTempDrop_85],[1.0000],1,1,1.0000,[[CalumetBeach201508280900_Water_Temperature]]
2025-10-15 19:15:30.160,148.750,63rd_WaterTempDrop_85,atomic,[63rd_WaterTempDrop_85],[1.0000],1,1,1.0000,[[63rdStreetBeach201508280900_Water_Temperature]]
2025-10-15 19:15:30.160,148.750,Montrose_WaterTempDrop_85,atomic,[Montrose_WaterTempDrop_85],[1.0000],1,1,1.0000,[[MontroseBeach201508280900_Water_Temperature]]
2025-10-15 19:15:30.220,148.810,Calumet_WaterTempDrop_85,atomic,[Calumet_WaterTempDrop_85],[0.9672],1,1,0.9672,[[CalumetBeach201508281000_Water_Temperature]]
2025-10-15 19:15:30.222,148.812,63rd_WaterTempDrop_85,atomic,[63rd_WaterTempDrop_85],[1.0000],1,1,1.0000,[[63rdStreetBeach201508281000_Water_Temperature]]
2025-10-15 19:15:30.222,148.812,Montrose_WaterTempDrop_85,atomic,[Montrose_WaterTempDrop_85],[1.0000],1,1,1.0000,[[MontroseBeach201508281000_Water_Temperature]]
2025-10-15 19:15:30.282,148.872,63rd_WaterTempDrop_85,atomic,[63rd_WaterTempDrop_85],[1.0000],1,1,1.0000,[[63rdStreetBeach201508281100_Water_Temperature]]
2025-10-15 19:15:30.283,148.873,Calumet_WaterTempDrop_85,atomic,[Calumet_WaterTempDrop_85],[1.0000],1,1,1.0000,[[CalumetBeach201508281100_Water_Temperature]]
2025-10-15 19:15:30.284,148.874,Montrose_WaterTempDrop_85,atomic,[Montrose_WaterTempDrop_85],[1.0000],1,1,1.0000,[[MontroseBeach201508281100_Water_Temperature]]
2025-10-15 19:15:30.345,148.935,63rd_WaterTempDrop_85,atomic,[63rd_WaterTempDrop_85],[0.9681],1,1,0.9681,[[63rdStreetBeach201508281200_Water_Temperature]]
2025-10-15 19:15:30.346,148.936,Montrose_WaterTempDrop_85,atomic,[Montrose_WaterTempDrop_85],[1.0000],1,1,1.0000,[[MontroseBeach201508281200_Water_Temperature]]
2025-10-15 19:15:30.348,148.938,Calumet_WaterTempDrop_85,atomic,[Calumet_WaterTempDrop_85],[1.0000],1,1,1.0000,[[CalumetBeach201508281200_Water_Temperature]]
2025-10-15 19:15:30.407,148.997,63rd_WaterTempDrop_85,atomic,[63rd_WaterTempDrop_85],[0.9642],1,1,0.9642,[[63rdStreetBeach201508281300_Water_Temperature]]
2025-10-15 19:15:30.408,148.998,Montrose_WaterTempDrop_85,atomic,[Montrose_WaterTempDrop_85],[1.0000],1,1,1.0000,[[MontroseBeach201508281300_Water_Temperature]]
2025-10-15 19:15:30.410,149.000,Calumet_WaterTempDrop_85,atomic,[Calumet_WaterTempDrop_85],[1.0000],1,1,1.0000,[[CalumetBeach201508281300_Water_Temperature]]
2025-10-15 19:15:30.471,149.061,Calumet_WaterTempDrop_85,atomic,[Calumet_WaterTempDrop_85],[0.9680],1,1,0.9680,[[CalumetBeach201508281400_Water_Temperature]]
2025-10-15 19:15:30.473,149.063,63rd_WaterTempDrop_85,atomic,[63rd_WaterTempDrop_85],[1.0000],1,1,1.0000,[[63rdStreetBeach201508281400_Water_Temperature]]
2025-10-15 19:15:30.474,149.064,Montrose_WaterTempDrop_85,atomic,[Montrose_WaterTempDrop_85],[1.0000],1,1,1.0000,[[MontroseBeach201508281400_Water_Temperature]]
2025-10-15 19:15:30.532,149.122,Calumet_WaterTempDrop_85,atomic,[Calumet_WaterTempDrop_85],[0.9642],1,1,0.9642,[[CalumetBeach201508281500_Water_Temperature]]
2025-10-15 19:15:30.532,149.122,63rd_WaterTempDrop_85,atomic,[63rd_WaterTempDrop_85],[0.9625],1,1,0.9625,[[63rdStreetBeach201508281500_Water_Temperature]]
2025-10-15 19:15:30.536,149.126,Montrose_WaterTempDrop_85,atomic,[Montrose_WaterTempDrop_85],[1.0000],1,1,1.0000,[[MontroseBeach201508281500_Water_Temperature]]
2025-10-15 19:15:30.607,149.197,63rd_WaterTempDrop_85,atomic,[63rd_WaterTempDrop_85],[1.0000],1,1,1.0000,[[63rdStreetBeach201508281600_Water_Temperature]]
2025-10-15 19:15:30.608,149.198,Calumet_WaterTempDrop_85,atomic,[Calumet_WaterTempDrop_85],[1.0000],1,1,1.0000,[[CalumetBeach201508281600_Water_Temperature]]
2025-10-15 19:15:30.610,149.200,Montrose_WaterTempDrop_85,atomic,[Montrose_WaterTempDrop_85],[1.0000],1,1,1.0000,[[MontroseBeach201508281600_Water_Temperature]]
2025-10-15 19:15:30.656,149.246,63rd_WaterTempDrop_85,atomic,[63rd_WaterTempDrop_85],[1.0000],1,1,1.0000,[[63rdStreetBeach201508281700_Water_Temperature]]
2025-10-15 19:15:30.658,149.248,Calumet_WaterTempDrop_85,atomic,[Calumet_WaterTempDrop_85],[1.0000],1,1,1.0000,[[CalumetBeach201508281700_Water_Temperature]]
2025-10-15 19:15:30.659,149.249,Montrose_WaterTempDrop_85,atomic,[Montrose_WaterTempDrop_85],[1.0000],1,1,1.0000,[[MontroseBeach201508281700_Water_Temperature]]
2025-10-15 19:15:30.721,149.311,Calumet_WaterTempDrop_85,atomic,[Calumet_WaterTempDrop_85],[0.9647],1,1,0.9647,[[CalumetBeach201508281800_Water_Temperature]]
2025-10-15 19:15:30.722,149.312,Montrose_WaterTempDrop_85,atomic,[Montrose_WaterTempDrop_85],[1.0000],1,1,1.0000,[[MontroseBeach201508281800_Water_Temperature]]
2025-10-15 19:15:30.723,149.313,63rd_WaterTempDrop_85,atomic,[63rd_WaterTempDrop_85],[1.0000],1,1,1.0000,[[63rdStreetBeach201508281800_Water_Temperature]]
2025-10-15 19:15:30.780,149.370,63rd_WaterTempDrop_85,atomic,[63rd_WaterTempDrop_85],[0.9654],1,1,0.9654,[[63rdStreetBeach201508281900_Water_Temperature]]
2025-10-15 19:15:30.780,149.370,Montrose_WaterTempDrop_85,atomic,[Montrose_WaterTempDrop_85],[1.0000],1,1,1.0000,[[MontroseBeach201508281900_Water_Temperature]]
2025-10-15 19:15:30.783,149.373,Calumet_WaterTempDrop_85,atomic,[Calumet_WaterTempDrop_85],[1.0000],1,1,1.0000,[[CalumetBeach201508281900_Water_Temperature]]
2025-10-15 19:15:30.843,149.433,Calumet_WaterTempDrop_85,atomic,[Calumet_WaterTempDrop_85],[1.0000],1,1,1.0000,[[CalumetBeach201508282000_Water_Temperature]]
2025-10-15 19:15:30.844,149.434,Montrose_WaterTempDrop_85,atomic,[Montrose_WaterTempDrop_85],[1.0000],1,1,1.0000,[[MontroseBeach201508282000_Water_Temperature]]
2025-10-15 19:15:30.845,149.435,63rd_WaterTempDrop_85,atomic,[63rd_WaterTempDrop_85],[1.0000],1,1,1.0000,[[63rdStreetBeach201508282000_Water_Temperature]]
2025-10-15 19:15:30.905,149.495,Calumet_WaterTempDrop_85,atomic,[Calumet_WaterTempDrop_85],[0.9651],1,1,0.9651,[[CalumetBeach201508282100_Water_Temperature]]
2025-10-15 19:15:30.907,149.497,Montrose_WaterTempDrop_85,atomic,[Montrose_WaterTempDrop_85],[1.0000],1,1,1.0000,[[MontroseBeach201508282100_Water_Temperature]]
2025-10-15 19:15:30.907,149.497,63rd_WaterTempDrop_85,atomic,[63rd_WaterTempDrop_85],[1.0000],1,1,1.0000,[[63rdStreetBeach201508282100_Water_Temperature]]
2025-10-15 19:15:30.969,149.559,Calumet_WaterTempDrop_85,atomic,[Calumet_WaterTempDrop_85],[1.0000],1,1,1.0000,[[CalumetBeach201508282200_Water_Temperature]]
2025-10-15 19:15:30.972,149.562,Montrose_WaterTempDrop_85,atomic,[Montrose_WaterTempDrop_85],[1.0000],1,1,1.0000,[[MontroseBeach201508282200_Water_Temperature]]
2025-10-15 19:15:30.974,149.564,63rd_WaterTempDrop_85,atomic,[63rd_WaterTempDrop_85],[1.0000],1,1,1.0000,[[63rdStreetBeach201508282200_Water_Temperature]]
2025-10-15 19:15:31.031,149.621,Montrose_WaterTempDrop_85,atomic,[Montrose_WaterTempDrop_85],[0.9733],1,1,0.9733,[[MontroseBeach201508282300_Water_Temperature]]
2025-10-15 19:15:31.034,149.624,63rd_WaterTempDrop_85,atomic,[63rd_WaterTempDrop_85],[1.0000],1,1,1.0000,[[63rdStreetBeach201508282300_Water_Temperature]]
2025-10-15 19:15:31.035,149.625,Calumet_WaterTempDrop_85,atomic,[Calumet_WaterTempDrop_85],[1.0000],1,1,1.0000,[[CalumetBeach201508282300_Water_Temperature]]
2025-10-15 19:15:31.108,149.698,63rd_WaterTempDrop_85,atomic,[63rd_WaterTempDrop_85],[1.0000],1,1,1.0000,[[63rdStreetBeach201508292400_Water_Temperature]]
2025-10-15 19:15:31.109,149.699,Montrose_WaterTempDrop_85,atomic,[Montrose_WaterTempDrop_85],[1.0000],1,1,1.0000,[[MontroseBeach201508292400_Water_Temperature]]
2025-10-15 19:15:31.109,149.699,Calumet_WaterTempDrop_85,atomic,[Calumet_WaterTempDrop_85],[1.0000],1,1,1.0000,[[CalumetBeach201508292400_Water_Temperature]]
2025-10-15 19:15:31.157,149.747,Calumet_WaterTempDrop_85,atomic,[Calumet_WaterTempDrop_85],[1.0000],1,1,1.0000,[[CalumetBeach201508290100_Water_Temperature]]
2025-10-15 19:15:31.158,149.748,63rd_WaterTempDrop_85,atomic,[63rd_WaterTempDrop_85],[1.0000],1,1,1.0000,[[63rdStreetBeach201508290100_Water_Temperature]]
2025-10-15 19:15:31.158,149.748,Montrose_WaterTempDrop_85,atomic,[Montrose_WaterTempDrop_85],[1.0000],1,1,1.0000,[[MontroseBeach201508290100_Water_Temperature]]
2025-10-15 19:15:31.219,149.809,Calumet_WaterTempDrop_85,atomic,[Calumet_WaterTempDrop_85],[0.9682],1,1,0.9682,[[CalumetBeach201508290200_Water_Temperature]]
2025-10-15 19:15:31.223,149.813,63rd_WaterTempDrop_85,atomic,[63rd_WaterTempDrop_85],[1.0000],1,1,1.0000,[[63rdStreetBeach201508290200_Water_Temperature]]
2025-10-15 19:15:31.223,149.813,Montrose_WaterTempDrop_85,atomic,[Montrose_WaterTempDrop_85],[1.0000],1,1,1.0000,[[MontroseBeach201508290200_Water_Temperature]]
2025-10-15 19:15:31.281,149.871,63rd_WaterTempDrop_85,atomic,[63rd_WaterTempDrop_85],[1.0000],1,1,1.0000,[[63rdStreetBeach201508290300_Water_Temperature]]
2025-10-15 19:15:31.283,149.873,Montrose_WaterTempDrop_85,atomic,[Montrose_WaterTempDrop_85],[1.0000],1,1,1.0000,[[MontroseBeach201508290300_Water_Temperature]]
2025-10-15 19:15:31.283,149.873,Calumet_WaterTempDrop_85,atomic,[Calumet_WaterTempDrop_85],[1.0000],1,1,1.0000,[[CalumetBeach201508290300_Water_Temperature]]
2025-10-15 19:15:31.342,149.932,63rd_WaterTempDrop_85,atomic,[63rd_WaterTempDrop_85],[0.9713],1,1,0.9713,[[63rdStreetBeach201508290400_Water_Temperature]]
2025-10-15 19:15:31.344,149.934,Calumet_WaterTempDrop_85,atomic,[Calumet_WaterTempDrop_85],[1.0000],1,1,1.0000,[[CalumetBeach201508290400_Water_Temperature]]
2025-10-15 19:15:31.345,149.935,Montrose_WaterTempDrop_85,atomic,[Montrose_WaterTempDrop_85],[1.0000],1,1,1.0000,[[MontroseBeach201508290400_Water_Temperature]]
2025-10-15 19:15:31.404,149.994,Montrose_WaterTempDrop_85,atomic,[Montrose_WaterTempDrop_85],[1.0000],1,1,1.0000,[[MontroseBeach201508290500_Water_Temperature]]
2025-10-15 19:15:31.404,149.994,Calumet_WaterTempDrop_85,atomic,[Calumet_WaterTempDrop_85],[0.9675],1,1,0.9675,[[CalumetBeach201508290500_Water_Temperature]]
2025-10-15 19:15:31.405,149.995,63rd_WaterTempDrop_85,atomic,[63rd_WaterTempDrop_85],[1.0000],1,1,1.0000,[[63rdStreetBeach201508290500_Water_Temperature]]
2025-10-15 19:15:31.467,150.057,Montrose_WaterTempDrop_85,atomic,[Montrose_WaterTempDrop_85],[0.9720],1,1,0.9720,[[MontroseBeach201508290600_Water_Temperature]]
2025-10-15 19:15:31.468,150.058,63rd_WaterTempDrop_85,atomic,[63rd_WaterTempDrop_85],[1.0000],1,1,1.0000,[[63rdStreetBeach201508290600_Water_Temperature]]
2025-10-15 19:15:31.469,150.059,Calumet_WaterTempDrop_85,atomic,[Calumet_WaterTempDrop_85],[0.9635],1,1,0.9635,[[CalumetBeach201508290600_Water_Temperature]]
2025-10-15 19:15:31.543,150.133,Calumet_WaterTempDrop_85,atomic,[Calumet_WaterTempDrop_85],[1.0000],1,1,1.0000,[[CalumetBeach201508290700_Water_Temperature]]
2025-10-15 19:15:31.544,150.134,63rd_WaterTempDrop_85,atomic,[63rd_WaterTempDrop_85],[1.0000],1,1,1.0000,[[63rdStreetBeach201508290700_Water_Temperature]]
2025-10-15 19:15:31.546,150.136,Montrose_WaterTempDrop_85,atomic,[Montrose_WaterTempDrop_85],[1.0000],1,1,1.0000,[[MontroseBeach201508290700_Water_Temperature]]
2025-10-15 19:15:31.592,150.182,Montrose_WaterTempDrop_85,atomic,[Montrose_WaterTempDrop_85],[1.0000],1,1,1.0000,[[MontroseBeach201508290800_Water_Temperature]]
2025-10-15 19:15:31.593,150.183,63rd_WaterTempDrop_85,atomic,[63rd_WaterTempDrop_85],[1.0000],1,1,1.0000,[[63rdStreetBeach201508290800_Water_Temperature]]
2025-10-15 19:15:31.593,150.183,Calumet_WaterTempDrop_85,atomic,[Calumet_WaterTempDrop_85],[1.0000],1,1,1.0000,[[CalumetBeach201508290800_Water_Temperature]]
2025-10-15 19:15:31.653,150.243,Calumet_WaterTempDrop_85,atomic,[Calumet_WaterTempDrop_85],[0.9642],1,1,0.9642,[[CalumetBeach201508290900_Water_Temperature]]
2025-10-15 19:15:31.654,150.244,Montrose_WaterTempDrop_85,atomic,[Montrose_WaterTempDrop_85],[1.0000],1,1,1.0000,[[MontroseBeach201508290900_Water_Temperature]]
2025-10-15 19:15:31.715,150.305,Montrose_WaterTempDrop_85,atomic,[Montrose_WaterTempDrop_85],[0.9704],1,1,0.9704,[[MontroseBeach201508291000_Water_Temperature]]
2025-10-15 19:15:31.716,150.306,Calumet_WaterTempDrop_85,atomic,[Calumet_WaterTempDrop_85],[0.9599],1,1,0.9599,[[CalumetBeach201508291000_Water_Temperature]]
2025-10-15 19:15:31.779,150.369,63rd_WaterTempDrop_85,atomic,[63rd_WaterTempDrop_85],[1.0000],1,1,1.0000,[[63rdStreetBeach201508291100_Water_Temperature]]
2025-10-15 19:15:31.781,150.371,Calumet_WaterTempDrop_85,atomic,[Calumet_WaterTempDrop_85],[1.0000],1,1,1.0000,[[CalumetBeach201508291100_Water_Temperature]]
2025-10-15 19:15:31.781,150.371,Montrose_WaterTempDrop_85,atomic,[Montrose_WaterTempDrop_85],[1.0000],1,1,1.0000,[[MontroseBeach201508291100_Water_Temperature]]
2025-10-15 19:15:31.842,150.432,Calumet_WaterTempDrop_85,atomic,[Calumet_WaterTempDrop_85],[1.0000],1,1,1.0000,[[CalumetBeach201508291200_Water_Temperature]]
2025-10-15 19:15:31.842,150.432,63rd_WaterTempDrop_85,atomic,[63rd_WaterTempDrop_85],[0.9713],1,1,0.9713,[[63rdStreetBeach201508291200_Water_Temperature]]
2025-10-15 19:15:31.845,150.435,Montrose_WaterTempDrop_85,atomic,[Montrose_WaterTempDrop_85],[1.0000],1,1,1.0000,[[MontroseBeach201508291200_Water_Temperature]]
2025-10-15 19:15:31.903,150.493,Calumet_WaterTempDrop_85,atomic,[Calumet_WaterTempDrop_85],[1.0000],1,1,1.0000,[[CalumetBeach201508291300_Water_Temperature]]
2025-10-15 19:15:31.909,150.499,Montrose_WaterTempDrop_85,atomic,[Montrose_WaterTempDrop_85],[1.0000],1,1,1.0000,[[MontroseBeach201508291300_Water_Temperature]]
2025-10-15 19:15:31.966,150.556,Montrose_WaterTempDrop_85,atomic,[Montrose_WaterTempDrop_85],[1.0000],1,1,1.0000,[[MontroseBeach201508291400_Water_Temperature]]
2025-10-15 19:15:31.966,150.556,Calumet_WaterTempDrop_85,atomic,[Calumet_WaterTempDrop_85],[1.0000],1,1,1.0000,[[CalumetBeach201508291400_Water_Temperature]]
2025-10-15 19:15:31.967,150.557,63rd_WaterTempDrop_85,atomic,[63rd_WaterTempDrop_85],[1.0000],1,1,1.0000,[[63rdStreetBeach201508291400_Water_Temperature]]
2025-10-15 19:15:32.026,150.616,Montrose_WaterTempDrop_85,atomic,[Montrose_WaterTempDrop_85],[1.0000],1,1,1.0000,[[MontroseBeach201508291500_Water_Temperature]]
2025-10-15 19:15:32.028,150.618,Calumet_WaterTempDrop_85,atomic,[Calumet_WaterTempDrop_85],[1.0000],1,1,1.0000,[[CalumetBeach201508291500_Water_Temperature]]
2025-10-15 19:15:32.029,150.619,63rd_WaterTempDrop_85,atomic,[63rd_WaterTempDrop_85],[1.0000],1,1,1.0000,[[63rdStreetBeach201508291500_Water_Temperature]]
2025-10-15 19:15:32.090,150.680,63rd_WaterTempDrop_85,atomic,[63rd_WaterTempDrop_85],[1.0000],1,1,1.0000,[[63rdStreetBeach201508291600_Water_Temperature]]
2025-10-15 19:15:32.091,150.681,Calumet_WaterTempDrop_85,atomic,[Calumet_WaterTempDrop_85],[1.0000],1,1,1.0000,[[CalumetBeach201508291600_Water_Temperature]]
2025-10-15 19:15:32.092,150.682,Montrose_WaterTempDrop_85,atomic,[Montrose_WaterTempDrop_85],[1.0000],1,1,1.0000,[[MontroseBeach201508291600_Water_Temperature]]
2025-10-15 19:15:32.149,150.739,Montrose_WaterTempDrop_85,atomic,[Montrose_WaterTempDrop_85],[1.0000],1,1,1.0000,[[MontroseBeach201508291700_Water_Temperature]]
2025-10-15 19:15:32.149,150.739,Calumet_WaterTempDrop_85,atomic,[Calumet_WaterTempDrop_85],[1.0000],1,1,1.0000,[[CalumetBeach201508291700_Water_Temperature]]
2025-10-15 19:15:32.213,150.803,Calumet_WaterTempDrop_85,atomic,[Calumet_WaterTempDrop_85],[0.9695],1,1,0.9695,[[CalumetBeach201508291800_Water_Temperature]]
2025-10-15 19:15:32.214,150.804,Montrose_WaterTempDrop_85,atomic,[Montrose_WaterTempDrop_85],[1.0000],1,1,1.0000,[[MontroseBeach201508291800_Water_Temperature]]
2025-10-15 19:15:32.216,150.806,63rd_WaterTempDrop_85,atomic,[63rd_WaterTempDrop_85],[1.0000],1,1,1.0000,[[63rdStreetBeach201508291800_Water_Temperature]]
2025-10-15 19:15:32.274,150.864,Montrose_WaterTempDrop_85,atomic,[Montrose_WaterTempDrop_85],[1.0000],1,1,1.0000,[[MontroseBeach201508291900_Water_Temperature]]
2025-10-15 19:15:32.275,150.865,Calumet_WaterTempDrop_85,atomic,[Calumet_WaterTempDrop_85],[1.0000],1,1,1.0000,[[CalumetBeach201508291900_Water_Temperature]]
2025-10-15 19:15:32.335,150.925,Calumet_WaterTempDrop_85,atomic,[Calumet_WaterTempDrop_85],[0.9672],1,1,0.9672,[[CalumetBeach201508292000_Water_Temperature]]
2025-10-15 19:15:32.337,150.927,Montrose_WaterTempDrop_85,atomic,[Montrose_WaterTempDrop_85],[1.0000],1,1,1.0000,[[MontroseBeach201508292000_Water_Temperature]]
2025-10-15 19:15:32.339,150.929,63rd_WaterTempDrop_85,atomic,[63rd_WaterTempDrop_85],[1.0000],1,1,1.0000,[[63rdStreetBeach201508292000_Water_Temperature]]
2025-10-15 19:15:32.397,150.987,Calumet_WaterTempDrop_85,atomic,[Calumet_WaterTempDrop_85],[1.0000],1,1,1.0000,[[CalumetBeach201508292100_Water_Temperature]]
2025-10-15 19:15:32.398,150.988,Montrose_WaterTempDrop_85,atomic,[Montrose_WaterTempDrop_85],[1.0000],1,1,1.0000,[[MontroseBeach201508292100_Water_Temperature]]
2025-10-15 19:15:32.460,151.050,Montrose_WaterTempDrop_85,atomic,[Montrose_WaterTempDrop_85],[1.0000],1,1,1.0000,[[MontroseBeach201508292200_Water_Temperature]]
2025-10-15 19:15:32.461,151.051,63rd_WaterTempDrop_85,atomic,[63rd_WaterTempDrop_85],[1.0000],1,1,1.0000,[[63rdStreetBeach201508292200_Water_Temperature]]
2025-10-15 19:15:32.461,151.051,Calumet_WaterTempDrop_85,atomic,[Calumet_WaterTempDrop_85],[1.0000],1,1,1.0000,[[CalumetBeach201508292200_Water_Temperature]]
2025-10-15 19:15:32.522,151.112,63rd_WaterTempDrop_85,atomic,[63rd_WaterTempDrop_85],[1.0000],1,1,1.0000,[[63rdStreetBeach201508292300_Water_Temperature]]
2025-10-15 19:15:32.523,151.113,Calumet_WaterTempDrop_85,atomic,[Calumet_WaterTempDrop_85],[1.0000],1,1,1.0000,[[CalumetBeach201508292300_Water_Temperature]]
2025-10-15 19:15:32.523,151.113,Montrose_WaterTempDrop_85,atomic,[Montrose_WaterTempDrop_85],[1.0000],1,1,1.0000,[[MontroseBeach201508292300_Water_Temperature]]
2025-10-15 19:15:32.583,151.173,63rd_WaterTempDrop_85,atomic,[63rd_WaterTempDrop_85],[0.9718],1,1,0.9718,[[63rdStreetBeach201508302400_Water_Temperature]]
2025-10-15 19:15:32.585,151.175,Montrose_WaterTempDrop_85,atomic,[Montrose_WaterTempDrop_85],[1.0000],1,1,1.0000,[[MontroseBeach201508302400_Water_Temperature]]
2025-10-15 19:15:32.586,151.176,Calumet_WaterTempDrop_85,atomic,[Calumet_WaterTempDrop_85],[1.0000],1,1,1.0000,[[CalumetBeach201508302400_Water_Temperature]]
2025-10-15 19:15:32.646,151.236,Montrose_WaterTempDrop_85,atomic,[Montrose_WaterTempDrop_85],[1.0000],1,1,1.0000,[[MontroseBeach201508300200_Water_Temperature]]
2025-10-15 19:15:32.648,151.238,63rd_WaterTempDrop_85,atomic,[63rd_WaterTempDrop_85],[1.0000],1,1,1.0000,[[63rdStreetBeach201508300200_Water_Temperature]]
2025-10-15 19:15:32.648,151.238,Calumet_WaterTempDrop_85,atomic,[Calumet_WaterTempDrop_85],[1.0000],1,1,1.0000,[[CalumetBeach201508300200_Water_Temperature]]
2025-10-15 19:15:32.707,151.297,63rd_WaterTempDrop_85,atomic,[63rd_WaterTempDrop_85],[0.9690],1,1,0.9690,[[63rdStreetBeach201508300300_Water_Temperature]]
2025-10-15 19:15:32.710,151.300,Calumet_WaterTempDrop_85,atomic,[Calumet_WaterTempDrop_85],[1.0000],1,1,1.0000,[[CalumetBeach201508300300_Water_Temperature]]
2025-10-15 19:15:32.710,151.300,Montrose_WaterTempDrop_85,atomic,[Montrose_WaterTempDrop_85],[1.0000],1,1,1.0000,[[MontroseBeach201508300300_Water_Temperature]]
2025-10-15 19:15:32.769,151.359,Calumet_WaterTempDrop_85,atomic,[Calumet_WaterTempDrop_85],[1.0000],1,1,1.0000,[[CalumetBeach201508300400_Water_Temperature]]
2025-10-15 19:15:32.774,151.364,Montrose_WaterTempDrop_85,atomic,[Montrose_WaterTempDrop_85],[1.0000],1,1,1.0000,[[MontroseBeach201508300400_Water_Temperature]]
2025-10-15 19:15:32.832,151.422,Montrose_WaterTempDrop_85,atomic,[Montrose_WaterTempDrop_85],[1.0000],1,1,1.0000,[[MontroseBeach201508300500_Water_Temperature]]
2025-10-15 19:15:32.833,151.423,Calumet_WaterTempDrop_85,atomic,[Calumet_WaterTempDrop_85],[1.0000],1,1,1.0000,[[CalumetBeach201508300500_Water_Temperature]]
2025-10-15 19:15:32.894,151.484,63rd_WaterTempDrop_85,atomic,[63rd_WaterTempDrop_85],[0.9651],1,1,0.9651,[[63rdStreetBeach201508300600_Water_Temperature]]
2025-10-15 19:15:32.897,151.487,Calumet_WaterTempDrop_85,atomic,[Calumet_WaterTempDrop_85],[1.0000],1,1,1.0000,[[CalumetBeach201508300600_Water_Temperature]]
2025-10-15 19:15:32.898,151.488,Montrose_WaterTempDrop_85,atomic,[Montrose_WaterTempDrop_85],[1.0000],1,1,1.0000,[[MontroseBeach201508300600_Water_Temperature]]
2025-10-15 19:15:32.958,151.548,63rd_WaterTempDrop_85,atomic,[63rd_WaterTempDrop_85],[0.9607],1,1,0.9607,[[63rdStreetBeach201508300700_Water_Temperature]]
2025-10-15 19:15:32.959,151.549,Montrose_WaterTempDrop_85,atomic,[Montrose_WaterTempDrop_85],[1.0000],1,1,1.0000,[[MontroseBeach201508300700_Water_Temperature]]
2025-10-15 19:15:32.960,151.550,Calumet_WaterTempDrop_85,atomic,[Calumet_WaterTempDrop_85],[1.0000],1,1,1.0000,[[CalumetBeach201508300700_Water_Temperature]]
2025-10-15 19:15:33.021,151.611,Montrose_WaterTempDrop_85,atomic,[Montrose_WaterTempDrop_85],[1.0000],1,1,1.0000,[[MontroseBeach201508300800_Water_Temperature]]
2025-10-15 19:15:33.022,151.612,63rd_WaterTempDrop_85,atomic,[63rd_WaterTempDrop_85],[1.0000],1,1,1.0000,[[63rdStreetBeach201508300800_Water_Temperature]]
2025-10-15 19:15:33.023,151.613,Calumet_WaterTempDrop_85,atomic,[Calumet_WaterTempDrop_85],[1.0000],1,1,1.0000,[[CalumetBeach201508300800_Water_Temperature]]
2025-10-15 19:15:33.084,151.674,63rd_WaterTempDrop_85,atomic,[63rd_WaterTempDrop_85],[1.0000],1,1,1.0000,[[63rdStreetBeach201508300900_Water_Temperature]]
2025-10-15 19:15:33.086,151.676,Montrose_WaterTempDrop_85,atomic,[Montrose_WaterTempDrop_85],[1.0000],1,1,1.0000,[[MontroseBeach201508300900_Water_Temperature]]
2025-10-15 19:15:33.087,151.677,Calumet_WaterTempDrop_85,atomic,[Calumet_WaterTempDrop_85],[1.0000],1,1,1.0000,[[CalumetBeach201508300900_Water_Temperature]]
2025-10-15 19:15:33.147,151.737,Montrose_WaterTempDrop_85,atomic,[Montrose_WaterTempDrop_85],[1.0000],1,1,1.0000,[[MontroseBeach201508301000_Water_Temperature]]
2025-10-15 19:15:33.147,151.737,Calumet_WaterTempDrop_85,atomic,[Calumet_WaterTempDrop_85],[1.0000],1,1,1.0000,[[CalumetBeach201508301000_Water_Temperature]]
2025-10-15 19:15:33.148,151.738,63rd_WaterTempDrop_85,atomic,[63rd_WaterTempDrop_85],[1.0000],1,1,1.0000,[[63rdStreetBeach201508301000_Water_Temperature]]
2025-10-15 19:15:33.211,151.801,Montrose_WaterTempDrop_85,atomic,[Montrose_WaterTempDrop_85],[1.0000],1,1,1.0000,[[MontroseBeach201508301100_Water_Temperature]]
2025-10-15 19:15:33.212,151.802,63rd_WaterTempDrop_85,atomic,[63rd_WaterTempDrop_85],[1.0000],1,1,1.0000,[[63rdStreetBeach201508301100_Water_Temperature]]
2025-10-15 19:15:33.213,151.803,Calumet_WaterTempDrop_85,atomic,[Calumet_WaterTempDrop_85],[1.0000],1,1,1.0000,[[CalumetBeach201508301100_Water_Temperature]]
2025-10-15 19:15:33.272,151.862,63rd_WaterTempDrop_85,atomic,[63rd_WaterTempDrop_85],[1.0000],1,1,1.0000,[[63rdStreetBeach201508301200_Water_Temperature]]
2025-10-15 19:15:33.277,151.867,Montrose_WaterTempDrop_85,atomic,[Montrose_WaterTempDrop_85],[1.0000],1,1,1.0000,[[MontroseBeach201508301200_Water_Temperature]]
2025-10-15 19:15:33.278,151.868,Calumet_WaterTempDrop_85,atomic,[Calumet_WaterTempDrop_85],[1.0000],1,1,1.0000,[[CalumetBeach201508301200_Water_Temperature]]
2025-10-15 19:15:33.335,151.925,Montrose_WaterTempDrop_85,atomic,[Montrose_WaterTempDrop_85],[0.9735],1,1,0.9735,[[MontroseBeach201508301300_Water_Temperature]]
2025-10-15 19:15:33.336,151.926,Calumet_WaterTempDrop_85,atomic,[Calumet_WaterTempDrop_85],[0.9729],1,1,0.9729,[[CalumetBeach201508301300_Water_Temperature]]
2025-10-15 19:15:33.339,151.929,63rd_WaterTempDrop_85,atomic,[63rd_WaterTempDrop_85],[1.0000],1,1,1.0000,[[63rdStreetBeach201508301300_Water_Temperature]]
2025-10-15 19:15:33.398,151.988,Montrose_WaterTempDrop_85,atomic,[Montrose_WaterTempDrop_85],[0.9700],1,1,0.9700,[[MontroseBeach201508301400_Water_Temperature]]
2025-10-15 19:15:33.398,151.988,Calumet_WaterTempDrop_85,atomic,[Calumet_WaterTempDrop_85],[1.0000],1,1,1.0000,[[CalumetBeach201508301400_Water_Temperature]]
2025-10-15 19:15:33.458,152.048,Montrose_WaterTempDrop_85,atomic,[Montrose_WaterTempDrop_85],[0.9661],1,1,0.9661,[[MontroseBeach201508301500_Water_Temperature]]
2025-10-15 19:15:33.461,152.051,Calumet_WaterTempDrop_85,atomic,[Calumet_WaterTempDrop_85],[1.0000],1,1,1.0000,[[CalumetBeach201508301500_Water_Temperature]]
2025-10-15 19:15:33.522,152.112,Calumet_WaterTempDrop_85,atomic,[Calumet_WaterTempDrop_85],[0.9704],1,1,0.9704,[[CalumetBeach201508301600_Water_Temperature]]
2025-10-15 19:15:33.522,152.112,Montrose_WaterTempDrop_85,atomic,[Montrose_WaterTempDrop_85],[1.0000],1,1,1.0000,[[MontroseBeach201508301600_Water_Temperature]]
2025-10-15 19:15:33.585,152.175,Montrose_WaterTempDrop_85,atomic,[Montrose_WaterTempDrop_85],[0.9638],1,1,0.9638,[[MontroseBeach201508301700_Water_Temperature]]
2025-10-15 19:15:33.586,152.176,63rd_WaterTempDrop_85,atomic,[63rd_WaterTempDrop_85],[1.0000],1,1,1.0000,[[63rdStreetBeach201508301700_Water_Temperature]]
2025-10-15 19:15:33.587,152.177,Calumet_WaterTempDrop_85,atomic,[Calumet_WaterTempDrop_85],[1.0000],1,1,1.0000,[[CalumetBeach201508301700_Water_Temperature]]
2025-10-15 19:15:33.647,152.237,Montrose_WaterTempDrop_85,atomic,[Montrose_WaterTempDrop_85],[0.9593],1,1,0.9593,[[MontroseBeach201508301800_Water_Temperature]]
2025-10-15 19:15:33.647,152.237,Calumet_WaterTempDrop_85,atomic,[Calumet_WaterTempDrop_85],[1.0000],1,1,1.0000,[[CalumetBeach201508301800_Water_Temperature]]
2025-10-15 19:15:33.649,152.239,63rd_WaterTempDrop_85,atomic,[63rd_WaterTempDrop_85],[1.0000],1,1,1.0000,[[63rdStreetBeach201508301800_Water_Temperature]]
2025-10-15 19:15:33.712,152.302,Calumet_WaterTempDrop_85,atomic,[Calumet_WaterTempDrop_85],[1.0000],1,1,1.0000,[[CalumetBeach201508301900_Water_Temperature]]
2025-10-15 19:15:33.713,152.303,Montrose_WaterTempDrop_85,atomic,[Montrose_WaterTempDrop_85],[1.0000],1,1,1.0000,[[MontroseBeach201508301900_Water_Temperature]]
2025-10-15 19:15:33.714,152.304,63rd_WaterTempDrop_85,atomic,[63rd_WaterTempDrop_85],[1.0000],1,1,1.0000,[[63rdStreetBeach201508301900_Water_Temperature]]
2025-10-15 19:15:33.774,152.364,Calumet_WaterTempDrop_85,atomic,[Calumet_WaterTempDrop_85],[1.0000],1,1,1.0000,[[CalumetBeach201508302000_Water_Temperature]]
2025-10-15 19:15:33.775,152.365,Montrose_WaterTempDrop_85,atomic,[Montrose_WaterTempDrop_85],[1.0000],1,1,1.0000,[[MontroseBeach201508302000_Water_Temperature]]
2025-10-15 19:15:33.775,152.365,63rd_WaterTempDrop_85,atomic,[63rd_WaterTempDrop_85],[1.0000],1,1,1.0000,[[63rdStreetBeach201508302000_Water_Temperature]]
2025-10-15 19:15:33.836,152.426,Calumet_WaterTempDrop_85,atomic,[Calumet_WaterTempDrop_85],[0.9700],1,1,0.9700,[[CalumetBeach201508302100_Water_Temperature]]
2025-10-15 19:15:33.838,152.428,Montrose_WaterTempDrop_85,atomic,[Montrose_WaterTempDrop_85],[1.0000],1,1,1.0000,[[MontroseBeach201508302100_Water_Temperature]]
2025-10-15 19:15:33.838,152.428,63rd_WaterTempDrop_85,atomic,[63rd_WaterTempDrop_85],[1.0000],1,1,1.0000,[[63rdStreetBeach201508302100_Water_Temperature]]
2025-10-15 19:15:33.898,152.488,Calumet_WaterTempDrop_85,atomic,[Calumet_WaterTempDrop_85],[0.9661],1,1,0.9661,[[CalumetBeach201508302200_Water_Temperature]]
2025-10-15 19:15:33.898,152.488,63rd_WaterTempDrop_85,atomic,[63rd_WaterTempDrop_85],[1.0000],1,1,1.0000,[[63rdStreetBeach201508302200_Water_Temperature]]
2025-10-15 19:15:33.899,152.489,Montrose_WaterTempDrop_85,atomic,[Montrose_WaterTempDrop_85],[1.0000],1,1,1.0000,[[MontroseBeach201508302200_Water_Temperature]]
2025-10-15 19:15:33.958,152.548,Calumet_WaterTempDrop_85,atomic,[Calumet_WaterTempDrop_85],[0.9619],1,1,0.9619,[[CalumetBeach201508302300_Water_Temperature]]
2025-10-15 19:15:33.959,152.549,Montrose_WaterTempDrop_85,atomic,[Montrose_WaterTempDrop_85],[0.9654],1,1,0.9654,[[MontroseBeach201508302300_Water_Temperature]]
2025-10-15 19:15:34.021,152.611,Calumet_WaterTempDrop_85,atomic,[Calumet_WaterTempDrop_85],[0.9571],1,1,0.9571,[[CalumetBeach201508312400_Water_Temperature]]
2025-10-15 19:15:34.023,152.613,63rd_WaterTempDrop_85,atomic,[63rd_WaterTempDrop_85],[1.0000],1,1,1.0000,[[63rdStreetBeach201508312400_Water_Temperature]]
2025-10-15 19:15:34.024,152.614,Montrose_WaterTempDrop_85,atomic,[Montrose_WaterTempDrop_85],[1.0000],1,1,1.0000,[[MontroseBeach201508312400_Water_Temperature]]
2025-10-15 19:15:34.086,152.676,Montrose_WaterTempDrop_85,atomic,[Montrose_WaterTempDrop_85],[1.0000],1,1,1.0000,[[MontroseBeach201508310100_Water_Temperature]]
2025-10-15 19:15:34.088,152.678,63rd_WaterTempDrop_85,atomic,[63rd_WaterTempDrop_85],[1.0000],1,1,1.0000,[[63rdStreetBeach201508310100_Water_Temperature]]
2025-10-15 19:15:34.089,152.679,Calumet_WaterTempDrop_85,atomic,[Calumet_WaterTempDrop_85],[1.0000],1,1,1.0000,[[CalumetBeach201508310100_Water_Temperature]]
2025-10-15 19:15:34.146,152.736,Montrose_WaterTempDrop_85,atomic,[Montrose_WaterTempDrop_85],[0.9655],1,1,0.9655,[[MontroseBeach201508310200_Water_Temperature]]
2025-10-15 19:15:34.148,152.738,Calumet_WaterTempDrop_85,atomic,[Calumet_WaterTempDrop_85],[0.9565],1,1,0.9565,[[CalumetBeach201508310200_Water_Temperature]]
2025-10-15 19:15:34.148,152.738,63rd_WaterTempDrop_85,atomic,[63rd_WaterTempDrop_85],[1.0000],1,1,1.0000,[[63rdStreetBeach201508310200_Water_Temperature]]
2025-10-15 19:15:34.211,152.801,Montrose_WaterTempDrop_85,atomic,[Montrose_WaterTempDrop_85],[1.0000],1,1,1.0000,[[MontroseBeach201508310300_Water_Temperature]]
2025-10-15 19:15:34.212,152.802,Calumet_WaterTempDrop_85,atomic,[Calumet_WaterTempDrop_85],[1.0000],1,1,1.0000,[[CalumetBeach201508310300_Water_Temperature]]
2025-10-15 19:15:34.213,152.803,63rd_WaterTempDrop_85,atomic,[63rd_WaterTempDrop_85],[1.0000],1,1,1.0000,[[63rdStreetBeach201508310300_Water_Temperature]]
2025-10-15 19:15:34.273,152.863,63rd_WaterTempDrop_85,atomic,[63rd_WaterTempDrop_85],[1.0000],1,1,1.0000,[[63rdStreetBeach201508310400_Water_Temperature]]
2025-10-15 19:15:34.273,152.863,Calumet_WaterTempDrop_85,atomic,[Calumet_WaterTempDrop_85],[0.9562],1,1,0.9562,[[CalumetBeach201508310400_Water_Temperature]]
2025-10-15 19:15:34.274,152.864,Montrose_WaterTempDrop_85,atomic,[Montrose_WaterTempDrop_85],[1.0000],1,1,1.0000,[[MontroseBeach201508310400_Water_Temperature]]
2025-10-15 19:15:34.336,152.926,Calumet_WaterTempDrop_85,atomic,[Calumet_WaterTempDrop_85],[1.0000],1,1,1.0000,[[CalumetBeach201508310500_Water_Temperature]]
2025-10-15 19:15:34.337,152.927,Montrose_WaterTempDrop_85,atomic,[Montrose_WaterTempDrop_85],[1.0000],1,1,1.0000,[[MontroseBeach201508310500_Water_Temperature]]
2025-10-15 19:15:34.401,152.991,Montrose_WaterTempDrop_85,atomic,[Montrose_WaterTempDrop_85],[1.0000],1,1,1.0000,[[MontroseBeach201508310600_Water_Temperature]]
2025-10-15 19:15:34.402,152.992,Calumet_WaterTempDrop_85,atomic,[Calumet_WaterTempDrop_85],[1.0000],1,1,1.0000,[[CalumetBeach201508310600_Water_Temperature]]
2025-10-15 19:15:34.404,152.994,63rd_WaterTempDrop_85,atomic,[63rd_WaterTempDrop_85],[1.0000],1,1,1.0000,[[63rdStreetBeach201508310600_Water_Temperature]]
2025-10-15 19:15:34.462,153.052,Calumet_WaterTempDrop_85,atomic,[Calumet_WaterTempDrop_85],[0.9598],1,1,0.9598,[[CalumetBeach201508310700_Water_Temperature]]
2025-10-15 19:15:34.463,153.053,63rd_WaterTempDrop_85,atomic,[63rd_WaterTempDrop_85],[0.9731],1,1,0.9731,[[63rdStreetBeach201508310700_Water_Temperature]]
2025-10-15 19:15:34.464,153.054,Montrose_WaterTempDrop_85,atomic,[Montrose_WaterTempDrop_85],[1.0000],1,1,1.0000,[[MontroseBeach201508310700_Water_Temperature]]
2025-10-15 19:15:34.524,153.114,63rd_WaterTempDrop_85,atomic,[63rd_WaterTempDrop_85],[0.9696],1,1,0.9696,[[63rdStreetBeach201508310800_Water_Temperature]]
2025-10-15 19:15:34.526,153.116,Calumet_WaterTempDrop_85,atomic,[Calumet_WaterTempDrop_85],[0.9552],1,1,0.9552,[[CalumetBeach201508310800_Water_Temperature]]
2025-10-15 19:15:34.526,153.116,Montrose_WaterTempDrop_85,atomic,[Montrose_WaterTempDrop_85],[1.0000],1,1,1.0000,[[MontroseBeach201508310800_Water_Temperature]]
2025-10-15 19:15:34.589,153.179,Montrose_WaterTempDrop_85,atomic,[Montrose_WaterTempDrop_85],[0.9702],1,1,0.9702,[[MontroseBeach201508310900_Water_Temperature]]
2025-10-15 19:15:34.589,153.179,63rd_WaterTempDrop_85,atomic,[63rd_WaterTempDrop_85],[1.0000],1,1,1.0000,[[63rdStreetBeach201508310900_Water_Temperature]]
2025-10-15 19:15:34.590,153.180,Calumet_WaterTempDrop_85,atomic,[Calumet_WaterTempDrop_85],[1.0000],1,1,1.0000,[[CalumetBeach201508310900_Water_Temperature]]
2025-10-15 19:15:34.650,153.240,Calumet_WaterTempDrop_85,atomic,[Calumet_WaterTempDrop_85],[1.0000],1,1,1.0000,[[CalumetBeach201508311000_Water_Temperature]]
2025-10-15 19:15:34.650,153.240,Montrose_WaterTempDrop_85,atomic,[Montrose_WaterTempDrop_85],[1.0000],1,1,1.0000,[[MontroseBeach201508311000_Water_Temperature]]
2025-10-15 19:15:34.714,153.304,Montrose_WaterTempDrop_85,atomic,[Montrose_WaterTempDrop_85],[1.0000],1,1,1.0000,[[MontroseBeach201508311100_Water_Temperature]]
2025-10-15 19:15:34.715,153.305,63rd_WaterTempDrop_85,atomic,[63rd_WaterTempDrop_85],[1.0000],1,1,1.0000,[[63rdStreetBeach201508311100_Water_Temperature]]
2025-10-15 19:15:34.717,153.307,Calumet_WaterTempDrop_85,atomic,[Calumet_WaterTempDrop_85],[1.0000],1,1,1.0000,[[CalumetBeach201508311100_Water_Temperature]]
2025-10-15 19:15:34.796,153.386,Montrose_WaterTempDrop_85,atomic,[Montrose_WaterTempDrop_85],[1.0000],1,1,1.0000,[[MontroseBeach201508311200_Water_Temperature]]
2025-10-15 19:15:34.796,153.386,Calumet_WaterTempDrop_85,atomic,[Calumet_WaterTempDrop_85],[1.0000],1,1,1.0000,[[CalumetBeach201508311200_Water_Temperature]]
2025-10-15 19:15:34.839,153.429,Montrose_WaterTempDrop_85,atomic,[Montrose_WaterTempDrop_85],[1.0000],1,1,1.0000,[[MontroseBeach201508311300_Water_Temperature]]
2025-10-15 19:15:34.840,153.430,Calumet_WaterTempDrop_85,atomic,[Calumet_WaterTempDrop_85],[1.0000],1,1,1.0000,[[CalumetBeach201508311300_Water_Temperature]]
2025-10-15 19:15:34.901,153.491,63rd_WaterTempDrop_85,atomic,[63rd_WaterTempDrop_85],[1.0000],1,1,1.0000,[[63rdStreetBeach201508311400_Water_Temperature]]
2025-10-15 19:15:34.903,153.493,Montrose_WaterTempDrop_85,atomic,[Montrose_WaterTempDrop_85],[1.0000],1,1,1.0000,[[MontroseBeach201508311400_Water_Temperature]]
2025-10-15 19:15:34.963,153.553,Calumet_WaterTempDrop_85,atomic,[Calumet_WaterTempDrop_85],[0.9679],1,1,0.9679,[[CalumetBeach201508311500_Water_Temperature]]
2025-10-15 19:15:34.965,153.555,Montrose_WaterTempDrop_85,atomic,[Montrose_WaterTempDrop_85],[1.0000],1,1,1.0000,[[MontroseBeach201508311500_Water_Temperature]]
2025-10-15 19:15:35.024,153.614,Calumet_WaterTempDrop_85,atomic,[Calumet_WaterTempDrop_85],[0.9642],1,1,0.9642,[[CalumetBeach201508311600_Water_Temperature]]
2025-10-15 19:15:35.026,153.616,63rd_WaterTempDrop_85,atomic,[63rd_WaterTempDrop_85],[0.9689],1,1,0.9689,[[63rdStreetBeach201508311600_Water_Temperature]]
2025-10-15 19:15:35.026,153.616,Montrose_WaterTempDrop_85,atomic,[Montrose_WaterTempDrop_85],[1.0000],1,1,1.0000,[[MontroseBeach201508311600_Water_Temperature]]
2025-10-15 19:15:35.091,153.681,63rd_WaterTempDrop_85,atomic,[63rd_WaterTempDrop_85],[0.9650],1,1,0.9650,[[63rdStreetBeach201508311700_Water_Temperature]]
2025-10-15 19:15:35.091,153.681,Montrose_WaterTempDrop_85,atomic,[Montrose_WaterTempDrop_85],[1.0000],1,1,1.0000,[[MontroseBeach201508311700_Water_Temperature]]
2025-10-15 19:15:35.150,153.740,63rd_WaterTempDrop_85,atomic,[63rd_WaterTempDrop_85],[0.9606],1,1,0.9606,[[63rdStreetBeach201508311800_Water_Temperature]]
2025-10-15 19:15:35.150,153.740,Calumet_WaterTempDrop_85,atomic,[Calumet_WaterTempDrop_85],[0.9627],1,1,0.9627,[[CalumetBeach201508311800_Water_Temperature]]
2025-10-15 19:15:35.153,153.743,Montrose_WaterTempDrop_85,atomic,[Montrose_WaterTempDrop_85],[1.0000],1,1,1.0000,[[MontroseBeach201508311800_Water_Temperature]]
2025-10-15 19:15:35.213,153.803,Montrose_WaterTempDrop_85,atomic,[Montrose_WaterTempDrop_85],[0.9725],1,1,0.9725,[[MontroseBeach201508311900_Water_Temperature]]
2025-10-15 19:15:35.213,153.803,Calumet_WaterTempDrop_85,atomic,[Calumet_WaterTempDrop_85],[0.9584],1,1,0.9584,[[CalumetBeach201508311900_Water_Temperature]]
2025-10-15 19:15:35.214,153.804,63rd_WaterTempDrop_85,atomic,[63rd_WaterTempDrop_85],[0.9557],1,1,0.9557,[[63rdStreetBeach201508311900_Water_Temperature]]
2025-10-15 19:15:35.275,153.865,Calumet_WaterTempDrop_85,atomic,[Calumet_WaterTempDrop_85],[0.9536],1,1,0.9536,[[CalumetBeach201508312000_Water_Temperature]]
2025-10-15 19:15:35.276,153.866,63rd_WaterTempDrop_85,atomic,[63rd_WaterTempDrop_85],[0.9504],1,1,0.9504,[[63rdStreetBeach201508312000_Water_Temperature]]
2025-10-15 19:15:35.276,153.866,Montrose_WaterTempDrop_85,atomic,[Montrose_WaterTempDrop_85],[1.0000],1,1,1.0000,[[MontroseBeach201508312000_Water_Temperature]]
2025-10-15 19:15:35.338,153.928,Calumet_WaterTempDrop_85,atomic,[Calumet_WaterTempDrop_85],[0.9484],1,1,0.9484,[[CalumetBeach201508312100_Water_Temperature]]
2025-10-15 19:15:35.340,153.930,Montrose_WaterTempDrop_85,atomic,[Montrose_WaterTempDrop_85],[0.9697],1,1,0.9697,[[MontroseBeach201508312100_Water_Temperature]]
2025-10-15 19:15:35.341,153.931,63rd_WaterTempDrop_85,atomic,[63rd_WaterTempDrop_85],[0.9445],1,1,0.9445,[[63rdStreetBeach201508312100_Water_Temperature]]
2025-10-15 19:15:35.402,153.992,Montrose_WaterTempDrop_85,atomic,[Montrose_WaterTempDrop_85],[0.9658],1,1,0.9658,[[MontroseBeach201508312200_Water_Temperature]]
2025-10-15 19:15:35.404,153.994,Calumet_WaterTempDrop_85,atomic,[Calumet_WaterTempDrop_85],[1.0000],1,1,1.0000,[[CalumetBeach201508312200_Water_Temperature]]
2025-10-15 19:15:35.463,154.053,Calumet_WaterTempDrop_85,atomic,[Calumet_WaterTempDrop_85],[0.9504],1,1,0.9504,[[CalumetBeach201508312300_Water_Temperature]]
2025-10-15 19:15:35.465,154.055,63rd_WaterTempDrop_85,atomic,[63rd_WaterTempDrop_85],[1.0000],1,1,1.0000,[[63rdStreetBeach201508312300_Water_Temperature]]
2025-10-15 19:15:35.467,154.057,Montrose_WaterTempDrop_85,atomic,[Montrose_WaterTempDrop_85],[1.0000],1,1,1.0000,[[MontroseBeach201508312300_Water_Temperature]]
2025-10-15 19:15:35.526,154.116,Montrose_WaterTempDrop_85,atomic,[Montrose_WaterTempDrop_85],[1.0000],1,1,1.0000,[[MontroseBeach201509012400_Water_Temperature]]
2025-10-15 19:15:35.589,154.179,Montrose_WaterTempDrop_85,atomic,[Montrose_WaterTempDrop_85],[1.0000],1,1,1.0000,[[MontroseBeach201509010100_Water_Temperature]]
2025-10-15 19:15:35.590,154.180,Calumet_WaterTempDrop_85,atomic,[Calumet_WaterTempDrop_85],[1.0000],1,1,1.0000,[[CalumetBeach201509010100_Water_Temperature]]
2025-10-15 19:15:35.649,154.239,Montrose_WaterTempDrop_85,atomic,[Montrose_WaterTempDrop_85],[0.9668],1,1,0.9668,[[MontroseBeach201509010200_Water_Temperature]]
2025-10-15 19:15:35.650,154.240,Calumet_WaterTempDrop_85,atomic,[Calumet_WaterTempDrop_85],[1.0000],1,1,1.0000,[[CalumetBeach201509010200_Water_Temperature]]
2025-10-15 19:15:35.711,154.301,Montrose_WaterTempDrop_85,atomic,[Montrose_WaterTempDrop_85],[1.0000],1,1,1.0000,[[MontroseBeach201509010300_Water_Temperature]]
2025-10-15 19:15:35.714,154.304,Calumet_WaterTempDrop_85,atomic,[Calumet_WaterTempDrop_85],[1.0000],1,1,1.0000,[[CalumetBeach201509010300_Water_Temperature]]
2025-10-15 19:15:35.770,154.360,Montrose_WaterTempDrop_85,atomic,[Montrose_WaterTempDrop_85],[0.9647],1,1,0.9647,[[MontroseBeach201509010400_Water_Temperature]]
2025-10-15 19:15:35.773,154.363,Calumet_WaterTempDrop_85,atomic,[Calumet_WaterTempDrop_85],[0.9586],1,1,0.9586,[[CalumetBeach201509010400_Water_Temperature]]
2025-10-15 19:15:35.836,154.426,Calumet_WaterTempDrop_85,atomic,[Calumet_WaterTempDrop_85],[1.0000],1,1,1.0000,[[CalumetBeach201509010500_Water_Temperature]]
2025-10-15 19:15:35.838,154.428,Montrose_WaterTempDrop_85,atomic,[Montrose_WaterTempDrop_85],[1.0000],1,1,1.0000,[[MontroseBeach201509010500_Water_Temperature]]
2025-10-15 19:15:35.897,154.487,Calumet_WaterTempDrop_85,atomic,[Calumet_WaterTempDrop_85],[1.0000],1,1,1.0000,[[CalumetBeach201509010600_Water_Temperature]]
2025-10-15 19:15:35.898,154.488,Montrose_WaterTempDrop_85,atomic,[Montrose_WaterTempDrop_85],[1.0000],1,1,1.0000,[[MontroseBeach201509010600_Water_Temperature]]
2025-10-15 19:15:35.899,154.489,63rd_WaterTempDrop_85,atomic,[63rd_WaterTempDrop_85],[1.0000],1,1,1.0000,[[63rdStreetBeach201509010600_Water_Temperature]]
2025-10-15 19:15:35.959,154.549,Calumet_WaterTempDrop_85,atomic,[Calumet_WaterTempDrop_85],[1.0000],1,1,1.0000,[[CalumetBeach201509010700_Water_Temperature]]
2025-10-15 19:15:35.959,154.549,Montrose_WaterTempDrop_85,atomic,[Montrose_WaterTempDrop_85],[1.0000],1,1,1.0000,[[MontroseBeach201509010700_Water_Temperature]]
2025-10-15 19:15:36.024,154.614,Calumet_WaterTempDrop_85,atomic,[Calumet_WaterTempDrop_85],[1.0000],1,1,1.0000,[[CalumetBeach201509010800_Water_Temperature]]
2025-10-15 19:15:36.025,154.615,Montrose_WaterTempDrop_85,atomic,[Montrose_WaterTempDrop_85],[1.0000],1,1,1.0000,[[MontroseBeach201509010800_Water_Temperature]]
2025-10-15 19:15:36.084,154.674,Calumet_WaterTempDrop_85,atomic,[Calumet_WaterTempDrop_85],[1.0000],1,1,1.0000,[[CalumetBeach201509010900_Water_Temperature]]
2025-10-15 19:15:36.085,154.675,Montrose_WaterTempDrop_85,atomic,[Montrose_WaterTempDrop_85],[1.0000],1,1,1.0000,[[MontroseBeach201509010900_Water_Temperature]]
2025-10-15 19:15:36.147,154.737,Calumet_WaterTempDrop_85,atomic,[Calumet_WaterTempDrop_85],[0.9677],1,1,0.9677,[[CalumetBeach201509011000_Water_Temperature]]
2025-10-15 19:15:36.149,154.739,63rd_WaterTempDrop_85,atomic,[63rd_WaterTempDrop_85],[1.0000],1,1,1.0000,[[63rdStreetBeach201509011000_Water_Temperature]]
2025-10-15 19:15:36.149,154.739,Montrose_WaterTempDrop_85,atomic,[Montrose_WaterTempDrop_85],[1.0000],1,1,1.0000,[[MontroseBeach201509011000_Water_Temperature]]
2025-10-15 19:15:36.208,154.798,Montrose_WaterTempDrop_85,atomic,[Montrose_WaterTempDrop_85],[1.0000],1,1,1.0000,[[MontroseBeach201509011100_Water_Temperature]]
2025-10-15 19:15:36.209,154.799,63rd_WaterTempDrop_85,atomic,[63rd_WaterTempDrop_85],[1.0000],1,1,1.0000,[[63rdStreetBeach201509011100_Water_Temperature]]
2025-10-15 19:15:36.211,154.801,Calumet_WaterTempDrop_85,atomic,[Calumet_WaterTempDrop_85],[1.0000],1,1,1.0000,[[CalumetBeach201509011100_Water_Temperature]]
2025-10-15 19:15:36.269,154.859,63rd_WaterTempDrop_85,atomic,[63rd_WaterTempDrop_85],[0.9488],1,1,0.9488,[[63rdStreetBeach201509011200_Water_Temperature]]
2025-10-15 19:15:36.270,154.860,Montrose_WaterTempDrop_85,atomic,[Montrose_WaterTempDrop_85],[1.0000],1,1,1.0000,[[MontroseBeach201509011200_Water_Temperature]]
2025-10-15 19:15:36.273,154.863,Calumet_WaterTempDrop_85,atomic,[Calumet_WaterTempDrop_85],[1.0000],1,1,1.0000,[[CalumetBeach201509011200_Water_Temperature]]
2025-10-15 19:15:36.334,154.924,Montrose_WaterTempDrop_85,atomic,[Montrose_WaterTempDrop_85],[0.9709],1,1,0.9709,[[MontroseBeach201509011300_Water_Temperature]]
2025-10-15 19:15:36.334,154.924,63rd_WaterTempDrop_85,atomic,[63rd_WaterTempDrop_85],[0.9435],1,1,0.9435,[[63rdStreetBeach201509011300_Water_Temperature]]
2025-10-15 19:15:36.335,154.925,Calumet_WaterTempDrop_85,atomic,[Calumet_WaterTempDrop_85],[0.9673],1,1,0.9673,[[CalumetBeach201509011300_Water_Temperature]]
2025-10-15 19:15:36.394,154.984,Montrose_WaterTempDrop_85,atomic,[Montrose_WaterTempDrop_85],[1.0000],1,1,1.0000,[[MontroseBeach201509011400_Water_Temperature]]
2025-10-15 19:15:36.395,154.985,Calumet_WaterTempDrop_85,atomic,[Calumet_WaterTempDrop_85],[1.0000],1,1,1.0000,[[CalumetBeach201509011400_Water_Temperature]]
2025-10-15 19:15:36.459,155.049,Montrose_WaterTempDrop_85,atomic,[Montrose_WaterTempDrop_85],[0.9684],1,1,0.9684,[[MontroseBeach201509011500_Water_Temperature]]
2025-10-15 19:15:36.460,155.050,Calumet_WaterTempDrop_85,atomic,[Calumet_WaterTempDrop_85],[1.0000],1,1,1.0000,[[CalumetBeach201509011500_Water_Temperature]]
2025-10-15 19:15:36.521,155.111,Calumet_WaterTempDrop_85,atomic,[Calumet_WaterTempDrop_85],[0.9669],1,1,0.9669,[[CalumetBeach201509011600_Water_Temperature]]
2025-10-15 19:15:36.523,155.113,Montrose_WaterTempDrop_85,atomic,[Montrose_WaterTempDrop_85],[0.9645],1,1,0.9645,[[MontroseBeach201509011600_Water_Temperature]]
2025-10-15 19:15:36.525,155.115,63rd_WaterTempDrop_85,atomic,[63rd_WaterTempDrop_85],[1.0000],1,1,1.0000,[[63rdStreetBeach201509011600_Water_Temperature]]
2025-10-15 19:15:36.584,155.174,63rd_WaterTempDrop_85,atomic,[63rd_WaterTempDrop_85],[0.9438],1,1,0.9438,[[63rdStreetBeach201509011700_Water_Temperature]]
2025-10-15 19:15:36.584,155.174,Montrose_WaterTempDrop_85,atomic,[Montrose_WaterTempDrop_85],[0.9601],1,1,0.9601,[[MontroseBeach201509011700_Water_Temperature]]
2025-10-15 19:15:36.586,155.176,Calumet_WaterTempDrop_85,atomic,[Calumet_WaterTempDrop_85],[1.0000],1,1,1.0000,[[CalumetBeach201509011700_Water_Temperature]]
2025-10-15 19:15:36.649,155.239,Montrose_WaterTempDrop_85,atomic,[Montrose_WaterTempDrop_85],[1.0000],1,1,1.0000,[[MontroseBeach201509011800_Water_Temperature]]
2025-10-15 19:15:36.650,155.240,Calumet_WaterTempDrop_85,atomic,[Calumet_WaterTempDrop_85],[1.0000],1,1,1.0000,[[CalumetBeach201509011800_Water_Temperature]]
2025-10-15 19:15:36.650,155.240,63rd_WaterTempDrop_85,atomic,[63rd_WaterTempDrop_85],[1.0000],1,1,1.0000,[[63rdStreetBeach201509011800_Water_Temperature]]
2025-10-15 19:15:36.709,155.299,Montrose_WaterTempDrop_85,atomic,[Montrose_WaterTempDrop_85],[1.0000],1,1,1.0000,[[MontroseBeach201509011900_Water_Temperature]]
2025-10-15 19:15:36.711,155.301,Calumet_WaterTempDrop_85,atomic,[Calumet_WaterTempDrop_85],[1.0000],1,1,1.0000,[[CalumetBeach201509011900_Water_Temperature]]
2025-10-15 19:15:36.711,155.301,63rd_WaterTempDrop_85,atomic,[63rd_WaterTempDrop_85],[1.0000],1,1,1.0000,[[63rdStreetBeach201509011900_Water_Temperature]]
2025-10-15 19:15:36.771,155.361,63rd_WaterTempDrop_85,atomic,[63rd_WaterTempDrop_85],[0.9545],1,1,0.9545,[[63rdStreetBeach201509020700_Water_Temperature]]
2025-10-15 19:15:36.771,155.361,Montrose_WaterTempDrop_85,atomic,[Montrose_WaterTempDrop_85],[1.0000],1,1,1.0000,[[MontroseBeach201509020700_Water_Temperature]]
2025-10-15 19:15:36.772,155.362,Calumet_WaterTempDrop_85,atomic,[Calumet_WaterTempDrop_85],[1.0000],1,1,1.0000,[[CalumetBeach201509020700_Water_Temperature]]
2025-10-15 19:15:36.837,155.427,Calumet_WaterTempDrop_85,atomic,[Calumet_WaterTempDrop_85],[1.0000],1,1,1.0000,[[CalumetBeach201509020800_Water_Temperature]]
2025-10-15 19:15:36.838,155.428,63rd_WaterTempDrop_85,atomic,[63rd_WaterTempDrop_85],[1.0000],1,1,1.0000,[[63rdStreetBeach201509020800_Water_Temperature]]
2025-10-15 19:15:36.838,155.428,Montrose_WaterTempDrop_85,atomic,[Montrose_WaterTempDrop_85],[1.0000],1,1,1.0000,[[MontroseBeach201509020800_Water_Temperature]]
2025-10-15 19:15:36.912,155.502,63rd_WaterTempDrop_85,atomic,[63rd_WaterTempDrop_85],[1.0000],1,1,1.0000,[[63rdStreetBeach201509020900_Water_Temperature]]
2025-10-15 19:15:36.913,155.503,Montrose_WaterTempDrop_85,atomic,[Montrose_WaterTempDrop_85],[1.0000],1,1,1.0000,[[MontroseBeach201509020900_Water_Temperature]]
2025-10-15 19:15:36.959,155.549,63rd_WaterTempDrop_85,atomic,[63rd_WaterTempDrop_85],[0.9598],1,1,0.9598,[[63rdStreetBeach201509021100_Water_Temperature]]
2025-10-15 19:15:36.960,155.550,Montrose_WaterTempDrop_85,atomic,[Montrose_WaterTempDrop_85],[1.0000],1,1,1.0000,[[MontroseBeach201509021100_Water_Temperature]]
2025-10-15 19:15:37.021,155.611,Calumet_WaterTempDrop_85,atomic,[Calumet_WaterTempDrop_85],[0.9696],1,1,0.9696,[[CalumetBeach201509021300_Water_Temperature]]
2025-10-15 19:15:37.022,155.612,63rd_WaterTempDrop_85,atomic,[63rd_WaterTempDrop_85],[1.0000],1,1,1.0000,[[63rdStreetBeach201509021300_Water_Temperature]]
2025-10-15 19:15:37.083,155.673,Montrose_WaterTempDrop_85,atomic,[Montrose_WaterTempDrop_85],[1.0000],1,1,1.0000,[[MontroseBeach201509021400_Water_Temperature]]
2025-10-15 19:15:37.147,155.737,Calumet_WaterTempDrop_85,atomic,[Calumet_WaterTempDrop_85],[1.0000],1,1,1.0000,[[CalumetBeach201509021500_Water_Temperature]]
2025-10-15 19:15:37.147,155.737,Montrose_WaterTempDrop_85,atomic,[Montrose_WaterTempDrop_85],[1.0000],1,1,1.0000,[[MontroseBeach201509021500_Water_Temperature]]
2025-10-15 19:15:37.210,155.800,63rd_WaterTempDrop_85,atomic,[63rd_WaterTempDrop_85],[0.9597],1,1,0.9597,[[63rdStreetBeach201509021600_Water_Temperature]]
2025-10-15 19:15:37.210,155.800,Calumet_WaterTempDrop_85,atomic,[Calumet_WaterTempDrop_85],[0.9671],1,1,0.9671,[[CalumetBeach201509021600_Water_Temperature]]
2025-10-15 19:15:37.211,155.801,Montrose_WaterTempDrop_85,atomic,[Montrose_WaterTempDrop_85],[1.0000],1,1,1.0000,[[MontroseBeach201509021600_Water_Temperature]]
2025-10-15 19:15:37.271,155.861,Montrose_WaterTempDrop_85,atomic,[Montrose_WaterTempDrop_85],[0.9708],1,1,0.9708,[[MontroseBeach201509021700_Water_Temperature]]
2025-10-15 19:15:37.273,155.863,Calumet_WaterTempDrop_85,atomic,[Calumet_WaterTempDrop_85],[1.0000],1,1,1.0000,[[CalumetBeach201509021700_Water_Temperature]]
2025-10-15 19:15:37.275,155.865,63rd_WaterTempDrop_85,atomic,[63rd_WaterTempDrop_85],[1.0000],1,1,1.0000,[[63rdStreetBeach201509021700_Water_Temperature]]
2025-10-15 19:15:37.333,155.923,Montrose_WaterTempDrop_85,atomic,[Montrose_WaterTempDrop_85],[0.9672],1,1,0.9672,[[MontroseBeach201509021800_Water_Temperature]]
2025-10-15 19:15:37.334,155.924,Calumet_WaterTempDrop_85,atomic,[Calumet_WaterTempDrop_85],[0.9649],1,1,0.9649,[[CalumetBeach201509021800_Water_Temperature]]
2025-10-15 19:15:37.398,155.988,63rd_WaterTempDrop_85,atomic,[63rd_WaterTempDrop_85],[1.0000],1,1,1.0000,[[63rdStreetBeach201509021900_Water_Temperature]]
2025-10-15 19:15:37.399,155.989,Calumet_WaterTempDrop_85,atomic,[Calumet_WaterTempDrop_85],[1.0000],1,1,1.0000,[[CalumetBeach201509021900_Water_Temperature]]
2025-10-15 19:15:37.461,156.051,63rd_WaterTempDrop_85,atomic,[63rd_WaterTempDrop_85],[0.9626],1,1,0.9626,[[63rdStreetBeach201509022000_Water_Temperature]]
2025-10-15 19:15:37.462,156.052,Calumet_WaterTempDrop_85,atomic,[Calumet_WaterTempDrop_85],[1.0000],1,1,1.0000,[[CalumetBeach201509022000_Water_Temperature]]
2025-10-15 19:15:37.463,156.053,Montrose_WaterTempDrop_85,atomic,[Montrose_WaterTempDrop_85],[1.0000],1,1,1.0000,[[MontroseBeach201509022000_Water_Temperature]]
2025-10-15 19:15:37.524,156.114,63rd_WaterTempDrop_85,atomic,[63rd_WaterTempDrop_85],[0.9584],1,1,0.9584,[[63rdStreetBeach201509022100_Water_Temperature]]
2025-10-15 19:15:37.524,156.114,Calumet_WaterTempDrop_85,atomic,[Calumet_WaterTempDrop_85],[1.0000],1,1,1.0000,[[CalumetBeach201509022100_Water_Temperature]]
2025-10-15 19:15:37.587,156.177,Montrose_WaterTempDrop_85,atomic,[Montrose_WaterTempDrop_85],[0.9651],1,1,0.9651,[[MontroseBeach201509022200_Water_Temperature]]
2025-10-15 19:15:37.590,156.180,63rd_WaterTempDrop_85,atomic,[63rd_WaterTempDrop_85],[1.0000],1,1,1.0000,[[63rdStreetBeach201509022200_Water_Temperature]]
2025-10-15 19:15:37.591,156.181,Calumet_WaterTempDrop_85,atomic,[Calumet_WaterTempDrop_85],[1.0000],1,1,1.0000,[[CalumetBeach201509022200_Water_Temperature]]
2025-10-15 19:15:37.648,156.238,63rd_WaterTempDrop_85,atomic,[63rd_WaterTempDrop_85],[0.9582],1,1,0.9582,[[63rdStreetBeach201509022300_Water_Temperature]]
2025-10-15 19:15:37.648,156.238,Montrose_WaterTempDrop_85,atomic,[Montrose_WaterTempDrop_85],[0.9608],1,1,0.9608,[[MontroseBeach201509022300_Water_Temperature]]
2025-10-15 19:15:37.650,156.240,Calumet_WaterTempDrop_85,atomic,[Calumet_WaterTempDrop_85],[1.0000],1,1,1.0000,[[CalumetBeach201509022300_Water_Temperature]]
2025-10-15 19:15:37.712,156.302,63rd_WaterTempDrop_85,atomic,[63rd_WaterTempDrop_85],[0.9535],1,1,0.9535,[[63rdStreetBeach201509032400_Water_Temperature]]
2025-10-15 19:15:37.715,156.305,Calumet_WaterTempDrop_85,atomic,[Calumet_WaterTempDrop_85],[1.0000],1,1,1.0000,[[CalumetBeach201509032400_Water_Temperature]]
2025-10-15 19:15:37.715,156.305,Montrose_WaterTempDrop_85,atomic,[Montrose_WaterTempDrop_85],[1.0000],1,1,1.0000,[[MontroseBeach201509032400_Water_Temperature]]
2025-10-15 19:15:37.775,156.365,Calumet_WaterTempDrop_85,atomic,[Calumet_WaterTempDrop_85],[1.0000],1,1,1.0000,[[CalumetBeach201509030100_Water_Temperature]]
2025-10-15 19:15:37.777,156.367,63rd_WaterTempDrop_85,atomic,[63rd_WaterTempDrop_85],[1.0000],1,1,1.0000,[[63rdStreetBeach201509030100_Water_Temperature]]
2025-10-15 19:15:37.778,156.368,Montrose_WaterTempDrop_85,atomic,[Montrose_WaterTempDrop_85],[1.0000],1,1,1.0000,[[MontroseBeach201509030100_Water_Temperature]]
2025-10-15 19:15:37.837,156.427,63rd_WaterTempDrop_85,atomic,[63rd_WaterTempDrop_85],[0.9543],1,1,0.9543,[[63rdStreetBeach201509030200_Water_Temperature]]
2025-10-15 19:15:37.837,156.427,Calumet_WaterTempDrop_85,atomic,[Calumet_WaterTempDrop_85],[1.0000],1,1,1.0000,[[CalumetBeach201509030200_Water_Temperature]]
2025-10-15 19:15:37.899,156.489,Calumet_WaterTempDrop_85,atomic,[Calumet_WaterTempDrop_85],[0.9707],1,1,0.9707,[[CalumetBeach201509030300_Water_Temperature]]
2025-10-15 19:15:37.901,156.491,Montrose_WaterTempDrop_85,atomic,[Montrose_WaterTempDrop_85],[1.0000],1,1,1.0000,[[MontroseBeach201509030300_Water_Temperature]]
2025-10-15 19:15:37.903,156.493,63rd_WaterTempDrop_85,atomic,[63rd_WaterTempDrop_85],[1.0000],1,1,1.0000,[[63rdStreetBeach201509030300_Water_Temperature]]
2025-10-15 19:15:37.962,156.552,Calumet_WaterTempDrop_85,atomic,[Calumet_WaterTempDrop_85],[1.0000],1,1,1.0000,[[CalumetBeach201509030400_Water_Temperature]]
2025-10-15 19:15:37.963,156.553,Montrose_WaterTempDrop_85,atomic,[Montrose_WaterTempDrop_85],[1.0000],1,1,1.0000,[[MontroseBeach201509030400_Water_Temperature]]
2025-10-15 19:15:38.023,156.613,63rd_WaterTempDrop_85,atomic,[63rd_WaterTempDrop_85],[1.0000],1,1,1.0000,[[63rdStreetBeach201509030500_Water_Temperature]]
2025-10-15 19:15:38.025,156.615,Montrose_WaterTempDrop_85,atomic,[Montrose_WaterTempDrop_85],[1.0000],1,1,1.0000,[[MontroseBeach201509030500_Water_Temperature]]
2025-10-15 19:15:38.025,156.615,Calumet_WaterTempDrop_85,atomic,[Calumet_WaterTempDrop_85],[1.0000],1,1,1.0000,[[CalumetBeach201509030500_Water_Temperature]]
2025-10-15 19:15:38.087,156.677,Montrose_WaterTempDrop_85,atomic,[Montrose_WaterTempDrop_85],[0.9676],1,1,0.9676,[[MontroseBeach201509030600_Water_Temperature]]
2025-10-15 19:15:38.087,156.677,63rd_WaterTempDrop_85,atomic,[63rd_WaterTempDrop_85],[1.0000],1,1,1.0000,[[63rdStreetBeach201509030600_Water_Temperature]]
2025-10-15 19:15:38.090,156.680,Calumet_WaterTempDrop_85,atomic,[Calumet_WaterTempDrop_85],[1.0000],1,1,1.0000,[[CalumetBeach201509030600_Water_Temperature]]
2025-10-15 19:15:38.148,156.738,Calumet_WaterTempDrop_85,atomic,[Calumet_WaterTempDrop_85],[1.0000],1,1,1.0000,[[CalumetBeach201509030700_Water_Temperature]]
2025-10-15 19:15:38.149,156.739,Montrose_WaterTempDrop_85,atomic,[Montrose_WaterTempDrop_85],[1.0000],1,1,1.0000,[[MontroseBeach201509030700_Water_Temperature]]
2025-10-15 19:15:38.149,156.739,63rd_WaterTempDrop_85,atomic,[63rd_WaterTempDrop_85],[1.0000],1,1,1.0000,[[63rdStreetBeach201509030700_Water_Temperature]]
2025-10-15 19:15:38.211,156.801,63rd_WaterTempDrop_85,atomic,[63rd_WaterTempDrop_85],[0.9644],1,1,0.9644,[[63rdStreetBeach201509030800_Water_Temperature]]
2025-10-15 19:15:38.211,156.801,Montrose_WaterTempDrop_85,atomic,[Montrose_WaterTempDrop_85],[1.0000],1,1,1.0000,[[MontroseBeach201509030800_Water_Temperature]]
2025-10-15 19:15:38.214,156.804,Calumet_WaterTempDrop_85,atomic,[Calumet_WaterTempDrop_85],[1.0000],1,1,1.0000,[[CalumetBeach201509030800_Water_Temperature]]
2025-10-15 19:15:38.271,156.861,Montrose_WaterTempDrop_85,atomic,[Montrose_WaterTempDrop_85],[1.0000],1,1,1.0000,[[MontroseBeach201509031000_Water_Temperature]]
2025-10-15 19:15:38.272,156.862,Calumet_WaterTempDrop_85,atomic,[Calumet_WaterTempDrop_85],[1.0000],1,1,1.0000,[[CalumetBeach201509031000_Water_Temperature]]
2025-10-15 19:15:38.337,156.927,Montrose_WaterTempDrop_85,atomic,[Montrose_WaterTempDrop_85],[0.9682],1,1,0.9682,[[MontroseBeach201509031100_Water_Temperature]]
2025-10-15 19:15:38.340,156.930,Calumet_WaterTempDrop_85,atomic,[Calumet_WaterTempDrop_85],[1.0000],1,1,1.0000,[[CalumetBeach201509031100_Water_Temperature]]
2025-10-15 19:15:38.396,156.986,Calumet_WaterTempDrop_85,atomic,[Calumet_WaterTempDrop_85],[0.9716],1,1,0.9716,[[CalumetBeach201509031200_Water_Temperature]]
2025-10-15 19:15:38.398,156.988,Montrose_WaterTempDrop_85,atomic,[Montrose_WaterTempDrop_85],[1.0000],1,1,1.0000,[[MontroseBeach201509031200_Water_Temperature]]
2025-10-15 19:15:38.458,157.048,Montrose_WaterTempDrop_85,atomic,[Montrose_WaterTempDrop_85],[0.9660],1,1,0.9660,[[MontroseBeach201509031300_Water_Temperature]]
2025-10-15 19:15:38.459,157.049,Calumet_WaterTempDrop_85,atomic,[Calumet_WaterTempDrop_85],[1.0000],1,1,1.0000,[[CalumetBeach201509031300_Water_Temperature]]
2025-10-15 19:15:38.521,157.111,Calumet_WaterTempDrop_85,atomic,[Calumet_WaterTempDrop_85],[1.0000],1,1,1.0000,[[CalumetBeach201509031400_Water_Temperature]]
2025-10-15 19:15:38.522,157.112,Montrose_WaterTempDrop_85,atomic,[Montrose_WaterTempDrop_85],[1.0000],1,1,1.0000,[[MontroseBeach201509031400_Water_Temperature]]
2025-10-15 19:15:38.583,157.173,63rd_WaterTempDrop_85,atomic,[63rd_WaterTempDrop_85],[1.0000],1,1,1.0000,[[63rdStreetBeach201509031500_Water_Temperature]]
2025-10-15 19:15:38.583,157.173,Calumet_WaterTempDrop_85,atomic,[Calumet_WaterTempDrop_85],[1.0000],1,1,1.0000,[[CalumetBeach201509031500_Water_Temperature]]
2025-10-15 19:15:38.647,157.237,Calumet_WaterTempDrop_85,atomic,[Calumet_WaterTempDrop_85],[1.0000],1,1,1.0000,[[CalumetBeach201509031600_Water_Temperature]]
2025-10-15 19:15:38.647,157.237,63rd_WaterTempDrop_85,atomic,[63rd_WaterTempDrop_85],[1.0000],1,1,1.0000,[[63rdStreetBeach201509031600_Water_Temperature]]
2025-10-15 19:15:38.648,157.238,Montrose_WaterTempDrop_85,atomic,[Montrose_WaterTempDrop_85],[1.0000],1,1,1.0000,[[MontroseBeach201509031600_Water_Temperature]]
2025-10-15 19:15:38.708,157.298,Calumet_WaterTempDrop_85,atomic,[Calumet_WaterTempDrop_85],[0.9707],1,1,0.9707,[[CalumetBeach201509031700_Water_Temperature]]
2025-10-15 19:15:38.710,157.300,Montrose_WaterTempDrop_85,atomic,[Montrose_WaterTempDrop_85],[1.0000],1,1,1.0000,[[MontroseBeach201509031700_Water_Temperature]]
2025-10-15 19:15:38.770,157.360,Calumet_WaterTempDrop_85,atomic,[Calumet_WaterTempDrop_85],[1.0000],1,1,1.0000,[[CalumetBeach201509031800_Water_Temperature]]
2025-10-15 19:15:38.771,157.361,63rd_WaterTempDrop_85,atomic,[63rd_WaterTempDrop_85],[1.0000],1,1,1.0000,[[63rdStreetBeach201509031800_Water_Temperature]]
2025-10-15 19:15:38.773,157.363,Montrose_WaterTempDrop_85,atomic,[Montrose_WaterTempDrop_85],[1.0000],1,1,1.0000,[[MontroseBeach201509031800_Water_Temperature]]
2025-10-15 19:15:38.832,157.422,63rd_WaterTempDrop_85,atomic,[63rd_WaterTempDrop_85],[0.9666],1,1,0.9666,[[63rdStreetBeach201509031900_Water_Temperature]]
2025-10-15 19:15:38.833,157.423,Calumet_WaterTempDrop_85,atomic,[Calumet_WaterTempDrop_85],[1.0000],1,1,1.0000,[[CalumetBeach201509031900_Water_Temperature]]
2025-10-15 19:15:38.836,157.426,Montrose_WaterTempDrop_85,atomic,[Montrose_WaterTempDrop_85],[1.0000],1,1,1.0000,[[MontroseBeach201509031900_Water_Temperature]]
2025-10-15 19:15:38.894,157.484,Montrose_WaterTempDrop_85,atomic,[Montrose_WaterTempDrop_85],[0.9693],1,1,0.9693,[[MontroseBeach201509032000_Water_Temperature]]
2025-10-15 19:15:38.894,157.484,Calumet_WaterTempDrop_85,atomic,[Calumet_WaterTempDrop_85],[0.9689],1,1,0.9689,[[CalumetBeach201509032000_Water_Temperature]]
2025-10-15 19:15:38.895,157.485,63rd_WaterTempDrop_85,atomic,[63rd_WaterTempDrop_85],[1.0000],1,1,1.0000,[[63rdStreetBeach201509032000_Water_Temperature]]
2025-10-15 19:15:38.960,157.550,63rd_WaterTempDrop_85,atomic,[63rd_WaterTempDrop_85],[1.0000],1,1,1.0000,[[63rdStreetBeach201509032100_Water_Temperature]]
2025-10-15 19:15:38.961,157.551,Montrose_WaterTempDrop_85,atomic,[Montrose_WaterTempDrop_85],[1.0000],1,1,1.0000,[[MontroseBeach201509032100_Water_Temperature]]
2025-10-15 19:15:38.963,157.553,Calumet_WaterTempDrop_85,atomic,[Calumet_WaterTempDrop_85],[1.0000],1,1,1.0000,[[CalumetBeach201509032100_Water_Temperature]]
2025-10-15 19:15:39.019,157.609,Calumet_WaterTempDrop_85,atomic,[Calumet_WaterTempDrop_85],[1.0000],1,1,1.0000,[[CalumetBeach201509032200_Water_Temperature]]
2025-10-15 19:15:39.020,157.610,Montrose_WaterTempDrop_85,atomic,[Montrose_WaterTempDrop_85],[1.0000],1,1,1.0000,[[MontroseBeach201509032200_Water_Temperature]]
2025-10-15 19:15:39.084,157.674,63rd_WaterTempDrop_85,atomic,[63rd_WaterTempDrop_85],[1.0000],1,1,1.0000,[[63rdStreetBeach201509032300_Water_Temperature]]
2025-10-15 19:15:39.085,157.675,Calumet_WaterTempDrop_85,atomic,[Calumet_WaterTempDrop_85],[1.0000],1,1,1.0000,[[CalumetBeach201509032300_Water_Temperature]]
2025-10-15 19:15:39.085,157.675,Montrose_WaterTempDrop_85,atomic,[Montrose_WaterTempDrop_85],[1.0000],1,1,1.0000,[[MontroseBeach201509032300_Water_Temperature]]
2025-10-15 19:15:39.143,157.733,Calumet_WaterTempDrop_85,atomic,[Calumet_WaterTempDrop_85],[0.9686],1,1,0.9686,[[CalumetBeach201509042400_Water_Temperature]]
2025-10-15 19:15:39.143,157.733,63rd_WaterTempDrop_85,atomic,[63rd_WaterTempDrop_85],[1.0000],1,1,1.0000,[[63rdStreetBeach201509042400_Water_Temperature]]
2025-10-15 19:15:39.144,157.734,Montrose_WaterTempDrop_85,atomic,[Montrose_WaterTempDrop_85],[1.0000],1,1,1.0000,[[MontroseBeach201509042400_Water_Temperature]]
2025-10-15 19:15:39.205,157.795,Calumet_WaterTempDrop_85,atomic,[Calumet_WaterTempDrop_85],[0.9646],1,1,0.9646,[[CalumetBeach201509040100_Water_Temperature]]
2025-10-15 19:15:39.206,157.796,63rd_WaterTempDrop_85,atomic,[63rd_WaterTempDrop_85],[1.0000],1,1,1.0000,[[63rdStreetBeach201509040100_Water_Temperature]]
2025-10-15 19:15:39.207,157.797,Montrose_WaterTempDrop_85,atomic,[Montrose_WaterTempDrop_85],[1.0000],1,1,1.0000,[[MontroseBeach201509040100_Water_Temperature]]
2025-10-15 19:15:39.267,157.857,Calumet_WaterTempDrop_85,atomic,[Calumet_WaterTempDrop_85],[0.9603],1,1,0.9603,[[CalumetBeach201509040200_Water_Temperature]]
2025-10-15 19:15:39.268,157.858,Montrose_WaterTempDrop_85,atomic,[Montrose_WaterTempDrop_85],[0.9705],1,1,0.9705,[[MontroseBeach201509040200_Water_Temperature]]
2025-10-15 19:15:39.268,157.858,63rd_WaterTempDrop_85,atomic,[63rd_WaterTempDrop_85],[1.0000],1,1,1.0000,[[63rdStreetBeach201509040200_Water_Temperature]]
2025-10-15 19:15:39.332,157.922,Montrose_WaterTempDrop_85,atomic,[Montrose_WaterTempDrop_85],[1.0000],1,1,1.0000,[[MontroseBeach201509040300_Water_Temperature]]
2025-10-15 19:15:39.332,157.922,Calumet_WaterTempDrop_85,atomic,[Calumet_WaterTempDrop_85],[1.0000],1,1,1.0000,[[CalumetBeach201509040300_Water_Temperature]]
2025-10-15 19:15:39.393,157.983,Calumet_WaterTempDrop_85,atomic,[Calumet_WaterTempDrop_85],[1.0000],1,1,1.0000,[[CalumetBeach201509040400_Water_Temperature]]
2025-10-15 19:15:39.394,157.984,63rd_WaterTempDrop_85,atomic,[63rd_WaterTempDrop_85],[1.0000],1,1,1.0000,[[63rdStreetBeach201509040400_Water_Temperature]]
2025-10-15 19:15:39.394,157.984,Montrose_WaterTempDrop_85,atomic,[Montrose_WaterTempDrop_85],[1.0000],1,1,1.0000,[[MontroseBeach201509040400_Water_Temperature]]
2025-10-15 19:15:39.454,158.044,Montrose_HighWave_85,atomic,[Montrose_HighWave_85],[0.8717],1,1,0.8717,[[MontroseBeach201509040500_Wave_Height]]
2025-10-15 19:15:39.455,158.045,Montrose_WaterTempDrop_85,atomic,[Montrose_WaterTempDrop_85],[1.0000],1,1,1.0000,[[MontroseBeach201509040500_Water_Temperature]]
2025-10-15 19:15:39.458,158.048,63rd_WaterTempDrop_85,atomic,[63rd_WaterTempDrop_85],[1.0000],1,1,1.0000,[[63rdStreetBeach201509040500_Water_Temperature]]
2025-10-15 19:15:39.458,158.048,Calumet_WaterTempDrop_85,atomic,[Calumet_WaterTempDrop_85],[1.0000],1,1,1.0000,[[CalumetBeach201509040500_Water_Temperature]]
2025-10-15 19:15:39.519,158.109,63rd_WaterTempDrop_85,atomic,[63rd_WaterTempDrop_85],[1.0000],1,1,1.0000,[[63rdStreetBeach201509040600_Water_Temperature]]
2025-10-15 19:15:39.521,158.111,Calumet_WaterTempDrop_85,atomic,[Calumet_WaterTempDrop_85],[1.0000],1,1,1.0000,[[CalumetBeach201509040600_Water_Temperature]]
2025-10-15 19:15:39.522,158.112,Montrose_WaterTempDrop_85,atomic,[Montrose_WaterTempDrop_85],[1.0000],1,1,1.0000,[[MontroseBeach201509040600_Water_Temperature]]
2025-10-15 19:15:39.583,158.173,Calumet_WaterTempDrop_85,atomic,[Calumet_WaterTempDrop_85],[1.0000],1,1,1.0000,[[CalumetBeach201509040700_Water_Temperature]]
2025-10-15 19:15:39.584,158.174,Montrose_WaterTempDrop_85,atomic,[Montrose_WaterTempDrop_85],[1.0000],1,1,1.0000,[[MontroseBeach201509040700_Water_Temperature]]
2025-10-15 19:15:39.584,158.174,63rd_WaterTempDrop_85,atomic,[63rd_WaterTempDrop_85],[1.0000],1,1,1.0000,[[63rdStreetBeach201509040700_Water_Temperature]]
2025-10-15 19:15:39.643,158.233,Calumet_WaterTempDrop_85,atomic,[Calumet_WaterTempDrop_85],[0.9673],1,1,0.9673,[[CalumetBeach201509040800_Water_Temperature]]
2025-10-15 19:15:39.643,158.233,Montrose_WaterTempDrop_85,atomic,[Montrose_WaterTempDrop_85],[0.9709],1,1,0.9709,[[MontroseBeach201509040800_Water_Temperature]]
2025-10-15 19:15:39.646,158.236,63rd_WaterTempDrop_85,atomic,[63rd_WaterTempDrop_85],[1.0000],1,1,1.0000,[[63rdStreetBeach201509040800_Water_Temperature]]
2025-10-15 19:15:39.705,158.295,Montrose_WaterTempDrop_85,atomic,[Montrose_WaterTempDrop_85],[0.9672],1,1,0.9672,[[MontroseBeach201509040900_Water_Temperature]]
2025-10-15 19:15:39.707,158.297,Calumet_WaterTempDrop_85,atomic,[Calumet_WaterTempDrop_85],[1.0000],1,1,1.0000,[[CalumetBeach201509040900_Water_Temperature]]
2025-10-15 19:15:39.767,158.357,Montrose_WaterTempDrop_85,atomic,[Montrose_WaterTempDrop_85],[0.9630],1,1,0.9630,[[MontroseBeach201509041000_Water_Temperature]]
2025-10-15 19:15:39.769,158.359,Calumet_WaterTempDrop_85,atomic,[Calumet_WaterTempDrop_85],[1.0000],1,1,1.0000,[[CalumetBeach201509041000_Water_Temperature]]
2025-10-15 19:15:39.832,158.422,63rd_WaterTempDrop_85,atomic,[63rd_WaterTempDrop_85],[0.9720],1,1,0.9720,[[63rdStreetBeach201509041100_Water_Temperature]]
2025-10-15 19:15:39.834,158.424,Montrose_WaterTempDrop_85,atomic,[Montrose_WaterTempDrop_85],[1.0000],1,1,1.0000,[[MontroseBeach201509041100_Water_Temperature]]
2025-10-15 19:15:39.836,158.426,Calumet_WaterTempDrop_85,atomic,[Calumet_WaterTempDrop_85],[1.0000],1,1,1.0000,[[CalumetBeach201509041100_Water_Temperature]]
2025-10-15 19:15:39.892,158.482,Calumet_WaterTempDrop_85,atomic,[Calumet_WaterTempDrop_85],[0.9681],1,1,0.9681,[[CalumetBeach201509041200_Water_Temperature]]
2025-10-15 19:15:39.894,158.484,Montrose_WaterTempDrop_85,atomic,[Montrose_WaterTempDrop_85],[1.0000],1,1,1.0000,[[MontroseBeach201509041200_Water_Temperature]]
2025-10-15 19:15:39.953,158.543,Calumet_WaterTempDrop_85,atomic,[Calumet_WaterTempDrop_85],[0.9642],1,1,0.9642,[[CalumetBeach201509041300_Water_Temperature]]
2025-10-15 19:15:39.957,158.547,63rd_WaterTempDrop_85,atomic,[63rd_WaterTempDrop_85],[0.9683],1,1,0.9683,[[63rdStreetBeach201509041300_Water_Temperature]]
2025-10-15 19:15:39.957,158.547,Montrose_WaterTempDrop_85,atomic,[Montrose_WaterTempDrop_85],[1.0000],1,1,1.0000,[[MontroseBeach201509041300_Water_Temperature]]
2025-10-15 19:15:40.017,158.607,Montrose_WaterTempDrop_85,atomic,[Montrose_WaterTempDrop_85],[0.9654],1,1,0.9654,[[MontroseBeach201509041400_Water_Temperature]]
2025-10-15 19:15:40.021,158.611,Calumet_WaterTempDrop_85,atomic,[Calumet_WaterTempDrop_85],[1.0000],1,1,1.0000,[[CalumetBeach201509041400_Water_Temperature]]
2025-10-15 19:15:40.080,158.670,Calumet_WaterTempDrop_85,atomic,[Calumet_WaterTempDrop_85],[1.0000],1,1,1.0000,[[CalumetBeach201509041500_Water_Temperature]]
2025-10-15 19:15:40.085,158.675,Montrose_WaterTempDrop_85,atomic,[Montrose_WaterTempDrop_85],[1.0000],1,1,1.0000,[[MontroseBeach201509041500_Water_Temperature]]
2025-10-15 19:15:40.144,158.734,Montrose_WaterTempDrop_85,atomic,[Montrose_WaterTempDrop_85],[1.0000],1,1,1.0000,[[MontroseBeach201509041600_Water_Temperature]]
2025-10-15 19:15:40.145,158.735,Calumet_WaterTempDrop_85,atomic,[Calumet_WaterTempDrop_85],[1.0000],1,1,1.0000,[[CalumetBeach201509041600_Water_Temperature]]
2025-10-15 19:15:40.204,158.794,Calumet_WaterTempDrop_85,atomic,[Calumet_WaterTempDrop_85],[0.9663],1,1,0.9663,[[CalumetBeach201509041700_Water_Temperature]]
2025-10-15 19:15:40.204,158.794,Montrose_WaterTempDrop_85,atomic,[Montrose_WaterTempDrop_85],[0.9654],1,1,0.9654,[[MontroseBeach201509041700_Water_Temperature]]
2025-10-15 19:15:40.265,158.855,Montrose_WaterTempDrop_85,atomic,[Montrose_WaterTempDrop_85],[1.0000],1,1,1.0000,[[MontroseBeach201509041800_Water_Temperature]]
2025-10-15 19:15:40.267,158.857,Calumet_WaterTempDrop_85,atomic,[Calumet_WaterTempDrop_85],[1.0000],1,1,1.0000,[[CalumetBeach201509041800_Water_Temperature]]
2025-10-15 19:15:40.330,158.920,Montrose_WaterTempDrop_85,atomic,[Montrose_WaterTempDrop_85],[1.0000],1,1,1.0000,[[MontroseBeach201509041900_Water_Temperature]]
2025-10-15 19:15:40.390,158.980,Calumet_WaterTempDrop_85,atomic,[Calumet_WaterTempDrop_85],[0.9662],1,1,0.9662,[[CalumetBeach201509042000_Water_Temperature]]
2025-10-15 19:15:40.394,158.984,Montrose_WaterTempDrop_85,atomic,[Montrose_WaterTempDrop_85],[1.0000],1,1,1.0000,[[MontroseBeach201509042000_Water_Temperature]]
2025-10-15 19:15:40.452,159.042,63rd_WaterTempDrop_85,atomic,[63rd_WaterTempDrop_85],[0.9688],1,1,0.9688,[[63rdStreetBeach201509042100_Water_Temperature]]
2025-10-15 19:15:40.453,159.043,Montrose_WaterTempDrop_85,atomic,[Montrose_WaterTempDrop_85],[0.9669],1,1,0.9669,[[MontroseBeach201509042100_Water_Temperature]]
2025-10-15 19:15:40.455,159.045,Calumet_WaterTempDrop_85,atomic,[Calumet_WaterTempDrop_85],[0.9621],1,1,0.9621,[[CalumetBeach201509042100_Water_Temperature]]
2025-10-15 19:15:40.517,159.107,Montrose_WaterTempDrop_85,atomic,[Montrose_WaterTempDrop_85],[1.0000],1,1,1.0000,[[MontroseBeach201509042200_Water_Temperature]]
2025-10-15 19:15:40.580,159.170,Montrose_WaterTempDrop_85,atomic,[Montrose_WaterTempDrop_85],[1.0000],1,1,1.0000,[[MontroseBeach201509042300_Water_Temperature]]
2025-10-15 19:15:40.641,159.231,63rd_WaterTempDrop_85,atomic,[63rd_WaterTempDrop_85],[0.9674],1,1,0.9674,[[63rdStreetBeach201509052400_Water_Temperature]]
2025-10-15 19:15:40.644,159.234,Montrose_WaterTempDrop_85,atomic,[Montrose_WaterTempDrop_85],[1.0000],1,1,1.0000,[[MontroseBeach201509052400_Water_Temperature]]
2025-10-15 19:15:40.709,159.299,Montrose_WaterTempDrop_85,atomic,[Montrose_WaterTempDrop_85],[1.0000],1,1,1.0000,[[MontroseBeach201509050100_Water_Temperature]]
2025-10-15 19:15:40.771,159.361,63rd_WaterTempDrop_85,atomic,[63rd_WaterTempDrop_85],[0.9650],1,1,0.9650,[[63rdStreetBeach201509050200_Water_Temperature]]
2025-10-15 19:15:40.772,159.362,Montrose_WaterTempDrop_85,atomic,[Montrose_WaterTempDrop_85],[0.9689],1,1,0.9689,[[MontroseBeach201509050200_Water_Temperature]]
2025-10-15 19:15:40.832,159.422,Montrose_WaterTempDrop_85,atomic,[Montrose_WaterTempDrop_85],[0.9650],1,1,0.9650,[[MontroseBeach201509050300_Water_Temperature]]
2025-10-15 19:15:40.836,159.426,Calumet_WaterTempDrop_85,atomic,[Calumet_WaterTempDrop_85],[1.0000],1,1,1.0000,[[CalumetBeach201509050300_Water_Temperature]]
2025-10-15 19:15:40.896,159.486,Montrose_WaterTempDrop_85,atomic,[Montrose_WaterTempDrop_85],[1.0000],1,1,1.0000,[[MontroseBeach201509050400_Water_Temperature]]
2025-10-15 19:15:40.897,159.487,Calumet_WaterTempDrop_85,atomic,[Calumet_WaterTempDrop_85],[1.0000],1,1,1.0000,[[CalumetBeach201509050400_Water_Temperature]]
2025-10-15 19:15:40.958,159.548,63rd_WaterTempDrop_85,atomic,[63rd_WaterTempDrop_85],[1.0000],1,1,1.0000,[[63rdStreetBeach201509050500_Water_Temperature]]
2025-10-15 19:15:40.959,159.549,Calumet_WaterTempDrop_85,atomic,[Calumet_WaterTempDrop_85],[1.0000],1,1,1.0000,[[CalumetBeach201509050500_Water_Temperature]]
2025-10-15 19:15:40.959,159.549,Montrose_WaterTempDrop_85,atomic,[Montrose_WaterTempDrop_85],[1.0000],1,1,1.0000,[[MontroseBeach201509050500_Water_Temperature]]
2025-10-15 19:15:41.019,159.609,Montrose_WaterTempDrop_85,atomic,[Montrose_WaterTempDrop_85],[0.9652],1,1,0.9652,[[MontroseBeach201509050600_Water_Temperature]]
2025-10-15 19:15:41.022,159.612,Calumet_WaterTempDrop_85,atomic,[Calumet_WaterTempDrop_85],[1.0000],1,1,1.0000,[[CalumetBeach201509050600_Water_Temperature]]
2025-10-15 19:15:41.082,159.672,63rd_WaterTempDrop_85,atomic,[63rd_WaterTempDrop_85],[1.0000],1,1,1.0000,[[63rdStreetBeach201509050700_Water_Temperature]]
2025-10-15 19:15:41.082,159.672,Calumet_WaterTempDrop_85,atomic,[Calumet_WaterTempDrop_85],[1.0000],1,1,1.0000,[[CalumetBeach201509050700_Water_Temperature]]
2025-10-15 19:15:41.084,159.674,Montrose_WaterTempDrop_85,atomic,[Montrose_WaterTempDrop_85],[1.0000],1,1,1.0000,[[MontroseBeach201509050700_Water_Temperature]]
2025-10-15 19:15:41.147,159.737,Montrose_WaterTempDrop_85,atomic,[Montrose_WaterTempDrop_85],[0.9634],1,1,0.9634,[[MontroseBeach201509050800_Water_Temperature]]
2025-10-15 19:15:41.270,159.860,63rd_WaterTempDrop_85,atomic,[63rd_WaterTempDrop_85],[1.0000],1,1,1.0000,[[63rdStreetBeach201509051000_Water_Temperature]]
2025-10-15 19:15:41.271,159.861,Calumet_WaterTempDrop_85,atomic,[Calumet_WaterTempDrop_85],[1.0000],1,1,1.0000,[[CalumetBeach201509051000_Water_Temperature]]
2025-10-15 19:15:41.333,159.923,Calumet_WaterTempDrop_85,atomic,[Calumet_WaterTempDrop_85],[1.0000],1,1,1.0000,[[CalumetBeach201509051100_Water_Temperature]]
2025-10-15 19:15:41.334,159.924,63rd_WaterTempDrop_85,atomic,[63rd_WaterTempDrop_85],[1.0000],1,1,1.0000,[[63rdStreetBeach201509051100_Water_Temperature]]
2025-10-15 19:15:41.394,159.984,63rd_WaterTempDrop_85,atomic,[63rd_WaterTempDrop_85],[1.0000],1,1,1.0000,[[63rdStreetBeach201509051200_Water_Temperature]]
2025-10-15 19:15:41.394,159.984,Montrose_WaterTempDrop_85,atomic,[Montrose_WaterTempDrop_85],[1.0000],1,1,1.0000,[[MontroseBeach201509051200_Water_Temperature]]
2025-10-15 19:15:41.457,160.047,63rd_WaterTempDrop_85,atomic,[63rd_WaterTempDrop_85],[1.0000],1,1,1.0000,[[63rdStreetBeach201509051300_Water_Temperature]]
2025-10-15 19:15:41.461,160.051,Calumet_WaterTempDrop_85,atomic,[Calumet_WaterTempDrop_85],[1.0000],1,1,1.0000,[[CalumetBeach201509051300_Water_Temperature]]
2025-10-15 19:15:41.517,160.107,Calumet_WaterTempDrop_85,atomic,[Calumet_WaterTempDrop_85],[1.0000],1,1,1.0000,[[CalumetBeach201509051400_Water_Temperature]]
2025-10-15 19:15:41.517,160.107,63rd_WaterTempDrop_85,atomic,[63rd_WaterTempDrop_85],[1.0000],1,1,1.0000,[[63rdStreetBeach201509051400_Water_Temperature]]
2025-10-15 19:15:41.518,160.108,Montrose_WaterTempDrop_85,atomic,[Montrose_WaterTempDrop_85],[1.0000],1,1,1.0000,[[MontroseBeach201509051400_Water_Temperature]]
2025-10-15 19:15:41.579,160.169,Montrose_WaterTempDrop_85,atomic,[Montrose_WaterTempDrop_85],[1.0000],1,1,1.0000,[[MontroseBeach201509051500_Water_Temperature]]
2025-10-15 19:15:41.643,160.233,Montrose_WaterTempDrop_85,atomic,[Montrose_WaterTempDrop_85],[1.0000],1,1,1.0000,[[MontroseBeach201509051600_Water_Temperature]]
2025-10-15 19:15:41.705,160.295,63rd_WaterTempDrop_85,atomic,[63rd_WaterTempDrop_85],[1.0000],1,1,1.0000,[[63rdStreetBeach201509051700_Water_Temperature]]
2025-10-15 19:15:41.706,160.296,Montrose_WaterTempDrop_85,atomic,[Montrose_WaterTempDrop_85],[1.0000],1,1,1.0000,[[MontroseBeach201509051700_Water_Temperature]]
2025-10-15 19:15:41.778,160.368,63rd_WaterTempDrop_85,atomic,[63rd_WaterTempDrop_85],[1.0000],1,1,1.0000,[[63rdStreetBeach201509051800_Water_Temperature]]
2025-10-15 19:15:41.778,160.368,Montrose_WaterTempDrop_85,atomic,[Montrose_WaterTempDrop_85],[1.0000],1,1,1.0000,[[MontroseBeach201509051800_Water_Temperature]]
2025-10-15 19:15:41.828,160.418,63rd_WaterTempDrop_85,atomic,[63rd_WaterTempDrop_85],[1.0000],1,1,1.0000,[[63rdStreetBeach201509051900_Water_Temperature]]
2025-10-15 19:15:41.830,160.420,Montrose_WaterTempDrop_85,atomic,[Montrose_WaterTempDrop_85],[1.0000],1,1,1.0000,[[MontroseBeach201509051900_Water_Temperature]]
2025-10-15 19:15:41.893,160.483,Montrose_WaterTempDrop_85,atomic,[Montrose_WaterTempDrop_85],[1.0000],1,1,1.0000,[[MontroseBeach201509052000_Water_Temperature]]
2025-10-15 19:15:41.952,160.542,Montrose_WaterTempDrop_85,atomic,[Montrose_WaterTempDrop_85],[0.9683],1,1,0.9683,[[MontroseBeach201509052100_Water_Temperature]]
2025-10-15 19:15:41.955,160.545,63rd_WaterTempDrop_85,atomic,[63rd_WaterTempDrop_85],[1.0000],1,1,1.0000,[[63rdStreetBeach201509052100_Water_Temperature]]
2025-10-15 19:15:42.015,160.605,Calumet_WaterTempDrop_85,atomic,[Calumet_WaterTempDrop_85],[1.0000],1,1,1.0000,[[CalumetBeach201509052200_Water_Temperature]]
2025-10-15 19:15:42.016,160.606,Montrose_WaterTempDrop_85,atomic,[Montrose_WaterTempDrop_85],[1.0000],1,1,1.0000,[[MontroseBeach201509052200_Water_Temperature]]
2025-10-15 19:15:42.079,160.669,Calumet_WaterTempDrop_85,atomic,[Calumet_WaterTempDrop_85],[1.0000],1,1,1.0000,[[CalumetBeach201509052300_Water_Temperature]]
2025-10-15 19:15:42.081,160.671,63rd_WaterTempDrop_85,atomic,[63rd_WaterTempDrop_85],[1.0000],1,1,1.0000,[[63rdStreetBeach201509052300_Water_Temperature]]
2025-10-15 19:15:42.082,160.672,Montrose_WaterTempDrop_85,atomic,[Montrose_WaterTempDrop_85],[1.0000],1,1,1.0000,[[MontroseBeach201509052300_Water_Temperature]]
2025-10-15 19:15:42.138,160.728,Calumet_WaterTempDrop_85,atomic,[Calumet_WaterTempDrop_85],[1.0000],1,1,1.0000,[[CalumetBeach201509062400_Water_Temperature]]
2025-10-15 19:15:42.140,160.730,Montrose_WaterTempDrop_85,atomic,[Montrose_WaterTempDrop_85],[1.0000],1,1,1.0000,[[MontroseBeach201509062400_Water_Temperature]]
2025-10-15 19:15:42.201,160.791,Montrose_WaterTempDrop_85,atomic,[Montrose_WaterTempDrop_85],[0.9689],1,1,0.9689,[[MontroseBeach201509060200_Water_Temperature]]
2025-10-15 19:15:42.206,160.796,Calumet_WaterTempDrop_85,atomic,[Calumet_WaterTempDrop_85],[1.0000],1,1,1.0000,[[CalumetBeach201509060200_Water_Temperature]]
2025-10-15 19:15:42.263,160.853,Montrose_WaterTempDrop_85,atomic,[Montrose_WaterTempDrop_85],[0.9651],1,1,0.9651,[[MontroseBeach201509060300_Water_Temperature]]
2025-10-15 19:15:42.264,160.854,Calumet_WaterTempDrop_85,atomic,[Calumet_WaterTempDrop_85],[1.0000],1,1,1.0000,[[CalumetBeach201509060300_Water_Temperature]]
2025-10-15 19:15:42.265,160.855,63rd_WaterTempDrop_85,atomic,[63rd_WaterTempDrop_85],[1.0000],1,1,1.0000,[[63rdStreetBeach201509060300_Water_Temperature]]
2025-10-15 19:15:42.325,160.915,63rd_WaterTempDrop_85,atomic,[63rd_WaterTempDrop_85],[0.9577],1,1,0.9577,[[63rdStreetBeach201509060400_Water_Temperature]]
2025-10-15 19:15:42.328,160.918,Montrose_WaterTempDrop_85,atomic,[Montrose_WaterTempDrop_85],[1.0000],1,1,1.0000,[[MontroseBeach201509060400_Water_Temperature]]
2025-10-15 19:15:42.389,160.979,63rd_WaterTempDrop_85,atomic,[63rd_WaterTempDrop_85],[0.9528],1,1,0.9528,[[63rdStreetBeach201509060500_Water_Temperature]]
2025-10-15 19:15:42.390,160.980,Montrose_WaterTempDrop_85,atomic,[Montrose_WaterTempDrop_85],[1.0000],1,1,1.0000,[[MontroseBeach201509060500_Water_Temperature]]
2025-10-15 19:15:42.452,161.042,Montrose_WaterTempDrop_85,atomic,[Montrose_WaterTempDrop_85],[1.0000],1,1,1.0000,[[MontroseBeach201509060600_Water_Temperature]]
2025-10-15 19:15:42.452,161.042,63rd_WaterTempDrop_85,atomic,[63rd_WaterTempDrop_85],[1.0000],1,1,1.0000,[[63rdStreetBeach201509060600_Water_Temperature]]
2025-10-15 19:15:42.514,161.104,Montrose_WaterTempDrop_85,atomic,[Montrose_WaterTempDrop_85],[1.0000],1,1,1.0000,[[MontroseBeach201509060700_Water_Temperature]]
2025-10-15 19:15:42.514,161.104,Calumet_WaterTempDrop_85,atomic,[Calumet_WaterTempDrop_85],[1.0000],1,1,1.0000,[[CalumetBeach201509060700_Water_Temperature]]
2025-10-15 19:15:42.515,161.105,63rd_WaterTempDrop_85,atomic,[63rd_WaterTempDrop_85],[1.0000],1,1,1.0000,[[63rdStreetBeach201509060700_Water_Temperature]]
2025-10-15 19:15:42.573,161.163,63rd_WaterTempDrop_85,atomic,[63rd_WaterTempDrop_85],[0.9581],1,1,0.9581,[[63rdStreetBeach201509060800_Water_Temperature]]
2025-10-15 19:15:42.574,161.164,Calumet_WaterTempDrop_85,atomic,[Calumet_WaterTempDrop_85],[1.0000],1,1,1.0000,[[CalumetBeach201509060800_Water_Temperature]]
2025-10-15 19:15:42.576,161.166,Montrose_WaterTempDrop_85,atomic,[Montrose_WaterTempDrop_85],[1.0000],1,1,1.0000,[[MontroseBeach201509060800_Water_Temperature]]
2025-10-15 19:15:42.635,161.225,Calumet_WaterTempDrop_85,atomic,[Calumet_WaterTempDrop_85],[0.9614],1,1,0.9614,[[CalumetBeach201509060900_Water_Temperature]]
2025-10-15 19:15:42.637,161.227,Montrose_WaterTempDrop_85,atomic,[Montrose_WaterTempDrop_85],[1.0000],1,1,1.0000,[[MontroseBeach201509060900_Water_Temperature]]
2025-10-15 19:15:42.638,161.228,63rd_WaterTempDrop_85,atomic,[63rd_WaterTempDrop_85],[1.0000],1,1,1.0000,[[63rdStreetBeach201509060900_Water_Temperature]]
2025-10-15 19:15:42.698,161.288,Calumet_WaterTempDrop_85,atomic,[Calumet_WaterTempDrop_85],[0.9569],1,1,0.9569,[[CalumetBeach201509061000_Water_Temperature]]
2025-10-15 19:15:42.698,161.288,Montrose_WaterTempDrop_85,atomic,[Montrose_WaterTempDrop_85],[0.9698],1,1,0.9698,[[MontroseBeach201509061000_Water_Temperature]]
2025-10-15 19:15:42.701,161.291,63rd_WaterTempDrop_85,atomic,[63rd_WaterTempDrop_85],[1.0000],1,1,1.0000,[[63rdStreetBeach201509061000_Water_Temperature]]
2025-10-15 19:15:42.759,161.349,Calumet_WaterTempDrop_85,atomic,[Calumet_WaterTempDrop_85],[1.0000],1,1,1.0000,[[CalumetBeach201509061100_Water_Temperature]]
2025-10-15 19:15:42.760,161.350,Montrose_WaterTempDrop_85,atomic,[Montrose_WaterTempDrop_85],[1.0000],1,1,1.0000,[[MontroseBeach201509061100_Water_Temperature]]
2025-10-15 19:15:42.761,161.351,63rd_WaterTempDrop_85,atomic,[63rd_WaterTempDrop_85],[1.0000],1,1,1.0000,[[63rdStreetBeach201509061100_Water_Temperature]]
2025-10-15 19:15:42.822,161.412,Calumet_WaterTempDrop_85,atomic,[Calumet_WaterTempDrop_85],[0.9568],1,1,0.9568,[[CalumetBeach201509061200_Water_Temperature]]
2025-10-15 19:15:42.824,161.414,Montrose_WaterTempDrop_85,atomic,[Montrose_WaterTempDrop_85],[1.0000],1,1,1.0000,[[MontroseBeach201509061200_Water_Temperature]]
2025-10-15 19:15:42.826,161.416,63rd_WaterTempDrop_85,atomic,[63rd_WaterTempDrop_85],[1.0000],1,1,1.0000,[[63rdStreetBeach201509061200_Water_Temperature]]
2025-10-15 19:15:42.883,161.473,63rd_WaterTempDrop_85,atomic,[63rd_WaterTempDrop_85],[0.9657],1,1,0.9657,[[63rdStreetBeach201509061300_Water_Temperature]]
2025-10-15 19:15:42.886,161.476,Montrose_WaterTempDrop_85,atomic,[Montrose_WaterTempDrop_85],[1.0000],1,1,1.0000,[[MontroseBeach201509061300_Water_Temperature]]
2025-10-15 19:15:42.886,161.476,Calumet_WaterTempDrop_85,atomic,[Calumet_WaterTempDrop_85],[1.0000],1,1,1.0000,[[CalumetBeach201509061300_Water_Temperature]]
2025-10-15 19:15:42.946,161.536,Calumet_WaterTempDrop_85,atomic,[Calumet_WaterTempDrop_85],[0.9567],1,1,0.9567,[[CalumetBeach201509061400_Water_Temperature]]
2025-10-15 19:15:42.946,161.536,63rd_WaterTempDrop_85,atomic,[63rd_WaterTempDrop_85],[1.0000],1,1,1.0000,[[63rdStreetBeach201509061400_Water_Temperature]]
2025-10-15 19:15:42.949,161.539,Montrose_WaterTempDrop_85,atomic,[Montrose_WaterTempDrop_85],[1.0000],1,1,1.0000,[[MontroseBeach201509061400_Water_Temperature]]
2025-10-15 19:15:43.008,161.598,Calumet_WaterTempDrop_85,atomic,[Calumet_WaterTempDrop_85],[1.0000],1,1,1.0000,[[CalumetBeach201509061500_Water_Temperature]]
2025-10-15 19:15:43.010,161.600,63rd_WaterTempDrop_85,atomic,[63rd_WaterTempDrop_85],[1.0000],1,1,1.0000,[[63rdStreetBeach201509061500_Water_Temperature]]
2025-10-15 19:15:43.011,161.601,Montrose_WaterTempDrop_85,atomic,[Montrose_WaterTempDrop_85],[1.0000],1,1,1.0000,[[MontroseBeach201509061500_Water_Temperature]]
2025-10-15 19:15:43.071,161.661,Calumet_WaterTempDrop_85,atomic,[Calumet_WaterTempDrop_85],[0.9568],1,1,0.9568,[[CalumetBeach201509061600_Water_Temperature]]
2025-10-15 19:15:43.072,161.662,63rd_WaterTempDrop_85,atomic,[63rd_WaterTempDrop_85],[1.0000],1,1,1.0000,[[63rdStreetBeach201509061600_Water_Temperature]]
2025-10-15 19:15:43.073,161.663,Montrose_WaterTempDrop_85,atomic,[Montrose_WaterTempDrop_85],[1.0000],1,1,1.0000,[[MontroseBeach201509061600_Water_Temperature]]
2025-10-15 19:15:43.132,161.722,63rd_WaterTempDrop_85,atomic,[63rd_WaterTempDrop_85],[0.9674],1,1,0.9674,[[63rdStreetBeach201509061700_Water_Temperature]]
2025-10-15 19:15:43.134,161.724,Calumet_WaterTempDrop_85,atomic,[Calumet_WaterTempDrop_85],[0.9519],1,1,0.9519,[[CalumetBeach201509061700_Water_Temperature]]
2025-10-15 19:15:43.136,161.726,Montrose_WaterTempDrop_85,atomic,[Montrose_WaterTempDrop_85],[1.0000],1,1,1.0000,[[MontroseBeach201509061700_Water_Temperature]]
2025-10-15 19:15:43.194,161.784,Calumet_WaterTempDrop_85,atomic,[Calumet_WaterTempDrop_85],[0.9465],1,1,0.9465,[[CalumetBeach201509061800_Water_Temperature]]
2025-10-15 19:15:43.196,161.786,63rd_WaterTempDrop_85,atomic,[63rd_WaterTempDrop_85],[1.0000],1,1,1.0000,[[63rdStreetBeach201509061800_Water_Temperature]]
2025-10-15 19:15:43.197,161.787,Montrose_WaterTempDrop_85,atomic,[Montrose_WaterTempDrop_85],[0.9715],1,1,0.9715,[[MontroseBeach201509061800_Water_Temperature]]
2025-10-15 19:15:43.256,161.846,63rd_WaterTempDrop_85,atomic,[63rd_WaterTempDrop_85],[0.9655],1,1,0.9655,[[63rdStreetBeach201509061900_Water_Temperature]]
2025-10-15 19:15:43.258,161.848,Calumet_WaterTempDrop_85,atomic,[Calumet_WaterTempDrop_85],[1.0000],1,1,1.0000,[[CalumetBeach201509061900_Water_Temperature]]
2025-10-15 19:15:43.260,161.850,Montrose_WaterTempDrop_85,atomic,[Montrose_WaterTempDrop_85],[1.0000],1,1,1.0000,[[MontroseBeach201509061900_Water_Temperature]]
2025-10-15 19:15:43.319,161.909,63rd_WaterTempDrop_85,atomic,[63rd_WaterTempDrop_85],[0.9613],1,1,0.9613,[[63rdStreetBeach201509062000_Water_Temperature]]
2025-10-15 19:15:43.320,161.910,Calumet_WaterTempDrop_85,atomic,[Calumet_WaterTempDrop_85],[1.0000],1,1,1.0000,[[CalumetBeach201509062000_Water_Temperature]]
2025-10-15 19:15:43.322,161.912,Montrose_WaterTempDrop_85,atomic,[Montrose_WaterTempDrop_85],[1.0000],1,1,1.0000,[[MontroseBeach201509062000_Water_Temperature]]
2025-10-15 19:15:43.380,161.970,Calumet_WaterTempDrop_85,atomic,[Calumet_WaterTempDrop_85],[0.9550],1,1,0.9550,[[CalumetBeach201509062100_Water_Temperature]]
2025-10-15 19:15:43.381,161.971,63rd_WaterTempDrop_85,atomic,[63rd_WaterTempDrop_85],[0.9567],1,1,0.9567,[[63rdStreetBeach201509062100_Water_Temperature]]
2025-10-15 19:15:43.381,161.971,Montrose_WaterTempDrop_85,atomic,[Montrose_WaterTempDrop_85],[0.9695],1,1,0.9695,[[MontroseBeach201509062100_Water_Temperature]]
2025-10-15 19:15:43.445,162.035,63rd_WaterTempDrop_85,atomic,[63rd_WaterTempDrop_85],[0.9517],1,1,0.9517,[[63rdStreetBeach201509062200_Water_Temperature]]
2025-10-15 19:15:43.445,162.035,Montrose_WaterTempDrop_85,atomic,[Montrose_WaterTempDrop_85],[1.0000],1,1,1.0000,[[MontroseBeach201509062200_Water_Temperature]]
2025-10-15 19:15:43.446,162.036,Calumet_WaterTempDrop_85,atomic,[Calumet_WaterTempDrop_85],[1.0000],1,1,1.0000,[[CalumetBeach201509062200_Water_Temperature]]
2025-10-15 19:15:43.506,162.096,Montrose_WaterTempDrop_85,atomic,[Montrose_WaterTempDrop_85],[1.0000],1,1,1.0000,[[MontroseBeach201509062300_Water_Temperature]]
2025-10-15 19:15:43.508,162.098,Calumet_WaterTempDrop_85,atomic,[Calumet_WaterTempDrop_85],[1.0000],1,1,1.0000,[[CalumetBeach201509062300_Water_Temperature]]
2025-10-15 19:15:43.509,162.099,63rd_WaterTempDrop_85,atomic,[63rd_WaterTempDrop_85],[1.0000],1,1,1.0000,[[63rdStreetBeach201509062300_Water_Temperature]]
2025-10-15 19:15:43.570,162.160,63rd_WaterTempDrop_85,atomic,[63rd_WaterTempDrop_85],[1.0000],1,1,1.0000,[[63rdStreetBeach201509072400_Water_Temperature]]
2025-10-15 19:15:43.571,162.161,Calumet_WaterTempDrop_85,atomic,[Calumet_WaterTempDrop_85],[1.0000],1,1,1.0000,[[CalumetBeach201509072400_Water_Temperature]]
2025-10-15 19:15:43.572,162.162,Montrose_WaterTempDrop_85,atomic,[Montrose_WaterTempDrop_85],[1.0000],1,1,1.0000,[[MontroseBeach201509072400_Water_Temperature]]
2025-10-15 19:15:43.633,162.223,Montrose_WaterTempDrop_85,atomic,[Montrose_WaterTempDrop_85],[1.0000],1,1,1.0000,[[MontroseBeach201509070100_Water_Temperature]]
2025-10-15 19:15:43.634,162.224,Calumet_WaterTempDrop_85,atomic,[Calumet_WaterTempDrop_85],[1.0000],1,1,1.0000,[[CalumetBeach201509070100_Water_Temperature]]
2025-10-15 19:15:43.636,162.226,63rd_WaterTempDrop_85,atomic,[63rd_WaterTempDrop_85],[1.0000],1,1,1.0000,[[63rdStreetBeach201509070100_Water_Temperature]]
2025-10-15 19:15:43.694,162.284,Calumet_WaterTempDrop_85,atomic,[Calumet_WaterTempDrop_85],[1.0000],1,1,1.0000,[[CalumetBeach201509070200_Water_Temperature]]
2025-10-15 19:15:43.695,162.285,Montrose_WaterTempDrop_85,atomic,[Montrose_WaterTempDrop_85],[1.0000],1,1,1.0000,[[MontroseBeach201509070200_Water_Temperature]]
2025-10-15 19:15:43.695,162.285,63rd_WaterTempDrop_85,atomic,[63rd_WaterTempDrop_85],[1.0000],1,1,1.0000,[[63rdStreetBeach201509070200_Water_Temperature]]
2025-10-15 19:15:43.755,162.345,Calumet_WaterTempDrop_85,atomic,[Calumet_WaterTempDrop_85],[0.9667],1,1,0.9667,[[CalumetBeach201509070300_Water_Temperature]]
2025-10-15 19:15:43.756,162.346,63rd_WaterTempDrop_85,atomic,[63rd_WaterTempDrop_85],[1.0000],1,1,1.0000,[[63rdStreetBeach201509070300_Water_Temperature]]
2025-10-15 19:15:43.756,162.346,Montrose_WaterTempDrop_85,atomic,[Montrose_WaterTempDrop_85],[1.0000],1,1,1.0000,[[MontroseBeach201509070300_Water_Temperature]]
2025-10-15 19:15:43.821,162.411,63rd_WaterTempDrop_85,atomic,[63rd_WaterTempDrop_85],[1.0000],1,1,1.0000,[[63rdStreetBeach201509070400_Water_Temperature]]
2025-10-15 19:15:43.823,162.413,Montrose_WaterTempDrop_85,atomic,[Montrose_WaterTempDrop_85],[1.0000],1,1,1.0000,[[MontroseBeach201509070400_Water_Temperature]]
2025-10-15 19:15:43.823,162.413,Calumet_WaterTempDrop_85,atomic,[Calumet_WaterTempDrop_85],[1.0000],1,1,1.0000,[[CalumetBeach201509070400_Water_Temperature]]
2025-10-15 19:15:43.881,162.471,Calumet_WaterTempDrop_85,atomic,[Calumet_WaterTempDrop_85],[1.0000],1,1,1.0000,[[CalumetBeach201509070500_Water_Temperature]]
2025-10-15 19:15:43.882,162.472,Montrose_WaterTempDrop_85,atomic,[Montrose_WaterTempDrop_85],[1.0000],1,1,1.0000,[[MontroseBeach201509070500_Water_Temperature]]
2025-10-15 19:15:43.883,162.473,63rd_WaterTempDrop_85,atomic,[63rd_WaterTempDrop_85],[1.0000],1,1,1.0000,[[63rdStreetBeach201509070500_Water_Temperature]]
2025-10-15 19:15:43.943,162.533,Montrose_WaterTempDrop_85,atomic,[Montrose_WaterTempDrop_85],[0.9716],1,1,0.9716,[[MontroseBeach201509070600_Water_Temperature]]
2025-10-15 19:15:43.943,162.533,Calumet_WaterTempDrop_85,atomic,[Calumet_WaterTempDrop_85],[0.9667],1,1,0.9667,[[CalumetBeach201509070600_Water_Temperature]]
2025-10-15 19:15:43.944,162.534,63rd_WaterTempDrop_85,atomic,[63rd_WaterTempDrop_85],[1.0000],1,1,1.0000,[[63rdStreetBeach201509070600_Water_Temperature]]
2025-10-15 19:15:44.003,162.593,63rd_WaterTempDrop_85,atomic,[63rd_WaterTempDrop_85],[0.9692],1,1,0.9692,[[63rdStreetBeach201509070700_Water_Temperature]]
2025-10-15 19:15:44.006,162.596,Montrose_WaterTempDrop_85,atomic,[Montrose_WaterTempDrop_85],[1.0000],1,1,1.0000,[[MontroseBeach201509070700_Water_Temperature]]
2025-10-15 19:15:44.007,162.597,Calumet_WaterTempDrop_85,atomic,[Calumet_WaterTempDrop_85],[1.0000],1,1,1.0000,[[CalumetBeach201509070700_Water_Temperature]]
2025-10-15 19:15:44.067,162.657,Calumet_WaterTempDrop_85,atomic,[Calumet_WaterTempDrop_85],[1.0000],1,1,1.0000,[[CalumetBeach201509070800_Water_Temperature]]
2025-10-15 19:15:44.068,162.658,63rd_WaterTempDrop_85,atomic,[63rd_WaterTempDrop_85],[1.0000],1,1,1.0000,[[63rdStreetBeach201509070800_Water_Temperature]]
2025-10-15 19:15:44.069,162.659,Montrose_WaterTempDrop_85,atomic,[Montrose_WaterTempDrop_85],[1.0000],1,1,1.0000,[[MontroseBeach201509070800_Water_Temperature]]
2025-10-15 19:15:44.131,162.721,Montrose_WaterTempDrop_85,atomic,[Montrose_WaterTempDrop_85],[0.9695],1,1,0.9695,[[MontroseBeach201509070900_Water_Temperature]]
2025-10-15 19:15:44.132,162.722,Calumet_WaterTempDrop_85,atomic,[Calumet_WaterTempDrop_85],[1.0000],1,1,1.0000,[[CalumetBeach201509070900_Water_Temperature]]
2025-10-15 19:15:44.133,162.723,63rd_WaterTempDrop_85,atomic,[63rd_WaterTempDrop_85],[1.0000],1,1,1.0000,[[63rdStreetBeach201509070900_Water_Temperature]]
2025-10-15 19:15:44.191,162.781,63rd_WaterTempDrop_85,atomic,[63rd_WaterTempDrop_85],[0.9681],1,1,0.9681,[[63rdStreetBeach201509071000_Water_Temperature]]
2025-10-15 19:15:44.194,162.784,Calumet_WaterTempDrop_85,atomic,[Calumet_WaterTempDrop_85],[1.0000],1,1,1.0000,[[CalumetBeach201509071000_Water_Temperature]]
2025-10-15 19:15:44.194,162.784,Montrose_WaterTempDrop_85,atomic,[Montrose_WaterTempDrop_85],[1.0000],1,1,1.0000,[[MontroseBeach201509071000_Water_Temperature]]
2025-10-15 19:15:44.272,162.862,Montrose_WaterTempDrop_85,atomic,[Montrose_WaterTempDrop_85],[1.0000],1,1,1.0000,[[MontroseBeach201509071100_Water_Temperature]]
2025-10-15 19:15:44.273,162.863,Calumet_WaterTempDrop_85,atomic,[Calumet_WaterTempDrop_85],[1.0000],1,1,1.0000,[[CalumetBeach201509071100_Water_Temperature]]
2025-10-15 19:15:44.273,162.863,63rd_WaterTempDrop_85,atomic,[63rd_WaterTempDrop_85],[1.0000],1,1,1.0000,[[63rdStreetBeach201509071100_Water_Temperature]]
2025-10-15 19:15:44.319,162.909,63rd_WaterTempDrop_85,atomic,[63rd_WaterTempDrop_85],[1.0000],1,1,1.0000,[[63rdStreetBeach201509071200_Water_Temperature]]
2025-10-15 19:15:44.320,162.910,Calumet_WaterTempDrop_85,atomic,[Calumet_WaterTempDrop_85],[1.0000],1,1,1.0000,[[CalumetBeach201509071200_Water_Temperature]]
2025-10-15 19:15:44.320,162.910,Montrose_WaterTempDrop_85,atomic,[Montrose_WaterTempDrop_85],[1.0000],1,1,1.0000,[[MontroseBeach201509071200_Water_Temperature]]
2025-10-15 19:15:44.382,162.972,Montrose_WaterTempDrop_85,atomic,[Montrose_WaterTempDrop_85],[1.0000],1,1,1.0000,[[MontroseBeach201509071300_Water_Temperature]]
2025-10-15 19:15:44.383,162.973,63rd_WaterTempDrop_85,atomic,[63rd_WaterTempDrop_85],[1.0000],1,1,1.0000,[[63rdStreetBeach201509071300_Water_Temperature]]
2025-10-15 19:15:44.384,162.974,Calumet_WaterTempDrop_85,atomic,[Calumet_WaterTempDrop_85],[1.0000],1,1,1.0000,[[CalumetBeach201509071300_Water_Temperature]]
2025-10-15 19:15:44.442,163.032,Montrose_WaterTempDrop_85,atomic,[Montrose_WaterTempDrop_85],[0.9697],1,1,0.9697,[[MontroseBeach201509071400_Water_Temperature]]
2025-10-15 19:15:44.445,163.035,Calumet_WaterTempDrop_85,atomic,[Calumet_WaterTempDrop_85],[1.0000],1,1,1.0000,[[CalumetBeach201509071400_Water_Temperature]]
2025-10-15 19:15:44.445,163.035,63rd_WaterTempDrop_85,atomic,[63rd_WaterTempDrop_85],[1.0000],1,1,1.0000,[[63rdStreetBeach201509071400_Water_Temperature]]
2025-10-15 19:15:44.508,163.098,Calumet_WaterTempDrop_85,atomic,[Calumet_WaterTempDrop_85],[0.9715],1,1,0.9715,[[CalumetBeach201509071500_Water_Temperature]]
2025-10-15 19:15:44.508,163.098,63rd_WaterTempDrop_85,atomic,[63rd_WaterTempDrop_85],[1.0000],1,1,1.0000,[[63rdStreetBeach201509071500_Water_Temperature]]
2025-10-15 19:15:44.509,163.099,Montrose_WaterTempDrop_85,atomic,[Montrose_WaterTempDrop_85],[1.0000],1,1,1.0000,[[MontroseBeach201509071500_Water_Temperature]]
2025-10-15 19:15:44.571,163.161,Montrose_WaterTempDrop_85,atomic,[Montrose_WaterTempDrop_85],[1.0000],1,1,1.0000,[[MontroseBeach201509071600_Water_Temperature]]
2025-10-15 19:15:44.571,163.161,Calumet_WaterTempDrop_85,atomic,[Calumet_WaterTempDrop_85],[0.9678],1,1,0.9678,[[CalumetBeach201509071600_Water_Temperature]]
2025-10-15 19:15:44.572,163.162,63rd_WaterTempDrop_85,atomic,[63rd_WaterTempDrop_85],[1.0000],1,1,1.0000,[[63rdStreetBeach201509071600_Water_Temperature]]
2025-10-15 19:15:44.633,163.223,Montrose_WaterTempDrop_85,atomic,[Montrose_WaterTempDrop_85],[1.0000],1,1,1.0000,[[MontroseBeach201509071700_Water_Temperature]]
2025-10-15 19:15:44.634,163.224,Calumet_WaterTempDrop_85,atomic,[Calumet_WaterTempDrop_85],[1.0000],1,1,1.0000,[[CalumetBeach201509071700_Water_Temperature]]
2025-10-15 19:15:44.636,163.226,63rd_WaterTempDrop_85,atomic,[63rd_WaterTempDrop_85],[1.0000],1,1,1.0000,[[63rdStreetBeach201509071700_Water_Temperature]]
2025-10-15 19:15:44.695,163.285,63rd_WaterTempDrop_85,atomic,[63rd_WaterTempDrop_85],[1.0000],1,1,1.0000,[[63rdStreetBeach201509071800_Water_Temperature]]
2025-10-15 19:15:44.695,163.285,Montrose_WaterTempDrop_85,atomic,[Montrose_WaterTempDrop_85],[0.9691],1,1,0.9691,[[MontroseBeach201509071800_Water_Temperature]]
2025-10-15 19:15:44.696,163.286,Calumet_WaterTempDrop_85,atomic,[Calumet_WaterTempDrop_85],[1.0000],1,1,1.0000,[[CalumetBeach201509071800_Water_Temperature]]
2025-10-15 19:15:44.757,163.347,Calumet_WaterTempDrop_85,atomic,[Calumet_WaterTempDrop_85],[0.9668],1,1,0.9668,[[CalumetBeach201509071900_Water_Temperature]]
2025-10-15 19:15:44.758,163.348,Montrose_WaterTempDrop_85,atomic,[Montrose_WaterTempDrop_85],[1.0000],1,1,1.0000,[[MontroseBeach201509071900_Water_Temperature]]
2025-10-15 19:15:44.758,163.348,63rd_WaterTempDrop_85,atomic,[63rd_WaterTempDrop_85],[1.0000],1,1,1.0000,[[63rdStreetBeach201509071900_Water_Temperature]]
2025-10-15 19:15:44.821,163.411,Calumet_WaterTempDrop_85,atomic,[Calumet_WaterTempDrop_85],[1.0000],1,1,1.0000,[[CalumetBeach201509072000_Water_Temperature]]
2025-10-15 19:15:44.823,163.413,63rd_WaterTempDrop_85,atomic,[63rd_WaterTempDrop_85],[1.0000],1,1,1.0000,[[63rdStreetBeach201509072000_Water_Temperature]]
2025-10-15 19:15:44.824,163.414,Montrose_WaterTempDrop_85,atomic,[Montrose_WaterTempDrop_85],[1.0000],1,1,1.0000,[[MontroseBeach201509072000_Water_Temperature]]
2025-10-15 19:15:44.885,163.475,Montrose_WaterTempDrop_85,atomic,[Montrose_WaterTempDrop_85],[1.0000],1,1,1.0000,[[MontroseBeach201509072100_Water_Temperature]]
2025-10-15 19:15:44.885,163.475,63rd_WaterTempDrop_85,atomic,[63rd_WaterTempDrop_85],[1.0000],1,1,1.0000,[[63rdStreetBeach201509072100_Water_Temperature]]
2025-10-15 19:15:44.886,163.476,Calumet_WaterTempDrop_85,atomic,[Calumet_WaterTempDrop_85],[1.0000],1,1,1.0000,[[CalumetBeach201509072100_Water_Temperature]]
2025-10-15 19:15:44.946,163.536,63rd_WaterTempDrop_85,atomic,[63rd_WaterTempDrop_85],[1.0000],1,1,1.0000,[[63rdStreetBeach201509072200_Water_Temperature]]
2025-10-15 19:15:44.948,163.538,Montrose_WaterTempDrop_85,atomic,[Montrose_WaterTempDrop_85],[1.0000],1,1,1.0000,[[MontroseBeach201509072200_Water_Temperature]]
2025-10-15 19:15:44.949,163.539,Calumet_WaterTempDrop_85,atomic,[Calumet_WaterTempDrop_85],[1.0000],1,1,1.0000,[[CalumetBeach201509072200_Water_Temperature]]
2025-10-15 19:15:45.008,163.598,Montrose_WaterTempDrop_85,atomic,[Montrose_WaterTempDrop_85],[0.9697],1,1,0.9697,[[MontroseBeach201509072300_Water_Temperature]]
2025-10-15 19:15:45.010,163.600,Calumet_WaterTempDrop_85,atomic,[Calumet_WaterTempDrop_85],[1.0000],1,1,1.0000,[[CalumetBeach201509072300_Water_Temperature]]
2025-10-15 19:15:45.010,163.600,63rd_WaterTempDrop_85,atomic,[63rd_WaterTempDrop_85],[1.0000],1,1,1.0000,[[63rdStreetBeach201509072300_Water_Temperature]]
2025-10-15 19:15:45.071,163.661,Montrose_WaterTempDrop_85,atomic,[Montrose_WaterTempDrop_85],[1.0000],1,1,1.0000,[[MontroseBeach201509082400_Water_Temperature]]
2025-10-15 19:15:45.072,163.662,63rd_WaterTempDrop_85,atomic,[63rd_WaterTempDrop_85],[1.0000],1,1,1.0000,[[63rdStreetBeach201509082400_Water_Temperature]]
2025-10-15 19:15:45.073,163.663,Calumet_WaterTempDrop_85,atomic,[Calumet_WaterTempDrop_85],[1.0000],1,1,1.0000,[[CalumetBeach201509082400_Water_Temperature]]
2025-10-15 19:15:45.134,163.724,63rd_WaterTempDrop_85,atomic,[63rd_WaterTempDrop_85],[0.9727],1,1,0.9727,[[63rdStreetBeach201509080100_Water_Temperature]]
2025-10-15 19:15:45.135,163.725,Calumet_WaterTempDrop_85,atomic,[Calumet_WaterTempDrop_85],[1.0000],1,1,1.0000,[[CalumetBeach201509080100_Water_Temperature]]
2025-10-15 19:15:45.137,163.727,Montrose_WaterTempDrop_85,atomic,[Montrose_WaterTempDrop_85],[1.0000],1,1,1.0000,[[MontroseBeach201509080100_Water_Temperature]]
2025-10-15 19:15:45.198,163.788,Calumet_WaterTempDrop_85,atomic,[Calumet_WaterTempDrop_85],[0.9699],1,1,0.9699,[[CalumetBeach201509080200_Water_Temperature]]
2025-10-15 19:15:45.198,163.788,63rd_WaterTempDrop_85,atomic,[63rd_WaterTempDrop_85],[1.0000],1,1,1.0000,[[63rdStreetBeach201509080200_Water_Temperature]]
2025-10-15 19:15:45.198,163.788,Montrose_WaterTempDrop_85,atomic,[Montrose_WaterTempDrop_85],[0.9683],1,1,0.9683,[[MontroseBeach201509080200_Water_Temperature]]
2025-10-15 19:15:45.257,163.847,63rd_WaterTempDrop_85,atomic,[63rd_WaterTempDrop_85],[0.9697],1,1,0.9697,[[63rdStreetBeach201509080300_Water_Temperature]]
2025-10-15 19:15:45.258,163.848,Calumet_WaterTempDrop_85,atomic,[Calumet_WaterTempDrop_85],[0.9661],1,1,0.9661,[[CalumetBeach201509080300_Water_Temperature]]
2025-10-15 19:15:45.260,163.850,Montrose_WaterTempDrop_85,atomic,[Montrose_WaterTempDrop_85],[0.9644],1,1,0.9644,[[MontroseBeach201509080300_Water_Temperature]]
2025-10-15 19:15:45.322,163.912,63rd_WaterTempDrop_85,atomic,[63rd_WaterTempDrop_85],[0.9658],1,1,0.9658,[[63rdStreetBeach201509080400_Water_Temperature]]
2025-10-15 19:15:45.322,163.912,Calumet_WaterTempDrop_85,atomic,[Calumet_WaterTempDrop_85],[0.9618],1,1,0.9618,[[CalumetBeach201509080400_Water_Temperature]]
2025-10-15 19:15:45.326,163.916,Montrose_WaterTempDrop_85,atomic,[Montrose_WaterTempDrop_85],[1.0000],1,1,1.0000,[[MontroseBeach201509080400_Water_Temperature]]
2025-10-15 19:15:45.384,163.974,63rd_WaterTempDrop_85,atomic,[63rd_WaterTempDrop_85],[0.9614],1,1,0.9614,[[63rdStreetBeach201509080500_Water_Temperature]]
2025-10-15 19:15:45.386,163.976,Calumet_WaterTempDrop_85,atomic,[Calumet_WaterTempDrop_85],[1.0000],1,1,1.0000,[[CalumetBeach201509080500_Water_Temperature]]
2025-10-15 19:15:45.388,163.978,Montrose_WaterTempDrop_85,atomic,[Montrose_WaterTempDrop_85],[1.0000],1,1,1.0000,[[MontroseBeach201509080500_Water_Temperature]]
2025-10-15 19:15:45.449,164.039,Calumet_WaterTempDrop_85,atomic,[Calumet_WaterTempDrop_85],[0.9603],1,1,0.9603,[[CalumetBeach201509080600_Water_Temperature]]
2025-10-15 19:15:45.450,164.040,Montrose_WaterTempDrop_85,atomic,[Montrose_WaterTempDrop_85],[1.0000],1,1,1.0000,[[MontroseBeach201509080600_Water_Temperature]]
2025-10-15 19:15:45.453,164.043,63rd_WaterTempDrop_85,atomic,[63rd_WaterTempDrop_85],[1.0000],1,1,1.0000,[[63rdStreetBeach201509080600_Water_Temperature]]
2025-10-15 19:15:45.511,164.101,Calumet_WaterTempDrop_85,atomic,[Calumet_WaterTempDrop_85],[1.0000],1,1,1.0000,[[CalumetBeach201509080700_Water_Temperature]]
2025-10-15 19:15:45.512,164.102,Montrose_WaterTempDrop_85,atomic,[Montrose_WaterTempDrop_85],[1.0000],1,1,1.0000,[[MontroseBeach201509080700_Water_Temperature]]
2025-10-15 19:15:45.512,164.102,63rd_WaterTempDrop_85,atomic,[63rd_WaterTempDrop_85],[1.0000],1,1,1.0000,[[63rdStreetBeach201509080700_Water_Temperature]]
2025-10-15 19:15:45.570,164.160,Montrose_WaterTempDrop_85,atomic,[Montrose_WaterTempDrop_85],[1.0000],1,1,1.0000,[[MontroseBeach201509080800_Water_Temperature]]
2025-10-15 19:15:45.572,164.162,63rd_WaterTempDrop_85,atomic,[63rd_WaterTempDrop_85],[1.0000],1,1,1.0000,[[63rdStreetBeach201509080800_Water_Temperature]]
2025-10-15 19:15:45.573,164.163,Calumet_WaterTempDrop_85,atomic,[Calumet_WaterTempDrop_85],[1.0000],1,1,1.0000,[[CalumetBeach201509080800_Water_Temperature]]
2025-10-15 19:15:45.634,164.224,Montrose_WaterTempDrop_85,atomic,[Montrose_WaterTempDrop_85],[0.9687],1,1,0.9687,[[MontroseBeach201509080900_Water_Temperature]]
2025-10-15 19:15:45.634,164.224,Calumet_WaterTempDrop_85,atomic,[Calumet_WaterTempDrop_85],[1.0000],1,1,1.0000,[[CalumetBeach201509080900_Water_Temperature]]
2025-10-15 19:15:45.636,164.226,63rd_WaterTempDrop_85,atomic,[63rd_WaterTempDrop_85],[1.0000],1,1,1.0000,[[63rdStreetBeach201509080900_Water_Temperature]]
2025-10-15 19:15:45.697,164.287,Montrose_WaterTempDrop_85,atomic,[Montrose_WaterTempDrop_85],[0.9648],1,1,0.9648,[[MontroseBeach201509081000_Water_Temperature]]
2025-10-15 19:15:45.697,164.287,Calumet_WaterTempDrop_85,atomic,[Calumet_WaterTempDrop_85],[0.9642],1,1,0.9642,[[CalumetBeach201509081000_Water_Temperature]]
2025-10-15 19:15:45.697,164.287,63rd_WaterTempDrop_85,atomic,[63rd_WaterTempDrop_85],[0.9660],1,1,0.9660,[[63rdStreetBeach201509081000_Water_Temperature]]
2025-10-15 19:15:45.760,164.350,Montrose_WaterTempDrop_85,atomic,[Montrose_WaterTempDrop_85],[1.0000],1,1,1.0000,[[MontroseBeach201509081100_Water_Temperature]]
2025-10-15 19:15:45.760,164.350,63rd_WaterTempDrop_85,atomic,[63rd_WaterTempDrop_85],[1.0000],1,1,1.0000,[[63rdStreetBeach201509081100_Water_Temperature]]
2025-10-15 19:15:45.762,164.352,Calumet_WaterTempDrop_85,atomic,[Calumet_WaterTempDrop_85],[1.0000],1,1,1.0000,[[CalumetBeach201509081100_Water_Temperature]]
2025-10-15 19:15:45.821,164.411,63rd_WaterTempDrop_85,atomic,[63rd_WaterTempDrop_85],[0.9640],1,1,0.9640,[[63rdStreetBeach201509081200_Water_Temperature]]
2025-10-15 19:15:45.821,164.411,Calumet_WaterTempDrop_85,atomic,[Calumet_WaterTempDrop_85],[0.9626],1,1,0.9626,[[CalumetBeach201509081200_Water_Temperature]]
2025-10-15 19:15:45.823,164.413,Montrose_WaterTempDrop_85,atomic,[Montrose_WaterTempDrop_85],[1.0000],1,1,1.0000,[[MontroseBeach201509081200_Water_Temperature]]
2025-10-15 19:15:45.883,164.473,Montrose_WaterTempDrop_85,atomic,[Montrose_WaterTempDrop_85],[1.0000],1,1,1.0000,[[MontroseBeach201509081300_Water_Temperature]]
2025-10-15 19:15:45.885,164.475,Calumet_WaterTempDrop_85,atomic,[Calumet_WaterTempDrop_85],[1.0000],1,1,1.0000,[[CalumetBeach201509081300_Water_Temperature]]
2025-10-15 19:15:45.886,164.476,63rd_WaterTempDrop_85,atomic,[63rd_WaterTempDrop_85],[1.0000],1,1,1.0000,[[63rdStreetBeach201509081300_Water_Temperature]]
2025-10-15 19:15:45.949,164.539,63rd_WaterTempDrop_85,atomic,[63rd_WaterTempDrop_85],[0.9623],1,1,0.9623,[[63rdStreetBeach201509081400_Water_Temperature]]
2025-10-15 19:15:45.949,164.539,Calumet_WaterTempDrop_85,atomic,[Calumet_WaterTempDrop_85],[1.0000],1,1,1.0000,[[CalumetBeach201509081400_Water_Temperature]]
2025-10-15 19:15:45.950,164.540,Montrose_WaterTempDrop_85,atomic,[Montrose_WaterTempDrop_85],[1.0000],1,1,1.0000,[[MontroseBeach201509081400_Water_Temperature]]
2025-10-15 19:15:46.011,164.601,63rd_WaterTempDrop_85,atomic,[63rd_WaterTempDrop_85],[1.0000],1,1,1.0000,[[63rdStreetBeach201509081500_Water_Temperature]]
2025-10-15 19:15:46.013,164.603,Montrose_WaterTempDrop_85,atomic,[Montrose_WaterTempDrop_85],[1.0000],1,1,1.0000,[[MontroseBeach201509081500_Water_Temperature]]
2025-10-15 19:15:46.013,164.603,Calumet_WaterTempDrop_85,atomic,[Calumet_WaterTempDrop_85],[1.0000],1,1,1.0000,[[CalumetBeach201509081500_Water_Temperature]]
2025-10-15 19:15:46.073,164.663,Calumet_WaterTempDrop_85,atomic,[Calumet_WaterTempDrop_85],[0.9655],1,1,0.9655,[[CalumetBeach201509081600_Water_Temperature]]
2025-10-15 19:15:46.074,164.664,63rd_WaterTempDrop_85,atomic,[63rd_WaterTempDrop_85],[1.0000],1,1,1.0000,[[63rdStreetBeach201509081600_Water_Temperature]]
2025-10-15 19:15:46.074,164.664,Montrose_WaterTempDrop_85,atomic,[Montrose_WaterTempDrop_85],[1.0000],1,1,1.0000,[[MontroseBeach201509081600_Water_Temperature]]
2025-10-15 19:15:46.136,164.726,Calumet_WaterTempDrop_85,atomic,[Calumet_WaterTempDrop_85],[0.9614],1,1,0.9614,[[CalumetBeach201509081700_Water_Temperature]]
2025-10-15 19:15:46.136,164.726,63rd_WaterTempDrop_85,atomic,[63rd_WaterTempDrop_85],[1.0000],1,1,1.0000,[[63rdStreetBeach201509081700_Water_Temperature]]
2025-10-15 19:15:46.137,164.727,Montrose_WaterTempDrop_85,atomic,[Montrose_WaterTempDrop_85],[1.0000],1,1,1.0000,[[MontroseBeach201509081700_Water_Temperature]]
2025-10-15 19:15:46.197,164.787,Calumet_WaterTempDrop_85,atomic,[Calumet_WaterTempDrop_85],[1.0000],1,1,1.0000,[[CalumetBeach201509081800_Water_Temperature]]
2025-10-15 19:15:46.199,164.789,Montrose_WaterTempDrop_85,atomic,[Montrose_WaterTempDrop_85],[1.0000],1,1,1.0000,[[MontroseBeach201509081800_Water_Temperature]]
2025-10-15 19:15:46.200,164.790,63rd_WaterTempDrop_85,atomic,[63rd_WaterTempDrop_85],[1.0000],1,1,1.0000,[[63rdStreetBeach201509081800_Water_Temperature]]
2025-10-15 19:15:46.258,164.848,63rd_WaterTempDrop_85,atomic,[63rd_WaterTempDrop_85],[0.9669],1,1,0.9669,[[63rdStreetBeach201509081900_Water_Temperature]]
2025-10-15 19:15:46.259,164.849,Calumet_WaterTempDrop_85,atomic,[Calumet_WaterTempDrop_85],[1.0000],1,1,1.0000,[[CalumetBeach201509081900_Water_Temperature]]
2025-10-15 19:15:46.261,164.851,Montrose_WaterTempDrop_85,atomic,[Montrose_WaterTempDrop_85],[1.0000],1,1,1.0000,[[MontroseBeach201509081900_Water_Temperature]]
2025-10-15 19:15:46.323,164.913,63rd_WaterTempDrop_85,atomic,[63rd_WaterTempDrop_85],[0.9630],1,1,0.9630,[[63rdStreetBeach201509082000_Water_Temperature]]
2025-10-15 19:15:46.323,164.913,Montrose_WaterTempDrop_85,atomic,[Montrose_WaterTempDrop_85],[1.0000],1,1,1.0000,[[MontroseBeach201509082000_Water_Temperature]]
2025-10-15 19:15:46.324,164.914,Calumet_WaterTempDrop_85,atomic,[Calumet_WaterTempDrop_85],[1.0000],1,1,1.0000,[[CalumetBeach201509082000_Water_Temperature]]
2025-10-15 19:15:46.381,164.971,63rd_WaterTempDrop_85,atomic,[63rd_WaterTempDrop_85],[0.9586],1,1,0.9586,[[63rdStreetBeach201509082100_Water_Temperature]]
2025-10-15 19:15:46.383,164.973,Calumet_WaterTempDrop_85,atomic,[Calumet_WaterTempDrop_85],[1.0000],1,1,1.0000,[[CalumetBeach201509082100_Water_Temperature]]
2025-10-15 19:15:46.385,164.975,Montrose_WaterTempDrop_85,atomic,[Montrose_WaterTempDrop_85],[1.0000],1,1,1.0000,[[MontroseBeach201509082100_Water_Temperature]]
2025-10-15 19:15:46.445,165.035,Montrose_WaterTempDrop_85,atomic,[Montrose_WaterTempDrop_85],[0.9722],1,1,0.9722,[[MontroseBeach201509082200_Water_Temperature]]
2025-10-15 19:15:46.445,165.035,Calumet_WaterTempDrop_85,atomic,[Calumet_WaterTempDrop_85],[1.0000],1,1,1.0000,[[CalumetBeach201509082200_Water_Temperature]]
2025-10-15 19:15:46.448,165.038,63rd_WaterTempDrop_85,atomic,[63rd_WaterTempDrop_85],[1.0000],1,1,1.0000,[[63rdStreetBeach201509082200_Water_Temperature]]
2025-10-15 19:15:46.506,165.096,Montrose_WaterTempDrop_85,atomic,[Montrose_WaterTempDrop_85],[0.9687],1,1,0.9687,[[MontroseBeach201509082300_Water_Temperature]]
2025-10-15 19:15:46.509,165.099,63rd_WaterTempDrop_85,atomic,[63rd_WaterTempDrop_85],[1.0000],1,1,1.0000,[[63rdStreetBeach201509082300_Water_Temperature]]
2025-10-15 19:15:46.511,165.101,Calumet_WaterTempDrop_85,atomic,[Calumet_WaterTempDrop_85],[1.0000],1,1,1.0000,[[CalumetBeach201509082300_Water_Temperature]]
2025-10-15 19:15:46.573,165.163,Calumet_WaterTempDrop_85,atomic,[Calumet_WaterTempDrop_85],[0.9691],1,1,0.9691,[[CalumetBeach201509092400_Water_Temperature]]
2025-10-15 19:15:46.573,165.163,63rd_WaterTempDrop_85,atomic,[63rd_WaterTempDrop_85],[1.0000],1,1,1.0000,[[63rdStreetBeach201509092400_Water_Temperature]]
2025-10-15 19:15:46.574,165.164,Montrose_WaterTempDrop_85,atomic,[Montrose_WaterTempDrop_85],[1.0000],1,1,1.0000,[[MontroseBeach201509092400_Water_Temperature]]
2025-10-15 19:15:46.635,165.225,Montrose_WaterTempDrop_85,atomic,[Montrose_WaterTempDrop_85],[1.0000],1,1,1.0000,[[MontroseBeach201509090100_Water_Temperature]]
2025-10-15 19:15:46.636,165.226,Calumet_WaterTempDrop_85,atomic,[Calumet_WaterTempDrop_85],[1.0000],1,1,1.0000,[[CalumetBeach201509090100_Water_Temperature]]
2025-10-15 19:15:46.698,165.288,Montrose_WaterTempDrop_85,atomic,[Montrose_WaterTempDrop_85],[0.9675],1,1,0.9675,[[MontroseBeach201509090200_Water_Temperature]]
2025-10-15 19:15:46.698,165.288,63rd_WaterTempDrop_85,atomic,[63rd_WaterTempDrop_85],[1.0000],1,1,1.0000,[[63rdStreetBeach201509090200_Water_Temperature]]
2025-10-15 19:15:46.698,165.288,Calumet_WaterTempDrop_85,atomic,[Calumet_WaterTempDrop_85],[0.9668],1,1,0.9668,[[CalumetBeach201509090200_Water_Temperature]]
2025-10-15 19:15:46.759,165.349,Calumet_WaterTempDrop_85,atomic,[Calumet_WaterTempDrop_85],[0.9628],1,1,0.9628,[[CalumetBeach201509090300_Water_Temperature]]
2025-10-15 19:15:46.759,165.349,63rd_WaterTempDrop_85,atomic,[63rd_WaterTempDrop_85],[0.9656],1,1,0.9656,[[63rdStreetBeach201509090300_Water_Temperature]]
2025-10-15 19:15:46.762,165.352,Montrose_WaterTempDrop_85,atomic,[Montrose_WaterTempDrop_85],[1.0000],1,1,1.0000,[[MontroseBeach201509090300_Water_Temperature]]
2025-10-15 19:15:46.824,165.414,63rd_WaterTempDrop_85,atomic,[63rd_WaterTempDrop_85],[0.9616],1,1,0.9616,[[63rdStreetBeach201509090400_Water_Temperature]]
2025-10-15 19:15:46.824,165.414,Calumet_WaterTempDrop_85,atomic,[Calumet_WaterTempDrop_85],[0.9584],1,1,0.9584,[[CalumetBeach201509090400_Water_Temperature]]
2025-10-15 19:15:46.825,165.415,Montrose_WaterTempDrop_85,atomic,[Montrose_WaterTempDrop_85],[1.0000],1,1,1.0000,[[MontroseBeach201509090400_Water_Temperature]]
2025-10-15 19:15:46.887,165.477,Calumet_WaterTempDrop_85,atomic,[Calumet_WaterTempDrop_85],[0.9534],1,1,0.9534,[[CalumetBeach201509090500_Water_Temperature]]
2025-10-15 19:15:46.887,165.477,63rd_WaterTempDrop_85,atomic,[63rd_WaterTempDrop_85],[1.0000],1,1,1.0000,[[63rdStreetBeach201509090500_Water_Temperature]]
2025-10-15 19:15:46.890,165.480,Montrose_WaterTempDrop_85,atomic,[Montrose_WaterTempDrop_85],[1.0000],1,1,1.0000,[[MontroseBeach201509090500_Water_Temperature]]
2025-10-15 19:15:46.948,165.538,63rd_WaterTempDrop_85,atomic,[63rd_WaterTempDrop_85],[0.9605],1,1,0.9605,[[63rdStreetBeach201509090600_Water_Temperature]]
2025-10-15 19:15:46.949,165.539,Montrose_WaterTempDrop_85,atomic,[Montrose_WaterTempDrop_85],[1.0000],1,1,1.0000,[[MontroseBeach201509090600_Water_Temperature]]
2025-10-15 19:15:46.951,165.541,Calumet_WaterTempDrop_85,atomic,[Calumet_WaterTempDrop_85],[1.0000],1,1,1.0000,[[CalumetBeach201509090600_Water_Temperature]]
2025-10-15 19:15:47.010,165.600,Calumet_WaterTempDrop_85,atomic,[Calumet_WaterTempDrop_85],[0.9539],1,1,0.9539,[[CalumetBeach201509090700_Water_Temperature]]
2025-10-15 19:15:47.010,165.600,Montrose_WaterTempDrop_85,atomic,[Montrose_WaterTempDrop_85],[1.0000],1,1,1.0000,[[MontroseBeach201509090700_Water_Temperature]]
2025-10-15 19:15:47.074,165.664,63rd_WaterTempDrop_85,atomic,[63rd_WaterTempDrop_85],[1.0000],1,1,1.0000,[[63rdStreetBeach201509090800_Water_Temperature]]
2025-10-15 19:15:47.076,165.666,Calumet_WaterTempDrop_85,atomic,[Calumet_WaterTempDrop_85],[1.0000],1,1,1.0000,[[CalumetBeach201509090800_Water_Temperature]]
2025-10-15 19:15:47.077,165.667,Montrose_WaterTempDrop_85,atomic,[Montrose_WaterTempDrop_85],[1.0000],1,1,1.0000,[[MontroseBeach201509090800_Water_Temperature]]
2025-10-15 19:15:47.136,165.726,Calumet_WaterTempDrop_85,atomic,[Calumet_WaterTempDrop_85],[1.0000],1,1,1.0000,[[CalumetBeach201509090900_Water_Temperature]]
2025-10-15 19:15:47.137,165.727,Montrose_WaterTempDrop_85,atomic,[Montrose_WaterTempDrop_85],[1.0000],1,1,1.0000,[[MontroseBeach201509090900_Water_Temperature]]
2025-10-15 19:15:47.198,165.788,Montrose_WaterTempDrop_85,atomic,[Montrose_WaterTempDrop_85],[0.9709],1,1,0.9709,[[MontroseBeach201509091000_Water_Temperature]]
2025-10-15 19:15:47.198,165.788,Calumet_WaterTempDrop_85,atomic,[Calumet_WaterTempDrop_85],[0.9586],1,1,0.9586,[[CalumetBeach201509091000_Water_Temperature]]
2025-10-15 19:15:47.259,165.849,Calumet_WaterTempDrop_85,atomic,[Calumet_WaterTempDrop_85],[0.9539],1,1,0.9539,[[CalumetBeach201509091100_Water_Temperature]]
2025-10-15 19:15:47.263,165.853,63rd_WaterTempDrop_85,atomic,[63rd_WaterTempDrop_85],[1.0000],1,1,1.0000,[[63rdStreetBeach201509091100_Water_Temperature]]
2025-10-15 19:15:47.263,165.853,Montrose_WaterTempDrop_85,atomic,[Montrose_WaterTempDrop_85],[1.0000],1,1,1.0000,[[MontroseBeach201509091100_Water_Temperature]]
2025-10-15 19:15:47.324,165.914,Calumet_WaterTempDrop_85,atomic,[Calumet_WaterTempDrop_85],[1.0000],1,1,1.0000,[[CalumetBeach201509091200_Water_Temperature]]
2025-10-15 19:15:47.324,165.914,Montrose_WaterTempDrop_85,atomic,[Montrose_WaterTempDrop_85],[1.0000],1,1,1.0000,[[MontroseBeach201509091200_Water_Temperature]]
2025-10-15 19:15:47.384,165.974,63rd_WaterTempDrop_85,atomic,[63rd_WaterTempDrop_85],[0.9625],1,1,0.9625,[[63rdStreetBeach201509091300_Water_Temperature]]
2025-10-15 19:15:47.384,165.974,Calumet_WaterTempDrop_85,atomic,[Calumet_WaterTempDrop_85],[0.9545],1,1,0.9545,[[CalumetBeach201509091300_Water_Temperature]]
2025-10-15 19:15:47.386,165.976,Montrose_WaterTempDrop_85,atomic,[Montrose_WaterTempDrop_85],[1.0000],1,1,1.0000,[[MontroseBeach201509091300_Water_Temperature]]
2025-10-15 19:15:47.386,165.976,Montrose_HighWave_85,atomic,[Montrose_HighWave_85],[1.0000],1,1,1.0000,[[MontroseBeach201509091300_Wave_Height]]
2025-10-15 19:15:47.447,166.037,Calumet_WaterTempDrop_85,atomic,[Calumet_WaterTempDrop_85],[0.9494],1,1,0.9494,[[CalumetBeach201509091400_Water_Temperature]]
2025-10-15 19:15:47.449,166.039,Montrose_WaterTempDrop_85,atomic,[Montrose_WaterTempDrop_85],[1.0000],1,1,1.0000,[[MontroseBeach201509091400_Water_Temperature]]
2025-10-15 19:15:47.451,166.041,Montrose_HighWave_85,atomic,[Montrose_HighWave_85],[1.0000],1,1,1.0000,[[MontroseBeach201509091400_Wave_Height]]
2025-10-15 19:15:47.451,166.041,63rd_WaterTempDrop_85,atomic,[63rd_WaterTempDrop_85],[1.0000],1,1,1.0000,[[63rdStreetBeach201509091400_Water_Temperature]]
2025-10-15 19:15:47.510,166.100,Calumet_WaterTempDrop_85,atomic,[Calumet_WaterTempDrop_85],[1.0000],1,1,1.0000,[[CalumetBeach201509091500_Water_Temperature]]
2025-10-15 19:15:47.511,166.101,Montrose_WaterTempDrop_85,atomic,[Montrose_WaterTempDrop_85],[1.0000],1,1,1.0000,[[MontroseBeach201509091500_Water_Temperature]]
2025-10-15 19:15:47.511,166.101,Montrose_HighWave_85,atomic,[Montrose_HighWave_85],[1.0000],1,1,1.0000,[[MontroseBeach201509091500_Wave_Height]]
2025-10-15 19:15:47.513,166.103,63rd_WaterTempDrop_85,atomic,[63rd_WaterTempDrop_85],[1.0000],1,1,1.0000,[[63rdStreetBeach201509091500_Water_Temperature]]
2025-10-15 19:15:47.571,166.161,Montrose_WaterTempDrop_85,atomic,[Montrose_WaterTempDrop_85],[1.0000],1,1,1.0000,[[MontroseBeach201509091600_Water_Temperature]]
2025-10-15 19:15:47.573,166.163,Montrose_HighWave_85,atomic,[Montrose_HighWave_85],[1.0000],1,1,1.0000,[[MontroseBeach201509091600_Wave_Height]]
2025-10-15 19:15:47.573,166.163,Calumet_WaterTempDrop_85,atomic,[Calumet_WaterTempDrop_85],[1.0000],1,1,1.0000,[[CalumetBeach201509091600_Water_Temperature]]
2025-10-15 19:15:47.633,166.223,63rd_WaterTempDrop_85,atomic,[63rd_WaterTempDrop_85],[0.9638],1,1,0.9638,[[63rdStreetBeach201509091700_Water_Temperature]]
2025-10-15 19:15:47.634,166.224,Calumet_WaterTempDrop_85,atomic,[Calumet_WaterTempDrop_85],[0.9565],1,1,0.9565,[[CalumetBeach201509091700_Water_Temperature]]
2025-10-15 19:15:47.635,166.225,Montrose_WaterTempDrop_85,atomic,[Montrose_WaterTempDrop_85],[1.0000],1,1,1.0000,[[MontroseBeach201509091700_Water_Temperature]]
2025-10-15 19:15:47.637,166.227,Montrose_HighWave_85,atomic,[Montrose_HighWave_85],[1.0000],1,1,1.0000,[[MontroseBeach201509091700_Wave_Height]]
2025-10-15 19:15:47.696,166.286,Montrose_HighWave_85,atomic,[Montrose_HighWave_85],[0.8858],1,1,0.8858,[[MontroseBeach201509091800_Wave_Height]]
2025-10-15 19:15:47.696,166.286,63rd_WaterTempDrop_85,atomic,[63rd_WaterTempDrop_85],[1.0000],1,1,1.0000,[[63rdStreetBeach201509091800_Water_Temperature]]
2025-10-15 19:15:47.697,166.287,Calumet_WaterTempDrop_85,atomic,[Calumet_WaterTempDrop_85],[0.9516],1,1,0.9516,[[CalumetBeach201509091800_Water_Temperature]]
2025-10-15 19:15:47.697,166.287,Montrose_WaterTempDrop_85,atomic,[Montrose_WaterTempDrop_85],[1.0000],1,1,1.0000,[[MontroseBeach201509091800_Water_Temperature]]
2025-10-15 19:15:47.757,166.347,Calumet_WaterTempDrop_85,atomic,[Calumet_WaterTempDrop_85],[0.9463],1,1,0.9463,[[CalumetBeach201509091900_Water_Temperature]]
2025-10-15 19:15:47.759,166.349,63rd_WaterTempDrop_85,atomic,[63rd_WaterTempDrop_85],[1.0000],1,1,1.0000,[[63rdStreetBeach201509091900_Water_Temperature]]
2025-10-15 19:15:47.760,166.350,Montrose_WaterTempDrop_85,atomic,[Montrose_WaterTempDrop_85],[1.0000],1,1,1.0000,[[MontroseBeach201509091900_Water_Temperature]]
2025-10-15 19:15:47.821,166.411,Calumet_WaterTempDrop_85,atomic,[Calumet_WaterTempDrop_85],[0.9405],1,1,0.9405,[[CalumetBeach201509092000_Water_Temperature]]
2025-10-15 19:15:47.822,166.412,Montrose_WaterTempDrop_85,atomic,[Montrose_WaterTempDrop_85],[0.9723],1,1,0.9723,[[MontroseBeach201509092000_Water_Temperature]]
2025-10-15 19:15:47.824,166.414,Montrose_HighWave_85,atomic,[Montrose_HighWave_85],[0.8731],1,1,0.8731,[[MontroseBeach201509092000_Wave_Height]]
2025-10-15 19:15:47.825,166.415,63rd_WaterTempDrop_85,atomic,[63rd_WaterTempDrop_85],[1.0000],1,1,1.0000,[[63rdStreetBeach201509092000_Water_Temperature]]
2025-10-15 19:15:47.884,166.474,Calumet_WaterTempDrop_85,atomic,[Calumet_WaterTempDrop_85],[0.9342],1,1,0.9342,[[CalumetBeach201509092100_Water_Temperature]]
2025-10-15 19:15:47.887,166.477,63rd_WaterTempDrop_85,atomic,[63rd_WaterTempDrop_85],[1.0000],1,1,1.0000,[[63rdStreetBeach201509092100_Water_Temperature]]
2025-10-15 19:15:47.887,166.477,Montrose_WaterTempDrop_85,atomic,[Montrose_WaterTempDrop_85],[1.0000],1,1,1.0000,[[MontroseBeach201509092100_Water_Temperature]]
2025-10-15 19:15:47.948,166.538,Montrose_WaterTempDrop_85,atomic,[Montrose_WaterTempDrop_85],[1.0000],1,1,1.0000,[[MontroseBeach201509092200_Water_Temperature]]
2025-10-15 19:15:47.948,166.538,Calumet_WaterTempDrop_85,atomic,[Calumet_WaterTempDrop_85],[0.9274],1,1,0.9274,[[CalumetBeach201509092200_Water_Temperature]]
2025-10-15 19:15:47.950,166.540,63rd_WaterTempDrop_85,atomic,[63rd_WaterTempDrop_85],[1.0000],1,1,1.0000,[[63rdStreetBeach201509092200_Water_Temperature]]
2025-10-15 19:15:48.011,166.601,63rd_WaterTempDrop_85,atomic,[63rd_WaterTempDrop_85],[1.0000],1,1,1.0000,[[63rdStreetBeach201509092300_Water_Temperature]]
2025-10-15 19:15:48.011,166.601,Calumet_WaterTempDrop_85,atomic,[Calumet_WaterTempDrop_85],[0.9199],1,1,0.9199,[[CalumetBeach201509092300_Water_Temperature]]
2025-10-15 19:15:48.013,166.603,Montrose_WaterTempDrop_85,atomic,[Montrose_WaterTempDrop_85],[1.0000],1,1,1.0000,[[MontroseBeach201509092300_Water_Temperature]]
2025-10-15 19:15:48.073,166.663,Montrose_WaterTempDrop_85,atomic,[Montrose_WaterTempDrop_85],[1.0000],1,1,1.0000,[[MontroseBeach201509102400_Water_Temperature]]
2025-10-15 19:15:48.074,166.664,63rd_WaterTempDrop_85,atomic,[63rd_WaterTempDrop_85],[1.0000],1,1,1.0000,[[63rdStreetBeach201509102400_Water_Temperature]]
2025-10-15 19:15:48.075,166.665,Calumet_WaterTempDrop_85,atomic,[Calumet_WaterTempDrop_85],[1.0000],1,1,1.0000,[[CalumetBeach201509102400_Water_Temperature]]
2025-10-15 19:15:48.134,166.724,63rd_WaterTempDrop_85,atomic,[63rd_WaterTempDrop_85],[0.9705],1,1,0.9705,[[63rdStreetBeach201509100100_Water_Temperature]]
2025-10-15 19:15:48.136,166.726,Calumet_WaterTempDrop_85,atomic,[Calumet_WaterTempDrop_85],[1.0000],1,1,1.0000,[[CalumetBeach201509100100_Water_Temperature]]
2025-10-15 19:15:48.137,166.727,Montrose_WaterTempDrop_85,atomic,[Montrose_WaterTempDrop_85],[1.0000],1,1,1.0000,[[MontroseBeach201509100100_Water_Temperature]]
2025-10-15 19:15:48.199,166.789,Montrose_WaterTempDrop_85,atomic,[Montrose_WaterTempDrop_85],[0.9715],1,1,0.9715,[[MontroseBeach201509100200_Water_Temperature]]
2025-10-15 19:15:48.199,166.789,Calumet_WaterTempDrop_85,atomic,[Calumet_WaterTempDrop_85],[1.0000],1,1,1.0000,[[CalumetBeach201509100200_Water_Temperature]]
2025-10-15 19:15:48.200,166.790,63rd_WaterTempDrop_85,atomic,[63rd_WaterTempDrop_85],[1.0000],1,1,1.0000,[[63rdStreetBeach201509100200_Water_Temperature]]
2025-10-15 19:15:48.261,166.851,Calumet_WaterTempDrop_85,atomic,[Calumet_WaterTempDrop_85],[1.0000],1,1,1.0000,[[CalumetBeach201509100300_Water_Temperature]]
2025-10-15 19:15:48.266,166.856,Montrose_WaterTempDrop_85,atomic,[Montrose_WaterTempDrop_85],[0.9678],1,1,0.9678,[[MontroseBeach201509100300_Water_Temperature]]
2025-10-15 19:15:48.266,166.856,63rd_WaterTempDrop_85,atomic,[63rd_WaterTempDrop_85],[1.0000],1,1,1.0000,[[63rdStreetBeach201509100300_Water_Temperature]]
2025-10-15 19:15:48.327,166.917,Calumet_WaterTempDrop_85,atomic,[Calumet_WaterTempDrop_85],[1.0000],1,1,1.0000,[[CalumetBeach201509100400_Water_Temperature]]
2025-10-15 19:15:48.328,166.918,63rd_WaterTempDrop_85,atomic,[63rd_WaterTempDrop_85],[1.0000],1,1,1.0000,[[63rdStreetBeach201509100400_Water_Temperature]]
2025-10-15 19:15:48.331,166.921,Montrose_WaterTempDrop_85,atomic,[Montrose_WaterTempDrop_85],[1.0000],1,1,1.0000,[[MontroseBeach201509100400_Water_Temperature]]
2025-10-15 19:15:48.384,166.974,Montrose_WaterTempDrop_85,atomic,[Montrose_WaterTempDrop_85],[0.9654],1,1,0.9654,[[MontroseBeach201509100500_Water_Temperature]]
2025-10-15 19:15:48.387,166.977,Calumet_WaterTempDrop_85,atomic,[Calumet_WaterTempDrop_85],[1.0000],1,1,1.0000,[[CalumetBeach201509100500_Water_Temperature]]
2025-10-15 19:15:48.387,166.977,63rd_WaterTempDrop_85,atomic,[63rd_WaterTempDrop_85],[1.0000],1,1,1.0000,[[63rdStreetBeach201509100500_Water_Temperature]]
2025-10-15 19:15:48.447,167.037,63rd_WaterTempDrop_85,atomic,[63rd_WaterTempDrop_85],[0.9704],1,1,0.9704,[[63rdStreetBeach201509100600_Water_Temperature]]
2025-10-15 19:15:48.448,167.038,Calumet_WaterTempDrop_85,atomic,[Calumet_WaterTempDrop_85],[0.9638],1,1,0.9638,[[CalumetBeach201509100600_Water_Temperature]]
2025-10-15 19:15:48.451,167.041,Montrose_WaterTempDrop_85,atomic,[Montrose_WaterTempDrop_85],[1.0000],1,1,1.0000,[[MontroseBeach201509100600_Water_Temperature]]
2025-10-15 19:15:48.511,167.101,63rd_WaterTempDrop_85,atomic,[63rd_WaterTempDrop_85],[1.0000],1,1,1.0000,[[63rdStreetBeach201509100700_Water_Temperature]]
2025-10-15 19:15:48.513,167.103,Calumet_WaterTempDrop_85,atomic,[Calumet_WaterTempDrop_85],[1.0000],1,1,1.0000,[[CalumetBeach201509100700_Water_Temperature]]
2025-10-15 19:15:48.514,167.104,Montrose_WaterTempDrop_85,atomic,[Montrose_WaterTempDrop_85],[1.0000],1,1,1.0000,[[MontroseBeach201509100700_Water_Temperature]]
2025-10-15 19:15:48.573,167.163,Calumet_WaterTempDrop_85,atomic,[Calumet_WaterTempDrop_85],[1.0000],1,1,1.0000,[[CalumetBeach201509100800_Water_Temperature]]
2025-10-15 19:15:48.574,167.164,Montrose_WaterTempDrop_85,atomic,[Montrose_WaterTempDrop_85],[1.0000],1,1,1.0000,[[MontroseBeach201509100800_Water_Temperature]]
2025-10-15 19:15:48.575,167.165,63rd_WaterTempDrop_85,atomic,[63rd_WaterTempDrop_85],[1.0000],1,1,1.0000,[[63rdStreetBeach201509100800_Water_Temperature]]
2025-10-15 19:15:48.635,167.225,Calumet_WaterTempDrop_85,atomic,[Calumet_WaterTempDrop_85],[0.9651],1,1,0.9651,[[CalumetBeach201509100900_Water_Temperature]]
2025-10-15 19:15:48.636,167.226,63rd_WaterTempDrop_85,atomic,[63rd_WaterTempDrop_85],[1.0000],1,1,1.0000,[[63rdStreetBeach201509100900_Water_Temperature]]
2025-10-15 19:15:48.637,167.227,Montrose_WaterTempDrop_85,atomic,[Montrose_WaterTempDrop_85],[1.0000],1,1,1.0000,[[MontroseBeach201509100900_Water_Temperature]]
2025-10-15 19:15:48.698,167.288,Calumet_WaterTempDrop_85,atomic,[Calumet_WaterTempDrop_85],[0.9611],1,1,0.9611,[[CalumetBeach201509101000_Water_Temperature]]
2025-10-15 19:15:48.698,167.288,Montrose_WaterTempDrop_85,atomic,[Montrose_WaterTempDrop_85],[1.0000],1,1,1.0000,[[MontroseBeach201509101000_Water_Temperature]]
2025-10-15 19:15:48.701,167.291,63rd_WaterTempDrop_85,atomic,[63rd_WaterTempDrop_85],[1.0000],1,1,1.0000,[[63rdStreetBeach201509101000_Water_Temperature]]
2025-10-15 19:15:48.760,167.350,63rd_WaterTempDrop_85,atomic,[63rd_WaterTempDrop_85],[0.9702],1,1,0.9702,[[63rdStreetBeach201509101100_Water_Temperature]]
2025-10-15 19:15:48.760,167.350,Calumet_WaterTempDrop_85,atomic,[Calumet_WaterTempDrop_85],[1.0000],1,1,1.0000,[[CalumetBeach201509101100_Water_Temperature]]
2025-10-15 19:15:48.823,167.413,Calumet_WaterTempDrop_85,atomic,[Calumet_WaterTempDrop_85],[0.9604],1,1,0.9604,[[CalumetBeach201509101200_Water_Temperature]]
2025-10-15 19:15:48.823,167.413,63rd_WaterTempDrop_85,atomic,[63rd_WaterTempDrop_85],[0.9664],1,1,0.9664,[[63rdStreetBeach201509101200_Water_Temperature]]
2025-10-15 19:15:48.884,167.474,63rd_WaterTempDrop_85,atomic,[63rd_WaterTempDrop_85],[0.9622],1,1,0.9622,[[63rdStreetBeach201509101300_Water_Temperature]]
2025-10-15 19:15:48.884,167.474,Calumet_WaterTempDrop_85,atomic,[Calumet_WaterTempDrop_85],[0.9558],1,1,0.9558,[[CalumetBeach201509101300_Water_Temperature]]
2025-10-15 19:15:48.949,167.539,63rd_WaterTempDrop_85,atomic,[63rd_WaterTempDrop_85],[0.9575],1,1,0.9575,[[63rdStreetBeach201509101400_Water_Temperature]]
2025-10-15 19:15:48.949,167.539,Calumet_WaterTempDrop_85,atomic,[Calumet_WaterTempDrop_85],[0.9508],1,1,0.9508,[[CalumetBeach201509101400_Water_Temperature]]
2025-10-15 19:15:49.010,167.600,Calumet_WaterTempDrop_85,atomic,[Calumet_WaterTempDrop_85],[0.9453],1,1,0.9453,[[CalumetBeach201509101500_Water_Temperature]]
2025-10-15 19:15:49.073,167.663,Calumet_WaterTempDrop_85,atomic,[Calumet_WaterTempDrop_85],[0.9393],1,1,0.9393,[[CalumetBeach201509101600_Water_Temperature]]
2025-10-15 19:15:49.074,167.664,63rd_WaterTempDrop_85,atomic,[63rd_WaterTempDrop_85],[1.0000],1,1,1.0000,[[63rdStreetBeach201509101600_Water_Temperature]]
2025-10-15 19:15:49.137,167.727,Calumet_WaterTempDrop_85,atomic,[Calumet_WaterTempDrop_85],[0.9327],1,1,0.9327,[[CalumetBeach201509101700_Water_Temperature]]
2025-10-15 19:15:49.137,167.727,63rd_WaterTempDrop_85,atomic,[63rd_WaterTempDrop_85],[1.0000],1,1,1.0000,[[63rdStreetBeach201509101700_Water_Temperature]]
2025-10-15 19:15:49.200,167.790,Calumet_WaterTempDrop_85,atomic,[Calumet_WaterTempDrop_85],[1.0000],1,1,1.0000,[[CalumetBeach201509101800_Water_Temperature]]
2025-10-15 19:15:49.261,167.851,Calumet_WaterTempDrop_85,atomic,[Calumet_WaterTempDrop_85],[0.9399],1,1,0.9399,[[CalumetBeach201509101900_Water_Temperature]]
2025-10-15 19:15:49.263,167.853,63rd_WaterTempDrop_85,atomic,[63rd_WaterTempDrop_85],[1.0000],1,1,1.0000,[[63rdStreetBeach201509101900_Water_Temperature]]
2025-10-15 19:15:49.323,167.913,Calumet_WaterTempDrop_85,atomic,[Calumet_WaterTempDrop_85],[0.9335],1,1,0.9335,[[CalumetBeach201509102000_Water_Temperature]]
2025-10-15 19:15:49.323,167.913,63rd_WaterTempDrop_85,atomic,[63rd_WaterTempDrop_85],[1.0000],1,1,1.0000,[[63rdStreetBeach201509102000_Water_Temperature]]
2025-10-15 19:15:49.385,167.975,63rd_WaterTempDrop_85,atomic,[63rd_WaterTempDrop_85],[0.9648],1,1,0.9648,[[63rdStreetBeach201509102100_Water_Temperature]]
2025-10-15 19:15:49.386,167.976,Calumet_WaterTempDrop_85,atomic,[Calumet_WaterTempDrop_85],[1.0000],1,1,1.0000,[[CalumetBeach201509102100_Water_Temperature]]
2025-10-15 19:15:49.448,168.038,63rd_WaterTempDrop_85,atomic,[63rd_WaterTempDrop_85],[1.0000],1,1,1.0000,[[63rdStreetBeach201509102200_Water_Temperature]]
2025-10-15 19:15:49.448,168.038,Calumet_WaterTempDrop_85,atomic,[Calumet_WaterTempDrop_85],[1.0000],1,1,1.0000,[[CalumetBeach201509102200_Water_Temperature]]
2025-10-15 19:15:49.509,168.099,63rd_WaterTempDrop_85,atomic,[63rd_WaterTempDrop_85],[0.9630],1,1,0.9630,[[63rdStreetBeach201509102300_Water_Temperature]]
2025-10-15 19:15:49.511,168.101,Calumet_WaterTempDrop_85,atomic,[Calumet_WaterTempDrop_85],[1.0000],1,1,1.0000,[[CalumetBeach201509102300_Water_Temperature]]
2025-10-15 19:15:49.573,168.163,63rd_WaterTempDrop_85,atomic,[63rd_WaterTempDrop_85],[1.0000],1,1,1.0000,[[63rdStreetBeach201509112400_Water_Temperature]]
2025-10-15 19:15:49.574,168.164,Calumet_WaterTempDrop_85,atomic,[Calumet_WaterTempDrop_85],[1.0000],1,1,1.0000,[[CalumetBeach201509112400_Water_Temperature]]
2025-10-15 19:15:49.653,168.243,63rd_WaterTempDrop_85,atomic,[63rd_WaterTempDrop_85],[1.0000],1,1,1.0000,[[63rdStreetBeach201509110100_Water_Temperature]]
2025-10-15 19:15:49.654,168.244,Calumet_WaterTempDrop_85,atomic,[Calumet_WaterTempDrop_85],[1.0000],1,1,1.0000,[[CalumetBeach201509110100_Water_Temperature]]
2025-10-15 19:15:49.713,168.303,63rd_WaterTempDrop_85,atomic,[63rd_WaterTempDrop_85],[0.9639],1,1,0.9639,[[63rdStreetBeach201509110200_Water_Temperature]]
2025-10-15 19:15:49.714,168.304,Calumet_WaterTempDrop_85,atomic,[Calumet_WaterTempDrop_85],[1.0000],1,1,1.0000,[[CalumetBeach201509110200_Water_Temperature]]
2025-10-15 19:15:49.776,168.366,Calumet_WaterTempDrop_85,atomic,[Calumet_WaterTempDrop_85],[0.9648],1,1,0.9648,[[CalumetBeach201509110300_Water_Temperature]]
2025-10-15 19:15:49.778,168.368,63rd_WaterTempDrop_85,atomic,[63rd_WaterTempDrop_85],[1.0000],1,1,1.0000,[[63rdStreetBeach201509110300_Water_Temperature]]
2025-10-15 19:15:49.839,168.429,63rd_WaterTempDrop_85,atomic,[63rd_WaterTempDrop_85],[1.0000],1,1,1.0000,[[63rdStreetBeach201509110400_Water_Temperature]]
2025-10-15 19:15:49.841,168.431,Calumet_WaterTempDrop_85,atomic,[Calumet_WaterTempDrop_85],[1.0000],1,1,1.0000,[[CalumetBeach201509110400_Water_Temperature]]
2025-10-15 19:15:49.901,168.491,Calumet_WaterTempDrop_85,atomic,[Calumet_WaterTempDrop_85],[1.0000],1,1,1.0000,[[CalumetBeach201509110500_Water_Temperature]]
2025-10-15 19:15:49.902,168.492,63rd_WaterTempDrop_85,atomic,[63rd_WaterTempDrop_85],[1.0000],1,1,1.0000,[[63rdStreetBeach201509110500_Water_Temperature]]
2025-10-15 19:15:49.962,168.552,Calumet_WaterTempDrop_85,atomic,[Calumet_WaterTempDrop_85],[0.9655],1,1,0.9655,[[CalumetBeach201509110600_Water_Temperature]]
2025-10-15 19:15:50.026,168.616,Calumet_WaterTempDrop_85,atomic,[Calumet_WaterTempDrop_85],[1.0000],1,1,1.0000,[[CalumetBeach201509110700_Water_Temperature]]
2025-10-15 19:15:50.027,168.617,63rd_WaterTempDrop_85,atomic,[63rd_WaterTempDrop_85],[1.0000],1,1,1.0000,[[63rdStreetBeach201509110700_Water_Temperature]]
2025-10-15 19:15:50.090,168.680,63rd_WaterTempDrop_85,atomic,[63rd_WaterTempDrop_85],[1.0000],1,1,1.0000,[[63rdStreetBeach201509110800_Water_Temperature]]
2025-10-15 19:15:50.090,168.680,Calumet_WaterTempDrop_85,atomic,[Calumet_WaterTempDrop_85],[1.0000],1,1,1.0000,[[CalumetBeach201509110800_Water_Temperature]]
2025-10-15 19:15:50.149,168.739,Calumet_WaterTempDrop_85,atomic,[Calumet_WaterTempDrop_85],[0.9658],1,1,0.9658,[[CalumetBeach201509110900_Water_Temperature]]
2025-10-15 19:15:50.212,168.802,63rd_WaterTempDrop_85,atomic,[63rd_WaterTempDrop_85],[0.9688],1,1,0.9688,[[63rdStreetBeach201509111000_Water_Temperature]]
2025-10-15 19:15:50.215,168.805,Calumet_WaterTempDrop_85,atomic,[Calumet_WaterTempDrop_85],[1.0000],1,1,1.0000,[[CalumetBeach201509111000_Water_Temperature]]
2025-10-15 19:15:50.275,168.865,63rd_WaterTempDrop_85,atomic,[63rd_WaterTempDrop_85],[1.0000],1,1,1.0000,[[63rdStreetBeach201509111100_Water_Temperature]]
2025-10-15 19:15:50.276,168.866,Calumet_WaterTempDrop_85,atomic,[Calumet_WaterTempDrop_85],[1.0000],1,1,1.0000,[[CalumetBeach201509111100_Water_Temperature]]
2025-10-15 19:15:50.337,168.927,Calumet_WaterTempDrop_85,atomic,[Calumet_WaterTempDrop_85],[0.9658],1,1,0.9658,[[CalumetBeach201509111200_Water_Temperature]]
2025-10-15 19:15:50.337,168.927,63rd_WaterTempDrop_85,atomic,[63rd_WaterTempDrop_85],[1.0000],1,1,1.0000,[[63rdStreetBeach201509111200_Water_Temperature]]
2025-10-15 19:15:50.401,168.991,63rd_WaterTempDrop_85,atomic,[63rd_WaterTempDrop_85],[1.0000],1,1,1.0000,[[63rdStreetBeach201509111300_Water_Temperature]]
2025-10-15 19:15:50.401,168.991,Calumet_WaterTempDrop_85,atomic,[Calumet_WaterTempDrop_85],[1.0000],1,1,1.0000,[[CalumetBeach201509111300_Water_Temperature]]
2025-10-15 19:15:50.461,169.051,Calumet_WaterTempDrop_85,atomic,[Calumet_WaterTempDrop_85],[0.9639],1,1,0.9639,[[CalumetBeach201509111400_Water_Temperature]]
2025-10-15 19:15:50.461,169.051,63rd_WaterTempDrop_85,atomic,[63rd_WaterTempDrop_85],[1.0000],1,1,1.0000,[[63rdStreetBeach201509111400_Water_Temperature]]
2025-10-15 19:15:50.525,169.115,Calumet_WaterTempDrop_85,atomic,[Calumet_WaterTempDrop_85],[1.0000],1,1,1.0000,[[CalumetBeach201509111500_Water_Temperature]]
2025-10-15 19:15:50.525,169.115,63rd_WaterTempDrop_85,atomic,[63rd_WaterTempDrop_85],[1.0000],1,1,1.0000,[[63rdStreetBeach201509111500_Water_Temperature]]
2025-10-15 19:15:50.526,169.116,63rd_HighWave_85,atomic,[63rd_HighWave_85],[1.0000],1,1,1.0000,[[63rdStreetBeach201509111500_Wave_Height]]
2025-10-15 19:15:50.587,169.177,Calumet_WaterTempDrop_85,atomic,[Calumet_WaterTempDrop_85],[1.0000],1,1,1.0000,[[CalumetBeach201509111600_Water_Temperature]]
2025-10-15 19:15:50.648,169.238,63rd_WaterTempDrop_85,atomic,[63rd_WaterTempDrop_85],[0.9704],1,1,0.9704,[[63rdStreetBeach201509111700_Water_Temperature]]
2025-10-15 19:15:50.650,169.240,Calumet_WaterTempDrop_85,atomic,[Calumet_WaterTempDrop_85],[1.0000],1,1,1.0000,[[CalumetBeach201509111700_Water_Temperature]]
2025-10-15 19:15:50.711,169.301,Calumet_WaterTempDrop_85,atomic,[Calumet_WaterTempDrop_85],[1.0000],1,1,1.0000,[[CalumetBeach201509111800_Water_Temperature]]
2025-10-15 19:15:50.772,169.362,Calumet_WaterTempDrop_85,atomic,[Calumet_WaterTempDrop_85],[1.0000],1,1,1.0000,[[CalumetBeach201509111900_Water_Temperature]]
2025-10-15 19:15:50.836,169.426,Calumet_WaterTempDrop_85,atomic,[Calumet_WaterTempDrop_85],[1.0000],1,1,1.0000,[[CalumetBeach201509112000_Water_Temperature]]
2025-10-15 19:15:50.897,169.487,Calumet_WaterTempDrop_85,atomic,[Calumet_WaterTempDrop_85],[1.0000],1,1,1.0000,[[CalumetBeach201509112100_Water_Temperature]]
2025-10-15 19:15:50.960,169.550,Calumet_WaterTempDrop_85,atomic,[Calumet_WaterTempDrop_85],[1.0000],1,1,1.0000,[[CalumetBeach201509112200_Water_Temperature]]
2025-10-15 19:15:51.023,169.613,Calumet_WaterTempDrop_85,atomic,[Calumet_WaterTempDrop_85],[1.0000],1,1,1.0000,[[CalumetBeach201509112300_Water_Temperature]]
2025-10-15 19:15:51.083,169.673,Calumet_WaterTempDrop_85,atomic,[Calumet_WaterTempDrop_85],[0.9710],1,1,0.9710,[[CalumetBeach201509122400_Water_Temperature]]
2025-10-15 19:15:51.148,169.738,Calumet_WaterTempDrop_85,atomic,[Calumet_WaterTempDrop_85],[1.0000],1,1,1.0000,[[CalumetBeach201509120100_Water_Temperature]]
2025-10-15 19:15:51.208,169.798,Calumet_WaterTempDrop_85,atomic,[Calumet_WaterTempDrop_85],[0.9683],1,1,0.9683,[[CalumetBeach201509120200_Water_Temperature]]
2025-10-15 19:15:51.268,169.858,Calumet_WaterTempDrop_85,atomic,[Calumet_WaterTempDrop_85],[0.9642],1,1,0.9642,[[CalumetBeach201509120300_Water_Temperature]]
2025-10-15 19:15:51.334,169.924,Calumet_WaterTempDrop_85,atomic,[Calumet_WaterTempDrop_85],[1.0000],1,1,1.0000,[[CalumetBeach201509120400_Water_Temperature]]
2025-10-15 19:15:51.398,169.988,Calumet_WaterTempDrop_85,atomic,[Calumet_WaterTempDrop_85],[1.0000],1,1,1.0000,[[CalumetBeach201509120500_Water_Temperature]]
2025-10-15 19:15:51.476,170.066,Calumet_WaterTempDrop_85,atomic,[Calumet_WaterTempDrop_85],[1.0000],1,1,1.0000,[[CalumetBeach201509120600_Water_Temperature]]
2025-10-15 19:15:51.528,170.118,Calumet_WaterTempDrop_85,atomic,[Calumet_WaterTempDrop_85],[1.0000],1,1,1.0000,[[CalumetBeach201509120700_Water_Temperature]]
2025-10-15 19:15:51.586,170.176,Calumet_WaterTempDrop_85,atomic,[Calumet_WaterTempDrop_85],[1.0000],1,1,1.0000,[[CalumetBeach201509120800_Water_Temperature]]
2025-10-15 19:15:51.646,170.236,Calumet_WaterTempDrop_85,atomic,[Calumet_WaterTempDrop_85],[0.9682],1,1,0.9682,[[CalumetBeach201509120900_Water_Temperature]]
2025-10-15 19:15:51.712,170.302,Calumet_WaterTempDrop_85,atomic,[Calumet_WaterTempDrop_85],[1.0000],1,1,1.0000,[[CalumetBeach201509121000_Water_Temperature]]
2025-10-15 19:15:51.771,170.361,Calumet_WaterTempDrop_85,atomic,[Calumet_WaterTempDrop_85],[0.9659],1,1,0.9659,[[CalumetBeach201509121100_Water_Temperature]]
2025-10-15 19:15:51.836,170.426,Calumet_WaterTempDrop_85,atomic,[Calumet_WaterTempDrop_85],[1.0000],1,1,1.0000,[[CalumetBeach201509121200_Water_Temperature]]
2025-10-15 19:15:51.897,170.487,Calumet_WaterTempDrop_85,atomic,[Calumet_WaterTempDrop_85],[1.0000],1,1,1.0000,[[CalumetBeach201509121300_Water_Temperature]]
2025-10-15 19:15:51.960,170.550,Calumet_WaterTempDrop_85,atomic,[Calumet_WaterTempDrop_85],[0.9656],1,1,0.9656,[[CalumetBeach201509121400_Water_Temperature]]
2025-10-15 19:15:52.023,170.613,Calumet_WaterTempDrop_85,atomic,[Calumet_WaterTempDrop_85],[1.0000],1,1,1.0000,[[CalumetBeach201509121500_Water_Temperature]]
2025-10-15 19:15:52.086,170.676,Calumet_WaterTempDrop_85,atomic,[Calumet_WaterTempDrop_85],[1.0000],1,1,1.0000,[[CalumetBeach201509121600_Water_Temperature]]
2025-10-15 19:15:52.148,170.738,Calumet_WaterTempDrop_85,atomic,[Calumet_WaterTempDrop_85],[1.0000],1,1,1.0000,[[CalumetBeach201509121700_Water_Temperature]]
2025-10-15 19:15:52.213,170.803,Calumet_WaterTempDrop_85,atomic,[Calumet_WaterTempDrop_85],[0.9669],1,1,0.9669,[[CalumetBeach201509121800_Water_Temperature]]
2025-10-15 19:15:52.273,170.863,Calumet_HighTurbidity_85,atomic,[Calumet_HighTurbidity_85],[0.8663],1,1,0.8663,[[CalumetBeach201509121900_Turbidity]]
2025-10-15 19:15:52.274,170.864,Calumet_LocalAlert_85,complex,[Calumet_HighTurbidity_85;Calumet_WaterTempDrop_85],[0.8663;1.0000],2,2,0.9331,[[CalumetBeach201509121900_Turbidity];[CalumetBeach201509030400_Water_Temperature]]
2025-10-15 19:15:52.274,170.864,Calumet_WaterTempDrop_85,atomic,[Calumet_WaterTempDrop_85],[1.0000],1,1,1.0000,[[CalumetBeach201509121900_Water_Temperature]]
2025-10-15 19:15:52.337,170.927,Calumet_WaterTempDrop_85,atomic,[Calumet_WaterTempDrop_85],[0.9648],1,1,0.9648,[[CalumetBeach201509122000_Water_Temperature]]
2025-10-15 19:15:52.400,170.990,Calumet_WaterTempDrop_85,atomic,[Calumet_WaterTempDrop_85],[1.0000],1,1,1.0000,[[CalumetBeach201509122100_Water_Temperature]]
2025-10-15 19:15:52.461,171.051,Calumet_WaterTempDrop_85,atomic,[Calumet_WaterTempDrop_85],[0.9631],1,1,0.9631,[[CalumetBeach201509122200_Water_Temperature]]
2025-10-15 19:15:52.537,171.127,Calumet_WaterTempDrop_85,atomic,[Calumet_WaterTempDrop_85],[1.0000],1,1,1.0000,[[CalumetBeach201509122300_Water_Temperature]]
2025-10-15 19:15:52.586,171.176,Calumet_WaterTempDrop_85,atomic,[Calumet_WaterTempDrop_85],[0.9616],1,1,0.9616,[[CalumetBeach201509132400_Water_Temperature]]
2025-10-15 19:15:52.586,171.176,Calumet_HighTurbidity_85,atomic,[Calumet_HighTurbidity_85],[1.0000],1,1,1.0000,[[CalumetBeach201509132400_Turbidity]]
2025-10-15 19:15:52.587,171.177,Calumet_LocalAlert_85,complex,[Calumet_HighTurbidity_85;Calumet_WaterTempDrop_85],[1.0000;1.0000],2,2,1.0000,[[CalumetBeach201509132400_Turbidity];[CalumetBeach201509121900_Water_Temperature]]
2025-10-15 19:15:52.648,171.238,Calumet_HighTurbidity_85,atomic,[Calumet_HighTurbidity_85],[0.8903],1,1,0.8903,[[CalumetBeach201509130200_Turbidity]]
2025-10-15 19:15:52.648,171.238,Calumet_WaterTempDrop_85,atomic,[Calumet_WaterTempDrop_85],[1.0000],1,1,1.0000,[[CalumetBeach201509130200_Water_Temperature]]
2025-10-15 19:15:52.648,171.238,Calumet_LocalAlert_85,complex,[Calumet_HighTurbidity_85;Calumet_WaterTempDrop_85],[0.8903;1.0000],2,2,0.9451,[[CalumetBeach201509130200_Turbidity];[CalumetBeach201509130200_Water_Temperature]]
2025-10-15 19:15:52.710,171.300,Calumet_HighTurbidity_85,atomic,[Calumet_HighTurbidity_85],[0.8755],1,1,0.8755,[[CalumetBeach201509130300_Turbidity]]
2025-10-15 19:15:52.712,171.302,Calumet_WaterTempDrop_85,atomic,[Calumet_WaterTempDrop_85],[1.0000],1,1,1.0000,[[CalumetBeach201509130300_Water_Temperature]]
2025-10-15 19:15:52.712,171.302,Calumet_LocalAlert_85,complex,[Calumet_HighTurbidity_85;Calumet_WaterTempDrop_85],[0.8755;1.0000],2,2,0.9377,[[CalumetBeach201509130300_Turbidity];[CalumetBeach201509130300_Water_Temperature]]
2025-10-15 19:15:52.771,171.361,Calumet_HighTurbidity_85,atomic,[Calumet_HighTurbidity_85],[0.8591],1,1,0.8591,[[CalumetBeach201509130400_Turbidity]]
2025-10-15 19:15:52.771,171.361,Calumet_WaterTempDrop_85,atomic,[Calumet_WaterTempDrop_85],[1.0000],1,1,1.0000,[[CalumetBeach201509130400_Water_Temperature]]
2025-10-15 19:15:52.772,171.362,Calumet_LocalAlert_85,complex,[Calumet_HighTurbidity_85;Calumet_WaterTempDrop_85],[0.8591;1.0000],2,2,0.9295,[[CalumetBeach201509130400_Turbidity];[CalumetBeach201509130400_Water_Temperature]]
2025-10-15 19:15:52.835,171.425,Calumet_WaterTempDrop_85,atomic,[Calumet_WaterTempDrop_85],[1.0000],1,1,1.0000,[[CalumetBeach201509130500_Water_Temperature]]
2025-10-15 19:15:52.897,171.487,Calumet_WaterTempDrop_85,atomic,[Calumet_WaterTempDrop_85],[0.9667],1,1,0.9667,[[CalumetBeach201509130600_Water_Temperature]]
2025-10-15 19:15:52.961,171.551,Calumet_WaterTempDrop_85,atomic,[Calumet_WaterTempDrop_85],[1.0000],1,1,1.0000,[[CalumetBeach201509130700_Water_Temperature]]
2025-10-15 19:15:53.024,171.614,Calumet_WaterTempDrop_85,atomic,[Calumet_WaterTempDrop_85],[1.0000],1,1,1.0000,[[CalumetBeach201509130800_Water_Temperature]]
2025-10-15 19:15:53.086,171.676,Calumet_WaterTempDrop_85,atomic,[Calumet_WaterTempDrop_85],[1.0000],1,1,1.0000,[[CalumetBeach201509130900_Water_Temperature]]
2025-10-15 19:15:53.149,171.739,Calumet_WaterTempDrop_85,atomic,[Calumet_WaterTempDrop_85],[1.0000],1,1,1.0000,[[CalumetBeach201509131000_Water_Temperature]]
2025-10-15 19:15:53.213,171.803,Calumet_WaterTempDrop_85,atomic,[Calumet_WaterTempDrop_85],[1.0000],1,1,1.0000,[[CalumetBeach201509131100_Water_Temperature]]
2025-10-15 19:15:53.274,171.864,Calumet_WaterTempDrop_85,atomic,[Calumet_WaterTempDrop_85],[1.0000],1,1,1.0000,[[CalumetBeach201509131200_Water_Temperature]]
2025-10-15 19:15:53.336,171.926,Calumet_WaterTempDrop_85,atomic,[Calumet_WaterTempDrop_85],[1.0000],1,1,1.0000,[[CalumetBeach201509131300_Water_Temperature]]
2025-10-15 19:15:53.397,171.987,Calumet_WaterTempDrop_85,atomic,[Calumet_WaterTempDrop_85],[1.0000],1,1,1.0000,[[CalumetBeach201509131400_Water_Temperature]]
2025-10-15 19:15:53.460,172.050,Calumet_WaterTempDrop_85,atomic,[Calumet_WaterTempDrop_85],[1.0000],1,1,1.0000,[[CalumetBeach201509131500_Water_Temperature]]
2025-10-15 19:15:53.522,172.112,Calumet_WaterTempDrop_85,atomic,[Calumet_WaterTempDrop_85],[1.0000],1,1,1.0000,[[CalumetBeach201509131600_Water_Temperature]]
2025-10-15 19:15:53.585,172.175,Calumet_WaterTempDrop_85,atomic,[Calumet_WaterTempDrop_85],[1.0000],1,1,1.0000,[[CalumetBeach201509131700_Water_Temperature]]
2025-10-15 19:15:53.648,172.238,Calumet_WaterTempDrop_85,atomic,[Calumet_WaterTempDrop_85],[1.0000],1,1,1.0000,[[CalumetBeach201509131800_Water_Temperature]]
2025-10-15 19:15:53.711,172.301,Calumet_WaterTempDrop_85,atomic,[Calumet_WaterTempDrop_85],[1.0000],1,1,1.0000,[[CalumetBeach201509131900_Water_Temperature]]
2025-10-15 19:15:53.773,172.363,Calumet_WaterTempDrop_85,atomic,[Calumet_WaterTempDrop_85],[1.0000],1,1,1.0000,[[CalumetBeach201509132000_Water_Temperature]]
2025-10-15 19:15:53.848,172.438,Calumet_WaterTempDrop_85,atomic,[Calumet_WaterTempDrop_85],[1.0000],1,1,1.0000,[[CalumetBeach201509132100_Water_Temperature]]
2025-10-15 19:15:53.898,172.488,Calumet_WaterTempDrop_85,atomic,[Calumet_WaterTempDrop_85],[1.0000],1,1,1.0000,[[CalumetBeach201509132200_Water_Temperature]]
2025-10-15 19:15:53.962,172.552,Calumet_WaterTempDrop_85,atomic,[Calumet_WaterTempDrop_85],[1.0000],1,1,1.0000,[[CalumetBeach201509132300_Water_Temperature]]
2025-10-15 19:15:54.022,172.612,Calumet_WaterTempDrop_85,atomic,[Calumet_WaterTempDrop_85],[0.9731],1,1,0.9731,[[CalumetBeach201509142400_Water_Temperature]]
2025-10-15 19:15:54.086,172.676,Calumet_WaterTempDrop_85,atomic,[Calumet_WaterTempDrop_85],[1.0000],1,1,1.0000,[[CalumetBeach201509140100_Water_Temperature]]
2025-10-15 19:15:54.147,172.737,Calumet_WaterTempDrop_85,atomic,[Calumet_WaterTempDrop_85],[1.0000],1,1,1.0000,[[CalumetBeach201509140200_Water_Temperature]]
2025-10-15 19:15:54.211,172.801,Calumet_WaterTempDrop_85,atomic,[Calumet_WaterTempDrop_85],[1.0000],1,1,1.0000,[[CalumetBeach201509140300_Water_Temperature]]
2025-10-15 19:15:54.271,172.861,Calumet_WaterTempDrop_85,atomic,[Calumet_WaterTempDrop_85],[1.0000],1,1,1.0000,[[CalumetBeach201509140400_Water_Temperature]]
2025-10-15 19:15:54.350,172.940,Calumet_WaterTempDrop_85,atomic,[Calumet_WaterTempDrop_85],[1.0000],1,1,1.0000,[[CalumetBeach201509140500_Water_Temperature]]
2025-10-15 19:15:54.397,172.987,Calumet_WaterTempDrop_85,atomic,[Calumet_WaterTempDrop_85],[1.0000],1,1,1.0000,[[CalumetBeach201509140600_Water_Temperature]]
2025-10-15 19:15:54.460,173.050,Calumet_WaterTempDrop_85,atomic,[Calumet_WaterTempDrop_85],[0.9718],1,1,0.9718,[[CalumetBeach201509140700_Water_Temperature]]
2025-10-15 19:15:54.525,173.115,Calumet_WaterTempDrop_85,atomic,[Calumet_WaterTempDrop_85],[1.0000],1,1,1.0000,[[CalumetBeach201509140800_Water_Temperature]]
2025-10-15 19:15:54.584,173.174,Calumet_WaterTempDrop_85,atomic,[Calumet_WaterTempDrop_85],[1.0000],1,1,1.0000,[[CalumetBeach201509140900_Water_Temperature]]
2025-10-15 19:15:54.661,173.251,Calumet_WaterTempDrop_85,atomic,[Calumet_WaterTempDrop_85],[1.0000],1,1,1.0000,[[CalumetBeach201509141000_Water_Temperature]]
2025-10-15 19:15:54.710,173.300,Calumet_WaterTempDrop_85,atomic,[Calumet_WaterTempDrop_85],[1.0000],1,1,1.0000,[[CalumetBeach201509141100_Water_Temperature]]
2025-10-15 19:15:54.786,173.376,Calumet_WaterTempDrop_85,atomic,[Calumet_WaterTempDrop_85],[1.0000],1,1,1.0000,[[CalumetBeach201509141200_Water_Temperature]]
2025-10-15 19:15:54.834,173.424,Calumet_WaterTempDrop_85,atomic,[Calumet_WaterTempDrop_85],[1.0000],1,1,1.0000,[[CalumetBeach201509141300_Water_Temperature]]
2025-10-15 19:15:54.895,173.485,Calumet_WaterTempDrop_85,atomic,[Calumet_WaterTempDrop_85],[1.0000],1,1,1.0000,[[CalumetBeach201509141400_Water_Temperature]]
2025-10-15 19:15:54.958,173.548,Calumet_WaterTempDrop_85,atomic,[Calumet_WaterTempDrop_85],[0.9718],1,1,0.9718,[[CalumetBeach201509141500_Water_Temperature]]
2025-10-15 19:15:55.034,173.624,Calumet_WaterTempDrop_85,atomic,[Calumet_WaterTempDrop_85],[1.0000],1,1,1.0000,[[CalumetBeach201509141600_Water_Temperature]]
2025-10-15 19:15:55.082,173.672,Calumet_WaterTempDrop_85,atomic,[Calumet_WaterTempDrop_85],[0.9690],1,1,0.9690,[[CalumetBeach201509141700_Water_Temperature]]
2025-10-15 19:15:55.148,173.738,Calumet_WaterTempDrop_85,atomic,[Calumet_WaterTempDrop_85],[1.0000],1,1,1.0000,[[CalumetBeach201509141800_Water_Temperature]]
2025-10-15 19:15:55.210,173.800,Calumet_WaterTempDrop_85,atomic,[Calumet_WaterTempDrop_85],[1.0000],1,1,1.0000,[[CalumetBeach201509141900_Water_Temperature]]
2025-10-15 19:15:55.272,173.862,Calumet_WaterTempDrop_85,atomic,[Calumet_WaterTempDrop_85],[1.0000],1,1,1.0000,[[CalumetBeach201509142000_Water_Temperature]]
2025-10-15 19:15:55.337,173.927,Calumet_WaterTempDrop_85,atomic,[Calumet_WaterTempDrop_85],[1.0000],1,1,1.0000,[[CalumetBeach201509142100_Water_Temperature]]
2025-10-15 19:15:55.399,173.989,Calumet_WaterTempDrop_85,atomic,[Calumet_WaterTempDrop_85],[0.9694],1,1,0.9694,[[CalumetBeach201509142200_Water_Temperature]]
2025-10-15 19:15:55.462,174.052,Calumet_WaterTempDrop_85,atomic,[Calumet_WaterTempDrop_85],[1.0000],1,1,1.0000,[[CalumetBeach201509142300_Water_Temperature]]
2025-10-15 19:15:55.525,174.115,Calumet_WaterTempDrop_85,atomic,[Calumet_WaterTempDrop_85],[1.0000],1,1,1.0000,[[CalumetBeach201509152400_Water_Temperature]]
2025-10-15 19:15:55.586,174.176,Calumet_WaterTempDrop_85,atomic,[Calumet_WaterTempDrop_85],[0.9681],1,1,0.9681,[[CalumetBeach201509150100_Water_Temperature]]
2025-10-15 19:15:55.647,174.237,Calumet_WaterTempDrop_85,atomic,[Calumet_WaterTempDrop_85],[1.0000],1,1,1.0000,[[CalumetBeach201509150200_Water_Temperature]]
2025-10-15 19:15:55.711,174.301,Calumet_WaterTempDrop_85,atomic,[Calumet_WaterTempDrop_85],[0.9658],1,1,0.9658,[[CalumetBeach201509150300_Water_Temperature]]
2025-10-15 19:15:55.772,174.362,Calumet_WaterTempDrop_85,atomic,[Calumet_WaterTempDrop_85],[1.0000],1,1,1.0000,[[CalumetBeach201509150400_Water_Temperature]]
2025-10-15 19:15:55.838,174.428,Calumet_WaterTempDrop_85,atomic,[Calumet_WaterTempDrop_85],[1.0000],1,1,1.0000,[[CalumetBeach201509150500_Water_Temperature]]
2025-10-15 19:15:55.898,174.488,Calumet_WaterTempDrop_85,atomic,[Calumet_WaterTempDrop_85],[1.0000],1,1,1.0000,[[CalumetBeach201509150600_Water_Temperature]]
2025-10-15 19:15:55.974,174.564,Calumet_WaterTempDrop_85,atomic,[Calumet_WaterTempDrop_85],[1.0000],1,1,1.0000,[[CalumetBeach201509150700_Water_Temperature]]
2025-10-15 19:15:56.036,174.626,Calumet_WaterTempDrop_85,atomic,[Calumet_WaterTempDrop_85],[1.0000],1,1,1.0000,[[CalumetBeach201509150800_Water_Temperature]]
2025-10-15 19:15:56.084,174.674,Calumet_WaterTempDrop_85,atomic,[Calumet_WaterTempDrop_85],[1.0000],1,1,1.0000,[[CalumetBeach201509150900_Water_Temperature]]
2025-10-15 19:15:56.147,174.737,Calumet_WaterTempDrop_85,atomic,[Calumet_WaterTempDrop_85],[0.9700],1,1,0.9700,[[CalumetBeach201509151000_Water_Temperature]]
2025-10-15 19:15:56.211,174.801,Calumet_WaterTempDrop_85,atomic,[Calumet_WaterTempDrop_85],[1.0000],1,1,1.0000,[[CalumetBeach201509151100_Water_Temperature]]
2025-10-15 19:15:56.272,174.862,Calumet_WaterTempDrop_85,atomic,[Calumet_WaterTempDrop_85],[1.0000],1,1,1.0000,[[CalumetBeach201509151200_Water_Temperature]]
2025-10-15 19:15:56.337,174.927,Calumet_WaterTempDrop_85,atomic,[Calumet_WaterTempDrop_85],[1.0000],1,1,1.0000,[[CalumetBeach201509151300_Water_Temperature]]
2025-10-15 19:15:56.396,174.986,Calumet_WaterTempDrop_85,atomic,[Calumet_WaterTempDrop_85],[1.0000],1,1,1.0000,[[CalumetBeach201509151400_Water_Temperature]]
2025-10-15 19:15:56.474,175.064,Calumet_WaterTempDrop_85,atomic,[Calumet_WaterTempDrop_85],[1.0000],1,1,1.0000,[[CalumetBeach201509151500_Water_Temperature]]
2025-10-15 19:15:56.521,175.111,Calumet_WaterTempDrop_85,atomic,[Calumet_WaterTempDrop_85],[1.0000],1,1,1.0000,[[CalumetBeach201509151600_Water_Temperature]]
2025-10-15 19:15:56.583,175.173,Calumet_WaterTempDrop_85,atomic,[Calumet_WaterTempDrop_85],[0.9714],1,1,0.9714,[[CalumetBeach201509151700_Water_Temperature]]
2025-10-15 19:15:56.659,175.249,Calumet_WaterTempDrop_85,atomic,[Calumet_WaterTempDrop_85],[1.0000],1,1,1.0000,[[CalumetBeach201509151800_Water_Temperature]]
2025-10-15 19:15:56.709,175.299,Calumet_WaterTempDrop_85,atomic,[Calumet_WaterTempDrop_85],[1.0000],1,1,1.0000,[[CalumetBeach201509151900_Water_Temperature]]
2025-10-15 19:15:56.771,175.361,Calumet_WaterTempDrop_85,atomic,[Calumet_WaterTempDrop_85],[1.0000],1,1,1.0000,[[CalumetBeach201509152000_Water_Temperature]]
2025-10-15 19:15:56.832,175.422,Calumet_WaterTempDrop_85,atomic,[Calumet_WaterTempDrop_85],[1.0000],1,1,1.0000,[[CalumetBeach201509152100_Water_Temperature]]
2025-10-15 19:15:56.912,175.502,Calumet_WaterTempDrop_85,atomic,[Calumet_WaterTempDrop_85],[1.0000],1,1,1.0000,[[CalumetBeach201509152200_Water_Temperature]]
2025-10-15 19:15:56.959,175.549,Calumet_WaterTempDrop_85,atomic,[Calumet_WaterTempDrop_85],[0.9713],1,1,0.9713,[[CalumetBeach201509152300_Water_Temperature]]
2025-10-15 19:15:57.021,175.611,Calumet_WaterTempDrop_85,atomic,[Calumet_WaterTempDrop_85],[0.9676],1,1,0.9676,[[CalumetBeach201509162400_Water_Temperature]]
2025-10-15 19:15:57.084,175.674,Calumet_WaterTempDrop_85,atomic,[Calumet_WaterTempDrop_85],[1.0000],1,1,1.0000,[[CalumetBeach201509160100_Water_Temperature]]
2025-10-15 19:15:57.147,175.737,Calumet_WaterTempDrop_85,atomic,[Calumet_WaterTempDrop_85],[0.9653],1,1,0.9653,[[CalumetBeach201509160200_Water_Temperature]]
2025-10-15 19:15:57.208,175.798,Calumet_WaterTempDrop_85,atomic,[Calumet_WaterTempDrop_85],[0.9610],1,1,0.9610,[[CalumetBeach201509160300_Water_Temperature]]
2025-10-15 19:15:57.285,175.875,Calumet_WaterTempDrop_85,atomic,[Calumet_WaterTempDrop_85],[1.0000],1,1,1.0000,[[CalumetBeach201509160400_Water_Temperature]]
2025-10-15 19:15:57.347,175.937,Calumet_WaterTempDrop_85,atomic,[Calumet_WaterTempDrop_85],[1.0000],1,1,1.0000,[[CalumetBeach201509160500_Water_Temperature]]
2025-10-15 19:15:57.396,175.986,Calumet_WaterTempDrop_85,atomic,[Calumet_WaterTempDrop_85],[1.0000],1,1,1.0000,[[CalumetBeach201509160600_Water_Temperature]]
2025-10-15 19:15:57.460,176.050,Calumet_WaterTempDrop_85,atomic,[Calumet_WaterTempDrop_85],[1.0000],1,1,1.0000,[[CalumetBeach201509160700_Water_Temperature]]
2025-10-15 19:15:57.536,176.126,Calumet_WaterTempDrop_85,atomic,[Calumet_WaterTempDrop_85],[1.0000],1,1,1.0000,[[CalumetBeach201509160800_Water_Temperature]]
2025-10-15 19:15:57.582,176.172,Calumet_WaterTempDrop_85,atomic,[Calumet_WaterTempDrop_85],[0.9675],1,1,0.9675,[[CalumetBeach201509160900_Water_Temperature]]
2025-10-15 19:15:57.646,176.236,Calumet_WaterTempDrop_85,atomic,[Calumet_WaterTempDrop_85],[1.0000],1,1,1.0000,[[CalumetBeach201509161000_Water_Temperature]]
2025-10-15 19:15:57.709,176.299,Calumet_WaterTempDrop_85,atomic,[Calumet_WaterTempDrop_85],[1.0000],1,1,1.0000,[[CalumetBeach201509161100_Water_Temperature]]
2025-10-15 19:15:57.771,176.361,Calumet_WaterTempDrop_85,atomic,[Calumet_WaterTempDrop_85],[1.0000],1,1,1.0000,[[CalumetBeach201509161200_Water_Temperature]]
2025-10-15 19:15:57.848,176.438,Calumet_WaterTempDrop_85,atomic,[Calumet_WaterTempDrop_85],[1.0000],1,1,1.0000,[[CalumetBeach201509161300_Water_Temperature]]
2025-10-15 19:15:57.896,176.486,Calumet_WaterTempDrop_85,atomic,[Calumet_WaterTempDrop_85],[1.0000],1,1,1.0000,[[CalumetBeach201509161400_Water_Temperature]]
2025-10-15 19:15:57.973,176.563,Calumet_WaterTempDrop_85,atomic,[Calumet_WaterTempDrop_85],[1.0000],1,1,1.0000,[[CalumetBeach201509161500_Water_Temperature]]
2025-10-15 19:15:58.023,176.613,Calumet_WaterTempDrop_85,atomic,[Calumet_WaterTempDrop_85],[1.0000],1,1,1.0000,[[CalumetBeach201509161600_Water_Temperature]]
2025-10-15 19:15:58.099,176.689,Calumet_WaterTempDrop_85,atomic,[Calumet_WaterTempDrop_85],[1.0000],1,1,1.0000,[[CalumetBeach201509161700_Water_Temperature]]
2025-10-15 19:15:58.146,176.736,Calumet_WaterTempDrop_85,atomic,[Calumet_WaterTempDrop_85],[1.0000],1,1,1.0000,[[CalumetBeach201509161800_Water_Temperature]]
2025-10-15 19:15:58.209,176.799,Calumet_WaterTempDrop_85,atomic,[Calumet_WaterTempDrop_85],[0.9720],1,1,0.9720,[[CalumetBeach201509161900_Water_Temperature]]
2025-10-15 19:15:58.286,176.876,Calumet_WaterTempDrop_85,atomic,[Calumet_WaterTempDrop_85],[1.0000],1,1,1.0000,[[CalumetBeach201509162000_Water_Temperature]]
2025-10-15 19:15:58.334,176.924,Calumet_WaterTempDrop_85,atomic,[Calumet_WaterTempDrop_85],[1.0000],1,1,1.0000,[[CalumetBeach201509162100_Water_Temperature]]
2025-10-15 19:15:58.394,176.984,Calumet_WaterTempDrop_85,atomic,[Calumet_WaterTempDrop_85],[1.0000],1,1,1.0000,[[CalumetBeach201509170100_Water_Temperature]]
2025-10-15 19:15:58.458,177.048,Calumet_WaterTempDrop_85,atomic,[Calumet_WaterTempDrop_85],[1.0000],1,1,1.0000,[[CalumetBeach201509170200_Water_Temperature]]
2025-10-15 19:15:58.520,177.110,Calumet_WaterTempDrop_85,atomic,[Calumet_WaterTempDrop_85],[0.9711],1,1,0.9711,[[CalumetBeach201509170300_Water_Temperature]]
2025-10-15 19:15:58.582,177.172,Calumet_WaterTempDrop_85,atomic,[Calumet_WaterTempDrop_85],[1.0000],1,1,1.0000,[[CalumetBeach201509170400_Water_Temperature]]
2025-10-15 19:15:58.658,177.248,Calumet_WaterTempDrop_85,atomic,[Calumet_WaterTempDrop_85],[1.0000],1,1,1.0000,[[CalumetBeach201509170500_Water_Temperature]]
2025-10-15 19:15:58.707,177.297,Calumet_WaterTempDrop_85,atomic,[Calumet_WaterTempDrop_85],[1.0000],1,1,1.0000,[[CalumetBeach201509170600_Water_Temperature]]
2025-10-15 19:15:58.768,177.358,Calumet_WaterTempDrop_85,atomic,[Calumet_WaterTempDrop_85],[0.9699],1,1,0.9699,[[CalumetBeach201509170700_Water_Temperature]]
2025-10-15 19:15:58.832,177.422,Calumet_WaterTempDrop_85,atomic,[Calumet_WaterTempDrop_85],[0.9661],1,1,0.9661,[[CalumetBeach201509170800_Water_Temperature]]
2025-10-15 19:15:58.908,177.498,Calumet_WaterTempDrop_85,atomic,[Calumet_WaterTempDrop_85],[1.0000],1,1,1.0000,[[CalumetBeach201509170900_Water_Temperature]]
2025-10-15 19:15:58.970,177.560,Calumet_WaterTempDrop_85,atomic,[Calumet_WaterTempDrop_85],[1.0000],1,1,1.0000,[[CalumetBeach201509171000_Water_Temperature]]
2025-10-15 19:15:59.018,177.608,Calumet_WaterTempDrop_85,atomic,[Calumet_WaterTempDrop_85],[1.0000],1,1,1.0000,[[CalumetBeach201509171100_Water_Temperature]]
2025-10-15 19:15:59.080,177.670,Calumet_WaterTempDrop_85,atomic,[Calumet_WaterTempDrop_85],[1.0000],1,1,1.0000,[[CalumetBeach201509171200_Water_Temperature]]
2025-10-15 19:15:59.142,177.732,Calumet_WaterTempDrop_85,atomic,[Calumet_WaterTempDrop_85],[0.9681],1,1,0.9681,[[CalumetBeach201509171300_Water_Temperature]]
2025-10-15 19:15:59.203,177.793,Calumet_WaterTempDrop_85,atomic,[Calumet_WaterTempDrop_85],[0.9642],1,1,0.9642,[[CalumetBeach201509171400_Water_Temperature]]
2025-10-15 19:15:59.268,177.858,Calumet_WaterTempDrop_85,atomic,[Calumet_WaterTempDrop_85],[1.0000],1,1,1.0000,[[CalumetBeach201509171500_Water_Temperature]]
2025-10-15 19:15:59.329,177.919,Calumet_WaterTempDrop_85,atomic,[Calumet_WaterTempDrop_85],[1.0000],1,1,1.0000,[[CalumetBeach201509171600_Water_Temperature]]
2025-10-15 19:15:59.390,177.980,Calumet_WaterTempDrop_85,atomic,[Calumet_WaterTempDrop_85],[0.9645],1,1,0.9645,[[CalumetBeach201509171700_Water_Temperature]]
2025-10-15 19:15:59.453,178.043,Calumet_WaterTempDrop_85,atomic,[Calumet_WaterTempDrop_85],[0.9602],1,1,0.9602,[[CalumetBeach201509171800_Water_Temperature]]
2025-10-15 19:15:59.532,178.122,Calumet_WaterTempDrop_85,atomic,[Calumet_WaterTempDrop_85],[1.0000],1,1,1.0000,[[CalumetBeach201509171900_Water_Temperature]]
2025-10-15 19:15:59.580,178.170,Calumet_WaterTempDrop_85,atomic,[Calumet_WaterTempDrop_85],[1.0000],1,1,1.0000,[[CalumetBeach201509172000_Water_Temperature]]
2025-10-15 19:15:59.657,178.247,Calumet_WaterTempDrop_85,atomic,[Calumet_WaterTempDrop_85],[1.0000],1,1,1.0000,[[CalumetBeach201509172100_Water_Temperature]]
2025-10-15 19:15:59.706,178.296,Calumet_WaterTempDrop_85,atomic,[Calumet_WaterTempDrop_85],[1.0000],1,1,1.0000,[[CalumetBeach201509180100_Water_Temperature]]
2025-10-15 19:15:59.767,178.357,Calumet_WaterTempDrop_85,atomic,[Calumet_WaterTempDrop_85],[0.9661],1,1,0.9661,[[CalumetBeach201509180200_Water_Temperature]]
2025-10-15 19:15:59.845,178.435,Calumet_WaterTempDrop_85,atomic,[Calumet_WaterTempDrop_85],[1.0000],1,1,1.0000,[[CalumetBeach201509180300_Water_Temperature]]
2025-10-15 19:15:59.892,178.482,Calumet_WaterTempDrop_85,atomic,[Calumet_WaterTempDrop_85],[0.9643],1,1,0.9643,[[CalumetBeach201509180400_Water_Temperature]]
2025-10-15 19:15:59.954,178.544,Calumet_WaterTempDrop_85,atomic,[Calumet_WaterTempDrop_85],[0.9600],1,1,0.9600,[[CalumetBeach201509180500_Water_Temperature]]
2025-10-15 19:16:00.017,178.607,Calumet_WaterTempDrop_85,atomic,[Calumet_WaterTempDrop_85],[0.9554],1,1,0.9554,[[CalumetBeach201509180600_Water_Temperature]]
2025-10-15 19:16:00.081,178.671,Calumet_WaterTempDrop_85,atomic,[Calumet_WaterTempDrop_85],[1.0000],1,1,1.0000,[[CalumetBeach201509180700_Water_Temperature]]
2025-10-15 19:16:00.143,178.733,Calumet_WaterTempDrop_85,atomic,[Calumet_WaterTempDrop_85],[0.9555],1,1,0.9555,[[CalumetBeach201509180800_Water_Temperature]]
2025-10-15 19:16:00.221,178.811,Calumet_WaterTempDrop_85,atomic,[Calumet_WaterTempDrop_85],[1.0000],1,1,1.0000,[[CalumetBeach201509181000_Water_Temperature]]
2025-10-15 19:16:00.270,178.860,Calumet_WaterTempDrop_85,atomic,[Calumet_WaterTempDrop_85],[1.0000],1,1,1.0000,[[CalumetBeach201509181100_Water_Temperature]]
2025-10-15 19:16:00.333,178.923,Calumet_WaterTempDrop_85,atomic,[Calumet_WaterTempDrop_85],[1.0000],1,1,1.0000,[[CalumetBeach201509181200_Water_Temperature]]
2025-10-15 19:16:00.408,178.998,Calumet_WaterTempDrop_85,atomic,[Calumet_WaterTempDrop_85],[1.0000],1,1,1.0000,[[CalumetBeach201509181300_Water_Temperature]]
2025-10-15 19:16:00.469,179.059,Calumet_WaterTempDrop_85,atomic,[Calumet_WaterTempDrop_85],[1.0000],1,1,1.0000,[[CalumetBeach201509181400_Water_Temperature]]
2025-10-15 19:16:00.518,179.108,Calumet_WaterTempDrop_85,atomic,[Calumet_WaterTempDrop_85],[1.0000],1,1,1.0000,[[CalumetBeach201509181500_Water_Temperature]]
2025-10-15 19:16:00.581,179.171,Calumet_WaterTempDrop_85,atomic,[Calumet_WaterTempDrop_85],[1.0000],1,1,1.0000,[[CalumetBeach201509181600_Water_Temperature]]
2025-10-15 19:16:00.657,179.247,Calumet_WaterTempDrop_85,atomic,[Calumet_WaterTempDrop_85],[1.0000],1,1,1.0000,[[CalumetBeach201509181700_Water_Temperature]]
2025-10-15 19:16:00.719,179.309,Calumet_WaterTempDrop_85,atomic,[Calumet_WaterTempDrop_85],[1.0000],1,1,1.0000,[[CalumetBeach201509181800_Water_Temperature]]
2025-10-15 19:16:00.766,179.356,Calumet_WaterTempDrop_85,atomic,[Calumet_WaterTempDrop_85],[1.0000],1,1,1.0000,[[CalumetBeach201509181900_Water_Temperature]]
2025-10-15 19:16:00.828,179.418,Calumet_WaterTempDrop_85,atomic,[Calumet_WaterTempDrop_85],[1.0000],1,1,1.0000,[[CalumetBeach201509182000_Water_Temperature]]
2025-10-15 19:16:00.890,179.480,Calumet_WaterTempDrop_85,atomic,[Calumet_WaterTempDrop_85],[1.0000],1,1,1.0000,[[CalumetBeach201509182100_Water_Temperature]]
2025-10-15 19:16:00.953,179.543,Calumet_WaterTempDrop_85,atomic,[Calumet_WaterTempDrop_85],[0.9721],1,1,0.9721,[[CalumetBeach201509182200_Water_Temperature]]
2025-10-15 19:16:01.015,179.605,Calumet_WaterTempDrop_85,atomic,[Calumet_WaterTempDrop_85],[0.9686],1,1,0.9686,[[CalumetBeach201509182300_Water_Temperature]]
2025-10-15 19:16:01.080,179.670,Calumet_WaterTempDrop_85,atomic,[Calumet_WaterTempDrop_85],[1.0000],1,1,1.0000,[[CalumetBeach201509192400_Water_Temperature]]
2025-10-15 19:16:01.157,179.747,Calumet_WaterTempDrop_85,atomic,[Calumet_WaterTempDrop_85],[1.0000],1,1,1.0000,[[CalumetBeach201509190100_Water_Temperature]]
2025-10-15 19:16:01.204,179.794,Calumet_WaterTempDrop_85,atomic,[Calumet_WaterTempDrop_85],[1.0000],1,1,1.0000,[[CalumetBeach201509190200_Water_Temperature]]
2025-10-15 19:16:01.267,179.857,Calumet_WaterTempDrop_85,atomic,[Calumet_WaterTempDrop_85],[0.9685],1,1,0.9685,[[CalumetBeach201509190300_Water_Temperature]]
2025-10-15 19:16:01.328,179.918,Calumet_WaterTempDrop_85,atomic,[Calumet_WaterTempDrop_85],[0.9646],1,1,0.9646,[[CalumetBeach201509190400_Water_Temperature]]
2025-10-15 19:16:01.391,179.981,Calumet_WaterTempDrop_85,atomic,[Calumet_WaterTempDrop_85],[0.9602],1,1,0.9602,[[CalumetBeach201509190500_Water_Temperature]]
2025-10-15 19:16:01.456,180.046,Calumet_WaterTempDrop_85,atomic,[Calumet_WaterTempDrop_85],[0.9553],1,1,0.9553,[[CalumetBeach201509190600_Water_Temperature]]
2025-10-15 19:16:01.520,180.110,Calumet_WaterTempDrop_85,atomic,[Calumet_WaterTempDrop_85],[1.0000],1,1,1.0000,[[CalumetBeach201509190700_Water_Temperature]]
2025-10-15 19:16:01.582,180.172,Calumet_WaterTempDrop_85,atomic,[Calumet_WaterTempDrop_85],[1.0000],1,1,1.0000,[[CalumetBeach201509190800_Water_Temperature]]
2025-10-15 19:16:01.645,180.235,Calumet_WaterTempDrop_85,atomic,[Calumet_WaterTempDrop_85],[1.0000],1,1,1.0000,[[CalumetBeach201509190900_Water_Temperature]]
2025-10-15 19:16:01.722,180.312,Calumet_WaterTempDrop_85,atomic,[Calumet_WaterTempDrop_85],[1.0000],1,1,1.0000,[[CalumetBeach201509191000_Water_Temperature]]
2025-10-15 19:16:01.769,180.359,Calumet_WaterTempDrop_85,atomic,[Calumet_WaterTempDrop_85],[0.9641],1,1,0.9641,[[CalumetBeach201509191100_Water_Temperature]]
2025-10-15 19:16:01.832,180.422,Calumet_WaterTempDrop_85,atomic,[Calumet_WaterTempDrop_85],[1.0000],1,1,1.0000,[[CalumetBeach201509191200_Water_Temperature]]
2025-10-15 19:16:01.892,180.482,Calumet_WaterTempDrop_85,atomic,[Calumet_WaterTempDrop_85],[0.9625],1,1,0.9625,[[CalumetBeach201509191300_Water_Temperature]]
2025-10-15 19:16:01.955,180.545,Calumet_WaterTempDrop_85,atomic,[Calumet_WaterTempDrop_85],[1.0000],1,1,1.0000,[[CalumetBeach201509191400_Water_Temperature]]
2025-10-15 19:16:02.016,180.606,Calumet_WaterTempDrop_85,atomic,[Calumet_WaterTempDrop_85],[1.0000],1,1,1.0000,[[CalumetBeach201509191500_Water_Temperature]]
2025-10-15 19:16:02.080,180.670,Calumet_WaterTempDrop_85,atomic,[Calumet_WaterTempDrop_85],[1.0000],1,1,1.0000,[[CalumetBeach201509191600_Water_Temperature]]
2025-10-15 19:16:02.141,180.731,Calumet_WaterTempDrop_85,atomic,[Calumet_WaterTempDrop_85],[0.9656],1,1,0.9656,[[CalumetBeach201509191700_Water_Temperature]]
2025-10-15 19:16:02.203,180.793,Calumet_WaterTempDrop_85,atomic,[Calumet_WaterTempDrop_85],[0.9615],1,1,0.9615,[[CalumetBeach201509191800_Water_Temperature]]
2025-10-15 19:16:02.266,180.856,Calumet_WaterTempDrop_85,atomic,[Calumet_WaterTempDrop_85],[1.0000],1,1,1.0000,[[CalumetBeach201509192200_Water_Temperature]]
2025-10-15 19:16:02.330,180.920,Calumet_WaterTempDrop_85,atomic,[Calumet_WaterTempDrop_85],[1.0000],1,1,1.0000,[[CalumetBeach201509192300_Water_Temperature]]
2025-10-15 19:16:02.392,180.982,Calumet_WaterTempDrop_85,atomic,[Calumet_WaterTempDrop_85],[1.0000],1,1,1.0000,[[CalumetBeach201509202400_Water_Temperature]]
2025-10-15 19:16:02.455,181.045,Calumet_WaterTempDrop_85,atomic,[Calumet_WaterTempDrop_85],[0.9651],1,1,0.9651,[[CalumetBeach201509200200_Water_Temperature]]
2025-10-15 19:16:02.516,181.106,Calumet_WaterTempDrop_85,atomic,[Calumet_WaterTempDrop_85],[1.0000],1,1,1.0000,[[CalumetBeach201509200300_Water_Temperature]]
2025-10-15 19:16:02.579,181.169,Calumet_WaterTempDrop_85,atomic,[Calumet_WaterTempDrop_85],[1.0000],1,1,1.0000,[[CalumetBeach201509200400_Water_Temperature]]
2025-10-15 19:16:02.639,181.229,Calumet_WaterTempDrop_85,atomic,[Calumet_WaterTempDrop_85],[1.0000],1,1,1.0000,[[CalumetBeach201509200500_Water_Temperature]]
2025-10-15 19:16:02.704,181.294,Calumet_WaterTempDrop_85,atomic,[Calumet_WaterTempDrop_85],[1.0000],1,1,1.0000,[[CalumetBeach201509200600_Water_Temperature]]
2025-10-15 19:16:02.765,181.355,Calumet_WaterTempDrop_85,atomic,[Calumet_WaterTempDrop_85],[1.0000],1,1,1.0000,[[CalumetBeach201509200700_Water_Temperature]]
2025-10-15 19:16:02.827,181.417,Calumet_WaterTempDrop_85,atomic,[Calumet_WaterTempDrop_85],[1.0000],1,1,1.0000,[[CalumetBeach201509200800_Water_Temperature]]
2025-10-15 19:16:02.889,181.479,Calumet_WaterTempDrop_85,atomic,[Calumet_WaterTempDrop_85],[1.0000],1,1,1.0000,[[CalumetBeach201509200900_Water_Temperature]]
2025-10-15 19:16:02.951,181.541,Calumet_WaterTempDrop_85,atomic,[Calumet_WaterTempDrop_85],[0.9707],1,1,0.9707,[[CalumetBeach201509201000_Water_Temperature]]
2025-10-15 19:16:03.027,181.617,Calumet_WaterTempDrop_85,atomic,[Calumet_WaterTempDrop_85],[1.0000],1,1,1.0000,[[CalumetBeach201509201100_Water_Temperature]]
2025-10-15 19:16:03.076,181.666,Calumet_WaterTempDrop_85,atomic,[Calumet_WaterTempDrop_85],[0.9682],1,1,0.9682,[[CalumetBeach201509201200_Water_Temperature]]
2025-10-15 19:16:03.137,181.727,Calumet_WaterTempDrop_85,atomic,[Calumet_WaterTempDrop_85],[0.9643],1,1,0.9643,[[CalumetBeach201509201300_Water_Temperature]]
2025-10-15 19:16:03.199,181.789,Calumet_WaterTempDrop_85,atomic,[Calumet_WaterTempDrop_85],[0.9599],1,1,0.9599,[[CalumetBeach201509201400_Water_Temperature]]
2025-10-15 19:16:03.279,181.869,Calumet_WaterTempDrop_85,atomic,[Calumet_WaterTempDrop_85],[1.0000],1,1,1.0000,[[CalumetBeach201509201500_Water_Temperature]]
2025-10-15 19:16:03.325,181.915,Calumet_WaterTempDrop_85,atomic,[Calumet_WaterTempDrop_85],[0.9588],1,1,0.9588,[[CalumetBeach201509201600_Water_Temperature]]
2025-10-15 19:16:03.415,182.005,Calumet_WaterTempDrop_85,atomic,[Calumet_WaterTempDrop_85],[1.0000],1,1,1.0000,[[CalumetBeach201509201700_Water_Temperature]]
2025-10-15 19:16:03.448,182.038,Calumet_WaterTempDrop_85,atomic,[Calumet_WaterTempDrop_85],[1.0000],1,1,1.0000,[[CalumetBeach201509201800_Water_Temperature]]
2025-10-15 19:16:03.508,182.098,Calumet_WaterTempDrop_85,atomic,[Calumet_WaterTempDrop_85],[1.0000],1,1,1.0000,[[CalumetBeach201509201900_Water_Temperature]]
2025-10-15 19:16:03.572,182.162,Calumet_WaterTempDrop_85,atomic,[Calumet_WaterTempDrop_85],[0.9636],1,1,0.9636,[[CalumetBeach201509202000_Water_Temperature]]
2025-10-15 19:16:03.636,182.226,Calumet_WaterTempDrop_85,atomic,[Calumet_WaterTempDrop_85],[1.0000],1,1,1.0000,[[CalumetBeach201509202100_Water_Temperature]]
2025-10-15 19:16:03.697,182.287,Calumet_WaterTempDrop_85,atomic,[Calumet_WaterTempDrop_85],[0.9621],1,1,0.9621,[[CalumetBeach201509202200_Water_Temperature]]
2025-10-15 19:16:03.758,182.348,Calumet_WaterTempDrop_85,atomic,[Calumet_WaterTempDrop_85],[1.0000],1,1,1.0000,[[CalumetBeach201509202300_Water_Temperature]]
2025-10-15 19:16:03.822,182.412,Calumet_WaterTempDrop_85,atomic,[Calumet_WaterTempDrop_85],[1.0000],1,1,1.0000,[[CalumetBeach201509212400_Water_Temperature]]
2025-10-15 19:16:03.883,182.473,Calumet_WaterTempDrop_85,atomic,[Calumet_WaterTempDrop_85],[1.0000],1,1,1.0000,[[CalumetBeach201509210100_Water_Temperature]]
2025-10-15 19:16:03.947,182.537,Calumet_WaterTempDrop_85,atomic,[Calumet_WaterTempDrop_85],[1.0000],1,1,1.0000,[[CalumetBeach201509210200_Water_Temperature]]
2025-10-15 19:16:04.008,182.598,Calumet_WaterTempDrop_85,atomic,[Calumet_WaterTempDrop_85],[1.0000],1,1,1.0000,[[CalumetBeach201509210300_Water_Temperature]]
2025-10-15 19:16:04.072,182.662,Calumet_WaterTempDrop_85,atomic,[Calumet_WaterTempDrop_85],[1.0000],1,1,1.0000,[[CalumetBeach201509210400_Water_Temperature]]
2025-10-15 19:16:04.134,182.724,Calumet_WaterTempDrop_85,atomic,[Calumet_WaterTempDrop_85],[1.0000],1,1,1.0000,[[CalumetBeach201509210500_Water_Temperature]]
2025-10-15 19:16:04.196,182.786,Calumet_WaterTempDrop_85,atomic,[Calumet_WaterTempDrop_85],[1.0000],1,1,1.0000,[[CalumetBeach201509210600_Water_Temperature]]
2025-10-15 19:16:04.259,182.849,Calumet_WaterTempDrop_85,atomic,[Calumet_WaterTempDrop_85],[1.0000],1,1,1.0000,[[CalumetBeach201509210700_Water_Temperature]]
2025-10-15 19:16:04.322,182.912,Calumet_WaterTempDrop_85,atomic,[Calumet_WaterTempDrop_85],[0.9712],1,1,0.9712,[[CalumetBeach201509210800_Water_Temperature]]
2025-10-15 19:16:04.384,182.974,Calumet_WaterTempDrop_85,atomic,[Calumet_WaterTempDrop_85],[1.0000],1,1,1.0000,[[CalumetBeach201509210900_Water_Temperature]]
2025-10-15 19:16:04.447,183.037,Calumet_WaterTempDrop_85,atomic,[Calumet_WaterTempDrop_85],[1.0000],1,1,1.0000,[[CalumetBeach201509211000_Water_Temperature]]
2025-10-15 19:16:04.509,183.099,Calumet_WaterTempDrop_85,atomic,[Calumet_WaterTempDrop_85],[1.0000],1,1,1.0000,[[CalumetBeach201509211100_Water_Temperature]]
2025-10-15 19:16:04.572,183.162,Calumet_WaterTempDrop_85,atomic,[Calumet_WaterTempDrop_85],[0.9702],1,1,0.9702,[[CalumetBeach201509211200_Water_Temperature]]
2025-10-15 19:16:04.635,183.225,Calumet_WaterTempDrop_85,atomic,[Calumet_WaterTempDrop_85],[1.0000],1,1,1.0000,[[CalumetBeach201509211300_Water_Temperature]]
2025-10-15 19:16:04.699,183.289,Calumet_WaterTempDrop_85,atomic,[Calumet_WaterTempDrop_85],[1.0000],1,1,1.0000,[[CalumetBeach201509211400_Water_Temperature]]
2025-10-15 19:16:04.760,183.350,Calumet_WaterTempDrop_85,atomic,[Calumet_WaterTempDrop_85],[0.9686],1,1,0.9686,[[CalumetBeach201509211500_Water_Temperature]]
2025-10-15 19:16:04.824,183.414,Calumet_WaterTempDrop_85,atomic,[Calumet_WaterTempDrop_85],[1.0000],1,1,1.0000,[[CalumetBeach201509211600_Water_Temperature]]
2025-10-15 19:16:04.884,183.474,Calumet_WaterTempDrop_85,atomic,[Calumet_WaterTempDrop_85],[0.9662],1,1,0.9662,[[CalumetBeach201509211700_Water_Temperature]]
2025-10-15 19:16:04.947,183.537,Calumet_WaterTempDrop_85,atomic,[Calumet_WaterTempDrop_85],[1.0000],1,1,1.0000,[[CalumetBeach201509211800_Water_Temperature]]
2025-10-15 19:16:05.010,183.600,Calumet_WaterTempDrop_85,atomic,[Calumet_WaterTempDrop_85],[1.0000],1,1,1.0000,[[CalumetBeach201509211900_Water_Temperature]]
2025-10-15 19:16:05.071,183.661,Calumet_WaterTempDrop_85,atomic,[Calumet_WaterTempDrop_85],[1.0000],1,1,1.0000,[[CalumetBeach201509212000_Water_Temperature]]
2025-10-15 19:16:05.134,183.724,Calumet_WaterTempDrop_85,atomic,[Calumet_WaterTempDrop_85],[1.0000],1,1,1.0000,[[CalumetBeach201509212100_Water_Temperature]]
2025-10-15 19:16:05.196,183.786,Calumet_WaterTempDrop_85,atomic,[Calumet_WaterTempDrop_85],[1.0000],1,1,1.0000,[[CalumetBeach201509212200_Water_Temperature]]
2025-10-15 19:16:05.258,183.848,Calumet_WaterTempDrop_85,atomic,[Calumet_WaterTempDrop_85],[1.0000],1,1,1.0000,[[CalumetBeach201509212300_Water_Temperature]]
2025-10-15 19:16:05.320,183.910,Calumet_WaterTempDrop_85,atomic,[Calumet_WaterTempDrop_85],[0.9699],1,1,0.9699,[[CalumetBeach201509222400_Water_Temperature]]
2025-10-15 19:16:05.382,183.972,Calumet_WaterTempDrop_85,atomic,[Calumet_WaterTempDrop_85],[0.9661],1,1,0.9661,[[CalumetBeach201509220100_Water_Temperature]]
2025-10-15 19:16:05.446,184.036,Calumet_WaterTempDrop_85,atomic,[Calumet_WaterTempDrop_85],[1.0000],1,1,1.0000,[[CalumetBeach201509220200_Water_Temperature]]
2025-10-15 19:16:05.506,184.096,Calumet_WaterTempDrop_85,atomic,[Calumet_WaterTempDrop_85],[1.0000],1,1,1.0000,[[CalumetBeach201509220300_Water_Temperature]]
2025-10-15 19:16:05.585,184.175,Calumet_WaterTempDrop_85,atomic,[Calumet_WaterTempDrop_85],[1.0000],1,1,1.0000,[[CalumetBeach201509220400_Water_Temperature]]
2025-10-15 19:16:05.631,184.221,Calumet_WaterTempDrop_85,atomic,[Calumet_WaterTempDrop_85],[1.0000],1,1,1.0000,[[CalumetBeach201509220500_Water_Temperature]]
2025-10-15 19:16:05.695,184.285,Calumet_WaterTempDrop_85,atomic,[Calumet_WaterTempDrop_85],[1.0000],1,1,1.0000,[[CalumetBeach201509220600_Water_Temperature]]
2025-10-15 19:16:05.758,184.348,Calumet_WaterTempDrop_85,atomic,[Calumet_WaterTempDrop_85],[1.0000],1,1,1.0000,[[CalumetBeach201509220700_Water_Temperature]]
2025-10-15 19:16:05.835,184.425,Calumet_WaterTempDrop_85,atomic,[Calumet_WaterTempDrop_85],[1.0000],1,1,1.0000,[[CalumetBeach201509220800_Water_Temperature]]
2025-10-15 19:16:05.882,184.472,Calumet_WaterTempDrop_85,atomic,[Calumet_WaterTempDrop_85],[1.0000],1,1,1.0000,[[CalumetBeach201509220900_Water_Temperature]]
2025-10-15 19:16:05.957,184.547,Calumet_WaterTempDrop_85,atomic,[Calumet_WaterTempDrop_85],[1.0000],1,1,1.0000,[[CalumetBeach201509221000_Water_Temperature]]
2025-10-15 19:16:06.003,184.593,Calumet_WaterTempDrop_85,atomic,[Calumet_WaterTempDrop_85],[1.0000],1,1,1.0000,[[CalumetBeach201509221100_Water_Temperature]]
2025-10-15 19:16:06.080,184.670,Calumet_WaterTempDrop_85,atomic,[Calumet_WaterTempDrop_85],[1.0000],1,1,1.0000,[[CalumetBeach201509221200_Water_Temperature]]
2025-10-15 19:16:06.128,184.718,Calumet_WaterTempDrop_85,atomic,[Calumet_WaterTempDrop_85],[1.0000],1,1,1.0000,[[CalumetBeach201509221300_Water_Temperature]]
2025-10-15 19:16:06.192,184.782,Calumet_WaterTempDrop_85,atomic,[Calumet_WaterTempDrop_85],[1.0000],1,1,1.0000,[[CalumetBeach201509221400_Water_Temperature]]
2025-10-15 19:16:06.252,184.842,Calumet_WaterTempDrop_85,atomic,[Calumet_WaterTempDrop_85],[0.9726],1,1,0.9726,[[CalumetBeach201509221500_Water_Temperature]]
2025-10-15 19:16:06.330,184.920,Calumet_WaterTempDrop_85,atomic,[Calumet_WaterTempDrop_85],[1.0000],1,1,1.0000,[[CalumetBeach201509221600_Water_Temperature]]
2025-10-15 19:16:06.376,184.966,Calumet_WaterTempDrop_85,atomic,[Calumet_WaterTempDrop_85],[0.9698],1,1,0.9698,[[CalumetBeach201509221700_Water_Temperature]]
2025-10-15 19:16:06.454,185.044,Calumet_WaterTempDrop_85,atomic,[Calumet_WaterTempDrop_85],[1.0000],1,1,1.0000,[[CalumetBeach201509221800_Water_Temperature]]
2025-10-15 19:16:06.502,185.092,Calumet_WaterTempDrop_85,atomic,[Calumet_WaterTempDrop_85],[0.9671],1,1,0.9671,[[CalumetBeach201509221900_Water_Temperature]]
2025-10-15 19:16:06.563,185.153,Calumet_WaterTempDrop_85,atomic,[Calumet_WaterTempDrop_85],[0.9630],1,1,0.9630,[[CalumetBeach201509222000_Water_Temperature]]
2025-10-15 19:16:06.626,185.216,Calumet_WaterTempDrop_85,atomic,[Calumet_WaterTempDrop_85],[0.9584],1,1,0.9584,[[CalumetBeach201509222100_Water_Temperature]]
2025-10-15 19:16:06.689,185.279,Calumet_WaterTempDrop_85,atomic,[Calumet_WaterTempDrop_85],[0.9533],1,1,0.9533,[[CalumetBeach201509222200_Water_Temperature]]
2025-10-15 19:16:06.766,185.356,Calumet_WaterTempDrop_85,atomic,[Calumet_WaterTempDrop_85],[1.0000],1,1,1.0000,[[CalumetBeach201509222300_Water_Temperature]]
2025-10-15 19:16:06.814,185.404,Calumet_WaterTempDrop_85,atomic,[Calumet_WaterTempDrop_85],[1.0000],1,1,1.0000,[[CalumetBeach201509232400_Water_Temperature]]
2025-10-15 19:16:06.874,185.464,Calumet_WaterTempDrop_85,atomic,[Calumet_WaterTempDrop_85],[0.9579],1,1,0.9579,[[CalumetBeach201509230100_Water_Temperature]]
2025-10-15 19:16:06.937,185.527,Calumet_WaterTempDrop_85,atomic,[Calumet_WaterTempDrop_85],[1.0000],1,1,1.0000,[[CalumetBeach201509230200_Water_Temperature]]
2025-10-15 19:16:07.014,185.604,Calumet_WaterTempDrop_85,atomic,[Calumet_WaterTempDrop_85],[1.0000],1,1,1.0000,[[CalumetBeach201509230300_Water_Temperature]]
2025-10-15 19:16:07.061,185.651,Calumet_WaterTempDrop_85,atomic,[Calumet_WaterTempDrop_85],[0.9608],1,1,0.9608,[[CalumetBeach201509230400_Water_Temperature]]
2025-10-15 19:16:07.139,185.729,Calumet_WaterTempDrop_85,atomic,[Calumet_WaterTempDrop_85],[1.0000],1,1,1.0000,[[CalumetBeach201509230500_Water_Temperature]]
2025-10-15 19:16:07.187,185.777,Calumet_WaterTempDrop_85,atomic,[Calumet_WaterTempDrop_85],[1.0000],1,1,1.0000,[[CalumetBeach201509230600_Water_Temperature]]
2025-10-15 19:16:07.247,185.837,Calumet_WaterTempDrop_85,atomic,[Calumet_WaterTempDrop_85],[0.9627],1,1,0.9627,[[CalumetBeach201509230700_Water_Temperature]]
2025-10-15 19:16:07.313,185.903,Calumet_WaterTempDrop_85,atomic,[Calumet_WaterTempDrop_85],[1.0000],1,1,1.0000,[[CalumetBeach201509230800_Water_Temperature]]
2025-10-15 19:16:07.372,185.962,Calumet_WaterTempDrop_85,atomic,[Calumet_WaterTempDrop_85],[0.9615],1,1,0.9615,[[CalumetBeach201509230900_Water_Temperature]]
2025-10-15 19:16:07.434,186.024,Calumet_WaterTempDrop_85,atomic,[Calumet_WaterTempDrop_85],[0.9571],1,1,0.9571,[[CalumetBeach201509231000_Water_Temperature]]
2025-10-15 19:16:07.499,186.089,Calumet_WaterTempDrop_85,atomic,[Calumet_WaterTempDrop_85],[0.9522],1,1,0.9522,[[CalumetBeach201509231100_Water_Temperature]]
2025-10-15 19:16:07.560,186.150,Calumet_WaterTempDrop_85,atomic,[Calumet_WaterTempDrop_85],[0.9469],1,1,0.9469,[[CalumetBeach201509231200_Water_Temperature]]
2025-10-15 19:16:07.639,186.229,Calumet_WaterTempDrop_85,atomic,[Calumet_WaterTempDrop_85],[1.0000],1,1,1.0000,[[CalumetBeach201509231300_Water_Temperature]]
2025-10-15 19:16:07.685,186.275,Calumet_WaterTempDrop_85,atomic,[Calumet_WaterTempDrop_85],[0.9494],1,1,0.9494,[[CalumetBeach201509231400_Water_Temperature]]
2025-10-15 19:16:07.746,186.336,Calumet_WaterTempDrop_85,atomic,[Calumet_WaterTempDrop_85],[0.9439],1,1,0.9439,[[CalumetBeach201509231500_Water_Temperature]]
2025-10-15 19:16:07.812,186.402,Calumet_WaterTempDrop_85,atomic,[Calumet_WaterTempDrop_85],[1.0000],1,1,1.0000,[[CalumetBeach201509231600_Water_Temperature]]
2025-10-15 19:16:07.872,186.462,Calumet_WaterTempDrop_85,atomic,[Calumet_WaterTempDrop_85],[0.9474],1,1,0.9474,[[CalumetBeach201509231700_Water_Temperature]]
2025-10-15 19:16:07.950,186.540,Calumet_WaterTempDrop_85,atomic,[Calumet_WaterTempDrop_85],[1.0000],1,1,1.0000,[[CalumetBeach201509231800_Water_Temperature]]
2025-10-15 19:16:07.999,186.589,Calumet_WaterTempDrop_85,atomic,[Calumet_WaterTempDrop_85],[1.0000],1,1,1.0000,[[CalumetBeach201509231900_Water_Temperature]]
2025-10-15 19:16:08.061,186.651,Calumet_WaterTempDrop_85,atomic,[Calumet_WaterTempDrop_85],[0.9557],1,1,0.9557,[[CalumetBeach201509232000_Water_Temperature]]
2025-10-15 19:16:08.124,186.714,Calumet_WaterTempDrop_85,atomic,[Calumet_WaterTempDrop_85],[0.9509],1,1,0.9509,[[CalumetBeach201509232100_Water_Temperature]]
2025-10-15 19:16:08.186,186.776,Calumet_WaterTempDrop_85,atomic,[Calumet_WaterTempDrop_85],[0.9457],1,1,0.9457,[[CalumetBeach201509232200_Water_Temperature]]
2025-10-15 19:16:08.247,186.837,Calumet_WaterTempDrop_85,atomic,[Calumet_WaterTempDrop_85],[0.9400],1,1,0.9400,[[CalumetBeach201509232300_Water_Temperature]]
2025-10-15 19:16:08.311,186.901,Calumet_WaterTempDrop_85,atomic,[Calumet_WaterTempDrop_85],[1.0000],1,1,1.0000,[[CalumetBeach201509242400_Water_Temperature]]
2025-10-15 19:16:08.373,186.963,Calumet_WaterTempDrop_85,atomic,[Calumet_WaterTempDrop_85],[1.0000],1,1,1.0000,[[CalumetBeach201509240100_Water_Temperature]]
2025-10-15 19:16:08.436,187.026,Calumet_WaterTempDrop_85,atomic,[Calumet_WaterTempDrop_85],[1.0000],1,1,1.0000,[[CalumetBeach201509240200_Water_Temperature]]
2025-10-15 19:16:08.497,187.087,Calumet_WaterTempDrop_85,atomic,[Calumet_WaterTempDrop_85],[0.9573],1,1,0.9573,[[CalumetBeach201509240300_Water_Temperature]]
2025-10-15 19:16:08.563,187.153,Calumet_WaterTempDrop_85,atomic,[Calumet_WaterTempDrop_85],[1.0000],1,1,1.0000,[[CalumetBeach201509240400_Water_Temperature]]
2025-10-15 19:16:08.624,187.214,Calumet_WaterTempDrop_85,atomic,[Calumet_WaterTempDrop_85],[0.9576],1,1,0.9576,[[CalumetBeach201509240500_Water_Temperature]]
2025-10-15 19:16:08.686,187.276,Calumet_WaterTempDrop_85,atomic,[Calumet_WaterTempDrop_85],[0.9531],1,1,0.9531,[[CalumetBeach201509240600_Water_Temperature]]
2025-10-15 19:16:08.747,187.337,Calumet_WaterTempDrop_85,atomic,[Calumet_WaterTempDrop_85],[0.9480],1,1,0.9480,[[CalumetBeach201509240700_Water_Temperature]]
2025-10-15 19:16:08.809,187.399,Calumet_WaterTempDrop_85,atomic,[Calumet_WaterTempDrop_85],[1.0000],1,1,1.0000,[[CalumetBeach201509240900_Water_Temperature]]
2025-10-15 19:16:08.872,187.462,Calumet_WaterTempDrop_85,atomic,[Calumet_WaterTempDrop_85],[1.0000],1,1,1.0000,[[CalumetBeach201509241000_Water_Temperature]]
2025-10-15 19:16:08.935,187.525,Calumet_WaterTempDrop_85,atomic,[Calumet_WaterTempDrop_85],[1.0000],1,1,1.0000,[[CalumetBeach201509241100_Water_Temperature]]
2025-10-15 19:16:08.998,187.588,Calumet_WaterTempDrop_85,atomic,[Calumet_WaterTempDrop_85],[1.0000],1,1,1.0000,[[CalumetBeach201509241200_Water_Temperature]]
2025-10-15 19:16:09.059,187.649,Calumet_WaterTempDrop_85,atomic,[Calumet_WaterTempDrop_85],[1.0000],1,1,1.0000,[[CalumetBeach201509241300_Water_Temperature]]
2025-10-15 19:16:09.137,187.727,Calumet_WaterTempDrop_85,atomic,[Calumet_WaterTempDrop_85],[1.0000],1,1,1.0000,[[CalumetBeach201509241400_Water_Temperature]]
2025-10-15 19:16:09.185,187.775,Calumet_WaterTempDrop_85,atomic,[Calumet_WaterTempDrop_85],[1.0000],1,1,1.0000,[[CalumetBeach201509241500_Water_Temperature]]
2025-10-15 19:16:09.261,187.851,Calumet_WaterTempDrop_85,atomic,[Calumet_WaterTempDrop_85],[1.0000],1,1,1.0000,[[CalumetBeach201509241600_Water_Temperature]]
2025-10-15 19:16:09.309,187.899,Calumet_WaterTempDrop_85,atomic,[Calumet_WaterTempDrop_85],[0.9693],1,1,0.9693,[[CalumetBeach201509241700_Water_Temperature]]
2025-10-15 19:16:09.371,187.961,Calumet_WaterTempDrop_85,atomic,[Calumet_WaterTempDrop_85],[1.0000],1,1,1.0000,[[CalumetBeach201509241800_Water_Temperature]]
2025-10-15 19:16:09.434,188.024,Calumet_WaterTempDrop_85,atomic,[Calumet_WaterTempDrop_85],[0.9671],1,1,0.9671,[[CalumetBeach201509241900_Water_Temperature]]
2025-10-15 19:16:09.494,188.084,Calumet_WaterTempDrop_85,atomic,[Calumet_WaterTempDrop_85],[0.9631],1,1,0.9631,[[CalumetBeach201509242000_Water_Temperature]]
2025-10-15 19:16:09.559,188.149,Calumet_WaterTempDrop_85,atomic,[Calumet_WaterTempDrop_85],[1.0000],1,1,1.0000,[[CalumetBeach201509242100_Water_Temperature]]
2025-10-15 19:16:09.622,188.212,Calumet_WaterTempDrop_85,atomic,[Calumet_WaterTempDrop_85],[1.0000],1,1,1.0000,[[CalumetBeach201509242200_Water_Temperature]]
2025-10-15 19:16:09.683,188.273,Calumet_WaterTempDrop_85,atomic,[Calumet_WaterTempDrop_85],[1.0000],1,1,1.0000,[[CalumetBeach201509242300_Water_Temperature]]
2025-10-15 19:16:09.746,188.336,Calumet_WaterTempDrop_85,atomic,[Calumet_WaterTempDrop_85],[1.0000],1,1,1.0000,[[CalumetBeach201509252400_Water_Temperature]]
2025-10-15 19:16:09.825,188.415,Calumet_WaterTempDrop_85,atomic,[Calumet_WaterTempDrop_85],[1.0000],1,1,1.0000,[[CalumetBeach201509250100_Water_Temperature]]
2025-10-15 19:16:09.871,188.461,Calumet_WaterTempDrop_85,atomic,[Calumet_WaterTempDrop_85],[1.0000],1,1,1.0000,[[CalumetBeach201509250200_Water_Temperature]]
2025-10-15 19:16:09.935,188.525,Calumet_WaterTempDrop_85,atomic,[Calumet_WaterTempDrop_85],[1.0000],1,1,1.0000,[[CalumetBeach201509250300_Water_Temperature]]
2025-10-15 19:16:09.994,188.584,Calumet_WaterTempDrop_85,atomic,[Calumet_WaterTempDrop_85],[0.9698],1,1,0.9698,[[CalumetBeach201509250400_Water_Temperature]]
2025-10-15 19:16:10.056,188.646,Calumet_WaterTempDrop_85,atomic,[Calumet_WaterTempDrop_85],[1.0000],1,1,1.0000,[[CalumetBeach201509250500_Water_Temperature]]
2025-10-15 19:16:10.119,188.709,Calumet_WaterTempDrop_85,atomic,[Calumet_WaterTempDrop_85],[1.0000],1,1,1.0000,[[CalumetBeach201509250600_Water_Temperature]]
2025-10-15 19:16:10.180,188.770,Calumet_WaterTempDrop_85,atomic,[Calumet_WaterTempDrop_85],[0.9682],1,1,0.9682,[[CalumetBeach201509250700_Water_Temperature]]
2025-10-15 19:16:10.246,188.836,Calumet_WaterTempDrop_85,atomic,[Calumet_WaterTempDrop_85],[1.0000],1,1,1.0000,[[CalumetBeach201509250800_Water_Temperature]]
2025-10-15 19:16:10.307,188.897,Calumet_WaterTempDrop_85,atomic,[Calumet_WaterTempDrop_85],[1.0000],1,1,1.0000,[[CalumetBeach201509250900_Water_Temperature]]
2025-10-15 19:16:10.369,188.959,Calumet_WaterTempDrop_85,atomic,[Calumet_WaterTempDrop_85],[1.0000],1,1,1.0000,[[CalumetBeach201509251000_Water_Temperature]]
2025-10-15 19:16:10.434,189.024,Calumet_WaterTempDrop_85,atomic,[Calumet_WaterTempDrop_85],[1.0000],1,1,1.0000,[[CalumetBeach201509251100_Water_Temperature]]
2025-10-15 19:16:10.493,189.083,Calumet_WaterTempDrop_85,atomic,[Calumet_WaterTempDrop_85],[0.9690],1,1,0.9690,[[CalumetBeach201509251200_Water_Temperature]]
2025-10-15 19:16:10.558,189.148,Calumet_WaterTempDrop_85,atomic,[Calumet_WaterTempDrop_85],[1.0000],1,1,1.0000,[[CalumetBeach201509251300_Water_Temperature]]
2025-10-15 19:16:10.620,189.210,Calumet_WaterTempDrop_85,atomic,[Calumet_WaterTempDrop_85],[1.0000],1,1,1.0000,[[CalumetBeach201509251400_Water_Temperature]]
2025-10-15 19:16:10.682,189.272,Calumet_WaterTempDrop_85,atomic,[Calumet_WaterTempDrop_85],[1.0000],1,1,1.0000,[[CalumetBeach201509251500_Water_Temperature]]
2025-10-15 19:16:10.745,189.335,Calumet_WaterTempDrop_85,atomic,[Calumet_WaterTempDrop_85],[1.0000],1,1,1.0000,[[CalumetBeach201509251600_Water_Temperature]]
2025-10-15 19:16:10.808,189.398,Calumet_WaterTempDrop_85,atomic,[Calumet_WaterTempDrop_85],[1.0000],1,1,1.0000,[[CalumetBeach201509251700_Water_Temperature]]
2025-10-15 19:16:10.869,189.459,Calumet_WaterTempDrop_85,atomic,[Calumet_WaterTempDrop_85],[1.0000],1,1,1.0000,[[CalumetBeach201509251800_Water_Temperature]]
2025-10-15 19:16:10.934,189.524,Calumet_WaterTempDrop_85,atomic,[Calumet_WaterTempDrop_85],[1.0000],1,1,1.0000,[[CalumetBeach201509251900_Water_Temperature]]
2025-10-15 19:16:10.994,189.584,Calumet_WaterTempDrop_85,atomic,[Calumet_WaterTempDrop_85],[1.0000],1,1,1.0000,[[CalumetBeach201509252000_Water_Temperature]]
2025-10-15 19:16:11.059,189.649,Calumet_WaterTempDrop_85,atomic,[Calumet_WaterTempDrop_85],[1.0000],1,1,1.0000,[[CalumetBeach201509252100_Water_Temperature]]
2025-10-15 19:16:11.119,189.709,Calumet_WaterTempDrop_85,atomic,[Calumet_WaterTempDrop_85],[0.9718],1,1,0.9718,[[CalumetBeach201509252200_Water_Temperature]]
2025-10-15 19:16:11.180,189.770,Calumet_WaterTempDrop_85,atomic,[Calumet_WaterTempDrop_85],[0.9681],1,1,0.9681,[[CalumetBeach201509252300_Water_Temperature]]
2025-10-15 19:16:11.244,189.834,Calumet_WaterTempDrop_85,atomic,[Calumet_WaterTempDrop_85],[1.0000],1,1,1.0000,[[CalumetBeach201509262400_Water_Temperature]]
2025-10-15 19:16:11.307,189.897,Calumet_WaterTempDrop_85,atomic,[Calumet_WaterTempDrop_85],[1.0000],1,1,1.0000,[[CalumetBeach201509260100_Water_Temperature]]
2025-10-15 19:16:11.371,189.961,Calumet_WaterTempDrop_85,atomic,[Calumet_WaterTempDrop_85],[1.0000],1,1,1.0000,[[CalumetBeach201509260200_Water_Temperature]]
2025-10-15 19:16:11.431,190.021,Calumet_WaterTempDrop_85,atomic,[Calumet_WaterTempDrop_85],[1.0000],1,1,1.0000,[[CalumetBeach201509260300_Water_Temperature]]
2025-10-15 19:16:11.495,190.085,Calumet_WaterTempDrop_85,atomic,[Calumet_WaterTempDrop_85],[1.0000],1,1,1.0000,[[CalumetBeach201509260400_Water_Temperature]]
2025-10-15 19:16:11.557,190.147,Calumet_WaterTempDrop_85,atomic,[Calumet_WaterTempDrop_85],[1.0000],1,1,1.0000,[[CalumetBeach201509260500_Water_Temperature]]
2025-10-15 19:16:11.621,190.211,Calumet_WaterTempDrop_85,atomic,[Calumet_WaterTempDrop_85],[1.0000],1,1,1.0000,[[CalumetBeach201509260600_Water_Temperature]]
2025-10-15 19:16:11.683,190.273,Calumet_WaterTempDrop_85,atomic,[Calumet_WaterTempDrop_85],[0.9708],1,1,0.9708,[[CalumetBeach201509260700_Water_Temperature]]
2025-10-15 19:16:11.746,190.336,Calumet_WaterTempDrop_85,atomic,[Calumet_WaterTempDrop_85],[0.9671],1,1,0.9671,[[CalumetBeach201509260800_Water_Temperature]]
2025-10-15 19:16:11.809,190.399,Calumet_WaterTempDrop_85,atomic,[Calumet_WaterTempDrop_85],[1.0000],1,1,1.0000,[[CalumetBeach201509260900_Water_Temperature]]
2025-10-15 19:16:11.871,190.461,Calumet_WaterTempDrop_85,atomic,[Calumet_WaterTempDrop_85],[1.0000],1,1,1.0000,[[CalumetBeach201509261000_Water_Temperature]]
2025-10-15 19:16:11.935,190.525,Calumet_WaterTempDrop_85,atomic,[Calumet_WaterTempDrop_85],[1.0000],1,1,1.0000,[[CalumetBeach201509261100_Water_Temperature]]
2025-10-15 19:16:11.998,190.588,Calumet_WaterTempDrop_85,atomic,[Calumet_WaterTempDrop_85],[1.0000],1,1,1.0000,[[CalumetBeach201509261200_Water_Temperature]]
2025-10-15 19:16:12.063,190.653,Calumet_WaterTempDrop_85,atomic,[Calumet_WaterTempDrop_85],[0.9686],1,1,0.9686,[[CalumetBeach201509261300_Water_Temperature]]
2025-10-15 19:16:12.126,190.716,Calumet_WaterTempDrop_85,atomic,[Calumet_WaterTempDrop_85],[1.0000],1,1,1.0000,[[CalumetBeach201509261400_Water_Temperature]]
2025-10-15 19:16:12.187,190.777,Calumet_WaterTempDrop_85,atomic,[Calumet_WaterTempDrop_85],[1.0000],1,1,1.0000,[[CalumetBeach201509261500_Water_Temperature]]
2025-10-15 19:16:12.249,190.839,Calumet_WaterTempDrop_85,atomic,[Calumet_WaterTempDrop_85],[1.0000],1,1,1.0000,[[CalumetBeach201509261600_Water_Temperature]]
2025-10-15 19:16:12.313,190.903,Calumet_WaterTempDrop_85,atomic,[Calumet_WaterTempDrop_85],[1.0000],1,1,1.0000,[[CalumetBeach201509261700_Water_Temperature]]
2025-10-15 19:16:12.373,190.963,Calumet_WaterTempDrop_85,atomic,[Calumet_WaterTempDrop_85],[0.9695],1,1,0.9695,[[CalumetBeach201509261800_Water_Temperature]]
2025-10-15 19:16:12.436,191.026,Calumet_WaterTempDrop_85,atomic,[Calumet_WaterTempDrop_85],[0.9657],1,1,0.9657,[[CalumetBeach201509261900_Water_Temperature]]
2025-10-15 19:16:12.498,191.088,Calumet_WaterTempDrop_85,atomic,[Calumet_WaterTempDrop_85],[1.0000],1,1,1.0000,[[CalumetBeach201509262000_Water_Temperature]]
2025-10-15 19:16:12.561,191.151,Calumet_WaterTempDrop_85,atomic,[Calumet_WaterTempDrop_85],[0.9637],1,1,0.9637,[[CalumetBeach201509262100_Water_Temperature]]
2025-10-15 19:16:12.624,191.214,Calumet_WaterTempDrop_85,atomic,[Calumet_WaterTempDrop_85],[1.0000],1,1,1.0000,[[CalumetBeach201509262200_Water_Temperature]]
2025-10-15 19:16:12.687,191.277,Calumet_WaterTempDrop_85,atomic,[Calumet_WaterTempDrop_85],[0.9621],1,1,0.9621,[[CalumetBeach201509262300_Water_Temperature]]
2025-10-15 19:16:12.747,191.337,Calumet_WaterTempDrop_85,atomic,[Calumet_WaterTempDrop_85],[0.9575],1,1,0.9575,[[CalumetBeach201509272400_Water_Temperature]]
2025-10-15 19:16:12.813,191.403,Calumet_WaterTempDrop_85,atomic,[Calumet_WaterTempDrop_85],[1.0000],1,1,1.0000,[[CalumetBeach201509270200_Water_Temperature]]
2025-10-15 19:16:12.873,191.463,Calumet_WaterTempDrop_85,atomic,[Calumet_WaterTempDrop_85],[0.9571],1,1,0.9571,[[CalumetBeach201509270300_Water_Temperature]]
2025-10-15 19:16:12.949,191.539,Calumet_WaterTempDrop_85,atomic,[Calumet_WaterTempDrop_85],[1.0000],1,1,1.0000,[[CalumetBeach201509270400_Water_Temperature]]
2025-10-15 19:16:12.997,191.587,Calumet_WaterTempDrop_85,atomic,[Calumet_WaterTempDrop_85],[0.9569],1,1,0.9569,[[CalumetBeach201509270500_Water_Temperature]]
2025-10-15 19:16:13.059,191.649,Calumet_WaterTempDrop_85,atomic,[Calumet_WaterTempDrop_85],[0.9519],1,1,0.9519,[[CalumetBeach201509270600_Water_Temperature]]
2025-10-15 19:16:13.121,191.711,Calumet_WaterTempDrop_85,atomic,[Calumet_WaterTempDrop_85],[1.0000],1,1,1.0000,[[CalumetBeach201509270700_Water_Temperature]]
2025-10-15 19:16:13.184,191.774,Calumet_WaterTempDrop_85,atomic,[Calumet_WaterTempDrop_85],[1.0000],1,1,1.0000,[[CalumetBeach201509270800_Water_Temperature]]
2025-10-15 19:16:13.246,191.836,Calumet_WaterTempDrop_85,atomic,[Calumet_WaterTempDrop_85],[0.9576],1,1,0.9576,[[CalumetBeach201509270900_Water_Temperature]]
2025-10-15 19:16:13.324,191.914,Calumet_WaterTempDrop_85,atomic,[Calumet_WaterTempDrop_85],[1.0000],1,1,1.0000,[[CalumetBeach201509271000_Water_Temperature]]
2025-10-15 19:16:13.400,191.990,Calumet_WaterTempDrop_85,atomic,[Calumet_WaterTempDrop_85],[1.0000],1,1,1.0000,[[CalumetBeach201509271100_Water_Temperature]]
2025-10-15 19:16:13.433,192.023,Calumet_WaterTempDrop_85,atomic,[Calumet_WaterTempDrop_85],[1.0000],1,1,1.0000,[[CalumetBeach201509271200_Water_Temperature]]
2025-10-15 19:16:13.494,192.084,Calumet_WaterTempDrop_85,atomic,[Calumet_WaterTempDrop_85],[1.0000],1,1,1.0000,[[CalumetBeach201509271300_Water_Temperature]]
2025-10-15 19:16:13.557,192.147,Calumet_WaterTempDrop_85,atomic,[Calumet_WaterTempDrop_85],[0.9657],1,1,0.9657,[[CalumetBeach201509271400_Water_Temperature]]
2025-10-15 19:16:13.619,192.209,Calumet_WaterTempDrop_85,atomic,[Calumet_WaterTempDrop_85],[0.9617],1,1,0.9617,[[CalumetBeach201509271500_Water_Temperature]]
2025-10-15 19:16:13.682,192.272,Calumet_WaterTempDrop_85,atomic,[Calumet_WaterTempDrop_85],[0.9573],1,1,0.9573,[[CalumetBeach201509271600_Water_Temperature]]
2025-10-15 19:16:13.744,192.334,Calumet_WaterTempDrop_85,atomic,[Calumet_WaterTempDrop_85],[1.0000],1,1,1.0000,[[CalumetBeach201509271700_Water_Temperature]]
2025-10-15 19:16:13.806,192.396,Calumet_WaterTempDrop_85,atomic,[Calumet_WaterTempDrop_85],[0.9572],1,1,0.9572,[[CalumetBeach201509271800_Water_Temperature]]
2025-10-15 19:16:13.883,192.473,Calumet_WaterTempDrop_85,atomic,[Calumet_WaterTempDrop_85],[1.0000],1,1,1.0000,[[CalumetBeach201509271900_Water_Temperature]]
2025-10-15 19:16:13.930,192.520,Calumet_WaterTempDrop_85,atomic,[Calumet_WaterTempDrop_85],[0.9572],1,1,0.9572,[[CalumetBeach201509272000_Water_Temperature]]
2025-10-15 19:16:13.993,192.583,Calumet_WaterTempDrop_85,atomic,[Calumet_WaterTempDrop_85],[1.0000],1,1,1.0000,[[CalumetBeach201509272100_Water_Temperature]]
2025-10-15 19:16:14.056,192.646,Calumet_WaterTempDrop_85,atomic,[Calumet_WaterTempDrop_85],[1.0000],1,1,1.0000,[[CalumetBeach201509272200_Water_Temperature]]
2025-10-15 19:16:14.117,192.707,Calumet_WaterTempDrop_85,atomic,[Calumet_WaterTempDrop_85],[1.0000],1,1,1.0000,[[CalumetBeach201509272300_Water_Temperature]]
2025-10-15 19:16:14.180,192.770,Calumet_WaterTempDrop_85,atomic,[Calumet_WaterTempDrop_85],[0.9634],1,1,0.9634,[[CalumetBeach201509282400_Water_Temperature]]
2025-10-15 19:16:14.241,192.831,Calumet_WaterTempDrop_85,atomic,[Calumet_WaterTempDrop_85],[1.0000],1,1,1.0000,[[CalumetBeach201509280100_Water_Temperature]]
2025-10-15 19:16:14.306,192.896,Calumet_WaterTempDrop_85,atomic,[Calumet_WaterTempDrop_85],[1.0000],1,1,1.0000,[[CalumetBeach201509280200_Water_Temperature]]
2025-10-15 19:16:14.367,192.957,Calumet_WaterTempDrop_85,atomic,[Calumet_WaterTempDrop_85],[0.9645],1,1,0.9645,[[CalumetBeach201509280300_Water_Temperature]]
2025-10-15 19:16:14.431,193.021,Calumet_WaterTempDrop_85,atomic,[Calumet_WaterTempDrop_85],[1.0000],1,1,1.0000,[[CalumetBeach201509280400_Water_Temperature]]
2025-10-15 19:16:14.492,193.082,Calumet_WaterTempDrop_85,atomic,[Calumet_WaterTempDrop_85],[0.9630],1,1,0.9630,[[CalumetBeach201509280500_Water_Temperature]]
2025-10-15 19:16:14.557,193.147,Calumet_WaterTempDrop_85,atomic,[Calumet_WaterTempDrop_85],[1.0000],1,1,1.0000,[[CalumetBeach201509280600_Water_Temperature]]
2025-10-15 19:16:14.619,193.209,Calumet_WaterTempDrop_85,atomic,[Calumet_WaterTempDrop_85],[1.0000],1,1,1.0000,[[CalumetBeach201509280700_Water_Temperature]]
2025-10-15 19:16:14.681,193.271,Calumet_WaterTempDrop_85,atomic,[Calumet_WaterTempDrop_85],[1.0000],1,1,1.0000,[[CalumetBeach201509280800_Water_Temperature]]
2025-10-15 19:16:14.745,193.335,Calumet_WaterTempDrop_85,atomic,[Calumet_WaterTempDrop_85],[0.9659],1,1,0.9659,[[CalumetBeach201509280900_Water_Temperature]]
2025-10-15 19:16:14.808,193.398,Calumet_WaterTempDrop_85,atomic,[Calumet_WaterTempDrop_85],[0.9619],1,1,0.9619,[[CalumetBeach201509281000_Water_Temperature]]
2025-10-15 19:16:14.871,193.461,Calumet_WaterTempDrop_85,atomic,[Calumet_WaterTempDrop_85],[1.0000],1,1,1.0000,[[CalumetBeach201509281100_Water_Temperature]]
2025-10-15 19:16:14.934,193.524,Calumet_WaterTempDrop_85,atomic,[Calumet_WaterTempDrop_85],[1.0000],1,1,1.0000,[[CalumetBeach201509281200_Water_Temperature]]
2025-10-15 19:16:14.995,193.585,Calumet_WaterTempDrop_85,atomic,[Calumet_WaterTempDrop_85],[0.9632],1,1,0.9632,[[CalumetBeach201509281300_Water_Temperature]]
2025-10-15 19:16:15.057,193.647,Calumet_WaterTempDrop_85,atomic,[Calumet_WaterTempDrop_85],[1.0000],1,1,1.0000,[[CalumetBeach201509281400_Water_Temperature]]
2025-10-15 19:16:15.118,193.708,Calumet_WaterTempDrop_85,atomic,[Calumet_WaterTempDrop_85],[1.0000],1,1,1.0000,[[CalumetBeach201509281500_Water_Temperature]]
2025-10-15 19:16:15.180,193.770,Calumet_WaterTempDrop_85,atomic,[Calumet_WaterTempDrop_85],[0.9641],1,1,0.9641,[[CalumetBeach201509281600_Water_Temperature]]
2025-10-15 19:16:15.245,193.835,Calumet_WaterTempDrop_85,atomic,[Calumet_WaterTempDrop_85],[1.0000],1,1,1.0000,[[CalumetBeach201509281700_Water_Temperature]]
2025-10-15 19:16:15.307,193.897,Calumet_WaterTempDrop_85,atomic,[Calumet_WaterTempDrop_85],[1.0000],1,1,1.0000,[[CalumetBeach201509281800_Water_Temperature]]
2025-10-15 19:16:15.370,193.960,Calumet_WaterTempDrop_85,atomic,[Calumet_WaterTempDrop_85],[1.0000],1,1,1.0000,[[CalumetBeach201509281900_Water_Temperature]]
2025-10-15 19:16:15.432,194.022,Calumet_WaterTempDrop_85,atomic,[Calumet_WaterTempDrop_85],[1.0000],1,1,1.0000,[[CalumetBeach201509282000_Water_Temperature]]
2025-10-15 19:16:15.493,194.083,Calumet_WaterTempDrop_85,atomic,[Calumet_WaterTempDrop_85],[1.0000],1,1,1.0000,[[CalumetBeach201509282100_Water_Temperature]]
2025-10-15 19:16:15.557,194.147,Calumet_WaterTempDrop_85,atomic,[Calumet_WaterTempDrop_85],[1.0000],1,1,1.0000,[[CalumetBeach201509282200_Water_Temperature]]
2025-10-15 19:16:15.618,194.208,Calumet_WaterTempDrop_85,atomic,[Calumet_WaterTempDrop_85],[1.0000],1,1,1.0000,[[CalumetBeach201509282300_Water_Temperature]]
2025-10-15 19:16:15.681,194.271,Calumet_WaterTempDrop_85,atomic,[Calumet_WaterTempDrop_85],[1.0000],1,1,1.0000,[[CalumetBeach201509292400_Water_Temperature]]
2025-10-15 19:16:15.742,194.332,Calumet_WaterTempDrop_85,atomic,[Calumet_WaterTempDrop_85],[1.0000],1,1,1.0000,[[CalumetBeach201509290100_Water_Temperature]]
2025-10-15 19:16:15.806,194.396,Calumet_WaterTempDrop_85,atomic,[Calumet_WaterTempDrop_85],[0.9713],1,1,0.9713,[[CalumetBeach201509290200_Water_Temperature]]
2025-10-15 19:16:15.868,194.458,Calumet_WaterTempDrop_85,atomic,[Calumet_WaterTempDrop_85],[1.0000],1,1,1.0000,[[CalumetBeach201509290300_Water_Temperature]]
2025-10-15 19:16:15.930,194.520,Calumet_WaterTempDrop_85,atomic,[Calumet_WaterTempDrop_85],[1.0000],1,1,1.0000,[[CalumetBeach201509290400_Water_Temperature]]
2025-10-15 19:16:15.994,194.584,Calumet_WaterTempDrop_85,atomic,[Calumet_WaterTempDrop_85],[0.9694],1,1,0.9694,[[CalumetBeach201509290500_Water_Temperature]]
2025-10-15 19:16:16.057,194.647,Calumet_WaterTempDrop_85,atomic,[Calumet_WaterTempDrop_85],[1.0000],1,1,1.0000,[[CalumetBeach201509290600_Water_Temperature]]
2025-10-15 19:16:16.116,194.706,Calumet_WaterTempDrop_85,atomic,[Calumet_WaterTempDrop_85],[0.9669],1,1,0.9669,[[CalumetBeach201509290700_Water_Temperature]]
2025-10-15 19:16:16.180,194.770,Calumet_WaterTempDrop_85,atomic,[Calumet_WaterTempDrop_85],[1.0000],1,1,1.0000,[[CalumetBeach201509290800_Water_Temperature]]
2025-10-15 19:16:16.239,194.829,Calumet_WaterTempDrop_85,atomic,[Calumet_WaterTempDrop_85],[0.9646],1,1,0.9646,[[CalumetBeach201509290900_Water_Temperature]]
2025-10-15 19:16:16.305,194.895,Calumet_WaterTempDrop_85,atomic,[Calumet_WaterTempDrop_85],[0.9602],1,1,0.9602,[[CalumetBeach201509291000_Water_Temperature]]
2025-10-15 19:16:16.367,194.957,Calumet_WaterTempDrop_85,atomic,[Calumet_WaterTempDrop_85],[0.9553],1,1,0.9553,[[CalumetBeach201509291100_Water_Temperature]]
2025-10-15 19:16:16.430,195.020,Calumet_WaterTempDrop_85,atomic,[Calumet_WaterTempDrop_85],[1.0000],1,1,1.0000,[[CalumetBeach201509291200_Water_Temperature]]
2025-10-15 19:16:16.492,195.082,Calumet_WaterTempDrop_85,atomic,[Calumet_WaterTempDrop_85],[1.0000],1,1,1.0000,[[CalumetBeach201509291300_Water_Temperature]]
2025-10-15 19:16:16.493,195.083,Calumet_HighWave_85,atomic,[Calumet_HighWave_85],[1.0000],1,1,1.0000,[[CalumetBeach201509291300_Wave_Height]]
2025-10-15 19:16:16.555,195.145,Calumet_WaterTempDrop_85,atomic,[Calumet_WaterTempDrop_85],[0.9590],1,1,0.9590,[[CalumetBeach201509291400_Water_Temperature]]
2025-10-15 19:16:16.616,195.206,Calumet_WaterTempDrop_85,atomic,[Calumet_WaterTempDrop_85],[1.0000],1,1,1.0000,[[CalumetBeach201509291500_Water_Temperature]]
2025-10-15 19:16:16.680,195.270,Calumet_WaterTempDrop_85,atomic,[Calumet_WaterTempDrop_85],[0.9583],1,1,0.9583,[[CalumetBeach201509291600_Water_Temperature]]
2025-10-15 19:16:16.744,195.334,Calumet_WaterTempDrop_85,atomic,[Calumet_WaterTempDrop_85],[1.0000],1,1,1.0000,[[CalumetBeach201509291700_Water_Temperature]]
2025-10-15 19:16:16.744,195.334,Calumet_HighTurbidity_85,atomic,[Calumet_HighTurbidity_85],[1.0000],1,1,1.0000,[[CalumetBeach201509291700_Turbidity]]
2025-10-15 19:16:16.744,195.334,Calumet_LocalAlert_85,complex,[Calumet_HighTurbidity_85;Calumet_WaterTempDrop_85],[1.0000;0.9575],2,2,0.9788,[[CalumetBeach201509291700_Turbidity];[CalumetBeach201509272400_Water_Temperature]]
2025-10-15 19:16:16.806,195.396,Calumet_WaterTempDrop_85,atomic,[Calumet_WaterTempDrop_85],[1.0000],1,1,1.0000,[[CalumetBeach201509291800_Water_Temperature]]
2025-10-15 19:16:16.869,195.459,Calumet_WaterTempDrop_85,atomic,[Calumet_WaterTempDrop_85],[1.0000],1,1,1.0000,[[CalumetBeach201509291900_Water_Temperature]]
2025-10-15 19:16:16.932,195.522,Calumet_HighTurbidity_85,atomic,[Calumet_HighTurbidity_85],[0.8588],1,1,0.8588,[[CalumetBeach201509292000_Turbidity]]
2025-10-15 19:16:16.932,195.522,Calumet_LocalAlert_85,complex,[Calumet_HighTurbidity_85;Calumet_WaterTempDrop_85],[0.8588;1.0000],2,2,0.9294,[[CalumetBeach201509292000_Turbidity];[CalumetBeach201509291800_Water_Temperature]]
2025-10-15 19:16:16.932,195.522,Calumet_WaterTempDrop_85,atomic,[Calumet_WaterTempDrop_85],[1.0000],1,1,1.0000,[[CalumetBeach201509292000_Water_Temperature]]
2025-10-15 19:16:16.994,195.584,Calumet_WaterTempDrop_85,atomic,[Calumet_WaterTempDrop_85],[1.0000],1,1,1.0000,[[CalumetBeach201509292100_Water_Temperature]]
2025-10-15 19:16:17.057,195.647,Calumet_WaterTempDrop_85,atomic,[Calumet_WaterTempDrop_85],[1.0000],1,1,1.0000,[[CalumetBeach201509292200_Water_Temperature]]
2025-10-15 19:16:17.118,195.708,Calumet_WaterTempDrop_85,atomic,[Calumet_WaterTempDrop_85],[1.0000],1,1,1.0000,[[CalumetBeach201509292300_Water_Temperature]]
2025-10-15 19:16:17.182,195.772,Calumet_WaterTempDrop_85,atomic,[Calumet_WaterTempDrop_85],[1.0000],1,1,1.0000,[[CalumetBeach201509302400_Water_Temperature]]
2025-10-15 19:16:17.242,195.832,Calumet_WaterTempDrop_85,atomic,[Calumet_WaterTempDrop_85],[0.9702],1,1,0.9702,[[CalumetBeach201509300100_Water_Temperature]]
2025-10-15 19:16:17.306,195.896,Calumet_WaterTempDrop_85,atomic,[Calumet_WaterTempDrop_85],[0.9665],1,1,0.9665,[[CalumetBeach201509300200_Water_Temperature]]
2025-10-15 19:16:17.369,195.959,Calumet_WaterTempDrop_85,atomic,[Calumet_WaterTempDrop_85],[0.9625],1,1,0.9625,[[CalumetBeach201509300300_Water_Temperature]]
2025-10-15 19:16:17.370,195.960,Calumet_HighWave_85,atomic,[Calumet_HighWave_85],[1.0000],1,1,1.0000,[[CalumetBeach201509300300_Wave_Height]]
2025-10-15 19:16:17.433,196.023,Calumet_WaterTempDrop_85,atomic,[Calumet_WaterTempDrop_85],[1.0000],1,1,1.0000,[[CalumetBeach201509300400_Water_Temperature]]
2025-10-15 19:16:17.494,196.084,Calumet_WaterTempDrop_85,atomic,[Calumet_WaterTempDrop_85],[1.0000],1,1,1.0000,[[CalumetBeach201509300600_Water_Temperature]]
2025-10-15 19:16:17.559,196.149,Calumet_WaterTempDrop_85,atomic,[Calumet_WaterTempDrop_85],[1.0000],1,1,1.0000,[[CalumetBeach201509300700_Water_Temperature]]
2025-10-15 19:16:17.619,196.209,Calumet_WaterTempDrop_85,atomic,[Calumet_WaterTempDrop_85],[0.9654],1,1,0.9654,[[CalumetBeach201509300800_Water_Temperature]]
2025-10-15 19:16:17.683,196.273,Calumet_WaterTempDrop_85,atomic,[Calumet_WaterTempDrop_85],[1.0000],1,1,1.0000,[[CalumetBeach201509300900_Water_Temperature]]
2025-10-15 19:16:17.744,196.334,Calumet_WaterTempDrop_85,atomic,[Calumet_WaterTempDrop_85],[0.9636],1,1,0.9636,[[CalumetBeach201509301000_Water_Temperature]]
2025-10-15 19:16:17.745,196.335,Calumet_HighWave_85,atomic,[Calumet_HighWave_85],[1.0000],1,1,1.0000,[[CalumetBeach201509301000_Wave_Height]]
2025-10-15 19:16:17.805,196.395,Calumet_WaterTempDrop_85,atomic,[Calumet_WaterTempDrop_85],[0.9593],1,1,0.9593,[[CalumetBeach201509301100_Water_Temperature]]
2025-10-15 19:16:17.868,196.458,Calumet_WaterTempDrop_85,atomic,[Calumet_WaterTempDrop_85],[1.0000],1,1,1.0000,[[CalumetBeach201509301200_Water_Temperature]]
2025-10-15 19:16:17.929,196.519,Calumet_WaterTempDrop_85,atomic,[Calumet_WaterTempDrop_85],[1.0000],1,1,1.0000,[[CalumetBeach201509301300_Water_Temperature]]
2025-10-15 19:16:17.992,196.582,Calumet_WaterTempDrop_85,atomic,[Calumet_WaterTempDrop_85],[0.9616],1,1,0.9616,[[CalumetBeach201509301400_Water_Temperature]]
2025-10-15 19:16:18.056,196.646,Calumet_WaterTempDrop_85,atomic,[Calumet_WaterTempDrop_85],[1.0000],1,1,1.0000,[[CalumetBeach201509301600_Water_Temperature]]
2025-10-15 19:16:18.117,196.707,Calumet_WaterTempDrop_85,atomic,[Calumet_WaterTempDrop_85],[1.0000],1,1,1.0000,[[CalumetBeach201509301700_Water_Temperature]]
2025-10-15 19:16:18.180,196.770,Calumet_WaterTempDrop_85,atomic,[Calumet_WaterTempDrop_85],[0.9631],1,1,0.9631,[[CalumetBeach201509301800_Water_Temperature]]
2025-10-15 19:16:18.241,196.831,Calumet_WaterTempDrop_85,atomic,[Calumet_WaterTempDrop_85],[1.0000],1,1,1.0000,[[CalumetBeach201509301900_Water_Temperature]]
